18    1       3       java.lang.Object::<init> (1 bytes)
19    2       3       java.lang.Byte::toUnsignedInt (6 bytes)
19    3       3       java.lang.String::hashCode (60 bytes)
19    4     n 0       jdk.internal.misc.Unsafe::getReferenceVolatile (native)   
20    6       3       java.util.ImmutableCollections$SetN::probe (56 bytes)
20    5       3       java.lang.Math::floorMod (20 bytes)
20    7       3       java.lang.String::equals (56 bytes)
20    8       3       java.util.Objects::requireNonNull (14 bytes)
21    9       3       java.lang.StringLatin1::equals (36 bytes)
21   10       3       java.util.Objects::equals (23 bytes)
21   12       4       java.lang.Object::<init> (1 bytes)
21   11       3       java.util.Set::of (4 bytes)
21   13       3       java.lang.module.ModuleDescriptor$Exports::<init> (20 bytes)
21    1       3       java.lang.Object::<init> (1 bytes)   made not entrant: not used
21   16       3       java.lang.module.ModuleDescriptor::modsHashCode (43 bytes)
21   17       3       java.util.AbstractCollection::<init> (5 bytes)
22   18       3       java.util.ImmutableCollections$AbstractImmutableCollection::<init> (5 bytes)
22   20     n 0       java.lang.System::arraycopy (native)   (static)
22   19       3       java.lang.String::coder (15 bytes)
22   14       3       java.util.ImmutableCollections$AbstractImmutableSet::<init> (5 bytes)
22   15       3       java.util.Set::of (68 bytes)
22   24       4       java.lang.Byte::toUnsignedInt (6 bytes)
22   21       1       java.lang.module.ModuleDescriptor::name (5 bytes)
22   26     n 0       jdk.internal.misc.Unsafe::compareAndSetLong (native)   
22    2       3       java.lang.Byte::toUnsignedInt (6 bytes)   made not entrant: not used
22   27     n 0       jdk.internal.misc.Unsafe::compareAndSetReference (native)   
22   25       3       java.util.ImmutableCollections$SetN$SetNIterator::hasNext (13 bytes)
23   22       3       java.lang.String::isLatin1 (19 bytes)
23   29       3       java.util.ImmutableCollections$SetN$SetNIterator::next (90 bytes)
23   23       1       java.lang.module.ModuleReference::descriptor (5 bytes)
23   28       3       java.lang.String::length (11 bytes)
23   31   !   3       java.util.concurrent.ConcurrentHashMap::putVal (432 bytes)
24   36     n 0       java.lang.invoke.MethodHandle::linkToStatic(L)L (native)   (static)
25   32       3       jdk.internal.util.Preconditions::checkIndex (18 bytes)
25   33       3       java.lang.String::charAt (25 bytes)
25   34       3       java.lang.StringLatin1::charAt (15 bytes)
25   38     n 0       java.lang.Object::hashCode (native)   
25   35       3       java.lang.String::checkIndex (10 bytes)
25   39       3       jdk.internal.misc.Unsafe::getReferenceAcquire (7 bytes)
25   40       1       java.lang.Class::isPrimitive (5 bytes)
25   30       3       java.util.concurrent.ConcurrentHashMap::addCount (280 bytes)
25   41     n 0       java.lang.invoke.MethodHandle::linkToStatic(LLL)L (native)   (static)
26   42     n 0       java.lang.invoke.MethodHandle::linkToStatic(LLLL)L (native)   (static)
26   37       1       java.lang.Enum::ordinal (5 bytes)
26   43     n 0       java.lang.invoke.MethodHandle::invokeBasic()L (native)   
26   44     n 0       java.lang.invoke.MethodHandle::linkToSpecial(LL)L (native)   (static)
27   45       3       java.lang.Enum::<init> (15 bytes)
28   46       3       jdk.internal.util.ArraysSupport::unsignedHashCode (36 bytes)
28   47     n 0       java.lang.invoke.MethodHandle::invokeBasic(L)L (native)   
28   48       1       jdk.internal.util.StrongReferenceKey::get (5 bytes)
29   49     n 0       java.lang.invoke.MethodHandle::linkToSpecial(LLL)L (native)   (static)
29   50     n 0       java.lang.Object::getClass (native)   
29   51       3       java.util.concurrent.ConcurrentHashMap::tabAt (21 bytes)
29   53     n 0       java.lang.invoke.MethodHandle::linkToStatic(LLLLLLL)L (native)   (static)
29   52       3       java.util.concurrent.ConcurrentHashMap::spread (10 bytes)
29   54     n 0       java.lang.Object::clone (native)   
29   55     n 0       java.lang.invoke.MethodHandle::linkToStatic(LL)I (native)   (static)
30   57       1       java.lang.invoke.MethodType::returnType (5 bytes)
30   58     n 0       java.lang.invoke.MethodHandle::invokeBasic(LLLLLL)L (native)   
30   56       1       java.lang.Class::getClassLoader (5 bytes)
30   59       1       jdk.internal.classfile.impl.AbstractPoolEntry::index (5 bytes)
30   60       3       java.util.concurrent.ConcurrentHashMap::putIfAbsent (8 bytes)
30   61     n 0       java.lang.invoke.MethodHandle::linkToSpecial(LL)V (native)   (static)
30   62       3       java.util.Objects::hashCode (13 bytes)
31   63   !   3       java.lang.ref.ReferenceQueue::poll (44 bytes)
31   65     n 0       java.lang.invoke.MethodHandle::linkToStatic(LLL)I (native)   (static)
31   64       3       jdk.internal.util.ReferencedKeyMap::removeStaleReferences (30 bytes)
31   66     n 0       java.lang.invoke.MethodHandle::linkToSpecial(LLL)V (native)   (static)
31   67       1       java.lang.invoke.MemberName::getDeclaringClass (5 bytes)
31   68       3       java.lang.String::getBytes (44 bytes)
31   69       3       java.util.concurrent.ConcurrentHashMap::get (162 bytes)
32   70       3       java.lang.invoke.MethodType::hashCode (53 bytes)
32   72     n 0       java.lang.invoke.MethodHandle::linkToInterface(LLL)I (native)   (static)
32   71       3       java.lang.invoke.MemberName::isInvocable (8 bytes)
32   73     n 0       java.lang.invoke.MethodHandle::linkToStatic(LL)L (native)   (static)
33   74       3       java.lang.Class::isArray (13 bytes)
33   75       3       java.util.ImmutableCollections$SetN::iterator (9 bytes)
33   76       3       java.util.ImmutableCollections$SetN$SetNIterator::<init> (41 bytes)
33   78       3       java.util.Objects::requireNonNull (15 bytes)
33   79     n 0       java.lang.invoke.MethodHandle::linkToSpecial(LL)I (native)   (static)
33   77       1       java.lang.invoke.MethodType::form (5 bytes)
33   80       3       jdk.internal.util.ReferencedKeyMap::get (10 bytes)
34   81       3       jdk.internal.util.ReferencedKeyMap::getNoCheckStale (22 bytes)
34   82       3       java.util.HashMap::hash (20 bytes)
34   83       1       java.util.stream.FindOps$FindSink::cancellationRequested (5 bytes)
34   84       3       java.util.HashMap::putVal (300 bytes)
35   85       3       java.util.HashMap::newNode (13 bytes)
35   84       3       java.util.HashMap::putVal (300 bytes)   made not entrant: marked for deoptimization
35   86       3       java.util.HashMap::put (13 bytes)
35   87       3       java.util.HashMap$Node::<init> (26 bytes)
35   92       3       java.util.HashMap::putVal (300 bytes)
36   93       3       java.util.HashMap::getNode (150 bytes)
36   99       3       java.util.HashMap$HashIterator::nextNode (100 bytes)
36   89       3       java.util.HashMap::afterNodeInsertion (1 bytes)
37   96       3       java.util.HashMap::get (19 bytes)
37   95       3       java.util.HashMap$HashIterator::hasNext (13 bytes)
37   91       1       java.lang.module.ModuleDescriptor$Requires::name (5 bytes)
37   94       3       java.lang.module.ModuleDescriptor::hashCode (170 bytes)
37  108       4       java.util.HashMap::afterNodeInsertion (1 bytes)
37  102       3       jdk.internal.module.ModuleReferenceImpl::hashCode (56 bytes)
37   89       3       java.util.HashMap::afterNodeInsertion (1 bytes)   made not entrant: not used
37  104       1       java.util.ImmutableCollections$Set12::isEmpty (2 bytes)
37   98       1       java.lang.module.ModuleDescriptor::isAutomatic (5 bytes)
38  107       3       java.lang.module.ModuleDescriptor$Exports::isQualified (18 bytes)
38  112       4       java.lang.String::hashCode (60 bytes)
38  109       3       java.util.ImmutableCollections$SetN::isEmpty (13 bytes)
38  110       3       java.util.HashMap::putIfAbsent (13 bytes)
38  105       1       java.lang.module.ModuleDescriptor$Exports::source (5 bytes)
38  106       1       java.lang.module.ModuleDescriptor$Exports::targets (5 bytes)
38  111       3       java.util.ImmutableCollections$Set12::contains (28 bytes)
38  113       3       java.lang.Object::equals (11 bytes)
38   90       1       java.lang.module.ModuleDescriptor$Requires::modifiers (5 bytes)
38  103       3       java.lang.module.ResolvedModule::hashCode (16 bytes)
38  115       3       java.util.ImmutableCollections$SetN::contains (26 bytes)
38    3       3       java.lang.String::hashCode (60 bytes)   made not entrant: not used
38  117       4       java.util.Objects::requireNonNull (14 bytes)
39  121       3       java.util.HashMap::resize (356 bytes)
39    8       3       java.util.Objects::requireNonNull (14 bytes)   made not entrant: not used
39  122       4       java.util.ImmutableCollections$SetN$SetNIterator::hasNext (13 bytes)
39   25       3       java.util.ImmutableCollections$SetN$SetNIterator::hasNext (13 bytes)   made not entrant: not used
39  123       4       java.util.ImmutableCollections$SetN$SetNIterator::next (90 bytes)
39  114       3       java.util.HashMap$KeyIterator::next (8 bytes)
39  119       3       java.util.ImmutableCollections$Set12$1::hasNext (13 bytes)
39  116       3       java.util.HashSet::add (20 bytes)
40  124       3       java.util.HashMap$HashIterator::<init> (84 bytes)
40   97       1       java.lang.module.ModuleDescriptor::requires (5 bytes)
40  120       1       java.lang.module.ModuleDescriptor::exports (5 bytes)
40  127       3       java.util.HashMap::keySet (25 bytes)
40  128       3       java.util.HashMap$KeySet::iterator (12 bytes)
40   29       3       java.util.ImmutableCollections$SetN$SetNIterator::next (90 bytes)   made not entrant: not used
40  125       4       java.lang.module.ModuleDescriptor$Exports::isQualified (18 bytes)
40  129       3       java.util.HashSet::iterator (13 bytes)
40  100       1       java.util.HashMap$Node::getKey (5 bytes)
40  101       1       java.util.HashMap$Node::getValue (5 bytes)
41  118       1       java.lang.module.ModuleDescriptor::provides (5 bytes)
41   88       1       jdk.internal.module.ModuleReferenceImpl::moduleResolution (5 bytes)
41  107       3       java.lang.module.ModuleDescriptor$Exports::isQualified (18 bytes)   made not entrant: not used
41  130       4       java.lang.StringLatin1::equals (36 bytes)
41  136       3       java.util.concurrent.ConcurrentHashMap::casTabAt (20 bytes)
41  132       1       java.util.KeyValueHolder::getKey (5 bytes)
41  135       1       java.lang.module.ModuleDescriptor::packages (5 bytes)
41  137       3       java.util.ImmutableCollections$Set12::iterator (9 bytes)
41  138       3       java.util.ImmutableCollections$Set12$1::<init> (37 bytes)
41  140       3       java.util.Optional::<init> (10 bytes)
41  141       3       java.lang.Math::min (11 bytes)
41  142       3       java.util.Optional::ofNullable (19 bytes)
42  126       1       java.lang.module.ModuleDescriptor::uses (5 bytes)
42  133       1       java.util.KeyValueHolder::getValue (5 bytes)
42  145       3       java.util.ImmutableCollections$Set12$1::next (95 bytes)
42  139       1       java.lang.module.ResolvedModule::reference (5 bytes)
42  146       3       java.util.AbstractMap::<init> (5 bytes)
42  143       1       java.lang.AbstractStringBuilder::length (5 bytes)
42  147       3       java.util.HashMap::<init> (11 bytes)
42  148     n 0       java.lang.Module::addExports0 (native)   (static)
42  144       1       java.lang.module.ModuleDescriptor$Version::toString (5 bytes)
42  149       3       java.util.AbstractSet::<init> (5 bytes)
42  150     n 0       java.lang.Module::addExportsToAll0 (native)   (static)
43  151       3       java.util.HashSet::<init> (16 bytes)
43  152     n 0       java.lang.Double::doubleToRawLongBits (native)   (static)
43  153       1       java.lang.module.ResolvedModule::configuration (5 bytes)
43  154     n 0       java.lang.Module::addReads0 (native)   (static)
43  155       3       java.lang.module.ResolvedModule::name (11 bytes)
43  156       3       java.util.HashMap::isEmpty (13 bytes)
43    9       3       java.lang.StringLatin1::equals (36 bytes)   made not entrant: not used
43  131       4       java.util.HashMap::putVal (300 bytes)
43  157       1       java.lang.module.ModuleDescriptor$Provides::service (5 bytes)
43  158     n 0       jdk.internal.vm.Continuation::enterSpecial (native)   (static)
43  159     n 0       jdk.internal.vm.Continuation::doYield (native)   (static)
45  160       3       java.lang.AbstractStringBuilder::needsNewBuffer (33 bytes)
45  161       3       jdk.jfr.internal.dcmd.ArgumentParser::currentChar (12 bytes)
45  162       3       java.lang.StringLatin1::canEncode (17 bytes)
45  163       1       jdk.internal.classfile.impl.AbstractPoolEntry::width (2 bytes)
45  164       1       jdk.internal.classfile.impl.SplitConstantPool::size (5 bytes)
46  165       1       java.lang.invoke.MethodType::ptypes (5 bytes)
46  167       3       java.lang.StringLatin1::indexOfChar (33 bytes)
46  166       3       java.lang.StringLatin1::indexOf (17 bytes)
49  168       3       java.lang.String::indexOf (41 bytes)
50   92       3       java.util.HashMap::putVal (300 bytes)   made not entrant: not used
50  134       4       java.util.HashMap::newNode (13 bytes)
50   85       3       java.util.HashMap::newNode (13 bytes)   made not entrant: not used
51  169       3       java.lang.String::checkBoundsBeginEnd (11 bytes)
51  171       3       java.lang.invoke.MethodTypeForm::canonicalize (74 bytes)
51  170       3       jdk.internal.util.Preconditions::checkFromToIndex (24 bytes)
52  172       3       jdk.internal.util.StrongReferenceKey::hashCode (8 bytes)
55  173 %     3       java.lang.StringCoding::countPositives @ 7 (33 bytes)
55  174       3       java.lang.StringCoding::countPositives (33 bytes)
57  175       3       jdk.internal.util.xml.impl.Parser::ensureCapacity (96 bytes)
57  176       3       jdk.internal.util.xml.impl.Parser::bappend (26 bytes)
57  178       3       jdk.internal.util.ArraysSupport::vectorizedHashCode (158 bytes)
58  180       3       java.lang.CharacterDataLatin1::isUpperCase (16 bytes)
58  177       3       jdk.internal.util.xml.impl.Parser::bappend (200 bytes)
58  181       3       java.lang.CharacterDataLatin1::getPropertiesEx (11 bytes)
58  182       3       jdk.internal.util.ArraysSupport::hashCodeOfUnsigned (55 bytes)
58  179       1       java.lang.AbstractStringBuilder::getValue (5 bytes)
58  184       3       jdk.internal.util.xml.impl.Parser::bkch (24 bytes)
58  187       3       jdk.internal.util.xml.impl.Parser::step (891 bytes)
60  190       3       java.lang.StringUTF16::compress (47 bytes)
60  197       4       java.lang.String::equals (56 bytes)
60  191       3       jdk.internal.util.xml.impl.Parser::wsskip (66 bytes)
60  186       3       jdk.internal.util.xml.impl.Parser::getch (118 bytes)
61  192       3       java.lang.String::checkBoundsOffCount (10 bytes)
61  185       3       jdk.internal.util.Preconditions::checkFromIndexSize (25 bytes)
61  188       3       java.lang.String::<init> (14 bytes)
61  200       3       jdk.internal.util.xml.impl.Parser::bname (354 bytes)
61    7       3       java.lang.String::equals (56 bytes)   made not entrant: not used
62  189       3       java.lang.String::rangeCheck (10 bytes)
62  194       3       java.lang.String::<init> (74 bytes)
62  195       3       java.lang.StringUTF16::compress (59 bytes)
62  196       3       java.lang.StringUTF16::coderFromArrayLen (9 bytes)
62  199       3       jdk.internal.util.xml.impl.Parser::bcopy (41 bytes)
62  206       3       java.lang.StringLatin1::toLowerCase (155 bytes)
63  211       4       jdk.internal.util.xml.impl.Parser::ensureCapacity (96 bytes)
63  203       3       jdk.internal.util.xml.impl.Parser::del (40 bytes)
63  198       3       jdk.internal.util.xml.impl.Parser::pair (38 bytes)
63  175       3       jdk.internal.util.xml.impl.Parser::ensureCapacity (96 bytes)   made not entrant: not used
63  214       4       jdk.internal.util.xml.impl.Parser::bappend (200 bytes)
63  215       3       jdk.internal.util.xml.impl.Parser::bqstr (462 bytes)
64  177       3       jdk.internal.util.xml.impl.Parser::bappend (200 bytes)   made not entrant: not used
64  217       4       jdk.internal.util.xml.impl.Parser::del (40 bytes)
64  193       3       java.lang.StringBuilder::length (5 bytes)
64  183       3       java.lang.AbstractStringBuilder::isLatin1 (16 bytes)
64  202       3       java.lang.AbstractStringBuilder::append (100 bytes)
64  203       3       jdk.internal.util.xml.impl.Parser::del (40 bytes)   made not entrant: not used
64  218       4       jdk.internal.util.ArraysSupport::unsignedHashCode (36 bytes)
64  201       3       java.lang.StringBuilder::append (8 bytes)
65  205       3       jdk.internal.util.xml.impl.Parser::qname (37 bytes)
65  212       3       jdk.internal.util.xml.impl.Pair::local (63 bytes)
65  213       3       jdk.internal.util.xml.impl.Parser::attr (500 bytes)
65  214       4       jdk.internal.util.xml.impl.Parser::bappend (200 bytes)   made not entrant: uncommon trap
65  211       4       jdk.internal.util.xml.impl.Parser::ensureCapacity (96 bytes)   made not entrant: uncommon trap
66  227       3       jdk.internal.util.xml.impl.Parser::bappend (200 bytes)
66  207       3       java.lang.String::toLowerCase (29 bytes)
66  208       3       java.lang.String::toLowerCase (8 bytes)
66  209       3       java.util.Locale::getDefault (4 bytes)
67  210       3       jdk.jfr.internal.jfc.JFCParserHandler::characters (19 bytes)
67   46       3       jdk.internal.util.ArraysSupport::unsignedHashCode (36 bytes)   made not entrant: not used
67  224       4       java.lang.StringUTF16::compress (47 bytes)
67  225       3       jdk.internal.util.xml.impl.Parser::atype (290 bytes)
67  226       3       jdk.internal.util.xml.impl.Pair::qname (20 bytes)
67  220       3       jdk.internal.util.xml.impl.ParserSAX::bflash_ws (33 bytes)
67  219       3       java.lang.AbstractStringBuilder::ensureCapacitySameCoder (26 bytes)
67  204       3       java.util.Arrays::copyOfRange (82 bytes)
68  231       3       java.util.LinkedHashMap::linkNodeAtEnd (76 bytes)
68  228       1       jdk.internal.classfile.impl.RawBytecodeHelper::bci (5 bytes)
68  235       3       java.util.LinkedHashMap$LinkedEntryIterator::next (5 bytes)
68  236       3       java.util.LinkedHashMap$LinkedEntryIterator::next (5 bytes)
68  237       3       java.util.LinkedHashMap$LinkedHashIterator::nextNode (68 bytes)
68  234       3       java.util.LinkedHashMap$LinkedHashIterator::hasNext (13 bytes)
68  222       3       java.lang.StringBuilder::toString (20 bytes)
69  221       3       java.lang.AbstractStringBuilder::isLatin1 (8 bytes)
69  223       3       java.lang.String::<init> (98 bytes)
69  229       3       java.util.Arrays::copyOf (33 bytes)
69  230       1       jdk.internal.classfile.impl.AbstractPoolEntry::constantPool (5 bytes)
69  233       1       java.util.HashMap::size (5 bytes)
70  238     n 0       java.lang.invoke.MethodHandle::linkToStatic(LLIL)L (native)   (static)
70  239       3       java.lang.invoke.MethodType::parameterType (7 bytes)
70  190       3       java.lang.StringUTF16::compress (47 bytes)   made not entrant: not used
70  232       4       java.util.HashMap::hash (20 bytes)
70  240     n 0       java.lang.invoke.MethodHandle::linkToStatic(LLILLL)L (native)   (static)
71   82       3       java.util.HashMap::hash (20 bytes)   made not entrant: not used
71  216       4       jdk.internal.util.xml.impl.Parser::bappend (26 bytes)
71  241       1       jdk.internal.util.WeakReferenceKey::hashCode (5 bytes)
71  242       3       java.lang.invoke.MethodType::<init> (15 bytes)
71  243       3       java.lang.invoke.MethodType::makeImpl (109 bytes)
71  246     n 0       java.lang.invoke.MethodHandle::linkToStatic(LLIL)I (native)   (static)
72  248     n 0       jdk.internal.misc.Unsafe::getShort (native)   
72  247       3       java.lang.String::<init> (15 bytes)
72  176       3       jdk.internal.util.xml.impl.Parser::bappend (26 bytes)   made not entrant: not used
72  249       3       java.util.Objects::checkFromIndexSize (8 bytes)
72  252       3       java.io.DataInputStream::readFully (59 bytes)
72  253  s    3       java.io.BufferedInputStream::read (112 bytes)
73  255       3       java.io.BufferedInputStream::read1 (121 bytes)
73  251       3       java.io.BufferedInputStream::getBufIfOpen (61 bytes)
73  250       3       java.io.BufferedInputStream::getBufIfOpen (6 bytes)
73  254       3       java.io.BufferedInputStream::ensureOpen (18 bytes)
73  256       3       java.lang.invoke.VarHandle::checkAccessModeThenIsDirect (29 bytes)
74  257       3       java.lang.invoke.VarForm::getMemberName (38 bytes)
74  258       3       java.lang.invoke.VarHandleGuards::guard_LI_I (78 bytes)
74  267     n 0       java.lang.invoke.MethodHandle::invokeBasic(LLI)I (native)   
75  259       3       java.lang.invoke.VarHandleByteArrayAsShorts$ArrayHandle::get (35 bytes)
75  265       3       java.io.DataInputStream::readShort (19 bytes)
75  266       3       jdk.internal.util.ByteArray::getShort (9 bytes)
75  244       3       jdk.internal.util.ReferencedKeySet::get (27 bytes)
75  268     n 0       java.lang.invoke.MethodHandle::linkToStatic(LLIL)J (native)   (static)
76  260       3       java.lang.invoke.VarHandleByteArrayAsShorts$ArrayHandle::index (12 bytes)
76  261       3       jdk.internal.misc.Unsafe::getShortUnaligned (12 bytes)
76  262       3       jdk.internal.misc.Unsafe::getShortUnaligned (33 bytes)
76  263       3       jdk.internal.misc.Unsafe::convEndian (16 bytes)
76  264       3       java.lang.Short::reverseBytes (14 bytes)
76  245       3       java.lang.invoke.MethodType::methodType (69 bytes)
77  269       3       java.util.zip.Checksum::update (11 bytes)
77  271       4       jdk.internal.util.Preconditions::checkFromIndexSize (25 bytes)
77  273       3       java.util.zip.CRC32::updateBytes (14 bytes)
77  274       3       java.util.zip.CRC32::updateBytesCheck (35 bytes)
77  185       3       jdk.internal.util.Preconditions::checkFromIndexSize (25 bytes)   made not entrant: not used
77  270       3       java.util.zip.CRC32::update (38 bytes)
78  275       3       java.io.DataInputStream::readUTF (5 bytes)
78  284       4       java.lang.StringCoding::countPositives (33 bytes)
78  276       3       java.io.DataInputStream::readUTF (601 bytes)
78  287     n 0       jdk.internal.misc.Unsafe::putReferenceVolatile (native)   
79  289       3       jdk.internal.misc.Unsafe::putReferenceRelease (9 bytes)
79  290       3       java.util.concurrent.ConcurrentHashMap::setTabAt (19 bytes)
79  288       3       java.util.concurrent.ConcurrentHashMap$Node::<init> (20 bytes)
79  277       3       java.io.DataInputStream::readUnsignedShort (19 bytes)
80  278       3       jdk.internal.util.ByteArray::getUnsignedShort (12 bytes)
80  174       3       java.lang.StringCoding::countPositives (33 bytes)   made not entrant: not used
80  279       3       java.lang.Short::toUnsignedInt (5 bytes)
80  286       4       java.io.BufferedInputStream::getBufIfOpen (61 bytes)
80  280       3       java.lang.System$1::uncheckedCountPositives (7 bytes)
80  281       3       java.lang.System$1::uncheckedNewStringNoRepl (6 bytes)
80  282   !   3       java.lang.String::newStringNoRepl (33 bytes)
80  297       3       java.util.concurrent.ConcurrentHashMap$Traverser::advance (188 bytes)
81  298     n 0       jdk.internal.misc.Unsafe::compareAndSetInt (native)   
81  283   !   3       java.lang.String::newStringNoRepl1 (284 bytes)
81  251       3       java.io.BufferedInputStream::getBufIfOpen (61 bytes)   made not entrant: not used
81  296       4       java.util.concurrent.ConcurrentHashMap::tabAt (21 bytes)
81   51       3       java.util.concurrent.ConcurrentHashMap::tabAt (21 bytes)   made not entrant: not used
81  292       4       java.io.BufferedInputStream::read1 (121 bytes)
82  272       3       sun.util.calendar.ZoneInfoFile$Checksum::update (39 bytes)
82  294       3       java.util.concurrent.ConcurrentHashMap$BaseIterator::hasNext (13 bytes)
82  285       3       java.io.DataInputStream::readFully (9 bytes)
82  295       1       java.lang.Module::getDescriptor (5 bytes)
82  300     n 0       jdk.internal.misc.Unsafe::getByte (native)   
82  293       3       java.util.concurrent.ConcurrentHashMap::put (8 bytes)
82  301       3       java.lang.ref.Reference::reachabilityFence (1 bytes)
82  303       3       java.nio.Buffer::session (20 bytes)
83  304       3       java.nio.Buffer::checkIndex (12 bytes)
83  308   !   3       jdk.internal.misc.ScopedMemoryAccess::getByte (16 bytes)
83  305   !   3       java.nio.DirectByteBuffer::get (34 bytes)
83  306       3       java.nio.DirectByteBuffer::ix (10 bytes)
83  309   !   3       jdk.internal.misc.ScopedMemoryAccess::getByteInternal (34 bytes)
83  311     n 0       jdk.internal.misc.Unsafe::getInt (native)   
84  302       3       java.util.Optional::orElse (16 bytes)
84  313     n 0       java.lang.Class::isInstance (native)   
84  307       1       java.nio.Buffer::limit (5 bytes)
84  312       3       java.lang.AbstractStringBuilder::<init> (39 bytes)
84  299       3       jdk.internal.util.ArraysSupport::newLength (27 bytes)
84  255       3       java.io.BufferedInputStream::read1 (121 bytes)   made not entrant: not used
84  310       4       java.lang.ref.Reference::reachabilityFence (1 bytes)
84  301       3       java.lang.ref.Reference::reachabilityFence (1 bytes)   made not entrant: not used
84  291       4       java.util.concurrent.ConcurrentHashMap::casTabAt (20 bytes)
84  314       3       java.lang.Math::floorMod (28 bytes)
84  315       1       java.time.ZoneOffset::getTotalSeconds (5 bytes)
84  136       3       java.util.concurrent.ConcurrentHashMap::casTabAt (20 bytes)   made not entrant: not used
85  316       1       java.time.temporal.ChronoField::range (5 bytes)
85  317       1       java.time.temporal.ValueRange::getMinimum (5 bytes)
85  319     n 0       java.lang.invoke.MethodHandle::linkToStatic(ILL)L (native)   (static)
85  318       1       java.time.temporal.ValueRange::getMaximum (5 bytes)
85  320       3       java.lang.String::substring (58 bytes)
85  322       3       jdk.internal.classfile.impl.SplitConstantPool::map (161 bytes)
86  323       3       jdk.internal.classfile.impl.BufWriterImpl::reserveSpace (22 bytes)
86  324       3       jdk.internal.classfile.impl.SplitConstantPool::entryByIndex (59 bytes)
86  325     n 0       java.lang.invoke.MethodHandle::linkToSpecial(LIL)V (native)   (static)
86  326     n 0       java.lang.invoke.MethodHandle::invokeBasic(I)L (native)   
86  327     n 0       java.lang.invoke.MethodHandle::linkToSpecial(LIL)L (native)   (static)
86  321       3       java.lang.invoke.MemberName::allFlagsSet (16 bytes)
87  328       3       java.lang.invoke.MethodType::parameterCount (6 bytes)
87  329       4       java.lang.String::checkIndex (10 bytes)
87  330       3       java.lang.invoke.MemberName::initResolved (53 bytes)
87  331     n 0       java.lang.invoke.MethodHandle::linkToStatic(IIL)I (native)   (static)
87  332       1       jdk.internal.constant.ClassOrInterfaceDescImpl::descriptorString (5 bytes)
87   35       3       java.lang.String::checkIndex (10 bytes)   made not entrant: not used
87  333     n 0       java.lang.invoke.MethodHandleNatives::resolve (native)   (static)
87  334       1       java.lang.invoke.MethodTypeForm::erasedType (5 bytes)
88  335       4       java.lang.String::charAt (25 bytes)
88  336       1       java.util.ArrayList::size (5 bytes)
88  337     n 0       java.lang.Class::desiredAssertionStatus0 (native)   (static)
88  338       3       java.util.HashMap$EntryIterator::next (5 bytes)
88   33       3       java.lang.String::charAt (25 bytes)   made not entrant: not used
88  339       3       java.util.HashMap$EntryIterator::next (5 bytes)
89  340       3       java.lang.ref.Reference::<init> (25 bytes)
89  342     n 0       java.lang.Class::isHidden (native)   
89  341   !   3       java.lang.invoke.MemberName::getMethodType (213 bytes)
90  343       3       java.lang.StringLatin1::replace (197 bytes)
93  344       3       java.lang.invoke.MemberName::getReferenceKind (12 bytes)
93  345       3       jdk.internal.classfile.impl.AbstractPoolEntry::<init> (20 bytes)
93  346       3       java.util.Arrays::copyOf (40 bytes)
93  348       3       java.lang.StringCoding::countNonZeroAsciiLatin1 (33 bytes)
93  347       1       java.lang.String::value (5 bytes)
94  349       1       java.lang.module.ModuleDescriptor::isOpen (5 bytes)
94  350       1       java.lang.invoke.MethodHandles$Lookup::lookupClass (5 bytes)
94  351       3       jdk.internal.classfile.impl.SplitConstantPool::internalAdd (12 bytes)
94  352       3       jdk.internal.classfile.impl.SplitConstantPool::internalAdd (78 bytes)
94  353       1       jdk.internal.classfile.impl.BufWriterImpl::size (5 bytes)
94  354       1       java.lang.invoke.MethodHandle::type (5 bytes)
94  355       3       jdk.internal.misc.Unsafe::allocateUninitializedArray0 (90 bytes)
94  356       3       java.lang.Class::getPackageName (81 bytes)
95  357       3       java.lang.StringBuilder::<init> (7 bytes)
95  358       3       jdk.internal.classfile.impl.AbstractPoolEntry::hashString (5 bytes)
95  359       3       jdk.internal.classfile.impl.EntryMap::put (186 bytes)
95  360       3       jdk.internal.classfile.impl.EntryMap::firstToken (50 bytes)
95  361       3       jdk.internal.classfile.impl.AbstractPoolEntry::maybeClone (26 bytes)
96  362       3       java.lang.StringBuilder::append (8 bytes)
96  364       3       jdk.internal.classfile.impl.RawBytecodeHelper::next (81 bytes)
96  363       3       java.lang.AbstractStringBuilder::append (102 bytes)
96  366       3       java.lang.Record::<init> (5 bytes)
96  367       3       java.lang.StringConcatHelper::newArray (28 bytes)
97  368       3       jdk.internal.misc.Unsafe::allocateUninitializedArray (55 bytes)
97  365       3       jdk.internal.classfile.impl.AbstractPoolEntry$Utf8EntryImpl::contentHash (19 bytes)
97  369       3       jdk.internal.util.ReferencedKeyMap::lookupKey (9 bytes)
97  370       3       jdk.internal.util.StrongReferenceKey::<init> (10 bytes)
97  373       3       jdk.internal.classfile.impl.SplitConstantPool::canWriteDirect (24 bytes)
97  371       3       java.lang.String::isEmpty (14 bytes)
97  372       1       jdk.internal.classfile.impl.AbstractDirectBuilder::constantPool (5 bytes)
98  374       3       jdk.internal.classfile.impl.SplitConstantPool::utf8Entry (45 bytes)
98  376       3       jdk.internal.classfile.impl.BufWriterImpl::cpIndex (33 bytes)
99  378       3       jdk.internal.classfile.impl.RawBytecodeHelper::opcode (9 bytes)
99  377       3       jdk.internal.constant.ClassOrInterfaceDescImpl::ofValidated (64 bytes)
99  375       1       jdk.internal.constant.ClassOrInterfaceDescImpl::isClassOrInterface (2 bytes)
99  379       1       jdk.internal.classfile.impl.AbstractPoolEntry::hashCode (5 bytes)
99  380       3       java.lang.invoke.MethodType::checkSlotCount (33 bytes)
99  382     n 0       java.lang.Class::isAssignableFrom (native)   
99  381       4       java.lang.String::length (11 bytes)
99  383       3       java.lang.Class::cast (27 bytes)
99  384       3       jdk.internal.classfile.impl.BufWriterImpl::writeU2 (38 bytes)
99   28       3       java.lang.String::length (11 bytes)   made not entrant: not used
100  386     n 0       java.lang.reflect.Array::newArray (native)   (static)
100  385   !   3       sun.invoke.util.VerifyAccess::ensureTypeVisible (99 bytes)
100  387       3       jdk.internal.classfile.impl.RawBytecodeHelper::endBci (8 bytes)
101  388       1       jdk.internal.classfile.impl.LabelImpl::labelContext (5 bytes)
101  389       1       jdk.internal.classfile.impl.LabelImpl::getBCI (5 bytes)
101  390       1       jdk.internal.classfile.impl.AbstractPoolEntry$ClassEntryImpl::tag (3 bytes)
101  391       3       jdk.internal.classfile.impl.BufWriterImpl::writeU1U2 (50 bytes)
101  392       3       java.lang.ref.WeakReference::<init> (7 bytes)
101  393     n 0       java.lang.invoke.MethodHandle::invokeBasic(LL)L (native)   
101  394       3       java.lang.invoke.MethodType::equals (27 bytes)
101  395     n 0       java.lang.invoke.MethodHandle::linkToSpecial(LLLL)L (native)   (static)
102  396       1       java.lang.invoke.MethodTypeForm::basicType (5 bytes)
102  397     n 0       java.lang.invoke.MethodHandle::linkToStatic(LLLLL)L (native)   (static)
102  398     n 0       java.lang.invoke.MethodHandle::invokeBasic(LLLL)L (native)   
102  399       3       jdk.internal.classfile.impl.SplitConstantPool::tryFindUtf8 (103 bytes)
102  400       3       java.lang.invoke.LambdaForm$Name::<init> (126 bytes)
103  401       3       jdk.internal.constant.MethodTypeDescImpl::parameterCount (6 bytes)
103  402       3       jdk.internal.classfile.impl.AbstractPoolEntry$Utf8EntryImpl::writeTo (44 bytes)
103  403       3       jdk.internal.classfile.impl.BufWriterImpl::writeUtfEntry (144 bytes)
104  409       3       jdk.internal.classfile.impl.AbstractPoolEntry$Utf8EntryImpl::hashCode (8 bytes)
104  404       3       java.lang.System$1::countNonZeroAscii (5 bytes)
104  405       3       java.lang.StringCoding::countNonZeroAscii (30 bytes)
104  406       3       jdk.internal.util.ModifiedUtf::utfLen (58 bytes)
104  414     n 0       java.lang.System::identityHashCode (native)   (static)
105  410       1       jdk.internal.classfile.impl.AbstractPoolEntry$Utf8EntryImpl::tag (2 bytes)
105  407       3       java.lang.StringLatin1::newString (24 bytes)
105  413       1       java.lang.reflect.Method::getName (5 bytes)
105  416       3       java.lang.Math::max (11 bytes)
105  419       3       jdk.internal.classfile.impl.AbstractPoolEntry$Utf8EntryImpl::<init> (49 bytes)
105  412       1       jdk.internal.classfile.impl.DirectMethodBuilder::methodFlags (5 bytes)
105  420       3       jdk.internal.classfile.impl.AbstractPoolEntry::hash2 (15 bytes)
105  423     n 0       jdk.internal.misc.Unsafe::getChar (native)   
105  411       1       jdk.internal.classfile.impl.AbstractDirectBuilder::setOriginal (6 bytes)
106  424       3       java.util.BitSet::wordIndex (5 bytes)
106  425       3       java.util.BitSet::checkInvariants (111 bytes)
106  428       3       java.lang.String::getBytes (60 bytes)
106  421       1       jdk.internal.classfile.impl.StackMapDecoder$StackMapFrameImpl::stack (5 bytes)
106  417       1       jdk.internal.classfile.impl.UnboundAttribute::attributeMapper (5 bytes)
106  418       1       java.lang.classfile.Opcode::bytecode (5 bytes)
106  430       3       jdk.internal.classfile.impl.AbstractPoolEntry::hash1 (10 bytes)
106  415       1       jdk.internal.classfile.impl.DirectMethodBuilder::methodType (5 bytes)
106  427       1       jdk.internal.classfile.impl.AbstractPoolEntry$NameAndTypeEntryImpl::tag (3 bytes)
106  431       3       jdk.internal.classfile.impl.Util::isDoubleSlot (20 bytes)
107  422       1       java.lang.Class::getComponentType (5 bytes)
107  408       1       java.lang.Class::getModule (5 bytes)
107  433       3       jdk.internal.classfile.impl.StackCounter::addStackSlot (30 bytes)
107  434       3       java.util.ImmutableCollections$ListItr::hasNext (17 bytes)
107  429       1       java.lang.reflect.Method::getSharedParameterTypes (5 bytes)
107  437       3       java.util.BitSet::set (58 bytes)
107  438       3       java.util.BitSet::expandTo (23 bytes)
107  440       3       sun.reflect.generics.parser.SignatureParser::current (59 bytes)
108  441       3       java.lang.CharacterData::of (136 bytes)
108  426       1       jdk.internal.constant.MethodTypeDescImpl::returnType (5 bytes)
108  445       4       java.lang.String::coder (15 bytes)
108  435       1       jdk.internal.classfile.impl.StackMapDecoder$StackMapFrameImpl::locals (5 bytes)
108  446       3       jdk.internal.classfile.impl.BufWriterImpl::writeU1 (24 bytes)
108   19       3       java.lang.String::coder (15 bytes)   made not entrant: not used
108  436       1       jdk.internal.classfile.impl.StackMapDecoder$StackMapFrameImpl::target (5 bytes)
108  439       1       jdk.internal.classfile.impl.AbstractPseudoInstruction$ExceptionCatchImpl::catchTypeEntry (5 bytes)
108  448       3       java.util.ImmutableCollections$List12::size (16 bytes)
108  450       3       jdk.internal.classfile.impl.DirectCodeBuilder::labelToBci (27 bytes)
109  451       3       java.lang.StringLatin1::getBytes (12 bytes)
109  449       3       jdk.internal.classfile.impl.AbstractPoolEntry$Utf8EntryImpl::toString (88 bytes)
109  131       4       java.util.HashMap::putVal (300 bytes)   made not entrant: uncommon trap
109  452       3       sun.reflect.generics.parser.SignatureParser::advance (53 bytes)
109  453       3       java.lang.CharacterDataLatin1::getProperties (11 bytes)
109  447       1       java.lang.classfile.TypeKind::slotSize (5 bytes)
109  444       1       jdk.internal.classfile.impl.LabelImpl::setBCI (6 bytes)
109  432       1       jdk.internal.classfile.impl.AbstractAttributeMapper::allowMultiple (5 bytes)
109  443       1       java.lang.reflect.Method::getReturnType (5 bytes)
109  442       1       java.lang.reflect.Method::getModifiers (5 bytes)
110  454       3       java.util.HashSet::contains (9 bytes)
110  455     n 0       java.lang.Class::initClassName (native)   
110  456       3       jdk.internal.classfile.impl.AbstractElement::<init> (5 bytes)
111  458       3       java.lang.invoke.MethodType::checkPtypes (76 bytes)
111  460     n 0       java.lang.invoke.MethodHandle::linkToSpecial(LLLL)V (native)   (static)
111  457       3       java.lang.invoke.MethodTypeForm::canonicalizeAll (63 bytes)
111  461       3       java.lang.Class::getName (18 bytes)
111  459   !   3       java.lang.invoke.MemberName::clone (14 bytes)
111  462     n 0       java.lang.invoke.MethodHandle::linkToStatic(L)V (native)   (static)
112  463       1       java.lang.invoke.MethodTypeForm::parameterSlotCount (5 bytes)
112  464       3       jdk.internal.classfile.impl.SplitConstantPool::utf8Entry (6 bytes)
112  466       4       jdk.internal.classfile.impl.RawBytecodeHelper::opcode (9 bytes)
112  465       3       jdk.internal.classfile.impl.Util::parameterSlots (39 bytes)
112  378       3       jdk.internal.classfile.impl.RawBytecodeHelper::opcode (9 bytes)   made not entrant: not used
112  467       3       jdk.internal.classfile.impl.Util::toInternalName (31 bytes)
112  470     n 0       java.lang.invoke.MethodHandle::linkToStatic(LLLL)V (native)   (static)
112  468       3       jdk.internal.constant.ClassOrInterfaceDescImpl::internalName (24 bytes)
113  472       3       jdk.internal.classfile.impl.SplitConstantPool::findEntry (130 bytes)
113  473       3       jdk.internal.classfile.impl.BufWriterImpl::writeU1U2U2 (75 bytes)
113  474     n 0       java.lang.invoke.MethodHandle::linkToStatic(LLL)V (native)   (static)
113  471       3       jdk.internal.classfile.impl.DirectClassBuilder::constantPool (5 bytes)
113  475       3       jdk.internal.classfile.impl.AbstractDirectBuilder::<init> (26 bytes)
113  476       3       jdk.internal.classfile.impl.AttributeHolder::writeTo (34 bytes)
113  477       4       java.lang.String::isLatin1 (19 bytes)
114  478       3       jdk.internal.constant.ConstantUtils::referenceClassDesc (20 bytes)
114  480     n 0       jdk.internal.misc.Unsafe::allocateInstance (native)   
114   22       3       java.lang.String::isLatin1 (19 bytes)   made not entrant: not used
114  481       3       jdk.internal.classfile.impl.AbstractPoolEntry$AbstractRefsEntry::<init> (37 bytes)
114  469       1       jdk.internal.classfile.impl.AbstractPoolEntry$MethodRefEntryImpl::tag (3 bytes)
114  479       1       java.lang.constant.ClassDesc::isPrimitive (2 bytes)
114  482       1       jdk.internal.classfile.impl.BufWriterImpl::thisClass (5 bytes)
114  484       3       java.lang.Class::isInterface (8 bytes)
115  483       1       jdk.internal.classfile.impl.DirectMethodBuilder::methodName (5 bytes)
115  485       3       java.lang.String::toString (2 bytes)
115  486       3       java.lang.StringConcatHelper::concat (24 bytes)
115  492     n 0       java.lang.String::intern (native)   
115  491       3       jdk.internal.classfile.impl.AbstractPoolEntry$AbstractMemberRefEntry::nameAndType (5 bytes)
116  493       3       jdk.internal.classfile.impl.StackMapGenerator::processBlock (2767 bytes)
116  495       4       java.lang.StringCoding::countNonZeroAsciiLatin1 (33 bytes)
117  498     n 0       java.lang.invoke.MethodHandle::linkToInterface(LL)L (native)   (static)
118  348       3       java.lang.StringCoding::countNonZeroAsciiLatin1 (33 bytes)   made not entrant: not used
119  502     n 0       java.lang.invoke.MethodHandle::linkToSpecial(LLLLL)V (native)   (static)
120  503     n 0       java.lang.invoke.MethodHandle::invokeBasic(LLL)L (native)   
120  504     n 0       java.lang.invoke.MethodHandle::linkToSpecial(LLLLL)L (native)   (static)
120  505     n 0       java.lang.invoke.MethodHandle::linkToStatic(LL)V (native)   (static)
126  500       3       jdk.internal.classfile.impl.EntryMap::getIndexByToken (9 bytes)
126  509       3       jdk.internal.classfile.impl.LineNumberImpl::<init> (10 bytes)
126  497       1       java.lang.classfile.Opcode::kind (5 bytes)
126  499       3       jdk.internal.classfile.impl.SplitConstantPool::maybeCloneUtf8Entry (65 bytes)
127  496       1       java.lang.classfile.Opcode::sizeIfFixed (5 bytes)
127  516       3       java.util.ArrayList$Itr::hasNext (20 bytes)
127  507       1       jdk.jfr.internal.util.Bytecode$FieldDesc::type (5 bytes)
127  508       1       jdk.internal.classfile.impl.AbstractInstruction::opcode (5 bytes)
127  514       1       jdk.internal.classfile.impl.AbstractPseudoInstruction$ExceptionCatchImpl::tryStart (5 bytes)
127  515       1       jdk.internal.classfile.impl.AbstractPseudoInstruction$ExceptionCatchImpl::tryEnd (5 bytes)
127  494       3       jdk.internal.classfile.impl.AbstractPoolEntry$NameAndTypeEntryImpl::type (8 bytes)
127  513       1       jdk.internal.classfile.impl.RawBytecodeHelper$CodeRange::length (5 bytes)
127  517       3       java.util.ArrayList$Itr::checkForComodification (23 bytes)
127  519       3       jdk.internal.classfile.impl.ClassReaderImpl::checkType (23 bytes)
127  521       3       java.util.ArrayList$Itr::next (66 bytes)
128  520       3       jdk.internal.classfile.impl.Util::methodTypeSymbol (8 bytes)
128  506       1       jdk.internal.constant.PrimitiveClassDescImpl::descriptorString (5 bytes)
128  525       4       jdk.internal.classfile.impl.SplitConstantPool::map (161 bytes)
128  518       1       jdk.jfr.internal.util.Bytecode$MethodDesc::descriptor (5 bytes)
128  524       3       jdk.internal.classfile.impl.SplitConstantPool::classEntry (68 bytes)
128  527       3       jdk.internal.classfile.impl.DirectCodeBuilder::with (9 bytes)
129  531       3       jdk.internal.classfile.impl.DirectCodeBuilder::with (33 bytes)
129  532       3       jdk.internal.classfile.impl.AbstractInstruction$UnboundInstruction::<init> (6 bytes)
129  530       3       jdk.internal.classfile.impl.BufWriterImpl::writeIndex (11 bytes)
129  523       1       jdk.jfr.internal.util.Bytecode$MethodDesc::name (5 bytes)
129  526       1       jdk.internal.classfile.impl.AbstractInstruction$UnboundInvokeInstruction::method (5 bytes)
129  529       1       jdk.jfr.internal.EventWriterMethod::method (5 bytes)
130  528       1       jdk.jfr.internal.util.Bytecode$FieldDesc::name (5 bytes)
130  538       3       jdk.internal.classfile.impl.BlockCodeBuilderImpl::with (83 bytes)
130  534       3       jdk.internal.classfile.impl.BlockCodeBuilderImpl::with (9 bytes)
130  533       3       jdk.internal.classfile.impl.SplitConstantPool::classEntryForClassOrInterface (111 bytes)
130  522       1       jdk.internal.classfile.impl.AbstractPoolEntry$FieldRefEntryImpl::tag (3 bytes)
131  487       3       java.lang.StringConcatHelper::stringOf (20 bytes)
131  488       3       java.lang.StringConcatHelper::concat0 (58 bytes)
131  540       3       jdk.internal.classfile.impl.SplitConstantPool::tryFindClassOrInterface (138 bytes)
132  539       3       jdk.internal.constant.ClassOrInterfaceDescImpl::equals (33 bytes)
132  489       3       java.lang.StringConcatHelper::newArrayWithSuffix (35 bytes)
132  541   !   3       jdk.internal.classfile.impl.ClassReaderImpl::readU2 (37 bytes)
132  322       3       jdk.internal.classfile.impl.SplitConstantPool::map (161 bytes)   made not entrant: not used
132  535       4       jdk.internal.classfile.impl.EntryMap::getIndexByToken (9 bytes)
132  542       3       jdk.internal.classfile.impl.SplitConstantPool::nameAndTypeEntry (7 bytes)
133  500       3       jdk.internal.classfile.impl.EntryMap::getIndexByToken (9 bytes)   made not entrant: not used
133  543       3       jdk.internal.classfile.impl.SplitConstantPool::nameAndTypeEntry (60 bytes)
133  544       3       java.lang.Character::isWhitespace (5 bytes)
133  547       4       jdk.internal.classfile.impl.SplitConstantPool::entryByIndex (59 bytes)
133  545       3       java.lang.Character::isWhitespace (9 bytes)
133  546       3       java.lang.CharacterDataLatin1::isWhitespace (23 bytes)
133  510       1       java.lang.Class::getModifiers (5 bytes)
133  549       3       jdk.internal.classfile.impl.DirectCodeBuilder::constantPool (5 bytes)
133  550       3       jdk.internal.classfile.impl.SplitConstantPool::utf8Entry (25 bytes)
134  551       3       jdk.internal.constant.MethodTypeDescImpl::descriptorString (16 bytes)
134  490       3       java.lang.StringConcatHelper::prepend (62 bytes)
134  324       3       jdk.internal.classfile.impl.SplitConstantPool::entryByIndex (59 bytes)   made not entrant: not used
134  553       3       java.lang.String::replace (42 bytes)
134  554       3       jdk.internal.classfile.impl.AbstractPoolEntry$AbstractRefEntry::<init> (24 bytes)
134  555       3       java.util.ArrayList::add (25 bytes)
134  556       3       java.util.ArrayList::add (23 bytes)
135  557       3       java.util.ArrayDeque::inc (12 bytes)
135  560       3       jdk.internal.misc.Unsafe::getCharUnaligned (12 bytes)
135  558       3       jdk.internal.misc.Unsafe::pickPos (14 bytes)
135  559       3       jdk.internal.misc.Unsafe::toUnsignedInt (6 bytes)
135  561       3       jdk.internal.misc.Unsafe::getCharUnaligned (34 bytes)
135  562       3       jdk.internal.misc.Unsafe::convEndian (16 bytes)
135  552       1       jdk.internal.classfile.impl.AbstractPseudoInstruction$ExceptionCatchImpl::handler (5 bytes)
135  564       3       jdk.internal.classfile.impl.LabelImpl::<init> (15 bytes)
135  565       3       jdk.internal.classfile.impl.DirectCodeBuilder::curPc (8 bytes)
136  567       3       java.util.ArrayList$Itr::<init> (31 bytes)
136  568       3       jdk.internal.classfile.impl.RawBytecodeHelper::getIndexU2 (11 bytes)
136  569       4       jdk.internal.classfile.impl.RawBytecodeHelper::endBci (8 bytes)
136  548       1       java.util.LinkedHashMap::removeEldestEntry (2 bytes)
136  563       3       jdk.internal.classfile.impl.RawBytecodeHelper::getU2Unchecked (21 bytes)
136  511       1       jdk.internal.classfile.impl.BufWriterImpl::constantPool (5 bytes)
136  387       3       jdk.internal.classfile.impl.RawBytecodeHelper::endBci (8 bytes)   made not entrant: not used
136  512       1       jdk.internal.classfile.impl.AbstractAttributeMapper::name (5 bytes)
136  536       1       jdk.internal.constant.PrimitiveClassDescImpl::isPrimitive (2 bytes)
136  571       4       java.util.HashMap::putVal (300 bytes)
136  537       1       jdk.internal.classfile.impl.DirectCodeBuilder::curTopLocal (5 bytes)
136  572       3       jdk.internal.classfile.impl.AbstractPoolEntry$AbstractNamedEntry::<init> (10 bytes)
136  573       3       java.util.AbstractList::<init> (10 bytes)
137  566       1       jdk.internal.classfile.impl.DirectCodeBuilder::startLabel (5 bytes)
137  501       1       java.lang.invoke.MethodHandles$Lookup::previousLookupClass (5 bytes)
137  570       1       jdk.internal.classfile.impl.AbstractPoolEntry$StringEntryImpl::tag (3 bytes)
137  577       3       java.util.ImmutableCollections$List12::get (35 bytes)
137  578       3       jdk.internal.classfile.impl.BufWriterImpl::writeIndex (10 bytes)
137  582       3       jdk.internal.classfile.impl.RawBytecodeHelper::getU1Unchecked (13 bytes)
137  585       3       jdk.internal.classfile.impl.ClassReaderImpl::entryByIndex (809 bytes)
140  588       3       java.util.ArrayList::iterator (9 bytes)
140  589       3       jdk.internal.classfile.impl.StackMapGenerator$Frame::checkStack (96 bytes)
140  587       3       jdk.internal.classfile.impl.BytecodeHelpers::isUnconditionalBranch (64 bytes)
141  590       3       jdk.internal.classfile.impl.AbstractPoolEntry$AbstractRefsEntry::writeTo (27 bytes)
141  586   !   3       java.util.ImmutableCollections$ListItr::next (34 bytes)
141  591       3       jdk.internal.classfile.impl.Util::checkKind (15 bytes)
141  592       3       jdk.internal.classfile.impl.SplitConstantPool::methodRefEntry (72 bytes)
141  594       3       jdk.internal.classfile.impl.StackMapGenerator::addFrame (150 bytes)
142  576       3       jdk.internal.classfile.impl.AbstractPoolEntry$AbstractMemberRefEntry::<init> (12 bytes)
142  595       1       jdk.internal.classfile.impl.RawBytecodeHelper$CodeRange::array (5 bytes)
142  593       3       jdk.internal.classfile.impl.AbstractPoolEntry$Utf8EntryImpl::stringValue (5 bytes)
142  581       3       java.util.BitSet::get (69 bytes)
142  597       3       java.util.ImmutableCollections$AbstractImmutableList::iterator (13 bytes)
142  598       3       java.util.ImmutableCollections$ListItr::<init> (25 bytes)
143  599       3       jdk.internal.classfile.impl.DirectCodeBuilder::setLabelTarget (47 bytes)
143  600       3       jdk.internal.classfile.impl.DirectCodeBuilder::writeBytecode (33 bytes)
143  575       4       jdk.internal.classfile.impl.EntryMap::firstToken (50 bytes)
143  579       1       jdk.internal.classfile.impl.UnboundAttribute$UnboundStackMapTableAttribute::entries (5 bytes)
143  596       1       jdk.internal.classfile.impl.BoundAttribute::attributeMapper (5 bytes)
143  602       3       jdk.internal.classfile.impl.StackMapGenerator$Frame::pushStack (27 bytes)
143  603       3       jdk.internal.classfile.impl.StackMapGenerator$Type::isCategory2_2nd (20 bytes)
143  604       3       java.util.Arrays::fill (21 bytes)
143  606       3       jdk.internal.classfile.impl.StackMapGenerator$Frame::trimAndCompress (61 bytes)
143  360       3       jdk.internal.classfile.impl.EntryMap::firstToken (50 bytes)   made not entrant: not used
143  601       4       jdk.internal.classfile.impl.SplitConstantPool::canWriteDirect (24 bytes)
144  605       3       java.util.Arrays::copyOf (10 bytes)
144  608     n 0       jdk.internal.reflect.ConstantPool::getUTF8At0 (native)   
144  580       1       java.util.ImmutableCollections$List12::isEmpty (2 bytes)
144  373       3       jdk.internal.classfile.impl.SplitConstantPool::canWriteDirect (24 bytes)   made not entrant: not used
144  609     n 0       java.lang.Class::forName0 (native)   (static)
144  607       1       jdk.internal.loader.AbstractClassLoaderValue$Sub::parent (5 bytes)
144  574       1       java.lang.reflect.Method::getSharedExceptionTypes (5 bytes)
144  610       3       java.util.ArrayList::<init> (61 bytes)
144  613       3       java.lang.reflect.Modifier::isStatic (13 bytes)
145  614       3       java.util.List::copyOf (5 bytes)
145  615       3       java.util.ImmutableCollections::listCopy (54 bytes)
145  617       3       java.util.ArrayDeque::elementAt (4 bytes)
145  618       3       java.util.ArrayDeque::pollFirst (36 bytes)
145  619       3       java.util.ArrayDeque::poll (5 bytes)
145  620       3       jdk.internal.classfile.impl.ClassReaderImpl::readEntry (16 bytes)
145  616       3       jdk.internal.classfile.impl.BufWriterImpl::patchInt (41 bytes)
145  583       1       jdk.internal.classfile.impl.StackMapDecoder$ObjectVerificationTypeInfoImpl::tag (3 bytes)
145  621       3       jdk.internal.classfile.impl.StackMapGenerator$Frame::checkLocal (97 bytes)
146  623       3       java.util.Arrays::equals (57 bytes)
146  629       3       java.lang.classfile.constantpool.ConstantPoolBuilder::nameAndTypeEntry (21 bytes)
146  628       3       java.lang.classfile.constantpool.ConstantPoolBuilder::methodRefEntry (22 bytes)
146  627       3       java.util.Collections$UnmodifiableCollection$1::hasNext (10 bytes)
146  630       3       java.util.ImmutableCollections$ListN::size (6 bytes)
146  625       3       java.lang.invoke.DirectMethodHandle::allocateInstance (16 bytes)
146  626       3       java.lang.invoke.DirectMethodHandle::constructorMethod (10 bytes)
147  584       1       jdk.internal.classfile.impl.StackMapDecoder$ObjectVerificationTypeInfoImpl::className (5 bytes)
147  622       3       jdk.internal.util.StrongReferenceKey::equals (28 bytes)
147  632       4       jdk.internal.classfile.impl.RawBytecodeHelper::next (81 bytes)
147  612       1       java.util.Collections$1::hasNext (5 bytes)
147  624       3       jdk.internal.classfile.impl.DirectMethodBuilder::methodTypeSymbol (8 bytes)
147  633       3       jdk.internal.classfile.impl.StackMapGenerator$Frame::decStack (29 bytes)
147  631       1       jdk.internal.classfile.impl.BlockCodeBuilderImpl::startLabel (5 bytes)
147  637       3       java.lang.AbstractStringBuilder::newCapacity (49 bytes)
147  611       1       java.lang.reflect.Method::getDeclaringClass (5 bytes)
147  638       3       java.lang.StringLatin1::lastIndexOf (40 bytes)
148  364       3       jdk.internal.classfile.impl.RawBytecodeHelper::next (81 bytes)   made not entrant: not used
148  640       4       jdk.internal.classfile.impl.AbstractPoolEntry::hash1 (10 bytes)
148  639       1       jdk.internal.classfile.impl.AccessFlagsImpl::flagsMask (5 bytes)
148  641       3       jdk.internal.classfile.impl.ClassReaderImpl::entryByIndex (8 bytes)
148  430       3       jdk.internal.classfile.impl.AbstractPoolEntry::hash1 (10 bytes)   made not entrant: not used
148  642       3       jdk.internal.classfile.impl.AbstractInstruction$UnboundInstruction::writeTo (9 bytes)
148  643       3       java.lang.classfile.CodeBuilder::invoke (15 bytes)
148  644       3       java.lang.classfile.instruction.InvokeInstruction::of (17 bytes)
149  645       3       jdk.internal.classfile.impl.AbstractInstruction$UnboundInvokeInstruction::<init> (17 bytes)
149  646       3       jdk.internal.classfile.impl.NonterminalCodeBuilder::constantPool (10 bytes)
149  647       3       jdk.internal.classfile.impl.BufWriterImpl::skip (22 bytes)
149  648       3       java.lang.classfile.CodeBuilder::invoke (46 bytes)
149  649       3       jdk.internal.classfile.impl.DirectCodeBuilder::writeInvokeNormal (13 bytes)
149  651       3       jdk.internal.classfile.impl.StackMapGenerator$Frame::<init> (75 bytes)
150  654       3       jdk.internal.classfile.impl.StackMapGenerator$Type::<init> (20 bytes)
150  656       3       jdk.internal.classfile.impl.SplitConstantPool::entryByIndex (11 bytes)
150  652       3       java.util.Arrays::rangeCheck (74 bytes)
150  653       3       jdk.internal.classfile.impl.Util::writeAttribute (67 bytes)
150  655       3       jdk.internal.classfile.impl.StackMapGenerator$Type::referenceType (12 bytes)
151  657   !   3       jdk.internal.classfile.impl.ClassReaderImpl::readU1 (17 bytes)
151  660       3       jdk.internal.classfile.impl.AttributeHolder::withAttribute (124 bytes)
151  659       3       jdk.internal.classfile.impl.DirectCodeBuilder::newLabel (10 bytes)
151  635       1       jdk.internal.classfile.impl.StackMapGenerator::maxStack (5 bytes)
151  636       1       jdk.internal.classfile.impl.StackMapGenerator::maxLocals (5 bytes)
151  634       1       jdk.internal.classfile.impl.BufWriterImpl::getMajorVersion (5 bytes)
151  661       3       jdk.internal.classfile.impl.AbstractPoolEntry$Utf8EntryImpl::equalsString (215 bytes)
152  662       3       java.util.Collections$UnmodifiableCollection::iterator (9 bytes)
152  663       3       java.util.Collections$UnmodifiableCollection$1::<init> (31 bytes)
152  664       3       jdk.internal.classfile.impl.DirectCodeBuilder::labelBinding (11 bytes)
153  668       3       jdk.internal.classfile.impl.AbstractInstruction$UnboundInvokeInstruction::writeTo (45 bytes)
153  672       4       java.util.ArrayList$Itr::hasNext (20 bytes)
153  666       3       java.lang.classfile.CodeBuilder::invokevirtual (14 bytes)
153  667       3       java.lang.classfile.CodeBuilder::dup (16 bytes)
153  674     n 0       jdk.internal.misc.Unsafe::putByte (native)   
153  516       3       java.util.ArrayList$Itr::hasNext (20 bytes)   made not entrant: not used
153  665       3       jdk.internal.classfile.impl.DirectCodeBuilder::setLabelTarget (10 bytes)
153  673       3       jdk.internal.classfile.impl.AbstractPoolEntry$AbstractRefEntry::writeTo (18 bytes)
154  669       3       java.lang.classfile.instruction.StackInstruction::of (16 bytes)
154  670       3       jdk.internal.classfile.impl.AbstractInstruction$UnboundStackInstruction::<init> (6 bytes)
154  671       3       java.util.ArrayList::isEmpty (13 bytes)
154  678       3       jdk.internal.classfile.impl.AbstractPoolEntry$Utf8EntryImpl::methodTypeSymbol (34 bytes)
154  677       3       jdk.internal.classfile.impl.AbstractPoolEntry$NameAndTypeEntryImpl::<init> (12 bytes)
154  682       3       jdk.jfr.internal.util.Bytecode::invokevirtual (17 bytes)
154  680       3       java.lang.invoke.Invokers$Holder::linkToTargetMethod (8 bytes)
154  681       3       java.lang.invoke.LambdaForm$Holder::constant_L (8 bytes)
154  679       3       jdk.internal.classfile.impl.SplitConstantPool::utf8Entry (6 bytes)
155  658       1       java.lang.Class::getAnnotationType (5 bytes)
155  676       3       java.util.Collections$UnmodifiableCollection$1::next (10 bytes)
155  687       3       jdk.internal.classfile.impl.StackMapGenerator$Frame::<init> (13 bytes)
155  688       4       jdk.internal.misc.Unsafe::getShortUnaligned (12 bytes)
155  675       1       jdk.internal.classfile.impl.ClassReaderImpl::classfileLength (5 bytes)
155  689       3       jdk.internal.classfile.impl.RawBytecodeHelper::reset (20 bytes)
155  690       3       jdk.internal.classfile.impl.BufWriterImpl::writeU2U2U2 (89 bytes)
155  261       3       jdk.internal.misc.Unsafe::getShortUnaligned (12 bytes)   made not entrant: not used
155  691       3       jdk.internal.classfile.impl.StackMapGenerator$Frame::trimAndCompress (31 bytes)
155  693       4       java.util.HashMap::resize (356 bytes)
155  692       3       jdk.internal.classfile.impl.BufWriterImpl::setLabelContext (11 bytes)
156  685       1       jdk.internal.classfile.impl.ClassReaderImpl::customAttributes (5 bytes)
156  695       3       jdk.internal.classfile.impl.MethodImpl::methodType (21 bytes)
156  697       3       jdk.internal.classfile.impl.AbstractPoolEntry$ClassEntryImpl::hashCode (37 bytes)
156  694       3       jdk.internal.classfile.impl.TransformImpl$$Lambda/0x00000ffe01028a60::accept (16 bytes)
156  698       3       java.util.ImmutableCollections$ListN::get (7 bytes)
156  699       3       jdk.internal.classfile.impl.StackMapGenerator$Frame::writeTo (299 bytes)
157  700       3       jdk.internal.classfile.impl.StackMapGenerator$Type::writeTo (82 bytes)
157  683       1       jdk.internal.classfile.impl.TransformImpl$ResolvedTransform::startHandler (5 bytes)
157  701       3       jdk.internal.classfile.impl.RawBytecodeHelper::dest (16 bytes)
157  702       3       jdk.internal.classfile.impl.RawBytecodeHelper::getShortUnchecked (21 bytes)
157  684       1       jdk.internal.classfile.impl.TransformImpl$ResolvedTransform::consumer (5 bytes)
157  696       1       jdk.internal.classfile.impl.ClassReaderImpl::context (5 bytes)
157  686       1       jdk.internal.classfile.impl.TransformImpl$ResolvedTransform::endHandler (5 bytes)
157  650       1       java.lang.invoke.DirectMethodHandle::internalMemberName (5 bytes)
158  704       3       jdk.internal.constant.ConstantUtils::skipOverFieldSignature (254 bytes)
158  585       3       jdk.internal.classfile.impl.ClassReaderImpl::entryByIndex (809 bytes)   made not entrant: C1 deoptimize for patching
158  710       3       jdk.internal.classfile.impl.ClassReaderImpl::entryByIndex (809 bytes)
160  121       3       java.util.HashMap::resize (356 bytes)   made not entrant: not used
160  703       4       java.lang.String::checkBoundsOffCount (10 bytes)
160  192       3       java.lang.String::checkBoundsOffCount (10 bytes)   made not entrant: not used
161  714       3       java.util.Arrays::fill (28 bytes)
161  713       3       jdk.internal.classfile.impl.BufWriterImpl::grow (33 bytes)
161  712       3       jdk.internal.classfile.impl.ClassReaderImpl::checkTag (217 bytes)
161  708       3       java.lang.classfile.CodeBuilder::loadLocal (15 bytes)
161  709       3       java.lang.classfile.instruction.LoadInstruction::of (16 bytes)
161  717       4       jdk.internal.classfile.impl.SplitConstantPool::utf8Entry (45 bytes)
161  711       3       java.lang.AbstractStringBuilder::ensureCapacityNewCoder (125 bytes)
162  705       3       jdk.jfr.internal.util.Bytecode$MethodDesc::matches (42 bytes)
162  720       3       jdk.internal.classfile.impl.StackMapGenerator::processExceptionHandlerTargets (125 bytes)
162  706       3       jdk.internal.classfile.impl.MethodImpl::methodTypeSymbol (8 bytes)
163  707       3       jdk.internal.constant.MethodTypeDescImpl::equals (65 bytes)
163  716       3       java.util.ArrayList::elementData (7 bytes)
163  715       3       java.lang.classfile.TypeKind::fromDescriptor (232 bytes)
163  710       3       jdk.internal.classfile.impl.ClassReaderImpl::entryByIndex (809 bytes)   made not entrant: C1 deoptimize for patching
163  725       3       jdk.internal.classfile.impl.ClassReaderImpl::entryByIndex (809 bytes)
166  733       3       jdk.internal.classfile.impl.StackMapGenerator::removeRangeFromExcTable (326 bytes)
167  723       3       jdk.internal.classfile.impl.StackMapGenerator$Frame::equals (28 bytes)
167  730       3       jdk.jfr.internal.EventInstrumentation::isMethod (6 bytes)
167  719       3       java.lang.constant.DynamicConstantDesc::equals (81 bytes)
167  732       3       jdk.internal.constant.MethodTypeDescImpl::parameterType (7 bytes)
167  724       3       java.nio.HeapByteBuffer::getShort (29 bytes)
168  729       3       java.lang.classfile.TypeKind::from (25 bytes)
168  726       3       jdk.internal.classfile.impl.AbstractInstruction$UnboundLoadInstruction::writeTo (31 bytes)
168  727       3       jdk.internal.classfile.impl.AbstractPoolEntry$MethodRefEntryImpl::<init> (12 bytes)
168  721       3       jdk.internal.classfile.impl.StackMapGenerator::deadCodePatching (112 bytes)
168  728       3       java.util.Objects::checkIndex (7 bytes)
168  740       3       jdk.internal.classfile.impl.StackMapGenerator::processInvokeInstructions (262 bytes)
169  741     n 0       java.lang.Double::longBitsToDouble (native)   (static)
170  743       3       jdk.internal.classfile.impl.AbstractPoolEntry$Utf8EntryImpl::fieldTypeSymbol (34 bytes)
170  742       3       jdk.internal.classfile.impl.Util::fieldTypeSymbol (8 bytes)
170  748       3       jdk.internal.classfile.impl.AbstractPoolEntry$Utf8EntryImpl::inflate (73 bytes)
170  718       3       jdk.internal.classfile.impl.AbstractDirectBuilder::writeAttribute (20 bytes)
171  744       3       java.lang.Class::descriptorString (137 bytes)
172  754       3       jdk.internal.classfile.impl.StackMapGenerator$Frame::pushStack (84 bytes)
172  745       3       jdk.internal.classfile.impl.AbstractPoolEntry$ClassEntryImpl::<init> (22 bytes)
172  749       1       jdk.internal.classfile.impl.BoundAttribute::constantPool (5 bytes)
172  734       1       sun.reflect.generics.tree.ClassTypeSignature::getPath (5 bytes)
172  735       1       sun.reflect.generics.tree.SimpleClassTypeSignature::getName (5 bytes)
172  736       1       sun.reflect.generics.tree.SimpleClassTypeSignature::getDollar (5 bytes)
173  737       1       sun.reflect.generics.visitor.Reifier::getFactory (5 bytes)
173  738       1       sun.reflect.generics.tree.SimpleClassTypeSignature::getTypeArguments (5 bytes)
173  747       1       jdk.internal.classfile.impl.BoundAttribute$BoundCodeAttribute::codeLength (5 bytes)
173  746       1       java.lang.invoke.MethodHandleImpl::isCompileConstant (2 bytes)
173  753       1       jdk.jfr.internal.ClassInspector::isJDK (5 bytes)
173  755       3       jdk.internal.classfile.impl.DirectCodeBuilder$DeferredLabel::<init> (26 bytes)
173  762       3       java.lang.classfile.constantpool.ConstantPoolBuilder::nameAndTypeEntry (21 bytes)
173  763       3       jdk.internal.classfile.impl.SplitConstantPool::fieldRefEntry (72 bytes)
173  712       3       jdk.internal.classfile.impl.ClassReaderImpl::checkTag (217 bytes)   made not entrant: C1 deoptimize for patching
174  725       3       jdk.internal.classfile.impl.ClassReaderImpl::entryByIndex (809 bytes)   made not entrant: C1 deoptimize for patching
174  756       3       jdk.internal.classfile.impl.DirectCodeBuilder::addLabel (53 bytes)
174  761       3       jdk.internal.classfile.impl.AccessFlagsImpl::<init> (15 bytes)
174  766       3       jdk.internal.classfile.impl.AbstractPoolEntry$Utf8EntryImpl::<init> (32 bytes)
174  760       3       jdk.internal.classfile.impl.BufWriterImpl::patchU2 (21 bytes)
174  767       3       jdk.internal.classfile.impl.DirectCodeBuilder::writeShortJump (92 bytes)
174  768       3       jdk.internal.classfile.impl.DirectCodeBuilder::writeParsedShortLabel (54 bytes)
175  772       3       jdk.internal.classfile.impl.CodeImpl::attributes (35 bytes)
175  771       3       java.lang.classfile.constantpool.ConstantPoolBuilder::fieldRefEntry (22 bytes)
175  773       3       jdk.internal.classfile.impl.ClassReaderImpl::checkTag (217 bytes)
175  757       3       java.lang.classfile.CodeBuilder::branch (15 bytes)
175  758       3       java.lang.classfile.instruction.BranchInstruction::of (17 bytes)
176  759       3       jdk.internal.classfile.impl.AbstractInstruction$UnboundBranchInstruction::<init> (17 bytes)
176  765       3       java.lang.invoke.DirectMethodHandle$Holder::newInvokeSpecial (21 bytes)
176  774       3       jdk.internal.classfile.impl.LabelImpl::writeTo (6 bytes)
176  781       3       jdk.internal.classfile.impl.StackMapGenerator$Frame::merge (48 bytes)
176  779   !   3       jdk.internal.classfile.impl.ClassReaderImpl::readInt (77 bytes)
176  770       3       jdk.internal.classfile.impl.UnboundAttribute::<init> (10 bytes)
176  782       3       java.util.ArrayList::listIterator (10 bytes)
177  783       3       java.util.ArrayList$ListItr::<init> (21 bytes)
177  784       3       jdk.internal.classfile.impl.Util::powerOctal (21 bytes)
177  785       3       jdk.internal.classfile.impl.RawBytecodeHelper$CodeRange::start (9 bytes)
177  786       3       jdk.internal.classfile.impl.RawBytecodeHelper::<init> (10 bytes)
177  750       1       sun.reflect.annotation.AnnotationType::memberTypes (5 bytes)
177  751       1       sun.reflect.annotation.AnnotationType::memberDefaults (5 bytes)
177  752       1       sun.reflect.annotation.AnnotationType::retention (5 bytes)
178  775       1       jdk.jfr.internal.ClassInspector::getFields (5 bytes)
178  776       1       jdk.internal.classfile.impl.BlockCodeBuilderImpl::reachable (5 bytes)
178  777       1       jdk.internal.classfile.impl.BlockCodeBuilderImpl::endLabel (5 bytes)
178  778       1       jdk.internal.classfile.impl.AbstractPoolEntry$LongEntryImpl::tag (2 bytes)
178  780       1       jdk.internal.classfile.impl.StackMapGenerator$RawExceptionCatch::handler (5 bytes)
178  787       1       sun.invoke.util.Wrapper::basicClassDescriptor (5 bytes)
178  789       3       java.util.ImmutableCollections$AbstractImmutableList::<init> (5 bytes)
179  790       3       java.util.LinkedHashMap$LinkedValueIterator::next (8 bytes)
179  791       3       jdk.internal.classfile.impl.Util::slotSize (24 bytes)
179  792     n 0       java.lang.Class::getSuperclass (native)   
179  793       3       jdk.internal.classfile.impl.Util::isAttributeAllowed (45 bytes)
180  794     n 0       java.lang.invoke.MethodHandle::linkToSpecial(LLLLLL)V (native)   (static)
180  795       3       jdk.internal.classfile.impl.DirectMethodBuilder::<init> (42 bytes)
180  802     n 0       java.lang.invoke.MethodHandle::linkToSpecial(LLLLLL)L (native)   (static)
180  796       3       jdk.internal.classfile.impl.DirectMethodBuilder::withCode (22 bytes)
180  797   !   3       jdk.internal.classfile.impl.DirectCodeBuilder::build (78 bytes)
181  798       3       jdk.internal.classfile.impl.DirectCodeBuilder::<init> (187 bytes)
181  799       3       jdk.internal.classfile.impl.ClassFileImpl::fixShortJumps (23 bytes)
181  800       3       jdk.internal.classfile.impl.TerminalCodeBuilder::setupTopLocal (93 bytes)
182  803       3       java.util.ArrayDeque::addLast (51 bytes)
182  804       3       java.util.ArrayDeque::add (7 bytes)
182  805       3       jdk.internal.classfile.impl.StackCounter$Target::<init> (15 bytes)
183  807       3       jdk.internal.classfile.impl.AbstractPoolEntry$ClassEntryImpl::asSymbol (53 bytes)
184  813       3       jdk.internal.classfile.impl.StackCounter::next (68 bytes)
184  816       3       sun.reflect.generics.parser.SignatureParser::skipIdentifier (67 bytes)
184  809       3       java.util.ArrayList::grow (60 bytes)
184  811       3       jdk.internal.classfile.impl.BufWriterImpl::writeU1U1 (39 bytes)
184  817       3       jdk.internal.classfile.impl.BufWriterImpl::writeInt (58 bytes)
185  815       3       jdk.internal.classfile.impl.BufWriterImpl::writeBytes (30 bytes)
185  812       3       jdk.internal.classfile.impl.UnboundAttribute$AdHocAttribute::<init> (6 bytes)
185  814       3       jdk.internal.classfile.impl.UnboundAttribute$AdHocAttribute::writeTo (49 bytes)
185  818       3       java.lang.ref.SoftReference::get (29 bytes)
185  374       3       jdk.internal.classfile.impl.SplitConstantPool::utf8Entry (45 bytes)   made not entrant: not used
185  810       3       java.lang.classfile.constantpool.MemberRefEntry::type (12 bytes)
185  801       4       java.lang.invoke.MethodType::parameterType (7 bytes)
186  820       3       jdk.internal.reflect.ConstantPool::getUTF8At (10 bytes)
186  819       3       jdk.internal.access.SharedSecrets::getJavaLangAccess (4 bytes)
186  822       3       java.lang.Integer::numberOfLeadingZeros (79 bytes)
186  808       3       java.lang.invoke.MemberName::getMethodOrFieldType (72 bytes)
186  239       3       java.lang.invoke.MethodType::parameterType (7 bytes)   made not entrant: not used
186  788       4       jdk.internal.classfile.impl.AbstractElement::<init> (5 bytes)
186  456       3       jdk.internal.classfile.impl.AbstractElement::<init> (5 bytes)   made not entrant: not used
186  722       4       java.util.ArrayList$Itr::next (66 bytes)
186  717       4       jdk.internal.classfile.impl.SplitConstantPool::utf8Entry (45 bytes)   made not entrant: uncommon trap
187  821       3       java.util.ImmutableCollections$List12::<init> (20 bytes)
187  826       3       jdk.internal.classfile.impl.BufWriterImpl::writeU2U2 (61 bytes)
187  521       3       java.util.ArrayList$Itr::next (66 bytes)   made not entrant: not used
187  769       4       jdk.internal.classfile.impl.ClassReaderImpl::checkType (23 bytes)
187  825       3       java.lang.reflect.Modifier::isProtected (12 bytes)
187  827       3       java.lang.PublicMethods$Key::matches (31 bytes)
187  824       3       java.lang.invoke.MethodHandles$Lookup::lookupClassOrNull (17 bytes)
187  828       3       java.util.List::of (64 bytes)
188  829       3       java.lang.Class::reflectionData (43 bytes)
188  519       3       jdk.internal.classfile.impl.ClassReaderImpl::checkType (23 bytes)   made not entrant: not used
188  731       4       jdk.internal.classfile.impl.DirectCodeBuilder::labelToBci (27 bytes)
188  823       3       java.util.ImmutableCollections$MapN::get (35 bytes)
188  830       3       java.util.ArrayList::get (15 bytes)
188  450       3       jdk.internal.classfile.impl.DirectCodeBuilder::labelToBci (27 bytes)   made not entrant: not used
189  832       4       java.lang.StringLatin1::replace (197 bytes)
189  806       1       java.lang.classfile.ClassFile::latestMajorVersion (3 bytes)
189  836       3       java.util.ArrayList::<init> (12 bytes)
189  833       3       java.lang.Character::charCount (12 bytes)
189  835       3       java.lang.Module::isNamed (13 bytes)
189  834       3       java.lang.Character::isJavaIdentifierPart (9 bytes)
189  837       3       java.lang.Class::getReflectionFactory (18 bytes)
189  276       3       java.io.DataInputStream::readUTF (601 bytes)   made not entrant: C1 deoptimize for patching
189  840       3       java.io.DataInputStream::readUTF (601 bytes)
191  844  s    3       java.io.ByteArrayInputStream::read (73 bytes)
191  845       3       java.io.DataInputStream::readBoolean (13 bytes)
191  838       3       java.io.DataInputStream::readUnsignedByte (22 bytes)
191  841   !   3       java.lang.String::<init> (852 bytes)
191  847     n 0       jdk.internal.misc.Unsafe::getLong (native)   
193  848       3       jdk.jfr.internal.MetadataLoader$FieldElement::<init> (93 bytes)
193  839  s    3       java.io.ByteArrayInputStream::read (36 bytes)
193  842       3       java.lang.String::<init> (22 bytes)
194  850       3       java.lang.Character::codePointAt (51 bytes)
194  851       3       java.lang.Character::isHighSurrogate (18 bytes)
194  852       3       java.lang.CharacterDataLatin1::isJavaIdentifierPart (20 bytes)
194  854       3       java.util.List::of (4 bytes)
194  855       3       java.lang.String::indexOf (65 bytes)
195  858       3       java.lang.reflect.Method::getParameterCount (6 bytes)
195  857       3       java.util.ArrayList::toArray (12 bytes)
195  860       3       jdk.internal.module.Checks::isJavaIdentifier (76 bytes)
195  856       1       jdk.jfr.ValueDescriptor::isArray (5 bytes)
195  859       3       java.lang.Class::privateGetDeclaredMethods (56 bytes)
196  862       3       jdk.jfr.internal.Type::getFields (37 bytes)
196  864       3       java.lang.CharacterDataLatin1::isJavaIdentifierStart (23 bytes)
196  861       1       jdk.jfr.internal.Type::getName (5 bytes)
196  866       3       java.lang.Class::forName (8 bytes)
196  865       3       jdk.internal.loader.AbstractClassLoaderValue::map (20 bytes)
196  867       3       sun.reflect.annotation.AnnotationInvocationHandler::invoke (182 bytes)
196  343       3       java.lang.StringLatin1::replace (197 bytes)   made not entrant: not used
196  846       4       java.io.DataInputStream::readFully (59 bytes)
197  869       3       jdk.jfr.internal.PrivateAccess::getInstance (15 bytes)
197  870       3       jdk.jfr.AnnotationElement::checkType (26 bytes)
197  871       3       jdk.jfr.internal.util.Utils::unboxType (82 bytes)
198  872       3       jdk.jfr.EventSettings$InternalAccess::newAnnotation (11 bytes)
198  873       3       sun.reflect.annotation.AnnotationType::getInstance (65 bytes)
198  877       3       java.util.LinkedHashMap$LinkedKeyIterator::next (8 bytes)
198  876       3       java.util.LinkedHashMap$LinkedHashIterator::<init> (52 bytes)
198  882       3       jdk.jfr.AnnotationElement::<init> (308 bytes)
199  884     n 0       jdk.jfr.internal.JVM::getTypeId (native)   (static)
199  878       3       java.util.Collections$UnmodifiableCollection::size (10 bytes)
200  879       3       java.util.Collections$UnmodifiableList::get (11 bytes)
200  880       3       java.util.ArrayList::set (24 bytes)
200  881       3       jdk.jfr.internal.MetadataLoader::newAnnotation (25 bytes)
200  874       3       java.lang.System$1::getAnnotationType (5 bytes)
200  868       3       java.util.ImmutableCollections$ListN::<init> (15 bytes)
200  875       3       java.lang.reflect.Modifier::isPublic (12 bytes)
200  885       3       jdk.jfr.internal.AnnotationConstruct::<init> (18 bytes)
201  886       3       jdk.jfr.internal.Type::add (17 bytes)
201  891       3       jdk.jfr.internal.Type::getKnownType (51 bytes)
201  887       3       jdk.jfr.internal.util.Utils::ensureJavaIdentifier (42 bytes)
201  892       3       java.util.ImmutableCollections::listFromArray (39 bytes)
201  888       3       jdk.jfr.EventSettings$InternalAccess::newValueDescriptor (17 bytes)
201  889       3       jdk.jfr.ValueDescriptor::<init> (101 bytes)
202  898     n 0       java.lang.invoke.MethodHandle::linkToVirtual(LL)J (native)   (static)
202  890       3       java.util.LinkedHashMap::keySet (5 bytes)
202  893       3       java.util.LinkedHashMap$LinkedKeySet::iterator (16 bytes)
202  894       3       java.util.LinkedHashMap$LinkedKeyIterator::<init> (14 bytes)
202  896       3       java.util.LinkedHashMap::sequencedKeySet (31 bytes)
202  897       3       sun.invoke.util.VerifyAccess::isClassAccessible (230 bytes)
203  902     n 0       java.lang.invoke.MethodHandle::linkToStatic(LLLL)I (native)   (static)
203  903       3       jdk.internal.classfile.impl.DirectCodeBuilder::aload (32 bytes)
203  901       3       java.lang.invoke.LambdaForm::forceInterpretation (14 bytes)
203  900       3       java.lang.classfile.ClassBuilder::withMethod (34 bytes)
203  905       2       jdk.internal.classfile.impl.SplitConstantPool::utf8Entry (45 bytes)
204  904       3       jdk.internal.classfile.impl.BufWriterImpl::<init> (39 bytes)
204  906       3       jdk.internal.classfile.impl.BytecodeHelpers::ldcOpcode (41 bytes)
204  907       3       jdk.internal.classfile.impl.DirectCodeBuilder::writeDirectLoadConstant (77 bytes)
204  909       3       jdk.jfr.internal.TypeLibrary$$Lambda/0x00000ffe0106d5c8::applyAsLong (8 bytes)
204  908       1       jdk.jfr.internal.Type::getId (5 bytes)
204  910       3       java.util.Comparator$$Lambda/0x00000ffe0106e070::compare (10 bytes)
205  911       3       java.util.Comparator::lambda$comparingLong$6043328a$1 (18 bytes)
205  912       3       java.lang.Long::compare (22 bytes)
205  913       3       java.lang.invoke.MemberName::getModifiers (8 bytes)
205  914       3       java.lang.invoke.LambdaForm::uncustomize (57 bytes)
205  915     n 0       java.lang.invoke.MethodHandle::linkToVirtual(LLL)V (native)   (static)
205  917       3       java.lang.invoke.MemberName::isConstructor (8 bytes)
205  916       3       java.lang.invoke.LambdaForm$BasicType::basicType (187 bytes)
205  918       3       java.util.ArrayDeque$$Lambda/0x00000ffe0106e7a8::accept (9 bytes)
206  919       3       java.lang.invoke.Invokers$Holder::linkToTargetMethod (9 bytes)
206  921       3       java.util.ArrayDeque::size (17 bytes)
206  920       1       jdk.jfr.internal.AnnotationConstruct::getUnmodifiableAnnotationElements (5 bytes)
206  922       1       jdk.jfr.AnnotationElement::getType (5 bytes)
206  926       3       java.util.ArrayDeque::isEmpty (17 bytes)
206  927       3       java.util.ArrayDeque$$Lambda/0x00000ffe0106e7a8::<init> (10 bytes)
206  929       3       java.lang.Iterable::forEach (39 bytes)
206  928       3       jdk.jfr.EventSettings$InternalAccess::getType (98 bytes)
207  932       3       java.util.ArrayDeque::addAll (50 bytes)
207  923       3       java.util.ArrayDeque::copyElements (13 bytes)
207  925       3       jdk.jfr.internal.Type::getAnnotationElements (8 bytes)
207  930       3       jdk.jfr.AnnotationElement::getAnnotationElements (8 bytes)
207  931       3       java.lang.Long::hashCode (8 bytes)
207  934       3       java.util.ImmutableCollections$List12::forEach (31 bytes)
208  935       3       java.util.ArrayDeque::grow (165 bytes)
208  936       3       jdk.jfr.ValueDescriptor::getAnnotationElements (8 bytes)
208  937       3       jdk.jfr.internal.TypeLibrary::visitAnnotations (92 bytes)
209  938       3       java.util.ArrayDeque::<init> (35 bytes)
209  939       3       java.util.ArrayDeque::<init> (16 bytes)
209  252       3       java.io.DataInputStream::readFully (59 bytes)   made not entrant: not used
209  843       4       java.util.Objects::checkFromIndexSize (8 bytes)
209  940       3       java.util.Collections$UnmodifiableCollection::<init> (22 bytes)
209  941       3       java.util.Collections$UnmodifiableRandomAccessList::<init> (6 bytes)
209  249       3       java.util.Objects::checkFromIndexSize (8 bytes)   made not entrant: not used
210  899       4       java.lang.invoke.MethodType::parameterCount (6 bytes)
210  945       3       java.util.Collections::unmodifiableList (51 bytes)
210  328       3       java.lang.invoke.MethodType::parameterCount (6 bytes)   made not entrant: not used
210  863       4       java.lang.CharacterData::of (136 bytes)
210  943       3       java.lang.Long::hashCode (8 bytes)
210  944       3       java.lang.Long::valueOf (40 bytes)
210  441       3       java.lang.CharacterData::of (136 bytes)   made not entrant: not used
210  853       4       java.lang.CharacterDataLatin1::getProperties (11 bytes)
210  942       3       java.util.Collections$UnmodifiableList::<init> (11 bytes)
210  453       3       java.lang.CharacterDataLatin1::getProperties (11 bytes)   made not entrant: not used
210  948       4       java.util.ArrayDeque::addLast (51 bytes)
211  946       1       jdk.jfr.internal.PlatformEventType::getAllSettings (5 bytes)
211  950       2       java.util.HashMap::containsKey (14 bytes)
211  803       3       java.util.ArrayDeque::addLast (51 bytes)   made not entrant: not used
211  924       4       java.util.ImmutableCollections$ListN::size (6 bytes)
211  952       3       jdk.jfr.internal.TypeLibrary$$Lambda/0x00000ffe0106e318::test (8 bytes)
212  630       3       java.util.ImmutableCollections$ListN::size (6 bytes)   made not entrant: not used
212  955       4       java.util.HashMap::getNode (150 bytes)
212  954       3       jdk.jfr.internal.TypeLibrary::lambda$initialize$0 (24 bytes)
212  953       3       java.lang.Long::equals (32 bytes)
212  951       1       java.lang.Long::longValue (5 bytes)
213  960       3       java.lang.Class::isAnnotation (17 bytes)
213  961       3       jdk.internal.loader.AbstractClassLoaderValue::sub (10 bytes)
213  963       3       jdk.internal.util.ArraysSupport::hashCode (42 bytes)
214  964       3       java.lang.reflect.AccessibleObject::<init> (5 bytes)
214  966       3       jdk.internal.classfile.impl.EntryMap::nextToken (37 bytes)
214  962       3       java.util.Arrays::hashCode (15 bytes)
214  965       3       java.lang.reflect.Executable::<init> (5 bytes)
214  967       3       java.lang.classfile.Attributes::stackMapTable (4 bytes)
214  970       3       java.lang.invoke.LambdaForm$BasicType::basicType (8 bytes)
214  971       3       sun.invoke.util.Wrapper::basicTypeChar (18 bytes)
214  968       1       jdk.internal.classfile.impl.StackCounter::maxStack (5 bytes)
214   93       3       java.util.HashMap::getNode (150 bytes)   made not entrant: not used
215  957       4       java.util.ArrayDeque::isEmpty (17 bytes)
215  972       3       jdk.internal.reflect.ReflectionFactory::copyMethod (11 bytes)
215  973       3       java.lang.reflect.ReflectAccess::copyMethod (5 bytes)
215  926       3       java.util.ArrayDeque::isEmpty (17 bytes)   made not entrant: not used
215  958       4       java.util.ArrayDeque::pollFirst (36 bytes)
215  974       3       java.lang.reflect.Method::copy (92 bytes)
215  975       3       java.lang.reflect.Method::<init> (68 bytes)
215  976       3       jdk.internal.util.ReferencedKeyMap::entryKey (33 bytes)
216  618       3       java.util.ArrayDeque::pollFirst (36 bytes)   made not entrant: not used
216  959       4       java.util.ArrayDeque::poll (5 bytes)
216  980       3       jdk.internal.constant.MethodTypeDescImpl::ofValidated (27 bytes)
216  977       3       java.nio.HeapByteBuffer::get (14 bytes)
216  978       3       java.nio.Buffer::nextGetIndex (30 bytes)
216  979       3       java.nio.HeapByteBuffer::ix (7 bytes)
216  619       3       java.util.ArrayDeque::poll (5 bytes)   made not entrant: not used
216  831       4       sun.reflect.generics.parser.SignatureParser::current (59 bytes)
216  969       1       jdk.internal.classfile.impl.StackCounter::maxLocals (5 bytes)
217  981       1       java.lang.invoke.MethodType::rtype (5 bytes)
217  982       3       sun.reflect.annotation.AnnotationParser::parseSig (62 bytes)
217  440       3       sun.reflect.generics.parser.SignatureParser::current (59 bytes)   made not entrant: not used
217  949       4       java.util.ImmutableCollections$ListItr::hasNext (17 bytes)
217  983       3       sun.reflect.generics.parser.SignatureParser::make (8 bytes)
217  984       3       sun.reflect.generics.parser.SignatureParser::<init> (5 bytes)
217  434       3       java.util.ImmutableCollections$ListItr::hasNext (17 bytes)   made not entrant: not used
217  947       4       java.util.HashMap::put (13 bytes)
217  985       3       sun.reflect.generics.parser.SignatureParser::parseTypeSig (10 bytes)
218  986       3       sun.reflect.generics.parser.SignatureParser::init (16 bytes)
218  991       3       java.util.LinkedHashMap::get (29 bytes)
218  993       3       jdk.jfr.internal.Type::getKnownType (65 bytes)
218  987       3       java.lang.Class::getInterfaces (40 bytes)
218  989       3       java.util.LinkedHashMap::entrySet (5 bytes)
218  990       3       java.util.LinkedHashMap::sequencedEntrySet (31 bytes)
219  996       3       jdk.jfr.AnnotationElement::getTypeId (8 bytes)
219  997       3       java.lang.StringLatin1::indexOf (121 bytes)
219  998       3       java.util.LinkedHashMap$LinkedEntrySet::iterator (16 bytes)
219  999       3       java.util.LinkedHashMap$LinkedEntryIterator::<init> (14 bytes)
219 1000       3       jdk.jfr.internal.Type::getTypeId (21 bytes)
219 1002       3       jdk.jfr.AnnotationElement::getTypeName (8 bytes)
219  994       1       java.lang.Boolean::booleanValue (5 bytes)
219 1001       1       jdk.jfr.ValueDescriptor::getName (5 bytes)
220 1003       3       jdk.jfr.internal.EventControl::remove (76 bytes)
220 1004       3       jdk.jfr.internal.AnnotationConstruct::getAnnotationElement (127 bytes)
220 1006       3       jdk.jfr.internal.Type::hasAnnotation (17 bytes)
220 1007       1       jdk.jfr.internal.PlatformEventType::hasPeriod (5 bytes)
221 1009       3       java.util.Collections::emptyList (4 bytes)
221 1010       3       java.util.ArrayList::fastRemove (44 bytes)
221 1008       1       java.util.Collections$EmptyList::isEmpty (2 bytes)
221 1012       3       jdk.internal.util.DecimalDigits::uncheckedPutCharLatin1 (40 bytes)
221 1011       1       jdk.jfr.AnnotationElement::getValues (5 bytes)
222 1014       1       jdk.jfr.internal.PlatformEventType::isJVM (5 bytes)
222 1015       3       jdk.jfr.internal.Type::setAnnotations (9 bytes)
222 1016       3       jdk.jfr.internal.AnnotationConstruct::setAnnotationElements (9 bytes)
222 1017       3       jdk.jfr.internal.util.Utils::findField (44 bytes)
222 1018       3       java.util.ArrayList::remove (76 bytes)
223 1019       1       jdk.jfr.internal.PlatformEventType::setHasCutoff (6 bytes)
223 1020       1       jdk.jfr.internal.PlatformEventType::setHasThrottle (6 bytes)
223 1021       1       jdk.jfr.internal.PlatformEventType::setHasLevel (6 bytes)
223 1026     n 0       jdk.internal.misc.Unsafe::getLongVolatile (native)   
223 1022       1       jdk.jfr.internal.PlatformEventType::setHasPeriod (6 bytes)
223 1023       1       jdk.jfr.internal.PlatformEventType::hasCutoff (5 bytes)
223 1024       1       jdk.jfr.internal.PlatformEventType::hasThrottle (5 bytes)
223 1025       1       jdk.jfr.internal.PlatformEventType::hasLevel (5 bytes)
224 1027       3       sun.reflect.generics.parser.SignatureParser::parsePackageNameAndSimpleClassTypeSignature (119 bytes)
224 1028       3       java.lang.invoke.DirectMethodHandle::internalMemberName (8 bytes)
224   86       3       java.util.HashMap::put (13 bytes)   made not entrant: not used
224  995       4       java.util.LinkedHashMap$LinkedHashIterator::hasNext (13 bytes)
224 1029     n 0       java.lang.invoke.MethodHandle::linkToStatic(IL)L (native)   (static)
225  234       3       java.util.LinkedHashMap$LinkedHashIterator::hasNext (13 bytes)   made not entrant: not used
225  988       4       java.util.LinkedHashMap$LinkedHashIterator::nextNode (68 bytes)
225 1030       3       java.lang.invoke.LambdaForm$Name::withIndex (35 bytes)
225 1031     n 0       java.lang.invoke.MethodHandle::invokeBasic(L)I (native)   
225 1032     n 0       java.lang.invoke.MethodHandle::linkToSpecial(LLL)I (native)   (static)
225  237       3       java.util.LinkedHashMap$LinkedHashIterator::nextNode (68 bytes)   made not entrant: not used
225 1005       4       java.util.LinkedHashMap$LinkedEntryIterator::next (5 bytes)
225 1033       3       jdk.internal.classfile.impl.AbstractPoolEntry$NameAndTypeEntryImpl::name (8 bytes)
225 1034       3       jdk.internal.classfile.impl.DirectCodeBuilder::fieldAccess (14 bytes)
225 1035     n 0       java.lang.invoke.MethodHandle::linkToStatic(LLLLLL)L (native)   (static)
226 1036       3       java.lang.invoke.MemberName$Factory::resolveOrFail (83 bytes)
226 1037     n 0       java.lang.invoke.MethodHandle::invokeBasic(LLLLL)L (native)   
226  235       3       java.util.LinkedHashMap$LinkedEntryIterator::next (5 bytes)   made not entrant: not used
226 1013   !   4       java.util.ImmutableCollections$ListItr::next (34 bytes)
226 1038       3       jdk.internal.classfile.impl.UnboundAttribute::writeTo (12 bytes)
226 1040       3       java.lang.invoke.MemberName::isStatic (8 bytes)
226 1041       3       java.lang.invoke.MethodTypeForm::cachedLambdaForm (23 bytes)
226 1042       3       java.lang.invoke.MethodHandle::<init> (37 bytes)
227 1043       3       java.lang.invoke.LambdaForm::prepare (92 bytes)
227  586   !   3       java.util.ImmutableCollections$ListItr::next (34 bytes)   made not entrant: not used
227  933       4       java.util.ImmutableCollections$ListN::get (7 bytes)
227 1039       3       java.lang.invoke.MemberName::getName (25 bytes)
227 1044       3       java.lang.invoke.MethodType::basicType (8 bytes)
227  698       3       java.util.ImmutableCollections$ListN::get (7 bytes)   made not entrant: not used
227  895       4       java.lang.Character::codePointAt (51 bytes)
227 1046       3       java.lang.Class::getAnnotation (22 bytes)
227 1045       1       jdk.internal.util.ClassFileDumper::isEnabled (5 bytes)
228 1047       3       java.lang.WeakPairMap::expungeStaleAssociations (31 bytes)
228 1050       3       java.lang.invoke.Invokers$Holder::invokeExact_MT (23 bytes)
228  850       3       java.lang.Character::codePointAt (51 bytes)   made not entrant: not used
228 1054       4       sun.reflect.generics.parser.SignatureParser::advance (53 bytes)
228 1048       3       java.lang.WeakPairMap$Pair::hashCode (10 bytes)
228 1049       3       java.lang.PublicMethods$MethodList::getMostSpecific (63 bytes)
228 1057       3       jdk.internal.classfile.impl.DirectClassBuilder::withMethod (54 bytes)
228  452       3       sun.reflect.generics.parser.SignatureParser::advance (53 bytes)   made not entrant: not used
229 1055       4       java.lang.String::toString (2 bytes)
229 1051       3       java.lang.invoke.Invokers::checkExactType (17 bytes)
229  485       3       java.lang.String::toString (2 bytes)   made not entrant: not used
229  992       4       java.lang.CharacterDataLatin1::isJavaIdentifierPart (20 bytes)
229 1052       3       java.lang.invoke.Invokers::checkCustomized (23 bytes)
229 1056       3       java.util.ImmutableCollections$List12::<init> (21 bytes)
229  852       3       java.lang.CharacterDataLatin1::isJavaIdentifierPart (20 bytes)   made not entrant: not used
229  849  s    4       java.io.ByteArrayInputStream::read (73 bytes)
229 1061       3       java.lang.invoke.LambdaForm$MH/0x00000ffe01040c00::invoke (25 bytes)
229 1060       3       java.lang.PublicMethods$MethodList::<init> (10 bytes)
230 1062       3       jdk.internal.classfile.impl.AbstractPoolEntry$Utf8EntryImpl::charAt (62 bytes)
230 1064       3       java.lang.PublicMethods$MethodList::filter (104 bytes)
230 1063       3       java.lang.Class::getMethodsRecursive (104 bytes)
231  844  s    3       java.io.ByteArrayInputStream::read (73 bytes)   made not entrant: not used
231 1053       4       java.lang.CharacterDataLatin1::isWhitespace (23 bytes)
231 1065       3       java.lang.reflect.Array::newInstance (6 bytes)
231 1067     n 0       java.lang.Class::getConstantPool (native)   
231 1066       3       java.lang.invoke.MemberName::isResolved (13 bytes)
231 1058       1       jdk.internal.classfile.impl.BufWriterImpl::labelContext (5 bytes)
231  546       3       java.lang.CharacterDataLatin1::isWhitespace (23 bytes)   made not entrant: not used
231  739       4       jdk.internal.classfile.impl.SplitConstantPool::tryFindUtf8 (103 bytes)
231 1059       1       jdk.internal.classfile.impl.DirectCodeBuilder::methodInfo (5 bytes)
232  928       3       jdk.jfr.EventSettings$InternalAccess::getType (98 bytes)   made not entrant: C1 deoptimize for patching
232 1069     n 0       jdk.internal.reflect.Reflection::getCallerClass (native)   (static)
232 1070       1       java.lang.reflect.Method::getRoot (5 bytes)
232 1071       3       java.lang.Class::getMethod (38 bytes)
232 1073       3       java.lang.String::indexOf (64 bytes)
233 1074       3       java.lang.StringLatin1::indexOf (25 bytes)
233 1076   !   3       sun.reflect.annotation.AnnotationParser::parseAnnotation2 (275 bytes)
234 1081       2       jdk.jfr.EventSettings$InternalAccess::getType (98 bytes)
234 1077       3       java.lang.WeakPairMap$Pair::lookup (10 bytes)
234 1078       3       java.lang.WeakPairMap$Pair$Lookup::<init> (21 bytes)
234 1079       3       java.lang.WeakPairMap$Pair$Lookup::hashCode (12 bytes)
234 1072       3       java.lang.Class::getMethod0 (32 bytes)
234 1082       3       java.lang.Module::implIsExportedOrOpen (92 bytes)
235 1080       1       jdk.jfr.ValueDescriptor::getType (5 bytes)
235 1084       3       java.lang.Class::annotationData (44 bytes)
235 1075       1       java.util.Collections$EmptyMap::get (2 bytes)
235 1083       1       java.lang.reflect.Field::getType (5 bytes)
235 1088       3       java.lang.invoke.Invokers::maybeCustomize (5 bytes)
235 1089       3       java.lang.invoke.MethodHandle::maybeCustomize (38 bytes)
235 1090       3       java.lang.invoke.DirectMethodHandle$Holder::invokeSpecial (15 bytes)
236 1093   !   3       jdk.internal.loader.AbstractClassLoaderValue::computeIfAbsent (113 bytes)
236 1087       3       java.lang.WeakPairMap::get (17 bytes)
236 1094       3       java.lang.WeakPairMap$Pair$Weak::first (5 bytes)
236 1091       1       java.lang.reflect.Field::getModifiers (5 bytes)
237 1092       1       java.lang.reflect.Field::getName (5 bytes)
237 1095       3       java.lang.WeakPairMap$Pair::equals (34 bytes)
237 1096       3       java.lang.WeakPairMap$Pair$Lookup::equals (31 bytes)
237 1098       3       java.lang.WeakPairMap$Pair$Weak::second (8 bytes)
237 1097       3       java.lang.invoke.LambdaForm$MH/0x00000ffe01041000::invoke (35 bytes)
237 1100       3       sun.reflect.generics.parser.SignatureParser::parseTypeSignature (130 bytes)
237 1107       3       java.lang.Module::isExplicitlyExportedOrOpened (70 bytes)
238 1101       3       sun.reflect.generics.parser.SignatureParser::parseFieldTypeSignature (6 bytes)
238 1102       3       sun.reflect.generics.parser.SignatureParser::parseFieldTypeSignature (73 bytes)
238 1099       3       java.lang.reflect.Modifier::isPrivate (12 bytes)
238 1103       3       sun.reflect.generics.parser.SignatureParser::parseClassTypeSignature (95 bytes)
239 1114       3       java.util.ArrayList::indexOfRange (71 bytes)
239 1104       3       sun.reflect.generics.tree.SimpleClassTypeSignature::<init> (20 bytes)
239 1105       3       sun.reflect.generics.parser.SignatureParser::parseClassTypeSignatureSuffix (29 bytes)
239 1106       3       sun.reflect.generics.visitor.Reifier::visitClassTypeSignature (381 bytes)
240 1110       3       java.lang.reflect.Proxy::newProxyInstance (17 bytes)
240 1117       3       sun.reflect.generics.tree.SimpleClassTypeSignature::make (11 bytes)
240 1111       3       java.lang.reflect.Proxy::getProxyConstructor (63 bytes)
241 1119       3       jdk.internal.classfile.impl.ClassFileImpl::passDebugElements (23 bytes)
241 1116   !   3       java.lang.reflect.Executable::declaredAnnotations (85 bytes)
241 1120       3       java.lang.classfile.Attributes::code (4 bytes)
241 1118       3       sun.invoke.util.Wrapper::forPrimitiveType (122 bytes)
241 1112       3       java.util.ArrayList::contains (14 bytes)
241 1113       3       java.util.ArrayList::indexOf (11 bytes)
242 1126       3       jdk.jfr.internal.TypeLibrary$$Lambda/0x00000ffe01072ec0::test (8 bytes)
242  399       3       jdk.internal.classfile.impl.SplitConstantPool::tryFindUtf8 (103 bytes)   made not entrant: not used
242 1127       3       jdk.jfr.internal.TypeLibrary::lambda$addTypes$0 (24 bytes)
242 1108       4       jdk.jfr.internal.Type::getKnownType (65 bytes)
242 1123       3       jdk.internal.classfile.impl.BufWriterImpl::writeIndexOrZero (10 bytes)
242 1125       3       jdk.internal.classfile.impl.BufWriterImpl::cpIndexOrZero (21 bytes)
243 1132  s    3       jdk.jfr.internal.TypeLibrary::createAnnotation (103 bytes)
243 1131       3       java.lang.Module::isReflectivelyExportedOrOpened (182 bytes)
244 1129       3       jdk.internal.loader.AbstractClassLoaderValue$Sub::equals (55 bytes)
245 1135       3       java.lang.Module::isExported (18 bytes)
245 1089       3       java.lang.invoke.MethodHandle::maybeCustomize (38 bytes)   made not entrant: C1 deoptimize for patching
245 1136       3       jdk.internal.loader.AbstractClassLoaderValue$Sub::hashCode (19 bytes)
245  993       3       jdk.jfr.internal.Type::getKnownType (65 bytes)   made not entrant: not used
245 1134       4       java.lang.Object::equals (11 bytes)
245 1133       1       java.lang.reflect.Field::getDeclaringClass (5 bytes)
245 1130       1       java.util.Collections$SingletonList::size (2 bytes)
245  113       3       java.lang.Object::equals (11 bytes)   made not entrant: not used
245 1122       4       jdk.internal.classfile.impl.AbstractPoolEntry::maybeClone (26 bytes)
245 1124       1       jdk.internal.classfile.impl.UnboundAttribute$UnboundExceptionsAttribute::exceptions (5 bytes)
246 1137       1       java.lang.invoke.LambdaForm$Name::index (5 bytes)
246  361       3       jdk.internal.classfile.impl.AbstractPoolEntry::maybeClone (26 bytes)   made not entrant: not used
247 1138       4       java.util.List::of (4 bytes)
247 1139       3       sun.invoke.util.VerifyType::isNullConversion (157 bytes)
247  854       3       java.util.List::of (4 bytes)   made not entrant: not used
247 1068       4       java.util.ImmutableCollections$AbstractImmutableList::iterator (13 bytes)
248 1140       3       java.lang.invoke.MethodHandle::maybeCustomize (38 bytes)
248  597       3       java.util.ImmutableCollections$AbstractImmutableList::iterator (13 bytes)   made not entrant: not used
248 1109       4       jdk.jfr.internal.PrivateAccess::getInstance (15 bytes)
248 1145       2       java.lang.Number::<init> (5 bytes)
248  869       3       jdk.jfr.internal.PrivateAccess::getInstance (15 bytes)   made not entrant: not used
248 1115       4       java.lang.Class::cast (27 bytes)
248 1141   !   3       jdk.proxy1.$Proxy6::annotationType (28 bytes)
248 1142       1       java.lang.invoke.LambdaForm$BasicType::basicTypeKind (5 bytes)
248 1148       3       java.util.HashMap::putMapEntries (170 bytes)
249  383       3       java.lang.Class::cast (27 bytes)   made not entrant: not used
249  956       4       java.lang.Long::hashCode (8 bytes)
249 1150       3       jdk.jfr.internal.TypeLibrary::shouldPersist (21 bytes)
249  931       3       java.lang.Long::hashCode (8 bytes)   made not entrant: not used
249 1085       4       java.lang.Long::hashCode (8 bytes)
249 1149       3       sun.reflect.annotation.AnnotationParser::annotationForMap (28 bytes)
249  943       3       java.lang.Long::hashCode (8 bytes)   made not entrant: not used
249 1086       4       java.lang.Long::valueOf (40 bytes)
250 1143       3       jdk.internal.classfile.impl.AbstractPoolEntry$Utf8EntryImpl::clone (6 bytes)
250 1151       3       sun.reflect.generics.tree.ClassTypeSignature::accept (8 bytes)
250 1152       3       java.lang.AbstractStringBuilder::<init> (68 bytes)
250  944       3       java.lang.Long::valueOf (40 bytes)   made not entrant: not used
250  764       4       jdk.internal.classfile.impl.ClassReaderImpl::entryByIndex (809 bytes)
250 1153       3       java.lang.StringBuilder::append (6 bytes)
250 1154   !   3       sun.reflect.generics.factory.CoreReflectionFactory::makeNamedType (21 bytes)
250 1155       3       sun.reflect.generics.factory.CoreReflectionFactory::getDeclsLoader (87 bytes)
250 1156       3       jdk.jfr.internal.TypeLibrary::isDefined (16 bytes)
251 1159       3       jdk.jfr.internal.TypeLibrary::getType (19 bytes)
251 1158       3       java.lang.Module::implAddExportsOrOpens (279 bytes)
252 1164  s    3       jdk.jfr.internal.TypeLibrary::createAnnotationType (148 bytes)
253 1160       3       java.lang.reflect.Constructor::newInstance (34 bytes)
253 1166     n 0       java.lang.invoke.MethodHandle::invokeBasic(I)V (native)   
253 1161       3       java.lang.reflect.Constructor::newInstanceWithCaller (51 bytes)
253 1162   !   3       jdk.internal.reflect.DirectConstructorHandleAccessor::newInstance (130 bytes)
254  840       3       java.io.DataInputStream::readUTF (601 bytes)   made not entrant: marked for deoptimization
254 1163       3       jdk.internal.reflect.DirectConstructorHandleAccessor::invokeImpl (103 bytes)
255 1165   !   3       java.lang.reflect.Proxy::newProxyInstance (62 bytes)
255 1168     n 0       java.lang.invoke.MethodHandle::linkToSpecial(LL)J (native)   (static)
255 1144       3       jdk.internal.classfile.impl.AbstractPoolEntry$Utf8EntryImpl::clone (65 bytes)
255 1146       1       java.lang.classfile.ClassFile::latestMinorVersion (2 bytes)
255 1169       3       jdk.internal.classfile.impl.DirectCodeBuilder::processDeferredLabels (109 bytes)
255  813       3       jdk.internal.classfile.impl.StackCounter::next (68 bytes)   made not entrant: marked for deoptimization
255  937       3       jdk.jfr.internal.TypeLibrary::visitAnnotations (92 bytes)   made not entrant: marked for deoptimization
256 1171   !   3       jdk.internal.classfile.impl.StackMapGenerator::detectFrames (498 bytes)
256  910       3       java.util.Comparator$$Lambda/0x00000ffe0106e070::compare (10 bytes)   made not entrant: marked for deoptimization
256  911       3       java.util.Comparator::lambda$comparingLong$6043328a$1 (18 bytes)   made not entrant: marked for deoptimization
256 1170       3       jdk.internal.classfile.impl.DirectCodeBuilder$4::<init> (16 bytes)
257 1172       3       jdk.internal.classfile.impl.DirectMethodBuilder::writeTo (33 bytes)
257 1176       3       sun.invoke.util.VerifyAccess::isSamePackage (37 bytes)
258 1173       3       jdk.internal.classfile.impl.DirectCodeBuilder$4::writeBody (243 bytes)
258 1177       3       sun.nio.fs.UnixPath::checkNotNul (16 bytes)
259 1180       3       jdk.jfr.internal.Type::compareTo (9 bytes)
259 1174       3       jdk.internal.classfile.impl.ClassFileImpl::stackMapsWhenRequired (23 bytes)
259 1175       3       jdk.internal.classfile.impl.BufWriterImpl::bytecodeView (12 bytes)
259 1086       4       java.lang.Long::valueOf (40 bytes)   made not entrant: uncommon trap
259 1179       1       jdk.jfr.internal.Type::isVisible (5 bytes)
259 1181       3       jdk.internal.util.DecimalDigits::stringSize (55 bytes)
259 1184       3       java.lang.Long::valueOf (40 bytes)
259 1182       3       jdk.internal.util.DecimalDigits::uncheckedGetCharsLatin1 (160 bytes)
260 1183       3       jdk.internal.util.DecimalDigits::uncheckedPutPairLatin1 (31 bytes)
260 1189       3       jdk.jfr.internal.MetadataDescriptor$Element::addAttribute (23 bytes)
260 1188       3       java.lang.String::valueOf (15 bytes)
260 1190       3       jdk.jfr.internal.MetadataDescriptor$Attribute::<init> (15 bytes)
260 1191       3       java.lang.Long::toString (55 bytes)
260 1192       4       jdk.jfr.AnnotationElement::getTypeId (8 bytes)
260 1193       3       jdk.jfr.internal.MetadataDescriptor$Element::<init> (32 bytes)
260 1194       3       jdk.jfr.internal.MetadataDescriptor$Element::newChild (22 bytes)
260  996       3       jdk.jfr.AnnotationElement::getTypeId (8 bytes)   made not entrant: not used
261 1185       4       java.util.ArrayList::add (25 bytes)
261 1198       3       jdk.jfr.internal.MetadataWriter::makeAnnotation (115 bytes)
261 1195       3       java.lang.Long::toString (8 bytes)
261 1199       3       jdk.jfr.AnnotationElement::getValueDescriptors (11 bytes)
261 1196       1       jdk.jfr.ValueDescriptor::isConstantPool (5 bytes)
261 1200       3       jdk.jfr.internal.MetadataWriter::makeFieldElement (114 bytes)
262 1201       3       jdk.jfr.ValueDescriptor::getTypeId (8 bytes)
262 1202       1       jdk.jfr.SettingDescriptor::getName (5 bytes)
262 1203       1       jdk.jfr.SettingDescriptor::getDefaultValue (5 bytes)
262 1167       1       jdk.internal.classfile.impl.AnnotationImpl::className (5 bytes)
262 1206       3       jdk.internal.util.DecimalDigits::stringSize (47 bytes)
262 1209       3       java.lang.StringBuilder::append (8 bytes)
262 1210       3       jdk.jfr.SettingDescriptor::getTypeId (8 bytes)
262 1212       3       java.lang.Boolean::valueOf (14 bytes)
263 1207       3       jdk.internal.util.DecimalDigits::uncheckedGetCharsLatin1 (105 bytes)
263 1211       3       java.util.ArrayList::elementAt (4 bytes)
263 1208       1       jdk.jfr.internal.Type::getSuperType (5 bytes)
263 1213       3       java.lang.Boolean::toString (8 bytes)
263 1214       3       java.lang.String::valueOf (14 bytes)
263 1215       3       jdk.jfr.SettingDescriptor::getAnnotationElements (8 bytes)
263 1147       1       jdk.internal.classfile.impl.DirectClassBuilder::setFlags (6 bytes)
263 1216       3       jdk.jfr.internal.MetadataWriter$$Lambda/0x00000ffe0107c618::accept (12 bytes)
263  555       3       java.util.ArrayList::add (25 bytes)   made not entrant: not used
263 1205       4       jdk.internal.util.DecimalDigits::uncheckedPutCharLatin1 (40 bytes)
264 1217       3       jdk.jfr.internal.MetadataWriter::makeTypeElement (210 bytes)
264 1012       3       jdk.internal.util.DecimalDigits::uncheckedPutCharLatin1 (40 bytes)   made not entrant: not used
264 1187       4       java.lang.String::<init> (15 bytes)
264  247       3       java.lang.String::<init> (15 bytes)   made not entrant: not used
264 1204       4       java.util.Collections$UnmodifiableCollection$1::hasNext (10 bytes)
264 1224       3       jdk.jfr.internal.MetadataWriter::buildStringPool (109 bytes)
264 1220       3       java.lang.AbstractStringBuilder::append (72 bytes)
265  627       3       java.util.Collections$UnmodifiableCollection$1::hasNext (10 bytes)   made not entrant: not used
265 1218       3       jdk.jfr.internal.util.Utils::isSettingVisible (45 bytes)
265 1223       4       java.util.HashSet::add (20 bytes)
265 1219       3       jdk.jfr.internal.settings.ThresholdSetting::isType (14 bytes)
265 1221       1       jdk.jfr.internal.MetadataDescriptor$Attribute::name (5 bytes)
265 1222       1       jdk.jfr.internal.MetadataDescriptor$Attribute::value (5 bytes)
265 1178       1       java.lang.invoke.InfoFromMemberName::getReferenceKind (5 bytes)
266 1228  s    3       java.io.ByteArrayOutputStream::write (32 bytes)
266 1231       3       java.io.DataOutputStream::incCount (20 bytes)
266 1232       3       jdk.jfr.internal.MetadataWriter::writeInt (148 bytes)
266 1229       3       java.io.ByteArrayOutputStream::ensureCapacity (32 bytes)
267 1233       3       jdk.jfr.internal.MetadataWriter::writeString (67 bytes)
267 1234       1       jdk.jfr.internal.consumer.StringParser$Encoding::byteValue (5 bytes)
267 1230  s    2       java.io.DataOutputStream::write (14 bytes)
267 1235       3       java.lang.Integer::valueOf (32 bytes)
267 1237       3       java.io.DataOutputStream::writeByte (14 bytes)
267 1236       3       java.lang.Integer::<init> (10 bytes)
269 1243       1       java.lang.Integer::intValue (5 bytes)
269 1244       3       jdk.jfr.internal.MetadataWriter::write (168 bytes)
272  116       3       java.util.HashSet::add (20 bytes)   made not entrant: not used
272 1242       4       jdk.jfr.internal.MetadataWriter::writeString (67 bytes)
273 1246       3       java.util.HashMap::<init> (8 bytes)
273 1248       3       jdk.internal.util.ArraysSupport::mismatch (103 bytes)
273 1251       3       java.util.HashMap::tableSizeFor (32 bytes)
274 1249       3       java.lang.Float::isNaN (12 bytes)
274 1250       3       java.util.HashMap::<init> (98 bytes)
274 1252       3       java.lang.Math::ceil (5 bytes)
274 1253       3       java.lang.StrictMath::ceil (10 bytes)
274 1254       3       java.lang.StrictMath::floorOrCeil (128 bytes)
275 1255       3       java.lang.Math::getExponent (17 bytes)
275 1256       3       java.util.HashMap::calculateHashMapCapacity (11 bytes)
275 1247       3       java.lang.String::startsWith (123 bytes)
275 1257       3       java.lang.String::substring (10 bytes)
275 1259       1       jdk.jfr.internal.SettingsManager$InternalSetting::getSettingsId (5 bytes)
275 1258       3       java.util.HashSet::<init> (17 bytes)
275 1264     n 0       jdk.jfr.internal.JVM::setEnabled (native)   (static)
276 1260       1       jdk.jfr.internal.EventControl$NamedControl::name (5 bytes)
276 1261       1       jdk.jfr.internal.EventControl$NamedControl::control (5 bytes)
276 1262       1       jdk.jfr.internal.Control::getLastValue (5 bytes)
276 1263       1       jdk.jfr.internal.settings.BooleanSetting::getValue (5 bytes)
276 1265       1       jdk.jfr.internal.PlatformEventType::isEnabled (5 bytes)
276 1266       1       jdk.jfr.internal.EventControl::getEventType (5 bytes)
276 1267       1       jdk.jfr.internal.EventControl::getSettingsId (5 bytes)
276 1268       1       jdk.jfr.internal.EventControl::getNamedControls (5 bytes)
276 1269   !   3       jdk.jfr.internal.Control::setValue (69 bytes)
277 1271     n 0       jdk.jfr.internal.JVM::getConfiguration (native)   (static)
277 1270       3       jdk.jfr.internal.SettingsManager$InternalSetting::getValues (35 bytes)
277 1272       3       jdk.internal.misc.Unsafe::putByte (8 bytes)
277 1273       3       jdk.jfr.internal.event.EventWriter::putUncheckedByte (22 bytes)
277 1274       3       jdk.jfr.internal.event.EventWriter::putUncheckedLong (278 bytes)
277 1275       3       jdk.jfr.internal.event.EventWriter::putUncheckedChar (7 bytes)
277 1277       3       jdk.jfr.internal.event.EventWriter::isValidForSize (44 bytes)
277 1281     n 0       jdk.jfr.internal.JVM::getEventWriter (native)   (static)
278 1284     n 0       jdk.jfr.internal.JVM::commit (native)   (static)
278 1279       3       jdk.jfr.internal.event.EventWriter::putLong (15 bytes)
278 1276       1       jdk.jfr.internal.event.EventConfiguration::platformEventType (5 bytes)
278 1278       1       jdk.jfr.internal.PlatformEventType::isCommittable (5 bytes)
278 1286       3       jdk.jfr.internal.event.EventWriter::putStringValue (56 bytes)
278 1280       1       jdk.jfr.internal.PlatformEventType::hasEventHook (5 bytes)
278 1282       1       jdk.jfr.internal.event.EventConfiguration::id (5 bytes)
278 1283       1       jdk.jfr.internal.PlatformEventType::isLargeSize (5 bytes)
278 1285       3       jdk.jfr.internal.event.EventWriter::putString (84 bytes)
279 1287       3       jdk.jfr.internal.Control::isType (17 bytes)
279 1289       3       jdk.jfr.internal.event.EventWriter::putUncheckedInt (11 bytes)
279 1288       1       jdk.jfr.internal.PlatformEventType::isRegistered (5 bytes)
279 1291       1       jdk.jfr.internal.periodic.EventTask::getEventType (5 bytes)
280 1292       3       jdk.jfr.internal.event.EventConfiguration::isEnabled (8 bytes)
281 1293 %     3       java.util.Properties$LineReader::readLine @ 224 (584 bytes)
281 1294     n 0       java.lang.ref.Reference::refersTo0 (native)   
281 1204       4       java.util.Collections$UnmodifiableCollection$1::hasNext (10 bytes)   made not entrant: uncommon trap
[0.282s][info][jfr,startup] Started recording 1. No limit specified, using maxsize=250MB as default.
[0.282s][info][jfr,startup] 
[0.282s][info][jfr,startup] Use jcmd 4055 JFR.dump name=1 to copy recording data to file.
282  832       4       java.lang.StringLatin1::replace (197 bytes)   made not entrant: uncommon trap
282 1300       2       java.util.Collections$UnmodifiableCollection$1::hasNext (10 bytes)
283 1301       1       jdk.jfr.internal.periodic.PeriodicTask::getPeriod (5 bytes)
283 1295       3       jdk.jfr.internal.event.EventWriter::usedSize (11 bytes)
283 1296       3       jdk.jfr.internal.event.EventWriter::getEventWriter (14 bytes)
283 1297       3       jdk.jfr.internal.event.EventWriter::beginEvent (70 bytes)
283 1298       3       jdk.jfr.internal.event.EventWriter::reserveEventSizeField (60 bytes)
283 1299       3       jdk.jfr.internal.event.EventWriter::endEvent (134 bytes)
286 1233       3       jdk.jfr.internal.MetadataWriter::writeString (67 bytes)   made not entrant: not used
286 1239  s    4       java.io.ByteArrayOutputStream::write (32 bytes)
287 1228  s    3       java.io.ByteArrayOutputStream::write (32 bytes)   made not entrant: not used
287 1240       4       java.io.ByteArrayOutputStream::ensureCapacity (32 bytes)
287 1229       3       java.io.ByteArrayOutputStream::ensureCapacity (32 bytes)   made not entrant: not used
288 1241       4       jdk.jfr.internal.MetadataWriter::writeInt (148 bytes)
292 1232       3       jdk.jfr.internal.MetadataWriter::writeInt (148 bytes)   made not entrant: not used
292 1245       4       java.util.LinkedHashMap::get (29 bytes)
293 1302       3       Many::m0 (14 bytes)
295 1304       3       Many::m1 (14 bytes)
296  991       3       java.util.LinkedHashMap::get (29 bytes)   made not entrant: not used
296 1303       4       Many::m0 (14 bytes)
296 1302       3       Many::m0 (14 bytes)   made not entrant: not used
296 1225       4       java.util.ArrayList::iterator (9 bytes)
297  588       3       java.util.ArrayList::iterator (9 bytes)   made not entrant: not used
297 1305       4       Many::m1 (14 bytes)
297 1304       3       Many::m1 (14 bytes)   made not entrant: not used
297 1226       4       jdk.internal.util.ArraysSupport::hashCodeOfUnsigned (55 bytes)
298 1306       3       Many::m2 (14 bytes)
298  182       3       jdk.internal.util.ArraysSupport::hashCodeOfUnsigned (55 bytes)   made not entrant: not used
298 1227       4       jdk.internal.util.ArraysSupport::vectorizedHashCode (158 bytes)
300 1308       3       Many::m3 (14 bytes)
300  178       3       jdk.internal.util.ArraysSupport::vectorizedHashCode (158 bytes)   made not entrant: not used
300 1307       4       Many::m2 (14 bytes)
301 1306       3       Many::m2 (14 bytes)   made not entrant: not used
301 1309       4       Many::m3 (14 bytes)
301 1308       3       Many::m3 (14 bytes)   made not entrant: not used
301 1290       4       jdk.internal.misc.Unsafe::putByte (8 bytes)
301 1272       3       jdk.internal.misc.Unsafe::putByte (8 bytes)   made not entrant: not used
301 1197       4       java.lang.String::getBytes (44 bytes)
302   68       3       java.lang.String::getBytes (44 bytes)   made not entrant: not used
302 1157       4       java.lang.Long::equals (32 bytes)
302  953       3       java.lang.Long::equals (32 bytes)   made not entrant: not used
302  883       4       java.util.ArrayList::elementData (7 bytes)
302 1310       3       Many::m4 (14 bytes)
302  716       3       java.util.ArrayList::elementData (7 bytes)   made not entrant: not used
303 1311       4       Many::m4 (14 bytes)
303 1310       3       Many::m4 (14 bytes)   made not entrant: not used
303 1121       4       jdk.internal.constant.MethodTypeDescImpl::parameterType (7 bytes)
303  732       3       jdk.internal.constant.MethodTypeDescImpl::parameterType (7 bytes)   made not entrant: not used
303 1238  s    4       java.io.DataOutputStream::write (14 bytes)
305 1312       3       Many::m5 (14 bytes)
305 1230  s    2       java.io.DataOutputStream::write (14 bytes)   made not entrant: not used
305 1313       4       Many::m5 (14 bytes)
305 1312       3       Many::m5 (14 bytes)   made not entrant: not used
305 1128       4       java.util.HashMap::containsKey (14 bytes)
307 1314       3       Many::m6 (14 bytes)
309  950       2       java.util.HashMap::containsKey (14 bytes)   made not entrant: not used
309 1315       4       Many::m6 (14 bytes)
309 1314       3       Many::m6 (14 bytes)   made not entrant: not used
309 1186       4       java.lang.Long::<init> (10 bytes)
309 1316       3       Many::m7 (14 bytes)
309 1317       4       Many::m7 (14 bytes)
309 1316       3       Many::m7 (14 bytes)   made not entrant: not used
311 1318       3       Many::m8 (14 bytes)
312 1319       4       Many::m8 (14 bytes)
312 1318       3       Many::m8 (14 bytes)   made not entrant: not used
314 1320       3       Many::m9 (14 bytes)
314 1321       4       Many::m9 (14 bytes)
314 1320       3       Many::m9 (14 bytes)   made not entrant: not used
316 1322       3       Many::m10 (14 bytes)
316 1323       4       Many::m10 (14 bytes)
316 1322       3       Many::m10 (14 bytes)   made not entrant: not used
318 1324       3       Many::m11 (14 bytes)
319 1325       4       Many::m11 (14 bytes)
319 1324       3       Many::m11 (14 bytes)   made not entrant: not used
321 1326       3       Many::m12 (14 bytes)
321 1327       4       Many::m12 (14 bytes)
321 1326       3       Many::m12 (14 bytes)   made not entrant: not used
323 1328       3       Many::m13 (14 bytes)
323 1329       4       Many::m13 (14 bytes)
323 1328       3       Many::m13 (14 bytes)   made not entrant: not used
325 1330       3       Many::m14 (14 bytes)
325 1331       4       Many::m14 (14 bytes)
326 1330       3       Many::m14 (14 bytes)   made not entrant: not used
328 1332       3       Many::m15 (14 bytes)
328 1333       4       Many::m15 (14 bytes)
328 1332       3       Many::m15 (14 bytes)   made not entrant: not used
330 1334       3       Many::m16 (14 bytes)
330 1335       4       Many::m16 (14 bytes)
330 1334       3       Many::m16 (14 bytes)   made not entrant: not used
332 1336       3       Many::m17 (14 bytes)
332 1337       4       Many::m17 (14 bytes)
332 1336       3       Many::m17 (14 bytes)   made not entrant: not used
335 1338       3       Many::m18 (14 bytes)
335 1339       4       Many::m18 (14 bytes)
335 1338       3       Many::m18 (14 bytes)   made not entrant: not used
337 1340       3       Many::m19 (14 bytes)
337 1341       4       Many::m19 (14 bytes)
337 1340       3       Many::m19 (14 bytes)   made not entrant: not used
339 1342       3       Many::m20 (14 bytes)
339 1343       4       Many::m20 (14 bytes)
339 1342       3       Many::m20 (14 bytes)   made not entrant: not used
341 1344       3       Many::m21 (14 bytes)
342 1345       4       Many::m21 (14 bytes)
342 1344       3       Many::m21 (14 bytes)   made not entrant: not used
344 1346       3       Many::m22 (14 bytes)
344 1347       4       Many::m22 (14 bytes)
344 1346       3       Many::m22 (14 bytes)   made not entrant: not used
346 1348       3       Many::m23 (14 bytes)
346 1349       4       Many::m23 (14 bytes)
346 1348       3       Many::m23 (14 bytes)   made not entrant: not used
348 1350       3       Many::m24 (14 bytes)
348 1351       4       Many::m24 (14 bytes)
349 1350       3       Many::m24 (14 bytes)   made not entrant: not used
351 1352       3       Many::m25 (14 bytes)
351 1353       4       Many::m25 (14 bytes)
351 1352       3       Many::m25 (14 bytes)   made not entrant: not used
353 1354       3       Many::m26 (14 bytes)
353 1355       4       Many::m26 (14 bytes)
353 1354       3       Many::m26 (14 bytes)   made not entrant: not used
355 1356       3       Many::m27 (14 bytes)
355 1357       4       Many::m27 (14 bytes)
356 1356       3       Many::m27 (14 bytes)   made not entrant: not used
358 1358       3       Many::m28 (14 bytes)
358 1359       4       Many::m28 (14 bytes)
358 1358       3       Many::m28 (14 bytes)   made not entrant: not used
360 1360       3       Many::m29 (14 bytes)
360 1361       4       Many::m29 (14 bytes)
360 1360       3       Many::m29 (14 bytes)   made not entrant: not used
362 1362       3       Many::m30 (14 bytes)
362 1363       4       Many::m30 (14 bytes)
362 1362       3       Many::m30 (14 bytes)   made not entrant: not used
364 1364       3       Many::m31 (14 bytes)
365 1365       4       Many::m31 (14 bytes)
365 1364       3       Many::m31 (14 bytes)   made not entrant: not used
367 1366       3       Many::m32 (14 bytes)
367 1367       4       Many::m32 (14 bytes)
367 1366       3       Many::m32 (14 bytes)   made not entrant: not used
369 1368       3       Many::m33 (14 bytes)
369 1369       4       Many::m33 (14 bytes)
369 1368       3       Many::m33 (14 bytes)   made not entrant: not used
371 1370       3       Many::m34 (14 bytes)
371 1371       4       Many::m34 (14 bytes)
372 1370       3       Many::m34 (14 bytes)   made not entrant: not used
374 1372       3       Many::m35 (14 bytes)
374 1373       4       Many::m35 (14 bytes)
374 1372       3       Many::m35 (14 bytes)   made not entrant: not used
376 1374       3       Many::m36 (14 bytes)
376 1375       4       Many::m36 (14 bytes)
376 1374       3       Many::m36 (14 bytes)   made not entrant: not used
378 1376       3       Many::m37 (14 bytes)
378 1377       4       Many::m37 (14 bytes)
378 1376       3       Many::m37 (14 bytes)   made not entrant: not used
380 1378       3       Many::m38 (14 bytes)
381 1379       4       Many::m38 (14 bytes)
381 1378       3       Many::m38 (14 bytes)   made not entrant: not used
383 1380       3       Many::m39 (14 bytes)
383 1381       4       Many::m39 (14 bytes)
383 1380       3       Many::m39 (14 bytes)   made not entrant: not used
385 1382       3       Many::m40 (14 bytes)
385 1383       4       Many::m40 (14 bytes)
385 1382       3       Many::m40 (14 bytes)   made not entrant: not used
387 1384       3       Many::m41 (14 bytes)
388 1385       4       Many::m41 (14 bytes)
388 1384       3       Many::m41 (14 bytes)   made not entrant: not used
390 1386       3       Many::m42 (14 bytes)
390 1387       4       Many::m42 (14 bytes)
390 1386       3       Many::m42 (14 bytes)   made not entrant: not used
392 1388       3       Many::m43 (14 bytes)
392 1389       4       Many::m43 (14 bytes)
392 1388       3       Many::m43 (14 bytes)   made not entrant: not used
394 1390       3       Many::m44 (14 bytes)
394 1391       4       Many::m44 (14 bytes)
395 1390       3       Many::m44 (14 bytes)   made not entrant: not used
397 1392       3       Many::m45 (14 bytes)
397 1393       4       Many::m45 (14 bytes)
397 1392       3       Many::m45 (14 bytes)   made not entrant: not used
399 1394       3       Many::m46 (14 bytes)
399 1395       4       Many::m46 (14 bytes)
399 1394       3       Many::m46 (14 bytes)   made not entrant: not used
401 1396       3       Many::m47 (14 bytes)
401 1397       4       Many::m47 (14 bytes)
402 1396       3       Many::m47 (14 bytes)   made not entrant: not used
404 1398       3       Many::m48 (14 bytes)
404 1399       4       Many::m48 (14 bytes)
404 1398       3       Many::m48 (14 bytes)   made not entrant: not used
406 1400       3       Many::m49 (14 bytes)
406 1401       4       Many::m49 (14 bytes)
406 1400       3       Many::m49 (14 bytes)   made not entrant: not used
408 1402       3       Many::m50 (14 bytes)
408 1403       4       Many::m50 (14 bytes)
408 1402       3       Many::m50 (14 bytes)   made not entrant: not used
410 1404       3       Many::m51 (14 bytes)
411 1405       4       Many::m51 (14 bytes)
411 1404       3       Many::m51 (14 bytes)   made not entrant: not used
413 1406       3       Many::m52 (14 bytes)
413 1407       4       Many::m52 (14 bytes)
413 1406       3       Many::m52 (14 bytes)   made not entrant: not used
415 1408       3       Many::m53 (14 bytes)
415 1409       4       Many::m53 (14 bytes)
415 1408       3       Many::m53 (14 bytes)   made not entrant: not used
417 1410       3       Many::m54 (14 bytes)
418 1411       4       Many::m54 (14 bytes)
418 1410       3       Many::m54 (14 bytes)   made not entrant: not used
420 1412       3       Many::m55 (14 bytes)
420 1413       4       Many::m55 (14 bytes)
420 1412       3       Many::m55 (14 bytes)   made not entrant: not used
422 1414       3       Many::m56 (14 bytes)
422 1415       4       Many::m56 (14 bytes)
422 1414       3       Many::m56 (14 bytes)   made not entrant: not used
424 1416       3       Many::m57 (14 bytes)
424 1417       4       Many::m57 (14 bytes)
424 1416       3       Many::m57 (14 bytes)   made not entrant: not used
427 1418       3       Many::m58 (14 bytes)
427 1419       4       Many::m58 (14 bytes)
427 1418       3       Many::m58 (14 bytes)   made not entrant: not used
429 1420       3       Many::m59 (14 bytes)
429 1421       4       Many::m59 (14 bytes)
429 1420       3       Many::m59 (14 bytes)   made not entrant: not used
431 1422       3       Many::m60 (14 bytes)
431 1423       4       Many::m60 (14 bytes)
431 1422       3       Many::m60 (14 bytes)   made not entrant: not used
434 1424       3       Many::m61 (14 bytes)
434 1425       4       Many::m61 (14 bytes)
434 1424       3       Many::m61 (14 bytes)   made not entrant: not used
436 1426       3       Many::m62 (14 bytes)
436 1427       4       Many::m62 (14 bytes)
436 1426       3       Many::m62 (14 bytes)   made not entrant: not used
438 1428       3       Many::m63 (14 bytes)
438 1429       4       Many::m63 (14 bytes)
438 1428       3       Many::m63 (14 bytes)   made not entrant: not used
440 1430       3       Many::m64 (14 bytes)
441 1431       4       Many::m64 (14 bytes)
441 1430       3       Many::m64 (14 bytes)   made not entrant: not used
443 1432       3       Many::m65 (14 bytes)
443 1433       4       Many::m65 (14 bytes)
443 1432       3       Many::m65 (14 bytes)   made not entrant: not used
445 1434       3       Many::m66 (14 bytes)
445 1435       4       Many::m66 (14 bytes)
445 1434       3       Many::m66 (14 bytes)   made not entrant: not used
447 1436       3       Many::m67 (14 bytes)
447 1437       4       Many::m67 (14 bytes)
448 1436       3       Many::m67 (14 bytes)   made not entrant: not used
450 1438       3       Many::m68 (14 bytes)
450 1439       4       Many::m68 (14 bytes)
450 1438       3       Many::m68 (14 bytes)   made not entrant: not used
452 1440       3       Many::m69 (14 bytes)
452 1441       4       Many::m69 (14 bytes)
452 1440       3       Many::m69 (14 bytes)   made not entrant: not used
454 1442       3       Many::m70 (14 bytes)
454 1443       4       Many::m70 (14 bytes)
454 1442       3       Many::m70 (14 bytes)   made not entrant: not used
456 1444       3       Many::m71 (14 bytes)
457 1445       4       Many::m71 (14 bytes)
457 1444       3       Many::m71 (14 bytes)   made not entrant: not used
459 1446       3       Many::m72 (14 bytes)
459 1447       4       Many::m72 (14 bytes)
459 1446       3       Many::m72 (14 bytes)   made not entrant: not used
461 1448       3       Many::m73 (14 bytes)
461 1449       4       Many::m73 (14 bytes)
461 1448       3       Many::m73 (14 bytes)   made not entrant: not used
463 1450       3       Many::m74 (14 bytes)
464 1451       4       Many::m74 (14 bytes)
464 1450       3       Many::m74 (14 bytes)   made not entrant: not used
466 1452       3       Many::m75 (14 bytes)
466 1453       4       Many::m75 (14 bytes)
466 1452       3       Many::m75 (14 bytes)   made not entrant: not used
468 1454       3       Many::m76 (14 bytes)
468 1455       4       Many::m76 (14 bytes)
468 1454       3       Many::m76 (14 bytes)   made not entrant: not used
470 1456       3       Many::m77 (14 bytes)
470 1457       4       Many::m77 (14 bytes)
471 1456       3       Many::m77 (14 bytes)   made not entrant: not used
473 1458       3       Many::m78 (14 bytes)
473 1459       4       Many::m78 (14 bytes)
473 1458       3       Many::m78 (14 bytes)   made not entrant: not used
475 1460       3       Many::m79 (14 bytes)
475 1461       4       Many::m79 (14 bytes)
475 1460       3       Many::m79 (14 bytes)   made not entrant: not used
477 1462       3       Many::m80 (14 bytes)
477 1463       4       Many::m80 (14 bytes)
477 1462       3       Many::m80 (14 bytes)   made not entrant: not used
479 1464       3       Many::m81 (14 bytes)
480 1465       4       Many::m81 (14 bytes)
480 1464       3       Many::m81 (14 bytes)   made not entrant: not used
482 1466       3       Many::m82 (14 bytes)
482 1467       4       Many::m82 (14 bytes)
482 1466       3       Many::m82 (14 bytes)   made not entrant: not used
484 1468       3       Many::m83 (14 bytes)
484 1469       4       Many::m83 (14 bytes)
484 1468       3       Many::m83 (14 bytes)   made not entrant: not used
486 1470       3       Many::m84 (14 bytes)
487 1471       4       Many::m84 (14 bytes)
487 1470       3       Many::m84 (14 bytes)   made not entrant: not used
489 1472       3       Many::m85 (14 bytes)
489 1473       4       Many::m85 (14 bytes)
489 1472       3       Many::m85 (14 bytes)   made not entrant: not used
491 1474       3       Many::m86 (14 bytes)
491 1475       4       Many::m86 (14 bytes)
491 1474       3       Many::m86 (14 bytes)   made not entrant: not used
493 1476       3       Many::m87 (14 bytes)
493 1477       4       Many::m87 (14 bytes)
493 1476       3       Many::m87 (14 bytes)   made not entrant: not used
496 1478       3       Many::m88 (14 bytes)
496 1479       4       Many::m88 (14 bytes)
496 1478       3       Many::m88 (14 bytes)   made not entrant: not used
498 1480       3       Many::m89 (14 bytes)
498 1481       4       Many::m89 (14 bytes)
498 1480       3       Many::m89 (14 bytes)   made not entrant: not used
500 1482       3       Many::m90 (14 bytes)
500 1483       4       Many::m90 (14 bytes)
500 1482       3       Many::m90 (14 bytes)   made not entrant: not used
502 1484       3       Many::m91 (14 bytes)
503 1485       4       Many::m91 (14 bytes)
503 1484       3       Many::m91 (14 bytes)   made not entrant: not used
505 1486       3       Many::m92 (14 bytes)
505 1487       4       Many::m92 (14 bytes)
505 1486       3       Many::m92 (14 bytes)   made not entrant: not used
507 1488       3       Many::m93 (14 bytes)
507 1489       4       Many::m93 (14 bytes)
507 1488       3       Many::m93 (14 bytes)   made not entrant: not used
509 1490       3       Many::m94 (14 bytes)
509 1491       4       Many::m94 (14 bytes)
510 1490       3       Many::m94 (14 bytes)   made not entrant: not used
512 1492       3       Many::m95 (14 bytes)
512 1493       4       Many::m95 (14 bytes)
512 1492       3       Many::m95 (14 bytes)   made not entrant: not used
514 1494       3       Many::m96 (14 bytes)
514 1495       4       Many::m96 (14 bytes)
514 1494       3       Many::m96 (14 bytes)   made not entrant: not used
516 1496       3       Many::m97 (14 bytes)
516 1497       4       Many::m97 (14 bytes)
516 1496       3       Many::m97 (14 bytes)   made not entrant: not used
519 1498       3       Many::m98 (14 bytes)
519 1499       4       Many::m98 (14 bytes)
519 1498       3       Many::m98 (14 bytes)   made not entrant: not used
521 1500       3       Many::m99 (14 bytes)
521 1501       4       Many::m99 (14 bytes)
521 1500       3       Many::m99 (14 bytes)   made not entrant: not used
523 1502       3       Many::m100 (14 bytes)
523 1503       4       Many::m100 (14 bytes)
523 1502       3       Many::m100 (14 bytes)   made not entrant: not used
525 1504       3       Many::m101 (14 bytes)
526 1505       4       Many::m101 (14 bytes)
526 1504       3       Many::m101 (14 bytes)   made not entrant: not used
528 1506       3       Many::m102 (14 bytes)
528 1507       4       Many::m102 (14 bytes)
528 1506       3       Many::m102 (14 bytes)   made not entrant: not used
530 1508       3       Many::m103 (14 bytes)
530 1509       4       Many::m103 (14 bytes)
530 1508       3       Many::m103 (14 bytes)   made not entrant: not used
532 1510       3       Many::m104 (14 bytes)
532 1511       4       Many::m104 (14 bytes)
533 1510       3       Many::m104 (14 bytes)   made not entrant: not used
535 1512       3       Many::m105 (14 bytes)
535 1513       4       Many::m105 (14 bytes)
535 1512       3       Many::m105 (14 bytes)   made not entrant: not used
537 1514       3       Many::m106 (14 bytes)
537 1515       4       Many::m106 (14 bytes)
537 1514       3       Many::m106 (14 bytes)   made not entrant: not used
539 1516       3       Many::m107 (14 bytes)
540 1517       4       Many::m107 (14 bytes)
540 1516       3       Many::m107 (14 bytes)   made not entrant: not used
542 1518       3       Many::m108 (14 bytes)
542 1519       4       Many::m108 (14 bytes)
542 1518       3       Many::m108 (14 bytes)   made not entrant: not used
544 1520       3       Many::m109 (14 bytes)
544 1521       4       Many::m109 (14 bytes)
544 1520       3       Many::m109 (14 bytes)   made not entrant: not used
546 1522       3       Many::m110 (14 bytes)
546 1523       4       Many::m110 (14 bytes)
546 1522       3       Many::m110 (14 bytes)   made not entrant: not used
548 1524       3       Many::m111 (14 bytes)
549 1525       4       Many::m111 (14 bytes)
549 1524       3       Many::m111 (14 bytes)   made not entrant: not used
551 1526       3       Many::m112 (14 bytes)
551 1527       4       Many::m112 (14 bytes)
551 1526       3       Many::m112 (14 bytes)   made not entrant: not used
553 1528       3       Many::m113 (14 bytes)
553 1529       4       Many::m113 (14 bytes)
553 1528       3       Many::m113 (14 bytes)   made not entrant: not used
555 1530       3       Many::m114 (14 bytes)
556 1531       4       Many::m114 (14 bytes)
556 1530       3       Many::m114 (14 bytes)   made not entrant: not used
558 1532       3       Many::m115 (14 bytes)
558 1533       4       Many::m115 (14 bytes)
558 1532       3       Many::m115 (14 bytes)   made not entrant: not used
560 1534       3       Many::m116 (14 bytes)
560 1535       4       Many::m116 (14 bytes)
560 1534       3       Many::m116 (14 bytes)   made not entrant: not used
562 1536       3       Many::m117 (14 bytes)
562 1537       4       Many::m117 (14 bytes)
562 1536       3       Many::m117 (14 bytes)   made not entrant: not used
564 1538       3       Many::m118 (14 bytes)
565 1539       4       Many::m118 (14 bytes)
565 1538       3       Many::m118 (14 bytes)   made not entrant: not used
567 1540       3       Many::m119 (14 bytes)
567 1541       4       Many::m119 (14 bytes)
567 1540       3       Many::m119 (14 bytes)   made not entrant: not used
569 1542       3       Many::m120 (14 bytes)
569 1543       4       Many::m120 (14 bytes)
569 1542       3       Many::m120 (14 bytes)   made not entrant: not used
571 1544       3       Many::m121 (14 bytes)
572 1545       4       Many::m121 (14 bytes)
572 1544       3       Many::m121 (14 bytes)   made not entrant: not used
574 1546       3       Many::m122 (14 bytes)
574 1547       4       Many::m122 (14 bytes)
574 1546       3       Many::m122 (14 bytes)   made not entrant: not used
576 1548       3       Many::m123 (14 bytes)
576 1549       4       Many::m123 (14 bytes)
576 1548       3       Many::m123 (14 bytes)   made not entrant: not used
578 1550       3       Many::m124 (14 bytes)
578 1551       4       Many::m124 (14 bytes)
578 1550       3       Many::m124 (14 bytes)   made not entrant: not used
581 1552       3       Many::m125 (14 bytes)
581 1553       4       Many::m125 (14 bytes)
581 1552       3       Many::m125 (14 bytes)   made not entrant: not used
583 1554       3       Many::m126 (14 bytes)
583 1555       4       Many::m126 (14 bytes)
583 1554       3       Many::m126 (14 bytes)   made not entrant: not used
585 1556       3       Many::m127 (14 bytes)
585 1557       4       Many::m127 (14 bytes)
585 1556       3       Many::m127 (14 bytes)   made not entrant: not used
587 1558       3       Many::m128 (14 bytes)
588 1559       4       Many::m128 (14 bytes)
588 1558       3       Many::m128 (14 bytes)   made not entrant: not used
590 1560       3       Many::m129 (14 bytes)
590 1561       4       Many::m129 (14 bytes)
590 1560       3       Many::m129 (14 bytes)   made not entrant: not used
592 1562       3       Many::m130 (14 bytes)
592 1563       4       Many::m130 (14 bytes)
592 1562       3       Many::m130 (14 bytes)   made not entrant: not used
594 1564       3       Many::m131 (14 bytes)
595 1565       4       Many::m131 (14 bytes)
595 1564       3       Many::m131 (14 bytes)   made not entrant: not used
597 1566       3       Many::m132 (14 bytes)
597 1567       4       Many::m132 (14 bytes)
597 1566       3       Many::m132 (14 bytes)   made not entrant: not used
599 1568       3       Many::m133 (14 bytes)
599 1569       4       Many::m133 (14 bytes)
599 1568       3       Many::m133 (14 bytes)   made not entrant: not used
601 1570       3       Many::m134 (14 bytes)
601 1571       4       Many::m134 (14 bytes)
602 1570       3       Many::m134 (14 bytes)   made not entrant: not used
604 1572       3       Many::m135 (14 bytes)
604 1573       4       Many::m135 (14 bytes)
604 1572       3       Many::m135 (14 bytes)   made not entrant: not used
606 1574       3       Many::m136 (14 bytes)
606 1575       4       Many::m136 (14 bytes)
606 1574       3       Many::m136 (14 bytes)   made not entrant: not used
608 1576       3       Many::m137 (14 bytes)
608 1577       4       Many::m137 (14 bytes)
609 1576       3       Many::m137 (14 bytes)   made not entrant: not used
611 1578       3       Many::m138 (14 bytes)
611 1579       4       Many::m138 (14 bytes)
611 1578       3       Many::m138 (14 bytes)   made not entrant: not used
613 1580       3       Many::m139 (14 bytes)
613 1581       4       Many::m139 (14 bytes)
613 1580       3       Many::m139 (14 bytes)   made not entrant: not used
615 1582       3       Many::m140 (14 bytes)
615 1583       4       Many::m140 (14 bytes)
616 1582       3       Many::m140 (14 bytes)   made not entrant: not used
618 1584       3       Many::m141 (14 bytes)
618 1585       4       Many::m141 (14 bytes)
618 1584       3       Many::m141 (14 bytes)   made not entrant: not used
620 1586       3       Many::m142 (14 bytes)
620 1587       4       Many::m142 (14 bytes)
620 1586       3       Many::m142 (14 bytes)   made not entrant: not used
622 1588       3       Many::m143 (14 bytes)
622 1589       4       Many::m143 (14 bytes)
622 1588       3       Many::m143 (14 bytes)   made not entrant: not used
624 1590       3       Many::m144 (14 bytes)
625 1591       4       Many::m144 (14 bytes)
625 1590       3       Many::m144 (14 bytes)   made not entrant: not used
627 1592       3       Many::m145 (14 bytes)
627 1593       4       Many::m145 (14 bytes)
627 1592       3       Many::m145 (14 bytes)   made not entrant: not used
629 1594       3       Many::m146 (14 bytes)
629 1595       4       Many::m146 (14 bytes)
629 1594       3       Many::m146 (14 bytes)   made not entrant: not used
631 1596       3       Many::m147 (14 bytes)
632 1597       4       Many::m147 (14 bytes)
632 1596       3       Many::m147 (14 bytes)   made not entrant: not used
634 1598       3       Many::m148 (14 bytes)
634 1599       4       Many::m148 (14 bytes)
634 1598       3       Many::m148 (14 bytes)   made not entrant: not used
636 1600       3       Many::m149 (14 bytes)
636 1601       4       Many::m149 (14 bytes)
636 1600       3       Many::m149 (14 bytes)   made not entrant: not used
638 1602       3       Many::m150 (14 bytes)
638 1603       4       Many::m150 (14 bytes)
639 1602       3       Many::m150 (14 bytes)   made not entrant: not used
641 1604       3       Many::m151 (14 bytes)
641 1605       4       Many::m151 (14 bytes)
641 1604       3       Many::m151 (14 bytes)   made not entrant: not used
643 1606       3       Many::m152 (14 bytes)
643 1607       4       Many::m152 (14 bytes)
643 1606       3       Many::m152 (14 bytes)   made not entrant: not used
645 1608       3       Many::m153 (14 bytes)
645 1609       4       Many::m153 (14 bytes)
645 1608       3       Many::m153 (14 bytes)   made not entrant: not used
647 1610       3       Many::m154 (14 bytes)
648 1611       4       Many::m154 (14 bytes)
648 1610       3       Many::m154 (14 bytes)   made not entrant: not used
650 1612       3       Many::m155 (14 bytes)
650 1613       4       Many::m155 (14 bytes)
650 1612       3       Many::m155 (14 bytes)   made not entrant: not used
652 1614       3       Many::m156 (14 bytes)
652 1615       4       Many::m156 (14 bytes)
652 1614       3       Many::m156 (14 bytes)   made not entrant: not used
654 1616       3       Many::m157 (14 bytes)
654 1617       4       Many::m157 (14 bytes)
655 1616       3       Many::m157 (14 bytes)   made not entrant: not used
657 1618       3       Many::m158 (14 bytes)
657 1619       4       Many::m158 (14 bytes)
657 1618       3       Many::m158 (14 bytes)   made not entrant: not used
659 1620       3       Many::m159 (14 bytes)
659 1621       4       Many::m159 (14 bytes)
659 1620       3       Many::m159 (14 bytes)   made not entrant: not used
661 1622       3       Many::m160 (14 bytes)
661 1623       4       Many::m160 (14 bytes)
661 1622       3       Many::m160 (14 bytes)   made not entrant: not used
663 1624       3       Many::m161 (14 bytes)
664 1625       4       Many::m161 (14 bytes)
664 1624       3       Many::m161 (14 bytes)   made not entrant: not used
666 1626       3       Many::m162 (14 bytes)
666 1627       4       Many::m162 (14 bytes)
666 1626       3       Many::m162 (14 bytes)   made not entrant: not used
668 1628       3       Many::m163 (14 bytes)
668 1629       4       Many::m163 (14 bytes)
668 1628       3       Many::m163 (14 bytes)   made not entrant: not used
670 1630       3       Many::m164 (14 bytes)
671 1631       4       Many::m164 (14 bytes)
671 1630       3       Many::m164 (14 bytes)   made not entrant: not used
673 1632       3       Many::m165 (14 bytes)
673 1633       4       Many::m165 (14 bytes)
673 1632       3       Many::m165 (14 bytes)   made not entrant: not used
675 1634       3       Many::m166 (14 bytes)
675 1635       4       Many::m166 (14 bytes)
675 1634       3       Many::m166 (14 bytes)   made not entrant: not used
677 1636       3       Many::m167 (14 bytes)
677 1637       4       Many::m167 (14 bytes)
678 1636       3       Many::m167 (14 bytes)   made not entrant: not used
680 1638       3       Many::m168 (14 bytes)
680 1639       4       Many::m168 (14 bytes)
680 1638       3       Many::m168 (14 bytes)   made not entrant: not used
682 1640       3       Many::m169 (14 bytes)
682 1641       4       Many::m169 (14 bytes)
682 1640       3       Many::m169 (14 bytes)   made not entrant: not used
684 1642       3       Many::m170 (14 bytes)
684 1643       4       Many::m170 (14 bytes)
685 1642       3       Many::m170 (14 bytes)   made not entrant: not used
687 1644       3       Many::m171 (14 bytes)
687 1645       4       Many::m171 (14 bytes)
687 1644       3       Many::m171 (14 bytes)   made not entrant: not used
689 1646       3       Many::m172 (14 bytes)
689 1647       4       Many::m172 (14 bytes)
689 1646       3       Many::m172 (14 bytes)   made not entrant: not used
691 1648       3       Many::m173 (14 bytes)
691 1649       4       Many::m173 (14 bytes)
691 1648       3       Many::m173 (14 bytes)   made not entrant: not used
693 1650       3       Many::m174 (14 bytes)
694 1651       4       Many::m174 (14 bytes)
694 1650       3       Many::m174 (14 bytes)   made not entrant: not used
696 1652       3       Many::m175 (14 bytes)
696 1653       4       Many::m175 (14 bytes)
696 1652       3       Many::m175 (14 bytes)   made not entrant: not used
698 1654       3       Many::m176 (14 bytes)
698 1655       4       Many::m176 (14 bytes)
698 1654       3       Many::m176 (14 bytes)   made not entrant: not used
700 1656       3       Many::m177 (14 bytes)
700 1657       4       Many::m177 (14 bytes)
701 1656       3       Many::m177 (14 bytes)   made not entrant: not used
703 1658       3       Many::m178 (14 bytes)
703 1659       4       Many::m178 (14 bytes)
703 1658       3       Many::m178 (14 bytes)   made not entrant: not used
705 1660       3       Many::m179 (14 bytes)
705 1661       4       Many::m179 (14 bytes)
705 1660       3       Many::m179 (14 bytes)   made not entrant: not used
707 1662       3       Many::m180 (14 bytes)
707 1663       4       Many::m180 (14 bytes)
708 1662       3       Many::m180 (14 bytes)   made not entrant: not used
710 1664       3       Many::m181 (14 bytes)
710 1665       4       Many::m181 (14 bytes)
710 1664       3       Many::m181 (14 bytes)   made not entrant: not used
712 1666       3       Many::m182 (14 bytes)
712 1667       4       Many::m182 (14 bytes)
712 1666       3       Many::m182 (14 bytes)   made not entrant: not used
714 1668       3       Many::m183 (14 bytes)
714 1669       4       Many::m183 (14 bytes)
714 1668       3       Many::m183 (14 bytes)   made not entrant: not used
717 1670       3       Many::m184 (14 bytes)
717 1671       4       Many::m184 (14 bytes)
717 1670       3       Many::m184 (14 bytes)   made not entrant: not used
719 1672       3       Many::m185 (14 bytes)
719 1673       4       Many::m185 (14 bytes)
719 1672       3       Many::m185 (14 bytes)   made not entrant: not used
721 1674       3       Many::m186 (14 bytes)
721 1675       4       Many::m186 (14 bytes)
721 1674       3       Many::m186 (14 bytes)   made not entrant: not used
723 1676       3       Many::m187 (14 bytes)
724 1677       4       Many::m187 (14 bytes)
724 1676       3       Many::m187 (14 bytes)   made not entrant: not used
726 1678       3       Many::m188 (14 bytes)
726 1679       4       Many::m188 (14 bytes)
726 1678       3       Many::m188 (14 bytes)   made not entrant: not used
728 1680       3       Many::m189 (14 bytes)
728 1681       4       Many::m189 (14 bytes)
728 1680       3       Many::m189 (14 bytes)   made not entrant: not used
730 1682       3       Many::m190 (14 bytes)
730 1683       4       Many::m190 (14 bytes)
731 1682       3       Many::m190 (14 bytes)   made not entrant: not used
733 1684       3       Many::m191 (14 bytes)
733 1685       4       Many::m191 (14 bytes)
733 1684       3       Many::m191 (14 bytes)   made not entrant: not used
735 1686       3       Many::m192 (14 bytes)
735 1687       4       Many::m192 (14 bytes)
735 1686       3       Many::m192 (14 bytes)   made not entrant: not used
737 1688       3       Many::m193 (14 bytes)
737 1689       4       Many::m193 (14 bytes)
737 1688       3       Many::m193 (14 bytes)   made not entrant: not used
740 1690       3       Many::m194 (14 bytes)
740 1691       4       Many::m194 (14 bytes)
740 1690       3       Many::m194 (14 bytes)   made not entrant: not used
742 1692       3       Many::m195 (14 bytes)
742 1693       4       Many::m195 (14 bytes)
742 1692       3       Many::m195 (14 bytes)   made not entrant: not used
744 1694       3       Many::m196 (14 bytes)
744 1695       4       Many::m196 (14 bytes)
745 1694       3       Many::m196 (14 bytes)   made not entrant: not used
747 1696       3       Many::m197 (14 bytes)
747 1697       4       Many::m197 (14 bytes)
747 1696       3       Many::m197 (14 bytes)   made not entrant: not used
749 1698       3       Many::m198 (14 bytes)
749 1699       4       Many::m198 (14 bytes)
749 1698       3       Many::m198 (14 bytes)   made not entrant: not used
751 1700       3       Many::m199 (14 bytes)
751 1701       4       Many::m199 (14 bytes)
752 1700       3       Many::m199 (14 bytes)   made not entrant: not used
754 1702       3       Many::m200 (14 bytes)
754 1703       4       Many::m200 (14 bytes)
754 1702       3       Many::m200 (14 bytes)   made not entrant: not used
756 1704       3       Many::m201 (14 bytes)
756 1705       4       Many::m201 (14 bytes)
756 1704       3       Many::m201 (14 bytes)   made not entrant: not used
758 1706       3       Many::m202 (14 bytes)
758 1707       4       Many::m202 (14 bytes)
758 1706       3       Many::m202 (14 bytes)   made not entrant: not used
760 1708       3       Many::m203 (14 bytes)
761 1709       4       Many::m203 (14 bytes)
761 1708       3       Many::m203 (14 bytes)   made not entrant: not used
763 1710       3       Many::m204 (14 bytes)
763 1711       4       Many::m204 (14 bytes)
763 1710       3       Many::m204 (14 bytes)   made not entrant: not used
765 1712       3       Many::m205 (14 bytes)
765 1713       4       Many::m205 (14 bytes)
765 1712       3       Many::m205 (14 bytes)   made not entrant: not used
767 1714       3       Many::m206 (14 bytes)
768 1715       4       Many::m206 (14 bytes)
768 1714       3       Many::m206 (14 bytes)   made not entrant: not used
770 1716       3       Many::m207 (14 bytes)
770 1717       4       Many::m207 (14 bytes)
770 1716       3       Many::m207 (14 bytes)   made not entrant: not used
772 1718       3       Many::m208 (14 bytes)
772 1719       4       Many::m208 (14 bytes)
772 1718       3       Many::m208 (14 bytes)   made not entrant: not used
774 1720       3       Many::m209 (14 bytes)
774 1721       4       Many::m209 (14 bytes)
774 1720       3       Many::m209 (14 bytes)   made not entrant: not used
776 1722       3       Many::m210 (14 bytes)
777 1723       4       Many::m210 (14 bytes)
777 1722       3       Many::m210 (14 bytes)   made not entrant: not used
779 1724       3       Many::m211 (14 bytes)
779 1725       4       Many::m211 (14 bytes)
779 1724       3       Many::m211 (14 bytes)   made not entrant: not used
781 1726       3       Many::m212 (14 bytes)
781 1727       4       Many::m212 (14 bytes)
781 1726       3       Many::m212 (14 bytes)   made not entrant: not used
783 1728       3       Many::m213 (14 bytes)
784 1729       4       Many::m213 (14 bytes)
784 1728       3       Many::m213 (14 bytes)   made not entrant: not used
786 1730       3       Many::m214 (14 bytes)
786 1731       4       Many::m214 (14 bytes)
786 1730       3       Many::m214 (14 bytes)   made not entrant: not used
788 1732       3       Many::m215 (14 bytes)
788 1733       4       Many::m215 (14 bytes)
788 1732       3       Many::m215 (14 bytes)   made not entrant: not used
790 1734       3       Many::m216 (14 bytes)
790 1735       4       Many::m216 (14 bytes)
791 1734       3       Many::m216 (14 bytes)   made not entrant: not used
793 1736       3       Many::m217 (14 bytes)
793 1737       4       Many::m217 (14 bytes)
793 1736       3       Many::m217 (14 bytes)   made not entrant: not used
795 1738       3       Many::m218 (14 bytes)
795 1739       4       Many::m218 (14 bytes)
795 1738       3       Many::m218 (14 bytes)   made not entrant: not used
797 1740       3       Many::m219 (14 bytes)
797 1741       4       Many::m219 (14 bytes)
797 1740       3       Many::m219 (14 bytes)   made not entrant: not used
799 1742       3       Many::m220 (14 bytes)
800 1743       4       Many::m220 (14 bytes)
800 1742       3       Many::m220 (14 bytes)   made not entrant: not used
802 1744       3       Many::m221 (14 bytes)
802 1745       4       Many::m221 (14 bytes)
802 1744       3       Many::m221 (14 bytes)   made not entrant: not used
804 1746       3       Many::m222 (14 bytes)
804 1747       4       Many::m222 (14 bytes)
804 1746       3       Many::m222 (14 bytes)   made not entrant: not used
806 1748       3       Many::m223 (14 bytes)
806 1749       4       Many::m223 (14 bytes)
807 1748       3       Many::m223 (14 bytes)   made not entrant: not used
809 1750       3       Many::m224 (14 bytes)
809 1751       4       Many::m224 (14 bytes)
809 1750       3       Many::m224 (14 bytes)   made not entrant: not used
811 1752       3       Many::m225 (14 bytes)
811 1753       4       Many::m225 (14 bytes)
811 1752       3       Many::m225 (14 bytes)   made not entrant: not used
813 1754       3       Many::m226 (14 bytes)
813 1755       4       Many::m226 (14 bytes)
813 1754       3       Many::m226 (14 bytes)   made not entrant: not used
815 1756       3       Many::m227 (14 bytes)
816 1757       4       Many::m227 (14 bytes)
816 1756       3       Many::m227 (14 bytes)   made not entrant: not used
818 1758       3       Many::m228 (14 bytes)
818 1759       4       Many::m228 (14 bytes)
818 1758       3       Many::m228 (14 bytes)   made not entrant: not used
820 1760       3       Many::m229 (14 bytes)
820 1761       4       Many::m229 (14 bytes)
820 1760       3       Many::m229 (14 bytes)   made not entrant: not used
822 1762       3       Many::m230 (14 bytes)
823 1763       4       Many::m230 (14 bytes)
823 1762       3       Many::m230 (14 bytes)   made not entrant: not used
825 1764       3       Many::m231 (14 bytes)
825 1765       4       Many::m231 (14 bytes)
825 1764       3       Many::m231 (14 bytes)   made not entrant: not used
827 1766       3       Many::m232 (14 bytes)
827 1767       4       Many::m232 (14 bytes)
827 1766       3       Many::m232 (14 bytes)   made not entrant: not used
829 1768       3       Many::m233 (14 bytes)
829 1769       4       Many::m233 (14 bytes)
830 1768       3       Many::m233 (14 bytes)   made not entrant: not used
832 1770       3       Many::m234 (14 bytes)
832 1771       4       Many::m234 (14 bytes)
832 1770       3       Many::m234 (14 bytes)   made not entrant: not used
834 1772       3       Many::m235 (14 bytes)
834 1773       4       Many::m235 (14 bytes)
834 1772       3       Many::m235 (14 bytes)   made not entrant: not used
836 1774       3       Many::m236 (14 bytes)
836 1775       4       Many::m236 (14 bytes)
837 1774       3       Many::m236 (14 bytes)   made not entrant: not used
839 1776       3       Many::m237 (14 bytes)
839 1777       4       Many::m237 (14 bytes)
839 1776       3       Many::m237 (14 bytes)   made not entrant: not used
841 1778       3       Many::m238 (14 bytes)
841 1779       4       Many::m238 (14 bytes)
841 1778       3       Many::m238 (14 bytes)   made not entrant: not used
843 1780       3       Many::m239 (14 bytes)
843 1781       4       Many::m239 (14 bytes)
843 1780       3       Many::m239 (14 bytes)   made not entrant: not used
845 1782       3       Many::m240 (14 bytes)
846 1783       4       Many::m240 (14 bytes)
846 1782       3       Many::m240 (14 bytes)   made not entrant: not used
848 1784       3       Many::m241 (14 bytes)
848 1785       4       Many::m241 (14 bytes)
848 1784       3       Many::m241 (14 bytes)   made not entrant: not used
850 1786       3       Many::m242 (14 bytes)
850 1787       4       Many::m242 (14 bytes)
850 1786       3       Many::m242 (14 bytes)   made not entrant: not used
852 1788       3       Many::m243 (14 bytes)
853 1789       4       Many::m243 (14 bytes)
853 1788       3       Many::m243 (14 bytes)   made not entrant: not used
855 1790       3       Many::m244 (14 bytes)
855 1791       4       Many::m244 (14 bytes)
855 1790       3       Many::m244 (14 bytes)   made not entrant: not used
857 1792       3       Many::m245 (14 bytes)
857 1793       4       Many::m245 (14 bytes)
857 1792       3       Many::m245 (14 bytes)   made not entrant: not used
859 1794       3       Many::m246 (14 bytes)
859 1795       4       Many::m246 (14 bytes)
860 1794       3       Many::m246 (14 bytes)   made not entrant: not used
862 1796       3       Many::m247 (14 bytes)
862 1797       4       Many::m247 (14 bytes)
862 1796       3       Many::m247 (14 bytes)   made not entrant: not used
864 1798       3       Many::m248 (14 bytes)
864 1799       4       Many::m248 (14 bytes)
864 1798       3       Many::m248 (14 bytes)   made not entrant: not used
866 1800       3       Many::m249 (14 bytes)
866 1801       4       Many::m249 (14 bytes)
867 1800       3       Many::m249 (14 bytes)   made not entrant: not used
869 1802       3       Many::m250 (14 bytes)
869 1803       4       Many::m250 (14 bytes)
869 1802       3       Many::m250 (14 bytes)   made not entrant: not used
871 1804       3       Many::m251 (14 bytes)
871 1805       4       Many::m251 (14 bytes)
871 1804       3       Many::m251 (14 bytes)   made not entrant: not used
873 1806       3       Many::m252 (14 bytes)
873 1807       4       Many::m252 (14 bytes)
873 1806       3       Many::m252 (14 bytes)   made not entrant: not used
875 1808       3       Many::m253 (14 bytes)
875 1809       4       Many::m253 (14 bytes)
876 1808       3       Many::m253 (14 bytes)   made not entrant: not used
878 1810       3       Many::m254 (14 bytes)
878 1811       4       Many::m254 (14 bytes)
878 1810       3       Many::m254 (14 bytes)   made not entrant: not used
880 1812       3       Many::m255 (14 bytes)
880 1813       4       Many::m255 (14 bytes)
880 1812       3       Many::m255 (14 bytes)   made not entrant: not used
882 1814       3       Many::m256 (14 bytes)
882 1815       4       Many::m256 (14 bytes)
883 1814       3       Many::m256 (14 bytes)   made not entrant: not used
885 1816       3       Many::m257 (14 bytes)
885 1817       4       Many::m257 (14 bytes)
885 1816       3       Many::m257 (14 bytes)   made not entrant: not used
887 1818       3       Many::m258 (14 bytes)
887 1819       4       Many::m258 (14 bytes)
887 1818       3       Many::m258 (14 bytes)   made not entrant: not used
889 1820       3       Many::m259 (14 bytes)
889 1821       4       Many::m259 (14 bytes)
889 1820       3       Many::m259 (14 bytes)   made not entrant: not used
891 1822       3       Many::m260 (14 bytes)
892 1823       4       Many::m260 (14 bytes)
892 1822       3       Many::m260 (14 bytes)   made not entrant: not used
894 1824       3       Many::m261 (14 bytes)
894 1825       4       Many::m261 (14 bytes)
894 1824       3       Many::m261 (14 bytes)   made not entrant: not used
896 1826       3       Many::m262 (14 bytes)
896 1827       4       Many::m262 (14 bytes)
896 1826       3       Many::m262 (14 bytes)   made not entrant: not used
898 1828       3       Many::m263 (14 bytes)
899 1829       4       Many::m263 (14 bytes)
899 1828       3       Many::m263 (14 bytes)   made not entrant: not used
901 1830       3       Many::m264 (14 bytes)
901 1831       4       Many::m264 (14 bytes)
901 1830       3       Many::m264 (14 bytes)   made not entrant: not used
903 1832       3       Many::m265 (14 bytes)
903 1833       4       Many::m265 (14 bytes)
903 1832       3       Many::m265 (14 bytes)   made not entrant: not used
905 1834       3       Many::m266 (14 bytes)
905 1835       4       Many::m266 (14 bytes)
905 1834       3       Many::m266 (14 bytes)   made not entrant: not used
908 1836       3       Many::m267 (14 bytes)
908 1837       4       Many::m267 (14 bytes)
908 1836       3       Many::m267 (14 bytes)   made not entrant: not used
910 1838       3       Many::m268 (14 bytes)
910 1839       4       Many::m268 (14 bytes)
910 1838       3       Many::m268 (14 bytes)   made not entrant: not used
912 1840       3       Many::m269 (14 bytes)
912 1841       4       Many::m269 (14 bytes)
912 1840       3       Many::m269 (14 bytes)   made not entrant: not used
914 1842       3       Many::m270 (14 bytes)
915 1843       4       Many::m270 (14 bytes)
915 1842       3       Many::m270 (14 bytes)   made not entrant: not used
917 1844       3       Many::m271 (14 bytes)
917 1845       4       Many::m271 (14 bytes)
917 1844       3       Many::m271 (14 bytes)   made not entrant: not used
919 1846       3       Many::m272 (14 bytes)
919 1847       4       Many::m272 (14 bytes)
919 1846       3       Many::m272 (14 bytes)   made not entrant: not used
921 1848       3       Many::m273 (14 bytes)
921 1849       4       Many::m273 (14 bytes)
922 1848       3       Many::m273 (14 bytes)   made not entrant: not used
924 1850       3       Many::m274 (14 bytes)
924 1851       4       Many::m274 (14 bytes)
924 1850       3       Many::m274 (14 bytes)   made not entrant: not used
926 1852       3       Many::m275 (14 bytes)
926 1853       4       Many::m275 (14 bytes)
926 1852       3       Many::m275 (14 bytes)   made not entrant: not used
928 1854       3       Many::m276 (14 bytes)
928 1855       4       Many::m276 (14 bytes)
929 1854       3       Many::m276 (14 bytes)   made not entrant: not used
931 1856       3       Many::m277 (14 bytes)
931 1857       4       Many::m277 (14 bytes)
931 1856       3       Many::m277 (14 bytes)   made not entrant: not used
933 1858       3       Many::m278 (14 bytes)
933 1859       4       Many::m278 (14 bytes)
933 1858       3       Many::m278 (14 bytes)   made not entrant: not used
935 1860       3       Many::m279 (14 bytes)
935 1861       4       Many::m279 (14 bytes)
935 1860       3       Many::m279 (14 bytes)   made not entrant: not used
937 1862       3       Many::m280 (14 bytes)
938 1863       4       Many::m280 (14 bytes)
938 1862       3       Many::m280 (14 bytes)   made not entrant: not used
940 1864       3       Many::m281 (14 bytes)
940 1865       4       Many::m281 (14 bytes)
940 1864       3       Many::m281 (14 bytes)   made not entrant: not used
942 1866       3       Many::m282 (14 bytes)
942 1867       4       Many::m282 (14 bytes)
942 1866       3       Many::m282 (14 bytes)   made not entrant: not used
944 1868       3       Many::m283 (14 bytes)
944 1869       4       Many::m283 (14 bytes)
945 1868       3       Many::m283 (14 bytes)   made not entrant: not used
947 1870       3       Many::m284 (14 bytes)
947 1871       4       Many::m284 (14 bytes)
947 1870       3       Many::m284 (14 bytes)   made not entrant: not used
949 1872       3       Many::m285 (14 bytes)
949 1873       4       Many::m285 (14 bytes)
949 1872       3       Many::m285 (14 bytes)   made not entrant: not used
951 1874       3       Many::m286 (14 bytes)
951 1875       4       Many::m286 (14 bytes)
952 1874       3       Many::m286 (14 bytes)   made not entrant: not used
954 1876       3       Many::m287 (14 bytes)
954 1877       4       Many::m287 (14 bytes)
954 1876       3       Many::m287 (14 bytes)   made not entrant: not used
956 1878       3       Many::m288 (14 bytes)
956 1879       4       Many::m288 (14 bytes)
956 1878       3       Many::m288 (14 bytes)   made not entrant: not used
958 1880       3       Many::m289 (14 bytes)
958 1881       4       Many::m289 (14 bytes)
958 1880       3       Many::m289 (14 bytes)   made not entrant: not used
960 1882       3       Many::m290 (14 bytes)
961 1883       4       Many::m290 (14 bytes)
961 1882       3       Many::m290 (14 bytes)   made not entrant: not used
963 1884       3       Many::m291 (14 bytes)
963 1885       4       Many::m291 (14 bytes)
963 1884       3       Many::m291 (14 bytes)   made not entrant: not used
965 1886       3       Many::m292 (14 bytes)
965 1887       4       Many::m292 (14 bytes)
965 1886       3       Many::m292 (14 bytes)   made not entrant: not used
967 1888       3       Many::m293 (14 bytes)
968 1889       4       Many::m293 (14 bytes)
968 1888       3       Many::m293 (14 bytes)   made not entrant: not used
970 1890       3       Many::m294 (14 bytes)
970 1891       4       Many::m294 (14 bytes)
970 1890       3       Many::m294 (14 bytes)   made not entrant: not used
972 1892       3       Many::m295 (14 bytes)
972 1893       4       Many::m295 (14 bytes)
972 1892       3       Many::m295 (14 bytes)   made not entrant: not used
974 1894       3       Many::m296 (14 bytes)
974 1895       4       Many::m296 (14 bytes)
975 1894       3       Many::m296 (14 bytes)   made not entrant: not used
977 1896       3       Many::m297 (14 bytes)
977 1897       4       Many::m297 (14 bytes)
977 1896       3       Many::m297 (14 bytes)   made not entrant: not used
979 1898       3       Many::m298 (14 bytes)
979 1899       4       Many::m298 (14 bytes)
979 1898       3       Many::m298 (14 bytes)   made not entrant: not used
981 1900       3       Many::m299 (14 bytes)
981 1901       4       Many::m299 (14 bytes)
981 1900       3       Many::m299 (14 bytes)   made not entrant: not used
983 1902       3       Many::m300 (14 bytes)
984 1903       4       Many::m300 (14 bytes)
984 1902       3       Many::m300 (14 bytes)   made not entrant: not used
986 1904       3       Many::m301 (14 bytes)
986 1905       4       Many::m301 (14 bytes)
986 1904       3       Many::m301 (14 bytes)   made not entrant: not used
988 1906       3       Many::m302 (14 bytes)
988 1907       4       Many::m302 (14 bytes)
988 1906       3       Many::m302 (14 bytes)   made not entrant: not used
990 1908       3       Many::m303 (14 bytes)
991 1909       4       Many::m303 (14 bytes)
991 1908       3       Many::m303 (14 bytes)   made not entrant: not used
993 1910       3       Many::m304 (14 bytes)
993 1911       4       Many::m304 (14 bytes)
993 1910       3       Many::m304 (14 bytes)   made not entrant: not used
995 1912       3       Many::m305 (14 bytes)
995 1913       4       Many::m305 (14 bytes)
995 1912       3       Many::m305 (14 bytes)   made not entrant: not used
997 1914       3       Many::m306 (14 bytes)
997 1915       4       Many::m306 (14 bytes)
998 1914       3       Many::m306 (14 bytes)   made not entrant: not used
1000 1916       3       Many::m307 (14 bytes)
1000 1917       4       Many::m307 (14 bytes)
1000 1916       3       Many::m307 (14 bytes)   made not entrant: not used
1002 1918       3       Many::m308 (14 bytes)
1002 1919       4       Many::m308 (14 bytes)
1002 1918       3       Many::m308 (14 bytes)   made not entrant: not used
1004 1920       3       Many::m309 (14 bytes)
1004 1921       4       Many::m309 (14 bytes)
1005 1920       3       Many::m309 (14 bytes)   made not entrant: not used
1007 1922       3       Many::m310 (14 bytes)
1007 1923       4       Many::m310 (14 bytes)
1007 1922       3       Many::m310 (14 bytes)   made not entrant: not used
1009 1924       3       Many::m311 (14 bytes)
1009 1925       4       Many::m311 (14 bytes)
1009 1924       3       Many::m311 (14 bytes)   made not entrant: not used
1011 1926       3       Many::m312 (14 bytes)
1011 1927       4       Many::m312 (14 bytes)
1012 1926       3       Many::m312 (14 bytes)   made not entrant: not used
1014 1928       3       Many::m313 (14 bytes)
1014 1929       4       Many::m313 (14 bytes)
1014 1928       3       Many::m313 (14 bytes)   made not entrant: not used
1016 1930       3       Many::m314 (14 bytes)
1016 1931       4       Many::m314 (14 bytes)
1016 1930       3       Many::m314 (14 bytes)   made not entrant: not used
1018 1932       3       Many::m315 (14 bytes)
1018 1933       4       Many::m315 (14 bytes)
1018 1932       3       Many::m315 (14 bytes)   made not entrant: not used
1020 1934       3       Many::m316 (14 bytes)
1021 1935       4       Many::m316 (14 bytes)
1021 1934       3       Many::m316 (14 bytes)   made not entrant: not used
1023 1936       3       Many::m317 (14 bytes)
1023 1937       4       Many::m317 (14 bytes)
1023 1936       3       Many::m317 (14 bytes)   made not entrant: not used
1025 1938       3       Many::m318 (14 bytes)
1025 1939       4       Many::m318 (14 bytes)
1025 1938       3       Many::m318 (14 bytes)   made not entrant: not used
1027 1940       3       Many::m319 (14 bytes)
1027 1941       4       Many::m319 (14 bytes)
1028 1940       3       Many::m319 (14 bytes)   made not entrant: not used
1030 1942       3       Many::m320 (14 bytes)
1030 1943       4       Many::m320 (14 bytes)
1030 1942       3       Many::m320 (14 bytes)   made not entrant: not used
1032 1944       3       Many::m321 (14 bytes)
1032 1945       4       Many::m321 (14 bytes)
1032 1944       3       Many::m321 (14 bytes)   made not entrant: not used
1034 1946       3       Many::m322 (14 bytes)
1034 1947       4       Many::m322 (14 bytes)
1034 1946       3       Many::m322 (14 bytes)   made not entrant: not used
1036 1948       3       Many::m323 (14 bytes)
1037 1949       4       Many::m323 (14 bytes)
1037 1948       3       Many::m323 (14 bytes)   made not entrant: not used
1039 1950       3       Many::m324 (14 bytes)
1039 1951       4       Many::m324 (14 bytes)
1039 1950       3       Many::m324 (14 bytes)   made not entrant: not used
1041 1952       3       Many::m325 (14 bytes)
1041 1953       4       Many::m325 (14 bytes)
1041 1952       3       Many::m325 (14 bytes)   made not entrant: not used
1043 1954       3       Many::m326 (14 bytes)
1043 1955       4       Many::m326 (14 bytes)
1044 1954       3       Many::m326 (14 bytes)   made not entrant: not used
1046 1956       3       Many::m327 (14 bytes)
1046 1957       4       Many::m327 (14 bytes)
1046 1956       3       Many::m327 (14 bytes)   made not entrant: not used
1048 1958       3       Many::m328 (14 bytes)
1048 1959       4       Many::m328 (14 bytes)
1048 1958       3       Many::m328 (14 bytes)   made not entrant: not used
1050 1960       3       Many::m329 (14 bytes)
1051 1961       4       Many::m329 (14 bytes)
1051 1960       3       Many::m329 (14 bytes)   made not entrant: not used
1053 1962       3       Many::m330 (14 bytes)
1053 1963       4       Many::m330 (14 bytes)
1053 1962       3       Many::m330 (14 bytes)   made not entrant: not used
1055 1964       3       Many::m331 (14 bytes)
1055 1965       4       Many::m331 (14 bytes)
1055 1964       3       Many::m331 (14 bytes)   made not entrant: not used
1057 1966       3       Many::m332 (14 bytes)
1057 1967       4       Many::m332 (14 bytes)
1057 1966       3       Many::m332 (14 bytes)   made not entrant: not used
1059 1968       3       Many::m333 (14 bytes)
1060 1969       4       Many::m333 (14 bytes)
1060 1968       3       Many::m333 (14 bytes)   made not entrant: not used
1062 1970       3       Many::m334 (14 bytes)
1062 1971       4       Many::m334 (14 bytes)
1062 1970       3       Many::m334 (14 bytes)   made not entrant: not used
1064 1972       3       Many::m335 (14 bytes)
1064 1973       4       Many::m335 (14 bytes)
1064 1972       3       Many::m335 (14 bytes)   made not entrant: not used
1066 1974       3       Many::m336 (14 bytes)
1066 1975       4       Many::m336 (14 bytes)
1067 1974       3       Many::m336 (14 bytes)   made not entrant: not used
1069 1976       3       Many::m337 (14 bytes)
1069 1977       4       Many::m337 (14 bytes)
1069 1976       3       Many::m337 (14 bytes)   made not entrant: not used
1071 1978       3       Many::m338 (14 bytes)
1071 1979       4       Many::m338 (14 bytes)
1071 1978       3       Many::m338 (14 bytes)   made not entrant: not used
1073 1980       3       Many::m339 (14 bytes)
1073 1981       4       Many::m339 (14 bytes)
1073 1980       3       Many::m339 (14 bytes)   made not entrant: not used
1075 1982       3       Many::m340 (14 bytes)
1076 1983       4       Many::m340 (14 bytes)
1076 1982       3       Many::m340 (14 bytes)   made not entrant: not used
1078 1984       3       Many::m341 (14 bytes)
1078 1985       4       Many::m341 (14 bytes)
1078 1984       3       Many::m341 (14 bytes)   made not entrant: not used
1080 1986       3       Many::m342 (14 bytes)
1080 1987       4       Many::m342 (14 bytes)
1080 1986       3       Many::m342 (14 bytes)   made not entrant: not used
1082 1988       3       Many::m343 (14 bytes)
1082 1989       4       Many::m343 (14 bytes)
1083 1988       3       Many::m343 (14 bytes)   made not entrant: not used
1085 1990       3       Many::m344 (14 bytes)
1085 1991       4       Many::m344 (14 bytes)
1085 1990       3       Many::m344 (14 bytes)   made not entrant: not used
1087 1992       3       Many::m345 (14 bytes)
1087 1993       4       Many::m345 (14 bytes)
1087 1992       3       Many::m345 (14 bytes)   made not entrant: not used
1089 1994       3       Many::m346 (14 bytes)
1089 1995       4       Many::m346 (14 bytes)
1089 1994       3       Many::m346 (14 bytes)   made not entrant: not used
1091 1996       3       Many::m347 (14 bytes)
1092 1997       4       Many::m347 (14 bytes)
1092 1996       3       Many::m347 (14 bytes)   made not entrant: not used
1094 1998       3       Many::m348 (14 bytes)
1094 1999       4       Many::m348 (14 bytes)
1094 1998       3       Many::m348 (14 bytes)   made not entrant: not used
1096 2000       3       Many::m349 (14 bytes)
1096 2001       4       Many::m349 (14 bytes)
1096 2000       3       Many::m349 (14 bytes)   made not entrant: not used
1098 2002       3       Many::m350 (14 bytes)
1099 2003       4       Many::m350 (14 bytes)
1099 2002       3       Many::m350 (14 bytes)   made not entrant: not used
1101 2004       3       Many::m351 (14 bytes)
1101 2005       4       Many::m351 (14 bytes)
1101 2004       3       Many::m351 (14 bytes)   made not entrant: not used
1103 2006       3       Many::m352 (14 bytes)
1103 2007       4       Many::m352 (14 bytes)
1103 2006       3       Many::m352 (14 bytes)   made not entrant: not used
1105 2008       3       Many::m353 (14 bytes)
1105 2009       4       Many::m353 (14 bytes)
1106 2008       3       Many::m353 (14 bytes)   made not entrant: not used
1108 2010       3       Many::m354 (14 bytes)
1108 2011       4       Many::m354 (14 bytes)
1108 2010       3       Many::m354 (14 bytes)   made not entrant: not used
1110 2012       3       Many::m355 (14 bytes)
1110 2013       4       Many::m355 (14 bytes)
1110 2012       3       Many::m355 (14 bytes)   made not entrant: not used
1112 2014       3       Many::m356 (14 bytes)
1112 2015       4       Many::m356 (14 bytes)
1112 2014       3       Many::m356 (14 bytes)   made not entrant: not used
1114 2016       3       Many::m357 (14 bytes)
1115 2017       4       Many::m357 (14 bytes)
1115 2016       3       Many::m357 (14 bytes)   made not entrant: not used
1117 2018       3       Many::m358 (14 bytes)
1117 2019       4       Many::m358 (14 bytes)
1117 2018       3       Many::m358 (14 bytes)   made not entrant: not used
1119 2020       3       Many::m359 (14 bytes)
1119 2021       4       Many::m359 (14 bytes)
1119 2020       3       Many::m359 (14 bytes)   made not entrant: not used
1121 2022       3       Many::m360 (14 bytes)
1122 2023       4       Many::m360 (14 bytes)
1122 2022       3       Many::m360 (14 bytes)   made not entrant: not used
1124 2024       3       Many::m361 (14 bytes)
1124 2025       4       Many::m361 (14 bytes)
1124 2024       3       Many::m361 (14 bytes)   made not entrant: not used
1126 2026       3       Many::m362 (14 bytes)
1126 2027       4       Many::m362 (14 bytes)
1126 2026       3       Many::m362 (14 bytes)   made not entrant: not used
1128 2028       3       Many::m363 (14 bytes)
1128 2029       4       Many::m363 (14 bytes)
1128 2028       3       Many::m363 (14 bytes)   made not entrant: not used
1131 2030       3       Many::m364 (14 bytes)
1131 2031       4       Many::m364 (14 bytes)
1131 2030       3       Many::m364 (14 bytes)   made not entrant: not used
1133 2032       3       Many::m365 (14 bytes)
1133 2033       4       Many::m365 (14 bytes)
1133 2032       3       Many::m365 (14 bytes)   made not entrant: not used
1135 2034       3       Many::m366 (14 bytes)
1135 2035       4       Many::m366 (14 bytes)
1135 2034       3       Many::m366 (14 bytes)   made not entrant: not used
1137 2036       3       Many::m367 (14 bytes)
1138 2037       4       Many::m367 (14 bytes)
1138 2036       3       Many::m367 (14 bytes)   made not entrant: not used
1140 2038       3       Many::m368 (14 bytes)
1140 2039       4       Many::m368 (14 bytes)
1140 2038       3       Many::m368 (14 bytes)   made not entrant: not used
1142 2040       3       Many::m369 (14 bytes)
1142 2041       4       Many::m369 (14 bytes)
1142 2040       3       Many::m369 (14 bytes)   made not entrant: not used
1144 2042       3       Many::m370 (14 bytes)
1144 2043       4       Many::m370 (14 bytes)
1144 2042       3       Many::m370 (14 bytes)   made not entrant: not used
1147 2044       3       Many::m371 (14 bytes)
1147 2045       4       Many::m371 (14 bytes)
1147 2044       3       Many::m371 (14 bytes)   made not entrant: not used
1149 2046       3       Many::m372 (14 bytes)
1149 2047       4       Many::m372 (14 bytes)
1149 2046       3       Many::m372 (14 bytes)   made not entrant: not used
1151 2048       3       Many::m373 (14 bytes)
1151 2049       4       Many::m373 (14 bytes)
1151 2048       3       Many::m373 (14 bytes)   made not entrant: not used
1154 2050       3       Many::m374 (14 bytes)
1154 2051       4       Many::m374 (14 bytes)
1154 2050       3       Many::m374 (14 bytes)   made not entrant: not used
1156 2052       3       Many::m375 (14 bytes)
1156 2053       4       Many::m375 (14 bytes)
1156 2052       3       Many::m375 (14 bytes)   made not entrant: not used
1158 2054       3       Many::m376 (14 bytes)
1158 2055       4       Many::m376 (14 bytes)
1158 2054       3       Many::m376 (14 bytes)   made not entrant: not used
1160 2056       3       Many::m377 (14 bytes)
1160 2057       4       Many::m377 (14 bytes)
1161 2056       3       Many::m377 (14 bytes)   made not entrant: not used
1163 2058       3       Many::m378 (14 bytes)
1163 2059       4       Many::m378 (14 bytes)
1163 2058       3       Many::m378 (14 bytes)   made not entrant: not used
1165 2060       3       Many::m379 (14 bytes)
1165 2061       4       Many::m379 (14 bytes)
1165 2060       3       Many::m379 (14 bytes)   made not entrant: not used
1167 2062       3       Many::m380 (14 bytes)
1167 2063       4       Many::m380 (14 bytes)
1168 2062       3       Many::m380 (14 bytes)   made not entrant: not used
1170 2064       3       Many::m381 (14 bytes)
1170 2065       4       Many::m381 (14 bytes)
1170 2064       3       Many::m381 (14 bytes)   made not entrant: not used
1172 2066       3       Many::m382 (14 bytes)
1172 2067       4       Many::m382 (14 bytes)
1172 2066       3       Many::m382 (14 bytes)   made not entrant: not used
1174 2068       3       Many::m383 (14 bytes)
1174 2069       4       Many::m383 (14 bytes)
1174 2068       3       Many::m383 (14 bytes)   made not entrant: not used
1176 2070       3       Many::m384 (14 bytes)
1177 2071       4       Many::m384 (14 bytes)
1177 2070       3       Many::m384 (14 bytes)   made not entrant: not used
1179 2072       3       Many::m385 (14 bytes)
1179 2073       4       Many::m385 (14 bytes)
1179 2072       3       Many::m385 (14 bytes)   made not entrant: not used
1181 2074       3       Many::m386 (14 bytes)
1181 2075       4       Many::m386 (14 bytes)
1181 2074       3       Many::m386 (14 bytes)   made not entrant: not used
1183 2076       3       Many::m387 (14 bytes)
1184 2077       4       Many::m387 (14 bytes)
1184 2076       3       Many::m387 (14 bytes)   made not entrant: not used
1186 2078       3       Many::m388 (14 bytes)
1186 2079       4       Many::m388 (14 bytes)
1186 2078       3       Many::m388 (14 bytes)   made not entrant: not used
1188 2080       3       Many::m389 (14 bytes)
1188 2081       4       Many::m389 (14 bytes)
1188 2080       3       Many::m389 (14 bytes)   made not entrant: not used
1190 2082       3       Many::m390 (14 bytes)
1191 2083       4       Many::m390 (14 bytes)
1191 2082       3       Many::m390 (14 bytes)   made not entrant: not used
1193 2084       3       Many::m391 (14 bytes)
1193 2085       4       Many::m391 (14 bytes)
1193 2084       3       Many::m391 (14 bytes)   made not entrant: not used
1195 2086       3       Many::m392 (14 bytes)
1195 2087       4       Many::m392 (14 bytes)
1195 2086       3       Many::m392 (14 bytes)   made not entrant: not used
1197 2088       3       Many::m393 (14 bytes)
1197 2089       4       Many::m393 (14 bytes)
1198 2088       3       Many::m393 (14 bytes)   made not entrant: not used
1200 2090       3       Many::m394 (14 bytes)
1200 2091       4       Many::m394 (14 bytes)
1200 2090       3       Many::m394 (14 bytes)   made not entrant: not used
1202 2092       3       Many::m395 (14 bytes)
1202 2093       4       Many::m395 (14 bytes)
1202 2092       3       Many::m395 (14 bytes)   made not entrant: not used
1204 2094       3       Many::m396 (14 bytes)
1204 2095       4       Many::m396 (14 bytes)
1204 2094       3       Many::m396 (14 bytes)   made not entrant: not used
1207 2096       3       Many::m397 (14 bytes)
1207 2097       4       Many::m397 (14 bytes)
1207 2096       3       Many::m397 (14 bytes)   made not entrant: not used
1209 2098       3       Many::m398 (14 bytes)
1209 2099       4       Many::m398 (14 bytes)
1209 2098       3       Many::m398 (14 bytes)   made not entrant: not used
1211 2100       3       Many::m399 (14 bytes)
1211 2101       4       Many::m399 (14 bytes)
1211 2100       3       Many::m399 (14 bytes)   made not entrant: not used
1213 2102       3       Many::m400 (14 bytes)
1214 2103       4       Many::m400 (14 bytes)
1214 2102       3       Many::m400 (14 bytes)   made not entrant: not used
1216 2104       3       Many::m401 (14 bytes)
1216 2105       4       Many::m401 (14 bytes)
1216 2104       3       Many::m401 (14 bytes)   made not entrant: not used
1218 2106       3       Many::m402 (14 bytes)
1218 2107       4       Many::m402 (14 bytes)
1218 2106       3       Many::m402 (14 bytes)   made not entrant: not used
1220 2108       3       Many::m403 (14 bytes)
1220 2109       4       Many::m403 (14 bytes)
1221 2108       3       Many::m403 (14 bytes)   made not entrant: not used
1223 2110       3       Many::m404 (14 bytes)
1223 2111       4       Many::m404 (14 bytes)
1223 2110       3       Many::m404 (14 bytes)   made not entrant: not used
1225 2112       3       Many::m405 (14 bytes)
1225 2113       4       Many::m405 (14 bytes)
1225 2112       3       Many::m405 (14 bytes)   made not entrant: not used
1227 2114       3       Many::m406 (14 bytes)
1227 2115       4       Many::m406 (14 bytes)
1227 2114       3       Many::m406 (14 bytes)   made not entrant: not used
1229 2116       3       Many::m407 (14 bytes)
1230 2117       4       Many::m407 (14 bytes)
1230 2116       3       Many::m407 (14 bytes)   made not entrant: not used
1232 2118       3       Many::m408 (14 bytes)
1232 2119       4       Many::m408 (14 bytes)
1232 2118       3       Many::m408 (14 bytes)   made not entrant: not used
1234 2120       3       Many::m409 (14 bytes)
1234 2121       4       Many::m409 (14 bytes)
1234 2120       3       Many::m409 (14 bytes)   made not entrant: not used
1236 2122       3       Many::m410 (14 bytes)
1237 2123       4       Many::m410 (14 bytes)
1237 2122       3       Many::m410 (14 bytes)   made not entrant: not used
1239 2124       3       Many::m411 (14 bytes)
1239 2125       4       Many::m411 (14 bytes)
1239 2124       3       Many::m411 (14 bytes)   made not entrant: not used
1241 2126       3       Many::m412 (14 bytes)
1241 2127       4       Many::m412 (14 bytes)
1241 2126       3       Many::m412 (14 bytes)   made not entrant: not used
1243 2128       3       Many::m413 (14 bytes)
1243 2129       4       Many::m413 (14 bytes)
1244 2128       3       Many::m413 (14 bytes)   made not entrant: not used
1246 2130       3       Many::m414 (14 bytes)
1246 2131       4       Many::m414 (14 bytes)
1246 2130       3       Many::m414 (14 bytes)   made not entrant: not used
1248 2132       3       Many::m415 (14 bytes)
1248 2133       4       Many::m415 (14 bytes)
1248 2132       3       Many::m415 (14 bytes)   made not entrant: not used
1250 2134       3       Many::m416 (14 bytes)
1250 2135       4       Many::m416 (14 bytes)
1251 2134       3       Many::m416 (14 bytes)   made not entrant: not used
1253 2136       3       Many::m417 (14 bytes)
1253 2137       4       Many::m417 (14 bytes)
1253 2136       3       Many::m417 (14 bytes)   made not entrant: not used
1255 2138       3       Many::m418 (14 bytes)
1255 2139       4       Many::m418 (14 bytes)
1255 2138       3       Many::m418 (14 bytes)   made not entrant: not used
1257 2140       3       Many::m419 (14 bytes)
1257 2141       4       Many::m419 (14 bytes)
1257 2140       3       Many::m419 (14 bytes)   made not entrant: not used
1259 2142       3       Many::m420 (14 bytes)
1260 2143       4       Many::m420 (14 bytes)
1260 2142       3       Many::m420 (14 bytes)   made not entrant: not used
1262 2144       3       Many::m421 (14 bytes)
1262 2145       4       Many::m421 (14 bytes)
1262 2144       3       Many::m421 (14 bytes)   made not entrant: not used
1264 2146       3       Many::m422 (14 bytes)
1264 2147       4       Many::m422 (14 bytes)
1264 2146       3       Many::m422 (14 bytes)   made not entrant: not used
1266 2148       3       Many::m423 (14 bytes)
1267 2149       4       Many::m423 (14 bytes)
1267 2148       3       Many::m423 (14 bytes)   made not entrant: not used
1269 2150       3       Many::m424 (14 bytes)
1269 2151       4       Many::m424 (14 bytes)
1269 2150       3       Many::m424 (14 bytes)   made not entrant: not used
1271 2152       3       Many::m425 (14 bytes)
1271 2153       4       Many::m425 (14 bytes)
1271 2152       3       Many::m425 (14 bytes)   made not entrant: not used
1273 2154       3       Many::m426 (14 bytes)
1273 2155       4       Many::m426 (14 bytes)
1274 2154       3       Many::m426 (14 bytes)   made not entrant: not used
1276 2156       3       Many::m427 (14 bytes)
1276 2157       4       Many::m427 (14 bytes)
1276 2156       3       Many::m427 (14 bytes)   made not entrant: not used
1278 2158       3       Many::m428 (14 bytes)
1278 2159       4       Many::m428 (14 bytes)
1278 2158       3       Many::m428 (14 bytes)   made not entrant: not used
1280 2160       3       Many::m429 (14 bytes)
1280 2161       4       Many::m429 (14 bytes)
1280 2160       3       Many::m429 (14 bytes)   made not entrant: not used
1283 2162       3       Many::m430 (14 bytes)
1283 2163       4       Many::m430 (14 bytes)
1283 2162       3       Many::m430 (14 bytes)   made not entrant: not used
1285 2164       3       Many::m431 (14 bytes)
1285 2165       4       Many::m431 (14 bytes)
1285 2164       3       Many::m431 (14 bytes)   made not entrant: not used
1287 2166       3       Many::m432 (14 bytes)
1287 2167       4       Many::m432 (14 bytes)
1287 2166       3       Many::m432 (14 bytes)   made not entrant: not used
1289 2168       3       Many::m433 (14 bytes)
1290 2169       4       Many::m433 (14 bytes)
1290 2168       3       Many::m433 (14 bytes)   made not entrant: not used
1292 2170       3       Many::m434 (14 bytes)
1292 2171       4       Many::m434 (14 bytes)
1292 2170       3       Many::m434 (14 bytes)   made not entrant: not used
1294 2172       3       Many::m435 (14 bytes)
1294 2173       4       Many::m435 (14 bytes)
1294 2172       3       Many::m435 (14 bytes)   made not entrant: not used
1296 2174       3       Many::m436 (14 bytes)
1296 2175       4       Many::m436 (14 bytes)
1297 2174       3       Many::m436 (14 bytes)   made not entrant: not used
1299 2176       3       Many::m437 (14 bytes)
1299 2177       4       Many::m437 (14 bytes)
1299 2176       3       Many::m437 (14 bytes)   made not entrant: not used
1301 2178       3       Many::m438 (14 bytes)
1301 2179       4       Many::m438 (14 bytes)
1301 2178       3       Many::m438 (14 bytes)   made not entrant: not used
1303 2180       3       Many::m439 (14 bytes)
1303 2181       4       Many::m439 (14 bytes)
1303 2180       3       Many::m439 (14 bytes)   made not entrant: not used
1306 2182       3       Many::m440 (14 bytes)
1306 2183       4       Many::m440 (14 bytes)
1306 2182       3       Many::m440 (14 bytes)   made not entrant: not used
1308 2184       3       Many::m441 (14 bytes)
1308 2185       4       Many::m441 (14 bytes)
1308 2184       3       Many::m441 (14 bytes)   made not entrant: not used
1310 2186       3       Many::m442 (14 bytes)
1310 2187       4       Many::m442 (14 bytes)
1310 2186       3       Many::m442 (14 bytes)   made not entrant: not used
1312 2188       3       Many::m443 (14 bytes)
1313 2189       4       Many::m443 (14 bytes)
1313 2188       3       Many::m443 (14 bytes)   made not entrant: not used
1315 2190       3       Many::m444 (14 bytes)
1315 2191       4       Many::m444 (14 bytes)
1315 2190       3       Many::m444 (14 bytes)   made not entrant: not used
1317 2192       3       Many::m445 (14 bytes)
1317 2193       4       Many::m445 (14 bytes)
1317 2192       3       Many::m445 (14 bytes)   made not entrant: not used
1319 2194       3       Many::m446 (14 bytes)
1319 2195       4       Many::m446 (14 bytes)
1320 2194       3       Many::m446 (14 bytes)   made not entrant: not used
1322 2196       3       Many::m447 (14 bytes)
1322 2197       4       Many::m447 (14 bytes)
1322 2196       3       Many::m447 (14 bytes)   made not entrant: not used
1324 2198       3       Many::m448 (14 bytes)
1324 2199       4       Many::m448 (14 bytes)
1324 2198       3       Many::m448 (14 bytes)   made not entrant: not used
1326 2200       3       Many::m449 (14 bytes)
1326 2201       4       Many::m449 (14 bytes)
1326 2200       3       Many::m449 (14 bytes)   made not entrant: not used
1328 2202       3       Many::m450 (14 bytes)
1329 2203       4       Many::m450 (14 bytes)
1329 2202       3       Many::m450 (14 bytes)   made not entrant: not used
1331 2204       3       Many::m451 (14 bytes)
1331 2205       4       Many::m451 (14 bytes)
1331 2204       3       Many::m451 (14 bytes)   made not entrant: not used
1333 2206       3       Many::m452 (14 bytes)
1333 2207       4       Many::m452 (14 bytes)
1333 2206       3       Many::m452 (14 bytes)   made not entrant: not used
1335 2208       3       Many::m453 (14 bytes)
1335 2209       4       Many::m453 (14 bytes)
1336 2208       3       Many::m453 (14 bytes)   made not entrant: not used
1338 2210       3       Many::m454 (14 bytes)
1338 2211       4       Many::m454 (14 bytes)
1338 2210       3       Many::m454 (14 bytes)   made not entrant: not used
1340 2212       3       Many::m455 (14 bytes)
1340 2213       4       Many::m455 (14 bytes)
1340 2212       3       Many::m455 (14 bytes)   made not entrant: not used
1342 2214       3       Many::m456 (14 bytes)
1342 2215       4       Many::m456 (14 bytes)
1342 2214       3       Many::m456 (14 bytes)   made not entrant: not used
1344 2216       3       Many::m457 (14 bytes)
1345 2217       4       Many::m457 (14 bytes)
1345 2216       3       Many::m457 (14 bytes)   made not entrant: not used
1347 2218       3       Many::m458 (14 bytes)
1347 2219       4       Many::m458 (14 bytes)
1347 2218       3       Many::m458 (14 bytes)   made not entrant: not used
1349 2220       3       Many::m459 (14 bytes)
1349 2221       4       Many::m459 (14 bytes)
1349 2220       3       Many::m459 (14 bytes)   made not entrant: not used
1352 2222       3       Many::m460 (14 bytes)
1352 2223       4       Many::m460 (14 bytes)
1352 2222       3       Many::m460 (14 bytes)   made not entrant: not used
1354 2224       3       Many::m461 (14 bytes)
1354 2225       4       Many::m461 (14 bytes)
1354 2224       3       Many::m461 (14 bytes)   made not entrant: not used
1356 2226       3       Many::m462 (14 bytes)
1356 2227       4       Many::m462 (14 bytes)
1357 2226       3       Many::m462 (14 bytes)   made not entrant: not used
1359 2228       3       Many::m463 (14 bytes)
1359 2229       4       Many::m463 (14 bytes)
1359 2228       3       Many::m463 (14 bytes)   made not entrant: not used
1361 2230       3       Many::m464 (14 bytes)
1361 2231       4       Many::m464 (14 bytes)
1361 2230       3       Many::m464 (14 bytes)   made not entrant: not used
1363 2232       3       Many::m465 (14 bytes)
1363 2233       4       Many::m465 (14 bytes)
1364 2232       3       Many::m465 (14 bytes)   made not entrant: not used
1366 2234       3       Many::m466 (14 bytes)
1366 2235       4       Many::m466 (14 bytes)
1366 2234       3       Many::m466 (14 bytes)   made not entrant: not used
1368 2236       3       Many::m467 (14 bytes)
1368 2237       4       Many::m467 (14 bytes)
1368 2236       3       Many::m467 (14 bytes)   made not entrant: not used
1370 2238       3       Many::m468 (14 bytes)
1370 2239       4       Many::m468 (14 bytes)
1370 2238       3       Many::m468 (14 bytes)   made not entrant: not used
1372 2240       3       Many::m469 (14 bytes)
1373 2241       4       Many::m469 (14 bytes)
1373 2240       3       Many::m469 (14 bytes)   made not entrant: not used
1375 2242       3       Many::m470 (14 bytes)
1375 2243       4       Many::m470 (14 bytes)
1375 2242       3       Many::m470 (14 bytes)   made not entrant: not used
1377 2244       3       Many::m471 (14 bytes)
1377 2245       4       Many::m471 (14 bytes)
1377 2244       3       Many::m471 (14 bytes)   made not entrant: not used
1379 2246       3       Many::m472 (14 bytes)
1379 2247       4       Many::m472 (14 bytes)
1380 2246       3       Many::m472 (14 bytes)   made not entrant: not used
1382 2248       3       Many::m473 (14 bytes)
1382 2249       4       Many::m473 (14 bytes)
1382 2248       3       Many::m473 (14 bytes)   made not entrant: not used
1384 2250       3       Many::m474 (14 bytes)
1384 2251       4       Many::m474 (14 bytes)
1384 2250       3       Many::m474 (14 bytes)   made not entrant: not used
1386 2252       3       Many::m475 (14 bytes)
1386 2253       4       Many::m475 (14 bytes)
1387 2252       3       Many::m475 (14 bytes)   made not entrant: not used
1389 2254       3       Many::m476 (14 bytes)
1389 2255       4       Many::m476 (14 bytes)
1389 2254       3       Many::m476 (14 bytes)   made not entrant: not used
1391 2256       3       Many::m477 (14 bytes)
1391 2257       4       Many::m477 (14 bytes)
1391 2256       3       Many::m477 (14 bytes)   made not entrant: not used
1393 2258       3       Many::m478 (14 bytes)
1393 2259       4       Many::m478 (14 bytes)
1393 2258       3       Many::m478 (14 bytes)   made not entrant: not used
1395 2260       3       Many::m479 (14 bytes)
1396 2261       4       Many::m479 (14 bytes)
1396 2260       3       Many::m479 (14 bytes)   made not entrant: not used
1398 2262       3       Many::m480 (14 bytes)
1398 2263       4       Many::m480 (14 bytes)
1398 2262       3       Many::m480 (14 bytes)   made not entrant: not used
1400 2264       3       Many::m481 (14 bytes)
1400 2265       4       Many::m481 (14 bytes)
1400 2264       3       Many::m481 (14 bytes)   made not entrant: not used
1402 2266       3       Many::m482 (14 bytes)
1403 2267       4       Many::m482 (14 bytes)
1403 2266       3       Many::m482 (14 bytes)   made not entrant: not used
1405 2268       3       Many::m483 (14 bytes)
1405 2269       4       Many::m483 (14 bytes)
1405 2268       3       Many::m483 (14 bytes)   made not entrant: not used
1407 2270       3       Many::m484 (14 bytes)
1407 2271       4       Many::m484 (14 bytes)
1407 2270       3       Many::m484 (14 bytes)   made not entrant: not used
1409 2272       3       Many::m485 (14 bytes)
1409 2273       4       Many::m485 (14 bytes)
1410 2272       3       Many::m485 (14 bytes)   made not entrant: not used
1412 2274       3       Many::m486 (14 bytes)
1412 2275       4       Many::m486 (14 bytes)
1412 2274       3       Many::m486 (14 bytes)   made not entrant: not used
1414 2276       3       Many::m487 (14 bytes)
1414 2277       4       Many::m487 (14 bytes)
1414 2276       3       Many::m487 (14 bytes)   made not entrant: not used
1416 2278       3       Many::m488 (14 bytes)
1416 2279       4       Many::m488 (14 bytes)
1417 2278       3       Many::m488 (14 bytes)   made not entrant: not used
1419 2280       3       Many::m489 (14 bytes)
1419 2281       4       Many::m489 (14 bytes)
1419 2280       3       Many::m489 (14 bytes)   made not entrant: not used
1421 2282       3       Many::m490 (14 bytes)
1421 2283       4       Many::m490 (14 bytes)
1421 2282       3       Many::m490 (14 bytes)   made not entrant: not used
1423 2284       3       Many::m491 (14 bytes)
1423 2285       4       Many::m491 (14 bytes)
1424 2284       3       Many::m491 (14 bytes)   made not entrant: not used
1426 2286       3       Many::m492 (14 bytes)
1426 2287       4       Many::m492 (14 bytes)
1426 2286       3       Many::m492 (14 bytes)   made not entrant: not used
1428 2288       3       Many::m493 (14 bytes)
1428 2289       4       Many::m493 (14 bytes)
1428 2288       3       Many::m493 (14 bytes)   made not entrant: not used
1430 2290       3       Many::m494 (14 bytes)
1430 2291       4       Many::m494 (14 bytes)
1431 2290       3       Many::m494 (14 bytes)   made not entrant: not used
1433 2292       3       Many::m495 (14 bytes)
1433 2293       4       Many::m495 (14 bytes)
1433 2292       3       Many::m495 (14 bytes)   made not entrant: not used
1435 2294       3       Many::m496 (14 bytes)
1435 2295       4       Many::m496 (14 bytes)
1435 2294       3       Many::m496 (14 bytes)   made not entrant: not used
1437 2296       3       Many::m497 (14 bytes)
1437 2297       4       Many::m497 (14 bytes)
1437 2296       3       Many::m497 (14 bytes)   made not entrant: not used
1439 2298       3       Many::m498 (14 bytes)
1440 2299       4       Many::m498 (14 bytes)
1440 2298       3       Many::m498 (14 bytes)   made not entrant: not used
1442 2300       3       Many::m499 (14 bytes)
1442 2301       4       Many::m499 (14 bytes)
1442 2300       3       Many::m499 (14 bytes)   made not entrant: not used
1444 2302       3       Many::m500 (14 bytes)
1444 2303       4       Many::m500 (14 bytes)
1444 2302       3       Many::m500 (14 bytes)   made not entrant: not used
1446 2304       3       Many::m501 (14 bytes)
1446 2305       4       Many::m501 (14 bytes)
1447 2304       3       Many::m501 (14 bytes)   made not entrant: not used
1449 2306       3       Many::m502 (14 bytes)
1449 2307       4       Many::m502 (14 bytes)
1449 2306       3       Many::m502 (14 bytes)   made not entrant: not used
1451 2308       3       Many::m503 (14 bytes)
1451 2309       4       Many::m503 (14 bytes)
1451 2308       3       Many::m503 (14 bytes)   made not entrant: not used
1453 2310       3       Many::m504 (14 bytes)
1453 2311       4       Many::m504 (14 bytes)
1454 2310       3       Many::m504 (14 bytes)   made not entrant: not used
1456 2312       3       Many::m505 (14 bytes)
1456 2313       4       Many::m505 (14 bytes)
1456 2312       3       Many::m505 (14 bytes)   made not entrant: not used
1458 2314       3       Many::m506 (14 bytes)
1458 2315       4       Many::m506 (14 bytes)
1458 2314       3       Many::m506 (14 bytes)   made not entrant: not used
1460 2316       3       Many::m507 (14 bytes)
1460 2317       4       Many::m507 (14 bytes)
1460 2316       3       Many::m507 (14 bytes)   made not entrant: not used
1462 2318       3       Many::m508 (14 bytes)
1463 2319       4       Many::m508 (14 bytes)
1463 2318       3       Many::m508 (14 bytes)   made not entrant: not used
1465 2320       3       Many::m509 (14 bytes)
1465 2321       4       Many::m509 (14 bytes)
1465 2320       3       Many::m509 (14 bytes)   made not entrant: not used
1467 2322       3       Many::m510 (14 bytes)
1467 2323       4       Many::m510 (14 bytes)
1468 2322       3       Many::m510 (14 bytes)   made not entrant: not used
1469 2324       3       Many::m511 (14 bytes)
1470 2325       4       Many::m511 (14 bytes)
1470 2324       3       Many::m511 (14 bytes)   made not entrant: not used
1472 2326       3       Many::m512 (14 bytes)
1472 2327       4       Many::m512 (14 bytes)
1472 2326       3       Many::m512 (14 bytes)   made not entrant: not used
1474 2328       3       Many::m513 (14 bytes)
1474 2329       4       Many::m513 (14 bytes)
1474 2328       3       Many::m513 (14 bytes)   made not entrant: not used
1476 2330       3       Many::m514 (14 bytes)
1477 2331       4       Many::m514 (14 bytes)
1477 2330       3       Many::m514 (14 bytes)   made not entrant: not used
1479 2332       3       Many::m515 (14 bytes)
1479 2333       4       Many::m515 (14 bytes)
1479 2332       3       Many::m515 (14 bytes)   made not entrant: not used
1481 2334       3       Many::m516 (14 bytes)
1481 2335       4       Many::m516 (14 bytes)
1481 2334       3       Many::m516 (14 bytes)   made not entrant: not used
1483 2336       3       Many::m517 (14 bytes)
1483 2337       4       Many::m517 (14 bytes)
1483 2336       3       Many::m517 (14 bytes)   made not entrant: not used
1486 2338       3       Many::m518 (14 bytes)
1486 2339       4       Many::m518 (14 bytes)
1486 2338       3       Many::m518 (14 bytes)   made not entrant: not used
1488 2340       3       Many::m519 (14 bytes)
1488 2341       4       Many::m519 (14 bytes)
1488 2340       3       Many::m519 (14 bytes)   made not entrant: not used
1490 2342       3       Many::m520 (14 bytes)
1490 2343       4       Many::m520 (14 bytes)
1490 2342       3       Many::m520 (14 bytes)   made not entrant: not used
1492 2344       3       Many::m521 (14 bytes)
1493 2345       4       Many::m521 (14 bytes)
1493 2344       3       Many::m521 (14 bytes)   made not entrant: not used
1495 2346       3       Many::m522 (14 bytes)
1495 2347       4       Many::m522 (14 bytes)
1495 2346       3       Many::m522 (14 bytes)   made not entrant: not used
1497 2348       3       Many::m523 (14 bytes)
1497 2349       4       Many::m523 (14 bytes)
1497 2348       3       Many::m523 (14 bytes)   made not entrant: not used
1499 2350       3       Many::m524 (14 bytes)
1500 2351       4       Many::m524 (14 bytes)
1500 2350       3       Many::m524 (14 bytes)   made not entrant: not used
1502 2352       3       Many::m525 (14 bytes)
1502 2353       4       Many::m525 (14 bytes)
1502 2352       3       Many::m525 (14 bytes)   made not entrant: not used
1504 2354       3       Many::m526 (14 bytes)
1504 2355       4       Many::m526 (14 bytes)
1504 2354       3       Many::m526 (14 bytes)   made not entrant: not used
1506 2356       3       Many::m527 (14 bytes)
1506 2357       4       Many::m527 (14 bytes)
1506 2356       3       Many::m527 (14 bytes)   made not entrant: not used
1508 2358       3       Many::m528 (14 bytes)
1509 2359       4       Many::m528 (14 bytes)
1509 2358       3       Many::m528 (14 bytes)   made not entrant: not used
1511 2360       3       Many::m529 (14 bytes)
1511 2361       4       Many::m529 (14 bytes)
1511 2360       3       Many::m529 (14 bytes)   made not entrant: not used
1513 2362       3       Many::m530 (14 bytes)
1513 2363       4       Many::m530 (14 bytes)
1513 2362       3       Many::m530 (14 bytes)   made not entrant: not used
1515 2364       3       Many::m531 (14 bytes)
1515 2365       4       Many::m531 (14 bytes)
1516 2364       3       Many::m531 (14 bytes)   made not entrant: not used
1518 2366       3       Many::m532 (14 bytes)
1518 2367       4       Many::m532 (14 bytes)
1518 2366       3       Many::m532 (14 bytes)   made not entrant: not used
1520 2368       3       Many::m533 (14 bytes)
1520 2369       4       Many::m533 (14 bytes)
1520 2368       3       Many::m533 (14 bytes)   made not entrant: not used
1522 2370       3       Many::m534 (14 bytes)
1522 2371       4       Many::m534 (14 bytes)
1523 2370       3       Many::m534 (14 bytes)   made not entrant: not used
1525 2372       3       Many::m535 (14 bytes)
1525 2373       4       Many::m535 (14 bytes)
1525 2372       3       Many::m535 (14 bytes)   made not entrant: not used
1527 2374       3       Many::m536 (14 bytes)
1527 2375       4       Many::m536 (14 bytes)
1527 2374       3       Many::m536 (14 bytes)   made not entrant: not used
1529 2376       3       Many::m537 (14 bytes)
1529 2377       4       Many::m537 (14 bytes)
1529 2376       3       Many::m537 (14 bytes)   made not entrant: not used
1531 2378       3       Many::m538 (14 bytes)
1532 2379       4       Many::m538 (14 bytes)
1532 2378       3       Many::m538 (14 bytes)   made not entrant: not used
1534 2380       3       Many::m539 (14 bytes)
1534 2381       4       Many::m539 (14 bytes)
1534 2380       3       Many::m539 (14 bytes)   made not entrant: not used
1536 2382       3       Many::m540 (14 bytes)
1536 2383       4       Many::m540 (14 bytes)
1536 2382       3       Many::m540 (14 bytes)   made not entrant: not used
1538 2384       3       Many::m541 (14 bytes)
1539 2385       4       Many::m541 (14 bytes)
1539 2384       3       Many::m541 (14 bytes)   made not entrant: not used
1541 2386       3       Many::m542 (14 bytes)
1541 2387       4       Many::m542 (14 bytes)
1541 2386       3       Many::m542 (14 bytes)   made not entrant: not used
1543 2388       3       Many::m543 (14 bytes)
1543 2389       4       Many::m543 (14 bytes)
1543 2388       3       Many::m543 (14 bytes)   made not entrant: not used
1545 2390       3       Many::m544 (14 bytes)
1545 2391       4       Many::m544 (14 bytes)
1546 2390       3       Many::m544 (14 bytes)   made not entrant: not used
1548 2392       3       Many::m545 (14 bytes)
1548 2393       4       Many::m545 (14 bytes)
1548 2392       3       Many::m545 (14 bytes)   made not entrant: not used
1550 2394       3       Many::m546 (14 bytes)
1550 2395       4       Many::m546 (14 bytes)
1550 2394       3       Many::m546 (14 bytes)   made not entrant: not used
1552 2396       3       Many::m547 (14 bytes)
1552 2397       4       Many::m547 (14 bytes)
1552 2396       3       Many::m547 (14 bytes)   made not entrant: not used
1554 2398       3       Many::m548 (14 bytes)
1555 2399       4       Many::m548 (14 bytes)
1555 2398       3       Many::m548 (14 bytes)   made not entrant: not used
1557 2400       3       Many::m549 (14 bytes)
1557 2401       4       Many::m549 (14 bytes)
1557 2400       3       Many::m549 (14 bytes)   made not entrant: not used
1559 2402       3       Many::m550 (14 bytes)
1559 2403       4       Many::m550 (14 bytes)
1559 2402       3       Many::m550 (14 bytes)   made not entrant: not used
1561 2404       3       Many::m551 (14 bytes)
1562 2405       4       Many::m551 (14 bytes)
1562 2404       3       Many::m551 (14 bytes)   made not entrant: not used
1564 2406       3       Many::m552 (14 bytes)
1564 2407       4       Many::m552 (14 bytes)
1564 2406       3       Many::m552 (14 bytes)   made not entrant: not used
1566 2408       3       Many::m553 (14 bytes)
1566 2409       4       Many::m553 (14 bytes)
1566 2408       3       Many::m553 (14 bytes)   made not entrant: not used
1568 2410       3       Many::m554 (14 bytes)
1568 2411       4       Many::m554 (14 bytes)
1569 2410       3       Many::m554 (14 bytes)   made not entrant: not used
1571 2412       3       Many::m555 (14 bytes)
1571 2413       4       Many::m555 (14 bytes)
1571 2412       3       Many::m555 (14 bytes)   made not entrant: not used
1573 2414       3       Many::m556 (14 bytes)
1573 2415       4       Many::m556 (14 bytes)
1573 2414       3       Many::m556 (14 bytes)   made not entrant: not used
1575 2416       3       Many::m557 (14 bytes)
1575 2417       4       Many::m557 (14 bytes)
1576 2416       3       Many::m557 (14 bytes)   made not entrant: not used
1578 2418       3       Many::m558 (14 bytes)
1578 2419       4       Many::m558 (14 bytes)
1578 2418       3       Many::m558 (14 bytes)   made not entrant: not used
1580 2420       3       Many::m559 (14 bytes)
1580 2421       4       Many::m559 (14 bytes)
1580 2420       3       Many::m559 (14 bytes)   made not entrant: not used
1582 2422       3       Many::m560 (14 bytes)
1582 2423       4       Many::m560 (14 bytes)
1583 2422       3       Many::m560 (14 bytes)   made not entrant: not used
1585 2424       3       Many::m561 (14 bytes)
1585 2425       4       Many::m561 (14 bytes)
1585 2424       3       Many::m561 (14 bytes)   made not entrant: not used
1587 2426       3       Many::m562 (14 bytes)
1587 2427       4       Many::m562 (14 bytes)
1587 2426       3       Many::m562 (14 bytes)   made not entrant: not used
1589 2428       3       Many::m563 (14 bytes)
1589 2429       4       Many::m563 (14 bytes)
1589 2428       3       Many::m563 (14 bytes)   made not entrant: not used
1591 2430       3       Many::m564 (14 bytes)
1592 2431       4       Many::m564 (14 bytes)
1592 2430       3       Many::m564 (14 bytes)   made not entrant: not used
1594 2432       3       Many::m565 (14 bytes)
1594 2433       4       Many::m565 (14 bytes)
1594 2432       3       Many::m565 (14 bytes)   made not entrant: not used
1596 2434       3       Many::m566 (14 bytes)
1596 2435       4       Many::m566 (14 bytes)
1596 2434       3       Many::m566 (14 bytes)   made not entrant: not used
1598 2436       3       Many::m567 (14 bytes)
1598 2437       4       Many::m567 (14 bytes)
1599 2436       3       Many::m567 (14 bytes)   made not entrant: not used
1601 2438       3       Many::m568 (14 bytes)
1601 2439       4       Many::m568 (14 bytes)
1601 2438       3       Many::m568 (14 bytes)   made not entrant: not used
1603 2440       3       Many::m569 (14 bytes)
1603 2441       4       Many::m569 (14 bytes)
1603 2440       3       Many::m569 (14 bytes)   made not entrant: not used
1605 2442       3       Many::m570 (14 bytes)
1605 2443       4       Many::m570 (14 bytes)
1606 2442       3       Many::m570 (14 bytes)   made not entrant: not used
1608 2444       3       Many::m571 (14 bytes)
1608 2445       4       Many::m571 (14 bytes)
1608 2444       3       Many::m571 (14 bytes)   made not entrant: not used
1610 2446       3       Many::m572 (14 bytes)
1610 2447       4       Many::m572 (14 bytes)
1610 2446       3       Many::m572 (14 bytes)   made not entrant: not used
1612 2448       3       Many::m573 (14 bytes)
1612 2449       4       Many::m573 (14 bytes)
1612 2448       3       Many::m573 (14 bytes)   made not entrant: not used
1615 2450       3       Many::m574 (14 bytes)
1615 2451       4       Many::m574 (14 bytes)
1615 2450       3       Many::m574 (14 bytes)   made not entrant: not used
1617 2452       3       Many::m575 (14 bytes)
1617 2453       4       Many::m575 (14 bytes)
1617 2452       3       Many::m575 (14 bytes)   made not entrant: not used
1619 2454       3       Many::m576 (14 bytes)
1619 2455       4       Many::m576 (14 bytes)
1620 2454       3       Many::m576 (14 bytes)   made not entrant: not used
1622 2456       3       Many::m577 (14 bytes)
1622 2457       4       Many::m577 (14 bytes)
1622 2456       3       Many::m577 (14 bytes)   made not entrant: not used
1624 2458       3       Many::m578 (14 bytes)
1624 2459       4       Many::m578 (14 bytes)
1624 2458       3       Many::m578 (14 bytes)   made not entrant: not used
1626 2460       3       Many::m579 (14 bytes)
1626 2461       4       Many::m579 (14 bytes)
1626 2460       3       Many::m579 (14 bytes)   made not entrant: not used
1628 2462       3       Many::m580 (14 bytes)
1628 2463       4       Many::m580 (14 bytes)
1629 2462       3       Many::m580 (14 bytes)   made not entrant: not used
1631 2464       3       Many::m581 (14 bytes)
1631 2465       4       Many::m581 (14 bytes)
1631 2464       3       Many::m581 (14 bytes)   made not entrant: not used
1633 2466       3       Many::m582 (14 bytes)
1633 2467       4       Many::m582 (14 bytes)
1633 2466       3       Many::m582 (14 bytes)   made not entrant: not used
1635 2468       3       Many::m583 (14 bytes)
1635 2469       4       Many::m583 (14 bytes)
1636 2468       3       Many::m583 (14 bytes)   made not entrant: not used
1638 2470       3       Many::m584 (14 bytes)
1638 2471       4       Many::m584 (14 bytes)
1638 2470       3       Many::m584 (14 bytes)   made not entrant: not used
1640 2472       3       Many::m585 (14 bytes)
1640 2473       4       Many::m585 (14 bytes)
1640 2472       3       Many::m585 (14 bytes)   made not entrant: not used
1642 2474       3       Many::m586 (14 bytes)
1642 2475       4       Many::m586 (14 bytes)
1642 2474       3       Many::m586 (14 bytes)   made not entrant: not used
1645 2476       3       Many::m587 (14 bytes)
1645 2477       4       Many::m587 (14 bytes)
1645 2476       3       Many::m587 (14 bytes)   made not entrant: not used
1647 2478       3       Many::m588 (14 bytes)
1647 2479       4       Many::m588 (14 bytes)
1647 2478       3       Many::m588 (14 bytes)   made not entrant: not used
1649 2480       3       Many::m589 (14 bytes)
1649 2481       4       Many::m589 (14 bytes)
1649 2480       3       Many::m589 (14 bytes)   made not entrant: not used
1652 2482       3       Many::m590 (14 bytes)
1652 2483       4       Many::m590 (14 bytes)
1652 2482       3       Many::m590 (14 bytes)   made not entrant: not used
1654 2484       3       Many::m591 (14 bytes)
1654 2485       4       Many::m591 (14 bytes)
1654 2484       3       Many::m591 (14 bytes)   made not entrant: not used
1656 2486       3       Many::m592 (14 bytes)
1656 2487       4       Many::m592 (14 bytes)
1656 2486       3       Many::m592 (14 bytes)   made not entrant: not used
1658 2488       3       Many::m593 (14 bytes)
1659 2489       4       Many::m593 (14 bytes)
1659 2488       3       Many::m593 (14 bytes)   made not entrant: not used
1661 2490       3       Many::m594 (14 bytes)
1661 2491       4       Many::m594 (14 bytes)
1661 2490       3       Many::m594 (14 bytes)   made not entrant: not used
1663 2492       3       Many::m595 (14 bytes)
1663 2493       4       Many::m595 (14 bytes)
1663 2492       3       Many::m595 (14 bytes)   made not entrant: not used
1665 2494       3       Many::m596 (14 bytes)
1665 2495       4       Many::m596 (14 bytes)
1666 2494       3       Many::m596 (14 bytes)   made not entrant: not used
1668 2496       3       Many::m597 (14 bytes)
1668 2497       4       Many::m597 (14 bytes)
1668 2496       3       Many::m597 (14 bytes)   made not entrant: not used
1670 2498       3       Many::m598 (14 bytes)
1670 2499       4       Many::m598 (14 bytes)
1670 2498       3       Many::m598 (14 bytes)   made not entrant: not used
1672 2500       3       Many::m599 (14 bytes)
1672 2501       4       Many::m599 (14 bytes)
1673 2500       3       Many::m599 (14 bytes)   made not entrant: not used
1674 2502       3       Many::m600 (14 bytes)
1675 2503       4       Many::m600 (14 bytes)
1675 2502       3       Many::m600 (14 bytes)   made not entrant: not used
1677 2504       3       Many::m601 (14 bytes)
1677 2505       4       Many::m601 (14 bytes)
1677 2504       3       Many::m601 (14 bytes)   made not entrant: not used
1679 2506       3       Many::m602 (14 bytes)
1679 2507       4       Many::m602 (14 bytes)
1679 2506       3       Many::m602 (14 bytes)   made not entrant: not used
1681 2508       3       Many::m603 (14 bytes)
1682 2509       4       Many::m603 (14 bytes)
1682 2508       3       Many::m603 (14 bytes)   made not entrant: not used
1684 2510       3       Many::m604 (14 bytes)
1684 2511       4       Many::m604 (14 bytes)
1684 2510       3       Many::m604 (14 bytes)   made not entrant: not used
1686 2512       3       Many::m605 (14 bytes)
1686 2513       4       Many::m605 (14 bytes)
1686 2512       3       Many::m605 (14 bytes)   made not entrant: not used
1688 2514       3       Many::m606 (14 bytes)
1689 2515       4       Many::m606 (14 bytes)
1689 2514       3       Many::m606 (14 bytes)   made not entrant: not used
1691 2516       3       Many::m607 (14 bytes)
1691 2517       4       Many::m607 (14 bytes)
1691 2516       3       Many::m607 (14 bytes)   made not entrant: not used
1693 2518       3       Many::m608 (14 bytes)
1693 2519       4       Many::m608 (14 bytes)
1693 2518       3       Many::m608 (14 bytes)   made not entrant: not used
1695 2520       3       Many::m609 (14 bytes)
1695 2521       4       Many::m609 (14 bytes)
1696 2520       3       Many::m609 (14 bytes)   made not entrant: not used
1698 2522       3       Many::m610 (14 bytes)
1698 2523       4       Many::m610 (14 bytes)
1698 2522       3       Many::m610 (14 bytes)   made not entrant: not used
1700 2524       3       Many::m611 (14 bytes)
1700 2525       4       Many::m611 (14 bytes)
1700 2524       3       Many::m611 (14 bytes)   made not entrant: not used
1702 2526       3       Many::m612 (14 bytes)
1702 2527       4       Many::m612 (14 bytes)
1702 2526       3       Many::m612 (14 bytes)   made not entrant: not used
1704 2528       3       Many::m613 (14 bytes)
1705 2529       4       Many::m613 (14 bytes)
1705 2528       3       Many::m613 (14 bytes)   made not entrant: not used
1707 2530       3       Many::m614 (14 bytes)
1707 2531       4       Many::m614 (14 bytes)
1707 2530       3       Many::m614 (14 bytes)   made not entrant: not used
1709 2532       3       Many::m615 (14 bytes)
1709 2533       4       Many::m615 (14 bytes)
1709 2532       3       Many::m615 (14 bytes)   made not entrant: not used
1711 2534       3       Many::m616 (14 bytes)
1712 2535       4       Many::m616 (14 bytes)
1712 2534       3       Many::m616 (14 bytes)   made not entrant: not used
1714 2536       3       Many::m617 (14 bytes)
1714 2537       4       Many::m617 (14 bytes)
1714 2536       3       Many::m617 (14 bytes)   made not entrant: not used
1716 2538       3       Many::m618 (14 bytes)
1716 2539       4       Many::m618 (14 bytes)
1717 2538       3       Many::m618 (14 bytes)   made not entrant: not used
1719 2540       3       Many::m619 (14 bytes)
1719 2541       4       Many::m619 (14 bytes)
1719 2540       3       Many::m619 (14 bytes)   made not entrant: not used
1721 2542       3       Many::m620 (14 bytes)
1721 2543       4       Many::m620 (14 bytes)
1721 2542       3       Many::m620 (14 bytes)   made not entrant: not used
1723 2544       3       Many::m621 (14 bytes)
1723 2545       4       Many::m621 (14 bytes)
1724 2544       3       Many::m621 (14 bytes)   made not entrant: not used
1726 2546       3       Many::m622 (14 bytes)
1726 2547       4       Many::m622 (14 bytes)
1726 2546       3       Many::m622 (14 bytes)   made not entrant: not used
1728 2548       3       Many::m623 (14 bytes)
1728 2549       4       Many::m623 (14 bytes)
1728 2548       3       Many::m623 (14 bytes)   made not entrant: not used
1730 2550       3       Many::m624 (14 bytes)
1730 2551       4       Many::m624 (14 bytes)
1730 2550       3       Many::m624 (14 bytes)   made not entrant: not used
1733 2552       3       Many::m625 (14 bytes)
1733 2553       4       Many::m625 (14 bytes)
1733 2552       3       Many::m625 (14 bytes)   made not entrant: not used
1735 2554       3       Many::m626 (14 bytes)
1735 2555       4       Many::m626 (14 bytes)
1735 2554       3       Many::m626 (14 bytes)   made not entrant: not used
1737 2556       3       Many::m627 (14 bytes)
1737 2557       4       Many::m627 (14 bytes)
1737 2556       3       Many::m627 (14 bytes)   made not entrant: not used
1739 2558       3       Many::m628 (14 bytes)
1740 2559       4       Many::m628 (14 bytes)
1740 2558       3       Many::m628 (14 bytes)   made not entrant: not used
1742 2560       3       Many::m629 (14 bytes)
1742 2561       4       Many::m629 (14 bytes)
1742 2560       3       Many::m629 (14 bytes)   made not entrant: not used
1744 2562       3       Many::m630 (14 bytes)
1744 2563       4       Many::m630 (14 bytes)
1744 2562       3       Many::m630 (14 bytes)   made not entrant: not used
1746 2564       3       Many::m631 (14 bytes)
1746 2565       4       Many::m631 (14 bytes)
1747 2564       3       Many::m631 (14 bytes)   made not entrant: not used
1749 2566       3       Many::m632 (14 bytes)
1749 2567       4       Many::m632 (14 bytes)
1749 2566       3       Many::m632 (14 bytes)   made not entrant: not used
1751 2568       3       Many::m633 (14 bytes)
1751 2569       4       Many::m633 (14 bytes)
1752 2568       3       Many::m633 (14 bytes)   made not entrant: not used
1753 2570       3       Many::m634 (14 bytes)
1754 2571       4       Many::m634 (14 bytes)
1754 2570       3       Many::m634 (14 bytes)   made not entrant: not used
1756 2572       3       Many::m635 (14 bytes)
1756 2573       4       Many::m635 (14 bytes)
1756 2572       3       Many::m635 (14 bytes)   made not entrant: not used
1758 2574       3       Many::m636 (14 bytes)
1758 2575       4       Many::m636 (14 bytes)
1758 2574       3       Many::m636 (14 bytes)   made not entrant: not used
1760 2576       3       Many::m637 (14 bytes)
1760 2577       4       Many::m637 (14 bytes)
1761 2576       3       Many::m637 (14 bytes)   made not entrant: not used
1763 2578       3       Many::m638 (14 bytes)
1763 2579       4       Many::m638 (14 bytes)
1763 2578       3       Many::m638 (14 bytes)   made not entrant: not used
1765 2580       3       Many::m639 (14 bytes)
1765 2581       4       Many::m639 (14 bytes)
1765 2580       3       Many::m639 (14 bytes)   made not entrant: not used
1767 2582       3       Many::m640 (14 bytes)
1768 2583       4       Many::m640 (14 bytes)
1768 2582       3       Many::m640 (14 bytes)   made not entrant: not used
1770 2584       3       Many::m641 (14 bytes)
1770 2585       4       Many::m641 (14 bytes)
1770 2584       3       Many::m641 (14 bytes)   made not entrant: not used
1772 2586       3       Many::m642 (14 bytes)
1772 2587       4       Many::m642 (14 bytes)
1772 2586       3       Many::m642 (14 bytes)   made not entrant: not used
1774 2588       3       Many::m643 (14 bytes)
1774 2589       4       Many::m643 (14 bytes)
1774 2588       3       Many::m643 (14 bytes)   made not entrant: not used
1776 2590       3       Many::m644 (14 bytes)
1777 2591       4       Many::m644 (14 bytes)
1777 2590       3       Many::m644 (14 bytes)   made not entrant: not used
1779 2592       3       Many::m645 (14 bytes)
1779 2593       4       Many::m645 (14 bytes)
1779 2592       3       Many::m645 (14 bytes)   made not entrant: not used
1781 2594       3       Many::m646 (14 bytes)
1781 2595       4       Many::m646 (14 bytes)
1781 2594       3       Many::m646 (14 bytes)   made not entrant: not used
1783 2596       3       Many::m647 (14 bytes)
1784 2597       4       Many::m647 (14 bytes)
1784 2596       3       Many::m647 (14 bytes)   made not entrant: not used
1786 2598       3       Many::m648 (14 bytes)
1786 2599       4       Many::m648 (14 bytes)
1786 2598       3       Many::m648 (14 bytes)   made not entrant: not used
1788 2600       3       Many::m649 (14 bytes)
1788 2601       4       Many::m649 (14 bytes)
1788 2600       3       Many::m649 (14 bytes)   made not entrant: not used
1790 2602       3       Many::m650 (14 bytes)
1790 2603       4       Many::m650 (14 bytes)
1791 2602       3       Many::m650 (14 bytes)   made not entrant: not used
1793 2604       3       Many::m651 (14 bytes)
1793 2605       4       Many::m651 (14 bytes)
1793 2604       3       Many::m651 (14 bytes)   made not entrant: not used
1795 2606       3       Many::m652 (14 bytes)
1795 2607       4       Many::m652 (14 bytes)
1795 2606       3       Many::m652 (14 bytes)   made not entrant: not used
1797 2608       3       Many::m653 (14 bytes)
1797 2609       4       Many::m653 (14 bytes)
1797 2608       3       Many::m653 (14 bytes)   made not entrant: not used
1800 2610       3       Many::m654 (14 bytes)
1800 2611       4       Many::m654 (14 bytes)
1800 2610       3       Many::m654 (14 bytes)   made not entrant: not used
1802 2612       3       Many::m655 (14 bytes)
1802 2613       4       Many::m655 (14 bytes)
1802 2612       3       Many::m655 (14 bytes)   made not entrant: not used
1804 2614       3       Many::m656 (14 bytes)
1804 2615       4       Many::m656 (14 bytes)
1804 2614       3       Many::m656 (14 bytes)   made not entrant: not used
1806 2616       3       Many::m657 (14 bytes)
1807 2617       4       Many::m657 (14 bytes)
1807 2616       3       Many::m657 (14 bytes)   made not entrant: not used
1809 2618       3       Many::m658 (14 bytes)
1809 2619       4       Many::m658 (14 bytes)
1809 2618       3       Many::m658 (14 bytes)   made not entrant: not used
1811 2620       3       Many::m659 (14 bytes)
1811 2621       4       Many::m659 (14 bytes)
1811 2620       3       Many::m659 (14 bytes)   made not entrant: not used
1813 2622       3       Many::m660 (14 bytes)
1813 2623       4       Many::m660 (14 bytes)
1814 2622       3       Many::m660 (14 bytes)   made not entrant: not used
1816 2624       3       Many::m661 (14 bytes)
1816 2625       4       Many::m661 (14 bytes)
1816 2624       3       Many::m661 (14 bytes)   made not entrant: not used
1819 2626       3       Many::m662 (14 bytes)
1820 2627       4       Many::m662 (14 bytes)
1820 2626       3       Many::m662 (14 bytes)   made not entrant: not used
1822 2628       3       Many::m663 (14 bytes)
1822 2629       4       Many::m663 (14 bytes)
1823 2628       3       Many::m663 (14 bytes)   made not entrant: not used
1824 2630       3       Many::m664 (14 bytes)
1826 2631       4       Many::m664 (14 bytes)
1826 2630       3       Many::m664 (14 bytes)   made not entrant: not used
1827 2632       3       Many::m665 (14 bytes)
1828 2633       4       Many::m665 (14 bytes)
1828 2632       3       Many::m665 (14 bytes)   made not entrant: not used
1830 2634       3       Many::m666 (14 bytes)
1831 2635       4       Many::m666 (14 bytes)
1831 2634       3       Many::m666 (14 bytes)   made not entrant: not used
1833 2636       3       Many::m667 (14 bytes)
1834 2637       4       Many::m667 (14 bytes)
1834 2636       3       Many::m667 (14 bytes)   made not entrant: not used
1836 2638       3       Many::m668 (14 bytes)
1836 2639       4       Many::m668 (14 bytes)
1836 2638       3       Many::m668 (14 bytes)   made not entrant: not used
1838 2640       3       Many::m669 (14 bytes)
1838 2641       4       Many::m669 (14 bytes)
1838 2640       3       Many::m669 (14 bytes)   made not entrant: not used
1840 2642       3       Many::m670 (14 bytes)
1840 2643       4       Many::m670 (14 bytes)
1841 2642       3       Many::m670 (14 bytes)   made not entrant: not used
1843 2644       3       Many::m671 (14 bytes)
1843 2645       4       Many::m671 (14 bytes)
1843 2644       3       Many::m671 (14 bytes)   made not entrant: not used
1845 2646       3       Many::m672 (14 bytes)
1845 2647       4       Many::m672 (14 bytes)
1845 2646       3       Many::m672 (14 bytes)   made not entrant: not used
1847 2648       3       Many::m673 (14 bytes)
1847 2649       4       Many::m673 (14 bytes)
1847 2648       3       Many::m673 (14 bytes)   made not entrant: not used
1850 2650       3       Many::m674 (14 bytes)
1850 2651       4       Many::m674 (14 bytes)
1850 2650       3       Many::m674 (14 bytes)   made not entrant: not used
1852 2652       3       Many::m675 (14 bytes)
1852 2653       4       Many::m675 (14 bytes)
1852 2652       3       Many::m675 (14 bytes)   made not entrant: not used
1854 2654       3       Many::m676 (14 bytes)
1854 2655       4       Many::m676 (14 bytes)
1854 2654       3       Many::m676 (14 bytes)   made not entrant: not used
1856 2656       3       Many::m677 (14 bytes)
1857 2657       4       Many::m677 (14 bytes)
1857 2656       3       Many::m677 (14 bytes)   made not entrant: not used
1859 2658       3       Many::m678 (14 bytes)
1859 2659       4       Many::m678 (14 bytes)
1859 2658       3       Many::m678 (14 bytes)   made not entrant: not used
1861 2660       3       Many::m679 (14 bytes)
1861 2661       4       Many::m679 (14 bytes)
1861 2660       3       Many::m679 (14 bytes)   made not entrant: not used
1863 2662       3       Many::m680 (14 bytes)
1863 2663       4       Many::m680 (14 bytes)
1864 2662       3       Many::m680 (14 bytes)   made not entrant: not used
1866 2664       3       Many::m681 (14 bytes)
1866 2665       4       Many::m681 (14 bytes)
1866 2664       3       Many::m681 (14 bytes)   made not entrant: not used
1868 2666       3       Many::m682 (14 bytes)
1868 2667       4       Many::m682 (14 bytes)
1868 2666       3       Many::m682 (14 bytes)   made not entrant: not used
1870 2668       3       Many::m683 (14 bytes)
1870 2669       4       Many::m683 (14 bytes)
1871 2668       3       Many::m683 (14 bytes)   made not entrant: not used
1873 2670       3       Many::m684 (14 bytes)
1873 2671       4       Many::m684 (14 bytes)
1873 2670       3       Many::m684 (14 bytes)   made not entrant: not used
1875 2672       3       Many::m685 (14 bytes)
1875 2673       4       Many::m685 (14 bytes)
1875 2672       3       Many::m685 (14 bytes)   made not entrant: not used
1877 2674       3       Many::m686 (14 bytes)
1877 2675       4       Many::m686 (14 bytes)
1877 2674       3       Many::m686 (14 bytes)   made not entrant: not used
1879 2676       3       Many::m687 (14 bytes)
1880 2677       4       Many::m687 (14 bytes)
1880 2676       3       Many::m687 (14 bytes)   made not entrant: not used
1882 2678       3       Many::m688 (14 bytes)
1882 2679       4       Many::m688 (14 bytes)
1882 2678       3       Many::m688 (14 bytes)   made not entrant: not used
1884 2680       3       Many::m689 (14 bytes)
1884 2681       4       Many::m689 (14 bytes)
1884 2680       3       Many::m689 (14 bytes)   made not entrant: not used
1886 2682       3       Many::m690 (14 bytes)
1887 2683       4       Many::m690 (14 bytes)
1887 2682       3       Many::m690 (14 bytes)   made not entrant: not used
1889 2684       3       Many::m691 (14 bytes)
1889 2685       4       Many::m691 (14 bytes)
1889 2684       3       Many::m691 (14 bytes)   made not entrant: not used
1891 2686       3       Many::m692 (14 bytes)
1891 2687       4       Many::m692 (14 bytes)
1891 2686       3       Many::m692 (14 bytes)   made not entrant: not used
1893 2688       3       Many::m693 (14 bytes)
1893 2689       4       Many::m693 (14 bytes)
1893 2688       3       Many::m693 (14 bytes)   made not entrant: not used
1896 2690       3       Many::m694 (14 bytes)
1896 2691       4       Many::m694 (14 bytes)
1896 2690       3       Many::m694 (14 bytes)   made not entrant: not used
1898 2692       3       Many::m695 (14 bytes)
1898 2693       4       Many::m695 (14 bytes)
1898 2692       3       Many::m695 (14 bytes)   made not entrant: not used
1900 2694       3       Many::m696 (14 bytes)
1900 2695       4       Many::m696 (14 bytes)
1900 2694       3       Many::m696 (14 bytes)   made not entrant: not used
1902 2696       3       Many::m697 (14 bytes)
1903 2697       4       Many::m697 (14 bytes)
1903 2696       3       Many::m697 (14 bytes)   made not entrant: not used
1905 2698       3       Many::m698 (14 bytes)
1905 2699       4       Many::m698 (14 bytes)
1905 2698       3       Many::m698 (14 bytes)   made not entrant: not used
1907 2700       3       Many::m699 (14 bytes)
1907 2701       4       Many::m699 (14 bytes)
1907 2700       3       Many::m699 (14 bytes)   made not entrant: not used
1909 2702       3       Many::m700 (14 bytes)
1910 2703       4       Many::m700 (14 bytes)
1910 2702       3       Many::m700 (14 bytes)   made not entrant: not used
1912 2704       3       Many::m701 (14 bytes)
1912 2705       4       Many::m701 (14 bytes)
1912 2704       3       Many::m701 (14 bytes)   made not entrant: not used
1914 2706       3       Many::m702 (14 bytes)
1914 2707       4       Many::m702 (14 bytes)
1914 2706       3       Many::m702 (14 bytes)   made not entrant: not used
1916 2708       3       Many::m703 (14 bytes)
1916 2709       4       Many::m703 (14 bytes)
1917 2708       3       Many::m703 (14 bytes)   made not entrant: not used
1919 2710       3       Many::m704 (14 bytes)
1919 2711       4       Many::m704 (14 bytes)
1919 2710       3       Many::m704 (14 bytes)   made not entrant: not used
1921 2712       3       Many::m705 (14 bytes)
1921 2713       4       Many::m705 (14 bytes)
1921 2712       3       Many::m705 (14 bytes)   made not entrant: not used
1923 2714       3       Many::m706 (14 bytes)
1923 2715       4       Many::m706 (14 bytes)
1923 2714       3       Many::m706 (14 bytes)   made not entrant: not used
1925 2716       3       Many::m707 (14 bytes)
1926 2717       4       Many::m707 (14 bytes)
1926 2716       3       Many::m707 (14 bytes)   made not entrant: not used
1928 2718       3       Many::m708 (14 bytes)
1928 2719       4       Many::m708 (14 bytes)
1928 2718       3       Many::m708 (14 bytes)   made not entrant: not used
1930 2720       3       Many::m709 (14 bytes)
1930 2721       4       Many::m709 (14 bytes)
1930 2720       3       Many::m709 (14 bytes)   made not entrant: not used
1932 2722       3       Many::m710 (14 bytes)
1933 2723       4       Many::m710 (14 bytes)
1933 2722       3       Many::m710 (14 bytes)   made not entrant: not used
1935 2724       3       Many::m711 (14 bytes)
1935 2725       4       Many::m711 (14 bytes)
1935 2724       3       Many::m711 (14 bytes)   made not entrant: not used
1937 2726       3       Many::m712 (14 bytes)
1937 2727       4       Many::m712 (14 bytes)
1937 2726       3       Many::m712 (14 bytes)   made not entrant: not used
1939 2728       3       Many::m713 (14 bytes)
1939 2729       4       Many::m713 (14 bytes)
1940 2728       3       Many::m713 (14 bytes)   made not entrant: not used
1942 2730       3       Many::m714 (14 bytes)
1942 2731       4       Many::m714 (14 bytes)
1942 2730       3       Many::m714 (14 bytes)   made not entrant: not used
1944 2732       3       Many::m715 (14 bytes)
1944 2733       4       Many::m715 (14 bytes)
1944 2732       3       Many::m715 (14 bytes)   made not entrant: not used
1946 2734       3       Many::m716 (14 bytes)
1946 2735       4       Many::m716 (14 bytes)
1947 2734       3       Many::m716 (14 bytes)   made not entrant: not used
1949 2736       3       Many::m717 (14 bytes)
1949 2737       4       Many::m717 (14 bytes)
1949 2736       3       Many::m717 (14 bytes)   made not entrant: not used
1951 2738       3       Many::m718 (14 bytes)
1951 2739       4       Many::m718 (14 bytes)
1951 2738       3       Many::m718 (14 bytes)   made not entrant: not used
1953 2740       3       Many::m719 (14 bytes)
1953 2741       4       Many::m719 (14 bytes)
1953 2740       3       Many::m719 (14 bytes)   made not entrant: not used
1955 2742       3       Many::m720 (14 bytes)
1956 2743       4       Many::m720 (14 bytes)
1956 2742       3       Many::m720 (14 bytes)   made not entrant: not used
1958 2744       3       Many::m721 (14 bytes)
1958 2745       4       Many::m721 (14 bytes)
1958 2744       3       Many::m721 (14 bytes)   made not entrant: not used
1960 2746       3       Many::m722 (14 bytes)
1960 2747       4       Many::m722 (14 bytes)
1960 2746       3       Many::m722 (14 bytes)   made not entrant: not used
1962 2748       3       Many::m723 (14 bytes)
1963 2749       4       Many::m723 (14 bytes)
1963 2748       3       Many::m723 (14 bytes)   made not entrant: not used
1965 2750       3       Many::m724 (14 bytes)
1965 2751       4       Many::m724 (14 bytes)
1965 2750       3       Many::m724 (14 bytes)   made not entrant: not used
1967 2752       3       Many::m725 (14 bytes)
1967 2753       4       Many::m725 (14 bytes)
1967 2752       3       Many::m725 (14 bytes)   made not entrant: not used
1969 2754       3       Many::m726 (14 bytes)
1970 2755       4       Many::m726 (14 bytes)
1970 2754       3       Many::m726 (14 bytes)   made not entrant: not used
1972 2756       3       Many::m727 (14 bytes)
1972 2757       4       Many::m727 (14 bytes)
1972 2756       3       Many::m727 (14 bytes)   made not entrant: not used
1974 2758       3       Many::m728 (14 bytes)
1974 2759       4       Many::m728 (14 bytes)
1974 2758       3       Many::m728 (14 bytes)   made not entrant: not used
1976 2760       3       Many::m729 (14 bytes)
1976 2761       4       Many::m729 (14 bytes)
1977 2760       3       Many::m729 (14 bytes)   made not entrant: not used
1979 2762       3       Many::m730 (14 bytes)
1979 2763       4       Many::m730 (14 bytes)
1979 2762       3       Many::m730 (14 bytes)   made not entrant: not used
1981 2764       3       Many::m731 (14 bytes)
1981 2765       4       Many::m731 (14 bytes)
1981 2764       3       Many::m731 (14 bytes)   made not entrant: not used
1983 2766       3       Many::m732 (14 bytes)
1983 2767       4       Many::m732 (14 bytes)
1983 2766       3       Many::m732 (14 bytes)   made not entrant: not used
1986 2768       3       Many::m733 (14 bytes)
1986 2769       4       Many::m733 (14 bytes)
1986 2768       3       Many::m733 (14 bytes)   made not entrant: not used
1988 2770       3       Many::m734 (14 bytes)
1988 2771       4       Many::m734 (14 bytes)
1988 2770       3       Many::m734 (14 bytes)   made not entrant: not used
1990 2772       3       Many::m735 (14 bytes)
1990 2773       4       Many::m735 (14 bytes)
1990 2772       3       Many::m735 (14 bytes)   made not entrant: not used
1992 2774       3       Many::m736 (14 bytes)
1992 2775       4       Many::m736 (14 bytes)
1993 2774       3       Many::m736 (14 bytes)   made not entrant: not used
1995 2776       3       Many::m737 (14 bytes)
1995 2777       4       Many::m737 (14 bytes)
1995 2776       3       Many::m737 (14 bytes)   made not entrant: not used
1997 2778       3       Many::m738 (14 bytes)
1997 2779       4       Many::m738 (14 bytes)
1997 2778       3       Many::m738 (14 bytes)   made not entrant: not used
1999 2780       3       Many::m739 (14 bytes)
2000 2781       4       Many::m739 (14 bytes)
2000 2780       3       Many::m739 (14 bytes)   made not entrant: not used
2002 2782       3       Many::m740 (14 bytes)
2002 2783       4       Many::m740 (14 bytes)
2002 2782       3       Many::m740 (14 bytes)   made not entrant: not used
2004 2784       3       Many::m741 (14 bytes)
2004 2785       4       Many::m741 (14 bytes)
2004 2784       3       Many::m741 (14 bytes)   made not entrant: not used
2006 2786       3       Many::m742 (14 bytes)
2006 2787       4       Many::m742 (14 bytes)
2006 2786       3       Many::m742 (14 bytes)   made not entrant: not used
2008 2788       3       Many::m743 (14 bytes)
2009 2789       4       Many::m743 (14 bytes)
2009 2788       3       Many::m743 (14 bytes)   made not entrant: not used
2011 2790       3       Many::m744 (14 bytes)
2011 2791       4       Many::m744 (14 bytes)
2011 2790       3       Many::m744 (14 bytes)   made not entrant: not used
2013 2792       3       Many::m745 (14 bytes)
2013 2793       4       Many::m745 (14 bytes)
2013 2792       3       Many::m745 (14 bytes)   made not entrant: not used
2015 2794       3       Many::m746 (14 bytes)
2016 2795       4       Many::m746 (14 bytes)
2016 2794       3       Many::m746 (14 bytes)   made not entrant: not used
2018 2796       3       Many::m747 (14 bytes)
2018 2797       4       Many::m747 (14 bytes)
2018 2796       3       Many::m747 (14 bytes)   made not entrant: not used
2020 2798       3       Many::m748 (14 bytes)
2020 2799       4       Many::m748 (14 bytes)
2020 2798       3       Many::m748 (14 bytes)   made not entrant: not used
2022 2800       3       Many::m749 (14 bytes)
2023 2801       4       Many::m749 (14 bytes)
2023 2800       3       Many::m749 (14 bytes)   made not entrant: not used
2025 2802       3       Many::m750 (14 bytes)
2025 2803       4       Many::m750 (14 bytes)
2025 2802       3       Many::m750 (14 bytes)   made not entrant: not used
2027 2804       3       Many::m751 (14 bytes)
2027 2805       4       Many::m751 (14 bytes)
2027 2804       3       Many::m751 (14 bytes)   made not entrant: not used
2029 2806       3       Many::m752 (14 bytes)
2029 2807       4       Many::m752 (14 bytes)
2029 2806       3       Many::m752 (14 bytes)   made not entrant: not used
2032 2808       3       Many::m753 (14 bytes)
2032 2809       4       Many::m753 (14 bytes)
2032 2808       3       Many::m753 (14 bytes)   made not entrant: not used
2034 2810       3       Many::m754 (14 bytes)
2034 2811       4       Many::m754 (14 bytes)
2034 2810       3       Many::m754 (14 bytes)   made not entrant: not used
2036 2812       3       Many::m755 (14 bytes)
2036 2813       4       Many::m755 (14 bytes)
2036 2812       3       Many::m755 (14 bytes)   made not entrant: not used
2038 2814       3       Many::m756 (14 bytes)
2039 2815       4       Many::m756 (14 bytes)
2039 2814       3       Many::m756 (14 bytes)   made not entrant: not used
2041 2816       3       Many::m757 (14 bytes)
2041 2817       4       Many::m757 (14 bytes)
2041 2816       3       Many::m757 (14 bytes)   made not entrant: not used
2043 2818       3       Many::m758 (14 bytes)
2043 2819       4       Many::m758 (14 bytes)
2043 2818       3       Many::m758 (14 bytes)   made not entrant: not used
2045 2820       3       Many::m759 (14 bytes)
2046 2821       4       Many::m759 (14 bytes)
2046 2820       3       Many::m759 (14 bytes)   made not entrant: not used
2048 2822       3       Many::m760 (14 bytes)
2048 2823       4       Many::m760 (14 bytes)
2048 2822       3       Many::m760 (14 bytes)   made not entrant: not used
2050 2824       3       Many::m761 (14 bytes)
2050 2825       4       Many::m761 (14 bytes)
2050 2824       3       Many::m761 (14 bytes)   made not entrant: not used
2052 2826       3       Many::m762 (14 bytes)
2053 2827       4       Many::m762 (14 bytes)
2053 2826       3       Many::m762 (14 bytes)   made not entrant: not used
2055 2828       3       Many::m763 (14 bytes)
2055 2829       4       Many::m763 (14 bytes)
2055 2828       3       Many::m763 (14 bytes)   made not entrant: not used
2057 2830       3       Many::m764 (14 bytes)
2057 2831       4       Many::m764 (14 bytes)
2057 2830       3       Many::m764 (14 bytes)   made not entrant: not used
2059 2832       3       Many::m765 (14 bytes)
2059 2833       4       Many::m765 (14 bytes)
2060 2832       3       Many::m765 (14 bytes)   made not entrant: not used
2062 2834       3       Many::m766 (14 bytes)
2062 2835       4       Many::m766 (14 bytes)
2062 2834       3       Many::m766 (14 bytes)   made not entrant: not used
2064 2836       3       Many::m767 (14 bytes)
2064 2837       4       Many::m767 (14 bytes)
2064 2836       3       Many::m767 (14 bytes)   made not entrant: not used
2066 2838       3       Many::m768 (14 bytes)
2066 2839       4       Many::m768 (14 bytes)
2067 2838       3       Many::m768 (14 bytes)   made not entrant: not used
2069 2840       3       Many::m769 (14 bytes)
2069 2841       4       Many::m769 (14 bytes)
2069 2840       3       Many::m769 (14 bytes)   made not entrant: not used
2071 2842       3       Many::m770 (14 bytes)
2071 2843       4       Many::m770 (14 bytes)
2071 2842       3       Many::m770 (14 bytes)   made not entrant: not used
2073 2844       3       Many::m771 (14 bytes)
2073 2845       4       Many::m771 (14 bytes)
2073 2844       3       Many::m771 (14 bytes)   made not entrant: not used
2075 2846       3       Many::m772 (14 bytes)
2076 2847       4       Many::m772 (14 bytes)
2076 2846       3       Many::m772 (14 bytes)   made not entrant: not used
2078 2848       3       Many::m773 (14 bytes)
2078 2849       4       Many::m773 (14 bytes)
2078 2848       3       Many::m773 (14 bytes)   made not entrant: not used
2080 2850       3       Many::m774 (14 bytes)
2080 2851       4       Many::m774 (14 bytes)
2080 2850       3       Many::m774 (14 bytes)   made not entrant: not used
2082 2852       3       Many::m775 (14 bytes)
2082 2853       4       Many::m775 (14 bytes)
2083 2852       3       Many::m775 (14 bytes)   made not entrant: not used
2085 2854       3       Many::m776 (14 bytes)
2085 2855       4       Many::m776 (14 bytes)
2085 2854       3       Many::m776 (14 bytes)   made not entrant: not used
2087 2856       3       Many::m777 (14 bytes)
2087 2857       4       Many::m777 (14 bytes)
2087 2856       3       Many::m777 (14 bytes)   made not entrant: not used
2089 2858       3       Many::m778 (14 bytes)
2089 2859       4       Many::m778 (14 bytes)
2089 2858       3       Many::m778 (14 bytes)   made not entrant: not used
2091 2860       3       Many::m779 (14 bytes)
2092 2861       4       Many::m779 (14 bytes)
2092 2860       3       Many::m779 (14 bytes)   made not entrant: not used
2094 2862       3       Many::m780 (14 bytes)
2094 2863       4       Many::m780 (14 bytes)
2094 2862       3       Many::m780 (14 bytes)   made not entrant: not used
2096 2864       3       Many::m781 (14 bytes)
2096 2865       4       Many::m781 (14 bytes)
2096 2864       3       Many::m781 (14 bytes)   made not entrant: not used
2098 2866       3       Many::m782 (14 bytes)
2098 2867       4       Many::m782 (14 bytes)
2099 2866       3       Many::m782 (14 bytes)   made not entrant: not used
2101 2868       3       Many::m783 (14 bytes)
2101 2869       4       Many::m783 (14 bytes)
2101 2868       3       Many::m783 (14 bytes)   made not entrant: not used
2103 2870       3       Many::m784 (14 bytes)
2103 2871       4       Many::m784 (14 bytes)
2103 2870       3       Many::m784 (14 bytes)   made not entrant: not used
2105 2872       3       Many::m785 (14 bytes)
2105 2873       4       Many::m785 (14 bytes)
2106 2872       3       Many::m785 (14 bytes)   made not entrant: not used
2108 2874       3       Many::m786 (14 bytes)
2108 2875       4       Many::m786 (14 bytes)
2108 2874       3       Many::m786 (14 bytes)   made not entrant: not used
2110 2876       3       Many::m787 (14 bytes)
2110 2877       4       Many::m787 (14 bytes)
2110 2876       3       Many::m787 (14 bytes)   made not entrant: not used
2112 2878       3       Many::m788 (14 bytes)
2112 2879       4       Many::m788 (14 bytes)
2112 2878       3       Many::m788 (14 bytes)   made not entrant: not used
2114 2880       3       Many::m789 (14 bytes)
2115 2881       4       Many::m789 (14 bytes)
2115 2880       3       Many::m789 (14 bytes)   made not entrant: not used
2117 2882       3       Many::m790 (14 bytes)
2117 2883       4       Many::m790 (14 bytes)
2117 2882       3       Many::m790 (14 bytes)   made not entrant: not used
2119 2884       3       Many::m791 (14 bytes)
2119 2885       4       Many::m791 (14 bytes)
2119 2884       3       Many::m791 (14 bytes)   made not entrant: not used
2121 2886       3       Many::m792 (14 bytes)
2121 2887       4       Many::m792 (14 bytes)
2122 2886       3       Many::m792 (14 bytes)   made not entrant: not used
2124 2888       3       Many::m793 (14 bytes)
2124 2889       4       Many::m793 (14 bytes)
2124 2888       3       Many::m793 (14 bytes)   made not entrant: not used
2126 2890       3       Many::m794 (14 bytes)
2126 2891       4       Many::m794 (14 bytes)
2126 2890       3       Many::m794 (14 bytes)   made not entrant: not used
2128 2892       3       Many::m795 (14 bytes)
2128 2893       4       Many::m795 (14 bytes)
2128 2892       3       Many::m795 (14 bytes)   made not entrant: not used
2131 2894       3       Many::m796 (14 bytes)
2131 2895       4       Many::m796 (14 bytes)
2131 2894       3       Many::m796 (14 bytes)   made not entrant: not used
2133 2896       3       Many::m797 (14 bytes)
2133 2897       4       Many::m797 (14 bytes)
2133 2896       3       Many::m797 (14 bytes)   made not entrant: not used
2135 2898       3       Many::m798 (14 bytes)
2135 2899       4       Many::m798 (14 bytes)
2135 2898       3       Many::m798 (14 bytes)   made not entrant: not used
2137 2900       3       Many::m799 (14 bytes)
2138 2901       4       Many::m799 (14 bytes)
2138 2900       3       Many::m799 (14 bytes)   made not entrant: not used
2140 2902       3       Many::m800 (14 bytes)
2140 2903       4       Many::m800 (14 bytes)
2140 2902       3       Many::m800 (14 bytes)   made not entrant: not used
2142 2904       3       Many::m801 (14 bytes)
2142 2905       4       Many::m801 (14 bytes)
2142 2904       3       Many::m801 (14 bytes)   made not entrant: not used
2144 2906       3       Many::m802 (14 bytes)
2144 2907       4       Many::m802 (14 bytes)
2145 2906       3       Many::m802 (14 bytes)   made not entrant: not used
2147 2908       3       Many::m803 (14 bytes)
2147 2909       4       Many::m803 (14 bytes)
2147 2908       3       Many::m803 (14 bytes)   made not entrant: not used
2149 2910       3       Many::m804 (14 bytes)
2149 2911       4       Many::m804 (14 bytes)
2149 2910       3       Many::m804 (14 bytes)   made not entrant: not used
2151 2912       3       Many::m805 (14 bytes)
2151 2913       4       Many::m805 (14 bytes)
2151 2912       3       Many::m805 (14 bytes)   made not entrant: not used
2153 2914       3       Many::m806 (14 bytes)
2154 2915       4       Many::m806 (14 bytes)
2154 2914       3       Many::m806 (14 bytes)   made not entrant: not used
2156 2916       3       Many::m807 (14 bytes)
2156 2917       4       Many::m807 (14 bytes)
2156 2916       3       Many::m807 (14 bytes)   made not entrant: not used
2158 2918       3       Many::m808 (14 bytes)
2158 2919       4       Many::m808 (14 bytes)
2158 2918       3       Many::m808 (14 bytes)   made not entrant: not used
2160 2920       3       Many::m809 (14 bytes)
2161 2921       4       Many::m809 (14 bytes)
2161 2920       3       Many::m809 (14 bytes)   made not entrant: not used
2163 2922       3       Many::m810 (14 bytes)
2163 2923       4       Many::m810 (14 bytes)
2163 2922       3       Many::m810 (14 bytes)   made not entrant: not used
2165 2924       3       Many::m811 (14 bytes)
2165 2925       4       Many::m811 (14 bytes)
2166 2924       3       Many::m811 (14 bytes)   made not entrant: not used
2167 2926       3       Many::m812 (14 bytes)
2168 2927       4       Many::m812 (14 bytes)
2168 2926       3       Many::m812 (14 bytes)   made not entrant: not used
2170 2928       3       Many::m813 (14 bytes)
2170 2929       4       Many::m813 (14 bytes)
2170 2928       3       Many::m813 (14 bytes)   made not entrant: not used
2172 2930       3       Many::m814 (14 bytes)
2172 2931       4       Many::m814 (14 bytes)
2172 2930       3       Many::m814 (14 bytes)   made not entrant: not used
2174 2932       3       Many::m815 (14 bytes)
2175 2933       4       Many::m815 (14 bytes)
2175 2932       3       Many::m815 (14 bytes)   made not entrant: not used
2177 2934       3       Many::m816 (14 bytes)
2177 2935       4       Many::m816 (14 bytes)
2177 2934       3       Many::m816 (14 bytes)   made not entrant: not used
2179 2936       3       Many::m817 (14 bytes)
2179 2937       4       Many::m817 (14 bytes)
2179 2936       3       Many::m817 (14 bytes)   made not entrant: not used
2181 2938       3       Many::m818 (14 bytes)
2181 2939       4       Many::m818 (14 bytes)
2182 2938       3       Many::m818 (14 bytes)   made not entrant: not used
2184 2940       3       Many::m819 (14 bytes)
2184 2941       4       Many::m819 (14 bytes)
2184 2940       3       Many::m819 (14 bytes)   made not entrant: not used
2186 2942       3       Many::m820 (14 bytes)
2186 2943       4       Many::m820 (14 bytes)
2186 2942       3       Many::m820 (14 bytes)   made not entrant: not used
2188 2944       3       Many::m821 (14 bytes)
2188 2945       4       Many::m821 (14 bytes)
2188 2944       3       Many::m821 (14 bytes)   made not entrant: not used
2190 2946       3       Many::m822 (14 bytes)
2191 2947       4       Many::m822 (14 bytes)
2191 2946       3       Many::m822 (14 bytes)   made not entrant: not used
2193 2948       3       Many::m823 (14 bytes)
2193 2949       4       Many::m823 (14 bytes)
2193 2948       3       Many::m823 (14 bytes)   made not entrant: not used
2195 2950       3       Many::m824 (14 bytes)
2195 2951       4       Many::m824 (14 bytes)
2195 2950       3       Many::m824 (14 bytes)   made not entrant: not used
2197 2952       3       Many::m825 (14 bytes)
2197 2953       4       Many::m825 (14 bytes)
2198 2952       3       Many::m825 (14 bytes)   made not entrant: not used
2200 2954       3       Many::m826 (14 bytes)
2200 2955       4       Many::m826 (14 bytes)
2200 2954       3       Many::m826 (14 bytes)   made not entrant: not used
2202 2956       3       Many::m827 (14 bytes)
2202 2957       4       Many::m827 (14 bytes)
2202 2956       3       Many::m827 (14 bytes)   made not entrant: not used
2204 2958       3       Many::m828 (14 bytes)
2204 2959       4       Many::m828 (14 bytes)
2205 2958       3       Many::m828 (14 bytes)   made not entrant: not used
2207 2960       3       Many::m829 (14 bytes)
2207 2961       4       Many::m829 (14 bytes)
2207 2960       3       Many::m829 (14 bytes)   made not entrant: not used
2209 2962       3       Many::m830 (14 bytes)
2209 2963       4       Many::m830 (14 bytes)
2209 2962       3       Many::m830 (14 bytes)   made not entrant: not used
2211 2964       3       Many::m831 (14 bytes)
2211 2965       4       Many::m831 (14 bytes)
2211 2964       3       Many::m831 (14 bytes)   made not entrant: not used
2214 2966       3       Many::m832 (14 bytes)
2214 2967       4       Many::m832 (14 bytes)
2214 2966       3       Many::m832 (14 bytes)   made not entrant: not used
2216 2968       3       Many::m833 (14 bytes)
2216 2969       4       Many::m833 (14 bytes)
2216 2968       3       Many::m833 (14 bytes)   made not entrant: not used
2218 2970       3       Many::m834 (14 bytes)
2218 2971       4       Many::m834 (14 bytes)
2218 2970       3       Many::m834 (14 bytes)   made not entrant: not used
2220 2972       3       Many::m835 (14 bytes)
2221 2973       4       Many::m835 (14 bytes)
2221 2972       3       Many::m835 (14 bytes)   made not entrant: not used
2223 2974       3       Many::m836 (14 bytes)
2223 2975       4       Many::m836 (14 bytes)
2223 2974       3       Many::m836 (14 bytes)   made not entrant: not used
2225 2976       3       Many::m837 (14 bytes)
2225 2977       4       Many::m837 (14 bytes)
2225 2976       3       Many::m837 (14 bytes)   made not entrant: not used
2227 2978       3       Many::m838 (14 bytes)
2227 2979       4       Many::m838 (14 bytes)
2228 2978       3       Many::m838 (14 bytes)   made not entrant: not used
2230 2980       3       Many::m839 (14 bytes)
2230 2981       4       Many::m839 (14 bytes)
2230 2980       3       Many::m839 (14 bytes)   made not entrant: not used
2232 2982       3       Many::m840 (14 bytes)
2232 2983       4       Many::m840 (14 bytes)
2232 2982       3       Many::m840 (14 bytes)   made not entrant: not used
2234 2984       3       Many::m841 (14 bytes)
2234 2985       4       Many::m841 (14 bytes)
2234 2984       3       Many::m841 (14 bytes)   made not entrant: not used
2236 2986       3       Many::m842 (14 bytes)
2237 2987       4       Many::m842 (14 bytes)
2237 2986       3       Many::m842 (14 bytes)   made not entrant: not used
2239 2988       3       Many::m843 (14 bytes)
2239 2989       4       Many::m843 (14 bytes)
2239 2988       3       Many::m843 (14 bytes)   made not entrant: not used
2241 2990       3       Many::m844 (14 bytes)
2241 2991       4       Many::m844 (14 bytes)
2241 2990       3       Many::m844 (14 bytes)   made not entrant: not used
2243 2992       3       Many::m845 (14 bytes)
2244 2993       4       Many::m845 (14 bytes)
2244 2992       3       Many::m845 (14 bytes)   made not entrant: not used
2246 2994       3       Many::m846 (14 bytes)
2246 2995       4       Many::m846 (14 bytes)
2246 2994       3       Many::m846 (14 bytes)   made not entrant: not used
2248 2996       3       Many::m847 (14 bytes)
2248 2997       4       Many::m847 (14 bytes)
2248 2996       3       Many::m847 (14 bytes)   made not entrant: not used
2250 2998       3       Many::m848 (14 bytes)
2251 2999       4       Many::m848 (14 bytes)
2251 2998       3       Many::m848 (14 bytes)   made not entrant: not used
2253 3000       3       Many::m849 (14 bytes)
2253 3001       4       Many::m849 (14 bytes)
2253 3000       3       Many::m849 (14 bytes)   made not entrant: not used
2255 3002       3       Many::m850 (14 bytes)
2255 3003       4       Many::m850 (14 bytes)
2255 3002       3       Many::m850 (14 bytes)   made not entrant: not used
2257 3004       3       Many::m851 (14 bytes)
2258 3005       4       Many::m851 (14 bytes)
2258 3004       3       Many::m851 (14 bytes)   made not entrant: not used
2260 3006       3       Many::m852 (14 bytes)
2260 3007       4       Many::m852 (14 bytes)
2260 3006       3       Many::m852 (14 bytes)   made not entrant: not used
2262 3008       3       Many::m853 (14 bytes)
2262 3009       4       Many::m853 (14 bytes)
2262 3008       3       Many::m853 (14 bytes)   made not entrant: not used
2264 3010       3       Many::m854 (14 bytes)
2265 3011       4       Many::m854 (14 bytes)
2265 3010       3       Many::m854 (14 bytes)   made not entrant: not used
2267 3012       3       Many::m855 (14 bytes)
2267 3013       4       Many::m855 (14 bytes)
2267 3012       3       Many::m855 (14 bytes)   made not entrant: not used
2269 3014       3       Many::m856 (14 bytes)
2270 3015       4       Many::m856 (14 bytes)
2270 3014       3       Many::m856 (14 bytes)   made not entrant: not used
2272 3016       3       Many::m857 (14 bytes)
2272 3017       4       Many::m857 (14 bytes)
2272 3016       3       Many::m857 (14 bytes)   made not entrant: not used
2274 3018       3       Many::m858 (14 bytes)
2274 3019       4       Many::m858 (14 bytes)
2274 3018       3       Many::m858 (14 bytes)   made not entrant: not used
2276 3020       3       Many::m859 (14 bytes)
2277 3021       4       Many::m859 (14 bytes)
2277 3020       3       Many::m859 (14 bytes)   made not entrant: not used
2279 3022       3       Many::m860 (14 bytes)
2279 3023       4       Many::m860 (14 bytes)
2279 3022       3       Many::m860 (14 bytes)   made not entrant: not used
2281 3024       3       Many::m861 (14 bytes)
2281 3025       4       Many::m861 (14 bytes)
2281 3024       3       Many::m861 (14 bytes)   made not entrant: not used
2284 3026       3       Many::m862 (14 bytes)
2284 3027       4       Many::m862 (14 bytes)
2284 3026       3       Many::m862 (14 bytes)   made not entrant: not used
2286 3028       3       Many::m863 (14 bytes)
2286 3029       4       Many::m863 (14 bytes)
2286 3028       3       Many::m863 (14 bytes)   made not entrant: not used
2288 3030       3       Many::m864 (14 bytes)
2288 3031       4       Many::m864 (14 bytes)
2288 3030       3       Many::m864 (14 bytes)   made not entrant: not used
2290 3032       3       Many::m865 (14 bytes)
2291 3033       4       Many::m865 (14 bytes)
2291 3032       3       Many::m865 (14 bytes)   made not entrant: not used
2293 3034       3       Many::m866 (14 bytes)
2293 3035       4       Many::m866 (14 bytes)
2293 3034       3       Many::m866 (14 bytes)   made not entrant: not used
2295 3036       3       Many::m867 (14 bytes)
2295 3037       4       Many::m867 (14 bytes)
2296 3036       3       Many::m867 (14 bytes)   made not entrant: not used
2298 3038       3       Many::m868 (14 bytes)
2298 3039       4       Many::m868 (14 bytes)
2298 3038       3       Many::m868 (14 bytes)   made not entrant: not used
2300 3040       3       Many::m869 (14 bytes)
2300 3041       4       Many::m869 (14 bytes)
2300 3040       3       Many::m869 (14 bytes)   made not entrant: not used
2302 3042       3       Many::m870 (14 bytes)
2302 3043       4       Many::m870 (14 bytes)
2302 3042       3       Many::m870 (14 bytes)   made not entrant: not used
2304 3044       3       Many::m871 (14 bytes)
2305 3045       4       Many::m871 (14 bytes)
2305 3044       3       Many::m871 (14 bytes)   made not entrant: not used
2307 3046       3       Many::m872 (14 bytes)
2307 3047       4       Many::m872 (14 bytes)
2307 3046       3       Many::m872 (14 bytes)   made not entrant: not used
2309 3048       3       Many::m873 (14 bytes)
2309 3049       4       Many::m873 (14 bytes)
2309 3048       3       Many::m873 (14 bytes)   made not entrant: not used
2311 3050       3       Many::m874 (14 bytes)
2312 3051       4       Many::m874 (14 bytes)
2312 3050       3       Many::m874 (14 bytes)   made not entrant: not used
2314 3052       3       Many::m875 (14 bytes)
2314 3053       4       Many::m875 (14 bytes)
2314 3052       3       Many::m875 (14 bytes)   made not entrant: not used
2316 3054       3       Many::m876 (14 bytes)
2316 3055       4       Many::m876 (14 bytes)
2316 3054       3       Many::m876 (14 bytes)   made not entrant: not used
2318 3056       3       Many::m877 (14 bytes)
2319 3057       4       Many::m877 (14 bytes)
2319 3056       3       Many::m877 (14 bytes)   made not entrant: not used
2321 3058       3       Many::m878 (14 bytes)
2321 3059       4       Many::m878 (14 bytes)
2321 3058       3       Many::m878 (14 bytes)   made not entrant: not used
2323 3060       3       Many::m879 (14 bytes)
2323 3061       4       Many::m879 (14 bytes)
2323 3060       3       Many::m879 (14 bytes)   made not entrant: not used
2325 3062       3       Many::m880 (14 bytes)
2325 3063       4       Many::m880 (14 bytes)
2326 3062       3       Many::m880 (14 bytes)   made not entrant: not used
2328 3064       3       Many::m881 (14 bytes)
2328 3065       4       Many::m881 (14 bytes)
2328 3064       3       Many::m881 (14 bytes)   made not entrant: not used
2330 3066       3       Many::m882 (14 bytes)
2330 3067       4       Many::m882 (14 bytes)
2330 3066       3       Many::m882 (14 bytes)   made not entrant: not used
2332 3068       3       Many::m883 (14 bytes)
2332 3069       4       Many::m883 (14 bytes)
2333 3068       3       Many::m883 (14 bytes)   made not entrant: not used
2335 3070       3       Many::m884 (14 bytes)
2335 3071       4       Many::m884 (14 bytes)
2335 3070       3       Many::m884 (14 bytes)   made not entrant: not used
2337 3072       3       Many::m885 (14 bytes)
2337 3073       4       Many::m885 (14 bytes)
2337 3072       3       Many::m885 (14 bytes)   made not entrant: not used
2339 3074       3       Many::m886 (14 bytes)
2339 3075       4       Many::m886 (14 bytes)
2339 3074       3       Many::m886 (14 bytes)   made not entrant: not used
2341 3076       3       Many::m887 (14 bytes)
2342 3077       4       Many::m887 (14 bytes)
2342 3076       3       Many::m887 (14 bytes)   made not entrant: not used
2344 3078       3       Many::m888 (14 bytes)
2344 3079       4       Many::m888 (14 bytes)
2344 3078       3       Many::m888 (14 bytes)   made not entrant: not used
2346 3080       3       Many::m889 (14 bytes)
2346 3081       4       Many::m889 (14 bytes)
2346 3080       3       Many::m889 (14 bytes)   made not entrant: not used
2348 3082       3       Many::m890 (14 bytes)
2349 3083       4       Many::m890 (14 bytes)
2349 3082       3       Many::m890 (14 bytes)   made not entrant: not used
2351 3084       3       Many::m891 (14 bytes)
2351 3085       4       Many::m891 (14 bytes)
2351 3084       3       Many::m891 (14 bytes)   made not entrant: not used
2353 3086       3       Many::m892 (14 bytes)
2353 3087       4       Many::m892 (14 bytes)
2353 3086       3       Many::m892 (14 bytes)   made not entrant: not used
2355 3088       3       Many::m893 (14 bytes)
2356 3089       4       Many::m893 (14 bytes)
2356 3088       3       Many::m893 (14 bytes)   made not entrant: not used
2358 3090       3       Many::m894 (14 bytes)
2358 3091       4       Many::m894 (14 bytes)
2358 3090       3       Many::m894 (14 bytes)   made not entrant: not used
2360 3092       3       Many::m895 (14 bytes)
2360 3093       4       Many::m895 (14 bytes)
2360 3092       3       Many::m895 (14 bytes)   made not entrant: not used
2362 3094       3       Many::m896 (14 bytes)
2363 3095       4       Many::m896 (14 bytes)
2363 3094       3       Many::m896 (14 bytes)   made not entrant: not used
2365 3096       3       Many::m897 (14 bytes)
2365 3097       4       Many::m897 (14 bytes)
2365 3096       3       Many::m897 (14 bytes)   made not entrant: not used
2367 3098       3       Many::m898 (14 bytes)
2367 3099       4       Many::m898 (14 bytes)
2368 3098       3       Many::m898 (14 bytes)   made not entrant: not used
2369 3100       3       Many::m899 (14 bytes)
2370 3101       4       Many::m899 (14 bytes)
2370 3100       3       Many::m899 (14 bytes)   made not entrant: not used
2372 3102       3       Many::m900 (14 bytes)
2372 3103       4       Many::m900 (14 bytes)
2372 3102       3       Many::m900 (14 bytes)   made not entrant: not used
2374 3104       3       Many::m901 (14 bytes)
2374 3105       4       Many::m901 (14 bytes)
2374 3104       3       Many::m901 (14 bytes)   made not entrant: not used
2376 3106       3       Many::m902 (14 bytes)
2376 3107       4       Many::m902 (14 bytes)
2377 3106       3       Many::m902 (14 bytes)   made not entrant: not used
2379 3108       3       Many::m903 (14 bytes)
2379 3109       4       Many::m903 (14 bytes)
2379 3108       3       Many::m903 (14 bytes)   made not entrant: not used
2381 3110       3       Many::m904 (14 bytes)
2381 3111       4       Many::m904 (14 bytes)
2381 3110       3       Many::m904 (14 bytes)   made not entrant: not used
2383 3112       3       Many::m905 (14 bytes)
2384 3113       4       Many::m905 (14 bytes)
2384 3112       3       Many::m905 (14 bytes)   made not entrant: not used
2386 3114       3       Many::m906 (14 bytes)
2386 3115       4       Many::m906 (14 bytes)
2386 3114       3       Many::m906 (14 bytes)   made not entrant: not used
2388 3116       3       Many::m907 (14 bytes)
2388 3117       4       Many::m907 (14 bytes)
2388 3116       3       Many::m907 (14 bytes)   made not entrant: not used
2390 3118       3       Many::m908 (14 bytes)
2390 3119       4       Many::m908 (14 bytes)
2391 3118       3       Many::m908 (14 bytes)   made not entrant: not used
2393 3120       3       Many::m909 (14 bytes)
2393 3121       4       Many::m909 (14 bytes)
2393 3120       3       Many::m909 (14 bytes)   made not entrant: not used
2395 3122       3       Many::m910 (14 bytes)
2395 3123       4       Many::m910 (14 bytes)
2395 3122       3       Many::m910 (14 bytes)   made not entrant: not used
2397 3124       3       Many::m911 (14 bytes)
2398 3125       4       Many::m911 (14 bytes)
2398 3124       3       Many::m911 (14 bytes)   made not entrant: not used
2400 3126       3       Many::m912 (14 bytes)
2400 3127       4       Many::m912 (14 bytes)
2400 3126       3       Many::m912 (14 bytes)   made not entrant: not used
2402 3128       3       Many::m913 (14 bytes)
2402 3129       4       Many::m913 (14 bytes)
2403 3128       3       Many::m913 (14 bytes)   made not entrant: not used
2405 3130       3       Many::m914 (14 bytes)
2405 3131       4       Many::m914 (14 bytes)
2405 3130       3       Many::m914 (14 bytes)   made not entrant: not used
2407 3132       3       Many::m915 (14 bytes)
2407 3133       4       Many::m915 (14 bytes)
2407 3132       3       Many::m915 (14 bytes)   made not entrant: not used
2409 3134       3       Many::m916 (14 bytes)
2409 3135       4       Many::m916 (14 bytes)
2409 3134       3       Many::m916 (14 bytes)   made not entrant: not used
2411 3136       3       Many::m917 (14 bytes)
2412 3137       4       Many::m917 (14 bytes)
2412 3136       3       Many::m917 (14 bytes)   made not entrant: not used
2414 3138       3       Many::m918 (14 bytes)
2414 3139       4       Many::m918 (14 bytes)
2414 3138       3       Many::m918 (14 bytes)   made not entrant: not used
2416 3140       3       Many::m919 (14 bytes)
2416 3141       4       Many::m919 (14 bytes)
2417 3140       3       Many::m919 (14 bytes)   made not entrant: not used
2418 3142       3       Many::m920 (14 bytes)
2419 3143       4       Many::m920 (14 bytes)
2419 3142       3       Many::m920 (14 bytes)   made not entrant: not used
2421 3144       3       Many::m921 (14 bytes)
2421 3145       4       Many::m921 (14 bytes)
2421 3144       3       Many::m921 (14 bytes)   made not entrant: not used
2423 3146       3       Many::m922 (14 bytes)
2423 3147       4       Many::m922 (14 bytes)
2423 3146       3       Many::m922 (14 bytes)   made not entrant: not used
2425 3148       3       Many::m923 (14 bytes)
2426 3149       4       Many::m923 (14 bytes)
2426 3148       3       Many::m923 (14 bytes)   made not entrant: not used
2428 3150       3       Many::m924 (14 bytes)
2428 3151       4       Many::m924 (14 bytes)
2428 3150       3       Many::m924 (14 bytes)   made not entrant: not used
2430 3152       3       Many::m925 (14 bytes)
2430 3153       4       Many::m925 (14 bytes)
2430 3152       3       Many::m925 (14 bytes)   made not entrant: not used
2432 3154       3       Many::m926 (14 bytes)
2433 3155       4       Many::m926 (14 bytes)
2433 3154       3       Many::m926 (14 bytes)   made not entrant: not used
2435 3156       3       Many::m927 (14 bytes)
2435 3157       4       Many::m927 (14 bytes)
2435 3156       3       Many::m927 (14 bytes)   made not entrant: not used
2437 3158       3       Many::m928 (14 bytes)
2437 3159       4       Many::m928 (14 bytes)
2437 3158       3       Many::m928 (14 bytes)   made not entrant: not used
2439 3160       3       Many::m929 (14 bytes)
2440 3161       4       Many::m929 (14 bytes)
2440 3160       3       Many::m929 (14 bytes)   made not entrant: not used
2442 3162       3       Many::m930 (14 bytes)
2442 3163       4       Many::m930 (14 bytes)
2442 3162       3       Many::m930 (14 bytes)   made not entrant: not used
2444 3164       3       Many::m931 (14 bytes)
2444 3165       4       Many::m931 (14 bytes)
2444 3164       3       Many::m931 (14 bytes)   made not entrant: not used
2446 3166       3       Many::m932 (14 bytes)
2446 3167       4       Many::m932 (14 bytes)
2447 3166       3       Many::m932 (14 bytes)   made not entrant: not used
2449 3168       3       Many::m933 (14 bytes)
2449 3169       4       Many::m933 (14 bytes)
2449 3168       3       Many::m933 (14 bytes)   made not entrant: not used
2451 3170       3       Many::m934 (14 bytes)
2451 3171       4       Many::m934 (14 bytes)
2451 3170       3       Many::m934 (14 bytes)   made not entrant: not used
2453 3172       3       Many::m935 (14 bytes)
2453 3173       4       Many::m935 (14 bytes)
2454 3172       3       Many::m935 (14 bytes)   made not entrant: not used
2456 3174       3       Many::m936 (14 bytes)
2456 3175       4       Many::m936 (14 bytes)
2456 3174       3       Many::m936 (14 bytes)   made not entrant: not used
2458 3176       3       Many::m937 (14 bytes)
2458 3177       4       Many::m937 (14 bytes)
2458 3176       3       Many::m937 (14 bytes)   made not entrant: not used
2460 3178       3       Many::m938 (14 bytes)
2460 3179       4       Many::m938 (14 bytes)
2461 3178       3       Many::m938 (14 bytes)   made not entrant: not used
2463 3180       3       Many::m939 (14 bytes)
2463 3181       4       Many::m939 (14 bytes)
2463 3180       3       Many::m939 (14 bytes)   made not entrant: not used
2465 3182       3       Many::m940 (14 bytes)
2465 3183       4       Many::m940 (14 bytes)
2465 3182       3       Many::m940 (14 bytes)   made not entrant: not used
2467 3184       3       Many::m941 (14 bytes)
2468 3185       4       Many::m941 (14 bytes)
2468 3184       3       Many::m941 (14 bytes)   made not entrant: not used
2470 3186       3       Many::m942 (14 bytes)
2470 3187       4       Many::m942 (14 bytes)
2470 3186       3       Many::m942 (14 bytes)   made not entrant: not used
2472 3188       3       Many::m943 (14 bytes)
2472 3189       4       Many::m943 (14 bytes)
2472 3188       3       Many::m943 (14 bytes)   made not entrant: not used
2474 3190       3       Many::m944 (14 bytes)
2474 3191       4       Many::m944 (14 bytes)
2475 3190       3       Many::m944 (14 bytes)   made not entrant: not used
2477 3192       3       Many::m945 (14 bytes)
2477 3193       4       Many::m945 (14 bytes)
2477 3192       3       Many::m945 (14 bytes)   made not entrant: not used
2479 3194       3       Many::m946 (14 bytes)
2479 3195       4       Many::m946 (14 bytes)
2479 3194       3       Many::m946 (14 bytes)   made not entrant: not used
2481 3196       3       Many::m947 (14 bytes)
2481 3197       4       Many::m947 (14 bytes)
2481 3196       3       Many::m947 (14 bytes)   made not entrant: not used
2483 3198       3       Many::m948 (14 bytes)
2484 3199       4       Many::m948 (14 bytes)
2484 3198       3       Many::m948 (14 bytes)   made not entrant: not used
2486 3200       3       Many::m949 (14 bytes)
2486 3201       4       Many::m949 (14 bytes)
2486 3200       3       Many::m949 (14 bytes)   made not entrant: not used
2488 3202       3       Many::m950 (14 bytes)
2488 3203       4       Many::m950 (14 bytes)
2488 3202       3       Many::m950 (14 bytes)   made not entrant: not used
2490 3204       3       Many::m951 (14 bytes)
2490 3205       4       Many::m951 (14 bytes)
2491 3204       3       Many::m951 (14 bytes)   made not entrant: not used
2493 3206       3       Many::m952 (14 bytes)
2493 3207       4       Many::m952 (14 bytes)
2493 3206       3       Many::m952 (14 bytes)   made not entrant: not used
2495 3208       3       Many::m953 (14 bytes)
2495 3209       4       Many::m953 (14 bytes)
2495 3208       3       Many::m953 (14 bytes)   made not entrant: not used
2497 3210       3       Many::m954 (14 bytes)
2497 3211       4       Many::m954 (14 bytes)
2497 3210       3       Many::m954 (14 bytes)   made not entrant: not used
2500 3212       3       Many::m955 (14 bytes)
2500 3213       4       Many::m955 (14 bytes)
2500 3212       3       Many::m955 (14 bytes)   made not entrant: not used
2502 3214       3       Many::m956 (14 bytes)
2502 3215       4       Many::m956 (14 bytes)
2502 3214       3       Many::m956 (14 bytes)   made not entrant: not used
2504 3216       3       Many::m957 (14 bytes)
2504 3217       4       Many::m957 (14 bytes)
2504 3216       3       Many::m957 (14 bytes)   made not entrant: not used
2506 3218       3       Many::m958 (14 bytes)
2507 3219       4       Many::m958 (14 bytes)
2507 3218       3       Many::m958 (14 bytes)   made not entrant: not used
2509 3220       3       Many::m959 (14 bytes)
2509 3221       4       Many::m959 (14 bytes)
2509 3220       3       Many::m959 (14 bytes)   made not entrant: not used
2511 3222       3       Many::m960 (14 bytes)
2511 3223       4       Many::m960 (14 bytes)
2511 3222       3       Many::m960 (14 bytes)   made not entrant: not used
2513 3224       3       Many::m961 (14 bytes)
2513 3225       4       Many::m961 (14 bytes)
2514 3224       3       Many::m961 (14 bytes)   made not entrant: not used
2516 3226       3       Many::m962 (14 bytes)
2516 3227       4       Many::m962 (14 bytes)
2516 3226       3       Many::m962 (14 bytes)   made not entrant: not used
2518 3228       3       Many::m963 (14 bytes)
2518 3229       4       Many::m963 (14 bytes)
2518 3228       3       Many::m963 (14 bytes)   made not entrant: not used
2520 3230       3       Many::m964 (14 bytes)
2520 3231       4       Many::m964 (14 bytes)
2521 3230       3       Many::m964 (14 bytes)   made not entrant: not used
2523 3232       3       Many::m965 (14 bytes)
2523 3233       4       Many::m965 (14 bytes)
2523 3232       3       Many::m965 (14 bytes)   made not entrant: not used
2525 3234       3       Many::m966 (14 bytes)
2525 3235       4       Many::m966 (14 bytes)
2525 3234       3       Many::m966 (14 bytes)   made not entrant: not used
2527 3236       3       Many::m967 (14 bytes)
2527 3237       4       Many::m967 (14 bytes)
2527 3236       3       Many::m967 (14 bytes)   made not entrant: not used
2529 3238       3       Many::m968 (14 bytes)
2530 3239       4       Many::m968 (14 bytes)
2530 3238       3       Many::m968 (14 bytes)   made not entrant: not used
2532 3240       3       Many::m969 (14 bytes)
2532 3241       4       Many::m969 (14 bytes)
2532 3240       3       Many::m969 (14 bytes)   made not entrant: not used
2534 3242       3       Many::m970 (14 bytes)
2534 3243       4       Many::m970 (14 bytes)
2534 3242       3       Many::m970 (14 bytes)   made not entrant: not used
2536 3244       3       Many::m971 (14 bytes)
2536 3245       4       Many::m971 (14 bytes)
2537 3244       3       Many::m971 (14 bytes)   made not entrant: not used
2539 3246       3       Many::m972 (14 bytes)
2539 3247       4       Many::m972 (14 bytes)
2539 3246       3       Many::m972 (14 bytes)   made not entrant: not used
2541 3248       3       Many::m973 (14 bytes)
2541 3249       4       Many::m973 (14 bytes)
2541 3248       3       Many::m973 (14 bytes)   made not entrant: not used
2543 3250       3       Many::m974 (14 bytes)
2543 3251       4       Many::m974 (14 bytes)
2543 3250       3       Many::m974 (14 bytes)   made not entrant: not used
2546 3252       3       Many::m975 (14 bytes)
2546 3253       4       Many::m975 (14 bytes)
2546 3252       3       Many::m975 (14 bytes)   made not entrant: not used
2548 3254       3       Many::m976 (14 bytes)
2548 3255       4       Many::m976 (14 bytes)
2548 3254       3       Many::m976 (14 bytes)   made not entrant: not used
2550 3256       3       Many::m977 (14 bytes)
2550 3257       4       Many::m977 (14 bytes)
2550 3256       3       Many::m977 (14 bytes)   made not entrant: not used
2552 3258       3       Many::m978 (14 bytes)
2553 3259       4       Many::m978 (14 bytes)
2553 3258       3       Many::m978 (14 bytes)   made not entrant: not used
2555 3260       3       Many::m979 (14 bytes)
2555 3261       4       Many::m979 (14 bytes)
2555 3260       3       Many::m979 (14 bytes)   made not entrant: not used
2557 3262       3       Many::m980 (14 bytes)
2557 3263       4       Many::m980 (14 bytes)
2557 3262       3       Many::m980 (14 bytes)   made not entrant: not used
2559 3264       3       Many::m981 (14 bytes)
2560 3265       4       Many::m981 (14 bytes)
2560 3264       3       Many::m981 (14 bytes)   made not entrant: not used
2562 3266       3       Many::m982 (14 bytes)
2562 3267       4       Many::m982 (14 bytes)
2562 3266       3       Many::m982 (14 bytes)   made not entrant: not used
2564 3268       3       Many::m983 (14 bytes)
2564 3269       4       Many::m983 (14 bytes)
2564 3268       3       Many::m983 (14 bytes)   made not entrant: not used
2566 3270       3       Many::m984 (14 bytes)
2566 3271       4       Many::m984 (14 bytes)
2567 3270       3       Many::m984 (14 bytes)   made not entrant: not used
2569 3272       3       Many::m985 (14 bytes)
2569 3273       4       Many::m985 (14 bytes)
2569 3272       3       Many::m985 (14 bytes)   made not entrant: not used
2571 3274       3       Many::m986 (14 bytes)
2571 3275       4       Many::m986 (14 bytes)
2571 3274       3       Many::m986 (14 bytes)   made not entrant: not used
2573 3276       3       Many::m987 (14 bytes)
2573 3277       4       Many::m987 (14 bytes)
2573 3276       3       Many::m987 (14 bytes)   made not entrant: not used
2575 3278       3       Many::m988 (14 bytes)
2576 3279       4       Many::m988 (14 bytes)
2576 3278       3       Many::m988 (14 bytes)   made not entrant: not used
2578 3280       3       Many::m989 (14 bytes)
2578 3281       4       Many::m989 (14 bytes)
2578 3280       3       Many::m989 (14 bytes)   made not entrant: not used
2580 3282       3       Many::m990 (14 bytes)
2580 3283       4       Many::m990 (14 bytes)
2580 3282       3       Many::m990 (14 bytes)   made not entrant: not used
2582 3284       3       Many::m991 (14 bytes)
2583 3285       4       Many::m991 (14 bytes)
2583 3284       3       Many::m991 (14 bytes)   made not entrant: not used
2585 3286       3       Many::m992 (14 bytes)
2585 3287       4       Many::m992 (14 bytes)
2585 3286       3       Many::m992 (14 bytes)   made not entrant: not used
2587 3288       3       Many::m993 (14 bytes)
2587 3289       4       Many::m993 (14 bytes)
2587 3288       3       Many::m993 (14 bytes)   made not entrant: not used
2589 3290       3       Many::m994 (14 bytes)
2589 3291       4       Many::m994 (14 bytes)
2590 3290       3       Many::m994 (14 bytes)   made not entrant: not used
2592 3292       3       Many::m995 (14 bytes)
2592 3293       4       Many::m995 (14 bytes)
2592 3292       3       Many::m995 (14 bytes)   made not entrant: not used
2594 3294       3       Many::m996 (14 bytes)
2594 3295       4       Many::m996 (14 bytes)
2594 3294       3       Many::m996 (14 bytes)   made not entrant: not used
2596 3296       3       Many::m997 (14 bytes)
2596 3297       4       Many::m997 (14 bytes)
2596 3296       3       Many::m997 (14 bytes)   made not entrant: not used
2598 3298       3       Many::m998 (14 bytes)
2599 3299       4       Many::m998 (14 bytes)
2599 3298       3       Many::m998 (14 bytes)   made not entrant: not used
2601 3300       3       Many::m999 (14 bytes)
2601 3301       4       Many::m999 (14 bytes)
2601 3300       3       Many::m999 (14 bytes)   made not entrant: not used
2603 3302       3       Many::m1000 (14 bytes)
2603 3303       4       Many::m1000 (14 bytes)
2603 3302       3       Many::m1000 (14 bytes)   made not entrant: not used
2605 3304       3       Many::m1001 (14 bytes)
2605 3305       4       Many::m1001 (14 bytes)
2606 3304       3       Many::m1001 (14 bytes)   made not entrant: not used
2608 3306       3       Many::m1002 (14 bytes)
2608 3307       4       Many::m1002 (14 bytes)
2608 3306       3       Many::m1002 (14 bytes)   made not entrant: not used
2610 3308       3       Many::m1003 (14 bytes)
2610 3309       4       Many::m1003 (14 bytes)
2610 3308       3       Many::m1003 (14 bytes)   made not entrant: not used
2612 3310       3       Many::m1004 (14 bytes)
2612 3311       4       Many::m1004 (14 bytes)
2613 3310       3       Many::m1004 (14 bytes)   made not entrant: not used
2615 3312       3       Many::m1005 (14 bytes)
2615 3313       4       Many::m1005 (14 bytes)
2615 3312       3       Many::m1005 (14 bytes)   made not entrant: not used
2617 3314       3       Many::m1006 (14 bytes)
2617 3315       4       Many::m1006 (14 bytes)
2617 3314       3       Many::m1006 (14 bytes)   made not entrant: not used
2619 3316       3       Many::m1007 (14 bytes)
2619 3317       4       Many::m1007 (14 bytes)
2619 3316       3       Many::m1007 (14 bytes)   made not entrant: not used
2621 3318       3       Many::m1008 (14 bytes)
2622 3319       4       Many::m1008 (14 bytes)
2622 3318       3       Many::m1008 (14 bytes)   made not entrant: not used
2624 3320       3       Many::m1009 (14 bytes)
2624 3321       4       Many::m1009 (14 bytes)
2624 3320       3       Many::m1009 (14 bytes)   made not entrant: not used
2626 3322       3       Many::m1010 (14 bytes)
2626 3323       4       Many::m1010 (14 bytes)
2626 3322       3       Many::m1010 (14 bytes)   made not entrant: not used
2628 3324       3       Many::m1011 (14 bytes)
2629 3325       4       Many::m1011 (14 bytes)
2629 3324       3       Many::m1011 (14 bytes)   made not entrant: not used
2631 3326       3       Many::m1012 (14 bytes)
2631 3327       4       Many::m1012 (14 bytes)
2631 3326       3       Many::m1012 (14 bytes)   made not entrant: not used
2633 3328       3       Many::m1013 (14 bytes)
2633 3329       4       Many::m1013 (14 bytes)
2633 3328       3       Many::m1013 (14 bytes)   made not entrant: not used
2635 3330       3       Many::m1014 (14 bytes)
2635 3331       4       Many::m1014 (14 bytes)
2636 3330       3       Many::m1014 (14 bytes)   made not entrant: not used
2638 3332       3       Many::m1015 (14 bytes)
2638 3333       4       Many::m1015 (14 bytes)
2638 3332       3       Many::m1015 (14 bytes)   made not entrant: not used
2640 3334       3       Many::m1016 (14 bytes)
2640 3335       4       Many::m1016 (14 bytes)
2640 3334       3       Many::m1016 (14 bytes)   made not entrant: not used
2642 3336       3       Many::m1017 (14 bytes)
2642 3337       4       Many::m1017 (14 bytes)
2642 3336       3       Many::m1017 (14 bytes)   made not entrant: not used
2644 3338       3       Many::m1018 (14 bytes)
2645 3339       4       Many::m1018 (14 bytes)
2645 3338       3       Many::m1018 (14 bytes)   made not entrant: not used
2647 3340       3       Many::m1019 (14 bytes)
2647 3341       4       Many::m1019 (14 bytes)
2647 3340       3       Many::m1019 (14 bytes)   made not entrant: not used
2649 3342       3       Many::m1020 (14 bytes)
2649 3343       4       Many::m1020 (14 bytes)
2649 3342       3       Many::m1020 (14 bytes)   made not entrant: not used
2651 3344       3       Many::m1021 (14 bytes)
2652 3345       4       Many::m1021 (14 bytes)
2652 3344       3       Many::m1021 (14 bytes)   made not entrant: not used
2654 3346       3       Many::m1022 (14 bytes)
2654 3347       4       Many::m1022 (14 bytes)
2654 3346       3       Many::m1022 (14 bytes)   made not entrant: not used
2656 3348       3       Many::m1023 (14 bytes)
2656 3349       4       Many::m1023 (14 bytes)
2656 3348       3       Many::m1023 (14 bytes)   made not entrant: not used
2658 3350       3       Many::m1024 (14 bytes)
2658 3351       4       Many::m1024 (14 bytes)
2659 3350       3       Many::m1024 (14 bytes)   made not entrant: not used
2661 3352       3       Many::m1025 (14 bytes)
2661 3353       4       Many::m1025 (14 bytes)
2661 3352       3       Many::m1025 (14 bytes)   made not entrant: not used
2663 3354       3       Many::m1026 (14 bytes)
2663 3355       4       Many::m1026 (14 bytes)
2663 3354       3       Many::m1026 (14 bytes)   made not entrant: not used
2665 3356       3       Many::m1027 (14 bytes)
2665 3357       4       Many::m1027 (14 bytes)
2665 3356       3       Many::m1027 (14 bytes)   made not entrant: not used
2667 3358       3       Many::m1028 (14 bytes)
2668 3359       4       Many::m1028 (14 bytes)
2668 3358       3       Many::m1028 (14 bytes)   made not entrant: not used
2670 3360       3       Many::m1029 (14 bytes)
2670 3361       4       Many::m1029 (14 bytes)
2670 3360       3       Many::m1029 (14 bytes)   made not entrant: not used
2672 3362       3       Many::m1030 (14 bytes)
2672 3363       4       Many::m1030 (14 bytes)
2672 3362       3       Many::m1030 (14 bytes)   made not entrant: not used
2674 3364       3       Many::m1031 (14 bytes)
2675 3365       4       Many::m1031 (14 bytes)
2675 3364       3       Many::m1031 (14 bytes)   made not entrant: not used
2677 3366       3       Many::m1032 (14 bytes)
2677 3367       4       Many::m1032 (14 bytes)
2677 3366       3       Many::m1032 (14 bytes)   made not entrant: not used
2679 3368       3       Many::m1033 (14 bytes)
2679 3369       4       Many::m1033 (14 bytes)
2679 3368       3       Many::m1033 (14 bytes)   made not entrant: not used
2681 3370       3       Many::m1034 (14 bytes)
2681 3371       4       Many::m1034 (14 bytes)
2682 3370       3       Many::m1034 (14 bytes)   made not entrant: not used
2684 3372       3       Many::m1035 (14 bytes)
2684 3373       4       Many::m1035 (14 bytes)
2684 3372       3       Many::m1035 (14 bytes)   made not entrant: not used
2686 3374       3       Many::m1036 (14 bytes)
2686 3375       4       Many::m1036 (14 bytes)
2686 3374       3       Many::m1036 (14 bytes)   made not entrant: not used
2688 3376       3       Many::m1037 (14 bytes)
2688 3377       4       Many::m1037 (14 bytes)
2689 3376       3       Many::m1037 (14 bytes)   made not entrant: not used
2691 3378       3       Many::m1038 (14 bytes)
2691 3379       4       Many::m1038 (14 bytes)
2691 3378       3       Many::m1038 (14 bytes)   made not entrant: not used
2693 3380       3       Many::m1039 (14 bytes)
2693 3381       4       Many::m1039 (14 bytes)
2693 3380       3       Many::m1039 (14 bytes)   made not entrant: not used
2695 3382       3       Many::m1040 (14 bytes)
2695 3383       4       Many::m1040 (14 bytes)
2695 3382       3       Many::m1040 (14 bytes)   made not entrant: not used
2697 3384       3       Many::m1041 (14 bytes)
2698 3385       4       Many::m1041 (14 bytes)
2698 3384       3       Many::m1041 (14 bytes)   made not entrant: not used
2700 3386       3       Many::m1042 (14 bytes)
2700 3387       4       Many::m1042 (14 bytes)
2700 3386       3       Many::m1042 (14 bytes)   made not entrant: not used
2702 3388       3       Many::m1043 (14 bytes)
2702 3389       4       Many::m1043 (14 bytes)
2702 3388       3       Many::m1043 (14 bytes)   made not entrant: not used
2704 3390       3       Many::m1044 (14 bytes)
2704 3391       4       Many::m1044 (14 bytes)
2705 3390       3       Many::m1044 (14 bytes)   made not entrant: not used
2707 3392       3       Many::m1045 (14 bytes)
2707 3393       4       Many::m1045 (14 bytes)
2707 3392       3       Many::m1045 (14 bytes)   made not entrant: not used
2709 3394       3       Many::m1046 (14 bytes)
2709 3395       4       Many::m1046 (14 bytes)
2709 3394       3       Many::m1046 (14 bytes)   made not entrant: not used
2711 3396       3       Many::m1047 (14 bytes)
2711 3397       4       Many::m1047 (14 bytes)
2711 3396       3       Many::m1047 (14 bytes)   made not entrant: not used
2713 3398       3       Many::m1048 (14 bytes)
2714 3399       4       Many::m1048 (14 bytes)
2714 3398       3       Many::m1048 (14 bytes)   made not entrant: not used
2716 3400       3       Many::m1049 (14 bytes)
2716 3401       4       Many::m1049 (14 bytes)
2716 3400       3       Many::m1049 (14 bytes)   made not entrant: not used
2718 3402       3       Many::m1050 (14 bytes)
2718 3403       4       Many::m1050 (14 bytes)
2718 3402       3       Many::m1050 (14 bytes)   made not entrant: not used
2720 3404       3       Many::m1051 (14 bytes)
2720 3405       4       Many::m1051 (14 bytes)
2721 3404       3       Many::m1051 (14 bytes)   made not entrant: not used
2723 3406       3       Many::m1052 (14 bytes)
2723 3407       4       Many::m1052 (14 bytes)
2723 3406       3       Many::m1052 (14 bytes)   made not entrant: not used
2725 3408       3       Many::m1053 (14 bytes)
2725 3409       4       Many::m1053 (14 bytes)
2725 3408       3       Many::m1053 (14 bytes)   made not entrant: not used
2727 3410       3       Many::m1054 (14 bytes)
2727 3411       4       Many::m1054 (14 bytes)
2728 3410       3       Many::m1054 (14 bytes)   made not entrant: not used
2730 3412       3       Many::m1055 (14 bytes)
2730 3413       4       Many::m1055 (14 bytes)
2730 3412       3       Many::m1055 (14 bytes)   made not entrant: not used
2732 3414       3       Many::m1056 (14 bytes)
2732 3415       4       Many::m1056 (14 bytes)
2732 3414       3       Many::m1056 (14 bytes)   made not entrant: not used
2734 3416       3       Many::m1057 (14 bytes)
2734 3417       4       Many::m1057 (14 bytes)
2734 3416       3       Many::m1057 (14 bytes)   made not entrant: not used
2737 3418       3       Many::m1058 (14 bytes)
2737 3419       4       Many::m1058 (14 bytes)
2737 3418       3       Many::m1058 (14 bytes)   made not entrant: not used
2739 3420       3       Many::m1059 (14 bytes)
2739 3421       4       Many::m1059 (14 bytes)
2739 3420       3       Many::m1059 (14 bytes)   made not entrant: not used
2741 3422       3       Many::m1060 (14 bytes)
2741 3423       4       Many::m1060 (14 bytes)
2741 3422       3       Many::m1060 (14 bytes)   made not entrant: not used
2743 3424       3       Many::m1061 (14 bytes)
2743 3425       4       Many::m1061 (14 bytes)
2744 3424       3       Many::m1061 (14 bytes)   made not entrant: not used
2746 3426       3       Many::m1062 (14 bytes)
2746 3427       4       Many::m1062 (14 bytes)
2746 3426       3       Many::m1062 (14 bytes)   made not entrant: not used
2748 3428       3       Many::m1063 (14 bytes)
2748 3429       4       Many::m1063 (14 bytes)
2748 3428       3       Many::m1063 (14 bytes)   made not entrant: not used
2750 3430       3       Many::m1064 (14 bytes)
2750 3431       4       Many::m1064 (14 bytes)
2751 3430       3       Many::m1064 (14 bytes)   made not entrant: not used
2753 3432       3       Many::m1065 (14 bytes)
2753 3433       4       Many::m1065 (14 bytes)
2753 3432       3       Many::m1065 (14 bytes)   made not entrant: not used
2755 3434       3       Many::m1066 (14 bytes)
2755 3435       4       Many::m1066 (14 bytes)
2755 3434       3       Many::m1066 (14 bytes)   made not entrant: not used
2757 3436       3       Many::m1067 (14 bytes)
2757 3437       4       Many::m1067 (14 bytes)
2757 3436       3       Many::m1067 (14 bytes)   made not entrant: not used
2759 3438       3       Many::m1068 (14 bytes)
2760 3439       4       Many::m1068 (14 bytes)
2760 3438       3       Many::m1068 (14 bytes)   made not entrant: not used
2762 3440       3       Many::m1069 (14 bytes)
2762 3441       4       Many::m1069 (14 bytes)
2762 3440       3       Many::m1069 (14 bytes)   made not entrant: not used
2764 3442       3       Many::m1070 (14 bytes)
2764 3443       4       Many::m1070 (14 bytes)
2764 3442       3       Many::m1070 (14 bytes)   made not entrant: not used
2766 3444       3       Many::m1071 (14 bytes)
2767 3445       4       Many::m1071 (14 bytes)
2767 3444       3       Many::m1071 (14 bytes)   made not entrant: not used
2769 3446       3       Many::m1072 (14 bytes)
2769 3447       4       Many::m1072 (14 bytes)
2769 3446       3       Many::m1072 (14 bytes)   made not entrant: not used
2771 3448       3       Many::m1073 (14 bytes)
2771 3449       4       Many::m1073 (14 bytes)
2771 3448       3       Many::m1073 (14 bytes)   made not entrant: not used
2773 3450       3       Many::m1074 (14 bytes)
2773 3451       4       Many::m1074 (14 bytes)
2774 3450       3       Many::m1074 (14 bytes)   made not entrant: not used
2776 3452       3       Many::m1075 (14 bytes)
2776 3453       4       Many::m1075 (14 bytes)
2776 3452       3       Many::m1075 (14 bytes)   made not entrant: not used
2778 3454       3       Many::m1076 (14 bytes)
2778 3455       4       Many::m1076 (14 bytes)
2778 3454       3       Many::m1076 (14 bytes)   made not entrant: not used
2780 3456       3       Many::m1077 (14 bytes)
2780 3457       4       Many::m1077 (14 bytes)
2780 3456       3       Many::m1077 (14 bytes)   made not entrant: not used
2782 3458       3       Many::m1078 (14 bytes)
2783 3459       4       Many::m1078 (14 bytes)
2783 3458       3       Many::m1078 (14 bytes)   made not entrant: not used
2785 3460       3       Many::m1079 (14 bytes)
2785 3461       4       Many::m1079 (14 bytes)
2785 3460       3       Many::m1079 (14 bytes)   made not entrant: not used
2787 3462       3       Many::m1080 (14 bytes)
2787 3463       4       Many::m1080 (14 bytes)
2787 3462       3       Many::m1080 (14 bytes)   made not entrant: not used
2789 3464       3       Many::m1081 (14 bytes)
2789 3465       4       Many::m1081 (14 bytes)
2790 3464       3       Many::m1081 (14 bytes)   made not entrant: not used
2792 3466       3       Many::m1082 (14 bytes)
2792 3467       4       Many::m1082 (14 bytes)
2792 3466       3       Many::m1082 (14 bytes)   made not entrant: not used
2794 3468       3       Many::m1083 (14 bytes)
2794 3469       4       Many::m1083 (14 bytes)
2794 3468       3       Many::m1083 (14 bytes)   made not entrant: not used
2796 3470       3       Many::m1084 (14 bytes)
2796 3471       4       Many::m1084 (14 bytes)
2796 3470       3       Many::m1084 (14 bytes)   made not entrant: not used
2798 3472       3       Many::m1085 (14 bytes)
2799 3473       4       Many::m1085 (14 bytes)
2799 3472       3       Many::m1085 (14 bytes)   made not entrant: not used
2801 3474       3       Many::m1086 (14 bytes)
2801 3475       4       Many::m1086 (14 bytes)
2801 3474       3       Many::m1086 (14 bytes)   made not entrant: not used
2803 3476       3       Many::m1087 (14 bytes)
2803 3477       4       Many::m1087 (14 bytes)
2803 3476       3       Many::m1087 (14 bytes)   made not entrant: not used
2805 3478       3       Many::m1088 (14 bytes)
2806 3479       4       Many::m1088 (14 bytes)
2806 3478       3       Many::m1088 (14 bytes)   made not entrant: not used
2808 3480       3       Many::m1089 (14 bytes)
2808 3481       4       Many::m1089 (14 bytes)
2808 3480       3       Many::m1089 (14 bytes)   made not entrant: not used
2810 3482       3       Many::m1090 (14 bytes)
2810 3483       4       Many::m1090 (14 bytes)
2810 3482       3       Many::m1090 (14 bytes)   made not entrant: not used
2812 3484       3       Many::m1091 (14 bytes)
2812 3485       4       Many::m1091 (14 bytes)
2812 3484       3       Many::m1091 (14 bytes)   made not entrant: not used
2815 3486       3       Many::m1092 (14 bytes)
2815 3487       4       Many::m1092 (14 bytes)
2815 3486       3       Many::m1092 (14 bytes)   made not entrant: not used
2817 3488       3       Many::m1093 (14 bytes)
2817 3489       4       Many::m1093 (14 bytes)
2817 3488       3       Many::m1093 (14 bytes)   made not entrant: not used
2819 3490       3       Many::m1094 (14 bytes)
2819 3491       4       Many::m1094 (14 bytes)
2820 3490       3       Many::m1094 (14 bytes)   made not entrant: not used
2822 3492       3       Many::m1095 (14 bytes)
2822 3493       4       Many::m1095 (14 bytes)
2822 3492       3       Many::m1095 (14 bytes)   made not entrant: not used
2824 3494       3       Many::m1096 (14 bytes)
2824 3495       4       Many::m1096 (14 bytes)
2824 3494       3       Many::m1096 (14 bytes)   made not entrant: not used
2826 3496       3       Many::m1097 (14 bytes)
2826 3497       4       Many::m1097 (14 bytes)
2826 3496       3       Many::m1097 (14 bytes)   made not entrant: not used
2828 3498       3       Many::m1098 (14 bytes)
2829 3499       4       Many::m1098 (14 bytes)
2829 3498       3       Many::m1098 (14 bytes)   made not entrant: not used
2831 3500       3       Many::m1099 (14 bytes)
2831 3501       4       Many::m1099 (14 bytes)
2831 3500       3       Many::m1099 (14 bytes)   made not entrant: not used
2833 3502       3       Many::m1100 (14 bytes)
2833 3503       4       Many::m1100 (14 bytes)
2833 3502       3       Many::m1100 (14 bytes)   made not entrant: not used
2835 3504       3       Many::m1101 (14 bytes)
2836 3505       4       Many::m1101 (14 bytes)
2836 3504       3       Many::m1101 (14 bytes)   made not entrant: not used
2838 3506       3       Many::m1102 (14 bytes)
2838 3507       4       Many::m1102 (14 bytes)
2838 3506       3       Many::m1102 (14 bytes)   made not entrant: not used
2840 3508       3       Many::m1103 (14 bytes)
2840 3509       4       Many::m1103 (14 bytes)
2840 3508       3       Many::m1103 (14 bytes)   made not entrant: not used
2842 3510       3       Many::m1104 (14 bytes)
2842 3511       4       Many::m1104 (14 bytes)
2843 3510       3       Many::m1104 (14 bytes)   made not entrant: not used
2845 3512       3       Many::m1105 (14 bytes)
2845 3513       4       Many::m1105 (14 bytes)
2845 3512       3       Many::m1105 (14 bytes)   made not entrant: not used
2847 3514       3       Many::m1106 (14 bytes)
2847 3515       4       Many::m1106 (14 bytes)
2847 3514       3       Many::m1106 (14 bytes)   made not entrant: not used
2849 3516       3       Many::m1107 (14 bytes)
2849 3517       4       Many::m1107 (14 bytes)
2850 3516       3       Many::m1107 (14 bytes)   made not entrant: not used
2852 3518       3       Many::m1108 (14 bytes)
2852 3519       4       Many::m1108 (14 bytes)
2852 3518       3       Many::m1108 (14 bytes)   made not entrant: not used
2854 3520       3       Many::m1109 (14 bytes)
2854 3521       4       Many::m1109 (14 bytes)
2854 3520       3       Many::m1109 (14 bytes)   made not entrant: not used
2856 3522       3       Many::m1110 (14 bytes)
2856 3523       4       Many::m1110 (14 bytes)
2857 3522       3       Many::m1110 (14 bytes)   made not entrant: not used
2859 3524       3       Many::m1111 (14 bytes)
2859 3525       4       Many::m1111 (14 bytes)
2859 3524       3       Many::m1111 (14 bytes)   made not entrant: not used
2861 3526       3       Many::m1112 (14 bytes)
2861 3527       4       Many::m1112 (14 bytes)
2861 3526       3       Many::m1112 (14 bytes)   made not entrant: not used
2863 3528       3       Many::m1113 (14 bytes)
2863 3529       4       Many::m1113 (14 bytes)
2863 3528       3       Many::m1113 (14 bytes)   made not entrant: not used
2865 3530       3       Many::m1114 (14 bytes)
2866 3531       4       Many::m1114 (14 bytes)
2866 3530       3       Many::m1114 (14 bytes)   made not entrant: not used
2868 3532       3       Many::m1115 (14 bytes)
2868 3533       4       Many::m1115 (14 bytes)
2868 3532       3       Many::m1115 (14 bytes)   made not entrant: not used
2870 3534       3       Many::m1116 (14 bytes)
2870 3535       4       Many::m1116 (14 bytes)
2870 3534       3       Many::m1116 (14 bytes)   made not entrant: not used
2872 3536       3       Many::m1117 (14 bytes)
2873 3537       4       Many::m1117 (14 bytes)
2873 3536       3       Many::m1117 (14 bytes)   made not entrant: not used
2875 3538       3       Many::m1118 (14 bytes)
2875 3539       4       Many::m1118 (14 bytes)
2875 3538       3       Many::m1118 (14 bytes)   made not entrant: not used
2877 3540       3       Many::m1119 (14 bytes)
2877 3541       4       Many::m1119 (14 bytes)
2877 3540       3       Many::m1119 (14 bytes)   made not entrant: not used
2879 3542       3       Many::m1120 (14 bytes)
2880 3543       4       Many::m1120 (14 bytes)
2880 3542       3       Many::m1120 (14 bytes)   made not entrant: not used
2882 3544       3       Many::m1121 (14 bytes)
2882 3545       4       Many::m1121 (14 bytes)
2882 3544       3       Many::m1121 (14 bytes)   made not entrant: not used
2884 3546       3       Many::m1122 (14 bytes)
2884 3547       4       Many::m1122 (14 bytes)
2884 3546       3       Many::m1122 (14 bytes)   made not entrant: not used
2886 3548       3       Many::m1123 (14 bytes)
2887 3549       4       Many::m1123 (14 bytes)
2887 3548       3       Many::m1123 (14 bytes)   made not entrant: not used
2889 3550       3       Many::m1124 (14 bytes)
2889 3551       4       Many::m1124 (14 bytes)
2889 3550       3       Many::m1124 (14 bytes)   made not entrant: not used
2891 3552       3       Many::m1125 (14 bytes)
2891 3553       4       Many::m1125 (14 bytes)
2891 3552       3       Many::m1125 (14 bytes)   made not entrant: not used
2893 3554       3       Many::m1126 (14 bytes)
2893 3555       4       Many::m1126 (14 bytes)
2894 3554       3       Many::m1126 (14 bytes)   made not entrant: not used
2896 3556       3       Many::m1127 (14 bytes)
2896 3557       4       Many::m1127 (14 bytes)
2896 3556       3       Many::m1127 (14 bytes)   made not entrant: not used
2898 3558       3       Many::m1128 (14 bytes)
2898 3559       4       Many::m1128 (14 bytes)
2898 3558       3       Many::m1128 (14 bytes)   made not entrant: not used
2901 3560       3       Many::m1129 (14 bytes)
2901 3561       4       Many::m1129 (14 bytes)
2902 3560       3       Many::m1129 (14 bytes)   made not entrant: not used
2903 3562       3       Many::m1130 (14 bytes)
2904 3563       4       Many::m1130 (14 bytes)
2904 3562       3       Many::m1130 (14 bytes)   made not entrant: not used
2906 3564       3       Many::m1131 (14 bytes)
2906 3565       4       Many::m1131 (14 bytes)
2906 3564       3       Many::m1131 (14 bytes)   made not entrant: not used
2908 3566       3       Many::m1132 (14 bytes)
2908 3567       4       Many::m1132 (14 bytes)
2908 3566       3       Many::m1132 (14 bytes)   made not entrant: not used
2910 3568       3       Many::m1133 (14 bytes)
2910 3569       4       Many::m1133 (14 bytes)
2911 3568       3       Many::m1133 (14 bytes)   made not entrant: not used
2913 3570       3       Many::m1134 (14 bytes)
2913 3571       4       Many::m1134 (14 bytes)
2913 3570       3       Many::m1134 (14 bytes)   made not entrant: not used
2915 3572       3       Many::m1135 (14 bytes)
2915 3573       4       Many::m1135 (14 bytes)
2915 3572       3       Many::m1135 (14 bytes)   made not entrant: not used
2917 3574       3       Many::m1136 (14 bytes)
2918 3575       4       Many::m1136 (14 bytes)
2918 3574       3       Many::m1136 (14 bytes)   made not entrant: not used
2920 3576       3       Many::m1137 (14 bytes)
2920 3577       4       Many::m1137 (14 bytes)
2920 3576       3       Many::m1137 (14 bytes)   made not entrant: not used
2922 3578       3       Many::m1138 (14 bytes)
2922 3579       4       Many::m1138 (14 bytes)
2922 3578       3       Many::m1138 (14 bytes)   made not entrant: not used
2924 3580       3       Many::m1139 (14 bytes)
2924 3581       4       Many::m1139 (14 bytes)
2925 3580       3       Many::m1139 (14 bytes)   made not entrant: not used
2927 3582       3       Many::m1140 (14 bytes)
2927 3583       4       Many::m1140 (14 bytes)
2927 3582       3       Many::m1140 (14 bytes)   made not entrant: not used
2929 3584       3       Many::m1141 (14 bytes)
2929 3585       4       Many::m1141 (14 bytes)
2929 3584       3       Many::m1141 (14 bytes)   made not entrant: not used
2931 3586       3       Many::m1142 (14 bytes)
2931 3587       4       Many::m1142 (14 bytes)
2931 3586       3       Many::m1142 (14 bytes)   made not entrant: not used
2934 3588       3       Many::m1143 (14 bytes)
2934 3589       4       Many::m1143 (14 bytes)
2934 3588       3       Many::m1143 (14 bytes)   made not entrant: not used
2936 3590       3       Many::m1144 (14 bytes)
2936 3591       4       Many::m1144 (14 bytes)
2936 3590       3       Many::m1144 (14 bytes)   made not entrant: not used
2938 3592       3       Many::m1145 (14 bytes)
2938 3593       4       Many::m1145 (14 bytes)
2938 3592       3       Many::m1145 (14 bytes)   made not entrant: not used
2940 3594       3       Many::m1146 (14 bytes)
2941 3595       4       Many::m1146 (14 bytes)
2941 3594       3       Many::m1146 (14 bytes)   made not entrant: not used
2943 3596       3       Many::m1147 (14 bytes)
2943 3597       4       Many::m1147 (14 bytes)
2943 3596       3       Many::m1147 (14 bytes)   made not entrant: not used
2945 3598       3       Many::m1148 (14 bytes)
2945 3599       4       Many::m1148 (14 bytes)
2945 3598       3       Many::m1148 (14 bytes)   made not entrant: not used
2947 3600       3       Many::m1149 (14 bytes)
2947 3601       4       Many::m1149 (14 bytes)
2948 3600       3       Many::m1149 (14 bytes)   made not entrant: not used
2950 3602       3       Many::m1150 (14 bytes)
2950 3603       4       Many::m1150 (14 bytes)
2950 3602       3       Many::m1150 (14 bytes)   made not entrant: not used
2952 3604       3       Many::m1151 (14 bytes)
2952 3605       4       Many::m1151 (14 bytes)
2952 3604       3       Many::m1151 (14 bytes)   made not entrant: not used
2954 3606       3       Many::m1152 (14 bytes)
2955 3607       4       Many::m1152 (14 bytes)
2955 3606       3       Many::m1152 (14 bytes)   made not entrant: not used
2957 3608       3       Many::m1153 (14 bytes)
2957 3609       4       Many::m1153 (14 bytes)
2957 3608       3       Many::m1153 (14 bytes)   made not entrant: not used
2959 3610       3       Many::m1154 (14 bytes)
2959 3611       4       Many::m1154 (14 bytes)
2959 3610       3       Many::m1154 (14 bytes)   made not entrant: not used
2961 3612       3       Many::m1155 (14 bytes)
2961 3613       4       Many::m1155 (14 bytes)
2962 3612       3       Many::m1155 (14 bytes)   made not entrant: not used
2964 3614       3       Many::m1156 (14 bytes)
2964 3615       4       Many::m1156 (14 bytes)
2964 3614       3       Many::m1156 (14 bytes)   made not entrant: not used
2966 3616       3       Many::m1157 (14 bytes)
2966 3617       4       Many::m1157 (14 bytes)
2966 3616       3       Many::m1157 (14 bytes)   made not entrant: not used
2968 3618       3       Many::m1158 (14 bytes)
2968 3619       4       Many::m1158 (14 bytes)
2969 3618       3       Many::m1158 (14 bytes)   made not entrant: not used
2971 3620       3       Many::m1159 (14 bytes)
2971 3621       4       Many::m1159 (14 bytes)
2971 3620       3       Many::m1159 (14 bytes)   made not entrant: not used
2973 3622       3       Many::m1160 (14 bytes)
2973 3623       4       Many::m1160 (14 bytes)
2973 3622       3       Many::m1160 (14 bytes)   made not entrant: not used
2975 3624       3       Many::m1161 (14 bytes)
2975 3625       4       Many::m1161 (14 bytes)
2975 3624       3       Many::m1161 (14 bytes)   made not entrant: not used
2977 3626       3       Many::m1162 (14 bytes)
2978 3627       4       Many::m1162 (14 bytes)
2978 3626       3       Many::m1162 (14 bytes)   made not entrant: not used
2980 3628       3       Many::m1163 (14 bytes)
2980 3629       4       Many::m1163 (14 bytes)
2980 3628       3       Many::m1163 (14 bytes)   made not entrant: not used
2982 3630       3       Many::m1164 (14 bytes)
2982 3631       4       Many::m1164 (14 bytes)
2982 3630       3       Many::m1164 (14 bytes)   made not entrant: not used
2984 3632       3       Many::m1165 (14 bytes)
2985 3633       4       Many::m1165 (14 bytes)
2985 3632       3       Many::m1165 (14 bytes)   made not entrant: not used
2987 3634       3       Many::m1166 (14 bytes)
2987 3635       4       Many::m1166 (14 bytes)
2987 3634       3       Many::m1166 (14 bytes)   made not entrant: not used
2989 3636       3       Many::m1167 (14 bytes)
2989 3637       4       Many::m1167 (14 bytes)
2989 3636       3       Many::m1167 (14 bytes)   made not entrant: not used
2991 3638       3       Many::m1168 (14 bytes)
2991 3639       4       Many::m1168 (14 bytes)
2992 3638       3       Many::m1168 (14 bytes)   made not entrant: not used
2994 3640       3       Many::m1169 (14 bytes)
2994 3641       4       Many::m1169 (14 bytes)
2994 3640       3       Many::m1169 (14 bytes)   made not entrant: not used
2996 3642       3       Many::m1170 (14 bytes)
2996 3643       4       Many::m1170 (14 bytes)
2996 3642       3       Many::m1170 (14 bytes)   made not entrant: not used
2998 3644       3       Many::m1171 (14 bytes)
2999 3645       4       Many::m1171 (14 bytes)
2999 3644       3       Many::m1171 (14 bytes)   made not entrant: not used
3001 3646       3       Many::m1172 (14 bytes)
3001 3647       4       Many::m1172 (14 bytes)
3001 3646       3       Many::m1172 (14 bytes)   made not entrant: not used
3003 3648       3       Many::m1173 (14 bytes)
3003 3649       4       Many::m1173 (14 bytes)
3003 3648       3       Many::m1173 (14 bytes)   made not entrant: not used
3005 3650       3       Many::m1174 (14 bytes)
3005 3651       4       Many::m1174 (14 bytes)
3006 3650       3       Many::m1174 (14 bytes)   made not entrant: not used
3008 3652       3       Many::m1175 (14 bytes)
3008 3653       4       Many::m1175 (14 bytes)
3008 3652       3       Many::m1175 (14 bytes)   made not entrant: not used
3010 3654       3       Many::m1176 (14 bytes)
3010 3655       4       Many::m1176 (14 bytes)
3010 3654       3       Many::m1176 (14 bytes)   made not entrant: not used
3012 3656       3       Many::m1177 (14 bytes)
3012 3657       4       Many::m1177 (14 bytes)
3013 3656       3       Many::m1177 (14 bytes)   made not entrant: not used
3015 3658       3       Many::m1178 (14 bytes)
3015 3659       4       Many::m1178 (14 bytes)
3015 3658       3       Many::m1178 (14 bytes)   made not entrant: not used
3017 3660       3       Many::m1179 (14 bytes)
3017 3661       4       Many::m1179 (14 bytes)
3017 3660       3       Many::m1179 (14 bytes)   made not entrant: not used
3019 3662       3       Many::m1180 (14 bytes)
3019 3663       4       Many::m1180 (14 bytes)
3019 3662       3       Many::m1180 (14 bytes)   made not entrant: not used
3021 3664       3       Many::m1181 (14 bytes)
3022 3665       4       Many::m1181 (14 bytes)
3022 3664       3       Many::m1181 (14 bytes)   made not entrant: not used
3024 3666       3       Many::m1182 (14 bytes)
3024 3667       4       Many::m1182 (14 bytes)
3024 3666       3       Many::m1182 (14 bytes)   made not entrant: not used
3026 3668       3       Many::m1183 (14 bytes)
3026 3669       4       Many::m1183 (14 bytes)
3026 3668       3       Many::m1183 (14 bytes)   made not entrant: not used
3028 3670       3       Many::m1184 (14 bytes)
3028 3671       4       Many::m1184 (14 bytes)
3029 3670       3       Many::m1184 (14 bytes)   made not entrant: not used
3031 3672       3       Many::m1185 (14 bytes)
3031 3673       4       Many::m1185 (14 bytes)
3031 3672       3       Many::m1185 (14 bytes)   made not entrant: not used
3033 3674       3       Many::m1186 (14 bytes)
3033 3675       4       Many::m1186 (14 bytes)
3033 3674       3       Many::m1186 (14 bytes)   made not entrant: not used
3035 3676       3       Many::m1187 (14 bytes)
3036 3677       4       Many::m1187 (14 bytes)
3036 3676       3       Many::m1187 (14 bytes)   made not entrant: not used
3038 3678       3       Many::m1188 (14 bytes)
3038 3679       4       Many::m1188 (14 bytes)
3038 3678       3       Many::m1188 (14 bytes)   made not entrant: not used
3040 3680       3       Many::m1189 (14 bytes)
3040 3681       4       Many::m1189 (14 bytes)
3040 3680       3       Many::m1189 (14 bytes)   made not entrant: not used
3042 3682       3       Many::m1190 (14 bytes)
3042 3683       4       Many::m1190 (14 bytes)
3042 3682       3       Many::m1190 (14 bytes)   made not entrant: not used
3044 3684       3       Many::m1191 (14 bytes)
3045 3685       4       Many::m1191 (14 bytes)
3045 3684       3       Many::m1191 (14 bytes)   made not entrant: not used
3047 3686       3       Many::m1192 (14 bytes)
3047 3687       4       Many::m1192 (14 bytes)
3047 3686       3       Many::m1192 (14 bytes)   made not entrant: not used
3049 3688       3       Many::m1193 (14 bytes)
3049 3689       4       Many::m1193 (14 bytes)
3049 3688       3       Many::m1193 (14 bytes)   made not entrant: not used
3051 3690       3       Many::m1194 (14 bytes)
3052 3691       4       Many::m1194 (14 bytes)
3052 3690       3       Many::m1194 (14 bytes)   made not entrant: not used
3054 3692       3       Many::m1195 (14 bytes)
3054 3693       4       Many::m1195 (14 bytes)
3054 3692       3       Many::m1195 (14 bytes)   made not entrant: not used
3056 3694       3       Many::m1196 (14 bytes)
3056 3695       4       Many::m1196 (14 bytes)
3056 3694       3       Many::m1196 (14 bytes)   made not entrant: not used
3058 3696       3       Many::m1197 (14 bytes)
3058 3697       4       Many::m1197 (14 bytes)
3058 3696       3       Many::m1197 (14 bytes)   made not entrant: not used
3060 3698       3       Many::m1198 (14 bytes)
3061 3699       4       Many::m1198 (14 bytes)
3061 3698       3       Many::m1198 (14 bytes)   made not entrant: not used
3063 3700       3       Many::m1199 (14 bytes)
3063 3701       4       Many::m1199 (14 bytes)
3063 3700       3       Many::m1199 (14 bytes)   made not entrant: not used
3065 3702       3       Many::m1200 (14 bytes)
3065 3703       4       Many::m1200 (14 bytes)
3065 3702       3       Many::m1200 (14 bytes)   made not entrant: not used
3067 3704       3       Many::m1201 (14 bytes)
3068 3705       4       Many::m1201 (14 bytes)
3068 3704       3       Many::m1201 (14 bytes)   made not entrant: not used
3070 3706       3       Many::m1202 (14 bytes)
3070 3707       4       Many::m1202 (14 bytes)
3070 3706       3       Many::m1202 (14 bytes)   made not entrant: not used
3072 3708       3       Many::m1203 (14 bytes)
3072 3709       4       Many::m1203 (14 bytes)
3072 3708       3       Many::m1203 (14 bytes)   made not entrant: not used
3074 3710       3       Many::m1204 (14 bytes)
3074 3711       4       Many::m1204 (14 bytes)
3075 3710       3       Many::m1204 (14 bytes)   made not entrant: not used
3077 3712       3       Many::m1205 (14 bytes)
3077 3713       4       Many::m1205 (14 bytes)
3077 3712       3       Many::m1205 (14 bytes)   made not entrant: not used
3079 3714       3       Many::m1206 (14 bytes)
3079 3715       4       Many::m1206 (14 bytes)
3079 3714       3       Many::m1206 (14 bytes)   made not entrant: not used
3081 3716       3       Many::m1207 (14 bytes)
3081 3717       4       Many::m1207 (14 bytes)
3081 3716       3       Many::m1207 (14 bytes)   made not entrant: not used
3083 3718       3       Many::m1208 (14 bytes)
3084 3719       4       Many::m1208 (14 bytes)
3084 3718       3       Many::m1208 (14 bytes)   made not entrant: not used
3086 3720       3       Many::m1209 (14 bytes)
3086 3721       4       Many::m1209 (14 bytes)
3086 3720       3       Many::m1209 (14 bytes)   made not entrant: not used
3088 3722       3       Many::m1210 (14 bytes)
3088 3723       4       Many::m1210 (14 bytes)
3088 3722       3       Many::m1210 (14 bytes)   made not entrant: not used
3090 3724       3       Many::m1211 (14 bytes)
3091 3725       4       Many::m1211 (14 bytes)
3091 3724       3       Many::m1211 (14 bytes)   made not entrant: not used
3093 3726       3       Many::m1212 (14 bytes)
3093 3727       4       Many::m1212 (14 bytes)
3093 3726       3       Many::m1212 (14 bytes)   made not entrant: not used
3095 3728       3       Many::m1213 (14 bytes)
3095 3729       4       Many::m1213 (14 bytes)
3095 3728       3       Many::m1213 (14 bytes)   made not entrant: not used
3097 3730       3       Many::m1214 (14 bytes)
3097 3731       4       Many::m1214 (14 bytes)
3097 3730       3       Many::m1214 (14 bytes)   made not entrant: not used
3100 3732       3       Many::m1215 (14 bytes)
3100 3733       4       Many::m1215 (14 bytes)
3100 3732       3       Many::m1215 (14 bytes)   made not entrant: not used
3102 3734       3       Many::m1216 (14 bytes)
3102 3735       4       Many::m1216 (14 bytes)
3102 3734       3       Many::m1216 (14 bytes)   made not entrant: not used
3104 3736       3       Many::m1217 (14 bytes)
3104 3737       4       Many::m1217 (14 bytes)
3104 3736       3       Many::m1217 (14 bytes)   made not entrant: not used
3106 3738       3       Many::m1218 (14 bytes)
3107 3739       4       Many::m1218 (14 bytes)
3107 3738       3       Many::m1218 (14 bytes)   made not entrant: not used
3109 3740       3       Many::m1219 (14 bytes)
3109 3741       4       Many::m1219 (14 bytes)
3109 3740       3       Many::m1219 (14 bytes)   made not entrant: not used
3111 3742       3       Many::m1220 (14 bytes)
3111 3743       4       Many::m1220 (14 bytes)
3111 3742       3       Many::m1220 (14 bytes)   made not entrant: not used
3113 3744       3       Many::m1221 (14 bytes)
3113 3745       4       Many::m1221 (14 bytes)
3114 3744       3       Many::m1221 (14 bytes)   made not entrant: not used
3116 3746       3       Many::m1222 (14 bytes)
3116 3747       4       Many::m1222 (14 bytes)
3116 3746       3       Many::m1222 (14 bytes)   made not entrant: not used
3118 3748       3       Many::m1223 (14 bytes)
3118 3749       4       Many::m1223 (14 bytes)
3118 3748       3       Many::m1223 (14 bytes)   made not entrant: not used
3120 3750       3       Many::m1224 (14 bytes)
3120 3751       4       Many::m1224 (14 bytes)
3120 3750       3       Many::m1224 (14 bytes)   made not entrant: not used
3122 3752       3       Many::m1225 (14 bytes)
3123 3753       4       Many::m1225 (14 bytes)
3123 3752       3       Many::m1225 (14 bytes)   made not entrant: not used
3125 3754       3       Many::m1226 (14 bytes)
3125 3755       4       Many::m1226 (14 bytes)
3125 3754       3       Many::m1226 (14 bytes)   made not entrant: not used
3127 3756       3       Many::m1227 (14 bytes)
3127 3757       4       Many::m1227 (14 bytes)
3127 3756       3       Many::m1227 (14 bytes)   made not entrant: not used
3129 3758       3       Many::m1228 (14 bytes)
3129 3759       4       Many::m1228 (14 bytes)
3130 3758       3       Many::m1228 (14 bytes)   made not entrant: not used
3132 3760       3       Many::m1229 (14 bytes)
3132 3761       4       Many::m1229 (14 bytes)
3132 3760       3       Many::m1229 (14 bytes)   made not entrant: not used
3134 3762       3       Many::m1230 (14 bytes)
3134 3763       4       Many::m1230 (14 bytes)
3134 3762       3       Many::m1230 (14 bytes)   made not entrant: not used
3136 3764       3       Many::m1231 (14 bytes)
3136 3765       4       Many::m1231 (14 bytes)
3136 3764       3       Many::m1231 (14 bytes)   made not entrant: not used
3138 3766       3       Many::m1232 (14 bytes)
3139 3767       4       Many::m1232 (14 bytes)
3139 3766       3       Many::m1232 (14 bytes)   made not entrant: not used
3141 3768       3       Many::m1233 (14 bytes)
3141 3769       4       Many::m1233 (14 bytes)
3141 3768       3       Many::m1233 (14 bytes)   made not entrant: not used
3143 3770       3       Many::m1234 (14 bytes)
3143 3771       4       Many::m1234 (14 bytes)
3143 3770       3       Many::m1234 (14 bytes)   made not entrant: not used
3145 3772       3       Many::m1235 (14 bytes)
3145 3773       4       Many::m1235 (14 bytes)
3146 3772       3       Many::m1235 (14 bytes)   made not entrant: not used
3148 3774       3       Many::m1236 (14 bytes)
3148 3775       4       Many::m1236 (14 bytes)
3148 3774       3       Many::m1236 (14 bytes)   made not entrant: not used
3150 3776       3       Many::m1237 (14 bytes)
3150 3777       4       Many::m1237 (14 bytes)
3150 3776       3       Many::m1237 (14 bytes)   made not entrant: not used
3152 3778       3       Many::m1238 (14 bytes)
3152 3779       4       Many::m1238 (14 bytes)
3152 3778       3       Many::m1238 (14 bytes)   made not entrant: not used
3154 3780       3       Many::m1239 (14 bytes)
3155 3781       4       Many::m1239 (14 bytes)
3155 3780       3       Many::m1239 (14 bytes)   made not entrant: not used
3157 3782       3       Many::m1240 (14 bytes)
3157 3783       4       Many::m1240 (14 bytes)
3157 3782       3       Many::m1240 (14 bytes)   made not entrant: not used
3159 3784       3       Many::m1241 (14 bytes)
3159 3785       4       Many::m1241 (14 bytes)
3159 3784       3       Many::m1241 (14 bytes)   made not entrant: not used
3161 3786       3       Many::m1242 (14 bytes)
3161 3787       4       Many::m1242 (14 bytes)
3162 3786       3       Many::m1242 (14 bytes)   made not entrant: not used
3164 3788       3       Many::m1243 (14 bytes)
3164 3789       4       Many::m1243 (14 bytes)
3164 3788       3       Many::m1243 (14 bytes)   made not entrant: not used
3166 3790       3       Many::m1244 (14 bytes)
3166 3791       4       Many::m1244 (14 bytes)
3166 3790       3       Many::m1244 (14 bytes)   made not entrant: not used
3168 3792       3       Many::m1245 (14 bytes)
3168 3793       4       Many::m1245 (14 bytes)
3168 3792       3       Many::m1245 (14 bytes)   made not entrant: not used
3171 3794       3       Many::m1246 (14 bytes)
3171 3795       4       Many::m1246 (14 bytes)
3171 3794       3       Many::m1246 (14 bytes)   made not entrant: not used
3173 3796       3       Many::m1247 (14 bytes)
3173 3797       4       Many::m1247 (14 bytes)
3173 3796       3       Many::m1247 (14 bytes)   made not entrant: not used
3175 3798       3       Many::m1248 (14 bytes)
3175 3799       4       Many::m1248 (14 bytes)
3175 3798       3       Many::m1248 (14 bytes)   made not entrant: not used
3177 3800       3       Many::m1249 (14 bytes)
3178 3801       4       Many::m1249 (14 bytes)
3178 3800       3       Many::m1249 (14 bytes)   made not entrant: not used
3180 3802       3       Many::m1250 (14 bytes)
3180 3803       4       Many::m1250 (14 bytes)
3180 3802       3       Many::m1250 (14 bytes)   made not entrant: not used
3182 3804       3       Many::m1251 (14 bytes)
3182 3805       4       Many::m1251 (14 bytes)
3183 3804       3       Many::m1251 (14 bytes)   made not entrant: not used
3185 3806       3       Many::m1252 (14 bytes)
3185 3807       4       Many::m1252 (14 bytes)
3185 3806       3       Many::m1252 (14 bytes)   made not entrant: not used
3187 3808       3       Many::m1253 (14 bytes)
3187 3809       4       Many::m1253 (14 bytes)
3187 3808       3       Many::m1253 (14 bytes)   made not entrant: not used
3189 3810       3       Many::m1254 (14 bytes)
3189 3811       4       Many::m1254 (14 bytes)
3189 3810       3       Many::m1254 (14 bytes)   made not entrant: not used
3191 3812       3       Many::m1255 (14 bytes)
3192 3813       4       Many::m1255 (14 bytes)
3192 3812       3       Many::m1255 (14 bytes)   made not entrant: not used
3194 3814       3       Many::m1256 (14 bytes)
3194 3815       4       Many::m1256 (14 bytes)
3194 3814       3       Many::m1256 (14 bytes)   made not entrant: not used
3196 3816       3       Many::m1257 (14 bytes)
3196 3817       4       Many::m1257 (14 bytes)
3196 3816       3       Many::m1257 (14 bytes)   made not entrant: not used
3198 3818       3       Many::m1258 (14 bytes)
3198 3819       4       Many::m1258 (14 bytes)
3199 3818       3       Many::m1258 (14 bytes)   made not entrant: not used
3201 3820       3       Many::m1259 (14 bytes)
3201 3821       4       Many::m1259 (14 bytes)
3201 3820       3       Many::m1259 (14 bytes)   made not entrant: not used
3203 3822       3       Many::m1260 (14 bytes)
3203 3823       4       Many::m1260 (14 bytes)
3203 3822       3       Many::m1260 (14 bytes)   made not entrant: not used
3205 3824       3       Many::m1261 (14 bytes)
3206 3825       4       Many::m1261 (14 bytes)
3206 3824       3       Many::m1261 (14 bytes)   made not entrant: not used
3208 3826       3       Many::m1262 (14 bytes)
3208 3827       4       Many::m1262 (14 bytes)
3208 3826       3       Many::m1262 (14 bytes)   made not entrant: not used
3210 3828       3       Many::m1263 (14 bytes)
3210 3829       4       Many::m1263 (14 bytes)
3210 3828       3       Many::m1263 (14 bytes)   made not entrant: not used
3212 3830       3       Many::m1264 (14 bytes)
3212 3831       4       Many::m1264 (14 bytes)
3213 3830       3       Many::m1264 (14 bytes)   made not entrant: not used
3215 3832       3       Many::m1265 (14 bytes)
3215 3833       4       Many::m1265 (14 bytes)
3215 3832       3       Many::m1265 (14 bytes)   made not entrant: not used
3217 3834       3       Many::m1266 (14 bytes)
3217 3835       4       Many::m1266 (14 bytes)
3217 3834       3       Many::m1266 (14 bytes)   made not entrant: not used
3219 3836       3       Many::m1267 (14 bytes)
3220 3837       4       Many::m1267 (14 bytes)
3220 3836       3       Many::m1267 (14 bytes)   made not entrant: not used
3222 3838       3       Many::m1268 (14 bytes)
3222 3839       4       Many::m1268 (14 bytes)
3222 3838       3       Many::m1268 (14 bytes)   made not entrant: not used
3224 3840       3       Many::m1269 (14 bytes)
3224 3841       4       Many::m1269 (14 bytes)
3224 3840       3       Many::m1269 (14 bytes)   made not entrant: not used
3226 3842       3       Many::m1270 (14 bytes)
3226 3843       4       Many::m1270 (14 bytes)
3226 3842       3       Many::m1270 (14 bytes)   made not entrant: not used
3229 3844       3       Many::m1271 (14 bytes)
3229 3845       4       Many::m1271 (14 bytes)
3229 3844       3       Many::m1271 (14 bytes)   made not entrant: not used
3231 3846       3       Many::m1272 (14 bytes)
3231 3847       4       Many::m1272 (14 bytes)
3231 3846       3       Many::m1272 (14 bytes)   made not entrant: not used
3233 3848       3       Many::m1273 (14 bytes)
3233 3849       4       Many::m1273 (14 bytes)
3233 3848       3       Many::m1273 (14 bytes)   made not entrant: not used
3235 3850       3       Many::m1274 (14 bytes)
3236 3851       4       Many::m1274 (14 bytes)
3236 3850       3       Many::m1274 (14 bytes)   made not entrant: not used
3238 3852       3       Many::m1275 (14 bytes)
3238 3853       4       Many::m1275 (14 bytes)
3238 3852       3       Many::m1275 (14 bytes)   made not entrant: not used
3240 3854       3       Many::m1276 (14 bytes)
3240 3855       4       Many::m1276 (14 bytes)
3240 3854       3       Many::m1276 (14 bytes)   made not entrant: not used
3242 3856       3       Many::m1277 (14 bytes)
3242 3857       4       Many::m1277 (14 bytes)
3243 3856       3       Many::m1277 (14 bytes)   made not entrant: not used
3245 3858       3       Many::m1278 (14 bytes)
3245 3859       4       Many::m1278 (14 bytes)
3245 3858       3       Many::m1278 (14 bytes)   made not entrant: not used
3247 3860       3       Many::m1279 (14 bytes)
3247 3861       4       Many::m1279 (14 bytes)
3247 3860       3       Many::m1279 (14 bytes)   made not entrant: not used
3249 3862       3       Many::m1280 (14 bytes)
3249 3863       4       Many::m1280 (14 bytes)
3249 3862       3       Many::m1280 (14 bytes)   made not entrant: not used
3252 3864       3       Many::m1281 (14 bytes)
3252 3865       4       Many::m1281 (14 bytes)
3252 3864       3       Many::m1281 (14 bytes)   made not entrant: not used
3254 3866       3       Many::m1282 (14 bytes)
3254 3867       4       Many::m1282 (14 bytes)
3254 3866       3       Many::m1282 (14 bytes)   made not entrant: not used
3256 3868       3       Many::m1283 (14 bytes)
3256 3869       4       Many::m1283 (14 bytes)
3256 3868       3       Many::m1283 (14 bytes)   made not entrant: not used
3258 3870       3       Many::m1284 (14 bytes)
3259 3871       4       Many::m1284 (14 bytes)
3259 3870       3       Many::m1284 (14 bytes)   made not entrant: not used
3261 3872       3       Many::m1285 (14 bytes)
3261 3873       4       Many::m1285 (14 bytes)
3261 3872       3       Many::m1285 (14 bytes)   made not entrant: not used
3263 3874       3       Many::m1286 (14 bytes)
3263 3875       4       Many::m1286 (14 bytes)
3263 3874       3       Many::m1286 (14 bytes)   made not entrant: not used
3265 3876       3       Many::m1287 (14 bytes)
3265 3877       4       Many::m1287 (14 bytes)
3266 3876       3       Many::m1287 (14 bytes)   made not entrant: not used
3268 3878       3       Many::m1288 (14 bytes)
3268 3879       4       Many::m1288 (14 bytes)
3268 3878       3       Many::m1288 (14 bytes)   made not entrant: not used
3270 3880       3       Many::m1289 (14 bytes)
3270 3881       4       Many::m1289 (14 bytes)
3270 3880       3       Many::m1289 (14 bytes)   made not entrant: not used
3272 3882       3       Many::m1290 (14 bytes)
3272 3883       4       Many::m1290 (14 bytes)
3272 3882       3       Many::m1290 (14 bytes)   made not entrant: not used
3275 3884       3       Many::m1291 (14 bytes)
3275 3885       4       Many::m1291 (14 bytes)
3275 3884       3       Many::m1291 (14 bytes)   made not entrant: not used
3277 3886       3       Many::m1292 (14 bytes)
3277 3887       4       Many::m1292 (14 bytes)
3277 3886       3       Many::m1292 (14 bytes)   made not entrant: not used
3279 3888       3       Many::m1293 (14 bytes)
3279 3889       4       Many::m1293 (14 bytes)
3279 3888       3       Many::m1293 (14 bytes)   made not entrant: not used
3281 3890       3       Many::m1294 (14 bytes)
3281 3891       4       Many::m1294 (14 bytes)
3282 3890       3       Many::m1294 (14 bytes)   made not entrant: not used
3284 3892       3       Many::m1295 (14 bytes)
3284 3893       4       Many::m1295 (14 bytes)
3284 3892       3       Many::m1295 (14 bytes)   made not entrant: not used
3286 3894       3       Many::m1296 (14 bytes)
3286 3895       4       Many::m1296 (14 bytes)
3286 3894       3       Many::m1296 (14 bytes)   made not entrant: not used
3288 3896       3       Many::m1297 (14 bytes)
3288 3897       4       Many::m1297 (14 bytes)
3289 3896       3       Many::m1297 (14 bytes)   made not entrant: not used
3291 3898       3       Many::m1298 (14 bytes)
3291 3899       4       Many::m1298 (14 bytes)
3291 3898       3       Many::m1298 (14 bytes)   made not entrant: not used
3293 3900       3       Many::m1299 (14 bytes)
3293 3901       4       Many::m1299 (14 bytes)
3293 3900       3       Many::m1299 (14 bytes)   made not entrant: not used
3295 3902       3       Many::m1300 (14 bytes)
3295 3903       4       Many::m1300 (14 bytes)
3295 3902       3       Many::m1300 (14 bytes)   made not entrant: not used
3297 3904       3       Many::m1301 (14 bytes)
3298 3905       4       Many::m1301 (14 bytes)
3298 3904       3       Many::m1301 (14 bytes)   made not entrant: not used
3300 3906       3       Many::m1302 (14 bytes)
3300 3907       4       Many::m1302 (14 bytes)
3300 3906       3       Many::m1302 (14 bytes)   made not entrant: not used
3302 3908       3       Many::m1303 (14 bytes)
3302 3909       4       Many::m1303 (14 bytes)
3302 3908       3       Many::m1303 (14 bytes)   made not entrant: not used
3304 3910       3       Many::m1304 (14 bytes)
3304 3911       4       Many::m1304 (14 bytes)
3305 3910       3       Many::m1304 (14 bytes)   made not entrant: not used
3307 3912       3       Many::m1305 (14 bytes)
3307 3913       4       Many::m1305 (14 bytes)
3307 3912       3       Many::m1305 (14 bytes)   made not entrant: not used
3309 3914       3       Many::m1306 (14 bytes)
3309 3915       4       Many::m1306 (14 bytes)
3309 3914       3       Many::m1306 (14 bytes)   made not entrant: not used
3311 3916       3       Many::m1307 (14 bytes)
3311 3917       4       Many::m1307 (14 bytes)
3311 3916       3       Many::m1307 (14 bytes)   made not entrant: not used
3313 3918       3       Many::m1308 (14 bytes)
3314 3919       4       Many::m1308 (14 bytes)
3314 3918       3       Many::m1308 (14 bytes)   made not entrant: not used
3316 3920       3       Many::m1309 (14 bytes)
3316 3921       4       Many::m1309 (14 bytes)
3316 3920       3       Many::m1309 (14 bytes)   made not entrant: not used
3318 3922       3       Many::m1310 (14 bytes)
3318 3923       4       Many::m1310 (14 bytes)
3318 3922       3       Many::m1310 (14 bytes)   made not entrant: not used
3320 3924       3       Many::m1311 (14 bytes)
3321 3925       4       Many::m1311 (14 bytes)
3321 3924       3       Many::m1311 (14 bytes)   made not entrant: not used
3323 3926       3       Many::m1312 (14 bytes)
3323 3927       4       Many::m1312 (14 bytes)
3323 3926       3       Many::m1312 (14 bytes)   made not entrant: not used
3325 3928       3       Many::m1313 (14 bytes)
3325 3929       4       Many::m1313 (14 bytes)
3325 3928       3       Many::m1313 (14 bytes)   made not entrant: not used
3327 3930       3       Many::m1314 (14 bytes)
3327 3931       4       Many::m1314 (14 bytes)
3328 3930       3       Many::m1314 (14 bytes)   made not entrant: not used
3330 3932       3       Many::m1315 (14 bytes)
3330 3933       4       Many::m1315 (14 bytes)
3330 3932       3       Many::m1315 (14 bytes)   made not entrant: not used
3332 3934       3       Many::m1316 (14 bytes)
3332 3935       4       Many::m1316 (14 bytes)
3332 3934       3       Many::m1316 (14 bytes)   made not entrant: not used
3334 3936       3       Many::m1317 (14 bytes)
3334 3937       4       Many::m1317 (14 bytes)
3335 3936       3       Many::m1317 (14 bytes)   made not entrant: not used
3337 3938       3       Many::m1318 (14 bytes)
3337 3939       4       Many::m1318 (14 bytes)
3337 3938       3       Many::m1318 (14 bytes)   made not entrant: not used
3339 3940       3       Many::m1319 (14 bytes)
3339 3941       4       Many::m1319 (14 bytes)
3339 3940       3       Many::m1319 (14 bytes)   made not entrant: not used
3341 3942       3       Many::m1320 (14 bytes)
3341 3943       4       Many::m1320 (14 bytes)
3341 3942       3       Many::m1320 (14 bytes)   made not entrant: not used
3343 3944       3       Many::m1321 (14 bytes)
3344 3945       4       Many::m1321 (14 bytes)
3344 3944       3       Many::m1321 (14 bytes)   made not entrant: not used
3346 3946       3       Many::m1322 (14 bytes)
3346 3947       4       Many::m1322 (14 bytes)
3346 3946       3       Many::m1322 (14 bytes)   made not entrant: not used
3348 3948       3       Many::m1323 (14 bytes)
3348 3949       4       Many::m1323 (14 bytes)
3348 3948       3       Many::m1323 (14 bytes)   made not entrant: not used
3350 3950       3       Many::m1324 (14 bytes)
3350 3951       4       Many::m1324 (14 bytes)
3351 3950       3       Many::m1324 (14 bytes)   made not entrant: not used
3353 3952       3       Many::m1325 (14 bytes)
3353 3953       4       Many::m1325 (14 bytes)
3353 3952       3       Many::m1325 (14 bytes)   made not entrant: not used
3355 3954       3       Many::m1326 (14 bytes)
3355 3955       4       Many::m1326 (14 bytes)
3355 3954       3       Many::m1326 (14 bytes)   made not entrant: not used
3357 3956       3       Many::m1327 (14 bytes)
3357 3957       4       Many::m1327 (14 bytes)
3357 3956       3       Many::m1327 (14 bytes)   made not entrant: not used
3360 3958       3       Many::m1328 (14 bytes)
3360 3959       4       Many::m1328 (14 bytes)
3360 3958       3       Many::m1328 (14 bytes)   made not entrant: not used
3362 3960       3       Many::m1329 (14 bytes)
3362 3961       4       Many::m1329 (14 bytes)
3362 3960       3       Many::m1329 (14 bytes)   made not entrant: not used
3364 3962       3       Many::m1330 (14 bytes)
3364 3963       4       Many::m1330 (14 bytes)
3364 3962       3       Many::m1330 (14 bytes)   made not entrant: not used
3367 3964       3       Many::m1331 (14 bytes)
3367 3965       4       Many::m1331 (14 bytes)
3367 3964       3       Many::m1331 (14 bytes)   made not entrant: not used
3369 3966       3       Many::m1332 (14 bytes)
3369 3967       4       Many::m1332 (14 bytes)
3369 3966       3       Many::m1332 (14 bytes)   made not entrant: not used
3371 3968       3       Many::m1333 (14 bytes)
3371 3969       4       Many::m1333 (14 bytes)
3371 3968       3       Many::m1333 (14 bytes)   made not entrant: not used
3373 3970       3       Many::m1334 (14 bytes)
3374 3971       4       Many::m1334 (14 bytes)
3374 3970       3       Many::m1334 (14 bytes)   made not entrant: not used
3376 3972       3       Many::m1335 (14 bytes)
3376 3973       4       Many::m1335 (14 bytes)
3376 3972       3       Many::m1335 (14 bytes)   made not entrant: not used
3378 3974       3       Many::m1336 (14 bytes)
3378 3975       4       Many::m1336 (14 bytes)
3378 3974       3       Many::m1336 (14 bytes)   made not entrant: not used
3380 3976       3       Many::m1337 (14 bytes)
3381 3977       4       Many::m1337 (14 bytes)
3381 3976       3       Many::m1337 (14 bytes)   made not entrant: not used
3383 3978       3       Many::m1338 (14 bytes)
3383 3979       4       Many::m1338 (14 bytes)
3383 3978       3       Many::m1338 (14 bytes)   made not entrant: not used
3385 3980       3       Many::m1339 (14 bytes)
3385 3981       4       Many::m1339 (14 bytes)
3385 3980       3       Many::m1339 (14 bytes)   made not entrant: not used
3387 3982       3       Many::m1340 (14 bytes)
3387 3983       4       Many::m1340 (14 bytes)
3388 3982       3       Many::m1340 (14 bytes)   made not entrant: not used
3390 3984       3       Many::m1341 (14 bytes)
3390 3985       4       Many::m1341 (14 bytes)
3390 3984       3       Many::m1341 (14 bytes)   made not entrant: not used
3392 3986       3       Many::m1342 (14 bytes)
3392 3987       4       Many::m1342 (14 bytes)
3392 3986       3       Many::m1342 (14 bytes)   made not entrant: not used
3394 3988       3       Many::m1343 (14 bytes)
3394 3989       4       Many::m1343 (14 bytes)
3394 3988       3       Many::m1343 (14 bytes)   made not entrant: not used
3396 3990       3       Many::m1344 (14 bytes)
3397 3991       4       Many::m1344 (14 bytes)
3397 3990       3       Many::m1344 (14 bytes)   made not entrant: not used
3399 3992       3       Many::m1345 (14 bytes)
3399 3993       4       Many::m1345 (14 bytes)
3399 3992       3       Many::m1345 (14 bytes)   made not entrant: not used
3401 3994       3       Many::m1346 (14 bytes)
3401 3995       4       Many::m1346 (14 bytes)
3401 3994       3       Many::m1346 (14 bytes)   made not entrant: not used
3404 3996       3       Many::m1347 (14 bytes)
3404 3997       4       Many::m1347 (14 bytes)
3404 3996       3       Many::m1347 (14 bytes)   made not entrant: not used
3406 3998       3       Many::m1348 (14 bytes)
3406 3999       4       Many::m1348 (14 bytes)
3406 3998       3       Many::m1348 (14 bytes)   made not entrant: not used
3408 4000       3       Many::m1349 (14 bytes)
3408 4001       4       Many::m1349 (14 bytes)
3408 4000       3       Many::m1349 (14 bytes)   made not entrant: not used
3410 4002       3       Many::m1350 (14 bytes)
3411 4003       4       Many::m1350 (14 bytes)
3411 4002       3       Many::m1350 (14 bytes)   made not entrant: not used
3413 4004       3       Many::m1351 (14 bytes)
3413 4005       4       Many::m1351 (14 bytes)
3413 4004       3       Many::m1351 (14 bytes)   made not entrant: not used
3415 4006       3       Many::m1352 (14 bytes)
3415 4007       4       Many::m1352 (14 bytes)
3415 4006       3       Many::m1352 (14 bytes)   made not entrant: not used
3417 4008       3       Many::m1353 (14 bytes)
3417 4009       4       Many::m1353 (14 bytes)
3418 4008       3       Many::m1353 (14 bytes)   made not entrant: not used
3420 4010       3       Many::m1354 (14 bytes)
3420 4011       4       Many::m1354 (14 bytes)
3420 4010       3       Many::m1354 (14 bytes)   made not entrant: not used
3422 4012       3       Many::m1355 (14 bytes)
3422 4013       4       Many::m1355 (14 bytes)
3422 4012       3       Many::m1355 (14 bytes)   made not entrant: not used
3424 4014       3       Many::m1356 (14 bytes)
3424 4015       4       Many::m1356 (14 bytes)
3425 4014       3       Many::m1356 (14 bytes)   made not entrant: not used
3427 4016       3       Many::m1357 (14 bytes)
3427 4017       4       Many::m1357 (14 bytes)
3427 4016       3       Many::m1357 (14 bytes)   made not entrant: not used
3429 4018       3       Many::m1358 (14 bytes)
3429 4019       4       Many::m1358 (14 bytes)
3429 4018       3       Many::m1358 (14 bytes)   made not entrant: not used
3431 4020       3       Many::m1359 (14 bytes)
3431 4021       4       Many::m1359 (14 bytes)
3431 4020       3       Many::m1359 (14 bytes)   made not entrant: not used
3433 4022       3       Many::m1360 (14 bytes)
3434 4023       4       Many::m1360 (14 bytes)
3434 4022       3       Many::m1360 (14 bytes)   made not entrant: not used
3436 4024       3       Many::m1361 (14 bytes)
3436 4025       4       Many::m1361 (14 bytes)
3436 4024       3       Many::m1361 (14 bytes)   made not entrant: not used
3438 4026       3       Many::m1362 (14 bytes)
3438 4027       4       Many::m1362 (14 bytes)
3438 4026       3       Many::m1362 (14 bytes)   made not entrant: not used
3440 4028       3       Many::m1363 (14 bytes)
3440 4029       4       Many::m1363 (14 bytes)
3441 4028       3       Many::m1363 (14 bytes)   made not entrant: not used
3443 4030       3       Many::m1364 (14 bytes)
3443 4031       4       Many::m1364 (14 bytes)
3443 4030       3       Many::m1364 (14 bytes)   made not entrant: not used
3445 4032       3       Many::m1365 (14 bytes)
3445 4033       4       Many::m1365 (14 bytes)
3445 4032       3       Many::m1365 (14 bytes)   made not entrant: not used
3447 4034       3       Many::m1366 (14 bytes)
3447 4035       4       Many::m1366 (14 bytes)
3448 4034       3       Many::m1366 (14 bytes)   made not entrant: not used
3450 4036       3       Many::m1367 (14 bytes)
3450 4037       4       Many::m1367 (14 bytes)
3450 4036       3       Many::m1367 (14 bytes)   made not entrant: not used
3452 4038       3       Many::m1368 (14 bytes)
3452 4039       4       Many::m1368 (14 bytes)
3452 4038       3       Many::m1368 (14 bytes)   made not entrant: not used
3454 4040       3       Many::m1369 (14 bytes)
3454 4041       4       Many::m1369 (14 bytes)
3454 4040       3       Many::m1369 (14 bytes)   made not entrant: not used
3456 4042       3       Many::m1370 (14 bytes)
3457 4043       4       Many::m1370 (14 bytes)
3457 4042       3       Many::m1370 (14 bytes)   made not entrant: not used
3459 4044       3       Many::m1371 (14 bytes)
3459 4045       4       Many::m1371 (14 bytes)
3459 4044       3       Many::m1371 (14 bytes)   made not entrant: not used
3461 4046       3       Many::m1372 (14 bytes)
3461 4047       4       Many::m1372 (14 bytes)
3461 4046       3       Many::m1372 (14 bytes)   made not entrant: not used
3463 4048       3       Many::m1373 (14 bytes)
3463 4049       4       Many::m1373 (14 bytes)
3464 4048       3       Many::m1373 (14 bytes)   made not entrant: not used
3466 4050       3       Many::m1374 (14 bytes)
3466 4051       4       Many::m1374 (14 bytes)
3466 4050       3       Many::m1374 (14 bytes)   made not entrant: not used
3468 4052       3       Many::m1375 (14 bytes)
3468 4053       4       Many::m1375 (14 bytes)
3468 4052       3       Many::m1375 (14 bytes)   made not entrant: not used
3470 4054       3       Many::m1376 (14 bytes)
3470 4055       4       Many::m1376 (14 bytes)
3470 4054       3       Many::m1376 (14 bytes)   made not entrant: not used
3472 4056       3       Many::m1377 (14 bytes)
3473 4057       4       Many::m1377 (14 bytes)
3473 4056       3       Many::m1377 (14 bytes)   made not entrant: not used
3475 4058       3       Many::m1378 (14 bytes)
3475 4059       4       Many::m1378 (14 bytes)
3475 4058       3       Many::m1378 (14 bytes)   made not entrant: not used
3477 4060       3       Many::m1379 (14 bytes)
3477 4061       4       Many::m1379 (14 bytes)
3477 4060       3       Many::m1379 (14 bytes)   made not entrant: not used
3479 4062       3       Many::m1380 (14 bytes)
3480 4063       4       Many::m1380 (14 bytes)
3480 4062       3       Many::m1380 (14 bytes)   made not entrant: not used
3482 4064       3       Many::m1381 (14 bytes)
3482 4065       4       Many::m1381 (14 bytes)
3482 4064       3       Many::m1381 (14 bytes)   made not entrant: not used
3484 4066       3       Many::m1382 (14 bytes)
3484 4067       4       Many::m1382 (14 bytes)
3484 4066       3       Many::m1382 (14 bytes)   made not entrant: not used
3486 4068       3       Many::m1383 (14 bytes)
3487 4069       4       Many::m1383 (14 bytes)
3487 4068       3       Many::m1383 (14 bytes)   made not entrant: not used
3489 4070       3       Many::m1384 (14 bytes)
3489 4071       4       Many::m1384 (14 bytes)
3489 4070       3       Many::m1384 (14 bytes)   made not entrant: not used
3491 4072       3       Many::m1385 (14 bytes)
3491 4073       4       Many::m1385 (14 bytes)
3491 4072       3       Many::m1385 (14 bytes)   made not entrant: not used
3493 4074       3       Many::m1386 (14 bytes)
3493 4075       4       Many::m1386 (14 bytes)
3494 4074       3       Many::m1386 (14 bytes)   made not entrant: not used
3496 4076       3       Many::m1387 (14 bytes)
3496 4077       4       Many::m1387 (14 bytes)
3496 4076       3       Many::m1387 (14 bytes)   made not entrant: not used
3498 4078       3       Many::m1388 (14 bytes)
3498 4079       4       Many::m1388 (14 bytes)
3498 4078       3       Many::m1388 (14 bytes)   made not entrant: not used
3500 4080       3       Many::m1389 (14 bytes)
3500 4081       4       Many::m1389 (14 bytes)
3500 4080       3       Many::m1389 (14 bytes)   made not entrant: not used
3502 4082       3       Many::m1390 (14 bytes)
3503 4083       4       Many::m1390 (14 bytes)
3503 4082       3       Many::m1390 (14 bytes)   made not entrant: not used
3505 4084       3       Many::m1391 (14 bytes)
3505 4085       4       Many::m1391 (14 bytes)
3505 4084       3       Many::m1391 (14 bytes)   made not entrant: not used
3507 4086       3       Many::m1392 (14 bytes)
3507 4087       4       Many::m1392 (14 bytes)
3507 4086       3       Many::m1392 (14 bytes)   made not entrant: not used
3509 4088       3       Many::m1393 (14 bytes)
3509 4089       4       Many::m1393 (14 bytes)
3510 4088       3       Many::m1393 (14 bytes)   made not entrant: not used
3512 4090       3       Many::m1394 (14 bytes)
3512 4091       4       Many::m1394 (14 bytes)
3512 4090       3       Many::m1394 (14 bytes)   made not entrant: not used
3514 4092       3       Many::m1395 (14 bytes)
3514 4093       4       Many::m1395 (14 bytes)
3514 4092       3       Many::m1395 (14 bytes)   made not entrant: not used
3516 4094       3       Many::m1396 (14 bytes)
3516 4095       4       Many::m1396 (14 bytes)
3517 4094       3       Many::m1396 (14 bytes)   made not entrant: not used
3519 4096       3       Many::m1397 (14 bytes)
3519 4097       4       Many::m1397 (14 bytes)
3519 4096       3       Many::m1397 (14 bytes)   made not entrant: not used
3521 4098       3       Many::m1398 (14 bytes)
3521 4099       4       Many::m1398 (14 bytes)
3521 4098       3       Many::m1398 (14 bytes)   made not entrant: not used
3523 4100       3       Many::m1399 (14 bytes)
3523 4101       4       Many::m1399 (14 bytes)
3523 4100       3       Many::m1399 (14 bytes)   made not entrant: not used
3525 4102       3       Many::m1400 (14 bytes)
3526 4103       4       Many::m1400 (14 bytes)
3526 4102       3       Many::m1400 (14 bytes)   made not entrant: not used
3528 4104       3       Many::m1401 (14 bytes)
3528 4105       4       Many::m1401 (14 bytes)
3528 4104       3       Many::m1401 (14 bytes)   made not entrant: not used
3530 4106       3       Many::m1402 (14 bytes)
3530 4107       4       Many::m1402 (14 bytes)
3530 4106       3       Many::m1402 (14 bytes)   made not entrant: not used
3532 4108       3       Many::m1403 (14 bytes)
3533 4109       4       Many::m1403 (14 bytes)
3533 4108       3       Many::m1403 (14 bytes)   made not entrant: not used
3535 4110       3       Many::m1404 (14 bytes)
3535 4111       4       Many::m1404 (14 bytes)
3535 4110       3       Many::m1404 (14 bytes)   made not entrant: not used
3537 4112       3       Many::m1405 (14 bytes)
3537 4113       4       Many::m1405 (14 bytes)
3537 4112       3       Many::m1405 (14 bytes)   made not entrant: not used
3539 4114       3       Many::m1406 (14 bytes)
3539 4115       4       Many::m1406 (14 bytes)
3540 4114       3       Many::m1406 (14 bytes)   made not entrant: not used
3542 4116       3       Many::m1407 (14 bytes)
3542 4117       4       Many::m1407 (14 bytes)
3542 4116       3       Many::m1407 (14 bytes)   made not entrant: not used
3544 4118       3       Many::m1408 (14 bytes)
3544 4119       4       Many::m1408 (14 bytes)
3544 4118       3       Many::m1408 (14 bytes)   made not entrant: not used
3546 4120       3       Many::m1409 (14 bytes)
3546 4121       4       Many::m1409 (14 bytes)
3546 4120       3       Many::m1409 (14 bytes)   made not entrant: not used
3548 4122       3       Many::m1410 (14 bytes)
3549 4123       4       Many::m1410 (14 bytes)
3549 4122       3       Many::m1410 (14 bytes)   made not entrant: not used
3551 4124       3       Many::m1411 (14 bytes)
3551 4125       4       Many::m1411 (14 bytes)
3551 4124       3       Many::m1411 (14 bytes)   made not entrant: not used
3553 4126       3       Many::m1412 (14 bytes)
3553 4127       4       Many::m1412 (14 bytes)
3553 4126       3       Many::m1412 (14 bytes)   made not entrant: not used
3555 4128       3       Many::m1413 (14 bytes)
3556 4129       4       Many::m1413 (14 bytes)
3556 4128       3       Many::m1413 (14 bytes)   made not entrant: not used
3558 4130       3       Many::m1414 (14 bytes)
3558 4131       4       Many::m1414 (14 bytes)
3558 4130       3       Many::m1414 (14 bytes)   made not entrant: not used
3560 4132       3       Many::m1415 (14 bytes)
3560 4133       4       Many::m1415 (14 bytes)
3560 4132       3       Many::m1415 (14 bytes)   made not entrant: not used
3562 4134       3       Many::m1416 (14 bytes)
3562 4135       4       Many::m1416 (14 bytes)
3563 4134       3       Many::m1416 (14 bytes)   made not entrant: not used
3565 4136       3       Many::m1417 (14 bytes)
3565 4137       4       Many::m1417 (14 bytes)
3565 4136       3       Many::m1417 (14 bytes)   made not entrant: not used
3567 4138       3       Many::m1418 (14 bytes)
3567 4139       4       Many::m1418 (14 bytes)
3567 4138       3       Many::m1418 (14 bytes)   made not entrant: not used
3569 4140       3       Many::m1419 (14 bytes)
3569 4141       4       Many::m1419 (14 bytes)
3570 4140       3       Many::m1419 (14 bytes)   made not entrant: not used
3572 4142       3       Many::m1420 (14 bytes)
3572 4143       4       Many::m1420 (14 bytes)
3572 4142       3       Many::m1420 (14 bytes)   made not entrant: not used
3574 4144       3       Many::m1421 (14 bytes)
3574 4145       4       Many::m1421 (14 bytes)
3574 4144       3       Many::m1421 (14 bytes)   made not entrant: not used
3576 4146       3       Many::m1422 (14 bytes)
3576 4147       4       Many::m1422 (14 bytes)
3576 4146       3       Many::m1422 (14 bytes)   made not entrant: not used
3578 4148       3       Many::m1423 (14 bytes)
3579 4149       4       Many::m1423 (14 bytes)
3579 4148       3       Many::m1423 (14 bytes)   made not entrant: not used
3581 4150       3       Many::m1424 (14 bytes)
3581 4151       4       Many::m1424 (14 bytes)
3581 4150       3       Many::m1424 (14 bytes)   made not entrant: not used
3583 4152       3       Many::m1425 (14 bytes)
3583 4153       4       Many::m1425 (14 bytes)
3584 4152       3       Many::m1425 (14 bytes)   made not entrant: not used
3586 4154       3       Many::m1426 (14 bytes)
3586 4155       4       Many::m1426 (14 bytes)
3586 4154       3       Many::m1426 (14 bytes)   made not entrant: not used
3588 4156       3       Many::m1427 (14 bytes)
3588 4157       4       Many::m1427 (14 bytes)
3588 4156       3       Many::m1427 (14 bytes)   made not entrant: not used
3590 4158       3       Many::m1428 (14 bytes)
3590 4159       4       Many::m1428 (14 bytes)
3590 4158       3       Many::m1428 (14 bytes)   made not entrant: not used
3592 4160       3       Many::m1429 (14 bytes)
3593 4161       4       Many::m1429 (14 bytes)
3593 4160       3       Many::m1429 (14 bytes)   made not entrant: not used
3595 4162       3       Many::m1430 (14 bytes)
3595 4163       4       Many::m1430 (14 bytes)
3595 4162       3       Many::m1430 (14 bytes)   made not entrant: not used
3597 4164       3       Many::m1431 (14 bytes)
3597 4165       4       Many::m1431 (14 bytes)
3597 4164       3       Many::m1431 (14 bytes)   made not entrant: not used
3599 4166       3       Many::m1432 (14 bytes)
3600 4167       4       Many::m1432 (14 bytes)
3600 4166       3       Many::m1432 (14 bytes)   made not entrant: not used
3602 4168       3       Many::m1433 (14 bytes)
3602 4169       4       Many::m1433 (14 bytes)
3602 4168       3       Many::m1433 (14 bytes)   made not entrant: not used
3604 4170       3       Many::m1434 (14 bytes)
3604 4171       4       Many::m1434 (14 bytes)
3604 4170       3       Many::m1434 (14 bytes)   made not entrant: not used
3606 4172       3       Many::m1435 (14 bytes)
3607 4173       4       Many::m1435 (14 bytes)
3607 4172       3       Many::m1435 (14 bytes)   made not entrant: not used
3609 4174       3       Many::m1436 (14 bytes)
3609 4175       4       Many::m1436 (14 bytes)
3609 4174       3       Many::m1436 (14 bytes)   made not entrant: not used
3611 4176       3       Many::m1437 (14 bytes)
3611 4177       4       Many::m1437 (14 bytes)
3611 4176       3       Many::m1437 (14 bytes)   made not entrant: not used
3613 4178       3       Many::m1438 (14 bytes)
3613 4179       4       Many::m1438 (14 bytes)
3614 4178       3       Many::m1438 (14 bytes)   made not entrant: not used
3616 4180       3       Many::m1439 (14 bytes)
3616 4181       4       Many::m1439 (14 bytes)
3616 4180       3       Many::m1439 (14 bytes)   made not entrant: not used
3618 4182       3       Many::m1440 (14 bytes)
3618 4183       4       Many::m1440 (14 bytes)
3618 4182       3       Many::m1440 (14 bytes)   made not entrant: not used
3620 4184       3       Many::m1441 (14 bytes)
3620 4185       4       Many::m1441 (14 bytes)
3620 4184       3       Many::m1441 (14 bytes)   made not entrant: not used
3622 4186       3       Many::m1442 (14 bytes)
3623 4187       4       Many::m1442 (14 bytes)
3623 4186       3       Many::m1442 (14 bytes)   made not entrant: not used
3625 4188       3       Many::m1443 (14 bytes)
3625 4189       4       Many::m1443 (14 bytes)
3625 4188       3       Many::m1443 (14 bytes)   made not entrant: not used
3627 4190       3       Many::m1444 (14 bytes)
3627 4191       4       Many::m1444 (14 bytes)
3627 4190       3       Many::m1444 (14 bytes)   made not entrant: not used
3629 4192       3       Many::m1445 (14 bytes)
3630 4193       4       Many::m1445 (14 bytes)
3630 4192       3       Many::m1445 (14 bytes)   made not entrant: not used
3632 4194       3       Many::m1446 (14 bytes)
3632 4195       4       Many::m1446 (14 bytes)
3632 4194       3       Many::m1446 (14 bytes)   made not entrant: not used
3634 4196       3       Many::m1447 (14 bytes)
3634 4197       4       Many::m1447 (14 bytes)
3634 4196       3       Many::m1447 (14 bytes)   made not entrant: not used
3636 4198       3       Many::m1448 (14 bytes)
3637 4199       4       Many::m1448 (14 bytes)
3637 4198       3       Many::m1448 (14 bytes)   made not entrant: not used
3639 4200       3       Many::m1449 (14 bytes)
3639 4201       4       Many::m1449 (14 bytes)
3639 4200       3       Many::m1449 (14 bytes)   made not entrant: not used
3641 4202       3       Many::m1450 (14 bytes)
3641 4203       4       Many::m1450 (14 bytes)
3641 4202       3       Many::m1450 (14 bytes)   made not entrant: not used
3643 4204       3       Many::m1451 (14 bytes)
3643 4205       4       Many::m1451 (14 bytes)
3644 4204       3       Many::m1451 (14 bytes)   made not entrant: not used
3646 4206       3       Many::m1452 (14 bytes)
3646 4207       4       Many::m1452 (14 bytes)
3646 4206       3       Many::m1452 (14 bytes)   made not entrant: not used
3648 4208       3       Many::m1453 (14 bytes)
3648 4209       4       Many::m1453 (14 bytes)
3648 4208       3       Many::m1453 (14 bytes)   made not entrant: not used
3650 4210       3       Many::m1454 (14 bytes)
3650 4211       4       Many::m1454 (14 bytes)
3650 4210       3       Many::m1454 (14 bytes)   made not entrant: not used
3652 4212       3       Many::m1455 (14 bytes)
3653 4213       4       Many::m1455 (14 bytes)
3653 4212       3       Many::m1455 (14 bytes)   made not entrant: not used
3655 4214       3       Many::m1456 (14 bytes)
3655 4215       4       Many::m1456 (14 bytes)
3655 4214       3       Many::m1456 (14 bytes)   made not entrant: not used
3657 4216       3       Many::m1457 (14 bytes)
3657 4217       4       Many::m1457 (14 bytes)
3657 4216       3       Many::m1457 (14 bytes)   made not entrant: not used
3659 4218       3       Many::m1458 (14 bytes)
3660 4219       4       Many::m1458 (14 bytes)
3660 4218       3       Many::m1458 (14 bytes)   made not entrant: not used
3662 4220       3       Many::m1459 (14 bytes)
3662 4221       4       Many::m1459 (14 bytes)
3662 4220       3       Many::m1459 (14 bytes)   made not entrant: not used
3664 4222       3       Many::m1460 (14 bytes)
3664 4223       4       Many::m1460 (14 bytes)
3664 4222       3       Many::m1460 (14 bytes)   made not entrant: not used
3666 4224       3       Many::m1461 (14 bytes)
3666 4225       4       Many::m1461 (14 bytes)
3667 4224       3       Many::m1461 (14 bytes)   made not entrant: not used
3669 4226       3       Many::m1462 (14 bytes)
3669 4227       4       Many::m1462 (14 bytes)
3669 4226       3       Many::m1462 (14 bytes)   made not entrant: not used
3671 4228       3       Many::m1463 (14 bytes)
3671 4229       4       Many::m1463 (14 bytes)
3671 4228       3       Many::m1463 (14 bytes)   made not entrant: not used
3673 4230       3       Many::m1464 (14 bytes)
3673 4231       4       Many::m1464 (14 bytes)
3673 4230       3       Many::m1464 (14 bytes)   made not entrant: not used
3675 4232       3       Many::m1465 (14 bytes)
3676 4233       4       Many::m1465 (14 bytes)
3676 4232       3       Many::m1465 (14 bytes)   made not entrant: not used
3678 4234       3       Many::m1466 (14 bytes)
3678 4235       4       Many::m1466 (14 bytes)
3678 4234       3       Many::m1466 (14 bytes)   made not entrant: not used
3680 4236       3       Many::m1467 (14 bytes)
3680 4237       4       Many::m1467 (14 bytes)
3680 4236       3       Many::m1467 (14 bytes)   made not entrant: not used
3682 4238       3       Many::m1468 (14 bytes)
3683 4239       4       Many::m1468 (14 bytes)
3683 4238       3       Many::m1468 (14 bytes)   made not entrant: not used
3685 4240       3       Many::m1469 (14 bytes)
3685 4241       4       Many::m1469 (14 bytes)
3685 4240       3       Many::m1469 (14 bytes)   made not entrant: not used
3687 4242       3       Many::m1470 (14 bytes)
3687 4243       4       Many::m1470 (14 bytes)
3687 4242       3       Many::m1470 (14 bytes)   made not entrant: not used
3689 4244       3       Many::m1471 (14 bytes)
3689 4245       4       Many::m1471 (14 bytes)
3690 4244       3       Many::m1471 (14 bytes)   made not entrant: not used
3692 4246       3       Many::m1472 (14 bytes)
3692 4247       4       Many::m1472 (14 bytes)
3692 4246       3       Many::m1472 (14 bytes)   made not entrant: not used
3694 4248       3       Many::m1473 (14 bytes)
3694 4249       4       Many::m1473 (14 bytes)
3694 4248       3       Many::m1473 (14 bytes)   made not entrant: not used
3696 4250       3       Many::m1474 (14 bytes)
3696 4251       4       Many::m1474 (14 bytes)
3696 4250       3       Many::m1474 (14 bytes)   made not entrant: not used
3698 4252       3       Many::m1475 (14 bytes)
3699 4253       4       Many::m1475 (14 bytes)
3699 4252       3       Many::m1475 (14 bytes)   made not entrant: not used
3701 4254       3       Many::m1476 (14 bytes)
3701 4255       4       Many::m1476 (14 bytes)
3701 4254       3       Many::m1476 (14 bytes)   made not entrant: not used
3703 4256       3       Many::m1477 (14 bytes)
3703 4257       4       Many::m1477 (14 bytes)
3703 4256       3       Many::m1477 (14 bytes)   made not entrant: not used
3705 4258       3       Many::m1478 (14 bytes)
3706 4259       4       Many::m1478 (14 bytes)
3706 4258       3       Many::m1478 (14 bytes)   made not entrant: not used
3708 4260       3       Many::m1479 (14 bytes)
3708 4261       4       Many::m1479 (14 bytes)
3708 4260       3       Many::m1479 (14 bytes)   made not entrant: not used
3710 4262       3       Many::m1480 (14 bytes)
3710 4263       4       Many::m1480 (14 bytes)
3710 4262       3       Many::m1480 (14 bytes)   made not entrant: not used
3712 4264       3       Many::m1481 (14 bytes)
3712 4265       4       Many::m1481 (14 bytes)
3713 4264       3       Many::m1481 (14 bytes)   made not entrant: not used
3715 4266       3       Many::m1482 (14 bytes)
3715 4267       4       Many::m1482 (14 bytes)
3715 4266       3       Many::m1482 (14 bytes)   made not entrant: not used
3717 4268       3       Many::m1483 (14 bytes)
3717 4269       4       Many::m1483 (14 bytes)
3717 4268       3       Many::m1483 (14 bytes)   made not entrant: not used
3719 4270       3       Many::m1484 (14 bytes)
3719 4271       4       Many::m1484 (14 bytes)
3720 4270       3       Many::m1484 (14 bytes)   made not entrant: not used
3722 4272       3       Many::m1485 (14 bytes)
3722 4273       4       Many::m1485 (14 bytes)
3722 4272       3       Many::m1485 (14 bytes)   made not entrant: not used
3724 4274       3       Many::m1486 (14 bytes)
3724 4275       4       Many::m1486 (14 bytes)
3724 4274       3       Many::m1486 (14 bytes)   made not entrant: not used
3726 4276       3       Many::m1487 (14 bytes)
3726 4277       4       Many::m1487 (14 bytes)
3726 4276       3       Many::m1487 (14 bytes)   made not entrant: not used
3728 4278       3       Many::m1488 (14 bytes)
3729 4279       4       Many::m1488 (14 bytes)
3729 4278       3       Many::m1488 (14 bytes)   made not entrant: not used
3731 4280       3       Many::m1489 (14 bytes)
3731 4281       4       Many::m1489 (14 bytes)
3731 4280       3       Many::m1489 (14 bytes)   made not entrant: not used
3733 4282       3       Many::m1490 (14 bytes)
3733 4283       4       Many::m1490 (14 bytes)
3733 4282       3       Many::m1490 (14 bytes)   made not entrant: not used
3735 4284       3       Many::m1491 (14 bytes)
3736 4285       4       Many::m1491 (14 bytes)
3736 4284       3       Many::m1491 (14 bytes)   made not entrant: not used
3738 4286       3       Many::m1492 (14 bytes)
3738 4287       4       Many::m1492 (14 bytes)
3738 4286       3       Many::m1492 (14 bytes)   made not entrant: not used
3740 4288       3       Many::m1493 (14 bytes)
3740 4289       4       Many::m1493 (14 bytes)
3740 4288       3       Many::m1493 (14 bytes)   made not entrant: not used
3742 4290       3       Many::m1494 (14 bytes)
3743 4291       4       Many::m1494 (14 bytes)
3743 4290       3       Many::m1494 (14 bytes)   made not entrant: not used
3745 4292       3       Many::m1495 (14 bytes)
3745 4293       4       Many::m1495 (14 bytes)
3745 4292       3       Many::m1495 (14 bytes)   made not entrant: not used
3747 4294       3       Many::m1496 (14 bytes)
3747 4295       4       Many::m1496 (14 bytes)
3747 4294       3       Many::m1496 (14 bytes)   made not entrant: not used
3749 4296       3       Many::m1497 (14 bytes)
3749 4297       4       Many::m1497 (14 bytes)
3750 4296       3       Many::m1497 (14 bytes)   made not entrant: not used
3752 4298       3       Many::m1498 (14 bytes)
3752 4299       4       Many::m1498 (14 bytes)
3752 4298       3       Many::m1498 (14 bytes)   made not entrant: not used
3754 4300       3       Many::m1499 (14 bytes)
3754 4301       4       Many::m1499 (14 bytes)
3754 4300       3       Many::m1499 (14 bytes)   made not entrant: not used
3756 4302       3       Many::m1500 (14 bytes)
3756 4303       4       Many::m1500 (14 bytes)
3756 4302       3       Many::m1500 (14 bytes)   made not entrant: not used
3758 4304       3       Many::m1501 (14 bytes)
3759 4305       4       Many::m1501 (14 bytes)
3759 4304       3       Many::m1501 (14 bytes)   made not entrant: not used
3761 4306       3       Many::m1502 (14 bytes)
3761 4307       4       Many::m1502 (14 bytes)
3761 4306       3       Many::m1502 (14 bytes)   made not entrant: not used
3763 4308       3       Many::m1503 (14 bytes)
3763 4309       4       Many::m1503 (14 bytes)
3763 4308       3       Many::m1503 (14 bytes)   made not entrant: not used
3765 4310       3       Many::m1504 (14 bytes)
3765 4311       4       Many::m1504 (14 bytes)
3766 4310       3       Many::m1504 (14 bytes)   made not entrant: not used
3768 4312       3       Many::m1505 (14 bytes)
3768 4313       4       Many::m1505 (14 bytes)
3768 4312       3       Many::m1505 (14 bytes)   made not entrant: not used
3770 4314       3       Many::m1506 (14 bytes)
3770 4315       4       Many::m1506 (14 bytes)
3770 4314       3       Many::m1506 (14 bytes)   made not entrant: not used
3772 4316       3       Many::m1507 (14 bytes)
3772 4317       4       Many::m1507 (14 bytes)
3772 4316       3       Many::m1507 (14 bytes)   made not entrant: not used
3774 4318       3       Many::m1508 (14 bytes)
3775 4319       4       Many::m1508 (14 bytes)
3775 4318       3       Many::m1508 (14 bytes)   made not entrant: not used
3777 4320       3       Many::m1509 (14 bytes)
3777 4321       4       Many::m1509 (14 bytes)
3777 4320       3       Many::m1509 (14 bytes)   made not entrant: not used
3779 4322       3       Many::m1510 (14 bytes)
3779 4323       4       Many::m1510 (14 bytes)
3779 4322       3       Many::m1510 (14 bytes)   made not entrant: not used
3781 4324       3       Many::m1511 (14 bytes)
3781 4325       4       Many::m1511 (14 bytes)
3782 4324       3       Many::m1511 (14 bytes)   made not entrant: not used
3784 4326       3       Many::m1512 (14 bytes)
3784 4327       4       Many::m1512 (14 bytes)
3784 4326       3       Many::m1512 (14 bytes)   made not entrant: not used
3786 4328       3       Many::m1513 (14 bytes)
3786 4329       4       Many::m1513 (14 bytes)
3786 4328       3       Many::m1513 (14 bytes)   made not entrant: not used
3788 4330       3       Many::m1514 (14 bytes)
3789 4331       4       Many::m1514 (14 bytes)
3789 4330       3       Many::m1514 (14 bytes)   made not entrant: not used
3791 4332       3       Many::m1515 (14 bytes)
3791 4333       4       Many::m1515 (14 bytes)
3791 4332       3       Many::m1515 (14 bytes)   made not entrant: not used
3793 4334       3       Many::m1516 (14 bytes)
3793 4335       4       Many::m1516 (14 bytes)
3793 4334       3       Many::m1516 (14 bytes)   made not entrant: not used
3795 4336       3       Many::m1517 (14 bytes)
3795 4337       4       Many::m1517 (14 bytes)
3796 4336       3       Many::m1517 (14 bytes)   made not entrant: not used
3798 4338       3       Many::m1518 (14 bytes)
3798 4339       4       Many::m1518 (14 bytes)
3798 4338       3       Many::m1518 (14 bytes)   made not entrant: not used
3800 4340       3       Many::m1519 (14 bytes)
3800 4341       4       Many::m1519 (14 bytes)
3800 4340       3       Many::m1519 (14 bytes)   made not entrant: not used
3802 4342       3       Many::m1520 (14 bytes)
3802 4343       4       Many::m1520 (14 bytes)
3802 4342       3       Many::m1520 (14 bytes)   made not entrant: not used
3804 4344       3       Many::m1521 (14 bytes)
3805 4345       4       Many::m1521 (14 bytes)
3805 4344       3       Many::m1521 (14 bytes)   made not entrant: not used
3807 4346       3       Many::m1522 (14 bytes)
3807 4347       4       Many::m1522 (14 bytes)
3807 4346       3       Many::m1522 (14 bytes)   made not entrant: not used
3809 4348       3       Many::m1523 (14 bytes)
3809 4349       4       Many::m1523 (14 bytes)
3809 4348       3       Many::m1523 (14 bytes)   made not entrant: not used
3811 4350       3       Many::m1524 (14 bytes)
3811 4351       4       Many::m1524 (14 bytes)
3812 4350       3       Many::m1524 (14 bytes)   made not entrant: not used
3814 4352       3       Many::m1525 (14 bytes)
3814 4353       4       Many::m1525 (14 bytes)
3814 4352       3       Many::m1525 (14 bytes)   made not entrant: not used
3816 4354       3       Many::m1526 (14 bytes)
3816 4355       4       Many::m1526 (14 bytes)
3816 4354       3       Many::m1526 (14 bytes)   made not entrant: not used
3818 4356       3       Many::m1527 (14 bytes)
3818 4357       4       Many::m1527 (14 bytes)
3819 4356       3       Many::m1527 (14 bytes)   made not entrant: not used
3821 4358       3       Many::m1528 (14 bytes)
3821 4359       4       Many::m1528 (14 bytes)
3821 4358       3       Many::m1528 (14 bytes)   made not entrant: not used
3823 4360       3       Many::m1529 (14 bytes)
3823 4361       4       Many::m1529 (14 bytes)
3823 4360       3       Many::m1529 (14 bytes)   made not entrant: not used
3825 4362       3       Many::m1530 (14 bytes)
3825 4363       4       Many::m1530 (14 bytes)
3825 4362       3       Many::m1530 (14 bytes)   made not entrant: not used
3827 4364       3       Many::m1531 (14 bytes)
3828 4365       4       Many::m1531 (14 bytes)
3828 4364       3       Many::m1531 (14 bytes)   made not entrant: not used
3830 4366       3       Many::m1532 (14 bytes)
3830 4367       4       Many::m1532 (14 bytes)
3830 4366       3       Many::m1532 (14 bytes)   made not entrant: not used
3832 4368       3       Many::m1533 (14 bytes)
3832 4369       4       Many::m1533 (14 bytes)
3832 4368       3       Many::m1533 (14 bytes)   made not entrant: not used
3835 4370       3       Many::m1534 (14 bytes)
3835 4371       4       Many::m1534 (14 bytes)
3835 4370       3       Many::m1534 (14 bytes)   made not entrant: not used
3837 4372       3       Many::m1535 (14 bytes)
3837 4373       4       Many::m1535 (14 bytes)
3837 4372       3       Many::m1535 (14 bytes)   made not entrant: not used
3839 4374       3       Many::m1536 (14 bytes)
3839 4375       4       Many::m1536 (14 bytes)
3839 4374       3       Many::m1536 (14 bytes)   made not entrant: not used
3841 4376       3       Many::m1537 (14 bytes)
3841 4377       4       Many::m1537 (14 bytes)
3842 4376       3       Many::m1537 (14 bytes)   made not entrant: not used
3844 4378       3       Many::m1538 (14 bytes)
3844 4379       4       Many::m1538 (14 bytes)
3844 4378       3       Many::m1538 (14 bytes)   made not entrant: not used
3846 4380       3       Many::m1539 (14 bytes)
3846 4381       4       Many::m1539 (14 bytes)
3846 4380       3       Many::m1539 (14 bytes)   made not entrant: not used
3848 4382       3       Many::m1540 (14 bytes)
3848 4383       4       Many::m1540 (14 bytes)
3849 4382       3       Many::m1540 (14 bytes)   made not entrant: not used
3851 4384       3       Many::m1541 (14 bytes)
3851 4385       4       Many::m1541 (14 bytes)
3851 4384       3       Many::m1541 (14 bytes)   made not entrant: not used
3853 4386       3       Many::m1542 (14 bytes)
3853 4387       4       Many::m1542 (14 bytes)
3853 4386       3       Many::m1542 (14 bytes)   made not entrant: not used
3855 4388       3       Many::m1543 (14 bytes)
3855 4389       4       Many::m1543 (14 bytes)
3856 4388       3       Many::m1543 (14 bytes)   made not entrant: not used
3858 4390       3       Many::m1544 (14 bytes)
3858 4391       4       Many::m1544 (14 bytes)
3858 4390       3       Many::m1544 (14 bytes)   made not entrant: not used
3860 4392       3       Many::m1545 (14 bytes)
3860 4393       4       Many::m1545 (14 bytes)
3860 4392       3       Many::m1545 (14 bytes)   made not entrant: not used
3862 4394       3       Many::m1546 (14 bytes)
3862 4395       4       Many::m1546 (14 bytes)
3862 4394       3       Many::m1546 (14 bytes)   made not entrant: not used
3864 4396       3       Many::m1547 (14 bytes)
3865 4397       4       Many::m1547 (14 bytes)
3865 4396       3       Many::m1547 (14 bytes)   made not entrant: not used
3867 4398       3       Many::m1548 (14 bytes)
3867 4399       4       Many::m1548 (14 bytes)
3867 4398       3       Many::m1548 (14 bytes)   made not entrant: not used
3869 4400       3       Many::m1549 (14 bytes)
3869 4401       4       Many::m1549 (14 bytes)
3869 4400       3       Many::m1549 (14 bytes)   made not entrant: not used
3871 4402       3       Many::m1550 (14 bytes)
3872 4403       4       Many::m1550 (14 bytes)
3872 4402       3       Many::m1550 (14 bytes)   made not entrant: not used
3874 4404       3       Many::m1551 (14 bytes)
3874 4405       4       Many::m1551 (14 bytes)
3874 4404       3       Many::m1551 (14 bytes)   made not entrant: not used
3876 4406       3       Many::m1552 (14 bytes)
3876 4407       4       Many::m1552 (14 bytes)
3876 4406       3       Many::m1552 (14 bytes)   made not entrant: not used
3878 4408       3       Many::m1553 (14 bytes)
3878 4409       4       Many::m1553 (14 bytes)
3879 4408       3       Many::m1553 (14 bytes)   made not entrant: not used
3881 4410       3       Many::m1554 (14 bytes)
3881 4411       4       Many::m1554 (14 bytes)
3881 4410       3       Many::m1554 (14 bytes)   made not entrant: not used
3883 4412       3       Many::m1555 (14 bytes)
3883 4413       4       Many::m1555 (14 bytes)
3883 4412       3       Many::m1555 (14 bytes)   made not entrant: not used
3885 4414       3       Many::m1556 (14 bytes)
3885 4415       4       Many::m1556 (14 bytes)
3885 4414       3       Many::m1556 (14 bytes)   made not entrant: not used
3887 4416       3       Many::m1557 (14 bytes)
3888 4417       4       Many::m1557 (14 bytes)
3888 4416       3       Many::m1557 (14 bytes)   made not entrant: not used
3890 4418       3       Many::m1558 (14 bytes)
3890 4419       4       Many::m1558 (14 bytes)
3890 4418       3       Many::m1558 (14 bytes)   made not entrant: not used
3892 4420       3       Many::m1559 (14 bytes)
3892 4421       4       Many::m1559 (14 bytes)
3892 4420       3       Many::m1559 (14 bytes)   made not entrant: not used
3894 4422       3       Many::m1560 (14 bytes)
3895 4423       4       Many::m1560 (14 bytes)
3895 4422       3       Many::m1560 (14 bytes)   made not entrant: not used
3897 4424       3       Many::m1561 (14 bytes)
3897 4425       4       Many::m1561 (14 bytes)
3897 4424       3       Many::m1561 (14 bytes)   made not entrant: not used
3899 4426       3       Many::m1562 (14 bytes)
3899 4427       4       Many::m1562 (14 bytes)
3899 4426       3       Many::m1562 (14 bytes)   made not entrant: not used
3901 4428       3       Many::m1563 (14 bytes)
3901 4429       4       Many::m1563 (14 bytes)
3902 4428       3       Many::m1563 (14 bytes)   made not entrant: not used
3904 4430       3       Many::m1564 (14 bytes)
3904 4431       4       Many::m1564 (14 bytes)
3904 4430       3       Many::m1564 (14 bytes)   made not entrant: not used
3906 4432       3       Many::m1565 (14 bytes)
3906 4433       4       Many::m1565 (14 bytes)
3906 4432       3       Many::m1565 (14 bytes)   made not entrant: not used
3908 4434       3       Many::m1566 (14 bytes)
3908 4435       4       Many::m1566 (14 bytes)
3908 4434       3       Many::m1566 (14 bytes)   made not entrant: not used
3910 4436       3       Many::m1567 (14 bytes)
3911 4437       4       Many::m1567 (14 bytes)
3911 4436       3       Many::m1567 (14 bytes)   made not entrant: not used
3913 4438       3       Many::m1568 (14 bytes)
3913 4439       4       Many::m1568 (14 bytes)
3913 4438       3       Many::m1568 (14 bytes)   made not entrant: not used
3915 4440       3       Many::m1569 (14 bytes)
3915 4441       4       Many::m1569 (14 bytes)
3915 4440       3       Many::m1569 (14 bytes)   made not entrant: not used
3917 4442       3       Many::m1570 (14 bytes)
3917 4443       4       Many::m1570 (14 bytes)
3918 4442       3       Many::m1570 (14 bytes)   made not entrant: not used
3920 4444       3       Many::m1571 (14 bytes)
3920 4445       4       Many::m1571 (14 bytes)
3920 4444       3       Many::m1571 (14 bytes)   made not entrant: not used
3922 4446       3       Many::m1572 (14 bytes)
3922 4447       4       Many::m1572 (14 bytes)
3922 4446       3       Many::m1572 (14 bytes)   made not entrant: not used
3924 4448       3       Many::m1573 (14 bytes)
3924 4449       4       Many::m1573 (14 bytes)
3925 4448       3       Many::m1573 (14 bytes)   made not entrant: not used
3927 4450       3       Many::m1574 (14 bytes)
3927 4451       4       Many::m1574 (14 bytes)
3927 4450       3       Many::m1574 (14 bytes)   made not entrant: not used
3929 4452       3       Many::m1575 (14 bytes)
3929 4453       4       Many::m1575 (14 bytes)
3929 4452       3       Many::m1575 (14 bytes)   made not entrant: not used
3931 4454       3       Many::m1576 (14 bytes)
3931 4455       4       Many::m1576 (14 bytes)
3931 4454       3       Many::m1576 (14 bytes)   made not entrant: not used
3933 4456       3       Many::m1577 (14 bytes)
3934 4457       4       Many::m1577 (14 bytes)
3934 4456       3       Many::m1577 (14 bytes)   made not entrant: not used
3936 4458       3       Many::m1578 (14 bytes)
3936 4459       4       Many::m1578 (14 bytes)
3936 4458       3       Many::m1578 (14 bytes)   made not entrant: not used
3938 4460       3       Many::m1579 (14 bytes)
3938 4461       4       Many::m1579 (14 bytes)
3938 4460       3       Many::m1579 (14 bytes)   made not entrant: not used
3940 4462       3       Many::m1580 (14 bytes)
3940 4463       4       Many::m1580 (14 bytes)
3941 4462       3       Many::m1580 (14 bytes)   made not entrant: not used
3943 4464       3       Many::m1581 (14 bytes)
3943 4465       4       Many::m1581 (14 bytes)
3943 4464       3       Many::m1581 (14 bytes)   made not entrant: not used
3945 4466       3       Many::m1582 (14 bytes)
3945 4467       4       Many::m1582 (14 bytes)
3945 4466       3       Many::m1582 (14 bytes)   made not entrant: not used
3947 4468       3       Many::m1583 (14 bytes)
3947 4469       4       Many::m1583 (14 bytes)
3947 4468       3       Many::m1583 (14 bytes)   made not entrant: not used
3949 4470       3       Many::m1584 (14 bytes)
3950 4471       4       Many::m1584 (14 bytes)
3950 4470       3       Many::m1584 (14 bytes)   made not entrant: not used
3952 4472       3       Many::m1585 (14 bytes)
3952 4473       4       Many::m1585 (14 bytes)
3952 4472       3       Many::m1585 (14 bytes)   made not entrant: not used
3954 4474       3       Many::m1586 (14 bytes)
3954 4475       4       Many::m1586 (14 bytes)
3954 4474       3       Many::m1586 (14 bytes)   made not entrant: not used
3956 4476       3       Many::m1587 (14 bytes)
3956 4477       4       Many::m1587 (14 bytes)
3957 4476       3       Many::m1587 (14 bytes)   made not entrant: not used
3959 4478       3       Many::m1588 (14 bytes)
3959 4479       4       Many::m1588 (14 bytes)
3959 4478       3       Many::m1588 (14 bytes)   made not entrant: not used
3961 4480       3       Many::m1589 (14 bytes)
3961 4481       4       Many::m1589 (14 bytes)
3961 4480       3       Many::m1589 (14 bytes)   made not entrant: not used
3963 4482       3       Many::m1590 (14 bytes)
3963 4483       4       Many::m1590 (14 bytes)
3964 4482       3       Many::m1590 (14 bytes)   made not entrant: not used
3966 4484       3       Many::m1591 (14 bytes)
3966 4485       4       Many::m1591 (14 bytes)
3966 4484       3       Many::m1591 (14 bytes)   made not entrant: not used
3968 4486       3       Many::m1592 (14 bytes)
3968 4487       4       Many::m1592 (14 bytes)
3968 4486       3       Many::m1592 (14 bytes)   made not entrant: not used
3970 4488       3       Many::m1593 (14 bytes)
3970 4489       4       Many::m1593 (14 bytes)
3970 4488       3       Many::m1593 (14 bytes)   made not entrant: not used
3972 4490       3       Many::m1594 (14 bytes)
3973 4491       4       Many::m1594 (14 bytes)
3973 4490       3       Many::m1594 (14 bytes)   made not entrant: not used
3975 4492       3       Many::m1595 (14 bytes)
3975 4493       4       Many::m1595 (14 bytes)
3975 4492       3       Many::m1595 (14 bytes)   made not entrant: not used
3977 4494       3       Many::m1596 (14 bytes)
3977 4495       4       Many::m1596 (14 bytes)
3977 4494       3       Many::m1596 (14 bytes)   made not entrant: not used
3979 4496       3       Many::m1597 (14 bytes)
3980 4497       4       Many::m1597 (14 bytes)
3980 4496       3       Many::m1597 (14 bytes)   made not entrant: not used
3982 4498       3       Many::m1598 (14 bytes)
3982 4499       4       Many::m1598 (14 bytes)
3982 4498       3       Many::m1598 (14 bytes)   made not entrant: not used
3984 4500       3       Many::m1599 (14 bytes)
3984 4501       4       Many::m1599 (14 bytes)
3984 4500       3       Many::m1599 (14 bytes)   made not entrant: not used
3986 4502       3       Many::m1600 (14 bytes)
3986 4503       4       Many::m1600 (14 bytes)
3987 4502       3       Many::m1600 (14 bytes)   made not entrant: not used
3989 4504       3       Many::m1601 (14 bytes)
3989 4505       4       Many::m1601 (14 bytes)
3989 4504       3       Many::m1601 (14 bytes)   made not entrant: not used
3991 4506       3       Many::m1602 (14 bytes)
3991 4507       4       Many::m1602 (14 bytes)
3991 4506       3       Many::m1602 (14 bytes)   made not entrant: not used
3993 4508       3       Many::m1603 (14 bytes)
3993 4509       4       Many::m1603 (14 bytes)
3993 4508       3       Many::m1603 (14 bytes)   made not entrant: not used
3995 4510       3       Many::m1604 (14 bytes)
3996 4511       4       Many::m1604 (14 bytes)
3996 4510       3       Many::m1604 (14 bytes)   made not entrant: not used
3998 4512       3       Many::m1605 (14 bytes)
3998 4513       4       Many::m1605 (14 bytes)
3998 4512       3       Many::m1605 (14 bytes)   made not entrant: not used
4000 4514       3       Many::m1606 (14 bytes)
4000 4515       4       Many::m1606 (14 bytes)
4000 4514       3       Many::m1606 (14 bytes)   made not entrant: not used
4002 4516       3       Many::m1607 (14 bytes)
4003 4517       4       Many::m1607 (14 bytes)
4003 4516       3       Many::m1607 (14 bytes)   made not entrant: not used
4005 4518       3       Many::m1608 (14 bytes)
4005 4519       4       Many::m1608 (14 bytes)
4005 4518       3       Many::m1608 (14 bytes)   made not entrant: not used
4007 4520       3       Many::m1609 (14 bytes)
4007 4521       4       Many::m1609 (14 bytes)
4007 4520       3       Many::m1609 (14 bytes)   made not entrant: not used
4009 4522       3       Many::m1610 (14 bytes)
4009 4523       4       Many::m1610 (14 bytes)
4010 4522       3       Many::m1610 (14 bytes)   made not entrant: not used
4012 4524       3       Many::m1611 (14 bytes)
4012 4525       4       Many::m1611 (14 bytes)
4012 4524       3       Many::m1611 (14 bytes)   made not entrant: not used
4014 4526       3       Many::m1612 (14 bytes)
4014 4527       4       Many::m1612 (14 bytes)
4014 4526       3       Many::m1612 (14 bytes)   made not entrant: not used
4016 4528       3       Many::m1613 (14 bytes)
4016 4529       4       Many::m1613 (14 bytes)
4016 4528       3       Many::m1613 (14 bytes)   made not entrant: not used
4018 4530       3       Many::m1614 (14 bytes)
4019 4531       4       Many::m1614 (14 bytes)
4019 4530       3       Many::m1614 (14 bytes)   made not entrant: not used
4021 4532       3       Many::m1615 (14 bytes)
4021 4533       4       Many::m1615 (14 bytes)
4021 4532       3       Many::m1615 (14 bytes)   made not entrant: not used
4023 4534       3       Many::m1616 (14 bytes)
4023 4535       4       Many::m1616 (14 bytes)
4023 4534       3       Many::m1616 (14 bytes)   made not entrant: not used
4025 4536       3       Many::m1617 (14 bytes)
4025 4537       4       Many::m1617 (14 bytes)
4026 4536       3       Many::m1617 (14 bytes)   made not entrant: not used
4028 4538       3       Many::m1618 (14 bytes)
4028 4539       4       Many::m1618 (14 bytes)
4028 4538       3       Many::m1618 (14 bytes)   made not entrant: not used
4030 4540       3       Many::m1619 (14 bytes)
4030 4541       4       Many::m1619 (14 bytes)
4030 4540       3       Many::m1619 (14 bytes)   made not entrant: not used
4032 4542       3       Many::m1620 (14 bytes)
4032 4543       4       Many::m1620 (14 bytes)
4032 4542       3       Many::m1620 (14 bytes)   made not entrant: not used
4034 4544       3       Many::m1621 (14 bytes)
4035 4545       4       Many::m1621 (14 bytes)
4035 4544       3       Many::m1621 (14 bytes)   made not entrant: not used
4037 4546       3       Many::m1622 (14 bytes)
4037 4547       4       Many::m1622 (14 bytes)
4037 4546       3       Many::m1622 (14 bytes)   made not entrant: not used
4039 4548       3       Many::m1623 (14 bytes)
4039 4549       4       Many::m1623 (14 bytes)
4039 4548       3       Many::m1623 (14 bytes)   made not entrant: not used
4041 4550       3       Many::m1624 (14 bytes)
4042 4551       4       Many::m1624 (14 bytes)
4042 4550       3       Many::m1624 (14 bytes)   made not entrant: not used
4044 4552       3       Many::m1625 (14 bytes)
4044 4553       4       Many::m1625 (14 bytes)
4044 4552       3       Many::m1625 (14 bytes)   made not entrant: not used
4046 4554       3       Many::m1626 (14 bytes)
4046 4555       4       Many::m1626 (14 bytes)
4046 4554       3       Many::m1626 (14 bytes)   made not entrant: not used
4048 4556       3       Many::m1627 (14 bytes)
4048 4557       4       Many::m1627 (14 bytes)
4049 4556       3       Many::m1627 (14 bytes)   made not entrant: not used
4051 4558       3       Many::m1628 (14 bytes)
4051 4559       4       Many::m1628 (14 bytes)
4051 4558       3       Many::m1628 (14 bytes)   made not entrant: not used
4053 4560       3       Many::m1629 (14 bytes)
4053 4561       4       Many::m1629 (14 bytes)
4053 4560       3       Many::m1629 (14 bytes)   made not entrant: not used
4055 4562       3       Many::m1630 (14 bytes)
4055 4563       4       Many::m1630 (14 bytes)
4055 4562       3       Many::m1630 (14 bytes)   made not entrant: not used
4057 4564       3       Many::m1631 (14 bytes)
4058 4565       4       Many::m1631 (14 bytes)
4058 4564       3       Many::m1631 (14 bytes)   made not entrant: not used
4060 4566       3       Many::m1632 (14 bytes)
4060 4567       4       Many::m1632 (14 bytes)
4060 4566       3       Many::m1632 (14 bytes)   made not entrant: not used
4062 4568       3       Many::m1633 (14 bytes)
4062 4569       4       Many::m1633 (14 bytes)
4063 4568       3       Many::m1633 (14 bytes)   made not entrant: not used
4064 4570       3       Many::m1634 (14 bytes)
4065 4571       4       Many::m1634 (14 bytes)
4065 4570       3       Many::m1634 (14 bytes)   made not entrant: not used
4067 4572       3       Many::m1635 (14 bytes)
4067 4573       4       Many::m1635 (14 bytes)
4067 4572       3       Many::m1635 (14 bytes)   made not entrant: not used
4069 4574       3       Many::m1636 (14 bytes)
4069 4575       4       Many::m1636 (14 bytes)
4070 4574       3       Many::m1636 (14 bytes)   made not entrant: not used
4072 4576       3       Many::m1637 (14 bytes)
4072 4577       4       Many::m1637 (14 bytes)
4072 4576       3       Many::m1637 (14 bytes)   made not entrant: not used
4074 4578       3       Many::m1638 (14 bytes)
4074 4579       4       Many::m1638 (14 bytes)
4074 4578       3       Many::m1638 (14 bytes)   made not entrant: not used
4076 4580       3       Many::m1639 (14 bytes)
4076 4581       4       Many::m1639 (14 bytes)
4076 4580       3       Many::m1639 (14 bytes)   made not entrant: not used
4079 4582       3       Many::m1640 (14 bytes)
4079 4583       4       Many::m1640 (14 bytes)
4079 4582       3       Many::m1640 (14 bytes)   made not entrant: not used
4081 4584       3       Many::m1641 (14 bytes)
4081 4585       4       Many::m1641 (14 bytes)
4081 4584       3       Many::m1641 (14 bytes)   made not entrant: not used
4083 4586       3       Many::m1642 (14 bytes)
4084 4587       4       Many::m1642 (14 bytes)
4084 4586       3       Many::m1642 (14 bytes)   made not entrant: not used
4086 4588       3       Many::m1643 (14 bytes)
4086 4589       4       Many::m1643 (14 bytes)
4086 4588       3       Many::m1643 (14 bytes)   made not entrant: not used
4088 4590       3       Many::m1644 (14 bytes)
4088 4591       4       Many::m1644 (14 bytes)
4088 4590       3       Many::m1644 (14 bytes)   made not entrant: not used
4090 4592       3       Many::m1645 (14 bytes)
4090 4593       4       Many::m1645 (14 bytes)
4090 4592       3       Many::m1645 (14 bytes)   made not entrant: not used
4093 4594       3       Many::m1646 (14 bytes)
4093 4595       4       Many::m1646 (14 bytes)
4093 4594       3       Many::m1646 (14 bytes)   made not entrant: not used
4095 4596       3       Many::m1647 (14 bytes)
4095 4597       4       Many::m1647 (14 bytes)
4095 4596       3       Many::m1647 (14 bytes)   made not entrant: not used
4097 4598       3       Many::m1648 (14 bytes)
4097 4599       4       Many::m1648 (14 bytes)
4097 4598       3       Many::m1648 (14 bytes)   made not entrant: not used
4099 4600       3       Many::m1649 (14 bytes)
4100 4601       4       Many::m1649 (14 bytes)
4100 4600       3       Many::m1649 (14 bytes)   made not entrant: not used
4102 4602       3       Many::m1650 (14 bytes)
4102 4603       4       Many::m1650 (14 bytes)
4102 4602       3       Many::m1650 (14 bytes)   made not entrant: not used
4104 4604       3       Many::m1651 (14 bytes)
4104 4605       4       Many::m1651 (14 bytes)
4104 4604       3       Many::m1651 (14 bytes)   made not entrant: not used
4106 4606       3       Many::m1652 (14 bytes)
4106 4607       4       Many::m1652 (14 bytes)
4107 4606       3       Many::m1652 (14 bytes)   made not entrant: not used
4109 4608       3       Many::m1653 (14 bytes)
4109 4609       4       Many::m1653 (14 bytes)
4109 4608       3       Many::m1653 (14 bytes)   made not entrant: not used
4111 4610       3       Many::m1654 (14 bytes)
4111 4611       4       Many::m1654 (14 bytes)
4111 4610       3       Many::m1654 (14 bytes)   made not entrant: not used
4113 4612       3       Many::m1655 (14 bytes)
4113 4613       4       Many::m1655 (14 bytes)
4114 4612       3       Many::m1655 (14 bytes)   made not entrant: not used
4116 4614       3       Many::m1656 (14 bytes)
4116 4615       4       Many::m1656 (14 bytes)
4116 4614       3       Many::m1656 (14 bytes)   made not entrant: not used
4118 4616       3       Many::m1657 (14 bytes)
4118 4617       4       Many::m1657 (14 bytes)
4118 4616       3       Many::m1657 (14 bytes)   made not entrant: not used
4120 4618       3       Many::m1658 (14 bytes)
4120 4619       4       Many::m1658 (14 bytes)
4120 4618       3       Many::m1658 (14 bytes)   made not entrant: not used
4122 4620       3       Many::m1659 (14 bytes)
4123 4621       4       Many::m1659 (14 bytes)
4123 4620       3       Many::m1659 (14 bytes)   made not entrant: not used
4125 4622       3       Many::m1660 (14 bytes)
4125 4623       4       Many::m1660 (14 bytes)
4125 4622       3       Many::m1660 (14 bytes)   made not entrant: not used
4127 4624       3       Many::m1661 (14 bytes)
4127 4625       4       Many::m1661 (14 bytes)
4127 4624       3       Many::m1661 (14 bytes)   made not entrant: not used
4129 4626       3       Many::m1662 (14 bytes)
4130 4627       4       Many::m1662 (14 bytes)
4130 4626       3       Many::m1662 (14 bytes)   made not entrant: not used
4132 4628       3       Many::m1663 (14 bytes)
4132 4629       4       Many::m1663 (14 bytes)
4132 4628       3       Many::m1663 (14 bytes)   made not entrant: not used
4134 4630       3       Many::m1664 (14 bytes)
4134 4631       4       Many::m1664 (14 bytes)
4134 4630       3       Many::m1664 (14 bytes)   made not entrant: not used
4136 4632       3       Many::m1665 (14 bytes)
4136 4633       4       Many::m1665 (14 bytes)
4137 4632       3       Many::m1665 (14 bytes)   made not entrant: not used
4139 4634       3       Many::m1666 (14 bytes)
4139 4635       4       Many::m1666 (14 bytes)
4139 4634       3       Many::m1666 (14 bytes)   made not entrant: not used
4141 4636       3       Many::m1667 (14 bytes)
4141 4637       4       Many::m1667 (14 bytes)
4141 4636       3       Many::m1667 (14 bytes)   made not entrant: not used
4143 4638       3       Many::m1668 (14 bytes)
4143 4639       4       Many::m1668 (14 bytes)
4143 4638       3       Many::m1668 (14 bytes)   made not entrant: not used
4145 4640       3       Many::m1669 (14 bytes)
4146 4641       4       Many::m1669 (14 bytes)
4146 4640       3       Many::m1669 (14 bytes)   made not entrant: not used
4148 4642       3       Many::m1670 (14 bytes)
4148 4643       4       Many::m1670 (14 bytes)
4148 4642       3       Many::m1670 (14 bytes)   made not entrant: not used
4150 4644       3       Many::m1671 (14 bytes)
4150 4645       4       Many::m1671 (14 bytes)
4150 4644       3       Many::m1671 (14 bytes)   made not entrant: not used
4152 4646       3       Many::m1672 (14 bytes)
4153 4647       4       Many::m1672 (14 bytes)
4153 4646       3       Many::m1672 (14 bytes)   made not entrant: not used
4155 4648       3       Many::m1673 (14 bytes)
4155 4649       4       Many::m1673 (14 bytes)
4155 4648       3       Many::m1673 (14 bytes)   made not entrant: not used
4157 4650       3       Many::m1674 (14 bytes)
4157 4651       4       Many::m1674 (14 bytes)
4157 4650       3       Many::m1674 (14 bytes)   made not entrant: not used
4159 4652       3       Many::m1675 (14 bytes)
4159 4653       4       Many::m1675 (14 bytes)
4160 4652       3       Many::m1675 (14 bytes)   made not entrant: not used
4162 4654       3       Many::m1676 (14 bytes)
4162 4655       4       Many::m1676 (14 bytes)
4162 4654       3       Many::m1676 (14 bytes)   made not entrant: not used
4164 4656       3       Many::m1677 (14 bytes)
4164 4657       4       Many::m1677 (14 bytes)
4164 4656       3       Many::m1677 (14 bytes)   made not entrant: not used
4166 4658       3       Many::m1678 (14 bytes)
4166 4659       4       Many::m1678 (14 bytes)
4166 4658       3       Many::m1678 (14 bytes)   made not entrant: not used
4168 4660       3       Many::m1679 (14 bytes)
4169 4661       4       Many::m1679 (14 bytes)
4169 4660       3       Many::m1679 (14 bytes)   made not entrant: not used
4171 4662       3       Many::m1680 (14 bytes)
4171 4663       4       Many::m1680 (14 bytes)
4171 4662       3       Many::m1680 (14 bytes)   made not entrant: not used
4173 4664       3       Many::m1681 (14 bytes)
4173 4665       4       Many::m1681 (14 bytes)
4173 4664       3       Many::m1681 (14 bytes)   made not entrant: not used
4175 4666       3       Many::m1682 (14 bytes)
4176 4667       4       Many::m1682 (14 bytes)
4176 4666       3       Many::m1682 (14 bytes)   made not entrant: not used
4178 4668       3       Many::m1683 (14 bytes)
4178 4669       4       Many::m1683 (14 bytes)
4178 4668       3       Many::m1683 (14 bytes)   made not entrant: not used
4180 4670       3       Many::m1684 (14 bytes)
4180 4671       4       Many::m1684 (14 bytes)
4180 4670       3       Many::m1684 (14 bytes)   made not entrant: not used
4182 4672       3       Many::m1685 (14 bytes)
4182 4673       4       Many::m1685 (14 bytes)
4183 4672       3       Many::m1685 (14 bytes)   made not entrant: not used
4185 4674       3       Many::m1686 (14 bytes)
4185 4675       4       Many::m1686 (14 bytes)
4185 4674       3       Many::m1686 (14 bytes)   made not entrant: not used
4187 4676       3       Many::m1687 (14 bytes)
4187 4677       4       Many::m1687 (14 bytes)
4187 4676       3       Many::m1687 (14 bytes)   made not entrant: not used
4189 4678       3       Many::m1688 (14 bytes)
4189 4679       4       Many::m1688 (14 bytes)
4189 4678       3       Many::m1688 (14 bytes)   made not entrant: not used
4191 4680       3       Many::m1689 (14 bytes)
4192 4681       4       Many::m1689 (14 bytes)
4192 4680       3       Many::m1689 (14 bytes)   made not entrant: not used
4194 4682       3       Many::m1690 (14 bytes)
4194 4683       4       Many::m1690 (14 bytes)
4194 4682       3       Many::m1690 (14 bytes)   made not entrant: not used
4196 4684       3       Many::m1691 (14 bytes)
4196 4685       4       Many::m1691 (14 bytes)
4196 4684       3       Many::m1691 (14 bytes)   made not entrant: not used
4198 4686       3       Many::m1692 (14 bytes)
4199 4687       4       Many::m1692 (14 bytes)
4199 4686       3       Many::m1692 (14 bytes)   made not entrant: not used
4201 4688       3       Many::m1693 (14 bytes)
4201 4689       4       Many::m1693 (14 bytes)
4201 4688       3       Many::m1693 (14 bytes)   made not entrant: not used
4203 4690       3       Many::m1694 (14 bytes)
4203 4691       4       Many::m1694 (14 bytes)
4203 4690       3       Many::m1694 (14 bytes)   made not entrant: not used
4205 4692       3       Many::m1695 (14 bytes)
4206 4693       4       Many::m1695 (14 bytes)
4206 4692       3       Many::m1695 (14 bytes)   made not entrant: not used
4208 4694       3       Many::m1696 (14 bytes)
4208 4695       4       Many::m1696 (14 bytes)
4208 4694       3       Many::m1696 (14 bytes)   made not entrant: not used
4210 4696       3       Many::m1697 (14 bytes)
4210 4697       4       Many::m1697 (14 bytes)
4210 4696       3       Many::m1697 (14 bytes)   made not entrant: not used
4212 4698       3       Many::m1698 (14 bytes)
4212 4699       4       Many::m1698 (14 bytes)
4213 4698       3       Many::m1698 (14 bytes)   made not entrant: not used
4215 4700       3       Many::m1699 (14 bytes)
4215 4701       4       Many::m1699 (14 bytes)
4215 4700       3       Many::m1699 (14 bytes)   made not entrant: not used
4217 4702       3       Many::m1700 (14 bytes)
4217 4703       4       Many::m1700 (14 bytes)
4217 4702       3       Many::m1700 (14 bytes)   made not entrant: not used
4219 4704       3       Many::m1701 (14 bytes)
4219 4705       4       Many::m1701 (14 bytes)
4219 4704       3       Many::m1701 (14 bytes)   made not entrant: not used
4221 4706       3       Many::m1702 (14 bytes)
4222 4707       4       Many::m1702 (14 bytes)
4222 4706       3       Many::m1702 (14 bytes)   made not entrant: not used
4224 4708       3       Many::m1703 (14 bytes)
4224 4709       4       Many::m1703 (14 bytes)
4224 4708       3       Many::m1703 (14 bytes)   made not entrant: not used
4226 4710       3       Many::m1704 (14 bytes)
4226 4711       4       Many::m1704 (14 bytes)
4226 4710       3       Many::m1704 (14 bytes)   made not entrant: not used
4228 4712       3       Many::m1705 (14 bytes)
4228 4713       4       Many::m1705 (14 bytes)
4229 4712       3       Many::m1705 (14 bytes)   made not entrant: not used
4231 4714       3       Many::m1706 (14 bytes)
4231 4715       4       Many::m1706 (14 bytes)
4231 4714       3       Many::m1706 (14 bytes)   made not entrant: not used
4233 4716       3       Many::m1707 (14 bytes)
4233 4717       4       Many::m1707 (14 bytes)
4233 4716       3       Many::m1707 (14 bytes)   made not entrant: not used
4235 4718       3       Many::m1708 (14 bytes)
4235 4719       4       Many::m1708 (14 bytes)
4236 4718       3       Many::m1708 (14 bytes)   made not entrant: not used
4238 4720       3       Many::m1709 (14 bytes)
4238 4721       4       Many::m1709 (14 bytes)
4238 4720       3       Many::m1709 (14 bytes)   made not entrant: not used
4240 4722       3       Many::m1710 (14 bytes)
4240 4723       4       Many::m1710 (14 bytes)
4240 4722       3       Many::m1710 (14 bytes)   made not entrant: not used
4242 4724       3       Many::m1711 (14 bytes)
4242 4725       4       Many::m1711 (14 bytes)
4242 4724       3       Many::m1711 (14 bytes)   made not entrant: not used
4244 4726       3       Many::m1712 (14 bytes)
4245 4727       4       Many::m1712 (14 bytes)
4245 4726       3       Many::m1712 (14 bytes)   made not entrant: not used
4247 4728       3       Many::m1713 (14 bytes)
4247 4729       4       Many::m1713 (14 bytes)
4247 4728       3       Many::m1713 (14 bytes)   made not entrant: not used
4249 4730       3       Many::m1714 (14 bytes)
4249 4731       4       Many::m1714 (14 bytes)
4249 4730       3       Many::m1714 (14 bytes)   made not entrant: not used
4251 4732       3       Many::m1715 (14 bytes)
4251 4733       4       Many::m1715 (14 bytes)
4252 4732       3       Many::m1715 (14 bytes)   made not entrant: not used
4254 4734       3       Many::m1716 (14 bytes)
4254 4735       4       Many::m1716 (14 bytes)
4254 4734       3       Many::m1716 (14 bytes)   made not entrant: not used
4256 4736       3       Many::m1717 (14 bytes)
4256 4737       4       Many::m1717 (14 bytes)
4256 4736       3       Many::m1717 (14 bytes)   made not entrant: not used
4258 4738       3       Many::m1718 (14 bytes)
4258 4739       4       Many::m1718 (14 bytes)
4258 4738       3       Many::m1718 (14 bytes)   made not entrant: not used
4260 4740       3       Many::m1719 (14 bytes)
4261 4741       4       Many::m1719 (14 bytes)
4261 4740       3       Many::m1719 (14 bytes)   made not entrant: not used
4263 4742       3       Many::m1720 (14 bytes)
4263 4743       4       Many::m1720 (14 bytes)
4263 4742       3       Many::m1720 (14 bytes)   made not entrant: not used
4265 4744       3       Many::m1721 (14 bytes)
4265 4745       4       Many::m1721 (14 bytes)
4265 4744       3       Many::m1721 (14 bytes)   made not entrant: not used
4267 4746       3       Many::m1722 (14 bytes)
4268 4747       4       Many::m1722 (14 bytes)
4268 4746       3       Many::m1722 (14 bytes)   made not entrant: not used
4270 4748       3       Many::m1723 (14 bytes)
4270 4749       4       Many::m1723 (14 bytes)
4270 4748       3       Many::m1723 (14 bytes)   made not entrant: not used
4272 4750       3       Many::m1724 (14 bytes)
4272 4751       1       java.util.concurrent.locks.AbstractOwnableSynchronizer::setExclusiveOwnerThread (6 bytes)
4272 4752       4       Many::m1724 (14 bytes)
4272 4753       3       jdk.jfr.internal.Logger::shouldLog (17 bytes)
4273 4750       3       Many::m1724 (14 bytes)   made not entrant: not used
4273 4754       1       jdk.jfr.internal.periodic.Batch::getPeriod (5 bytes)
4274 4755       3       Many::m1725 (14 bytes)
4275 4756       4       Many::m1725 (14 bytes)
4275 4755       3       Many::m1725 (14 bytes)   made not entrant: not used
4277 4757       3       Many::m1726 (14 bytes)
4277 4758       4       Many::m1726 (14 bytes)
4277 4757       3       Many::m1726 (14 bytes)   made not entrant: not used
4279 4759       3       Many::m1727 (14 bytes)
4279 4760       4       Many::m1727 (14 bytes)
4279 4759       3       Many::m1727 (14 bytes)   made not entrant: not used
4281 4761       3       Many::m1728 (14 bytes)
4281 4762       4       Many::m1728 (14 bytes)
4282 4761       3       Many::m1728 (14 bytes)   made not entrant: not used
4284 4763       3       Many::m1729 (14 bytes)
4284 4764       4       Many::m1729 (14 bytes)
4284 4763       3       Many::m1729 (14 bytes)   made not entrant: not used
4286 4765       3       Many::m1730 (14 bytes)
4286 4766       4       Many::m1730 (14 bytes)
4286 4765       3       Many::m1730 (14 bytes)   made not entrant: not used
4288 4767       3       Many::m1731 (14 bytes)
4288 4768       4       Many::m1731 (14 bytes)
4288 4767       3       Many::m1731 (14 bytes)   made not entrant: not used
4290 4769       3       Many::m1732 (14 bytes)
4291 4770       4       Many::m1732 (14 bytes)
4291 4769       3       Many::m1732 (14 bytes)   made not entrant: not used
4293 4771       3       Many::m1733 (14 bytes)
4293 4772       4       Many::m1733 (14 bytes)
4293 4771       3       Many::m1733 (14 bytes)   made not entrant: not used
4295 4773       3       Many::m1734 (14 bytes)
4295 4774       4       Many::m1734 (14 bytes)
4295 4773       3       Many::m1734 (14 bytes)   made not entrant: not used
4297 4775       3       Many::m1735 (14 bytes)
4297 4776       4       Many::m1735 (14 bytes)
4298 4775       3       Many::m1735 (14 bytes)   made not entrant: not used
4300 4777       3       Many::m1736 (14 bytes)
4300 4778       4       Many::m1736 (14 bytes)
4300 4777       3       Many::m1736 (14 bytes)   made not entrant: not used
4302 4779       3       Many::m1737 (14 bytes)
4302 4780       4       Many::m1737 (14 bytes)
4302 4779       3       Many::m1737 (14 bytes)   made not entrant: not used
4304 4781       3       Many::m1738 (14 bytes)
4304 4782       4       Many::m1738 (14 bytes)
4304 4781       3       Many::m1738 (14 bytes)   made not entrant: not used
4307 4783       3       Many::m1739 (14 bytes)
4307 4784       4       Many::m1739 (14 bytes)
4307 4783       3       Many::m1739 (14 bytes)   made not entrant: not used
4309 4785       3       Many::m1740 (14 bytes)
4309 4786       4       Many::m1740 (14 bytes)
4309 4785       3       Many::m1740 (14 bytes)   made not entrant: not used
4311 4787       3       Many::m1741 (14 bytes)
4311 4788       4       Many::m1741 (14 bytes)
4311 4787       3       Many::m1741 (14 bytes)   made not entrant: not used
4313 4789       3       Many::m1742 (14 bytes)
4314 4790       4       Many::m1742 (14 bytes)
4314 4789       3       Many::m1742 (14 bytes)   made not entrant: not used
4316 4791       3       Many::m1743 (14 bytes)
4316 4792       4       Many::m1743 (14 bytes)
4316 4791       3       Many::m1743 (14 bytes)   made not entrant: not used
4318 4793       3       Many::m1744 (14 bytes)
4318 4794       4       Many::m1744 (14 bytes)
4318 4793       3       Many::m1744 (14 bytes)   made not entrant: not used
4320 4795       3       Many::m1745 (14 bytes)
4320 4796       4       Many::m1745 (14 bytes)
4321 4795       3       Many::m1745 (14 bytes)   made not entrant: not used
4323 4797       3       Many::m1746 (14 bytes)
4323 4798       4       Many::m1746 (14 bytes)
4323 4797       3       Many::m1746 (14 bytes)   made not entrant: not used
4325 4799       3       Many::m1747 (14 bytes)
4325 4800       4       Many::m1747 (14 bytes)
4325 4799       3       Many::m1747 (14 bytes)   made not entrant: not used
4327 4801       3       Many::m1748 (14 bytes)
4327 4802       4       Many::m1748 (14 bytes)
4327 4801       3       Many::m1748 (14 bytes)   made not entrant: not used
4329 4803       3       Many::m1749 (14 bytes)
4330 4804       4       Many::m1749 (14 bytes)
4330 4803       3       Many::m1749 (14 bytes)   made not entrant: not used
4332 4805       3       Many::m1750 (14 bytes)
4332 4806       4       Many::m1750 (14 bytes)
4332 4805       3       Many::m1750 (14 bytes)   made not entrant: not used
4334 4807       3       Many::m1751 (14 bytes)
4334 4808       4       Many::m1751 (14 bytes)
4334 4807       3       Many::m1751 (14 bytes)   made not entrant: not used
4336 4809       3       Many::m1752 (14 bytes)
4337 4810       4       Many::m1752 (14 bytes)
4337 4809       3       Many::m1752 (14 bytes)   made not entrant: not used
4339 4811       3       Many::m1753 (14 bytes)
4339 4812       4       Many::m1753 (14 bytes)
4339 4811       3       Many::m1753 (14 bytes)   made not entrant: not used
4341 4813       3       Many::m1754 (14 bytes)
4341 4814       4       Many::m1754 (14 bytes)
4341 4813       3       Many::m1754 (14 bytes)   made not entrant: not used
4343 4815       3       Many::m1755 (14 bytes)
4344 4816       4       Many::m1755 (14 bytes)
4344 4815       3       Many::m1755 (14 bytes)   made not entrant: not used
4346 4817       3       Many::m1756 (14 bytes)
4346 4818       4       Many::m1756 (14 bytes)
4346 4817       3       Many::m1756 (14 bytes)   made not entrant: not used
4348 4819       3       Many::m1757 (14 bytes)
4348 4820       4       Many::m1757 (14 bytes)
4348 4819       3       Many::m1757 (14 bytes)   made not entrant: not used
4350 4821       3       Many::m1758 (14 bytes)
4350 4822       4       Many::m1758 (14 bytes)
4350 4821       3       Many::m1758 (14 bytes)   made not entrant: not used
4352 4823       3       Many::m1759 (14 bytes)
4353 4824       4       Many::m1759 (14 bytes)
4353 4823       3       Many::m1759 (14 bytes)   made not entrant: not used
4355 4825       3       Many::m1760 (14 bytes)
4355 4826       4       Many::m1760 (14 bytes)
4355 4825       3       Many::m1760 (14 bytes)   made not entrant: not used
4357 4827       3       Many::m1761 (14 bytes)
4357 4828       4       Many::m1761 (14 bytes)
4357 4827       3       Many::m1761 (14 bytes)   made not entrant: not used
4359 4829       3       Many::m1762 (14 bytes)
4359 4830       4       Many::m1762 (14 bytes)
4360 4829       3       Many::m1762 (14 bytes)   made not entrant: not used
4362 4831       3       Many::m1763 (14 bytes)
4362 4832       4       Many::m1763 (14 bytes)
4362 4831       3       Many::m1763 (14 bytes)   made not entrant: not used
4364 4833       3       Many::m1764 (14 bytes)
4364 4834       4       Many::m1764 (14 bytes)
4364 4833       3       Many::m1764 (14 bytes)   made not entrant: not used
4366 4835       3       Many::m1765 (14 bytes)
4367 4836       4       Many::m1765 (14 bytes)
4367 4835       3       Many::m1765 (14 bytes)   made not entrant: not used
4369 4837       3       Many::m1766 (14 bytes)
4369 4838       4       Many::m1766 (14 bytes)
4369 4837       3       Many::m1766 (14 bytes)   made not entrant: not used
4371 4839       3       Many::m1767 (14 bytes)
4371 4840       4       Many::m1767 (14 bytes)
4371 4839       3       Many::m1767 (14 bytes)   made not entrant: not used
4373 4841       3       Many::m1768 (14 bytes)
4373 4842       4       Many::m1768 (14 bytes)
4374 4841       3       Many::m1768 (14 bytes)   made not entrant: not used
4376 4843       3       Many::m1769 (14 bytes)
4376 4844       4       Many::m1769 (14 bytes)
4376 4843       3       Many::m1769 (14 bytes)   made not entrant: not used
4378 4845       3       Many::m1770 (14 bytes)
4378 4846       4       Many::m1770 (14 bytes)
4378 4845       3       Many::m1770 (14 bytes)   made not entrant: not used
4380 4847       3       Many::m1771 (14 bytes)
4380 4848       4       Many::m1771 (14 bytes)
4380 4847       3       Many::m1771 (14 bytes)   made not entrant: not used
4382 4849       3       Many::m1772 (14 bytes)
4383 4850       4       Many::m1772 (14 bytes)
4383 4849       3       Many::m1772 (14 bytes)   made not entrant: not used
4385 4851       3       Many::m1773 (14 bytes)
4385 4852       4       Many::m1773 (14 bytes)
4385 4851       3       Many::m1773 (14 bytes)   made not entrant: not used
4387 4853       3       Many::m1774 (14 bytes)
4387 4854       4       Many::m1774 (14 bytes)
4387 4853       3       Many::m1774 (14 bytes)   made not entrant: not used
4389 4855       3       Many::m1775 (14 bytes)
4389 4856       4       Many::m1775 (14 bytes)
4390 4855       3       Many::m1775 (14 bytes)   made not entrant: not used
4392 4857       3       Many::m1776 (14 bytes)
4392 4858       4       Many::m1776 (14 bytes)
4392 4857       3       Many::m1776 (14 bytes)   made not entrant: not used
4394 4859       3       Many::m1777 (14 bytes)
4394 4860       4       Many::m1777 (14 bytes)
4394 4859       3       Many::m1777 (14 bytes)   made not entrant: not used
4396 4861       3       Many::m1778 (14 bytes)
4396 4862       4       Many::m1778 (14 bytes)
4396 4861       3       Many::m1778 (14 bytes)   made not entrant: not used
4398 4863       3       Many::m1779 (14 bytes)
4399 4864       4       Many::m1779 (14 bytes)
4399 4863       3       Many::m1779 (14 bytes)   made not entrant: not used
4401 4865       3       Many::m1780 (14 bytes)
4401 4866       4       Many::m1780 (14 bytes)
4401 4865       3       Many::m1780 (14 bytes)   made not entrant: not used
4403 4867       3       Many::m1781 (14 bytes)
4403 4868       4       Many::m1781 (14 bytes)
4403 4867       3       Many::m1781 (14 bytes)   made not entrant: not used
4405 4869       3       Many::m1782 (14 bytes)
4406 4870       4       Many::m1782 (14 bytes)
4406 4869       3       Many::m1782 (14 bytes)   made not entrant: not used
4408 4871       3       Many::m1783 (14 bytes)
4408 4872       4       Many::m1783 (14 bytes)
4408 4871       3       Many::m1783 (14 bytes)   made not entrant: not used
4410 4873       3       Many::m1784 (14 bytes)
4410 4874       4       Many::m1784 (14 bytes)
4410 4873       3       Many::m1784 (14 bytes)   made not entrant: not used
4412 4875       3       Many::m1785 (14 bytes)
4412 4876       4       Many::m1785 (14 bytes)
4413 4875       3       Many::m1785 (14 bytes)   made not entrant: not used
4415 4877       3       Many::m1786 (14 bytes)
4415 4878       4       Many::m1786 (14 bytes)
4415 4877       3       Many::m1786 (14 bytes)   made not entrant: not used
4417 4879       3       Many::m1787 (14 bytes)
4417 4880       4       Many::m1787 (14 bytes)
4417 4879       3       Many::m1787 (14 bytes)   made not entrant: not used
4419 4881       3       Many::m1788 (14 bytes)
4419 4882       4       Many::m1788 (14 bytes)
4419 4881       3       Many::m1788 (14 bytes)   made not entrant: not used
4421 4883       3       Many::m1789 (14 bytes)
4422 4884       4       Many::m1789 (14 bytes)
4422 4883       3       Many::m1789 (14 bytes)   made not entrant: not used
4424 4885       3       Many::m1790 (14 bytes)
4424 4886       4       Many::m1790 (14 bytes)
4424 4885       3       Many::m1790 (14 bytes)   made not entrant: not used
4426 4887       3       Many::m1791 (14 bytes)
4426 4888       4       Many::m1791 (14 bytes)
4426 4887       3       Many::m1791 (14 bytes)   made not entrant: not used
4428 4889       3       Many::m1792 (14 bytes)
4428 4890       4       Many::m1792 (14 bytes)
4429 4889       3       Many::m1792 (14 bytes)   made not entrant: not used
4431 4891       3       Many::m1793 (14 bytes)
4431 4892       4       Many::m1793 (14 bytes)
4431 4891       3       Many::m1793 (14 bytes)   made not entrant: not used
4433 4893       3       Many::m1794 (14 bytes)
4433 4894       4       Many::m1794 (14 bytes)
4433 4893       3       Many::m1794 (14 bytes)   made not entrant: not used
4435 4895       3       Many::m1795 (14 bytes)
4435 4896       4       Many::m1795 (14 bytes)
4436 4895       3       Many::m1795 (14 bytes)   made not entrant: not used
4438 4897       3       Many::m1796 (14 bytes)
4438 4898       4       Many::m1796 (14 bytes)
4438 4897       3       Many::m1796 (14 bytes)   made not entrant: not used
4440 4899       3       Many::m1797 (14 bytes)
4440 4900       4       Many::m1797 (14 bytes)
4440 4899       3       Many::m1797 (14 bytes)   made not entrant: not used
4442 4901       3       Many::m1798 (14 bytes)
4442 4902       4       Many::m1798 (14 bytes)
4442 4901       3       Many::m1798 (14 bytes)   made not entrant: not used
4444 4903       3       Many::m1799 (14 bytes)
4445 4904       4       Many::m1799 (14 bytes)
4445 4903       3       Many::m1799 (14 bytes)   made not entrant: not used
4447 4905       3       Many::m1800 (14 bytes)
4447 4906       4       Many::m1800 (14 bytes)
4447 4905       3       Many::m1800 (14 bytes)   made not entrant: not used
4449 4907       3       Many::m1801 (14 bytes)
4449 4908       4       Many::m1801 (14 bytes)
4449 4907       3       Many::m1801 (14 bytes)   made not entrant: not used
4451 4909       3       Many::m1802 (14 bytes)
4452 4910       4       Many::m1802 (14 bytes)
4452 4909       3       Many::m1802 (14 bytes)   made not entrant: not used
4454 4911       3       Many::m1803 (14 bytes)
4454 4912       4       Many::m1803 (14 bytes)
4454 4911       3       Many::m1803 (14 bytes)   made not entrant: not used
4456 4913       3       Many::m1804 (14 bytes)
4456 4914       4       Many::m1804 (14 bytes)
4456 4913       3       Many::m1804 (14 bytes)   made not entrant: not used
4458 4915       3       Many::m1805 (14 bytes)
4458 4916       4       Many::m1805 (14 bytes)
4459 4915       3       Many::m1805 (14 bytes)   made not entrant: not used
4461 4917       3       Many::m1806 (14 bytes)
4461 4918       4       Many::m1806 (14 bytes)
4461 4917       3       Many::m1806 (14 bytes)   made not entrant: not used
4463 4919       3       Many::m1807 (14 bytes)
4463 4920       4       Many::m1807 (14 bytes)
4463 4919       3       Many::m1807 (14 bytes)   made not entrant: not used
4465 4921       3       Many::m1808 (14 bytes)
4465 4922       4       Many::m1808 (14 bytes)
4465 4921       3       Many::m1808 (14 bytes)   made not entrant: not used
4467 4923       3       Many::m1809 (14 bytes)
4468 4924       4       Many::m1809 (14 bytes)
4468 4923       3       Many::m1809 (14 bytes)   made not entrant: not used
4470 4925       3       Many::m1810 (14 bytes)
4470 4926       4       Many::m1810 (14 bytes)
4470 4925       3       Many::m1810 (14 bytes)   made not entrant: not used
4472 4927       3       Many::m1811 (14 bytes)
4472 4928       4       Many::m1811 (14 bytes)
4472 4927       3       Many::m1811 (14 bytes)   made not entrant: not used
4474 4929       3       Many::m1812 (14 bytes)
4475 4930       4       Many::m1812 (14 bytes)
4475 4929       3       Many::m1812 (14 bytes)   made not entrant: not used
4477 4931       3       Many::m1813 (14 bytes)
4477 4932       4       Many::m1813 (14 bytes)
4477 4931       3       Many::m1813 (14 bytes)   made not entrant: not used
4479 4933       3       Many::m1814 (14 bytes)
4479 4934       4       Many::m1814 (14 bytes)
4479 4933       3       Many::m1814 (14 bytes)   made not entrant: not used
4481 4935       3       Many::m1815 (14 bytes)
4481 4936       4       Many::m1815 (14 bytes)
4481 4935       3       Many::m1815 (14 bytes)   made not entrant: not used
4484 4937       3       Many::m1816 (14 bytes)
4484 4938       4       Many::m1816 (14 bytes)
4484 4937       3       Many::m1816 (14 bytes)   made not entrant: not used
4486 4939       3       Many::m1817 (14 bytes)
4486 4940       4       Many::m1817 (14 bytes)
4486 4939       3       Many::m1817 (14 bytes)   made not entrant: not used
4488 4941       3       Many::m1818 (14 bytes)
4488 4942       4       Many::m1818 (14 bytes)
4488 4941       3       Many::m1818 (14 bytes)   made not entrant: not used
4490 4943       3       Many::m1819 (14 bytes)
4491 4944       4       Many::m1819 (14 bytes)
4491 4943       3       Many::m1819 (14 bytes)   made not entrant: not used
4493 4945       3       Many::m1820 (14 bytes)
4493 4946       4       Many::m1820 (14 bytes)
4493 4945       3       Many::m1820 (14 bytes)   made not entrant: not used
4495 4947       3       Many::m1821 (14 bytes)
4495 4948       4       Many::m1821 (14 bytes)
4495 4947       3       Many::m1821 (14 bytes)   made not entrant: not used
4497 4949       3       Many::m1822 (14 bytes)
4497 4950       4       Many::m1822 (14 bytes)
4498 4949       3       Many::m1822 (14 bytes)   made not entrant: not used
4500 4951       3       Many::m1823 (14 bytes)
4500 4952       4       Many::m1823 (14 bytes)
4500 4951       3       Many::m1823 (14 bytes)   made not entrant: not used
4502 4953       3       Many::m1824 (14 bytes)
4502 4954       4       Many::m1824 (14 bytes)
4502 4953       3       Many::m1824 (14 bytes)   made not entrant: not used
4504 4955       3       Many::m1825 (14 bytes)
4504 4956       4       Many::m1825 (14 bytes)
4504 4955       3       Many::m1825 (14 bytes)   made not entrant: not used
4507 4957       3       Many::m1826 (14 bytes)
4507 4958       4       Many::m1826 (14 bytes)
4507 4957       3       Many::m1826 (14 bytes)   made not entrant: not used
4509 4959       3       Many::m1827 (14 bytes)
4509 4960       4       Many::m1827 (14 bytes)
4509 4959       3       Many::m1827 (14 bytes)   made not entrant: not used
4511 4961       3       Many::m1828 (14 bytes)
4511 4962       4       Many::m1828 (14 bytes)
4511 4961       3       Many::m1828 (14 bytes)   made not entrant: not used
4513 4963       3       Many::m1829 (14 bytes)
4514 4964       4       Many::m1829 (14 bytes)
4514 4963       3       Many::m1829 (14 bytes)   made not entrant: not used
4516 4965       3       Many::m1830 (14 bytes)
4516 4966       4       Many::m1830 (14 bytes)
4516 4965       3       Many::m1830 (14 bytes)   made not entrant: not used
4518 4967       3       Many::m1831 (14 bytes)
4518 4968       4       Many::m1831 (14 bytes)
4518 4967       3       Many::m1831 (14 bytes)   made not entrant: not used
4520 4969       3       Many::m1832 (14 bytes)
4520 4970       4       Many::m1832 (14 bytes)
4521 4969       3       Many::m1832 (14 bytes)   made not entrant: not used
4523 4971       3       Many::m1833 (14 bytes)
4523 4972       4       Many::m1833 (14 bytes)
4523 4971       3       Many::m1833 (14 bytes)   made not entrant: not used
4525 4973       3       Many::m1834 (14 bytes)
4525 4974       4       Many::m1834 (14 bytes)
4525 4973       3       Many::m1834 (14 bytes)   made not entrant: not used
4527 4975       3       Many::m1835 (14 bytes)
4527 4976       4       Many::m1835 (14 bytes)
4527 4975       3       Many::m1835 (14 bytes)   made not entrant: not used
4529 4977       3       Many::m1836 (14 bytes)
4530 4978       4       Many::m1836 (14 bytes)
4530 4977       3       Many::m1836 (14 bytes)   made not entrant: not used
4532 4979       3       Many::m1837 (14 bytes)
4532 4980       4       Many::m1837 (14 bytes)
4532 4979       3       Many::m1837 (14 bytes)   made not entrant: not used
4534 4981       3       Many::m1838 (14 bytes)
4534 4982       4       Many::m1838 (14 bytes)
4534 4981       3       Many::m1838 (14 bytes)   made not entrant: not used
4536 4983       3       Many::m1839 (14 bytes)
4537 4984       4       Many::m1839 (14 bytes)
4537 4983       3       Many::m1839 (14 bytes)   made not entrant: not used
4539 4985       3       Many::m1840 (14 bytes)
4539 4986       4       Many::m1840 (14 bytes)
4539 4985       3       Many::m1840 (14 bytes)   made not entrant: not used
4541 4987       3       Many::m1841 (14 bytes)
4541 4988       4       Many::m1841 (14 bytes)
4541 4987       3       Many::m1841 (14 bytes)   made not entrant: not used
4543 4989       3       Many::m1842 (14 bytes)
4543 4990       4       Many::m1842 (14 bytes)
4544 4989       3       Many::m1842 (14 bytes)   made not entrant: not used
4546 4991       3       Many::m1843 (14 bytes)
4546 4992       4       Many::m1843 (14 bytes)
4546 4991       3       Many::m1843 (14 bytes)   made not entrant: not used
4548 4993       3       Many::m1844 (14 bytes)
4548 4994       4       Many::m1844 (14 bytes)
4548 4993       3       Many::m1844 (14 bytes)   made not entrant: not used
4550 4995       3       Many::m1845 (14 bytes)
4550 4996       4       Many::m1845 (14 bytes)
4550 4995       3       Many::m1845 (14 bytes)   made not entrant: not used
4552 4997       3       Many::m1846 (14 bytes)
4553 4998       4       Many::m1846 (14 bytes)
4553 4997       3       Many::m1846 (14 bytes)   made not entrant: not used
4555 4999       3       Many::m1847 (14 bytes)
4555 5000       4       Many::m1847 (14 bytes)
4555 4999       3       Many::m1847 (14 bytes)   made not entrant: not used
4557 5001       3       Many::m1848 (14 bytes)
4557 5002       4       Many::m1848 (14 bytes)
4557 5001       3       Many::m1848 (14 bytes)   made not entrant: not used
4559 5003       3       Many::m1849 (14 bytes)
4559 5004       4       Many::m1849 (14 bytes)
4560 5003       3       Many::m1849 (14 bytes)   made not entrant: not used
4562 5005       3       Many::m1850 (14 bytes)
4562 5006       4       Many::m1850 (14 bytes)
4562 5005       3       Many::m1850 (14 bytes)   made not entrant: not used
4564 5007       3       Many::m1851 (14 bytes)
4564 5008       4       Many::m1851 (14 bytes)
4564 5007       3       Many::m1851 (14 bytes)   made not entrant: not used
4566 5009       3       Many::m1852 (14 bytes)
4566 5010       4       Many::m1852 (14 bytes)
4567 5009       3       Many::m1852 (14 bytes)   made not entrant: not used
4569 5011       3       Many::m1853 (14 bytes)
4569 5012       4       Many::m1853 (14 bytes)
4569 5011       3       Many::m1853 (14 bytes)   made not entrant: not used
4571 5013       3       Many::m1854 (14 bytes)
4571 5014       4       Many::m1854 (14 bytes)
4571 5013       3       Many::m1854 (14 bytes)   made not entrant: not used
4573 5015       3       Many::m1855 (14 bytes)
4573 5016       4       Many::m1855 (14 bytes)
4573 5015       3       Many::m1855 (14 bytes)   made not entrant: not used
4575 5017       3       Many::m1856 (14 bytes)
4576 5018       4       Many::m1856 (14 bytes)
4576 5017       3       Many::m1856 (14 bytes)   made not entrant: not used
4578 5019       3       Many::m1857 (14 bytes)
4578 5020       4       Many::m1857 (14 bytes)
4578 5019       3       Many::m1857 (14 bytes)   made not entrant: not used
4580 5021       3       Many::m1858 (14 bytes)
4580 5022       4       Many::m1858 (14 bytes)
4580 5021       3       Many::m1858 (14 bytes)   made not entrant: not used
4582 5023       3       Many::m1859 (14 bytes)
4583 5024       4       Many::m1859 (14 bytes)
4583 5023       3       Many::m1859 (14 bytes)   made not entrant: not used
4585 5025       3       Many::m1860 (14 bytes)
4585 5026       4       Many::m1860 (14 bytes)
4585 5025       3       Many::m1860 (14 bytes)   made not entrant: not used
4587 5027       3       Many::m1861 (14 bytes)
4587 5028       4       Many::m1861 (14 bytes)
4587 5027       3       Many::m1861 (14 bytes)   made not entrant: not used
4589 5029       3       Many::m1862 (14 bytes)
4589 5030       4       Many::m1862 (14 bytes)
4590 5029       3       Many::m1862 (14 bytes)   made not entrant: not used
4592 5031       3       Many::m1863 (14 bytes)
4592 5032       4       Many::m1863 (14 bytes)
4592 5031       3       Many::m1863 (14 bytes)   made not entrant: not used
4594 5033       3       Many::m1864 (14 bytes)
4594 5034       4       Many::m1864 (14 bytes)
4594 5033       3       Many::m1864 (14 bytes)   made not entrant: not used
4596 5035       3       Many::m1865 (14 bytes)
4596 5036       4       Many::m1865 (14 bytes)
4597 5035       3       Many::m1865 (14 bytes)   made not entrant: not used
4599 5037       3       Many::m1866 (14 bytes)
4599 5038       4       Many::m1866 (14 bytes)
4599 5037       3       Many::m1866 (14 bytes)   made not entrant: not used
4601 5039       3       Many::m1867 (14 bytes)
4601 5040       4       Many::m1867 (14 bytes)
4601 5039       3       Many::m1867 (14 bytes)   made not entrant: not used
4603 5041       3       Many::m1868 (14 bytes)
4603 5042       4       Many::m1868 (14 bytes)
4603 5041       3       Many::m1868 (14 bytes)   made not entrant: not used
4605 5043       3       Many::m1869 (14 bytes)
4606 5044       4       Many::m1869 (14 bytes)
4606 5043       3       Many::m1869 (14 bytes)   made not entrant: not used
4608 5045       3       Many::m1870 (14 bytes)
4608 5046       4       Many::m1870 (14 bytes)
4608 5045       3       Many::m1870 (14 bytes)   made not entrant: not used
4610 5047       3       Many::m1871 (14 bytes)
4610 5048       4       Many::m1871 (14 bytes)
4610 5047       3       Many::m1871 (14 bytes)   made not entrant: not used
4612 5049       3       Many::m1872 (14 bytes)
4613 5050       4       Many::m1872 (14 bytes)
4613 5049       3       Many::m1872 (14 bytes)   made not entrant: not used
4615 5051       3       Many::m1873 (14 bytes)
4615 5052       4       Many::m1873 (14 bytes)
4615 5051       3       Many::m1873 (14 bytes)   made not entrant: not used
4617 5053       3       Many::m1874 (14 bytes)
4617 5054       4       Many::m1874 (14 bytes)
4617 5053       3       Many::m1874 (14 bytes)   made not entrant: not used
4619 5055       3       Many::m1875 (14 bytes)
4619 5056       4       Many::m1875 (14 bytes)
4620 5055       3       Many::m1875 (14 bytes)   made not entrant: not used
4622 5057       3       Many::m1876 (14 bytes)
4622 5058       4       Many::m1876 (14 bytes)
4622 5057       3       Many::m1876 (14 bytes)   made not entrant: not used
4624 5059       3       Many::m1877 (14 bytes)
4624 5060       4       Many::m1877 (14 bytes)
4624 5059       3       Many::m1877 (14 bytes)   made not entrant: not used
4626 5061       3       Many::m1878 (14 bytes)
4626 5062       4       Many::m1878 (14 bytes)
4626 5061       3       Many::m1878 (14 bytes)   made not entrant: not used
4628 5063       3       Many::m1879 (14 bytes)
4629 5064       4       Many::m1879 (14 bytes)
4629 5063       3       Many::m1879 (14 bytes)   made not entrant: not used
4631 5065       3       Many::m1880 (14 bytes)
4631 5066       4       Many::m1880 (14 bytes)
4631 5065       3       Many::m1880 (14 bytes)   made not entrant: not used
4633 5067       3       Many::m1881 (14 bytes)
4633 5068       4       Many::m1881 (14 bytes)
4633 5067       3       Many::m1881 (14 bytes)   made not entrant: not used
4635 5069       3       Many::m1882 (14 bytes)
4636 5070       4       Many::m1882 (14 bytes)
4636 5069       3       Many::m1882 (14 bytes)   made not entrant: not used
4638 5071       3       Many::m1883 (14 bytes)
4638 5072       4       Many::m1883 (14 bytes)
4638 5071       3       Many::m1883 (14 bytes)   made not entrant: not used
4640 5073       3       Many::m1884 (14 bytes)
4640 5074       4       Many::m1884 (14 bytes)
4640 5073       3       Many::m1884 (14 bytes)   made not entrant: not used
4642 5075       3       Many::m1885 (14 bytes)
4642 5076       4       Many::m1885 (14 bytes)
4643 5075       3       Many::m1885 (14 bytes)   made not entrant: not used
4645 5077       3       Many::m1886 (14 bytes)
4645 5078       4       Many::m1886 (14 bytes)
4645 5077       3       Many::m1886 (14 bytes)   made not entrant: not used
4647 5079       3       Many::m1887 (14 bytes)
4647 5080       4       Many::m1887 (14 bytes)
4647 5079       3       Many::m1887 (14 bytes)   made not entrant: not used
4649 5081       3       Many::m1888 (14 bytes)
4649 5082       4       Many::m1888 (14 bytes)
4649 5081       3       Many::m1888 (14 bytes)   made not entrant: not used
4651 5083       3       Many::m1889 (14 bytes)
4652 5084       4       Many::m1889 (14 bytes)
4652 5083       3       Many::m1889 (14 bytes)   made not entrant: not used
4654 5085       3       Many::m1890 (14 bytes)
4654 5086       4       Many::m1890 (14 bytes)
4654 5085       3       Many::m1890 (14 bytes)   made not entrant: not used
4656 5087       3       Many::m1891 (14 bytes)
4656 5088       4       Many::m1891 (14 bytes)
4656 5087       3       Many::m1891 (14 bytes)   made not entrant: not used
4658 5089       3       Many::m1892 (14 bytes)
4659 5090       4       Many::m1892 (14 bytes)
4659 5089       3       Many::m1892 (14 bytes)   made not entrant: not used
4661 5091       3       Many::m1893 (14 bytes)
4661 5092       4       Many::m1893 (14 bytes)
4661 5091       3       Many::m1893 (14 bytes)   made not entrant: not used
4663 5093       3       Many::m1894 (14 bytes)
4663 5094       4       Many::m1894 (14 bytes)
4663 5093       3       Many::m1894 (14 bytes)   made not entrant: not used
4665 5095       3       Many::m1895 (14 bytes)
4665 5096       4       Many::m1895 (14 bytes)
4665 5095       3       Many::m1895 (14 bytes)   made not entrant: not used
4668 5097       3       Many::m1896 (14 bytes)
4668 5098       4       Many::m1896 (14 bytes)
4668 5097       3       Many::m1896 (14 bytes)   made not entrant: not used
4670 5099       3       Many::m1897 (14 bytes)
4670 5100       4       Many::m1897 (14 bytes)
4670 5099       3       Many::m1897 (14 bytes)   made not entrant: not used
4672 5101       3       Many::m1898 (14 bytes)
4672 5102       4       Many::m1898 (14 bytes)
4672 5101       3       Many::m1898 (14 bytes)   made not entrant: not used
4674 5103       3       Many::m1899 (14 bytes)
4675 5104       4       Many::m1899 (14 bytes)
4675 5103       3       Many::m1899 (14 bytes)   made not entrant: not used
4677 5105       3       Many::m1900 (14 bytes)
4677 5106       4       Many::m1900 (14 bytes)
4677 5105       3       Many::m1900 (14 bytes)   made not entrant: not used
4679 5107       3       Many::m1901 (14 bytes)
4679 5108       4       Many::m1901 (14 bytes)
4679 5107       3       Many::m1901 (14 bytes)   made not entrant: not used
4681 5109       3       Many::m1902 (14 bytes)
4682 5110       4       Many::m1902 (14 bytes)
4682 5109       3       Many::m1902 (14 bytes)   made not entrant: not used
4684 5111       3       Many::m1903 (14 bytes)
4684 5112       4       Many::m1903 (14 bytes)
4684 5111       3       Many::m1903 (14 bytes)   made not entrant: not used
4686 5113       3       Many::m1904 (14 bytes)
4686 5114       4       Many::m1904 (14 bytes)
4686 5113       3       Many::m1904 (14 bytes)   made not entrant: not used
4688 5115       3       Many::m1905 (14 bytes)
4688 5116       4       Many::m1905 (14 bytes)
4689 5115       3       Many::m1905 (14 bytes)   made not entrant: not used
4691 5117       3       Many::m1906 (14 bytes)
4691 5118       4       Many::m1906 (14 bytes)
4691 5117       3       Many::m1906 (14 bytes)   made not entrant: not used
4693 5119       3       Many::m1907 (14 bytes)
4693 5120       4       Many::m1907 (14 bytes)
4693 5119       3       Many::m1907 (14 bytes)   made not entrant: not used
4695 5121       3       Many::m1908 (14 bytes)
4695 5122       4       Many::m1908 (14 bytes)
4695 5121       3       Many::m1908 (14 bytes)   made not entrant: not used
4697 5123       3       Many::m1909 (14 bytes)
4698 5124       4       Many::m1909 (14 bytes)
4698 5123       3       Many::m1909 (14 bytes)   made not entrant: not used
4700 5125       3       Many::m1910 (14 bytes)
4700 5126       4       Many::m1910 (14 bytes)
4700 5125       3       Many::m1910 (14 bytes)   made not entrant: not used
4702 5127       3       Many::m1911 (14 bytes)
4702 5128       4       Many::m1911 (14 bytes)
4702 5127       3       Many::m1911 (14 bytes)   made not entrant: not used
4704 5129       3       Many::m1912 (14 bytes)
4705 5130       4       Many::m1912 (14 bytes)
4705 5129       3       Many::m1912 (14 bytes)   made not entrant: not used
4707 5131       3       Many::m1913 (14 bytes)
4707 5132       4       Many::m1913 (14 bytes)
4707 5131       3       Many::m1913 (14 bytes)   made not entrant: not used
4709 5133       3       Many::m1914 (14 bytes)
4709 5134       4       Many::m1914 (14 bytes)
4709 5133       3       Many::m1914 (14 bytes)   made not entrant: not used
4711 5135       3       Many::m1915 (14 bytes)
4711 5136       4       Many::m1915 (14 bytes)
4712 5135       3       Many::m1915 (14 bytes)   made not entrant: not used
4714 5137       3       Many::m1916 (14 bytes)
4714 5138       4       Many::m1916 (14 bytes)
4714 5137       3       Many::m1916 (14 bytes)   made not entrant: not used
4716 5139       3       Many::m1917 (14 bytes)
4716 5140       4       Many::m1917 (14 bytes)
4716 5139       3       Many::m1917 (14 bytes)   made not entrant: not used
4718 5141       3       Many::m1918 (14 bytes)
4718 5142       4       Many::m1918 (14 bytes)
4719 5141       3       Many::m1918 (14 bytes)   made not entrant: not used
4721 5143       3       Many::m1919 (14 bytes)
4721 5144       4       Many::m1919 (14 bytes)
4721 5143       3       Many::m1919 (14 bytes)   made not entrant: not used
4723 5145       3       Many::m1920 (14 bytes)
4723 5146       4       Many::m1920 (14 bytes)
4723 5145       3       Many::m1920 (14 bytes)   made not entrant: not used
4725 5147       3       Many::m1921 (14 bytes)
4725 5148       4       Many::m1921 (14 bytes)
4725 5147       3       Many::m1921 (14 bytes)   made not entrant: not used
4727 5149       3       Many::m1922 (14 bytes)
4728 5150       4       Many::m1922 (14 bytes)
4728 5149       3       Many::m1922 (14 bytes)   made not entrant: not used
4730 5151       3       Many::m1923 (14 bytes)
4730 5152       4       Many::m1923 (14 bytes)
4730 5151       3       Many::m1923 (14 bytes)   made not entrant: not used
4732 5153       3       Many::m1924 (14 bytes)
4732 5154       4       Many::m1924 (14 bytes)
4733 5153       3       Many::m1924 (14 bytes)   made not entrant: not used
4734 5155       3       Many::m1925 (14 bytes)
4734 5156       4       Many::m1925 (14 bytes)
4735 5155       3       Many::m1925 (14 bytes)   made not entrant: not used
4737 5157       3       Many::m1926 (14 bytes)
4737 5158       4       Many::m1926 (14 bytes)
4737 5157       3       Many::m1926 (14 bytes)   made not entrant: not used
4739 5159       3       Many::m1927 (14 bytes)
4739 5160       4       Many::m1927 (14 bytes)
4739 5159       3       Many::m1927 (14 bytes)   made not entrant: not used
4741 5161       3       Many::m1928 (14 bytes)
4741 5162       4       Many::m1928 (14 bytes)
4742 5161       3       Many::m1928 (14 bytes)   made not entrant: not used
4744 5163       3       Many::m1929 (14 bytes)
4744 5164       4       Many::m1929 (14 bytes)
4744 5163       3       Many::m1929 (14 bytes)   made not entrant: not used
4746 5165       3       Many::m1930 (14 bytes)
4746 5166       4       Many::m1930 (14 bytes)
4746 5165       3       Many::m1930 (14 bytes)   made not entrant: not used
4748 5167       3       Many::m1931 (14 bytes)
4748 5168       4       Many::m1931 (14 bytes)
4749 5167       3       Many::m1931 (14 bytes)   made not entrant: not used
4751 5169       3       Many::m1932 (14 bytes)
4751 5170       4       Many::m1932 (14 bytes)
4751 5169       3       Many::m1932 (14 bytes)   made not entrant: not used
4753 5171       3       Many::m1933 (14 bytes)
4753 5172       4       Many::m1933 (14 bytes)
4753 5171       3       Many::m1933 (14 bytes)   made not entrant: not used
4755 5173       3       Many::m1934 (14 bytes)
4755 5174       4       Many::m1934 (14 bytes)
4756 5173       3       Many::m1934 (14 bytes)   made not entrant: not used
4758 5175       3       Many::m1935 (14 bytes)
4758 5176       4       Many::m1935 (14 bytes)
4758 5175       3       Many::m1935 (14 bytes)   made not entrant: not used
4760 5177       3       Many::m1936 (14 bytes)
4760 5178       4       Many::m1936 (14 bytes)
4760 5177       3       Many::m1936 (14 bytes)   made not entrant: not used
4762 5179       3       Many::m1937 (14 bytes)
4762 5180       4       Many::m1937 (14 bytes)
4763 5179       3       Many::m1937 (14 bytes)   made not entrant: not used
4764 5181       3       Many::m1938 (14 bytes)
4765 5182       4       Many::m1938 (14 bytes)
4765 5181       3       Many::m1938 (14 bytes)   made not entrant: not used
4767 5183       3       Many::m1939 (14 bytes)
4767 5184       4       Many::m1939 (14 bytes)
4767 5183       3       Many::m1939 (14 bytes)   made not entrant: not used
4769 5185       3       Many::m1940 (14 bytes)
4769 5186       4       Many::m1940 (14 bytes)
4769 5185       3       Many::m1940 (14 bytes)   made not entrant: not used
4771 5187       3       Many::m1941 (14 bytes)
4772 5188       4       Many::m1941 (14 bytes)
4772 5187       3       Many::m1941 (14 bytes)   made not entrant: not used
4774 5189       3       Many::m1942 (14 bytes)
4774 5190       4       Many::m1942 (14 bytes)
4774 5189       3       Many::m1942 (14 bytes)   made not entrant: not used
4776 5191       3       Many::m1943 (14 bytes)
4776 5192       4       Many::m1943 (14 bytes)
4776 5191       3       Many::m1943 (14 bytes)   made not entrant: not used
4778 5193       3       Many::m1944 (14 bytes)
4779 5194       4       Many::m1944 (14 bytes)
4779 5193       3       Many::m1944 (14 bytes)   made not entrant: not used
4781 5195       3       Many::m1945 (14 bytes)
4781 5196       4       Many::m1945 (14 bytes)
4781 5195       3       Many::m1945 (14 bytes)   made not entrant: not used
4783 5197       3       Many::m1946 (14 bytes)
4783 5198       4       Many::m1946 (14 bytes)
4783 5197       3       Many::m1946 (14 bytes)   made not entrant: not used
4785 5199       3       Many::m1947 (14 bytes)
4785 5200       4       Many::m1947 (14 bytes)
4786 5199       3       Many::m1947 (14 bytes)   made not entrant: not used
4788 5201       3       Many::m1948 (14 bytes)
4788 5202       4       Many::m1948 (14 bytes)
4788 5201       3       Many::m1948 (14 bytes)   made not entrant: not used
4790 5203       3       Many::m1949 (14 bytes)
4790 5204       4       Many::m1949 (14 bytes)
4790 5203       3       Many::m1949 (14 bytes)   made not entrant: not used
4792 5205       3       Many::m1950 (14 bytes)
4792 5206       4       Many::m1950 (14 bytes)
4793 5205       3       Many::m1950 (14 bytes)   made not entrant: not used
4795 5207       3       Many::m1951 (14 bytes)
4795 5208       4       Many::m1951 (14 bytes)
4795 5207       3       Many::m1951 (14 bytes)   made not entrant: not used
4797 5209       3       Many::m1952 (14 bytes)
4797 5210       4       Many::m1952 (14 bytes)
4797 5209       3       Many::m1952 (14 bytes)   made not entrant: not used
4799 5211       3       Many::m1953 (14 bytes)
4800 5212       4       Many::m1953 (14 bytes)
4800 5211       3       Many::m1953 (14 bytes)   made not entrant: not used
4802 5213       3       Many::m1954 (14 bytes)
4802 5214       4       Many::m1954 (14 bytes)
4802 5213       3       Many::m1954 (14 bytes)   made not entrant: not used
4804 5215       3       Many::m1955 (14 bytes)
4804 5216       4       Many::m1955 (14 bytes)
4804 5215       3       Many::m1955 (14 bytes)   made not entrant: not used
4806 5217       3       Many::m1956 (14 bytes)
4806 5218       4       Many::m1956 (14 bytes)
4806 5217       3       Many::m1956 (14 bytes)   made not entrant: not used
4808 5219       3       Many::m1957 (14 bytes)
4809 5220       4       Many::m1957 (14 bytes)
4809 5219       3       Many::m1957 (14 bytes)   made not entrant: not used
4811 5221       3       Many::m1958 (14 bytes)
4811 5222       4       Many::m1958 (14 bytes)
4811 5221       3       Many::m1958 (14 bytes)   made not entrant: not used
4813 5223       3       Many::m1959 (14 bytes)
4813 5224       4       Many::m1959 (14 bytes)
4813 5223       3       Many::m1959 (14 bytes)   made not entrant: not used
4815 5225       3       Many::m1960 (14 bytes)
4816 5226       4       Many::m1960 (14 bytes)
4816 5225       3       Many::m1960 (14 bytes)   made not entrant: not used
4818 5227       3       Many::m1961 (14 bytes)
4818 5228       4       Many::m1961 (14 bytes)
4818 5227       3       Many::m1961 (14 bytes)   made not entrant: not used
4820 5229       3       Many::m1962 (14 bytes)
4820 5230       4       Many::m1962 (14 bytes)
4821 5229       3       Many::m1962 (14 bytes)   made not entrant: not used
4823 5231       3       Many::m1963 (14 bytes)
4823 5232       4       Many::m1963 (14 bytes)
4823 5231       3       Many::m1963 (14 bytes)   made not entrant: not used
4825 5233       3       Many::m1964 (14 bytes)
4825 5234       4       Many::m1964 (14 bytes)
4825 5233       3       Many::m1964 (14 bytes)   made not entrant: not used
4827 5235       3       Many::m1965 (14 bytes)
4827 5236       4       Many::m1965 (14 bytes)
4827 5235       3       Many::m1965 (14 bytes)   made not entrant: not used
4830 5237       3       Many::m1966 (14 bytes)
4830 5238       4       Many::m1966 (14 bytes)
4830 5237       3       Many::m1966 (14 bytes)   made not entrant: not used
4832 5239       3       Many::m1967 (14 bytes)
4832 5240       4       Many::m1967 (14 bytes)
4832 5239       3       Many::m1967 (14 bytes)   made not entrant: not used
4834 5241       3       Many::m1968 (14 bytes)
4834 5242       4       Many::m1968 (14 bytes)
4835 5241       3       Many::m1968 (14 bytes)   made not entrant: not used
4836 5243       3       Many::m1969 (14 bytes)
4837 5244       4       Many::m1969 (14 bytes)
4837 5243       3       Many::m1969 (14 bytes)   made not entrant: not used
4839 5245       3       Many::m1970 (14 bytes)
4839 5246       4       Many::m1970 (14 bytes)
4839 5245       3       Many::m1970 (14 bytes)   made not entrant: not used
4841 5247       3       Many::m1971 (14 bytes)
4841 5248       4       Many::m1971 (14 bytes)
4841 5247       3       Many::m1971 (14 bytes)   made not entrant: not used
4843 5249       3       Many::m1972 (14 bytes)
4844 5250       4       Many::m1972 (14 bytes)
4844 5249       3       Many::m1972 (14 bytes)   made not entrant: not used
4846 5251       3       Many::m1973 (14 bytes)
4846 5252       4       Many::m1973 (14 bytes)
4846 5251       3       Many::m1973 (14 bytes)   made not entrant: not used
4848 5253       3       Many::m1974 (14 bytes)
4848 5254       4       Many::m1974 (14 bytes)
4848 5253       3       Many::m1974 (14 bytes)   made not entrant: not used
4850 5255       3       Many::m1975 (14 bytes)
4851 5256       4       Many::m1975 (14 bytes)
4851 5255       3       Many::m1975 (14 bytes)   made not entrant: not used
4853 5257       3       Many::m1976 (14 bytes)
4853 5258       4       Many::m1976 (14 bytes)
4853 5257       3       Many::m1976 (14 bytes)   made not entrant: not used
4855 5259       3       Many::m1977 (14 bytes)
4855 5260       4       Many::m1977 (14 bytes)
4855 5259       3       Many::m1977 (14 bytes)   made not entrant: not used
4857 5261       3       Many::m1978 (14 bytes)
4858 5262       4       Many::m1978 (14 bytes)
4858 5261       3       Many::m1978 (14 bytes)   made not entrant: not used
4860 5263       3       Many::m1979 (14 bytes)
4860 5264       4       Many::m1979 (14 bytes)
4860 5263       3       Many::m1979 (14 bytes)   made not entrant: not used
4862 5265       3       Many::m1980 (14 bytes)
4862 5266       4       Many::m1980 (14 bytes)
4862 5265       3       Many::m1980 (14 bytes)   made not entrant: not used
4864 5267       3       Many::m1981 (14 bytes)
4864 5268       4       Many::m1981 (14 bytes)
4864 5267       3       Many::m1981 (14 bytes)   made not entrant: not used
4867 5269       3       Many::m1982 (14 bytes)
4867 5270       4       Many::m1982 (14 bytes)
4867 5269       3       Many::m1982 (14 bytes)   made not entrant: not used
4869 5271       3       Many::m1983 (14 bytes)
4869 5272       4       Many::m1983 (14 bytes)
4869 5271       3       Many::m1983 (14 bytes)   made not entrant: not used
4871 5273       3       Many::m1984 (14 bytes)
4871 5274       4       Many::m1984 (14 bytes)
4871 5273       3       Many::m1984 (14 bytes)   made not entrant: not used
4873 5275       3       Many::m1985 (14 bytes)
4874 5276       4       Many::m1985 (14 bytes)
4874 5275       3       Many::m1985 (14 bytes)   made not entrant: not used
4876 5277       3       Many::m1986 (14 bytes)
4876 5278       4       Many::m1986 (14 bytes)
4876 5277       3       Many::m1986 (14 bytes)   made not entrant: not used
4878 5279       3       Many::m1987 (14 bytes)
4878 5280       4       Many::m1987 (14 bytes)
4878 5279       3       Many::m1987 (14 bytes)   made not entrant: not used
4880 5281       3       Many::m1988 (14 bytes)
4880 5282       4       Many::m1988 (14 bytes)
4881 5281       3       Many::m1988 (14 bytes)   made not entrant: not used
4883 5283       3       Many::m1989 (14 bytes)
4883 5284       4       Many::m1989 (14 bytes)
4883 5283       3       Many::m1989 (14 bytes)   made not entrant: not used
4885 5285       3       Many::m1990 (14 bytes)
4885 5286       4       Many::m1990 (14 bytes)
4885 5285       3       Many::m1990 (14 bytes)   made not entrant: not used
4887 5287       3       Many::m1991 (14 bytes)
4887 5288       4       Many::m1991 (14 bytes)
4887 5287       3       Many::m1991 (14 bytes)   made not entrant: not used
4889 5289       3       Many::m1992 (14 bytes)
4890 5290       4       Many::m1992 (14 bytes)
4890 5289       3       Many::m1992 (14 bytes)   made not entrant: not used
4892 5291       3       Many::m1993 (14 bytes)
4892 5292       4       Many::m1993 (14 bytes)
4892 5291       3       Many::m1993 (14 bytes)   made not entrant: not used
4894 5293       3       Many::m1994 (14 bytes)
4894 5294       4       Many::m1994 (14 bytes)
4894 5293       3       Many::m1994 (14 bytes)   made not entrant: not used
4896 5295       3       Many::m1995 (14 bytes)
4897 5296       4       Many::m1995 (14 bytes)
4897 5295       3       Many::m1995 (14 bytes)   made not entrant: not used
4899 5297       3       Many::m1996 (14 bytes)
4899 5298       4       Many::m1996 (14 bytes)
4899 5297       3       Many::m1996 (14 bytes)   made not entrant: not used
4901 5299       3       Many::m1997 (14 bytes)
4901 5300       4       Many::m1997 (14 bytes)
4901 5299       3       Many::m1997 (14 bytes)   made not entrant: not used
4903 5301       3       Many::m1998 (14 bytes)
4903 5302       4       Many::m1998 (14 bytes)
4904 5301       3       Many::m1998 (14 bytes)   made not entrant: not used
4906 5303       3       Many::m1999 (14 bytes)
4906 5304       4       Many::m1999 (14 bytes)
4906 5303       3       Many::m1999 (14 bytes)   made not entrant: not used
4908 5305       3       Many::m2000 (14 bytes)
4908 5306       4       Many::m2000 (14 bytes)
4908 5305       3       Many::m2000 (14 bytes)   made not entrant: not used
4910 5307       3       Many::m2001 (14 bytes)
4910 5308       4       Many::m2001 (14 bytes)
4910 5307       3       Many::m2001 (14 bytes)   made not entrant: not used
4913 5309       3       Many::m2002 (14 bytes)
4913 5310       4       Many::m2002 (14 bytes)
4913 5309       3       Many::m2002 (14 bytes)   made not entrant: not used
4915 5311       3       Many::m2003 (14 bytes)
4915 5312       4       Many::m2003 (14 bytes)
4915 5311       3       Many::m2003 (14 bytes)   made not entrant: not used
4917 5313       3       Many::m2004 (14 bytes)
4917 5314       4       Many::m2004 (14 bytes)
4917 5313       3       Many::m2004 (14 bytes)   made not entrant: not used
4919 5315       3       Many::m2005 (14 bytes)
4920 5316       4       Many::m2005 (14 bytes)
4920 5315       3       Many::m2005 (14 bytes)   made not entrant: not used
4922 5317       3       Many::m2006 (14 bytes)
4922 5318       4       Many::m2006 (14 bytes)
4922 5317       3       Many::m2006 (14 bytes)   made not entrant: not used
4924 5319       3       Many::m2007 (14 bytes)
4924 5320       4       Many::m2007 (14 bytes)
4924 5319       3       Many::m2007 (14 bytes)   made not entrant: not used
4926 5321       3       Many::m2008 (14 bytes)
4926 5322       4       Many::m2008 (14 bytes)
4927 5321       3       Many::m2008 (14 bytes)   made not entrant: not used
4929 5323       3       Many::m2009 (14 bytes)
4929 5324       4       Many::m2009 (14 bytes)
4929 5323       3       Many::m2009 (14 bytes)   made not entrant: not used
4931 5325       3       Many::m2010 (14 bytes)
4931 5326       4       Many::m2010 (14 bytes)
4931 5325       3       Many::m2010 (14 bytes)   made not entrant: not used
4933 5327       3       Many::m2011 (14 bytes)
4933 5328       4       Many::m2011 (14 bytes)
4933 5327       3       Many::m2011 (14 bytes)   made not entrant: not used
4935 5329       3       Many::m2012 (14 bytes)
4936 5330       4       Many::m2012 (14 bytes)
4936 5329       3       Many::m2012 (14 bytes)   made not entrant: not used
4938 5331       3       Many::m2013 (14 bytes)
4938 5332       4       Many::m2013 (14 bytes)
4938 5331       3       Many::m2013 (14 bytes)   made not entrant: not used
4940 5333       3       Many::m2014 (14 bytes)
4940 5334       4       Many::m2014 (14 bytes)
4940 5333       3       Many::m2014 (14 bytes)   made not entrant: not used
4942 5335       3       Many::m2015 (14 bytes)
4943 5336       4       Many::m2015 (14 bytes)
4943 5335       3       Many::m2015 (14 bytes)   made not entrant: not used
4945 5337       3       Many::m2016 (14 bytes)
4945 5338       4       Many::m2016 (14 bytes)
4945 5337       3       Many::m2016 (14 bytes)   made not entrant: not used
4947 5339       3       Many::m2017 (14 bytes)
4947 5340       4       Many::m2017 (14 bytes)
4947 5339       3       Many::m2017 (14 bytes)   made not entrant: not used
4949 5341       3       Many::m2018 (14 bytes)
4949 5342       4       Many::m2018 (14 bytes)
4950 5341       3       Many::m2018 (14 bytes)   made not entrant: not used
4952 5343       3       Many::m2019 (14 bytes)
4952 5344       4       Many::m2019 (14 bytes)
4952 5343       3       Many::m2019 (14 bytes)   made not entrant: not used
4954 5345       3       Many::m2020 (14 bytes)
4954 5346       4       Many::m2020 (14 bytes)
4954 5345       3       Many::m2020 (14 bytes)   made not entrant: not used
4956 5347       3       Many::m2021 (14 bytes)
4956 5348       4       Many::m2021 (14 bytes)
4956 5347       3       Many::m2021 (14 bytes)   made not entrant: not used
4958 5349       3       Many::m2022 (14 bytes)
4958 5350       4       Many::m2022 (14 bytes)
4959 5349       3       Many::m2022 (14 bytes)   made not entrant: not used
4961 5351       3       Many::m2023 (14 bytes)
4961 5352       4       Many::m2023 (14 bytes)
4961 5351       3       Many::m2023 (14 bytes)   made not entrant: not used
4963 5353       3       Many::m2024 (14 bytes)
4963 5354       4       Many::m2024 (14 bytes)
4963 5353       3       Many::m2024 (14 bytes)   made not entrant: not used
4965 5355       3       Many::m2025 (14 bytes)
4965 5356       4       Many::m2025 (14 bytes)
4965 5355       3       Many::m2025 (14 bytes)   made not entrant: not used
4968 5357       3       Many::m2026 (14 bytes)
4968 5358       4       Many::m2026 (14 bytes)
4968 5357       3       Many::m2026 (14 bytes)   made not entrant: not used
4970 5359       3       Many::m2027 (14 bytes)
4970 5360       4       Many::m2027 (14 bytes)
4970 5359       3       Many::m2027 (14 bytes)   made not entrant: not used
4972 5361       3       Many::m2028 (14 bytes)
4972 5362       4       Many::m2028 (14 bytes)
4972 5361       3       Many::m2028 (14 bytes)   made not entrant: not used
4974 5363       3       Many::m2029 (14 bytes)
4975 5364       4       Many::m2029 (14 bytes)
4975 5363       3       Many::m2029 (14 bytes)   made not entrant: not used
4977 5365       3       Many::m2030 (14 bytes)
4977 5366       4       Many::m2030 (14 bytes)
4977 5365       3       Many::m2030 (14 bytes)   made not entrant: not used
4979 5367       3       Many::m2031 (14 bytes)
4979 5368       4       Many::m2031 (14 bytes)
4979 5367       3       Many::m2031 (14 bytes)   made not entrant: not used
4981 5369       3       Many::m2032 (14 bytes)
4982 5370       4       Many::m2032 (14 bytes)
4982 5369       3       Many::m2032 (14 bytes)   made not entrant: not used
4984 5371       3       Many::m2033 (14 bytes)
4984 5372       4       Many::m2033 (14 bytes)
4984 5371       3       Many::m2033 (14 bytes)   made not entrant: not used
4986 5373       3       Many::m2034 (14 bytes)
4986 5374       4       Many::m2034 (14 bytes)
4986 5373       3       Many::m2034 (14 bytes)   made not entrant: not used
4988 5375       3       Many::m2035 (14 bytes)
4989 5376       4       Many::m2035 (14 bytes)
4989 5375       3       Many::m2035 (14 bytes)   made not entrant: not used
4991 5377       3       Many::m2036 (14 bytes)
4991 5378       4       Many::m2036 (14 bytes)
4991 5377       3       Many::m2036 (14 bytes)   made not entrant: not used
4993 5379       3       Many::m2037 (14 bytes)
4993 5380       4       Many::m2037 (14 bytes)
4993 5379       3       Many::m2037 (14 bytes)   made not entrant: not used
4995 5381       3       Many::m2038 (14 bytes)
4995 5382       4       Many::m2038 (14 bytes)
4996 5381       3       Many::m2038 (14 bytes)   made not entrant: not used
4998 5383       3       Many::m2039 (14 bytes)
4998 5384       4       Many::m2039 (14 bytes)
4998 5383       3       Many::m2039 (14 bytes)   made not entrant: not used
5000 5385       3       Many::m2040 (14 bytes)
5000 5386       4       Many::m2040 (14 bytes)
5000 5385       3       Many::m2040 (14 bytes)   made not entrant: not used
5002 5387       3       Many::m2041 (14 bytes)
5002 5388       4       Many::m2041 (14 bytes)
5003 5387       3       Many::m2041 (14 bytes)   made not entrant: not used
5005 5389       3       Many::m2042 (14 bytes)
5005 5390       4       Many::m2042 (14 bytes)
5005 5389       3       Many::m2042 (14 bytes)   made not entrant: not used
5007 5391       3       Many::m2043 (14 bytes)
5007 5392       4       Many::m2043 (14 bytes)
5007 5391       3       Many::m2043 (14 bytes)   made not entrant: not used
5009 5393       3       Many::m2044 (14 bytes)
5009 5394       4       Many::m2044 (14 bytes)
5009 5393       3       Many::m2044 (14 bytes)   made not entrant: not used
5011 5395       3       Many::m2045 (14 bytes)
5012 5396       4       Many::m2045 (14 bytes)
5012 5395       3       Many::m2045 (14 bytes)   made not entrant: not used
5014 5397       3       Many::m2046 (14 bytes)
5014 5398       4       Many::m2046 (14 bytes)
5014 5397       3       Many::m2046 (14 bytes)   made not entrant: not used
5016 5399       3       Many::m2047 (14 bytes)
5016 5400       4       Many::m2047 (14 bytes)
5016 5399       3       Many::m2047 (14 bytes)   made not entrant: not used
5018 5401       3       Many::m2048 (14 bytes)
5019 5402       4       Many::m2048 (14 bytes)
5019 5401       3       Many::m2048 (14 bytes)   made not entrant: not used
5021 5403       3       Many::m2049 (14 bytes)
5021 5404       4       Many::m2049 (14 bytes)
5021 5403       3       Many::m2049 (14 bytes)   made not entrant: not used
5023 5405       3       Many::m2050 (14 bytes)
5023 5406       4       Many::m2050 (14 bytes)
5023 5405       3       Many::m2050 (14 bytes)   made not entrant: not used
5025 5407       3       Many::m2051 (14 bytes)
5025 5408       4       Many::m2051 (14 bytes)
5026 5407       3       Many::m2051 (14 bytes)   made not entrant: not used
5028 5409       3       Many::m2052 (14 bytes)
5028 5410       4       Many::m2052 (14 bytes)
5028 5409       3       Many::m2052 (14 bytes)   made not entrant: not used
5030 5411       3       Many::m2053 (14 bytes)
5030 5412       4       Many::m2053 (14 bytes)
5030 5411       3       Many::m2053 (14 bytes)   made not entrant: not used
5032 5413       3       Many::m2054 (14 bytes)
5032 5414       4       Many::m2054 (14 bytes)
5033 5413       3       Many::m2054 (14 bytes)   made not entrant: not used
5035 5415       3       Many::m2055 (14 bytes)
5035 5416       4       Many::m2055 (14 bytes)
5035 5415       3       Many::m2055 (14 bytes)   made not entrant: not used
5037 5417       3       Many::m2056 (14 bytes)
5037 5418       4       Many::m2056 (14 bytes)
5037 5417       3       Many::m2056 (14 bytes)   made not entrant: not used
5039 5419       3       Many::m2057 (14 bytes)
5039 5420       4       Many::m2057 (14 bytes)
5039 5419       3       Many::m2057 (14 bytes)   made not entrant: not used
5041 5421       3       Many::m2058 (14 bytes)
5042 5422       4       Many::m2058 (14 bytes)
5042 5421       3       Many::m2058 (14 bytes)   made not entrant: not used
5044 5423       3       Many::m2059 (14 bytes)
5044 5424       4       Many::m2059 (14 bytes)
5044 5423       3       Many::m2059 (14 bytes)   made not entrant: not used
5046 5425       3       Many::m2060 (14 bytes)
5046 5426       4       Many::m2060 (14 bytes)
5046 5425       3       Many::m2060 (14 bytes)   made not entrant: not used
5048 5427       3       Many::m2061 (14 bytes)
5048 5428       4       Many::m2061 (14 bytes)
5049 5427       3       Many::m2061 (14 bytes)   made not entrant: not used
5051 5429       3       Many::m2062 (14 bytes)
5051 5430       4       Many::m2062 (14 bytes)
5051 5429       3       Many::m2062 (14 bytes)   made not entrant: not used
5053 5431       3       Many::m2063 (14 bytes)
5053 5432       4       Many::m2063 (14 bytes)
5053 5431       3       Many::m2063 (14 bytes)   made not entrant: not used
5055 5433       3       Many::m2064 (14 bytes)
5055 5434       4       Many::m2064 (14 bytes)
5055 5433       3       Many::m2064 (14 bytes)   made not entrant: not used
5057 5435       3       Many::m2065 (14 bytes)
5058 5436       4       Many::m2065 (14 bytes)
5058 5435       3       Many::m2065 (14 bytes)   made not entrant: not used
5060 5437       3       Many::m2066 (14 bytes)
5060 5438       4       Many::m2066 (14 bytes)
5060 5437       3       Many::m2066 (14 bytes)   made not entrant: not used
5062 5439       3       Many::m2067 (14 bytes)
5062 5440       4       Many::m2067 (14 bytes)
5062 5439       3       Many::m2067 (14 bytes)   made not entrant: not used
5064 5441       3       Many::m2068 (14 bytes)
5065 5442       4       Many::m2068 (14 bytes)
5065 5441       3       Many::m2068 (14 bytes)   made not entrant: not used
5067 5443       3       Many::m2069 (14 bytes)
5067 5444       4       Many::m2069 (14 bytes)
5067 5443       3       Many::m2069 (14 bytes)   made not entrant: not used
5069 5445       3       Many::m2070 (14 bytes)
5069 5446       4       Many::m2070 (14 bytes)
5069 5445       3       Many::m2070 (14 bytes)   made not entrant: not used
5071 5447       3       Many::m2071 (14 bytes)
5071 5448       4       Many::m2071 (14 bytes)
5072 5447       3       Many::m2071 (14 bytes)   made not entrant: not used
5074 5449       3       Many::m2072 (14 bytes)
5074 5450       4       Many::m2072 (14 bytes)
5074 5449       3       Many::m2072 (14 bytes)   made not entrant: not used
5076 5451       3       Many::m2073 (14 bytes)
5076 5452       4       Many::m2073 (14 bytes)
5076 5451       3       Many::m2073 (14 bytes)   made not entrant: not used
5078 5453       3       Many::m2074 (14 bytes)
5078 5454       4       Many::m2074 (14 bytes)
5078 5453       3       Many::m2074 (14 bytes)   made not entrant: not used
5080 5455       3       Many::m2075 (14 bytes)
5081 5456       4       Many::m2075 (14 bytes)
5081 5455       3       Many::m2075 (14 bytes)   made not entrant: not used
5083 5457       3       Many::m2076 (14 bytes)
5083 5458       4       Many::m2076 (14 bytes)
5083 5457       3       Many::m2076 (14 bytes)   made not entrant: not used
5085 5459       3       Many::m2077 (14 bytes)
5085 5460       4       Many::m2077 (14 bytes)
5085 5459       3       Many::m2077 (14 bytes)   made not entrant: not used
5087 5461       3       Many::m2078 (14 bytes)
5087 5462       4       Many::m2078 (14 bytes)
5088 5461       3       Many::m2078 (14 bytes)   made not entrant: not used
5090 5463       3       Many::m2079 (14 bytes)
5090 5464       4       Many::m2079 (14 bytes)
5090 5463       3       Many::m2079 (14 bytes)   made not entrant: not used
5092 5465       3       Many::m2080 (14 bytes)
5092 5466       4       Many::m2080 (14 bytes)
5092 5465       3       Many::m2080 (14 bytes)   made not entrant: not used
5094 5467       3       Many::m2081 (14 bytes)
5094 5468       4       Many::m2081 (14 bytes)
5094 5467       3       Many::m2081 (14 bytes)   made not entrant: not used
5096 5469       3       Many::m2082 (14 bytes)
5097 5470       4       Many::m2082 (14 bytes)
5097 5469       3       Many::m2082 (14 bytes)   made not entrant: not used
5099 5471       3       Many::m2083 (14 bytes)
5099 5472       4       Many::m2083 (14 bytes)
5099 5471       3       Many::m2083 (14 bytes)   made not entrant: not used
5101 5473       3       Many::m2084 (14 bytes)
5101 5474       4       Many::m2084 (14 bytes)
5101 5473       3       Many::m2084 (14 bytes)   made not entrant: not used
5103 5475       3       Many::m2085 (14 bytes)
5104 5476       4       Many::m2085 (14 bytes)
5104 5475       3       Many::m2085 (14 bytes)   made not entrant: not used
5106 5477       3       Many::m2086 (14 bytes)
5106 5478       4       Many::m2086 (14 bytes)
5106 5477       3       Many::m2086 (14 bytes)   made not entrant: not used
5108 5479       3       Many::m2087 (14 bytes)
5108 5480       4       Many::m2087 (14 bytes)
5108 5479       3       Many::m2087 (14 bytes)   made not entrant: not used
5110 5481       3       Many::m2088 (14 bytes)
5110 5482       4       Many::m2088 (14 bytes)
5111 5481       3       Many::m2088 (14 bytes)   made not entrant: not used
5113 5483       3       Many::m2089 (14 bytes)
5113 5484       4       Many::m2089 (14 bytes)
5113 5483       3       Many::m2089 (14 bytes)   made not entrant: not used
5115 5485       3       Many::m2090 (14 bytes)
5115 5486       4       Many::m2090 (14 bytes)
5115 5485       3       Many::m2090 (14 bytes)   made not entrant: not used
5117 5487       3       Many::m2091 (14 bytes)
5117 5488       4       Many::m2091 (14 bytes)
5118 5487       3       Many::m2091 (14 bytes)   made not entrant: not used
5120 5489       3       Many::m2092 (14 bytes)
5120 5490       4       Many::m2092 (14 bytes)
5120 5489       3       Many::m2092 (14 bytes)   made not entrant: not used
5122 5491       3       Many::m2093 (14 bytes)
5122 5492       4       Many::m2093 (14 bytes)
5122 5491       3       Many::m2093 (14 bytes)   made not entrant: not used
5124 5493       3       Many::m2094 (14 bytes)
5124 5494       4       Many::m2094 (14 bytes)
5124 5493       3       Many::m2094 (14 bytes)   made not entrant: not used
5126 5495       3       Many::m2095 (14 bytes)
5127 5496       4       Many::m2095 (14 bytes)
5127 5495       3       Many::m2095 (14 bytes)   made not entrant: not used
5129 5497       3       Many::m2096 (14 bytes)
5129 5498       4       Many::m2096 (14 bytes)
5129 5497       3       Many::m2096 (14 bytes)   made not entrant: not used
5131 5499       3       Many::m2097 (14 bytes)
5131 5500       4       Many::m2097 (14 bytes)
5131 5499       3       Many::m2097 (14 bytes)   made not entrant: not used
5133 5501       3       Many::m2098 (14 bytes)
5133 5502       4       Many::m2098 (14 bytes)
5134 5501       3       Many::m2098 (14 bytes)   made not entrant: not used
5136 5503       3       Many::m2099 (14 bytes)
5136 5504       4       Many::m2099 (14 bytes)
5136 5503       3       Many::m2099 (14 bytes)   made not entrant: not used
5138 5505       3       Many::m2100 (14 bytes)
5138 5506       4       Many::m2100 (14 bytes)
5138 5505       3       Many::m2100 (14 bytes)   made not entrant: not used
5140 5507       3       Many::m2101 (14 bytes)
5140 5508       4       Many::m2101 (14 bytes)
5140 5507       3       Many::m2101 (14 bytes)   made not entrant: not used
5142 5509       3       Many::m2102 (14 bytes)
5143 5510       4       Many::m2102 (14 bytes)
5143 5509       3       Many::m2102 (14 bytes)   made not entrant: not used
5145 5511       3       Many::m2103 (14 bytes)
5145 5512       4       Many::m2103 (14 bytes)
5145 5511       3       Many::m2103 (14 bytes)   made not entrant: not used
5147 5513       3       Many::m2104 (14 bytes)
5147 5514       4       Many::m2104 (14 bytes)
5147 5513       3       Many::m2104 (14 bytes)   made not entrant: not used
5149 5515       3       Many::m2105 (14 bytes)
5150 5516       4       Many::m2105 (14 bytes)
5150 5515       3       Many::m2105 (14 bytes)   made not entrant: not used
5152 5517       3       Many::m2106 (14 bytes)
5152 5518       4       Many::m2106 (14 bytes)
5152 5517       3       Many::m2106 (14 bytes)   made not entrant: not used
5154 5519       3       Many::m2107 (14 bytes)
5154 5520       4       Many::m2107 (14 bytes)
5154 5519       3       Many::m2107 (14 bytes)   made not entrant: not used
5156 5521       3       Many::m2108 (14 bytes)
5156 5522       4       Many::m2108 (14 bytes)
5157 5521       3       Many::m2108 (14 bytes)   made not entrant: not used
5159 5523       3       Many::m2109 (14 bytes)
5159 5524       4       Many::m2109 (14 bytes)
5159 5523       3       Many::m2109 (14 bytes)   made not entrant: not used
5161 5525       3       Many::m2110 (14 bytes)
5161 5526       4       Many::m2110 (14 bytes)
5161 5525       3       Many::m2110 (14 bytes)   made not entrant: not used
5163 5527       3       Many::m2111 (14 bytes)
5163 5528       4       Many::m2111 (14 bytes)
5163 5527       3       Many::m2111 (14 bytes)   made not entrant: not used
5165 5529       3       Many::m2112 (14 bytes)
5166 5530       4       Many::m2112 (14 bytes)
5166 5529       3       Many::m2112 (14 bytes)   made not entrant: not used
5168 5531       3       Many::m2113 (14 bytes)
5168 5532       4       Many::m2113 (14 bytes)
5168 5531       3       Many::m2113 (14 bytes)   made not entrant: not used
5170 5533       3       Many::m2114 (14 bytes)
5170 5534       4       Many::m2114 (14 bytes)
5170 5533       3       Many::m2114 (14 bytes)   made not entrant: not used
5172 5535       3       Many::m2115 (14 bytes)
5173 5536       4       Many::m2115 (14 bytes)
5173 5535       3       Many::m2115 (14 bytes)   made not entrant: not used
5175 5537       3       Many::m2116 (14 bytes)
5175 5538       4       Many::m2116 (14 bytes)
5175 5537       3       Many::m2116 (14 bytes)   made not entrant: not used
5177 5539       3       Many::m2117 (14 bytes)
5177 5540       4       Many::m2117 (14 bytes)
5177 5539       3       Many::m2117 (14 bytes)   made not entrant: not used
5179 5541       3       Many::m2118 (14 bytes)
5179 5542       4       Many::m2118 (14 bytes)
5180 5541       3       Many::m2118 (14 bytes)   made not entrant: not used
5182 5543       3       Many::m2119 (14 bytes)
5182 5544       4       Many::m2119 (14 bytes)
5182 5543       3       Many::m2119 (14 bytes)   made not entrant: not used
5184 5545       3       Many::m2120 (14 bytes)
5184 5546       4       Many::m2120 (14 bytes)
5184 5545       3       Many::m2120 (14 bytes)   made not entrant: not used
5186 5547       3       Many::m2121 (14 bytes)
5186 5548       4       Many::m2121 (14 bytes)
5186 5547       3       Many::m2121 (14 bytes)   made not entrant: not used
5188 5549       3       Many::m2122 (14 bytes)
5189 5550       4       Many::m2122 (14 bytes)
5189 5549       3       Many::m2122 (14 bytes)   made not entrant: not used
5191 5551       3       Many::m2123 (14 bytes)
5191 5552       4       Many::m2123 (14 bytes)
5191 5551       3       Many::m2123 (14 bytes)   made not entrant: not used
5193 5553       3       Many::m2124 (14 bytes)
5193 5554       4       Many::m2124 (14 bytes)
5193 5553       3       Many::m2124 (14 bytes)   made not entrant: not used
5195 5555       3       Many::m2125 (14 bytes)
5195 5556       4       Many::m2125 (14 bytes)
5196 5555       3       Many::m2125 (14 bytes)   made not entrant: not used
5198 5557       3       Many::m2126 (14 bytes)
5198 5558       4       Many::m2126 (14 bytes)
5198 5557       3       Many::m2126 (14 bytes)   made not entrant: not used
5200 5559       3       Many::m2127 (14 bytes)
5200 5560       4       Many::m2127 (14 bytes)
5200 5559       3       Many::m2127 (14 bytes)   made not entrant: not used
5202 5561       3       Many::m2128 (14 bytes)
5203 5562       4       Many::m2128 (14 bytes)
5203 5561       3       Many::m2128 (14 bytes)   made not entrant: not used
5205 5563       3       Many::m2129 (14 bytes)
5205 5564       4       Many::m2129 (14 bytes)
5205 5563       3       Many::m2129 (14 bytes)   made not entrant: not used
5207 5565       3       Many::m2130 (14 bytes)
5207 5566       4       Many::m2130 (14 bytes)
5207 5565       3       Many::m2130 (14 bytes)   made not entrant: not used
5209 5567       3       Many::m2131 (14 bytes)
5209 5568       4       Many::m2131 (14 bytes)
5210 5567       3       Many::m2131 (14 bytes)   made not entrant: not used
5211 5569       3       Many::m2132 (14 bytes)
5212 5570       4       Many::m2132 (14 bytes)
5212 5569       3       Many::m2132 (14 bytes)   made not entrant: not used
5214 5571       3       Many::m2133 (14 bytes)
5214 5572       4       Many::m2133 (14 bytes)
5214 5571       3       Many::m2133 (14 bytes)   made not entrant: not used
5216 5573       3       Many::m2134 (14 bytes)
5216 5574       4       Many::m2134 (14 bytes)
5216 5573       3       Many::m2134 (14 bytes)   made not entrant: not used
5218 5575       3       Many::m2135 (14 bytes)
5219 5576       4       Many::m2135 (14 bytes)
5219 5575       3       Many::m2135 (14 bytes)   made not entrant: not used
5221 5577       3       Many::m2136 (14 bytes)
5221 5578       4       Many::m2136 (14 bytes)
5221 5577       3       Many::m2136 (14 bytes)   made not entrant: not used
5223 5579       3       Many::m2137 (14 bytes)
5223 5580       4       Many::m2137 (14 bytes)
5223 5579       3       Many::m2137 (14 bytes)   made not entrant: not used
5225 5581       3       Many::m2138 (14 bytes)
5225 5582       4       Many::m2138 (14 bytes)
5225 5581       3       Many::m2138 (14 bytes)   made not entrant: not used
5227 5583       3       Many::m2139 (14 bytes)
5228 5584       4       Many::m2139 (14 bytes)
5228 5583       3       Many::m2139 (14 bytes)   made not entrant: not used
5230 5585       3       Many::m2140 (14 bytes)
5230 5586       4       Many::m2140 (14 bytes)
5230 5585       3       Many::m2140 (14 bytes)   made not entrant: not used
5232 5587       3       Many::m2141 (14 bytes)
5232 5588       4       Many::m2141 (14 bytes)
5233 5587       3       Many::m2141 (14 bytes)   made not entrant: not used
5235 5589       3       Many::m2142 (14 bytes)
5235 5590       4       Many::m2142 (14 bytes)
5235 5589       3       Many::m2142 (14 bytes)   made not entrant: not used
5237 5591       3       Many::m2143 (14 bytes)
5237 5592       4       Many::m2143 (14 bytes)
5237 5591       3       Many::m2143 (14 bytes)   made not entrant: not used
5239 5593       3       Many::m2144 (14 bytes)
5239 5594       4       Many::m2144 (14 bytes)
5239 5593       3       Many::m2144 (14 bytes)   made not entrant: not used
5241 5595       3       Many::m2145 (14 bytes)
5242 5596       4       Many::m2145 (14 bytes)
5242 5595       3       Many::m2145 (14 bytes)   made not entrant: not used
5244 5597       3       Many::m2146 (14 bytes)
5244 5598       4       Many::m2146 (14 bytes)
5244 5597       3       Many::m2146 (14 bytes)   made not entrant: not used
5246 5599       3       Many::m2147 (14 bytes)
5246 5600       4       Many::m2147 (14 bytes)
5246 5599       3       Many::m2147 (14 bytes)   made not entrant: not used
5248 5601       3       Many::m2148 (14 bytes)
5248 5602       4       Many::m2148 (14 bytes)
5249 5601       3       Many::m2148 (14 bytes)   made not entrant: not used
5251 5603       3       Many::m2149 (14 bytes)
5251 5604       4       Many::m2149 (14 bytes)
5251 5603       3       Many::m2149 (14 bytes)   made not entrant: not used
5253 5605       3       Many::m2150 (14 bytes)
5253 5606       4       Many::m2150 (14 bytes)
5253 5605       3       Many::m2150 (14 bytes)   made not entrant: not used
5255 5607       3       Many::m2151 (14 bytes)
5255 5608       4       Many::m2151 (14 bytes)
5255 5607       3       Many::m2151 (14 bytes)   made not entrant: not used
5258 5609       3       Many::m2152 (14 bytes)
5258 5610       4       Many::m2152 (14 bytes)
5258 5609       3       Many::m2152 (14 bytes)   made not entrant: not used
5260 5611       3       Many::m2153 (14 bytes)
5260 5612       4       Many::m2153 (14 bytes)
5260 5611       3       Many::m2153 (14 bytes)   made not entrant: not used
5262 5613       3       Many::m2154 (14 bytes)
5262 5614       4       Many::m2154 (14 bytes)
5262 5613       3       Many::m2154 (14 bytes)   made not entrant: not used
5264 5615       3       Many::m2155 (14 bytes)
5265 5616       4       Many::m2155 (14 bytes)
5265 5615       3       Many::m2155 (14 bytes)   made not entrant: not used
5267 5617       3       Many::m2156 (14 bytes)
5267 5618       4       Many::m2156 (14 bytes)
5267 5617       3       Many::m2156 (14 bytes)   made not entrant: not used
5269 5619       3       Many::m2157 (14 bytes)
5269 5620       4       Many::m2157 (14 bytes)
5269 5619       3       Many::m2157 (14 bytes)   made not entrant: not used
5271 5621       3       Many::m2158 (14 bytes)
5272 5622       4       Many::m2158 (14 bytes)
5272 5621       3       Many::m2158 (14 bytes)   made not entrant: not used
5274 5623       3       Many::m2159 (14 bytes)
5274 5624       4       Many::m2159 (14 bytes)
5274 5623       3       Many::m2159 (14 bytes)   made not entrant: not used
5276 5625       3       Many::m2160 (14 bytes)
5276 5626       4       Many::m2160 (14 bytes)
5276 5625       3       Many::m2160 (14 bytes)   made not entrant: not used
5278 5627       3       Many::m2161 (14 bytes)
5278 5628       4       Many::m2161 (14 bytes)
5279 5627       3       Many::m2161 (14 bytes)   made not entrant: not used
5281 5629       3       Many::m2162 (14 bytes)
5281 5630       4       Many::m2162 (14 bytes)
5281 5629       3       Many::m2162 (14 bytes)   made not entrant: not used
5283 5631       3       Many::m2163 (14 bytes)
5283 5632       4       Many::m2163 (14 bytes)
5283 5631       3       Many::m2163 (14 bytes)   made not entrant: not used
5285 5633       3       Many::m2164 (14 bytes)
5285 5634       4       Many::m2164 (14 bytes)
5286 5633       3       Many::m2164 (14 bytes)   made not entrant: not used
5288 5635       3       Many::m2165 (14 bytes)
5288 5636       4       Many::m2165 (14 bytes)
5288 5635       3       Many::m2165 (14 bytes)   made not entrant: not used
5290 5637       3       Many::m2166 (14 bytes)
5290 5638       4       Many::m2166 (14 bytes)
5290 5637       3       Many::m2166 (14 bytes)   made not entrant: not used
5292 5639       3       Many::m2167 (14 bytes)
5292 5640       4       Many::m2167 (14 bytes)
5292 5639       3       Many::m2167 (14 bytes)   made not entrant: not used
5294 5641       3       Many::m2168 (14 bytes)
5295 5642       4       Many::m2168 (14 bytes)
5295 5641       3       Many::m2168 (14 bytes)   made not entrant: not used
5297 5643       3       Many::m2169 (14 bytes)
5297 5644       4       Many::m2169 (14 bytes)
5297 5643       3       Many::m2169 (14 bytes)   made not entrant: not used
5299 5645       3       Many::m2170 (14 bytes)
5299 5646       4       Many::m2170 (14 bytes)
5299 5645       3       Many::m2170 (14 bytes)   made not entrant: not used
5301 5647       3       Many::m2171 (14 bytes)
5301 5648       4       Many::m2171 (14 bytes)
5302 5647       3       Many::m2171 (14 bytes)   made not entrant: not used
5304 5649       3       Many::m2172 (14 bytes)
5304 5650       4       Many::m2172 (14 bytes)
5304 5649       3       Many::m2172 (14 bytes)   made not entrant: not used
5306 5651       3       Many::m2173 (14 bytes)
5306 5652       4       Many::m2173 (14 bytes)
5306 5651       3       Many::m2173 (14 bytes)   made not entrant: not used
5308 5653       3       Many::m2174 (14 bytes)
5308 5654       4       Many::m2174 (14 bytes)
5309 5653       3       Many::m2174 (14 bytes)   made not entrant: not used
5311 5655       3       Many::m2175 (14 bytes)
5311 5656       4       Many::m2175 (14 bytes)
5311 5655       3       Many::m2175 (14 bytes)   made not entrant: not used
5313 5657       3       Many::m2176 (14 bytes)
5313 5658       4       Many::m2176 (14 bytes)
5313 5657       3       Many::m2176 (14 bytes)   made not entrant: not used
5315 5659       3       Many::m2177 (14 bytes)
5315 5660       4       Many::m2177 (14 bytes)
5315 5659       3       Many::m2177 (14 bytes)   made not entrant: not used
5318 5661       3       Many::m2178 (14 bytes)
5318 5662       4       Many::m2178 (14 bytes)
5318 5661       3       Many::m2178 (14 bytes)   made not entrant: not used
5320 5663       3       Many::m2179 (14 bytes)
5320 5664       4       Many::m2179 (14 bytes)
5320 5663       3       Many::m2179 (14 bytes)   made not entrant: not used
5322 5665       3       Many::m2180 (14 bytes)
5322 5666       4       Many::m2180 (14 bytes)
5322 5665       3       Many::m2180 (14 bytes)   made not entrant: not used
5324 5667       3       Many::m2181 (14 bytes)
5325 5668       4       Many::m2181 (14 bytes)
5325 5667       3       Many::m2181 (14 bytes)   made not entrant: not used
5327 5669       3       Many::m2182 (14 bytes)
5327 5670       4       Many::m2182 (14 bytes)
5327 5669       3       Many::m2182 (14 bytes)   made not entrant: not used
5329 5671       3       Many::m2183 (14 bytes)
5329 5672       4       Many::m2183 (14 bytes)
5329 5671       3       Many::m2183 (14 bytes)   made not entrant: not used
5331 5673       3       Many::m2184 (14 bytes)
5331 5674       4       Many::m2184 (14 bytes)
5332 5673       3       Many::m2184 (14 bytes)   made not entrant: not used
5334 5675       3       Many::m2185 (14 bytes)
5334 5676       4       Many::m2185 (14 bytes)
5334 5675       3       Many::m2185 (14 bytes)   made not entrant: not used
5336 5677       3       Many::m2186 (14 bytes)
5336 5678       4       Many::m2186 (14 bytes)
5336 5677       3       Many::m2186 (14 bytes)   made not entrant: not used
5338 5679       3       Many::m2187 (14 bytes)
5338 5680       4       Many::m2187 (14 bytes)
5339 5679       3       Many::m2187 (14 bytes)   made not entrant: not used
5341 5681       3       Many::m2188 (14 bytes)
5341 5682       4       Many::m2188 (14 bytes)
5341 5681       3       Many::m2188 (14 bytes)   made not entrant: not used
5343 5683       3       Many::m2189 (14 bytes)
5343 5684       4       Many::m2189 (14 bytes)
5343 5683       3       Many::m2189 (14 bytes)   made not entrant: not used
5345 5685       3       Many::m2190 (14 bytes)
5345 5686       4       Many::m2190 (14 bytes)
5345 5685       3       Many::m2190 (14 bytes)   made not entrant: not used
5347 5687       3       Many::m2191 (14 bytes)
5348 5688       4       Many::m2191 (14 bytes)
5348 5687       3       Many::m2191 (14 bytes)   made not entrant: not used
5350 5689       3       Many::m2192 (14 bytes)
5350 5690       4       Many::m2192 (14 bytes)
5350 5689       3       Many::m2192 (14 bytes)   made not entrant: not used
5352 5691       3       Many::m2193 (14 bytes)
5352 5692       4       Many::m2193 (14 bytes)
5352 5691       3       Many::m2193 (14 bytes)   made not entrant: not used
5354 5693       3       Many::m2194 (14 bytes)
5355 5694       4       Many::m2194 (14 bytes)
5355 5693       3       Many::m2194 (14 bytes)   made not entrant: not used
5357 5695       3       Many::m2195 (14 bytes)
5357 5696       4       Many::m2195 (14 bytes)
5357 5695       3       Many::m2195 (14 bytes)   made not entrant: not used
5359 5697       3       Many::m2196 (14 bytes)
5359 5698       4       Many::m2196 (14 bytes)
5359 5697       3       Many::m2196 (14 bytes)   made not entrant: not used
5361 5699       3       Many::m2197 (14 bytes)
5361 5700       4       Many::m2197 (14 bytes)
5362 5699       3       Many::m2197 (14 bytes)   made not entrant: not used
5364 5701       3       Many::m2198 (14 bytes)
5364 5702       4       Many::m2198 (14 bytes)
5364 5701       3       Many::m2198 (14 bytes)   made not entrant: not used
5366 5703       3       Many::m2199 (14 bytes)
5366 5704       4       Many::m2199 (14 bytes)
5366 5703       3       Many::m2199 (14 bytes)   made not entrant: not used
5368 5705       3       Many::m2200 (14 bytes)
5368 5706       4       Many::m2200 (14 bytes)
5368 5705       3       Many::m2200 (14 bytes)   made not entrant: not used
5370 5707       3       Many::m2201 (14 bytes)
5371 5708       4       Many::m2201 (14 bytes)
5371 5707       3       Many::m2201 (14 bytes)   made not entrant: not used
5373 5709       3       Many::m2202 (14 bytes)
5373 5710       4       Many::m2202 (14 bytes)
5373 5709       3       Many::m2202 (14 bytes)   made not entrant: not used
5375 5711       3       Many::m2203 (14 bytes)
5375 5712       4       Many::m2203 (14 bytes)
5375 5711       3       Many::m2203 (14 bytes)   made not entrant: not used
5377 5713       3       Many::m2204 (14 bytes)
5377 5714       4       Many::m2204 (14 bytes)
5378 5713       3       Many::m2204 (14 bytes)   made not entrant: not used
5380 5715       3       Many::m2205 (14 bytes)
5380 5716       4       Many::m2205 (14 bytes)
5380 5715       3       Many::m2205 (14 bytes)   made not entrant: not used
5382 5717       3       Many::m2206 (14 bytes)
5382 5718       4       Many::m2206 (14 bytes)
5382 5717       3       Many::m2206 (14 bytes)   made not entrant: not used
5384 5719       3       Many::m2207 (14 bytes)
5384 5720       4       Many::m2207 (14 bytes)
5385 5719       3       Many::m2207 (14 bytes)   made not entrant: not used
5387 5721       3       Many::m2208 (14 bytes)
5387 5722       4       Many::m2208 (14 bytes)
5387 5721       3       Many::m2208 (14 bytes)   made not entrant: not used
5389 5723       3       Many::m2209 (14 bytes)
5389 5724       4       Many::m2209 (14 bytes)
5389 5723       3       Many::m2209 (14 bytes)   made not entrant: not used
5391 5725       3       Many::m2210 (14 bytes)
5391 5726       4       Many::m2210 (14 bytes)
5391 5725       3       Many::m2210 (14 bytes)   made not entrant: not used
5393 5727       3       Many::m2211 (14 bytes)
5394 5728       4       Many::m2211 (14 bytes)
5394 5727       3       Many::m2211 (14 bytes)   made not entrant: not used
5396 5729       3       Many::m2212 (14 bytes)
5396 5730       4       Many::m2212 (14 bytes)
5396 5729       3       Many::m2212 (14 bytes)   made not entrant: not used
5398 5731       3       Many::m2213 (14 bytes)
5398 5732       4       Many::m2213 (14 bytes)
5398 5731       3       Many::m2213 (14 bytes)   made not entrant: not used
5400 5733       3       Many::m2214 (14 bytes)
5400 5734       4       Many::m2214 (14 bytes)
5401 5733       3       Many::m2214 (14 bytes)   made not entrant: not used
5403 5735       3       Many::m2215 (14 bytes)
5403 5736       4       Many::m2215 (14 bytes)
5403 5735       3       Many::m2215 (14 bytes)   made not entrant: not used
5405 5737       3       Many::m2216 (14 bytes)
5405 5738       4       Many::m2216 (14 bytes)
5405 5737       3       Many::m2216 (14 bytes)   made not entrant: not used
5407 5739       3       Many::m2217 (14 bytes)
5407 5740       4       Many::m2217 (14 bytes)
5407 5739       3       Many::m2217 (14 bytes)   made not entrant: not used
5409 5741       3       Many::m2218 (14 bytes)
5409 5742       4       Many::m2218 (14 bytes)
5410 5741       3       Many::m2218 (14 bytes)   made not entrant: not used
5412 5743       3       Many::m2219 (14 bytes)
5412 5744       4       Many::m2219 (14 bytes)
5412 5743       3       Many::m2219 (14 bytes)   made not entrant: not used
5414 5745       3       Many::m2220 (14 bytes)
5414 5746       4       Many::m2220 (14 bytes)
5414 5745       3       Many::m2220 (14 bytes)   made not entrant: not used
5416 5747       3       Many::m2221 (14 bytes)
5416 5748       4       Many::m2221 (14 bytes)
5417 5747       3       Many::m2221 (14 bytes)   made not entrant: not used
5419 5749       3       Many::m2222 (14 bytes)
5419 5750       4       Many::m2222 (14 bytes)
5419 5749       3       Many::m2222 (14 bytes)   made not entrant: not used
5421 5751       3       Many::m2223 (14 bytes)
5421 5752       4       Many::m2223 (14 bytes)
5421 5751       3       Many::m2223 (14 bytes)   made not entrant: not used
5423 5753       3       Many::m2224 (14 bytes)
5423 5754       4       Many::m2224 (14 bytes)
5423 5753       3       Many::m2224 (14 bytes)   made not entrant: not used
5425 5755       3       Many::m2225 (14 bytes)
5426 5756       4       Many::m2225 (14 bytes)
5426 5755       3       Many::m2225 (14 bytes)   made not entrant: not used
5428 5757       3       Many::m2226 (14 bytes)
5428 5758       4       Many::m2226 (14 bytes)
5428 5757       3       Many::m2226 (14 bytes)   made not entrant: not used
5430 5759       3       Many::m2227 (14 bytes)
5430 5760       4       Many::m2227 (14 bytes)
5430 5759       3       Many::m2227 (14 bytes)   made not entrant: not used
5432 5761       3       Many::m2228 (14 bytes)
5433 5762       4       Many::m2228 (14 bytes)
5433 5761       3       Many::m2228 (14 bytes)   made not entrant: not used
5435 5763       3       Many::m2229 (14 bytes)
5435 5764       4       Many::m2229 (14 bytes)
5435 5763       3       Many::m2229 (14 bytes)   made not entrant: not used
5437 5765       3       Many::m2230 (14 bytes)
5437 5766       4       Many::m2230 (14 bytes)
5437 5765       3       Many::m2230 (14 bytes)   made not entrant: not used
5439 5767       3       Many::m2231 (14 bytes)
5439 5768       4       Many::m2231 (14 bytes)
5439 5767       3       Many::m2231 (14 bytes)   made not entrant: not used
5442 5769       3       Many::m2232 (14 bytes)
5442 5770       4       Many::m2232 (14 bytes)
5442 5769       3       Many::m2232 (14 bytes)   made not entrant: not used
5444 5771       3       Many::m2233 (14 bytes)
5444 5772       4       Many::m2233 (14 bytes)
5444 5771       3       Many::m2233 (14 bytes)   made not entrant: not used
5446 5773       3       Many::m2234 (14 bytes)
5446 5774       4       Many::m2234 (14 bytes)
5446 5773       3       Many::m2234 (14 bytes)   made not entrant: not used
5448 5775       3       Many::m2235 (14 bytes)
5448 5776       4       Many::m2235 (14 bytes)
5449 5775       3       Many::m2235 (14 bytes)   made not entrant: not used
5451 5777       3       Many::m2236 (14 bytes)
5451 5778       4       Many::m2236 (14 bytes)
5451 5777       3       Many::m2236 (14 bytes)   made not entrant: not used
5453 5779       3       Many::m2237 (14 bytes)
5453 5780       4       Many::m2237 (14 bytes)
5453 5779       3       Many::m2237 (14 bytes)   made not entrant: not used
5455 5781       3       Many::m2238 (14 bytes)
5455 5782       4       Many::m2238 (14 bytes)
5456 5781       3       Many::m2238 (14 bytes)   made not entrant: not used
5458 5783       3       Many::m2239 (14 bytes)
5458 5784       4       Many::m2239 (14 bytes)
5458 5783       3       Many::m2239 (14 bytes)   made not entrant: not used
5460 5785       3       Many::m2240 (14 bytes)
5461 5786       4       Many::m2240 (14 bytes)
5461 5785       3       Many::m2240 (14 bytes)   made not entrant: not used
5462 5787       3       Many::m2241 (14 bytes)
5466 5788       3       Many::m2242 (14 bytes)
5466 5789       4       Many::m2242 (14 bytes)
5466 5788       3       Many::m2242 (14 bytes)   made not entrant: not used
5468 5790       3       Many::m2243 (14 bytes)
5469 5791       4       Many::m2243 (14 bytes)
5469 5790       3       Many::m2243 (14 bytes)   made not entrant: not used
5471 5792       3       Many::m2244 (14 bytes)
5471 5793       4       Many::m2244 (14 bytes)
5471 5792       3       Many::m2244 (14 bytes)   made not entrant: not used
5473 5794       3       Many::m2245 (14 bytes)
5473 5795       4       Many::m2245 (14 bytes)
5473 5794       3       Many::m2245 (14 bytes)   made not entrant: not used
5475 5796       3       Many::m2246 (14 bytes)
5475 5797       4       Many::m2246 (14 bytes)
5476 5796       3       Many::m2246 (14 bytes)   made not entrant: not used
5478 5798       3       Many::m2247 (14 bytes)
5478 5799       4       Many::m2247 (14 bytes)
5478 5798       3       Many::m2247 (14 bytes)   made not entrant: not used
5480 5800       3       Many::m2248 (14 bytes)
5480 5801       4       Many::m2248 (14 bytes)
5480 5800       3       Many::m2248 (14 bytes)   made not entrant: not used
5482 5802       3       Many::m2249 (14 bytes)
5482 5803       4       Many::m2249 (14 bytes)
5483 5802       3       Many::m2249 (14 bytes)   made not entrant: not used
5484 5804       3       Many::m2250 (14 bytes)
5485 5805       4       Many::m2250 (14 bytes)
5485 5804       3       Many::m2250 (14 bytes)   made not entrant: not used
5487 5806       3       Many::m2251 (14 bytes)
5487 5807       4       Many::m2251 (14 bytes)
5487 5806       3       Many::m2251 (14 bytes)   made not entrant: not used
5489 5808       3       Many::m2252 (14 bytes)
5489 5809       4       Many::m2252 (14 bytes)
5489 5808       3       Many::m2252 (14 bytes)   made not entrant: not used
5491 5810       3       Many::m2253 (14 bytes)
5492 5811       4       Many::m2253 (14 bytes)
5492 5810       3       Many::m2253 (14 bytes)   made not entrant: not used
5494 5812       3       Many::m2254 (14 bytes)
5494 5813       4       Many::m2254 (14 bytes)
5494 5812       3       Many::m2254 (14 bytes)   made not entrant: not used
5496 5814       3       Many::m2255 (14 bytes)
5496 5815       4       Many::m2255 (14 bytes)
5496 5814       3       Many::m2255 (14 bytes)   made not entrant: not used
5498 5816       3       Many::m2256 (14 bytes)
5498 5817       4       Many::m2256 (14 bytes)
5499 5816       3       Many::m2256 (14 bytes)   made not entrant: not used
5501 5818       3       Many::m2257 (14 bytes)
5501 5819       4       Many::m2257 (14 bytes)
5501 5818       3       Many::m2257 (14 bytes)   made not entrant: not used
5503 5820       3       Many::m2258 (14 bytes)
5503 5821       4       Many::m2258 (14 bytes)
5503 5820       3       Many::m2258 (14 bytes)   made not entrant: not used
5505 5822       3       Many::m2259 (14 bytes)
5505 5823       4       Many::m2259 (14 bytes)
5506 5822       3       Many::m2259 (14 bytes)   made not entrant: not used
5508 5824       3       Many::m2260 (14 bytes)
5508 5825       4       Many::m2260 (14 bytes)
5508 5824       3       Many::m2260 (14 bytes)   made not entrant: not used
5510 5826       3       Many::m2261 (14 bytes)
5510 5827       4       Many::m2261 (14 bytes)
5510 5826       3       Many::m2261 (14 bytes)   made not entrant: not used
5512 5828       3       Many::m2262 (14 bytes)
5512 5829       4       Many::m2262 (14 bytes)
5512 5828       3       Many::m2262 (14 bytes)   made not entrant: not used
5514 5830       3       Many::m2263 (14 bytes)
5515 5831       4       Many::m2263 (14 bytes)
5515 5830       3       Many::m2263 (14 bytes)   made not entrant: not used
5517 5832       3       Many::m2264 (14 bytes)
5517 5833       4       Many::m2264 (14 bytes)
5517 5832       3       Many::m2264 (14 bytes)   made not entrant: not used
5519 5834       3       Many::m2265 (14 bytes)
5519 5835       4       Many::m2265 (14 bytes)
5519 5834       3       Many::m2265 (14 bytes)   made not entrant: not used
5521 5836       3       Many::m2266 (14 bytes)
5521 5837       4       Many::m2266 (14 bytes)
5522 5836       3       Many::m2266 (14 bytes)   made not entrant: not used
5524 5838       3       Many::m2267 (14 bytes)
5524 5839       4       Many::m2267 (14 bytes)
5524 5838       3       Many::m2267 (14 bytes)   made not entrant: not used
5526 5840       3       Many::m2268 (14 bytes)
5526 5841       4       Many::m2268 (14 bytes)
5526 5840       3       Many::m2268 (14 bytes)   made not entrant: not used
5528 5842       3       Many::m2269 (14 bytes)
5528 5843       4       Many::m2269 (14 bytes)
5528 5842       3       Many::m2269 (14 bytes)   made not entrant: not used
5530 5844       3       Many::m2270 (14 bytes)
5531 5845       4       Many::m2270 (14 bytes)
5531 5844       3       Many::m2270 (14 bytes)   made not entrant: not used
5533 5846       3       Many::m2271 (14 bytes)
5533 5847       4       Many::m2271 (14 bytes)
5533 5846       3       Many::m2271 (14 bytes)   made not entrant: not used
5535 5848       3       Many::m2272 (14 bytes)
5535 5849       4       Many::m2272 (14 bytes)
5535 5848       3       Many::m2272 (14 bytes)   made not entrant: not used
5537 5850       3       Many::m2273 (14 bytes)
5538 5851       4       Many::m2273 (14 bytes)
5538 5850       3       Many::m2273 (14 bytes)   made not entrant: not used
5540 5852       3       Many::m2274 (14 bytes)
5540 5853       4       Many::m2274 (14 bytes)
5540 5852       3       Many::m2274 (14 bytes)   made not entrant: not used
5542 5854       3       Many::m2275 (14 bytes)
5542 5855       4       Many::m2275 (14 bytes)
5542 5854       3       Many::m2275 (14 bytes)   made not entrant: not used
5544 5856       3       Many::m2276 (14 bytes)
5544 5857       4       Many::m2276 (14 bytes)
5545 5856       3       Many::m2276 (14 bytes)   made not entrant: not used
5547 5858       3       Many::m2277 (14 bytes)
5547 5859       4       Many::m2277 (14 bytes)
5547 5858       3       Many::m2277 (14 bytes)   made not entrant: not used
5549 5860       3       Many::m2278 (14 bytes)
5549 5861       4       Many::m2278 (14 bytes)
5549 5860       3       Many::m2278 (14 bytes)   made not entrant: not used
5551 5862       3       Many::m2279 (14 bytes)
5551 5863       4       Many::m2279 (14 bytes)
5552 5862       3       Many::m2279 (14 bytes)   made not entrant: not used
5554 5864       3       Many::m2280 (14 bytes)
5554 5865       4       Many::m2280 (14 bytes)
5554 5864       3       Many::m2280 (14 bytes)   made not entrant: not used
5556 5866       3       Many::m2281 (14 bytes)
5556 5867       4       Many::m2281 (14 bytes)
5556 5866       3       Many::m2281 (14 bytes)   made not entrant: not used
5558 5868       3       Many::m2282 (14 bytes)
5558 5869       4       Many::m2282 (14 bytes)
5558 5868       3       Many::m2282 (14 bytes)   made not entrant: not used
5560 5870       3       Many::m2283 (14 bytes)
5560 5871       4       Many::m2283 (14 bytes)
5561 5870       3       Many::m2283 (14 bytes)   made not entrant: not used
5563 5872       3       Many::m2284 (14 bytes)
5563 5873       4       Many::m2284 (14 bytes)
5563 5872       3       Many::m2284 (14 bytes)   made not entrant: not used
5565 5874       3       Many::m2285 (14 bytes)
5565 5875       4       Many::m2285 (14 bytes)
5565 5874       3       Many::m2285 (14 bytes)   made not entrant: not used
5567 5876       3       Many::m2286 (14 bytes)
5567 5877       4       Many::m2286 (14 bytes)
5568 5876       3       Many::m2286 (14 bytes)   made not entrant: not used
5570 5878       3       Many::m2287 (14 bytes)
5570 5879       4       Many::m2287 (14 bytes)
5570 5878       3       Many::m2287 (14 bytes)   made not entrant: not used
5572 5880       3       Many::m2288 (14 bytes)
5572 5881       4       Many::m2288 (14 bytes)
5572 5880       3       Many::m2288 (14 bytes)   made not entrant: not used
5574 5882       3       Many::m2289 (14 bytes)
5574 5883       4       Many::m2289 (14 bytes)
5574 5882       3       Many::m2289 (14 bytes)   made not entrant: not used
5576 5884       3       Many::m2290 (14 bytes)
5577 5885       4       Many::m2290 (14 bytes)
5577 5884       3       Many::m2290 (14 bytes)   made not entrant: not used
5579 5886       3       Many::m2291 (14 bytes)
5579 5887       4       Many::m2291 (14 bytes)
5579 5886       3       Many::m2291 (14 bytes)   made not entrant: not used
5581 5888       3       Many::m2292 (14 bytes)
5581 5889       4       Many::m2292 (14 bytes)
5581 5888       3       Many::m2292 (14 bytes)   made not entrant: not used
5583 5890       3       Many::m2293 (14 bytes)
5584 5891       4       Many::m2293 (14 bytes)
5584 5890       3       Many::m2293 (14 bytes)   made not entrant: not used
5586 5892       3       Many::m2294 (14 bytes)
5586 5893       4       Many::m2294 (14 bytes)
5586 5892       3       Many::m2294 (14 bytes)   made not entrant: not used
5588 5894       3       Many::m2295 (14 bytes)
5588 5895       4       Many::m2295 (14 bytes)
5588 5894       3       Many::m2295 (14 bytes)   made not entrant: not used
5590 5896       3       Many::m2296 (14 bytes)
5590 5897       4       Many::m2296 (14 bytes)
5591 5896       3       Many::m2296 (14 bytes)   made not entrant: not used
5593 5898       3       Many::m2297 (14 bytes)
5593 5899       4       Many::m2297 (14 bytes)
5593 5898       3       Many::m2297 (14 bytes)   made not entrant: not used
5595 5900       3       Many::m2298 (14 bytes)
5595 5901       4       Many::m2298 (14 bytes)
5595 5900       3       Many::m2298 (14 bytes)   made not entrant: not used
5597 5902       3       Many::m2299 (14 bytes)
5597 5903       4       Many::m2299 (14 bytes)
5598 5902       3       Many::m2299 (14 bytes)   made not entrant: not used
5600 5904       3       Many::m2300 (14 bytes)
5600 5905       4       Many::m2300 (14 bytes)
5600 5904       3       Many::m2300 (14 bytes)   made not entrant: not used
5602 5906       3       Many::m2301 (14 bytes)
5602 5907       4       Many::m2301 (14 bytes)
5602 5906       3       Many::m2301 (14 bytes)   made not entrant: not used
5604 5908       3       Many::m2302 (14 bytes)
5604 5909       4       Many::m2302 (14 bytes)
5604 5908       3       Many::m2302 (14 bytes)   made not entrant: not used
5607 5910       3       Many::m2303 (14 bytes)
5607 5911       4       Many::m2303 (14 bytes)
5607 5910       3       Many::m2303 (14 bytes)   made not entrant: not used
5609 5912       3       Many::m2304 (14 bytes)
5609 5913       4       Many::m2304 (14 bytes)
5609 5912       3       Many::m2304 (14 bytes)   made not entrant: not used
5611 5914       3       Many::m2305 (14 bytes)
5611 5915       4       Many::m2305 (14 bytes)
5611 5914       3       Many::m2305 (14 bytes)   made not entrant: not used
5613 5916       3       Many::m2306 (14 bytes)
5614 5917       4       Many::m2306 (14 bytes)
5614 5916       3       Many::m2306 (14 bytes)   made not entrant: not used
5616 5918       3       Many::m2307 (14 bytes)
5616 5919       4       Many::m2307 (14 bytes)
5616 5918       3       Many::m2307 (14 bytes)   made not entrant: not used
5618 5920       3       Many::m2308 (14 bytes)
5618 5921       4       Many::m2308 (14 bytes)
5618 5920       3       Many::m2308 (14 bytes)   made not entrant: not used
5620 5922       3       Many::m2309 (14 bytes)
5621 5923       4       Many::m2309 (14 bytes)
5621 5922       3       Many::m2309 (14 bytes)   made not entrant: not used
5623 5924       3       Many::m2310 (14 bytes)
5623 5925       4       Many::m2310 (14 bytes)
5623 5924       3       Many::m2310 (14 bytes)   made not entrant: not used
5625 5926       3       Many::m2311 (14 bytes)
5625 5927       4       Many::m2311 (14 bytes)
5625 5926       3       Many::m2311 (14 bytes)   made not entrant: not used
5627 5928       3       Many::m2312 (14 bytes)
5627 5929       4       Many::m2312 (14 bytes)
5628 5928       3       Many::m2312 (14 bytes)   made not entrant: not used
5630 5930       3       Many::m2313 (14 bytes)
5630 5931       4       Many::m2313 (14 bytes)
5630 5930       3       Many::m2313 (14 bytes)   made not entrant: not used
5632 5932       3       Many::m2314 (14 bytes)
5632 5933       4       Many::m2314 (14 bytes)
5632 5932       3       Many::m2314 (14 bytes)   made not entrant: not used
5634 5934       3       Many::m2315 (14 bytes)
5634 5935       4       Many::m2315 (14 bytes)
5635 5934       3       Many::m2315 (14 bytes)   made not entrant: not used
5636 5936       3       Many::m2316 (14 bytes)
5637 5937       4       Many::m2316 (14 bytes)
5637 5936       3       Many::m2316 (14 bytes)   made not entrant: not used
5639 5938       3       Many::m2317 (14 bytes)
5639 5939       4       Many::m2317 (14 bytes)
5639 5938       3       Many::m2317 (14 bytes)   made not entrant: not used
5641 5940       3       Many::m2318 (14 bytes)
5641 5941       4       Many::m2318 (14 bytes)
5641 5940       3       Many::m2318 (14 bytes)   made not entrant: not used
5643 5942       3       Many::m2319 (14 bytes)
5644 5943       4       Many::m2319 (14 bytes)
5644 5942       3       Many::m2319 (14 bytes)   made not entrant: not used
5646 5944       3       Many::m2320 (14 bytes)
5646 5945       4       Many::m2320 (14 bytes)
5646 5944       3       Many::m2320 (14 bytes)   made not entrant: not used
5648 5946       3       Many::m2321 (14 bytes)
5648 5947       4       Many::m2321 (14 bytes)
5648 5946       3       Many::m2321 (14 bytes)   made not entrant: not used
5650 5948       3       Many::m2322 (14 bytes)
5650 5949       4       Many::m2322 (14 bytes)
5651 5948       3       Many::m2322 (14 bytes)   made not entrant: not used
5653 5950       3       Many::m2323 (14 bytes)
5653 5951       4       Many::m2323 (14 bytes)
5653 5950       3       Many::m2323 (14 bytes)   made not entrant: not used
5655 5952       3       Many::m2324 (14 bytes)
5655 5953       4       Many::m2324 (14 bytes)
5655 5952       3       Many::m2324 (14 bytes)   made not entrant: not used
5657 5954       3       Many::m2325 (14 bytes)
5657 5955       4       Many::m2325 (14 bytes)
5657 5954       3       Many::m2325 (14 bytes)   made not entrant: not used
5660 5956       3       Many::m2326 (14 bytes)
5660 5957       4       Many::m2326 (14 bytes)
5660 5956       3       Many::m2326 (14 bytes)   made not entrant: not used
5662 5958       3       Many::m2327 (14 bytes)
5662 5959       4       Many::m2327 (14 bytes)
5662 5958       3       Many::m2327 (14 bytes)   made not entrant: not used
5664 5960       3       Many::m2328 (14 bytes)
5664 5961       4       Many::m2328 (14 bytes)
5664 5960       3       Many::m2328 (14 bytes)   made not entrant: not used
5666 5962       3       Many::m2329 (14 bytes)
5667 5963       4       Many::m2329 (14 bytes)
5667 5962       3       Many::m2329 (14 bytes)   made not entrant: not used
5669 5964       3       Many::m2330 (14 bytes)
5669 5965       4       Many::m2330 (14 bytes)
5669 5964       3       Many::m2330 (14 bytes)   made not entrant: not used
5671 5966       3       Many::m2331 (14 bytes)
5671 5967       4       Many::m2331 (14 bytes)
5671 5966       3       Many::m2331 (14 bytes)   made not entrant: not used
5673 5968       3       Many::m2332 (14 bytes)
5673 5969       4       Many::m2332 (14 bytes)
5673 5968       3       Many::m2332 (14 bytes)   made not entrant: not used
5675 5970       3       Many::m2333 (14 bytes)
5676 5971       4       Many::m2333 (14 bytes)
5676 5970       3       Many::m2333 (14 bytes)   made not entrant: not used
5678 5972       3       Many::m2334 (14 bytes)
5678 5973       4       Many::m2334 (14 bytes)
5678 5972       3       Many::m2334 (14 bytes)   made not entrant: not used
5680 5974       3       Many::m2335 (14 bytes)
5680 5975       4       Many::m2335 (14 bytes)
5680 5974       3       Many::m2335 (14 bytes)   made not entrant: not used
5683 5976       3       Many::m2336 (14 bytes)
5683 5977       4       Many::m2336 (14 bytes)
5683 5976       3       Many::m2336 (14 bytes)   made not entrant: not used
5685 5978       3       Many::m2337 (14 bytes)
5685 5979       4       Many::m2337 (14 bytes)
5685 5978       3       Many::m2337 (14 bytes)   made not entrant: not used
5687 5980       3       Many::m2338 (14 bytes)
5687 5981       4       Many::m2338 (14 bytes)
5687 5980       3       Many::m2338 (14 bytes)   made not entrant: not used
5689 5982       3       Many::m2339 (14 bytes)
5690 5983       4       Many::m2339 (14 bytes)
5690 5982       3       Many::m2339 (14 bytes)   made not entrant: not used
5692 5984       3       Many::m2340 (14 bytes)
5692 5985       4       Many::m2340 (14 bytes)
5692 5984       3       Many::m2340 (14 bytes)   made not entrant: not used
5694 5986       3       Many::m2341 (14 bytes)
5694 5987       4       Many::m2341 (14 bytes)
5694 5986       3       Many::m2341 (14 bytes)   made not entrant: not used
5696 5988       3       Many::m2342 (14 bytes)
5696 5989       4       Many::m2342 (14 bytes)
5697 5988       3       Many::m2342 (14 bytes)   made not entrant: not used
5699 5990       3       Many::m2343 (14 bytes)
5699 5991       4       Many::m2343 (14 bytes)
5699 5990       3       Many::m2343 (14 bytes)   made not entrant: not used
5701 5992       3       Many::m2344 (14 bytes)
5701 5993       4       Many::m2344 (14 bytes)
5701 5992       3       Many::m2344 (14 bytes)   made not entrant: not used
5703 5994       3       Many::m2345 (14 bytes)
5703 5995       4       Many::m2345 (14 bytes)
5704 5994       3       Many::m2345 (14 bytes)   made not entrant: not used
5705 5996       3       Many::m2346 (14 bytes)
5706 5997       4       Many::m2346 (14 bytes)
5706 5996       3       Many::m2346 (14 bytes)   made not entrant: not used
5708 5998       3       Many::m2347 (14 bytes)
5708 5999       4       Many::m2347 (14 bytes)
5708 5998       3       Many::m2347 (14 bytes)   made not entrant: not used
5710 6000       3       Many::m2348 (14 bytes)
5710 6001       4       Many::m2348 (14 bytes)
5710 6000       3       Many::m2348 (14 bytes)   made not entrant: not used
5712 6002       3       Many::m2349 (14 bytes)
5713 6003       4       Many::m2349 (14 bytes)
5713 6002       3       Many::m2349 (14 bytes)   made not entrant: not used
5715 6004       3       Many::m2350 (14 bytes)
5715 6005       4       Many::m2350 (14 bytes)
5715 6004       3       Many::m2350 (14 bytes)   made not entrant: not used
5717 6006       3       Many::m2351 (14 bytes)
5717 6007       4       Many::m2351 (14 bytes)
5717 6006       3       Many::m2351 (14 bytes)   made not entrant: not used
5719 6008       3       Many::m2352 (14 bytes)
5719 6009       4       Many::m2352 (14 bytes)
5720 6008       3       Many::m2352 (14 bytes)   made not entrant: not used
5722 6010       3       Many::m2353 (14 bytes)
5722 6011       4       Many::m2353 (14 bytes)
5722 6010       3       Many::m2353 (14 bytes)   made not entrant: not used
5724 6012       3       Many::m2354 (14 bytes)
5724 6013       4       Many::m2354 (14 bytes)
5724 6012       3       Many::m2354 (14 bytes)   made not entrant: not used
5726 6014       3       Many::m2355 (14 bytes)
5726 6015       4       Many::m2355 (14 bytes)
5726 6014       3       Many::m2355 (14 bytes)   made not entrant: not used
5728 6016       3       Many::m2356 (14 bytes)
5729 6017       4       Many::m2356 (14 bytes)
5729 6016       3       Many::m2356 (14 bytes)   made not entrant: not used
5731 6018       3       Many::m2357 (14 bytes)
5731 6019       4       Many::m2357 (14 bytes)
5731 6018       3       Many::m2357 (14 bytes)   made not entrant: not used
5733 6020       3       Many::m2358 (14 bytes)
5733 6021       4       Many::m2358 (14 bytes)
5733 6020       3       Many::m2358 (14 bytes)   made not entrant: not used
5735 6022       3       Many::m2359 (14 bytes)
5736 6023       4       Many::m2359 (14 bytes)
5736 6022       3       Many::m2359 (14 bytes)   made not entrant: not used
5738 6024       3       Many::m2360 (14 bytes)
5738 6025       4       Many::m2360 (14 bytes)
5738 6024       3       Many::m2360 (14 bytes)   made not entrant: not used
5740 6026       3       Many::m2361 (14 bytes)
5740 6027       4       Many::m2361 (14 bytes)
5740 6026       3       Many::m2361 (14 bytes)   made not entrant: not used
5742 6028       3       Many::m2362 (14 bytes)
5742 6029       4       Many::m2362 (14 bytes)
5743 6028       3       Many::m2362 (14 bytes)   made not entrant: not used
5745 6030       3       Many::m2363 (14 bytes)
5745 6031       4       Many::m2363 (14 bytes)
5745 6030       3       Many::m2363 (14 bytes)   made not entrant: not used
5747 6032       3       Many::m2364 (14 bytes)
5747 6033       4       Many::m2364 (14 bytes)
5747 6032       3       Many::m2364 (14 bytes)   made not entrant: not used
5749 6034       3       Many::m2365 (14 bytes)
5749 6035       4       Many::m2365 (14 bytes)
5749 6034       3       Many::m2365 (14 bytes)   made not entrant: not used
5752 6036       3       Many::m2366 (14 bytes)
5752 6037       4       Many::m2366 (14 bytes)
5752 6036       3       Many::m2366 (14 bytes)   made not entrant: not used
5754 6038       3       Many::m2367 (14 bytes)
5754 6039       4       Many::m2367 (14 bytes)
5754 6038       3       Many::m2367 (14 bytes)   made not entrant: not used
5756 6040       3       Many::m2368 (14 bytes)
5756 6041       4       Many::m2368 (14 bytes)
5756 6040       3       Many::m2368 (14 bytes)   made not entrant: not used
5758 6042       3       Many::m2369 (14 bytes)
5759 6043       4       Many::m2369 (14 bytes)
5759 6042       3       Many::m2369 (14 bytes)   made not entrant: not used
5761 6044       3       Many::m2370 (14 bytes)
5761 6045       4       Many::m2370 (14 bytes)
5761 6044       3       Many::m2370 (14 bytes)   made not entrant: not used
5763 6046       3       Many::m2371 (14 bytes)
5763 6047       4       Many::m2371 (14 bytes)
5763 6046       3       Many::m2371 (14 bytes)   made not entrant: not used
5765 6048       3       Many::m2372 (14 bytes)
5765 6049       4       Many::m2372 (14 bytes)
5766 6048       3       Many::m2372 (14 bytes)   made not entrant: not used
5768 6050       3       Many::m2373 (14 bytes)
5768 6051       4       Many::m2373 (14 bytes)
5768 6050       3       Many::m2373 (14 bytes)   made not entrant: not used
5770 6052       3       Many::m2374 (14 bytes)
5770 6053       4       Many::m2374 (14 bytes)
5770 6052       3       Many::m2374 (14 bytes)   made not entrant: not used
5772 6054       3       Many::m2375 (14 bytes)
5772 6055       4       Many::m2375 (14 bytes)
5772 6054       3       Many::m2375 (14 bytes)   made not entrant: not used
5774 6056       3       Many::m2376 (14 bytes)
5775 6057       4       Many::m2376 (14 bytes)
5775 6056       3       Many::m2376 (14 bytes)   made not entrant: not used
5777 6058       3       Many::m2377 (14 bytes)
5777 6059       4       Many::m2377 (14 bytes)
5777 6058       3       Many::m2377 (14 bytes)   made not entrant: not used
5779 6060       3       Many::m2378 (14 bytes)
5779 6061       4       Many::m2378 (14 bytes)
5779 6060       3       Many::m2378 (14 bytes)   made not entrant: not used
5781 6062       3       Many::m2379 (14 bytes)
5781 6063       4       Many::m2379 (14 bytes)
5782 6062       3       Many::m2379 (14 bytes)   made not entrant: not used
5784 6064       3       Many::m2380 (14 bytes)
5784 6065       4       Many::m2380 (14 bytes)
5784 6064       3       Many::m2380 (14 bytes)   made not entrant: not used
5786 6066       3       Many::m2381 (14 bytes)
5786 6067       4       Many::m2381 (14 bytes)
5786 6066       3       Many::m2381 (14 bytes)   made not entrant: not used
5788 6068       3       Many::m2382 (14 bytes)
5788 6069       4       Many::m2382 (14 bytes)
5789 6068       3       Many::m2382 (14 bytes)   made not entrant: not used
5791 6070       3       Many::m2383 (14 bytes)
5791 6071       4       Many::m2383 (14 bytes)
5791 6070       3       Many::m2383 (14 bytes)   made not entrant: not used
5793 6072       3       Many::m2384 (14 bytes)
5793 6073       4       Many::m2384 (14 bytes)
5793 6072       3       Many::m2384 (14 bytes)   made not entrant: not used
5795 6074       3       Many::m2385 (14 bytes)
5795 6075       4       Many::m2385 (14 bytes)
5795 6074       3       Many::m2385 (14 bytes)   made not entrant: not used
5797 6076       3       Many::m2386 (14 bytes)
5798 6077       4       Many::m2386 (14 bytes)
5798 6076       3       Many::m2386 (14 bytes)   made not entrant: not used
5800 6078       3       Many::m2387 (14 bytes)
5800 6079       4       Many::m2387 (14 bytes)
5800 6078       3       Many::m2387 (14 bytes)   made not entrant: not used
5802 6080       3       Many::m2388 (14 bytes)
5802 6081       4       Many::m2388 (14 bytes)
5802 6080       3       Many::m2388 (14 bytes)   made not entrant: not used
5804 6082       3       Many::m2389 (14 bytes)
5804 6083       4       Many::m2389 (14 bytes)
5805 6082       3       Many::m2389 (14 bytes)   made not entrant: not used
5807 6084       3       Many::m2390 (14 bytes)
5807 6085       4       Many::m2390 (14 bytes)
5807 6084       3       Many::m2390 (14 bytes)   made not entrant: not used
5809 6086       3       Many::m2391 (14 bytes)
5809 6087       4       Many::m2391 (14 bytes)
5809 6086       3       Many::m2391 (14 bytes)   made not entrant: not used
5811 6088       3       Many::m2392 (14 bytes)
5811 6089       4       Many::m2392 (14 bytes)
5811 6088       3       Many::m2392 (14 bytes)   made not entrant: not used
5813 6090       3       Many::m2393 (14 bytes)
5814 6091       4       Many::m2393 (14 bytes)
5814 6090       3       Many::m2393 (14 bytes)   made not entrant: not used
5816 6092       3       Many::m2394 (14 bytes)
5816 6093       4       Many::m2394 (14 bytes)
5816 6092       3       Many::m2394 (14 bytes)   made not entrant: not used
5818 6094       3       Many::m2395 (14 bytes)
5818 6095       4       Many::m2395 (14 bytes)
5818 6094       3       Many::m2395 (14 bytes)   made not entrant: not used
5820 6096       3       Many::m2396 (14 bytes)
5820 6097       4       Many::m2396 (14 bytes)
5821 6096       3       Many::m2396 (14 bytes)   made not entrant: not used
5823 6098       3       Many::m2397 (14 bytes)
5823 6099       4       Many::m2397 (14 bytes)
5823 6098       3       Many::m2397 (14 bytes)   made not entrant: not used
5825 6100       3       Many::m2398 (14 bytes)
5825 6101       4       Many::m2398 (14 bytes)
5825 6100       3       Many::m2398 (14 bytes)   made not entrant: not used
5827 6102       3       Many::m2399 (14 bytes)
5827 6103       4       Many::m2399 (14 bytes)
5827 6102       3       Many::m2399 (14 bytes)   made not entrant: not used
5830 6104       3       Many::m2400 (14 bytes)
5830 6105       4       Many::m2400 (14 bytes)
5830 6104       3       Many::m2400 (14 bytes)   made not entrant: not used
5832 6106       3       Many::m2401 (14 bytes)
5832 6107       4       Many::m2401 (14 bytes)
5832 6106       3       Many::m2401 (14 bytes)   made not entrant: not used
5834 6108       3       Many::m2402 (14 bytes)
5834 6109       4       Many::m2402 (14 bytes)
5835 6108       3       Many::m2402 (14 bytes)   made not entrant: not used
5837 6110       3       Many::m2403 (14 bytes)
5837 6111       4       Many::m2403 (14 bytes)
5837 6110       3       Many::m2403 (14 bytes)   made not entrant: not used
5839 6112       3       Many::m2404 (14 bytes)
5839 6113       4       Many::m2404 (14 bytes)
5839 6112       3       Many::m2404 (14 bytes)   made not entrant: not used
5841 6114       3       Many::m2405 (14 bytes)
5841 6115       4       Many::m2405 (14 bytes)
5841 6114       3       Many::m2405 (14 bytes)   made not entrant: not used
5843 6116       3       Many::m2406 (14 bytes)
5844 6117       4       Many::m2406 (14 bytes)
5844 6116       3       Many::m2406 (14 bytes)   made not entrant: not used
5846 6118       3       Many::m2407 (14 bytes)
5846 6119       4       Many::m2407 (14 bytes)
5846 6118       3       Many::m2407 (14 bytes)   made not entrant: not used
5848 6120       3       Many::m2408 (14 bytes)
5848 6121       4       Many::m2408 (14 bytes)
5848 6120       3       Many::m2408 (14 bytes)   made not entrant: not used
5850 6122       3       Many::m2409 (14 bytes)
5851 6123       4       Many::m2409 (14 bytes)
5851 6122       3       Many::m2409 (14 bytes)   made not entrant: not used
5853 6124       3       Many::m2410 (14 bytes)
5853 6125       4       Many::m2410 (14 bytes)
5853 6124       3       Many::m2410 (14 bytes)   made not entrant: not used
5855 6126       3       Many::m2411 (14 bytes)
5855 6127       4       Many::m2411 (14 bytes)
5855 6126       3       Many::m2411 (14 bytes)   made not entrant: not used
5857 6128       3       Many::m2412 (14 bytes)
5857 6129       4       Many::m2412 (14 bytes)
5858 6128       3       Many::m2412 (14 bytes)   made not entrant: not used
5859 6130       3       Many::m2413 (14 bytes)
5860 6131       4       Many::m2413 (14 bytes)
5860 6130       3       Many::m2413 (14 bytes)   made not entrant: not used
5862 6132       3       Many::m2414 (14 bytes)
5862 6133       4       Many::m2414 (14 bytes)
5862 6132       3       Many::m2414 (14 bytes)   made not entrant: not used
5864 6134       3       Many::m2415 (14 bytes)
5864 6135       4       Many::m2415 (14 bytes)
5864 6134       3       Many::m2415 (14 bytes)   made not entrant: not used
5867 6136       3       Many::m2416 (14 bytes)
5867 6137       4       Many::m2416 (14 bytes)
5867 6136       3       Many::m2416 (14 bytes)   made not entrant: not used
5869 6138       3       Many::m2417 (14 bytes)
5869 6139       4       Many::m2417 (14 bytes)
5869 6138       3       Many::m2417 (14 bytes)   made not entrant: not used
5871 6140       3       Many::m2418 (14 bytes)
5871 6141       4       Many::m2418 (14 bytes)
5871 6140       3       Many::m2418 (14 bytes)   made not entrant: not used
5873 6142       3       Many::m2419 (14 bytes)
5874 6143       4       Many::m2419 (14 bytes)
5874 6142       3       Many::m2419 (14 bytes)   made not entrant: not used
5876 6144       3       Many::m2420 (14 bytes)
5876 6145       4       Many::m2420 (14 bytes)
5876 6144       3       Many::m2420 (14 bytes)   made not entrant: not used
5878 6146       3       Many::m2421 (14 bytes)
5878 6147       4       Many::m2421 (14 bytes)
5878 6146       3       Many::m2421 (14 bytes)   made not entrant: not used
5880 6148       3       Many::m2422 (14 bytes)
5880 6149       4       Many::m2422 (14 bytes)
5881 6148       3       Many::m2422 (14 bytes)   made not entrant: not used
5883 6150       3       Many::m2423 (14 bytes)
5883 6151       4       Many::m2423 (14 bytes)
5883 6150       3       Many::m2423 (14 bytes)   made not entrant: not used
5885 6152       3       Many::m2424 (14 bytes)
5885 6153       4       Many::m2424 (14 bytes)
5885 6152       3       Many::m2424 (14 bytes)   made not entrant: not used
5887 6154       3       Many::m2425 (14 bytes)
5887 6155       4       Many::m2425 (14 bytes)
5887 6154       3       Many::m2425 (14 bytes)   made not entrant: not used
5889 6156       3       Many::m2426 (14 bytes)
5890 6157       4       Many::m2426 (14 bytes)
5890 6156       3       Many::m2426 (14 bytes)   made not entrant: not used
5892 6158       3       Many::m2427 (14 bytes)
5892 6159       4       Many::m2427 (14 bytes)
5892 6158       3       Many::m2427 (14 bytes)   made not entrant: not used
5894 6160       3       Many::m2428 (14 bytes)
5894 6161       4       Many::m2428 (14 bytes)
5894 6160       3       Many::m2428 (14 bytes)   made not entrant: not used
5896 6162       3       Many::m2429 (14 bytes)
5896 6163       4       Many::m2429 (14 bytes)
5897 6162       3       Many::m2429 (14 bytes)   made not entrant: not used
5899 6164       3       Many::m2430 (14 bytes)
5899 6165       4       Many::m2430 (14 bytes)
5899 6164       3       Many::m2430 (14 bytes)   made not entrant: not used
5901 6166       3       Many::m2431 (14 bytes)
5901 6167       4       Many::m2431 (14 bytes)
5901 6166       3       Many::m2431 (14 bytes)   made not entrant: not used
5903 6168       3       Many::m2432 (14 bytes)
5903 6169       4       Many::m2432 (14 bytes)
5904 6168       3       Many::m2432 (14 bytes)   made not entrant: not used
5906 6170       3       Many::m2433 (14 bytes)
5906 6171       4       Many::m2433 (14 bytes)
5906 6170       3       Many::m2433 (14 bytes)   made not entrant: not used
5908 6172       3       Many::m2434 (14 bytes)
5908 6173       4       Many::m2434 (14 bytes)
5908 6172       3       Many::m2434 (14 bytes)   made not entrant: not used
5910 6174       3       Many::m2435 (14 bytes)
5910 6175       4       Many::m2435 (14 bytes)
5910 6174       3       Many::m2435 (14 bytes)   made not entrant: not used
5912 6176       3       Many::m2436 (14 bytes)
5913 6177       4       Many::m2436 (14 bytes)
5913 6176       3       Many::m2436 (14 bytes)   made not entrant: not used
5915 6178       3       Many::m2437 (14 bytes)
5915 6179       4       Many::m2437 (14 bytes)
5915 6178       3       Many::m2437 (14 bytes)   made not entrant: not used
5917 6180       3       Many::m2438 (14 bytes)
5917 6181       4       Many::m2438 (14 bytes)
5917 6180       3       Many::m2438 (14 bytes)   made not entrant: not used
5919 6182       3       Many::m2439 (14 bytes)
5919 6183       4       Many::m2439 (14 bytes)
5920 6182       3       Many::m2439 (14 bytes)   made not entrant: not used
5922 6184       3       Many::m2440 (14 bytes)
5922 6185       4       Many::m2440 (14 bytes)
5922 6184       3       Many::m2440 (14 bytes)   made not entrant: not used
5924 6186       3       Many::m2441 (14 bytes)
5924 6187       4       Many::m2441 (14 bytes)
5924 6186       3       Many::m2441 (14 bytes)   made not entrant: not used
5926 6188       3       Many::m2442 (14 bytes)
5926 6189       4       Many::m2442 (14 bytes)
5926 6188       3       Many::m2442 (14 bytes)   made not entrant: not used
5928 6190       3       Many::m2443 (14 bytes)
5929 6191       4       Many::m2443 (14 bytes)
5929 6190       3       Many::m2443 (14 bytes)   made not entrant: not used
5931 6192       3       Many::m2444 (14 bytes)
5931 6193       4       Many::m2444 (14 bytes)
5931 6192       3       Many::m2444 (14 bytes)   made not entrant: not used
5933 6194       3       Many::m2445 (14 bytes)
5933 6195       4       Many::m2445 (14 bytes)
5933 6194       3       Many::m2445 (14 bytes)   made not entrant: not used
5935 6196       3       Many::m2446 (14 bytes)
5936 6197       4       Many::m2446 (14 bytes)
5936 6196       3       Many::m2446 (14 bytes)   made not entrant: not used
5938 6198       3       Many::m2447 (14 bytes)
5938 6199       4       Many::m2447 (14 bytes)
5938 6198       3       Many::m2447 (14 bytes)   made not entrant: not used
5940 6200       3       Many::m2448 (14 bytes)
5940 6201       4       Many::m2448 (14 bytes)
5940 6200       3       Many::m2448 (14 bytes)   made not entrant: not used
5942 6202       3       Many::m2449 (14 bytes)
5942 6203       4       Many::m2449 (14 bytes)
5943 6202       3       Many::m2449 (14 bytes)   made not entrant: not used
5945 6204       3       Many::m2450 (14 bytes)
5945 6205       4       Many::m2450 (14 bytes)
5945 6204       3       Many::m2450 (14 bytes)   made not entrant: not used
5947 6206       3       Many::m2451 (14 bytes)
5947 6207       4       Many::m2451 (14 bytes)
5947 6206       3       Many::m2451 (14 bytes)   made not entrant: not used
5949 6208       3       Many::m2452 (14 bytes)
5949 6209       4       Many::m2452 (14 bytes)
5949 6208       3       Many::m2452 (14 bytes)   made not entrant: not used
5951 6210       3       Many::m2453 (14 bytes)
5952 6211       4       Many::m2453 (14 bytes)
5952 6210       3       Many::m2453 (14 bytes)   made not entrant: not used
5954 6212       3       Many::m2454 (14 bytes)
5954 6213       4       Many::m2454 (14 bytes)
5954 6212       3       Many::m2454 (14 bytes)   made not entrant: not used
5956 6214       3       Many::m2455 (14 bytes)
5956 6215       4       Many::m2455 (14 bytes)
5956 6214       3       Many::m2455 (14 bytes)   made not entrant: not used
5958 6216       3       Many::m2456 (14 bytes)
5959 6217       4       Many::m2456 (14 bytes)
5959 6216       3       Many::m2456 (14 bytes)   made not entrant: not used
5961 6218       3       Many::m2457 (14 bytes)
5961 6219       4       Many::m2457 (14 bytes)
5961 6218       3       Many::m2457 (14 bytes)   made not entrant: not used
5963 6220       3       Many::m2458 (14 bytes)
5963 6221       4       Many::m2458 (14 bytes)
5963 6220       3       Many::m2458 (14 bytes)   made not entrant: not used
5965 6222       3       Many::m2459 (14 bytes)
5965 6223       4       Many::m2459 (14 bytes)
5966 6222       3       Many::m2459 (14 bytes)   made not entrant: not used
5967 6224       3       Many::m2460 (14 bytes)
5968 6225       4       Many::m2460 (14 bytes)
5968 6224       3       Many::m2460 (14 bytes)   made not entrant: not used
5970 6226       3       Many::m2461 (14 bytes)
5970 6227       4       Many::m2461 (14 bytes)
5970 6226       3       Many::m2461 (14 bytes)   made not entrant: not used
5972 6228       3       Many::m2462 (14 bytes)
5972 6229       4       Many::m2462 (14 bytes)
5972 6228       3       Many::m2462 (14 bytes)   made not entrant: not used
5974 6230       3       Many::m2463 (14 bytes)
5974 6231       4       Many::m2463 (14 bytes)
5975 6230       3       Many::m2463 (14 bytes)   made not entrant: not used
5977 6232       3       Many::m2464 (14 bytes)
5977 6233       4       Many::m2464 (14 bytes)
5977 6232       3       Many::m2464 (14 bytes)   made not entrant: not used
5979 6234       3       Many::m2465 (14 bytes)
5979 6235       4       Many::m2465 (14 bytes)
5979 6234       3       Many::m2465 (14 bytes)   made not entrant: not used
5981 6236       3       Many::m2466 (14 bytes)
5982 6237       4       Many::m2466 (14 bytes)
5982 6236       3       Many::m2466 (14 bytes)   made not entrant: not used
5984 6238       3       Many::m2467 (14 bytes)
5984 6239       4       Many::m2467 (14 bytes)
5984 6238       3       Many::m2467 (14 bytes)   made not entrant: not used
5986 6240       3       Many::m2468 (14 bytes)
5986 6241       4       Many::m2468 (14 bytes)
5986 6240       3       Many::m2468 (14 bytes)   made not entrant: not used
5988 6242       3       Many::m2469 (14 bytes)
5988 6243       4       Many::m2469 (14 bytes)
5989 6242       3       Many::m2469 (14 bytes)   made not entrant: not used
5991 6244       3       Many::m2470 (14 bytes)
5991 6245       4       Many::m2470 (14 bytes)
5991 6244       3       Many::m2470 (14 bytes)   made not entrant: not used
5993 6246       3       Many::m2471 (14 bytes)
5993 6247       4       Many::m2471 (14 bytes)
5993 6246       3       Many::m2471 (14 bytes)   made not entrant: not used
5995 6248       3       Many::m2472 (14 bytes)
5995 6249       4       Many::m2472 (14 bytes)
5995 6248       3       Many::m2472 (14 bytes)   made not entrant: not used
5997 6250       3       Many::m2473 (14 bytes)
5998 6251       4       Many::m2473 (14 bytes)
5998 6250       3       Many::m2473 (14 bytes)   made not entrant: not used
6000 6252       3       Many::m2474 (14 bytes)
6000 6253       4       Many::m2474 (14 bytes)
6000 6252       3       Many::m2474 (14 bytes)   made not entrant: not used
6002 6254       3       Many::m2475 (14 bytes)
6002 6255       4       Many::m2475 (14 bytes)
6002 6254       3       Many::m2475 (14 bytes)   made not entrant: not used
6004 6256       3       Many::m2476 (14 bytes)
6005 6257       4       Many::m2476 (14 bytes)
6005 6256       3       Many::m2476 (14 bytes)   made not entrant: not used
6007 6258       3       Many::m2477 (14 bytes)
6007 6259       4       Many::m2477 (14 bytes)
6007 6258       3       Many::m2477 (14 bytes)   made not entrant: not used
6009 6260       3       Many::m2478 (14 bytes)
6009 6261       4       Many::m2478 (14 bytes)
6009 6260       3       Many::m2478 (14 bytes)   made not entrant: not used
6011 6262       3       Many::m2479 (14 bytes)
6011 6263       4       Many::m2479 (14 bytes)
6012 6262       3       Many::m2479 (14 bytes)   made not entrant: not used
6014 6264       3       Many::m2480 (14 bytes)
6014 6265       4       Many::m2480 (14 bytes)
6014 6264       3       Many::m2480 (14 bytes)   made not entrant: not used
6016 6266       3       Many::m2481 (14 bytes)
6016 6267       4       Many::m2481 (14 bytes)
6016 6266       3       Many::m2481 (14 bytes)   made not entrant: not used
6018 6268       3       Many::m2482 (14 bytes)
6018 6269       4       Many::m2482 (14 bytes)
6019 6268       3       Many::m2482 (14 bytes)   made not entrant: not used
6021 6270       3       Many::m2483 (14 bytes)
6021 6271       4       Many::m2483 (14 bytes)
6021 6270       3       Many::m2483 (14 bytes)   made not entrant: not used
6023 6272       3       Many::m2484 (14 bytes)
6023 6273       4       Many::m2484 (14 bytes)
6023 6272       3       Many::m2484 (14 bytes)   made not entrant: not used
6025 6274       3       Many::m2485 (14 bytes)
6025 6275       4       Many::m2485 (14 bytes)
6025 6274       3       Many::m2485 (14 bytes)   made not entrant: not used
6027 6276       3       Many::m2486 (14 bytes)
6028 6277       4       Many::m2486 (14 bytes)
6028 6276       3       Many::m2486 (14 bytes)   made not entrant: not used
6030 6278       3       Many::m2487 (14 bytes)
6030 6279       4       Many::m2487 (14 bytes)
6030 6278       3       Many::m2487 (14 bytes)   made not entrant: not used
6032 6280       3       Many::m2488 (14 bytes)
6032 6281       4       Many::m2488 (14 bytes)
6032 6280       3       Many::m2488 (14 bytes)   made not entrant: not used
6034 6282       3       Many::m2489 (14 bytes)
6035 6283       4       Many::m2489 (14 bytes)
6035 6282       3       Many::m2489 (14 bytes)   made not entrant: not used
6037 6284       3       Many::m2490 (14 bytes)
6037 6285       4       Many::m2490 (14 bytes)
6037 6284       3       Many::m2490 (14 bytes)   made not entrant: not used
6039 6286       3       Many::m2491 (14 bytes)
6039 6287       4       Many::m2491 (14 bytes)
6039 6286       3       Many::m2491 (14 bytes)   made not entrant: not used
6041 6288       3       Many::m2492 (14 bytes)
6041 6289       4       Many::m2492 (14 bytes)
6042 6288       3       Many::m2492 (14 bytes)   made not entrant: not used
6044 6290       3       Many::m2493 (14 bytes)
6044 6291       4       Many::m2493 (14 bytes)
6044 6290       3       Many::m2493 (14 bytes)   made not entrant: not used
6046 6292       3       Many::m2494 (14 bytes)
6046 6293       4       Many::m2494 (14 bytes)
6046 6292       3       Many::m2494 (14 bytes)   made not entrant: not used
6048 6294       3       Many::m2495 (14 bytes)
6048 6295       4       Many::m2495 (14 bytes)
6048 6294       3       Many::m2495 (14 bytes)   made not entrant: not used
6050 6296       3       Many::m2496 (14 bytes)
6051 6297       4       Many::m2496 (14 bytes)
6051 6296       3       Many::m2496 (14 bytes)   made not entrant: not used
6053 6298       3       Many::m2497 (14 bytes)
6053 6299       4       Many::m2497 (14 bytes)
6053 6298       3       Many::m2497 (14 bytes)   made not entrant: not used
6055 6300       3       Many::m2498 (14 bytes)
6055 6301       4       Many::m2498 (14 bytes)
6055 6300       3       Many::m2498 (14 bytes)   made not entrant: not used
6057 6302       3       Many::m2499 (14 bytes)
6058 6303       4       Many::m2499 (14 bytes)
6058 6302       3       Many::m2499 (14 bytes)   made not entrant: not used
6060 6304       3       Many::m2500 (14 bytes)
6060 6305       4       Many::m2500 (14 bytes)
6060 6304       3       Many::m2500 (14 bytes)   made not entrant: not used
6062 6306       3       Many::m2501 (14 bytes)
6062 6307       4       Many::m2501 (14 bytes)
6062 6306       3       Many::m2501 (14 bytes)   made not entrant: not used
6064 6308       3       Many::m2502 (14 bytes)
6064 6309       4       Many::m2502 (14 bytes)
6065 6308       3       Many::m2502 (14 bytes)   made not entrant: not used
6067 6310       3       Many::m2503 (14 bytes)
6067 6311       4       Many::m2503 (14 bytes)
6067 6310       3       Many::m2503 (14 bytes)   made not entrant: not used
6069 6312       3       Many::m2504 (14 bytes)
6069 6313       4       Many::m2504 (14 bytes)
6069 6312       3       Many::m2504 (14 bytes)   made not entrant: not used
6071 6314       3       Many::m2505 (14 bytes)
6071 6315       4       Many::m2505 (14 bytes)
6071 6314       3       Many::m2505 (14 bytes)   made not entrant: not used
6073 6316       3       Many::m2506 (14 bytes)
6074 6317       4       Many::m2506 (14 bytes)
6074 6316       3       Many::m2506 (14 bytes)   made not entrant: not used
6076 6318       3       Many::m2507 (14 bytes)
6076 6319       4       Many::m2507 (14 bytes)
6076 6318       3       Many::m2507 (14 bytes)   made not entrant: not used
6078 6320       3       Many::m2508 (14 bytes)
6078 6321       4       Many::m2508 (14 bytes)
6078 6320       3       Many::m2508 (14 bytes)   made not entrant: not used
6080 6322       3       Many::m2509 (14 bytes)
6080 6323       4       Many::m2509 (14 bytes)
6080 6322       3       Many::m2509 (14 bytes)   made not entrant: not used
6083 6324       3       Many::m2510 (14 bytes)
6083 6325       4       Many::m2510 (14 bytes)
6083 6324       3       Many::m2510 (14 bytes)   made not entrant: not used
6085 6326       3       Many::m2511 (14 bytes)
6085 6327       4       Many::m2511 (14 bytes)
6085 6326       3       Many::m2511 (14 bytes)   made not entrant: not used
6087 6328       3       Many::m2512 (14 bytes)
6087 6329       4       Many::m2512 (14 bytes)
6087 6328       3       Many::m2512 (14 bytes)   made not entrant: not used
6089 6330       3       Many::m2513 (14 bytes)
6090 6331       4       Many::m2513 (14 bytes)
6090 6330       3       Many::m2513 (14 bytes)   made not entrant: not used
6092 6332       3       Many::m2514 (14 bytes)
6092 6333       4       Many::m2514 (14 bytes)
6092 6332       3       Many::m2514 (14 bytes)   made not entrant: not used
6094 6334       3       Many::m2515 (14 bytes)
6094 6335       4       Many::m2515 (14 bytes)
6094 6334       3       Many::m2515 (14 bytes)   made not entrant: not used
6096 6336       3       Many::m2516 (14 bytes)
6096 6337       4       Many::m2516 (14 bytes)
6097 6336       3       Many::m2516 (14 bytes)   made not entrant: not used
6099 6338       3       Many::m2517 (14 bytes)
6099 6339       4       Many::m2517 (14 bytes)
6099 6338       3       Many::m2517 (14 bytes)   made not entrant: not used
6101 6340       3       Many::m2518 (14 bytes)
6101 6341       4       Many::m2518 (14 bytes)
6101 6340       3       Many::m2518 (14 bytes)   made not entrant: not used
6103 6342       3       Many::m2519 (14 bytes)
6103 6343       4       Many::m2519 (14 bytes)
6103 6342       3       Many::m2519 (14 bytes)   made not entrant: not used
6106 6344       3       Many::m2520 (14 bytes)
6106 6345       4       Many::m2520 (14 bytes)
6106 6344       3       Many::m2520 (14 bytes)   made not entrant: not used
6108 6346       3       Many::m2521 (14 bytes)
6108 6347       4       Many::m2521 (14 bytes)
6108 6346       3       Many::m2521 (14 bytes)   made not entrant: not used
6110 6348       3       Many::m2522 (14 bytes)
6110 6349       4       Many::m2522 (14 bytes)
6110 6348       3       Many::m2522 (14 bytes)   made not entrant: not used
6112 6350       3       Many::m2523 (14 bytes)
6112 6351       4       Many::m2523 (14 bytes)
6113 6350       3       Many::m2523 (14 bytes)   made not entrant: not used
6115 6352       3       Many::m2524 (14 bytes)
6115 6353       4       Many::m2524 (14 bytes)
6115 6352       3       Many::m2524 (14 bytes)   made not entrant: not used
6117 6354       3       Many::m2525 (14 bytes)
6117 6355       4       Many::m2525 (14 bytes)
6117 6354       3       Many::m2525 (14 bytes)   made not entrant: not used
6119 6356       3       Many::m2526 (14 bytes)
6119 6357       4       Many::m2526 (14 bytes)
6120 6356       3       Many::m2526 (14 bytes)   made not entrant: not used
6122 6358       3       Many::m2527 (14 bytes)
6122 6359       4       Many::m2527 (14 bytes)
6122 6358       3       Many::m2527 (14 bytes)   made not entrant: not used
6124 6360       3       Many::m2528 (14 bytes)
6124 6361       4       Many::m2528 (14 bytes)
6124 6360       3       Many::m2528 (14 bytes)   made not entrant: not used
6126 6362       3       Many::m2529 (14 bytes)
6126 6363       4       Many::m2529 (14 bytes)
6126 6362       3       Many::m2529 (14 bytes)   made not entrant: not used
6128 6364       3       Many::m2530 (14 bytes)
6129 6365       4       Many::m2530 (14 bytes)
6129 6364       3       Many::m2530 (14 bytes)   made not entrant: not used
6131 6366       3       Many::m2531 (14 bytes)
6131 6367       4       Many::m2531 (14 bytes)
6131 6366       3       Many::m2531 (14 bytes)   made not entrant: not used
6133 6368       3       Many::m2532 (14 bytes)
6133 6369       4       Many::m2532 (14 bytes)
6133 6368       3       Many::m2532 (14 bytes)   made not entrant: not used
6135 6370       3       Many::m2533 (14 bytes)
6136 6371       4       Many::m2533 (14 bytes)
6136 6370       3       Many::m2533 (14 bytes)   made not entrant: not used
6138 6372       3       Many::m2534 (14 bytes)
6138 6373       4       Many::m2534 (14 bytes)
6138 6372       3       Many::m2534 (14 bytes)   made not entrant: not used
6140 6374       3       Many::m2535 (14 bytes)
6140 6375       4       Many::m2535 (14 bytes)
6140 6374       3       Many::m2535 (14 bytes)   made not entrant: not used
6142 6376       3       Many::m2536 (14 bytes)
6142 6377       4       Many::m2536 (14 bytes)
6142 6376       3       Many::m2536 (14 bytes)   made not entrant: not used
6144 6378       3       Many::m2537 (14 bytes)
6145 6379       4       Many::m2537 (14 bytes)
6145 6378       3       Many::m2537 (14 bytes)   made not entrant: not used
6147 6380       3       Many::m2538 (14 bytes)
6147 6381       4       Many::m2538 (14 bytes)
6147 6380       3       Many::m2538 (14 bytes)   made not entrant: not used
6149 6382       3       Many::m2539 (14 bytes)
6149 6383       4       Many::m2539 (14 bytes)
6149 6382       3       Many::m2539 (14 bytes)   made not entrant: not used
6151 6384       3       Many::m2540 (14 bytes)
6152 6385       4       Many::m2540 (14 bytes)
6152 6384       3       Many::m2540 (14 bytes)   made not entrant: not used
6154 6386       3       Many::m2541 (14 bytes)
6154 6387       4       Many::m2541 (14 bytes)
6154 6386       3       Many::m2541 (14 bytes)   made not entrant: not used
6156 6388       3       Many::m2542 (14 bytes)
6156 6389       4       Many::m2542 (14 bytes)
6156 6388       3       Many::m2542 (14 bytes)   made not entrant: not used
6158 6390       3       Many::m2543 (14 bytes)
6158 6391       4       Many::m2543 (14 bytes)
6158 6390       3       Many::m2543 (14 bytes)   made not entrant: not used
6160 6392       3       Many::m2544 (14 bytes)
6161 6393       4       Many::m2544 (14 bytes)
6161 6392       3       Many::m2544 (14 bytes)   made not entrant: not used
6163 6394       3       Many::m2545 (14 bytes)
6163 6395       4       Many::m2545 (14 bytes)
6163 6394       3       Many::m2545 (14 bytes)   made not entrant: not used
6165 6396       3       Many::m2546 (14 bytes)
6165 6397       4       Many::m2546 (14 bytes)
6166 6396       3       Many::m2546 (14 bytes)   made not entrant: not used
6168 6398       3       Many::m2547 (14 bytes)
6168 6399       4       Many::m2547 (14 bytes)
6168 6398       3       Many::m2547 (14 bytes)   made not entrant: not used
6170 6400       3       Many::m2548 (14 bytes)
6170 6401       4       Many::m2548 (14 bytes)
6170 6400       3       Many::m2548 (14 bytes)   made not entrant: not used
6172 6402       3       Many::m2549 (14 bytes)
6172 6403       4       Many::m2549 (14 bytes)
6172 6402       3       Many::m2549 (14 bytes)   made not entrant: not used
6174 6404       3       Many::m2550 (14 bytes)
6175 6405       4       Many::m2550 (14 bytes)
6175 6404       3       Many::m2550 (14 bytes)   made not entrant: not used
6177 6406       3       Many::m2551 (14 bytes)
6177 6407       4       Many::m2551 (14 bytes)
6177 6406       3       Many::m2551 (14 bytes)   made not entrant: not used
6179 6408       3       Many::m2552 (14 bytes)
6179 6409       4       Many::m2552 (14 bytes)
6179 6408       3       Many::m2552 (14 bytes)   made not entrant: not used
6181 6410       3       Many::m2553 (14 bytes)
6181 6411       4       Many::m2553 (14 bytes)
6182 6410       3       Many::m2553 (14 bytes)   made not entrant: not used
6184 6412       3       Many::m2554 (14 bytes)
6184 6413       4       Many::m2554 (14 bytes)
6184 6412       3       Many::m2554 (14 bytes)   made not entrant: not used
6186 6414       3       Many::m2555 (14 bytes)
6186 6415       4       Many::m2555 (14 bytes)
6186 6414       3       Many::m2555 (14 bytes)   made not entrant: not used
6188 6416       3       Many::m2556 (14 bytes)
6188 6417       4       Many::m2556 (14 bytes)
6188 6416       3       Many::m2556 (14 bytes)   made not entrant: not used
6190 6418       3       Many::m2557 (14 bytes)
6191 6419       4       Many::m2557 (14 bytes)
6191 6418       3       Many::m2557 (14 bytes)   made not entrant: not used
6193 6420       3       Many::m2558 (14 bytes)
6193 6421       4       Many::m2558 (14 bytes)
6193 6420       3       Many::m2558 (14 bytes)   made not entrant: not used
6195 6422       3       Many::m2559 (14 bytes)
6195 6423       4       Many::m2559 (14 bytes)
6196 6422       3       Many::m2559 (14 bytes)   made not entrant: not used
6197 6424       3       Many::m2560 (14 bytes)
6198 6425       4       Many::m2560 (14 bytes)
6198 6424       3       Many::m2560 (14 bytes)   made not entrant: not used
6200 6426       3       Many::m2561 (14 bytes)
6200 6427       4       Many::m2561 (14 bytes)
6200 6426       3       Many::m2561 (14 bytes)   made not entrant: not used
6202 6428       3       Many::m2562 (14 bytes)
6202 6429       4       Many::m2562 (14 bytes)
6202 6428       3       Many::m2562 (14 bytes)   made not entrant: not used
6205 6430       3       Many::m2563 (14 bytes)
6205 6431       4       Many::m2563 (14 bytes)
6205 6430       3       Many::m2563 (14 bytes)   made not entrant: not used
6207 6432       3       Many::m2564 (14 bytes)
6207 6433       4       Many::m2564 (14 bytes)
6207 6432       3       Many::m2564 (14 bytes)   made not entrant: not used
6209 6434       3       Many::m2565 (14 bytes)
6209 6435       4       Many::m2565 (14 bytes)
6209 6434       3       Many::m2565 (14 bytes)   made not entrant: not used
6211 6436       3       Many::m2566 (14 bytes)
6212 6437       4       Many::m2566 (14 bytes)
6212 6436       3       Many::m2566 (14 bytes)   made not entrant: not used
6214 6438       3       Many::m2567 (14 bytes)
6214 6439       4       Many::m2567 (14 bytes)
6214 6438       3       Many::m2567 (14 bytes)   made not entrant: not used
6216 6440       3       Many::m2568 (14 bytes)
6216 6441       4       Many::m2568 (14 bytes)
6216 6440       3       Many::m2568 (14 bytes)   made not entrant: not used
6218 6442       3       Many::m2569 (14 bytes)
6218 6443       4       Many::m2569 (14 bytes)
6219 6442       3       Many::m2569 (14 bytes)   made not entrant: not used
6221 6444       3       Many::m2570 (14 bytes)
6221 6445       4       Many::m2570 (14 bytes)
6221 6444       3       Many::m2570 (14 bytes)   made not entrant: not used
6223 6446       3       Many::m2571 (14 bytes)
6223 6447       4       Many::m2571 (14 bytes)
6223 6446       3       Many::m2571 (14 bytes)   made not entrant: not used
6225 6448       3       Many::m2572 (14 bytes)
6225 6449       4       Many::m2572 (14 bytes)
6225 6448       3       Many::m2572 (14 bytes)   made not entrant: not used
6227 6450       3       Many::m2573 (14 bytes)
6228 6451       4       Many::m2573 (14 bytes)
6228 6450       3       Many::m2573 (14 bytes)   made not entrant: not used
6230 6452       3       Many::m2574 (14 bytes)
6230 6453       4       Many::m2574 (14 bytes)
6230 6452       3       Many::m2574 (14 bytes)   made not entrant: not used
6232 6454       3       Many::m2575 (14 bytes)
6232 6455       4       Many::m2575 (14 bytes)
6232 6454       3       Many::m2575 (14 bytes)   made not entrant: not used
6234 6456       3       Many::m2576 (14 bytes)
6235 6457       4       Many::m2576 (14 bytes)
6235 6456       3       Many::m2576 (14 bytes)   made not entrant: not used
6237 6458       3       Many::m2577 (14 bytes)
6237 6459       4       Many::m2577 (14 bytes)
6237 6458       3       Many::m2577 (14 bytes)   made not entrant: not used
6239 6460       3       Many::m2578 (14 bytes)
6239 6461       4       Many::m2578 (14 bytes)
6239 6460       3       Many::m2578 (14 bytes)   made not entrant: not used
6241 6462       3       Many::m2579 (14 bytes)
6241 6463       4       Many::m2579 (14 bytes)
6242 6462       3       Many::m2579 (14 bytes)   made not entrant: not used
6244 6464       3       Many::m2580 (14 bytes)
6244 6465       4       Many::m2580 (14 bytes)
6244 6464       3       Many::m2580 (14 bytes)   made not entrant: not used
6246 6466       3       Many::m2581 (14 bytes)
6246 6467       4       Many::m2581 (14 bytes)
6246 6466       3       Many::m2581 (14 bytes)   made not entrant: not used
6248 6468       3       Many::m2582 (14 bytes)
6248 6469       4       Many::m2582 (14 bytes)
6248 6468       3       Many::m2582 (14 bytes)   made not entrant: not used
6250 6470       3       Many::m2583 (14 bytes)
6251 6471       4       Many::m2583 (14 bytes)
6251 6470       3       Many::m2583 (14 bytes)   made not entrant: not used
6253 6472       3       Many::m2584 (14 bytes)
6253 6473       4       Many::m2584 (14 bytes)
6253 6472       3       Many::m2584 (14 bytes)   made not entrant: not used
6255 6474       3       Many::m2585 (14 bytes)
6255 6475       4       Many::m2585 (14 bytes)
6255 6474       3       Many::m2585 (14 bytes)   made not entrant: not used
6257 6476       3       Many::m2586 (14 bytes)
6258 6477       4       Many::m2586 (14 bytes)
6258 6476       3       Many::m2586 (14 bytes)   made not entrant: not used
6260 6478       3       Many::m2587 (14 bytes)
6260 6479       4       Many::m2587 (14 bytes)
6260 6478       3       Many::m2587 (14 bytes)   made not entrant: not used
6262 6480       3       Many::m2588 (14 bytes)
6262 6481       4       Many::m2588 (14 bytes)
6262 6480       3       Many::m2588 (14 bytes)   made not entrant: not used
6264 6482       3       Many::m2589 (14 bytes)
6264 6483       4       Many::m2589 (14 bytes)
6265 6482       3       Many::m2589 (14 bytes)   made not entrant: not used
6267 6484       3       Many::m2590 (14 bytes)
6267 6485       4       Many::m2590 (14 bytes)
6267 6484       3       Many::m2590 (14 bytes)   made not entrant: not used
6269 6486       3       Many::m2591 (14 bytes)
6269 6487       4       Many::m2591 (14 bytes)
6269 6486       3       Many::m2591 (14 bytes)   made not entrant: not used
6271 6488       3       Many::m2592 (14 bytes)
6271 6489       4       Many::m2592 (14 bytes)
6271 6488       3       Many::m2592 (14 bytes)   made not entrant: not used
6273 6490       3       Many::m2593 (14 bytes)
6274 6491       4       Many::m2593 (14 bytes)
6274 6490       3       Many::m2593 (14 bytes)   made not entrant: not used
6276 6492       3       Many::m2594 (14 bytes)
6276 6493       4       Many::m2594 (14 bytes)
6276 6492       3       Many::m2594 (14 bytes)   made not entrant: not used
6278 6494       3       Many::m2595 (14 bytes)
6278 6495       4       Many::m2595 (14 bytes)
6278 6494       3       Many::m2595 (14 bytes)   made not entrant: not used
6280 6496       3       Many::m2596 (14 bytes)
6281 6497       4       Many::m2596 (14 bytes)
6281 6496       3       Many::m2596 (14 bytes)   made not entrant: not used
6283 6498       3       Many::m2597 (14 bytes)
6283 6499       4       Many::m2597 (14 bytes)
6283 6498       3       Many::m2597 (14 bytes)   made not entrant: not used
6285 6500       3       Many::m2598 (14 bytes)
6285 6501       4       Many::m2598 (14 bytes)
6285 6500       3       Many::m2598 (14 bytes)   made not entrant: not used
6287 6502       3       Many::m2599 (14 bytes)
6288 6503       4       Many::m2599 (14 bytes)
6288 6502       3       Many::m2599 (14 bytes)   made not entrant: not used
6290 6504       3       Many::m2600 (14 bytes)
6290 6505       4       Many::m2600 (14 bytes)
6290 6504       3       Many::m2600 (14 bytes)   made not entrant: not used
6292 6506       3       Many::m2601 (14 bytes)
6292 6507       4       Many::m2601 (14 bytes)
6292 6506       3       Many::m2601 (14 bytes)   made not entrant: not used
6294 6508       3       Many::m2602 (14 bytes)
6294 6509       4       Many::m2602 (14 bytes)
6295 6508       3       Many::m2602 (14 bytes)   made not entrant: not used
6297 6510       3       Many::m2603 (14 bytes)
6297 6511       4       Many::m2603 (14 bytes)
6297 6510       3       Many::m2603 (14 bytes)   made not entrant: not used
6299 6512       3       Many::m2604 (14 bytes)
6299 6513       4       Many::m2604 (14 bytes)
6299 6512       3       Many::m2604 (14 bytes)   made not entrant: not used
6301 6514       3       Many::m2605 (14 bytes)
6301 6515       4       Many::m2605 (14 bytes)
6301 6514       3       Many::m2605 (14 bytes)   made not entrant: not used
6303 6516       3       Many::m2606 (14 bytes)
6304 6517       4       Many::m2606 (14 bytes)
6304 6516       3       Many::m2606 (14 bytes)   made not entrant: not used
6306 6518       3       Many::m2607 (14 bytes)
6306 6519       4       Many::m2607 (14 bytes)
6306 6518       3       Many::m2607 (14 bytes)   made not entrant: not used
6308 6520       3       Many::m2608 (14 bytes)
6308 6521       4       Many::m2608 (14 bytes)
6308 6520       3       Many::m2608 (14 bytes)   made not entrant: not used
6310 6522       3       Many::m2609 (14 bytes)
6310 6523       4       Many::m2609 (14 bytes)
6311 6522       3       Many::m2609 (14 bytes)   made not entrant: not used
6313 6524       3       Many::m2610 (14 bytes)
6313 6525       4       Many::m2610 (14 bytes)
6313 6524       3       Many::m2610 (14 bytes)   made not entrant: not used
6315 6526       3       Many::m2611 (14 bytes)
6315 6527       4       Many::m2611 (14 bytes)
6315 6526       3       Many::m2611 (14 bytes)   made not entrant: not used
6317 6528       3       Many::m2612 (14 bytes)
6317 6529       4       Many::m2612 (14 bytes)
6318 6528       3       Many::m2612 (14 bytes)   made not entrant: not used
6320 6530       3       Many::m2613 (14 bytes)
6320 6531       4       Many::m2613 (14 bytes)
6320 6530       3       Many::m2613 (14 bytes)   made not entrant: not used
6322 6532       3       Many::m2614 (14 bytes)
6322 6533       4       Many::m2614 (14 bytes)
6322 6532       3       Many::m2614 (14 bytes)   made not entrant: not used
6324 6534       3       Many::m2615 (14 bytes)
6324 6535       4       Many::m2615 (14 bytes)
6324 6534       3       Many::m2615 (14 bytes)   made not entrant: not used
6326 6536       3       Many::m2616 (14 bytes)
6327 6537       4       Many::m2616 (14 bytes)
6327 6536       3       Many::m2616 (14 bytes)   made not entrant: not used
6329 6538       3       Many::m2617 (14 bytes)
6329 6539       4       Many::m2617 (14 bytes)
6329 6538       3       Many::m2617 (14 bytes)   made not entrant: not used
6331 6540       3       Many::m2618 (14 bytes)
6331 6541       4       Many::m2618 (14 bytes)
6331 6540       3       Many::m2618 (14 bytes)   made not entrant: not used
6333 6542       3       Many::m2619 (14 bytes)
6334 6543       4       Many::m2619 (14 bytes)
6334 6542       3       Many::m2619 (14 bytes)   made not entrant: not used
6336 6544       3       Many::m2620 (14 bytes)
6336 6545       4       Many::m2620 (14 bytes)
6336 6544       3       Many::m2620 (14 bytes)   made not entrant: not used
6338 6546       3       Many::m2621 (14 bytes)
6338 6547       4       Many::m2621 (14 bytes)
6338 6546       3       Many::m2621 (14 bytes)   made not entrant: not used
6340 6548       3       Many::m2622 (14 bytes)
6340 6549       4       Many::m2622 (14 bytes)
6341 6548       3       Many::m2622 (14 bytes)   made not entrant: not used
6343 6550       3       Many::m2623 (14 bytes)
6343 6551       4       Many::m2623 (14 bytes)
6343 6550       3       Many::m2623 (14 bytes)   made not entrant: not used
6345 6552       3       Many::m2624 (14 bytes)
6345 6553       4       Many::m2624 (14 bytes)
6345 6552       3       Many::m2624 (14 bytes)   made not entrant: not used
6347 6554       3       Many::m2625 (14 bytes)
6347 6555       4       Many::m2625 (14 bytes)
6347 6554       3       Many::m2625 (14 bytes)   made not entrant: not used
6349 6556       3       Many::m2626 (14 bytes)
6350 6557       4       Many::m2626 (14 bytes)
6350 6556       3       Many::m2626 (14 bytes)   made not entrant: not used
6352 6558       3       Many::m2627 (14 bytes)
6352 6559       4       Many::m2627 (14 bytes)
6352 6558       3       Many::m2627 (14 bytes)   made not entrant: not used
6354 6560       3       Many::m2628 (14 bytes)
6354 6561       4       Many::m2628 (14 bytes)
6354 6560       3       Many::m2628 (14 bytes)   made not entrant: not used
6356 6562       3       Many::m2629 (14 bytes)
6357 6563       4       Many::m2629 (14 bytes)
6357 6562       3       Many::m2629 (14 bytes)   made not entrant: not used
6359 6564       3       Many::m2630 (14 bytes)
6359 6565       4       Many::m2630 (14 bytes)
6359 6564       3       Many::m2630 (14 bytes)   made not entrant: not used
6361 6566       3       Many::m2631 (14 bytes)
6361 6567       4       Many::m2631 (14 bytes)
6361 6566       3       Many::m2631 (14 bytes)   made not entrant: not used
6363 6568       3       Many::m2632 (14 bytes)
6363 6569       4       Many::m2632 (14 bytes)
6364 6568       3       Many::m2632 (14 bytes)   made not entrant: not used
6366 6570       3       Many::m2633 (14 bytes)
6366 6571       4       Many::m2633 (14 bytes)
6366 6570       3       Many::m2633 (14 bytes)   made not entrant: not used
6368 6572       3       Many::m2634 (14 bytes)
6368 6573       4       Many::m2634 (14 bytes)
6368 6572       3       Many::m2634 (14 bytes)   made not entrant: not used
6370 6574       3       Many::m2635 (14 bytes)
6370 6575       4       Many::m2635 (14 bytes)
6371 6574       3       Many::m2635 (14 bytes)   made not entrant: not used
6372 6576       3       Many::m2636 (14 bytes)
6373 6577       4       Many::m2636 (14 bytes)
6373 6576       3       Many::m2636 (14 bytes)   made not entrant: not used
6375 6578       3       Many::m2637 (14 bytes)
6375 6579       4       Many::m2637 (14 bytes)
6375 6578       3       Many::m2637 (14 bytes)   made not entrant: not used
6377 6580       3       Many::m2638 (14 bytes)
6377 6581       4       Many::m2638 (14 bytes)
6377 6580       3       Many::m2638 (14 bytes)   made not entrant: not used
6379 6582       3       Many::m2639 (14 bytes)
6379 6583       4       Many::m2639 (14 bytes)
6380 6582       3       Many::m2639 (14 bytes)   made not entrant: not used
6382 6584       3       Many::m2640 (14 bytes)
6382 6585       4       Many::m2640 (14 bytes)
6382 6584       3       Many::m2640 (14 bytes)   made not entrant: not used
6384 6586       3       Many::m2641 (14 bytes)
6384 6587       4       Many::m2641 (14 bytes)
6384 6586       3       Many::m2641 (14 bytes)   made not entrant: not used
6386 6588       3       Many::m2642 (14 bytes)
6386 6589       4       Many::m2642 (14 bytes)
6386 6588       3       Many::m2642 (14 bytes)   made not entrant: not used
6388 6590       3       Many::m2643 (14 bytes)
6389 6591       4       Many::m2643 (14 bytes)
6389 6590       3       Many::m2643 (14 bytes)   made not entrant: not used
6391 6592       3       Many::m2644 (14 bytes)
6391 6593       4       Many::m2644 (14 bytes)
6391 6592       3       Many::m2644 (14 bytes)   made not entrant: not used
6393 6594       3       Many::m2645 (14 bytes)
6393 6595       4       Many::m2645 (14 bytes)
6393 6594       3       Many::m2645 (14 bytes)   made not entrant: not used
6395 6596       3       Many::m2646 (14 bytes)
6396 6597       4       Many::m2646 (14 bytes)
6396 6596       3       Many::m2646 (14 bytes)   made not entrant: not used
6398 6598       3       Many::m2647 (14 bytes)
6398 6599       4       Many::m2647 (14 bytes)
6398 6598       3       Many::m2647 (14 bytes)   made not entrant: not used
6400 6600       3       Many::m2648 (14 bytes)
6400 6601       4       Many::m2648 (14 bytes)
6400 6600       3       Many::m2648 (14 bytes)   made not entrant: not used
6402 6602       3       Many::m2649 (14 bytes)
6402 6603       4       Many::m2649 (14 bytes)
6403 6602       3       Many::m2649 (14 bytes)   made not entrant: not used
6405 6604       3       Many::m2650 (14 bytes)
6405 6605       4       Many::m2650 (14 bytes)
6405 6604       3       Many::m2650 (14 bytes)   made not entrant: not used
6407 6606       3       Many::m2651 (14 bytes)
6407 6607       4       Many::m2651 (14 bytes)
6407 6606       3       Many::m2651 (14 bytes)   made not entrant: not used
6409 6608       3       Many::m2652 (14 bytes)
6409 6609       4       Many::m2652 (14 bytes)
6409 6608       3       Many::m2652 (14 bytes)   made not entrant: not used
6411 6610       3       Many::m2653 (14 bytes)
6411 6611       4       Many::m2653 (14 bytes)
6412 6610       3       Many::m2653 (14 bytes)   made not entrant: not used
6414 6612       3       Many::m2654 (14 bytes)
6414 6613       4       Many::m2654 (14 bytes)
6414 6612       3       Many::m2654 (14 bytes)   made not entrant: not used
6416 6614       3       Many::m2655 (14 bytes)
6416 6615       4       Many::m2655 (14 bytes)
6416 6614       3       Many::m2655 (14 bytes)   made not entrant: not used
6418 6616       3       Many::m2656 (14 bytes)
6418 6617       4       Many::m2656 (14 bytes)
6419 6616       3       Many::m2656 (14 bytes)   made not entrant: not used
6421 6618       3       Many::m2657 (14 bytes)
6421 6619       4       Many::m2657 (14 bytes)
6421 6618       3       Many::m2657 (14 bytes)   made not entrant: not used
6423 6620       3       Many::m2658 (14 bytes)
6423 6621       4       Many::m2658 (14 bytes)
6423 6620       3       Many::m2658 (14 bytes)   made not entrant: not used
6425 6622       3       Many::m2659 (14 bytes)
6425 6623       4       Many::m2659 (14 bytes)
6425 6622       3       Many::m2659 (14 bytes)   made not entrant: not used
6427 6624       3       Many::m2660 (14 bytes)
6428 6625       4       Many::m2660 (14 bytes)
6428 6624       3       Many::m2660 (14 bytes)   made not entrant: not used
6430 6626       3       Many::m2661 (14 bytes)
6430 6627       4       Many::m2661 (14 bytes)
6430 6626       3       Many::m2661 (14 bytes)   made not entrant: not used
6432 6628       3       Many::m2662 (14 bytes)
6432 6629       4       Many::m2662 (14 bytes)
6433 6628       3       Many::m2662 (14 bytes)   made not entrant: not used
6435 6630       3       Many::m2663 (14 bytes)
6435 6631       4       Many::m2663 (14 bytes)
6435 6630       3       Many::m2663 (14 bytes)   made not entrant: not used
6437 6632       3       Many::m2664 (14 bytes)
6437 6633       4       Many::m2664 (14 bytes)
6437 6632       3       Many::m2664 (14 bytes)   made not entrant: not used
6439 6634       3       Many::m2665 (14 bytes)
6439 6635       4       Many::m2665 (14 bytes)
6440 6634       3       Many::m2665 (14 bytes)   made not entrant: not used
6442 6636       3       Many::m2666 (14 bytes)
6442 6637       4       Many::m2666 (14 bytes)
6442 6636       3       Many::m2666 (14 bytes)   made not entrant: not used
6444 6638       3       Many::m2667 (14 bytes)
6444 6639       4       Many::m2667 (14 bytes)
6444 6638       3       Many::m2667 (14 bytes)   made not entrant: not used
6446 6640       3       Many::m2668 (14 bytes)
6446 6641       4       Many::m2668 (14 bytes)
6446 6640       3       Many::m2668 (14 bytes)   made not entrant: not used
6449 6642       3       Many::m2669 (14 bytes)
6449 6643       4       Many::m2669 (14 bytes)
6449 6642       3       Many::m2669 (14 bytes)   made not entrant: not used
6451 6644       3       Many::m2670 (14 bytes)
6451 6645       4       Many::m2670 (14 bytes)
6451 6644       3       Many::m2670 (14 bytes)   made not entrant: not used
6453 6646       3       Many::m2671 (14 bytes)
6454 6647       4       Many::m2671 (14 bytes)
6454 6646       3       Many::m2671 (14 bytes)   made not entrant: not used
6456 6648       3       Many::m2672 (14 bytes)
6456 6649       4       Many::m2672 (14 bytes)
6456 6648       3       Many::m2672 (14 bytes)   made not entrant: not used
6458 6650       3       Many::m2673 (14 bytes)
6458 6651       4       Many::m2673 (14 bytes)
6458 6650       3       Many::m2673 (14 bytes)   made not entrant: not used
6460 6652       3       Many::m2674 (14 bytes)
6460 6653       4       Many::m2674 (14 bytes)
6461 6652       3       Many::m2674 (14 bytes)   made not entrant: not used
6463 6654       3       Many::m2675 (14 bytes)
6463 6655       4       Many::m2675 (14 bytes)
6463 6654       3       Many::m2675 (14 bytes)   made not entrant: not used
6465 6656       3       Many::m2676 (14 bytes)
6465 6657       4       Many::m2676 (14 bytes)
6465 6656       3       Many::m2676 (14 bytes)   made not entrant: not used
6467 6658       3       Many::m2677 (14 bytes)
6467 6659       4       Many::m2677 (14 bytes)
6468 6658       3       Many::m2677 (14 bytes)   made not entrant: not used
6470 6660       3       Many::m2678 (14 bytes)
6470 6661       4       Many::m2678 (14 bytes)
6470 6660       3       Many::m2678 (14 bytes)   made not entrant: not used
6472 6662       3       Many::m2679 (14 bytes)
6472 6663       4       Many::m2679 (14 bytes)
6472 6662       3       Many::m2679 (14 bytes)   made not entrant: not used
6474 6664       3       Many::m2680 (14 bytes)
6474 6665       4       Many::m2680 (14 bytes)
6474 6664       3       Many::m2680 (14 bytes)   made not entrant: not used
6476 6666       3       Many::m2681 (14 bytes)
6477 6667       4       Many::m2681 (14 bytes)
6477 6666       3       Many::m2681 (14 bytes)   made not entrant: not used
6479 6668       3       Many::m2682 (14 bytes)
6479 6669       4       Many::m2682 (14 bytes)
6479 6668       3       Many::m2682 (14 bytes)   made not entrant: not used
6481 6670       3       Many::m2683 (14 bytes)
6481 6671       4       Many::m2683 (14 bytes)
6481 6670       3       Many::m2683 (14 bytes)   made not entrant: not used
6483 6672       3       Many::m2684 (14 bytes)
6484 6673       4       Many::m2684 (14 bytes)
6484 6672       3       Many::m2684 (14 bytes)   made not entrant: not used
6486 6674       3       Many::m2685 (14 bytes)
6486 6675       4       Many::m2685 (14 bytes)
6486 6674       3       Many::m2685 (14 bytes)   made not entrant: not used
6488 6676       3       Many::m2686 (14 bytes)
6488 6677       4       Many::m2686 (14 bytes)
6488 6676       3       Many::m2686 (14 bytes)   made not entrant: not used
6490 6678       3       Many::m2687 (14 bytes)
6490 6679       4       Many::m2687 (14 bytes)
6490 6678       3       Many::m2687 (14 bytes)   made not entrant: not used
6492 6680       3       Many::m2688 (14 bytes)
6493 6681       4       Many::m2688 (14 bytes)
6493 6680       3       Many::m2688 (14 bytes)   made not entrant: not used
6495 6682       3       Many::m2689 (14 bytes)
6495 6683       4       Many::m2689 (14 bytes)
6495 6682       3       Many::m2689 (14 bytes)   made not entrant: not used
6497 6684       3       Many::m2690 (14 bytes)
6497 6685       4       Many::m2690 (14 bytes)
6497 6684       3       Many::m2690 (14 bytes)   made not entrant: not used
6499 6686       3       Many::m2691 (14 bytes)
6500 6687       4       Many::m2691 (14 bytes)
6500 6686       3       Many::m2691 (14 bytes)   made not entrant: not used
6502 6688       3       Many::m2692 (14 bytes)
6502 6689       4       Many::m2692 (14 bytes)
6502 6688       3       Many::m2692 (14 bytes)   made not entrant: not used
6504 6690       3       Many::m2693 (14 bytes)
6504 6691       4       Many::m2693 (14 bytes)
6504 6690       3       Many::m2693 (14 bytes)   made not entrant: not used
6506 6692       3       Many::m2694 (14 bytes)
6506 6693       4       Many::m2694 (14 bytes)
6507 6692       3       Many::m2694 (14 bytes)   made not entrant: not used
6509 6694       3       Many::m2695 (14 bytes)
6509 6695       4       Many::m2695 (14 bytes)
6509 6694       3       Many::m2695 (14 bytes)   made not entrant: not used
6511 6696       3       Many::m2696 (14 bytes)
6511 6697       4       Many::m2696 (14 bytes)
6511 6696       3       Many::m2696 (14 bytes)   made not entrant: not used
6513 6698       3       Many::m2697 (14 bytes)
6513 6699       4       Many::m2697 (14 bytes)
6513 6698       3       Many::m2697 (14 bytes)   made not entrant: not used
6515 6700       3       Many::m2698 (14 bytes)
6516 6701       4       Many::m2698 (14 bytes)
6516 6700       3       Many::m2698 (14 bytes)   made not entrant: not used
6518 6702       3       Many::m2699 (14 bytes)
6518 6703       4       Many::m2699 (14 bytes)
6518 6702       3       Many::m2699 (14 bytes)   made not entrant: not used
6520 6704       3       Many::m2700 (14 bytes)
6520 6705       4       Many::m2700 (14 bytes)
6520 6704       3       Many::m2700 (14 bytes)   made not entrant: not used
6522 6706       3       Many::m2701 (14 bytes)
6523 6707       4       Many::m2701 (14 bytes)
6523 6706       3       Many::m2701 (14 bytes)   made not entrant: not used
6525 6708       3       Many::m2702 (14 bytes)
6525 6709       4       Many::m2702 (14 bytes)
6525 6708       3       Many::m2702 (14 bytes)   made not entrant: not used
6527 6710       3       Many::m2703 (14 bytes)
6527 6711       4       Many::m2703 (14 bytes)
6527 6710       3       Many::m2703 (14 bytes)   made not entrant: not used
6529 6712       3       Many::m2704 (14 bytes)
6529 6713       4       Many::m2704 (14 bytes)
6530 6712       3       Many::m2704 (14 bytes)   made not entrant: not used
6532 6714       3       Many::m2705 (14 bytes)
6532 6715       4       Many::m2705 (14 bytes)
6532 6714       3       Many::m2705 (14 bytes)   made not entrant: not used
6534 6716       3       Many::m2706 (14 bytes)
6534 6717       4       Many::m2706 (14 bytes)
6534 6716       3       Many::m2706 (14 bytes)   made not entrant: not used
6536 6718       3       Many::m2707 (14 bytes)
6536 6719       4       Many::m2707 (14 bytes)
6536 6718       3       Many::m2707 (14 bytes)   made not entrant: not used
6538 6720       3       Many::m2708 (14 bytes)
6539 6721       4       Many::m2708 (14 bytes)
6539 6720       3       Many::m2708 (14 bytes)   made not entrant: not used
6541 6722       3       Many::m2709 (14 bytes)
6541 6723       4       Many::m2709 (14 bytes)
6541 6722       3       Many::m2709 (14 bytes)   made not entrant: not used
6543 6724       3       Many::m2710 (14 bytes)
6543 6725       4       Many::m2710 (14 bytes)
6543 6724       3       Many::m2710 (14 bytes)   made not entrant: not used
6545 6726       3       Many::m2711 (14 bytes)
6546 6727       4       Many::m2711 (14 bytes)
6546 6726       3       Many::m2711 (14 bytes)   made not entrant: not used
6548 6728       3       Many::m2712 (14 bytes)
6548 6729       4       Many::m2712 (14 bytes)
6548 6728       3       Many::m2712 (14 bytes)   made not entrant: not used
6550 6730       3       Many::m2713 (14 bytes)
6550 6731       4       Many::m2713 (14 bytes)
6550 6730       3       Many::m2713 (14 bytes)   made not entrant: not used
6552 6732       3       Many::m2714 (14 bytes)
6552 6733       4       Many::m2714 (14 bytes)
6553 6732       3       Many::m2714 (14 bytes)   made not entrant: not used
6554 6734       3       Many::m2715 (14 bytes)
6555 6735       4       Many::m2715 (14 bytes)
6555 6734       3       Many::m2715 (14 bytes)   made not entrant: not used
6557 6736       3       Many::m2716 (14 bytes)
6557 6737       4       Many::m2716 (14 bytes)
6557 6736       3       Many::m2716 (14 bytes)   made not entrant: not used
6559 6738       3       Many::m2717 (14 bytes)
6559 6739       4       Many::m2717 (14 bytes)
6559 6738       3       Many::m2717 (14 bytes)   made not entrant: not used
6561 6740       3       Many::m2718 (14 bytes)
6562 6741       4       Many::m2718 (14 bytes)
6562 6740       3       Many::m2718 (14 bytes)   made not entrant: not used
6564 6742       3       Many::m2719 (14 bytes)
6564 6743       4       Many::m2719 (14 bytes)
6564 6742       3       Many::m2719 (14 bytes)   made not entrant: not used
6566 6744       3       Many::m2720 (14 bytes)
6566 6745       4       Many::m2720 (14 bytes)
6566 6744       3       Many::m2720 (14 bytes)   made not entrant: not used
6568 6746       3       Many::m2721 (14 bytes)
6568 6747       4       Many::m2721 (14 bytes)
6569 6746       3       Many::m2721 (14 bytes)   made not entrant: not used
6571 6748       3       Many::m2722 (14 bytes)
6571 6749       4       Many::m2722 (14 bytes)
6571 6748       3       Many::m2722 (14 bytes)   made not entrant: not used
6573 6750       3       Many::m2723 (14 bytes)
6573 6751       4       Many::m2723 (14 bytes)
6573 6750       3       Many::m2723 (14 bytes)   made not entrant: not used
6575 6752       3       Many::m2724 (14 bytes)
6575 6753       4       Many::m2724 (14 bytes)
6575 6752       3       Many::m2724 (14 bytes)   made not entrant: not used
6577 6754       3       Many::m2725 (14 bytes)
6578 6755       4       Many::m2725 (14 bytes)
6578 6754       3       Many::m2725 (14 bytes)   made not entrant: not used
6580 6756       3       Many::m2726 (14 bytes)
6580 6757       4       Many::m2726 (14 bytes)
6580 6756       3       Many::m2726 (14 bytes)   made not entrant: not used
6582 6758       3       Many::m2727 (14 bytes)
6582 6759       4       Many::m2727 (14 bytes)
6582 6758       3       Many::m2727 (14 bytes)   made not entrant: not used
6584 6760       3       Many::m2728 (14 bytes)
6585 6761       4       Many::m2728 (14 bytes)
6585 6760       3       Many::m2728 (14 bytes)   made not entrant: not used
6587 6762       3       Many::m2729 (14 bytes)
6587 6763       4       Many::m2729 (14 bytes)
6587 6762       3       Many::m2729 (14 bytes)   made not entrant: not used
6589 6764       3       Many::m2730 (14 bytes)
6589 6765       4       Many::m2730 (14 bytes)
6589 6764       3       Many::m2730 (14 bytes)   made not entrant: not used
6591 6766       3       Many::m2731 (14 bytes)
6592 6767       4       Many::m2731 (14 bytes)
6592 6766       3       Many::m2731 (14 bytes)   made not entrant: not used
6594 6768       3       Many::m2732 (14 bytes)
6594 6769       4       Many::m2732 (14 bytes)
6594 6768       3       Many::m2732 (14 bytes)   made not entrant: not used
6596 6770       3       Many::m2733 (14 bytes)
6596 6771       4       Many::m2733 (14 bytes)
6596 6770       3       Many::m2733 (14 bytes)   made not entrant: not used
6598 6772       3       Many::m2734 (14 bytes)
6598 6773       4       Many::m2734 (14 bytes)
6599 6772       3       Many::m2734 (14 bytes)   made not entrant: not used
6601 6774       3       Many::m2735 (14 bytes)
6601 6775       4       Many::m2735 (14 bytes)
6601 6774       3       Many::m2735 (14 bytes)   made not entrant: not used
6603 6776       3       Many::m2736 (14 bytes)
6603 6777       4       Many::m2736 (14 bytes)
6603 6776       3       Many::m2736 (14 bytes)   made not entrant: not used
6605 6778       3       Many::m2737 (14 bytes)
6605 6779       4       Many::m2737 (14 bytes)
6605 6778       3       Many::m2737 (14 bytes)   made not entrant: not used
6608 6780       3       Many::m2738 (14 bytes)
6608 6781       4       Many::m2738 (14 bytes)
6608 6780       3       Many::m2738 (14 bytes)   made not entrant: not used
6610 6782       3       Many::m2739 (14 bytes)
6610 6783       4       Many::m2739 (14 bytes)
6610 6782       3       Many::m2739 (14 bytes)   made not entrant: not used
6612 6784       3       Many::m2740 (14 bytes)
6612 6785       4       Many::m2740 (14 bytes)
6612 6784       3       Many::m2740 (14 bytes)   made not entrant: not used
6614 6786       3       Many::m2741 (14 bytes)
6615 6787       4       Many::m2741 (14 bytes)
6615 6786       3       Many::m2741 (14 bytes)   made not entrant: not used
6617 6788       3       Many::m2742 (14 bytes)
6617 6789       4       Many::m2742 (14 bytes)
6617 6788       3       Many::m2742 (14 bytes)   made not entrant: not used
6619 6790       3       Many::m2743 (14 bytes)
6619 6791       4       Many::m2743 (14 bytes)
6619 6790       3       Many::m2743 (14 bytes)   made not entrant: not used
6621 6792       3       Many::m2744 (14 bytes)
6622 6793       4       Many::m2744 (14 bytes)
6622 6792       3       Many::m2744 (14 bytes)   made not entrant: not used
6624 6794       3       Many::m2745 (14 bytes)
6624 6795       4       Many::m2745 (14 bytes)
6624 6794       3       Many::m2745 (14 bytes)   made not entrant: not used
6626 6796       3       Many::m2746 (14 bytes)
6626 6797       4       Many::m2746 (14 bytes)
6626 6796       3       Many::m2746 (14 bytes)   made not entrant: not used
6628 6798       3       Many::m2747 (14 bytes)
6628 6799       4       Many::m2747 (14 bytes)
6629 6798       3       Many::m2747 (14 bytes)   made not entrant: not used
6631 6800       3       Many::m2748 (14 bytes)
6631 6801       4       Many::m2748 (14 bytes)
6631 6800       3       Many::m2748 (14 bytes)   made not entrant: not used
6633 6802       3       Many::m2749 (14 bytes)
6633 6803       4       Many::m2749 (14 bytes)
6633 6802       3       Many::m2749 (14 bytes)   made not entrant: not used
6635 6804       3       Many::m2750 (14 bytes)
6635 6805       4       Many::m2750 (14 bytes)
6636 6804       3       Many::m2750 (14 bytes)   made not entrant: not used
6638 6806       3       Many::m2751 (14 bytes)
6638 6807       4       Many::m2751 (14 bytes)
6638 6806       3       Many::m2751 (14 bytes)   made not entrant: not used
6640 6808       3       Many::m2752 (14 bytes)
6640 6809       4       Many::m2752 (14 bytes)
6640 6808       3       Many::m2752 (14 bytes)   made not entrant: not used
6642 6810       3       Many::m2753 (14 bytes)
6642 6811       4       Many::m2753 (14 bytes)
6642 6810       3       Many::m2753 (14 bytes)   made not entrant: not used
6644 6812       3       Many::m2754 (14 bytes)
6645 6813       4       Many::m2754 (14 bytes)
6645 6812       3       Many::m2754 (14 bytes)   made not entrant: not used
6647 6814       3       Many::m2755 (14 bytes)
6647 6815       4       Many::m2755 (14 bytes)
6647 6814       3       Many::m2755 (14 bytes)   made not entrant: not used
6649 6816       3       Many::m2756 (14 bytes)
6649 6817       4       Many::m2756 (14 bytes)
6649 6816       3       Many::m2756 (14 bytes)   made not entrant: not used
6651 6818       3       Many::m2757 (14 bytes)
6652 6819       4       Many::m2757 (14 bytes)
6652 6818       3       Many::m2757 (14 bytes)   made not entrant: not used
6654 6820       3       Many::m2758 (14 bytes)
6654 6821       4       Many::m2758 (14 bytes)
6654 6820       3       Many::m2758 (14 bytes)   made not entrant: not used
6656 6822       3       Many::m2759 (14 bytes)
6656 6823       4       Many::m2759 (14 bytes)
6656 6822       3       Many::m2759 (14 bytes)   made not entrant: not used
6658 6824       3       Many::m2760 (14 bytes)
6658 6825       4       Many::m2760 (14 bytes)
6659 6824       3       Many::m2760 (14 bytes)   made not entrant: not used
6661 6826       3       Many::m2761 (14 bytes)
6661 6827       4       Many::m2761 (14 bytes)
6661 6826       3       Many::m2761 (14 bytes)   made not entrant: not used
6663 6828       3       Many::m2762 (14 bytes)
6663 6829       4       Many::m2762 (14 bytes)
6663 6828       3       Many::m2762 (14 bytes)   made not entrant: not used
6665 6830       3       Many::m2763 (14 bytes)
6665 6831       4       Many::m2763 (14 bytes)
6666 6830       3       Many::m2763 (14 bytes)   made not entrant: not used
6668 6832       3       Many::m2764 (14 bytes)
6668 6833       4       Many::m2764 (14 bytes)
6668 6832       3       Many::m2764 (14 bytes)   made not entrant: not used
6670 6834       3       Many::m2765 (14 bytes)
6670 6835       4       Many::m2765 (14 bytes)
6670 6834       3       Many::m2765 (14 bytes)   made not entrant: not used
6672 6836       3       Many::m2766 (14 bytes)
6672 6837       4       Many::m2766 (14 bytes)
6672 6836       3       Many::m2766 (14 bytes)   made not entrant: not used
6674 6838       3       Many::m2767 (14 bytes)
6674 6839       4       Many::m2767 (14 bytes)
6675 6838       3       Many::m2767 (14 bytes)   made not entrant: not used
6677 6840       3       Many::m2768 (14 bytes)
6677 6841       4       Many::m2768 (14 bytes)
6677 6840       3       Many::m2768 (14 bytes)   made not entrant: not used
6679 6842       3       Many::m2769 (14 bytes)
6679 6843       4       Many::m2769 (14 bytes)
6679 6842       3       Many::m2769 (14 bytes)   made not entrant: not used
6681 6844       3       Many::m2770 (14 bytes)
6681 6845       4       Many::m2770 (14 bytes)
6681 6844       3       Many::m2770 (14 bytes)   made not entrant: not used
6684 6846       3       Many::m2771 (14 bytes)
6684 6847       4       Many::m2771 (14 bytes)
6684 6846       3       Many::m2771 (14 bytes)   made not entrant: not used
6686 6848       3       Many::m2772 (14 bytes)
6686 6849       4       Many::m2772 (14 bytes)
6686 6848       3       Many::m2772 (14 bytes)   made not entrant: not used
6688 6850       3       Many::m2773 (14 bytes)
6688 6851       4       Many::m2773 (14 bytes)
6688 6850       3       Many::m2773 (14 bytes)   made not entrant: not used
6691 6852       3       Many::m2774 (14 bytes)
6691 6853       4       Many::m2774 (14 bytes)
6691 6852       3       Many::m2774 (14 bytes)   made not entrant: not used
6693 6854       3       Many::m2775 (14 bytes)
6693 6855       4       Many::m2775 (14 bytes)
6693 6854       3       Many::m2775 (14 bytes)   made not entrant: not used
6695 6856       3       Many::m2776 (14 bytes)
6695 6857       4       Many::m2776 (14 bytes)
6695 6856       3       Many::m2776 (14 bytes)   made not entrant: not used
6697 6858       3       Many::m2777 (14 bytes)
6697 6859       4       Many::m2777 (14 bytes)
6698 6858       3       Many::m2777 (14 bytes)   made not entrant: not used
6700 6860       3       Many::m2778 (14 bytes)
6700 6861       4       Many::m2778 (14 bytes)
6700 6860       3       Many::m2778 (14 bytes)   made not entrant: not used
6702 6862       3       Many::m2779 (14 bytes)
6702 6863       4       Many::m2779 (14 bytes)
6702 6862       3       Many::m2779 (14 bytes)   made not entrant: not used
6704 6864       3       Many::m2780 (14 bytes)
6704 6865       4       Many::m2780 (14 bytes)
6705 6864       3       Many::m2780 (14 bytes)   made not entrant: not used
6707 6866       3       Many::m2781 (14 bytes)
6707 6867       4       Many::m2781 (14 bytes)
6707 6866       3       Many::m2781 (14 bytes)   made not entrant: not used
6709 6868       3       Many::m2782 (14 bytes)
6709 6869       4       Many::m2782 (14 bytes)
6709 6868       3       Many::m2782 (14 bytes)   made not entrant: not used
6711 6870       3       Many::m2783 (14 bytes)
6711 6871       4       Many::m2783 (14 bytes)
6711 6870       3       Many::m2783 (14 bytes)   made not entrant: not used
6713 6872       3       Many::m2784 (14 bytes)
6714 6873       4       Many::m2784 (14 bytes)
6714 6872       3       Many::m2784 (14 bytes)   made not entrant: not used
6716 6874       3       Many::m2785 (14 bytes)
6716 6875       4       Many::m2785 (14 bytes)
6716 6874       3       Many::m2785 (14 bytes)   made not entrant: not used
6718 6876       3       Many::m2786 (14 bytes)
6718 6877       4       Many::m2786 (14 bytes)
6718 6876       3       Many::m2786 (14 bytes)   made not entrant: not used
6720 6878       3       Many::m2787 (14 bytes)
6721 6879       4       Many::m2787 (14 bytes)
6721 6878       3       Many::m2787 (14 bytes)   made not entrant: not used
6723 6880       3       Many::m2788 (14 bytes)
6723 6881       4       Many::m2788 (14 bytes)
6723 6880       3       Many::m2788 (14 bytes)   made not entrant: not used
6725 6882       3       Many::m2789 (14 bytes)
6725 6883       4       Many::m2789 (14 bytes)
6725 6882       3       Many::m2789 (14 bytes)   made not entrant: not used
6727 6884       3       Many::m2790 (14 bytes)
6727 6885       4       Many::m2790 (14 bytes)
6728 6884       3       Many::m2790 (14 bytes)   made not entrant: not used
6730 6886       3       Many::m2791 (14 bytes)
6730 6887       4       Many::m2791 (14 bytes)
6730 6886       3       Many::m2791 (14 bytes)   made not entrant: not used
6732 6888       3       Many::m2792 (14 bytes)
6732 6889       4       Many::m2792 (14 bytes)
6732 6888       3       Many::m2792 (14 bytes)   made not entrant: not used
6734 6890       3       Many::m2793 (14 bytes)
6734 6891       4       Many::m2793 (14 bytes)
6735 6890       3       Many::m2793 (14 bytes)   made not entrant: not used
6737 6892       3       Many::m2794 (14 bytes)
6737 6893       4       Many::m2794 (14 bytes)
6737 6892       3       Many::m2794 (14 bytes)   made not entrant: not used
6739 6894       3       Many::m2795 (14 bytes)
6739 6895       4       Many::m2795 (14 bytes)
6739 6894       3       Many::m2795 (14 bytes)   made not entrant: not used
6741 6896       3       Many::m2796 (14 bytes)
6741 6897       4       Many::m2796 (14 bytes)
6741 6896       3       Many::m2796 (14 bytes)   made not entrant: not used
6743 6898       3       Many::m2797 (14 bytes)
6744 6899       4       Many::m2797 (14 bytes)
6744 6898       3       Many::m2797 (14 bytes)   made not entrant: not used
6746 6900       3       Many::m2798 (14 bytes)
6746 6901       4       Many::m2798 (14 bytes)
6746 6900       3       Many::m2798 (14 bytes)   made not entrant: not used
6748 6902       3       Many::m2799 (14 bytes)
6748 6903       4       Many::m2799 (14 bytes)
6748 6902       3       Many::m2799 (14 bytes)   made not entrant: not used
6750 6904       3       Many::m2800 (14 bytes)
6750 6905       4       Many::m2800 (14 bytes)
6751 6904       3       Many::m2800 (14 bytes)   made not entrant: not used
6753 6906       3       Many::m2801 (14 bytes)
6753 6907       4       Many::m2801 (14 bytes)
6753 6906       3       Many::m2801 (14 bytes)   made not entrant: not used
6755 6908       3       Many::m2802 (14 bytes)
6755 6909       4       Many::m2802 (14 bytes)
6755 6908       3       Many::m2802 (14 bytes)   made not entrant: not used
6757 6910       3       Many::m2803 (14 bytes)
6757 6911       4       Many::m2803 (14 bytes)
6757 6910       3       Many::m2803 (14 bytes)   made not entrant: not used
6759 6912       3       Many::m2804 (14 bytes)
6760 6913       4       Many::m2804 (14 bytes)
6760 6912       3       Many::m2804 (14 bytes)   made not entrant: not used
6762 6914       3       Many::m2805 (14 bytes)
6762 6915       4       Many::m2805 (14 bytes)
6762 6914       3       Many::m2805 (14 bytes)   made not entrant: not used
6764 6916       3       Many::m2806 (14 bytes)
6764 6917       4       Many::m2806 (14 bytes)
6764 6916       3       Many::m2806 (14 bytes)   made not entrant: not used
6766 6918       3       Many::m2807 (14 bytes)
6767 6919       4       Many::m2807 (14 bytes)
6767 6918       3       Many::m2807 (14 bytes)   made not entrant: not used
6769 6920       3       Many::m2808 (14 bytes)
6769 6921       4       Many::m2808 (14 bytes)
6769 6920       3       Many::m2808 (14 bytes)   made not entrant: not used
6771 6922       3       Many::m2809 (14 bytes)
6771 6923       4       Many::m2809 (14 bytes)
6771 6922       3       Many::m2809 (14 bytes)   made not entrant: not used
6773 6924       3       Many::m2810 (14 bytes)
6773 6925       4       Many::m2810 (14 bytes)
6774 6924       3       Many::m2810 (14 bytes)   made not entrant: not used
6776 6926       3       Many::m2811 (14 bytes)
6776 6927       4       Many::m2811 (14 bytes)
6776 6926       3       Many::m2811 (14 bytes)   made not entrant: not used
6778 6928       3       Many::m2812 (14 bytes)
6778 6929       4       Many::m2812 (14 bytes)
6778 6928       3       Many::m2812 (14 bytes)   made not entrant: not used
6780 6930       3       Many::m2813 (14 bytes)
6780 6931       4       Many::m2813 (14 bytes)
6780 6930       3       Many::m2813 (14 bytes)   made not entrant: not used
6782 6932       3       Many::m2814 (14 bytes)
6783 6933       4       Many::m2814 (14 bytes)
6783 6932       3       Many::m2814 (14 bytes)   made not entrant: not used
6785 6934       3       Many::m2815 (14 bytes)
6785 6935       4       Many::m2815 (14 bytes)
6785 6934       3       Many::m2815 (14 bytes)   made not entrant: not used
6787 6936       3       Many::m2816 (14 bytes)
6787 6937       4       Many::m2816 (14 bytes)
6787 6936       3       Many::m2816 (14 bytes)   made not entrant: not used
6789 6938       3       Many::m2817 (14 bytes)
6789 6939       4       Many::m2817 (14 bytes)
6790 6938       3       Many::m2817 (14 bytes)   made not entrant: not used
6792 6940       3       Many::m2818 (14 bytes)
6792 6941       4       Many::m2818 (14 bytes)
6792 6940       3       Many::m2818 (14 bytes)   made not entrant: not used
6794 6942       3       Many::m2819 (14 bytes)
6794 6943       4       Many::m2819 (14 bytes)
6794 6942       3       Many::m2819 (14 bytes)   made not entrant: not used
6796 6944       3       Many::m2820 (14 bytes)
6796 6945       4       Many::m2820 (14 bytes)
6796 6944       3       Many::m2820 (14 bytes)   made not entrant: not used
6798 6946       3       Many::m2821 (14 bytes)
6799 6947       4       Many::m2821 (14 bytes)
6799 6946       3       Many::m2821 (14 bytes)   made not entrant: not used
6801 6948       3       Many::m2822 (14 bytes)
6801 6949       4       Many::m2822 (14 bytes)
6801 6948       3       Many::m2822 (14 bytes)   made not entrant: not used
6803 6950       3       Many::m2823 (14 bytes)
6803 6951       4       Many::m2823 (14 bytes)
6803 6950       3       Many::m2823 (14 bytes)   made not entrant: not used
6805 6952       3       Many::m2824 (14 bytes)
6805 6953       4       Many::m2824 (14 bytes)
6806 6952       3       Many::m2824 (14 bytes)   made not entrant: not used
6808 6954       3       Many::m2825 (14 bytes)
6808 6955       4       Many::m2825 (14 bytes)
6808 6954       3       Many::m2825 (14 bytes)   made not entrant: not used
6810 6956       3       Many::m2826 (14 bytes)
6810 6957       4       Many::m2826 (14 bytes)
6810 6956       3       Many::m2826 (14 bytes)   made not entrant: not used
6812 6958       3       Many::m2827 (14 bytes)
6812 6959       4       Many::m2827 (14 bytes)
6813 6958       3       Many::m2827 (14 bytes)   made not entrant: not used
6815 6960       3       Many::m2828 (14 bytes)
6815 6961       4       Many::m2828 (14 bytes)
6815 6960       3       Many::m2828 (14 bytes)   made not entrant: not used
6817 6962       3       Many::m2829 (14 bytes)
6817 6963       4       Many::m2829 (14 bytes)
6817 6962       3       Many::m2829 (14 bytes)   made not entrant: not used
6819 6964       3       Many::m2830 (14 bytes)
6819 6965       4       Many::m2830 (14 bytes)
6819 6964       3       Many::m2830 (14 bytes)   made not entrant: not used
6821 6966       3       Many::m2831 (14 bytes)
6822 6967       4       Many::m2831 (14 bytes)
6822 6966       3       Many::m2831 (14 bytes)   made not entrant: not used
6824 6968       3       Many::m2832 (14 bytes)
6824 6969       4       Many::m2832 (14 bytes)
6824 6968       3       Many::m2832 (14 bytes)   made not entrant: not used
6826 6970       3       Many::m2833 (14 bytes)
6826 6971       4       Many::m2833 (14 bytes)
6826 6970       3       Many::m2833 (14 bytes)   made not entrant: not used
6828 6972       3       Many::m2834 (14 bytes)
6828 6973       4       Many::m2834 (14 bytes)
6829 6972       3       Many::m2834 (14 bytes)   made not entrant: not used
6831 6974       3       Many::m2835 (14 bytes)
6831 6975       4       Many::m2835 (14 bytes)
6831 6974       3       Many::m2835 (14 bytes)   made not entrant: not used
6833 6976       3       Many::m2836 (14 bytes)
6833 6977       4       Many::m2836 (14 bytes)
6833 6976       3       Many::m2836 (14 bytes)   made not entrant: not used
6835 6978       3       Many::m2837 (14 bytes)
6835 6979       4       Many::m2837 (14 bytes)
6836 6978       3       Many::m2837 (14 bytes)   made not entrant: not used
6838 6980       3       Many::m2838 (14 bytes)
6838 6981       4       Many::m2838 (14 bytes)
6838 6980       3       Many::m2838 (14 bytes)   made not entrant: not used
6840 6982       3       Many::m2839 (14 bytes)
6840 6983       4       Many::m2839 (14 bytes)
6840 6982       3       Many::m2839 (14 bytes)   made not entrant: not used
6842 6984       3       Many::m2840 (14 bytes)
6842 6985       4       Many::m2840 (14 bytes)
6842 6984       3       Many::m2840 (14 bytes)   made not entrant: not used
6844 6986       3       Many::m2841 (14 bytes)
6845 6987       4       Many::m2841 (14 bytes)
6845 6986       3       Many::m2841 (14 bytes)   made not entrant: not used
6847 6988       3       Many::m2842 (14 bytes)
6847 6989       4       Many::m2842 (14 bytes)
6847 6988       3       Many::m2842 (14 bytes)   made not entrant: not used
6849 6990       3       Many::m2843 (14 bytes)
6849 6991       4       Many::m2843 (14 bytes)
6849 6990       3       Many::m2843 (14 bytes)   made not entrant: not used
6851 6992       3       Many::m2844 (14 bytes)
6852 6993       4       Many::m2844 (14 bytes)
6852 6992       3       Many::m2844 (14 bytes)   made not entrant: not used
6854 6994       3       Many::m2845 (14 bytes)
6854 6995       4       Many::m2845 (14 bytes)
6854 6994       3       Many::m2845 (14 bytes)   made not entrant: not used
6856 6996       3       Many::m2846 (14 bytes)
6856 6997       4       Many::m2846 (14 bytes)
6856 6996       3       Many::m2846 (14 bytes)   made not entrant: not used
6858 6998       3       Many::m2847 (14 bytes)
6858 6999       4       Many::m2847 (14 bytes)
6859 6998       3       Many::m2847 (14 bytes)   made not entrant: not used
6861 7000       3       Many::m2848 (14 bytes)
6861 7001       4       Many::m2848 (14 bytes)
6861 7000       3       Many::m2848 (14 bytes)   made not entrant: not used
6863 7002       3       Many::m2849 (14 bytes)
6863 7003       4       Many::m2849 (14 bytes)
6863 7002       3       Many::m2849 (14 bytes)   made not entrant: not used
6865 7004       3       Many::m2850 (14 bytes)
6865 7005       4       Many::m2850 (14 bytes)
6865 7004       3       Many::m2850 (14 bytes)   made not entrant: not used
6868 7006       3       Many::m2851 (14 bytes)
6868 7007       4       Many::m2851 (14 bytes)
6868 7006       3       Many::m2851 (14 bytes)   made not entrant: not used
6870 7008       3       Many::m2852 (14 bytes)
6870 7009       4       Many::m2852 (14 bytes)
6870 7008       3       Many::m2852 (14 bytes)   made not entrant: not used
6872 7010       3       Many::m2853 (14 bytes)
6872 7011       4       Many::m2853 (14 bytes)
6873 7010       3       Many::m2853 (14 bytes)   made not entrant: not used
6874 7012       3       Many::m2854 (14 bytes)
6875 7013       4       Many::m2854 (14 bytes)
6875 7012       3       Many::m2854 (14 bytes)   made not entrant: not used
6877 7014       3       Many::m2855 (14 bytes)
6877 7015       4       Many::m2855 (14 bytes)
6877 7014       3       Many::m2855 (14 bytes)   made not entrant: not used
6879 7016       3       Many::m2856 (14 bytes)
6879 7017       4       Many::m2856 (14 bytes)
6879 7016       3       Many::m2856 (14 bytes)   made not entrant: not used
6881 7018       3       Many::m2857 (14 bytes)
6882 7019       4       Many::m2857 (14 bytes)
6882 7018       3       Many::m2857 (14 bytes)   made not entrant: not used
6884 7020       3       Many::m2858 (14 bytes)
6884 7021       4       Many::m2858 (14 bytes)
6884 7020       3       Many::m2858 (14 bytes)   made not entrant: not used
6886 7022       3       Many::m2859 (14 bytes)
6886 7023       4       Many::m2859 (14 bytes)
6886 7022       3       Many::m2859 (14 bytes)   made not entrant: not used
6888 7024       3       Many::m2860 (14 bytes)
6888 7025       4       Many::m2860 (14 bytes)
6889 7024       3       Many::m2860 (14 bytes)   made not entrant: not used
6891 7026       3       Many::m2861 (14 bytes)
6891 7027       4       Many::m2861 (14 bytes)
6891 7026       3       Many::m2861 (14 bytes)   made not entrant: not used
6893 7028       3       Many::m2862 (14 bytes)
6893 7029       4       Many::m2862 (14 bytes)
6893 7028       3       Many::m2862 (14 bytes)   made not entrant: not used
6895 7030       3       Many::m2863 (14 bytes)
6895 7031       4       Many::m2863 (14 bytes)
6895 7030       3       Many::m2863 (14 bytes)   made not entrant: not used
6897 7032       3       Many::m2864 (14 bytes)
6898 7033       4       Many::m2864 (14 bytes)
6898 7032       3       Many::m2864 (14 bytes)   made not entrant: not used
6900 7034       3       Many::m2865 (14 bytes)
6900 7035       4       Many::m2865 (14 bytes)
6900 7034       3       Many::m2865 (14 bytes)   made not entrant: not used
6902 7036       3       Many::m2866 (14 bytes)
6902 7037       4       Many::m2866 (14 bytes)
6902 7036       3       Many::m2866 (14 bytes)   made not entrant: not used
6904 7038       3       Many::m2867 (14 bytes)
6904 7039       4       Many::m2867 (14 bytes)
6905 7038       3       Many::m2867 (14 bytes)   made not entrant: not used
6907 7040       3       Many::m2868 (14 bytes)
6907 7041       4       Many::m2868 (14 bytes)
6907 7040       3       Many::m2868 (14 bytes)   made not entrant: not used
6909 7042       3       Many::m2869 (14 bytes)
6909 7043       4       Many::m2869 (14 bytes)
6909 7042       3       Many::m2869 (14 bytes)   made not entrant: not used
6911 7044       3       Many::m2870 (14 bytes)
6911 7045       4       Many::m2870 (14 bytes)
6911 7044       3       Many::m2870 (14 bytes)   made not entrant: not used
6914 7046       3       Many::m2871 (14 bytes)
6914 7047       4       Many::m2871 (14 bytes)
6914 7046       3       Many::m2871 (14 bytes)   made not entrant: not used
6916 7048       3       Many::m2872 (14 bytes)
6916 7049       4       Many::m2872 (14 bytes)
6916 7048       3       Many::m2872 (14 bytes)   made not entrant: not used
6918 7050       3       Many::m2873 (14 bytes)
6918 7051       4       Many::m2873 (14 bytes)
6918 7050       3       Many::m2873 (14 bytes)   made not entrant: not used
6920 7052       3       Many::m2874 (14 bytes)
6921 7053       4       Many::m2874 (14 bytes)
6921 7052       3       Many::m2874 (14 bytes)   made not entrant: not used
6923 7054       3       Many::m2875 (14 bytes)
6923 7055       4       Many::m2875 (14 bytes)
6923 7054       3       Many::m2875 (14 bytes)   made not entrant: not used
6925 7056       3       Many::m2876 (14 bytes)
6925 7057       4       Many::m2876 (14 bytes)
6925 7056       3       Many::m2876 (14 bytes)   made not entrant: not used
6927 7058       3       Many::m2877 (14 bytes)
6927 7059       4       Many::m2877 (14 bytes)
6928 7058       3       Many::m2877 (14 bytes)   made not entrant: not used
6930 7060       3       Many::m2878 (14 bytes)
6930 7061       4       Many::m2878 (14 bytes)
6930 7060       3       Many::m2878 (14 bytes)   made not entrant: not used
6932 7062       3       Many::m2879 (14 bytes)
6932 7063       4       Many::m2879 (14 bytes)
6932 7062       3       Many::m2879 (14 bytes)   made not entrant: not used
6934 7064       3       Many::m2880 (14 bytes)
6934 7065       4       Many::m2880 (14 bytes)
6935 7064       3       Many::m2880 (14 bytes)   made not entrant: not used
6937 7066       3       Many::m2881 (14 bytes)
6937 7067       4       Many::m2881 (14 bytes)
6937 7066       3       Many::m2881 (14 bytes)   made not entrant: not used
6939 7068       3       Many::m2882 (14 bytes)
6939 7069       4       Many::m2882 (14 bytes)
6939 7068       3       Many::m2882 (14 bytes)   made not entrant: not used
6941 7070       3       Many::m2883 (14 bytes)
6941 7071       4       Many::m2883 (14 bytes)
6941 7070       3       Many::m2883 (14 bytes)   made not entrant: not used
6943 7072       3       Many::m2884 (14 bytes)
6944 7073       4       Many::m2884 (14 bytes)
6944 7072       3       Many::m2884 (14 bytes)   made not entrant: not used
6946 7074       3       Many::m2885 (14 bytes)
6946 7075       4       Many::m2885 (14 bytes)
6946 7074       3       Many::m2885 (14 bytes)   made not entrant: not used
6948 7076       3       Many::m2886 (14 bytes)
6948 7077       4       Many::m2886 (14 bytes)
6948 7076       3       Many::m2886 (14 bytes)   made not entrant: not used
6950 7078       3       Many::m2887 (14 bytes)
6950 7079       4       Many::m2887 (14 bytes)
6951 7078       3       Many::m2887 (14 bytes)   made not entrant: not used
6953 7080       3       Many::m2888 (14 bytes)
6953 7081       4       Many::m2888 (14 bytes)
6953 7080       3       Many::m2888 (14 bytes)   made not entrant: not used
6955 7082       3       Many::m2889 (14 bytes)
6955 7083       4       Many::m2889 (14 bytes)
6955 7082       3       Many::m2889 (14 bytes)   made not entrant: not used
6957 7084       3       Many::m2890 (14 bytes)
6957 7085       4       Many::m2890 (14 bytes)
6957 7084       3       Many::m2890 (14 bytes)   made not entrant: not used
6959 7086       3       Many::m2891 (14 bytes)
6960 7087       4       Many::m2891 (14 bytes)
6960 7086       3       Many::m2891 (14 bytes)   made not entrant: not used
6962 7088       3       Many::m2892 (14 bytes)
6962 7089       4       Many::m2892 (14 bytes)
6962 7088       3       Many::m2892 (14 bytes)   made not entrant: not used
6964 7090       3       Many::m2893 (14 bytes)
6964 7091       4       Many::m2893 (14 bytes)
6964 7090       3       Many::m2893 (14 bytes)   made not entrant: not used
6966 7092       3       Many::m2894 (14 bytes)
6967 7093       4       Many::m2894 (14 bytes)
6967 7092       3       Many::m2894 (14 bytes)   made not entrant: not used
6969 7094       3       Many::m2895 (14 bytes)
6969 7095       4       Many::m2895 (14 bytes)
6969 7094       3       Many::m2895 (14 bytes)   made not entrant: not used
6971 7096       3       Many::m2896 (14 bytes)
6971 7097       4       Many::m2896 (14 bytes)
6971 7096       3       Many::m2896 (14 bytes)   made not entrant: not used
6973 7098       3       Many::m2897 (14 bytes)
6973 7099       4       Many::m2897 (14 bytes)
6973 7098       3       Many::m2897 (14 bytes)   made not entrant: not used
6975 7100       3       Many::m2898 (14 bytes)
6976 7101       4       Many::m2898 (14 bytes)
6976 7100       3       Many::m2898 (14 bytes)   made not entrant: not used
6978 7102       3       Many::m2899 (14 bytes)
6978 7103       4       Many::m2899 (14 bytes)
6978 7102       3       Many::m2899 (14 bytes)   made not entrant: not used
6980 7104       3       Many::m2900 (14 bytes)
6980 7105       4       Many::m2900 (14 bytes)
6980 7104       3       Many::m2900 (14 bytes)   made not entrant: not used
6982 7106       3       Many::m2901 (14 bytes)
6983 7107       4       Many::m2901 (14 bytes)
6983 7106       3       Many::m2901 (14 bytes)   made not entrant: not used
6985 7108       3       Many::m2902 (14 bytes)
6985 7109       4       Many::m2902 (14 bytes)
6985 7108       3       Many::m2902 (14 bytes)   made not entrant: not used
6987 7110       3       Many::m2903 (14 bytes)
6987 7111       4       Many::m2903 (14 bytes)
6987 7110       3       Many::m2903 (14 bytes)   made not entrant: not used
6989 7112       3       Many::m2904 (14 bytes)
6989 7113       4       Many::m2904 (14 bytes)
6990 7112       3       Many::m2904 (14 bytes)   made not entrant: not used
6992 7114       3       Many::m2905 (14 bytes)
6992 7115       4       Many::m2905 (14 bytes)
6992 7114       3       Many::m2905 (14 bytes)   made not entrant: not used
6994 7116       3       Many::m2906 (14 bytes)
6994 7117       4       Many::m2906 (14 bytes)
6994 7116       3       Many::m2906 (14 bytes)   made not entrant: not used
6996 7118       3       Many::m2907 (14 bytes)
6996 7119       4       Many::m2907 (14 bytes)
6996 7118       3       Many::m2907 (14 bytes)   made not entrant: not used
6998 7120       3       Many::m2908 (14 bytes)
6999 7121       4       Many::m2908 (14 bytes)
6999 7120       3       Many::m2908 (14 bytes)   made not entrant: not used
7001 7122       3       Many::m2909 (14 bytes)
7001 7123       4       Many::m2909 (14 bytes)
7001 7122       3       Many::m2909 (14 bytes)   made not entrant: not used
7003 7124       3       Many::m2910 (14 bytes)
7003 7125       4       Many::m2910 (14 bytes)
7004 7124       3       Many::m2910 (14 bytes)   made not entrant: not used
7006 7126       3       Many::m2911 (14 bytes)
7006 7127       4       Many::m2911 (14 bytes)
7006 7126       3       Many::m2911 (14 bytes)   made not entrant: not used
7008 7128       3       Many::m2912 (14 bytes)
7008 7129       4       Many::m2912 (14 bytes)
7008 7128       3       Many::m2912 (14 bytes)   made not entrant: not used
7010 7130       3       Many::m2913 (14 bytes)
7010 7131       4       Many::m2913 (14 bytes)
7010 7130       3       Many::m2913 (14 bytes)   made not entrant: not used
7012 7132       3       Many::m2914 (14 bytes)
7012 7133       4       Many::m2914 (14 bytes)
7013 7132       3       Many::m2914 (14 bytes)   made not entrant: not used
7015 7134       3       Many::m2915 (14 bytes)
7015 7135       4       Many::m2915 (14 bytes)
7015 7134       3       Many::m2915 (14 bytes)   made not entrant: not used
7017 7136       3       Many::m2916 (14 bytes)
7017 7137       4       Many::m2916 (14 bytes)
7017 7136       3       Many::m2916 (14 bytes)   made not entrant: not used
7019 7138       3       Many::m2917 (14 bytes)
7019 7139       4       Many::m2917 (14 bytes)
7019 7138       3       Many::m2917 (14 bytes)   made not entrant: not used
7022 7140       3       Many::m2918 (14 bytes)
7022 7141       4       Many::m2918 (14 bytes)
7022 7140       3       Many::m2918 (14 bytes)   made not entrant: not used
7024 7142       3       Many::m2919 (14 bytes)
7024 7143       4       Many::m2919 (14 bytes)
7024 7142       3       Many::m2919 (14 bytes)   made not entrant: not used
7026 7144       3       Many::m2920 (14 bytes)
7026 7145       4       Many::m2920 (14 bytes)
7026 7144       3       Many::m2920 (14 bytes)   made not entrant: not used
7028 7146       3       Many::m2921 (14 bytes)
7029 7147       4       Many::m2921 (14 bytes)
7029 7146       3       Many::m2921 (14 bytes)   made not entrant: not used
7031 7148       3       Many::m2922 (14 bytes)
7031 7149       4       Many::m2922 (14 bytes)
7031 7148       3       Many::m2922 (14 bytes)   made not entrant: not used
7033 7150       3       Many::m2923 (14 bytes)
7033 7151       4       Many::m2923 (14 bytes)
7033 7150       3       Many::m2923 (14 bytes)   made not entrant: not used
7035 7152       3       Many::m2924 (14 bytes)
7035 7153       4       Many::m2924 (14 bytes)
7036 7152       3       Many::m2924 (14 bytes)   made not entrant: not used
7038 7154       3       Many::m2925 (14 bytes)
7038 7155       4       Many::m2925 (14 bytes)
7038 7154       3       Many::m2925 (14 bytes)   made not entrant: not used
7040 7156       3       Many::m2926 (14 bytes)
7040 7157       4       Many::m2926 (14 bytes)
7040 7156       3       Many::m2926 (14 bytes)   made not entrant: not used
7042 7158       3       Many::m2927 (14 bytes)
7042 7159       4       Many::m2927 (14 bytes)
7042 7158       3       Many::m2927 (14 bytes)   made not entrant: not used
7044 7160       3       Many::m2928 (14 bytes)
7045 7161       4       Many::m2928 (14 bytes)
7045 7160       3       Many::m2928 (14 bytes)   made not entrant: not used
7047 7162       3       Many::m2929 (14 bytes)
7047 7163       4       Many::m2929 (14 bytes)
7047 7162       3       Many::m2929 (14 bytes)   made not entrant: not used
7049 7164       3       Many::m2930 (14 bytes)
7049 7165       4       Many::m2930 (14 bytes)
7049 7164       3       Many::m2930 (14 bytes)   made not entrant: not used
7051 7166       3       Many::m2931 (14 bytes)
7052 7167       4       Many::m2931 (14 bytes)
7052 7166       3       Many::m2931 (14 bytes)   made not entrant: not used
7054 7168       3       Many::m2932 (14 bytes)
7054 7169       4       Many::m2932 (14 bytes)
7054 7168       3       Many::m2932 (14 bytes)   made not entrant: not used
7056 7170       3       Many::m2933 (14 bytes)
7056 7171       4       Many::m2933 (14 bytes)
7056 7170       3       Many::m2933 (14 bytes)   made not entrant: not used
7058 7172       3       Many::m2934 (14 bytes)
7058 7173       4       Many::m2934 (14 bytes)
7059 7172       3       Many::m2934 (14 bytes)   made not entrant: not used
7061 7174       3       Many::m2935 (14 bytes)
7061 7175       4       Many::m2935 (14 bytes)
7061 7174       3       Many::m2935 (14 bytes)   made not entrant: not used
7063 7176       3       Many::m2936 (14 bytes)
7063 7177       4       Many::m2936 (14 bytes)
7063 7176       3       Many::m2936 (14 bytes)   made not entrant: not used
7065 7178       3       Many::m2937 (14 bytes)
7065 7179       4       Many::m2937 (14 bytes)
7066 7178       3       Many::m2937 (14 bytes)   made not entrant: not used
7068 7180       3       Many::m2938 (14 bytes)
7068 7181       4       Many::m2938 (14 bytes)
7068 7180       3       Many::m2938 (14 bytes)   made not entrant: not used
7070 7182       3       Many::m2939 (14 bytes)
7070 7183       4       Many::m2939 (14 bytes)
7070 7182       3       Many::m2939 (14 bytes)   made not entrant: not used
7072 7184       3       Many::m2940 (14 bytes)
7072 7185       4       Many::m2940 (14 bytes)
7072 7184       3       Many::m2940 (14 bytes)   made not entrant: not used
7074 7186       3       Many::m2941 (14 bytes)
7075 7187       4       Many::m2941 (14 bytes)
7075 7186       3       Many::m2941 (14 bytes)   made not entrant: not used
7077 7188       3       Many::m2942 (14 bytes)
7077 7189       4       Many::m2942 (14 bytes)
7077 7188       3       Many::m2942 (14 bytes)   made not entrant: not used
7079 7190       3       Many::m2943 (14 bytes)
7079 7191       4       Many::m2943 (14 bytes)
7079 7190       3       Many::m2943 (14 bytes)   made not entrant: not used
7081 7192       3       Many::m2944 (14 bytes)
7081 7193       4       Many::m2944 (14 bytes)
7082 7192       3       Many::m2944 (14 bytes)   made not entrant: not used
7084 7194       3       Many::m2945 (14 bytes)
7084 7195       4       Many::m2945 (14 bytes)
7084 7194       3       Many::m2945 (14 bytes)   made not entrant: not used
7086 7196       3       Many::m2946 (14 bytes)
7086 7197       4       Many::m2946 (14 bytes)
7086 7196       3       Many::m2946 (14 bytes)   made not entrant: not used
7088 7198       3       Many::m2947 (14 bytes)
7088 7199       4       Many::m2947 (14 bytes)
7088 7198       3       Many::m2947 (14 bytes)   made not entrant: not used
7090 7200       3       Many::m2948 (14 bytes)
7091 7201       4       Many::m2948 (14 bytes)
7091 7200       3       Many::m2948 (14 bytes)   made not entrant: not used
7093 7202       3       Many::m2949 (14 bytes)
7093 7203       4       Many::m2949 (14 bytes)
7093 7202       3       Many::m2949 (14 bytes)   made not entrant: not used
7095 7204       3       Many::m2950 (14 bytes)
7095 7205       4       Many::m2950 (14 bytes)
7095 7204       3       Many::m2950 (14 bytes)   made not entrant: not used
7097 7206       3       Many::m2951 (14 bytes)
7098 7207       4       Many::m2951 (14 bytes)
7098 7206       3       Many::m2951 (14 bytes)   made not entrant: not used
7100 7208       3       Many::m2952 (14 bytes)
7100 7209       4       Many::m2952 (14 bytes)
7100 7208       3       Many::m2952 (14 bytes)   made not entrant: not used
7102 7210       3       Many::m2953 (14 bytes)
7102 7211       4       Many::m2953 (14 bytes)
7102 7210       3       Many::m2953 (14 bytes)   made not entrant: not used
7104 7212       3       Many::m2954 (14 bytes)
7104 7213       4       Many::m2954 (14 bytes)
7105 7212       3       Many::m2954 (14 bytes)   made not entrant: not used
7107 7214       3       Many::m2955 (14 bytes)
7107 7215       4       Many::m2955 (14 bytes)
7107 7214       3       Many::m2955 (14 bytes)   made not entrant: not used
7109 7216       3       Many::m2956 (14 bytes)
7109 7217       4       Many::m2956 (14 bytes)
7109 7216       3       Many::m2956 (14 bytes)   made not entrant: not used
7111 7218       3       Many::m2957 (14 bytes)
7111 7219       4       Many::m2957 (14 bytes)
7111 7218       3       Many::m2957 (14 bytes)   made not entrant: not used
7113 7220       3       Many::m2958 (14 bytes)
7114 7221       4       Many::m2958 (14 bytes)
7114 7220       3       Many::m2958 (14 bytes)   made not entrant: not used
7116 7222       3       Many::m2959 (14 bytes)
7116 7223       4       Many::m2959 (14 bytes)
7116 7222       3       Many::m2959 (14 bytes)   made not entrant: not used
7118 7224       3       Many::m2960 (14 bytes)
7118 7225       4       Many::m2960 (14 bytes)
7118 7224       3       Many::m2960 (14 bytes)   made not entrant: not used
7120 7226       3       Many::m2961 (14 bytes)
7121 7227       4       Many::m2961 (14 bytes)
7121 7226       3       Many::m2961 (14 bytes)   made not entrant: not used
7123 7228       3       Many::m2962 (14 bytes)
7123 7229       4       Many::m2962 (14 bytes)
7123 7228       3       Many::m2962 (14 bytes)   made not entrant: not used
7125 7230       3       Many::m2963 (14 bytes)
7125 7231       4       Many::m2963 (14 bytes)
7125 7230       3       Many::m2963 (14 bytes)   made not entrant: not used
7127 7232       3       Many::m2964 (14 bytes)
7127 7233       4       Many::m2964 (14 bytes)
7128 7232       3       Many::m2964 (14 bytes)   made not entrant: not used
7130 7234       3       Many::m2965 (14 bytes)
7130 7235       4       Many::m2965 (14 bytes)
7130 7234       3       Many::m2965 (14 bytes)   made not entrant: not used
7132 7236       3       Many::m2966 (14 bytes)
7132 7237       4       Many::m2966 (14 bytes)
7132 7236       3       Many::m2966 (14 bytes)   made not entrant: not used
7134 7238       3       Many::m2967 (14 bytes)
7134 7239       4       Many::m2967 (14 bytes)
7134 7238       3       Many::m2967 (14 bytes)   made not entrant: not used
7137 7240       3       Many::m2968 (14 bytes)
7137 7241       4       Many::m2968 (14 bytes)
7137 7240       3       Many::m2968 (14 bytes)   made not entrant: not used
7139 7242       3       Many::m2969 (14 bytes)
7139 7243       4       Many::m2969 (14 bytes)
7139 7242       3       Many::m2969 (14 bytes)   made not entrant: not used
7141 7244       3       Many::m2970 (14 bytes)
7141 7245       4       Many::m2970 (14 bytes)
7141 7244       3       Many::m2970 (14 bytes)   made not entrant: not used
7143 7246       3       Many::m2971 (14 bytes)
7144 7247       4       Many::m2971 (14 bytes)
7144 7246       3       Many::m2971 (14 bytes)   made not entrant: not used
7146 7248       3       Many::m2972 (14 bytes)
7146 7249       4       Many::m2972 (14 bytes)
7146 7248       3       Many::m2972 (14 bytes)   made not entrant: not used
7148 7250       3       Many::m2973 (14 bytes)
7148 7251       4       Many::m2973 (14 bytes)
7148 7250       3       Many::m2973 (14 bytes)   made not entrant: not used
7150 7252       3       Many::m2974 (14 bytes)
7150 7253       4       Many::m2974 (14 bytes)
7151 7252       3       Many::m2974 (14 bytes)   made not entrant: not used
7153 7254       3       Many::m2975 (14 bytes)
7153 7255       4       Many::m2975 (14 bytes)
7153 7254       3       Many::m2975 (14 bytes)   made not entrant: not used
7155 7256       3       Many::m2976 (14 bytes)
7155 7257       4       Many::m2976 (14 bytes)
7155 7256       3       Many::m2976 (14 bytes)   made not entrant: not used
7157 7258       3       Many::m2977 (14 bytes)
7157 7259       4       Many::m2977 (14 bytes)
7157 7258       3       Many::m2977 (14 bytes)   made not entrant: not used
7159 7260       3       Many::m2978 (14 bytes)
7160 7261       4       Many::m2978 (14 bytes)
7160 7260       3       Many::m2978 (14 bytes)   made not entrant: not used
7162 7262       3       Many::m2979 (14 bytes)
7162 7263       4       Many::m2979 (14 bytes)
7162 7262       3       Many::m2979 (14 bytes)   made not entrant: not used
7164 7264       3       Many::m2980 (14 bytes)
7164 7265       4       Many::m2980 (14 bytes)
7164 7264       3       Many::m2980 (14 bytes)   made not entrant: not used
7166 7266       3       Many::m2981 (14 bytes)
7166 7267       4       Many::m2981 (14 bytes)
7167 7266       3       Many::m2981 (14 bytes)   made not entrant: not used
7169 7268       3       Many::m2982 (14 bytes)
7169 7269       4       Many::m2982 (14 bytes)
7169 7268       3       Many::m2982 (14 bytes)   made not entrant: not used
7171 7270       3       Many::m2983 (14 bytes)
7171 7271       4       Many::m2983 (14 bytes)
7171 7270       3       Many::m2983 (14 bytes)   made not entrant: not used
7173 7272       3       Many::m2984 (14 bytes)
7173 7273       4       Many::m2984 (14 bytes)
7173 7272       3       Many::m2984 (14 bytes)   made not entrant: not used
7175 7274       3       Many::m2985 (14 bytes)
7176 7275       4       Many::m2985 (14 bytes)
7176 7274       3       Many::m2985 (14 bytes)   made not entrant: not used
7178 7276       3       Many::m2986 (14 bytes)
7178 7277       4       Many::m2986 (14 bytes)
7178 7276       3       Many::m2986 (14 bytes)   made not entrant: not used
7180 7278       3       Many::m2987 (14 bytes)
7180 7279       4       Many::m2987 (14 bytes)
7180 7278       3       Many::m2987 (14 bytes)   made not entrant: not used
7182 7280       3       Many::m2988 (14 bytes)
7183 7281       4       Many::m2988 (14 bytes)
7183 7280       3       Many::m2988 (14 bytes)   made not entrant: not used
7185 7282       3       Many::m2989 (14 bytes)
7185 7283       4       Many::m2989 (14 bytes)
7185 7282       3       Many::m2989 (14 bytes)   made not entrant: not used
7187 7284       3       Many::m2990 (14 bytes)
7187 7285       4       Many::m2990 (14 bytes)
7187 7284       3       Many::m2990 (14 bytes)   made not entrant: not used
7189 7286       3       Many::m2991 (14 bytes)
7189 7287       4       Many::m2991 (14 bytes)
7190 7286       3       Many::m2991 (14 bytes)   made not entrant: not used
7192 7288       3       Many::m2992 (14 bytes)
7192 7289       4       Many::m2992 (14 bytes)
7192 7288       3       Many::m2992 (14 bytes)   made not entrant: not used
7194 7290       3       Many::m2993 (14 bytes)
7194 7291       4       Many::m2993 (14 bytes)
7194 7290       3       Many::m2993 (14 bytes)   made not entrant: not used
7196 7292       3       Many::m2994 (14 bytes)
7196 7293       4       Many::m2994 (14 bytes)
7197 7292       3       Many::m2994 (14 bytes)   made not entrant: not used
7199 7294       3       Many::m2995 (14 bytes)
7199 7295       4       Many::m2995 (14 bytes)
7199 7294       3       Many::m2995 (14 bytes)   made not entrant: not used
7201 7296       3       Many::m2996 (14 bytes)
7201 7297       4       Many::m2996 (14 bytes)
7201 7296       3       Many::m2996 (14 bytes)   made not entrant: not used
7203 7298       3       Many::m2997 (14 bytes)
7203 7299       4       Many::m2997 (14 bytes)
7203 7298       3       Many::m2997 (14 bytes)   made not entrant: not used
7205 7300       3       Many::m2998 (14 bytes)
7206 7301       4       Many::m2998 (14 bytes)
7206 7300       3       Many::m2998 (14 bytes)   made not entrant: not used
7208 7302       3       Many::m2999 (14 bytes)
7208 7303       4       Many::m2999 (14 bytes)
7208 7302       3       Many::m2999 (14 bytes)   made not entrant: not used
8135639056108672
7210 7304     n 0       java.lang.Thread::currentCarrierThread (native)   (static)
7229 7305       3       java.lang.reflect.Modifier::isAbstract (14 bytes)
7230 7307       3       jdk.jfr.internal.settings.BooleanSetting::parse (28 bytes)
7230 7308       3       jdk.internal.misc.Unsafe::getAndAddLong (27 bytes)
7230 7306       3       jdk.jfr.internal.settings.BooleanSetting::setValue (27 bytes)
7230 7309       3       jdk.internal.misc.Unsafe::weakCompareAndSetLong (11 bytes)
7230 7310       3       java.util.concurrent.atomic.AtomicLong::incrementAndGet (14 bytes)
7230 7311       3       jdk.jfr.internal.periodic.PeriodicEvents::setChanged (8 bytes)
7230 7312       1       jdk.jfr.internal.Control::getDefaultValue (5 bytes)
7231 7313     n 0       java.lang.invoke.MethodHandle::linkToSpecial(LIJLLILL)V (native)   (static)
7232 7314       3       jdk.internal.classfile.impl.BufWriterImpl::<init> (11 bytes)
7232 7315       1       java.lang.invoke.LambdaForm$BasicType::basicTypeClass (5 bytes)
7232 7316     n 0       java.lang.invoke.MethodHandle::linkToStatic(LIL)I (native)   (static)
7232 7317     n 0       java.lang.invoke.MethodHandle::invokeBasic(LI)I (native)   
7232 7318     n 0       java.lang.invoke.MethodHandle::linkToSpecial(LLIL)I (native)   (static)
7232 7319       3       java.lang.invoke.LambdaForm::argument (27 bytes)
7233 7320       3       jdk.internal.reflect.ReflectionFactory::getExecutableSharedParameterTypes (11 bytes)
7233 7321       3       java.lang.reflect.ReflectAccess::getExecutableSharedParameterTypes (5 bytes)
7233 7322       4       java.lang.AbstractStringBuilder::needsNewBuffer (33 bytes)
7234 7323       3       jdk.internal.classfile.impl.StackMapGenerator::processMethod (258 bytes)
7234 7324     n 0       java.lang.invoke.MethodHandle::linkToStatic(LLLIL)L (native)   (static)
7234  160       3       java.lang.AbstractStringBuilder::needsNewBuffer (33 bytes)   made not entrant: not used
7234 7326       4       jdk.internal.classfile.impl.SplitConstantPool::internalAdd (78 bytes)
7234 7325       1       java.lang.invoke.LambdaForm$Name::type (5 bytes)
7234 7327     n 0       java.lang.invoke.MethodHandle::invokeBasic(LLLI)L (native)   
7235 7329       3       jdk.internal.constant.MethodTypeDescImpl::buildDescriptorString (205 bytes)
7235 7330     n 0       java.lang.invoke.MethodHandle::linkToStatic(LIL)J (native)   (static)
7235 7332     n 0       java.lang.invoke.MethodHandle::invokeBasic(LI)J (native)   
7235 7333     n 0       java.lang.invoke.MethodHandle::linkToSpecial(LLIL)J (native)   (static)
7236 7338     n 0       java.lang.invoke.MethodHandle::invokeBasic(IJLLIL)L (native)   
7236 7339     n 0       java.lang.invoke.MethodHandle::linkToSpecial(LIJLLILL)L (native)   (static)
7236 7334       3       java.lang.invoke.InvokerBytecodeGenerator::classDesc (88 bytes)
7236 7331       3       java.lang.invoke.MemberName::ensureTypeVisible (180 bytes)
7237 7344       3       java.lang.StringLatin1::replace (197 bytes)
7238 7346     n 0       java.lang.invoke.MethodHandle::linkToStatic(LLLLLLLL)L (native)   (static)
7238 7328       3       jdk.internal.classfile.impl.DirectCodeBuilder::loadLocal (126 bytes)
7238 7347     n 0       java.lang.invoke.MethodHandle::invokeBasic(LLLLLLL)L (native)   
7238 7342       3       jdk.internal.classfile.impl.AbstractPoolEntry$FieldRefEntryImpl::<init> (12 bytes)
7238 7345       3       java.lang.StringLatin1::canEncode (13 bytes)
7238 7340       3       java.lang.invoke.MethodType::erase (8 bytes)
7238 7341       3       jdk.internal.classfile.impl.DirectMethodBuilder::run (9 bytes)
7239 7336       1       jdk.internal.classfile.impl.AnnotationImpl::elements (5 bytes)
7239 7350       3       jdk.internal.classfile.impl.AbstractPoolEntry$Utf8EntryImpl::length (19 bytes)
7239 7349       3       jdk.internal.classfile.impl.StackMapGenerator$Type::equals (54 bytes)
7239 7351     n 0       java.lang.invoke.MethodHandle::linkToStatic(LLLLLLLLL)L (native)   (static)
7239 7348       1       java.lang.constant.ClassDesc::isArray (2 bytes)
7239 7352       3       java.lang.invoke.InvokerBytecodeGenerator::emitImplicitConversion (166 bytes)
7239 7353     n 0       java.lang.invoke.MethodHandle::invokeBasic(L)J (native)   
7239 7354     n 0       java.lang.invoke.MethodHandle::linkToSpecial(LLL)J (native)   (static)
7240 7360     n 0       java.lang.invoke.MethodHandle::invokeBasic(LLLLLLLL)L (native)   
7240 7355       3       java.lang.invoke.MemberName::getInvocationType (56 bytes)
7240 7362       3       java.lang.invoke.LambdaForm$BasicType::basicTypeSlots (8 bytes)
7240 7357       3       jdk.internal.classfile.impl.StackMapGenerator::of (80 bytes)
7240 7358       3       jdk.internal.classfile.impl.StackMapGenerator::<init> (137 bytes)
7241 7368     n 0       java.lang.invoke.MethodHandle::linkToStatic(LLLLLLLLLL)L (native)   (static)
7241 7363       3       jdk.internal.classfile.impl.StackMapGenerator$Frame::getLocalRawInternal (13 bytes)
7241 7367       3       jdk.internal.classfile.impl.StackMapGenerator::processFieldInstructions (140 bytes)
7241 7372     n 0       java.lang.invoke.MethodHandle::invokeBasic(LLLLLLLLL)L (native)   
7242 7359       3       jdk.internal.classfile.impl.ClassFileImpl::classHierarchyResolver (24 bytes)
7242 7365       3       java.lang.String::endsWith (15 bytes)
7242 7370   !   3       java.lang.invoke.MemberName$Factory::resolve (159 bytes)
7242 7374     n 0       java.lang.invoke.MethodHandle::linkToStatic(LIL)L (native)   (static)
7242 7373       3       java.lang.invoke.LambdaForm$NamedFunction::methodType (28 bytes)
7242 7376     n 0       java.lang.invoke.MethodHandle::invokeBasic(LI)L (native)   
7242 7366       1       java.lang.invoke.LambdaForm$BasicType::basicTypeWrapper (5 bytes)
7243 7377     n 0       java.lang.invoke.MethodHandle::linkToSpecial(LLIL)L (native)   (static)
7243 7356       3       java.lang.classfile.constantpool.LoadableConstantEntry::typeKind (4 bytes)
7243 7379     n 0       java.lang.invoke.MethodHandle::linkToStatic(LILL)V (native)   (static)
7243 7378       3       java.lang.invoke.LambdaForm$NamedFunction::returnType (11 bytes)
7243 7380     n 0       java.lang.invoke.MethodHandle::invokeBasic(LIL)V (native)   
7243 7375       3       java.lang.String::concat (15 bytes)
7243 7381     n 0       java.lang.invoke.MethodHandle::linkToSpecial(LLILL)V (native)   (static)
7243 7382       3       java.lang.invoke.MemberName::flagsMods (45 bytes)
7244 7383       3       java.lang.invoke.MemberName::init (53 bytes)
7244  352       3       jdk.internal.classfile.impl.SplitConstantPool::internalAdd (78 bytes)   made not entrant: not used
7244 7364       4       jdk.internal.classfile.impl.SplitConstantPool::utf8Entry (45 bytes)
7244 7384       3       java.lang.invoke.LambdaForm$Name::replaceNames (175 bytes)
7244 1162   !   3       jdk.internal.reflect.DirectConstructorHandleAccessor::newInstance (130 bytes)   made not entrant: C1 deoptimize for patching
7244 7385       3       java.lang.invoke.LambdaForm::useCount (107 bytes)
7246  905       2       jdk.internal.classfile.impl.SplitConstantPool::utf8Entry (45 bytes)   made not entrant: not used
7246 7335       4       jdk.internal.classfile.impl.EntryMap::put (186 bytes)
7248  359       3       jdk.internal.classfile.impl.EntryMap::put (186 bytes)   made not entrant: not used
7249 7343       4       java.lang.Math::max (11 bytes)
7249  416       3       java.lang.Math::max (11 bytes)   made not entrant: not used
7249 7371       4       java.lang.invoke.MemberName::getReferenceKind (12 bytes)
7250  344       3       java.lang.invoke.MemberName::getReferenceKind (12 bytes)   made not entrant: not used
7250 7361       4       java.util.Arrays::copyOfRange (82 bytes)
7251 7361       4       java.util.Arrays::copyOfRange (82 bytes)   blocked
