18    1       3       java.lang.Object::<init> (1 bytes)
18    2       3       java.lang.Byte::toUnsignedInt (6 bytes)
18    3       3       java.lang.String::hashCode (60 bytes)
19    4     n 0       jdk.internal.misc.Unsafe::getReferenceVolatile (native)   
20    6       3       java.util.ImmutableCollections$SetN::probe (56 bytes)
20    5       3       java.lang.Math::floorMod (20 bytes)
20    7       3       java.lang.String::equals (56 bytes)
20    8       3       java.util.Objects::requireNonNull (14 bytes)
20    9       3       java.lang.StringLatin1::equals (36 bytes)
20   12       4       java.lang.Object::<init> (1 bytes)
20   10       3       java.util.Objects::equals (23 bytes)
21    1       3       java.lang.Object::<init> (1 bytes)   made not entrant: not used
21   11       3       java.util.Set::of (4 bytes)
21   14       3       java.lang.module.ModuleDescriptor::modsHashCode (43 bytes)
21   15       3       java.util.ImmutableCollections$AbstractImmutableCollection::<init> (5 bytes)
21   17     n 0       java.lang.System::arraycopy (native)   (static)
21   13       3       java.util.AbstractCollection::<init> (5 bytes)
21   16       3       java.lang.String::coder (15 bytes)
21   19       3       java.lang.String::isLatin1 (19 bytes)
22   21       4       java.lang.Byte::toUnsignedInt (6 bytes)
22   20       1       java.lang.module.ModuleReference::descriptor (5 bytes)
22   22       3       java.util.ImmutableCollections$SetN$SetNIterator::hasNext (13 bytes)
22   23     n 0       jdk.internal.misc.Unsafe::compareAndSetLong (native)   
22    2       3       java.lang.Byte::toUnsignedInt (6 bytes)   made not entrant: not used
22   24     n 0       jdk.internal.misc.Unsafe::compareAndSetReference (native)   
22   18       1       java.lang.module.ModuleDescriptor::name (5 bytes)
22   25       3       java.util.concurrent.ConcurrentHashMap::tabAt (21 bytes)
22   28       3       java.util.ImmutableCollections$SetN$SetNIterator::next (90 bytes)
22   26       3       jdk.internal.misc.Unsafe::getReferenceAcquire (7 bytes)
23   27       3       java.lang.String::length (11 bytes)
23   30   !   3       java.util.concurrent.ConcurrentHashMap::putVal (432 bytes)
24   35     n 0       java.lang.invoke.MethodHandle::linkToStatic(L)L (native)   (static)
24   31       3       jdk.internal.util.Preconditions::checkIndex (18 bytes)
24   32       3       java.lang.String::charAt (25 bytes)
24   33       3       java.lang.StringLatin1::charAt (15 bytes)
25   34       3       java.lang.String::checkIndex (10 bytes)
25   37     n 0       java.lang.Object::hashCode (native)   
25   36       1       java.lang.Enum::ordinal (5 bytes)
25   38       1       java.lang.Class::isPrimitive (5 bytes)
25   29       3       java.util.concurrent.ConcurrentHashMap::addCount (280 bytes)
25   39     n 0       java.lang.invoke.MethodHandle::linkToStatic(LLL)L (native)   (static)
25   40     n 0       java.lang.invoke.MethodHandle::linkToStatic(LLLL)L (native)   (static)
26   41     n 0       java.lang.invoke.MethodHandle::invokeBasic()L (native)   
26   42     n 0       java.lang.invoke.MethodHandle::linkToSpecial(LL)L (native)   (static)
27   43       3       java.lang.Enum::<init> (15 bytes)
27   44       3       jdk.internal.util.ArraysSupport::unsignedHashCode (36 bytes)
28   45     n 0       java.lang.invoke.MethodHandle::invokeBasic(L)L (native)   
28   46       1       jdk.internal.util.StrongReferenceKey::get (5 bytes)
28   47     n 0       java.lang.invoke.MethodHandle::linkToSpecial(LLL)L (native)   (static)
29   48     n 0       java.lang.Object::getClass (native)   
29   49       3       java.util.concurrent.ConcurrentHashMap::spread (10 bytes)
29   50     n 0       java.lang.invoke.MethodHandle::linkToStatic(LLLLLLL)L (native)   (static)
29   51     n 0       java.lang.Object::clone (native)   
29   52     n 0       java.lang.invoke.MethodHandle::linkToStatic(LL)I (native)   (static)
29   53       1       java.lang.Class::getClassLoader (5 bytes)
29   54       1       java.lang.invoke.MethodType::returnType (5 bytes)
30   55     n 0       java.lang.invoke.MethodHandle::invokeBasic(LLLLLL)L (native)   
30   56       1       jdk.internal.classfile.impl.AbstractPoolEntry::index (5 bytes)
30   58     n 0       java.lang.invoke.MethodHandle::linkToSpecial(LL)V (native)   (static)
30   57       3       java.util.concurrent.ConcurrentHashMap::putIfAbsent (8 bytes)
30   59       3       java.util.Objects::hashCode (13 bytes)
30   60   !   3       java.lang.ref.ReferenceQueue::poll (44 bytes)
30   62     n 0       java.lang.invoke.MethodHandle::linkToStatic(LLL)I (native)   (static)
31   61       3       jdk.internal.util.ReferencedKeyMap::removeStaleReferences (30 bytes)
31   63     n 0       java.lang.invoke.MethodHandle::linkToSpecial(LLL)V (native)   (static)
31   64       1       java.lang.invoke.MemberName::getDeclaringClass (5 bytes)
31   65       3       java.lang.String::getBytes (44 bytes)
31   67       3       java.lang.invoke.MethodType::hashCode (53 bytes)
31   66       3       java.util.concurrent.ConcurrentHashMap::get (162 bytes)
32   69     n 0       java.lang.invoke.MethodHandle::linkToInterface(LLL)I (native)   (static)
32   68       3       java.lang.invoke.MemberName::isInvocable (8 bytes)
32   70     n 0       java.lang.invoke.MethodHandle::linkToStatic(LL)L (native)   (static)
32   71       3       java.lang.Class::isArray (13 bytes)
32   72       3       java.util.ImmutableCollections$SetN::iterator (9 bytes)
32   73       3       java.util.ImmutableCollections$SetN$SetNIterator::<init> (41 bytes)
33   76     n 0       java.lang.invoke.MethodHandle::linkToSpecial(LL)I (native)   (static)
33   75       3       java.util.Objects::requireNonNull (15 bytes)
33   74       1       java.lang.invoke.MethodType::form (5 bytes)
33   77       3       jdk.internal.util.ReferencedKeyMap::get (10 bytes)
33   78       3       jdk.internal.util.ReferencedKeyMap::getNoCheckStale (22 bytes)
33   79       3       java.util.HashMap::hash (20 bytes)
33   80       1       java.util.stream.FindOps$FindSink::cancellationRequested (5 bytes)
34   81       3       java.util.HashMap::putVal (300 bytes)
34   82       3       java.util.HashMap::newNode (13 bytes)
34   81       3       java.util.HashMap::putVal (300 bytes)   made not entrant: marked for deoptimization
34   83       3       java.util.HashMap::put (13 bytes)
35   84       3       java.util.HashMap$Node::<init> (26 bytes)
35   89       3       java.util.HashMap::putVal (300 bytes)
35   90       3       java.util.HashMap::getNode (150 bytes)
35   86       3       java.util.HashMap::afterNodeInsertion (1 bytes)
36   96       3       java.util.HashMap$HashIterator::nextNode (100 bytes)
36   93       3       java.util.HashMap::get (19 bytes)
36   92       3       java.util.HashMap$HashIterator::hasNext (13 bytes)
36   88       1       java.lang.module.ModuleDescriptor$Requires::name (5 bytes)
36   91       3       java.lang.module.ModuleDescriptor::hashCode (170 bytes)
36  105       4       java.util.HashMap::afterNodeInsertion (1 bytes)
36  102       1       java.lang.module.ModuleDescriptor$Exports::source (5 bytes)
36   99       3       jdk.internal.module.ModuleReferenceImpl::hashCode (56 bytes)
37   86       3       java.util.HashMap::afterNodeInsertion (1 bytes)   made not entrant: not used
37  101       1       java.util.ImmutableCollections$Set12::isEmpty (2 bytes)
37  108       4       java.lang.String::hashCode (60 bytes)
37   95       1       java.lang.module.ModuleDescriptor::isAutomatic (5 bytes)
37  104       3       java.lang.module.ModuleDescriptor$Exports::isQualified (18 bytes)
37  106       3       java.util.ImmutableCollections$SetN::isEmpty (13 bytes)
37  103       1       java.lang.module.ModuleDescriptor$Exports::targets (5 bytes)
37  107       3       java.util.HashMap::putIfAbsent (13 bytes)
37  109       3       java.util.ImmutableCollections$Set12::contains (28 bytes)
38  110       3       java.lang.Object::equals (11 bytes)
38   87       1       java.lang.module.ModuleDescriptor$Requires::modifiers (5 bytes)
38    3       3       java.lang.String::hashCode (60 bytes)   made not entrant: not used
38  112       3       java.util.ImmutableCollections$SetN::contains (26 bytes)
38  116       4       java.util.Objects::requireNonNull (14 bytes)
38  100       3       java.lang.module.ResolvedModule::hashCode (16 bytes)
38  118       3       java.util.HashMap::resize (356 bytes)
38    8       3       java.util.Objects::requireNonNull (14 bytes)   made not entrant: not used
38  119       4       java.util.ImmutableCollections$SetN$SetNIterator::hasNext (13 bytes)
38   22       3       java.util.ImmutableCollections$SetN$SetNIterator::hasNext (13 bytes)   made not entrant: not used
38  120       4       java.util.ImmutableCollections$SetN$SetNIterator::next (90 bytes)
39  111       3       java.util.HashMap$KeyIterator::next (8 bytes)
39  115       3       java.util.ImmutableCollections$Set12$1::hasNext (13 bytes)
39  113       3       java.util.HashSet::add (20 bytes)
39  121       3       java.util.HashMap$HashIterator::<init> (84 bytes)
39   94       1       java.lang.module.ModuleDescriptor::requires (5 bytes)
39  117       1       java.lang.module.ModuleDescriptor::exports (5 bytes)
39  124       3       java.util.HashMap::keySet (25 bytes)
39   28       3       java.util.ImmutableCollections$SetN$SetNIterator::next (90 bytes)   made not entrant: not used
39  122       4       java.lang.module.ModuleDescriptor$Exports::isQualified (18 bytes)
40  125       3       java.util.HashMap$KeySet::iterator (12 bytes)
40  126       3       java.util.HashSet::iterator (13 bytes)
40   97       1       java.util.HashMap$Node::getKey (5 bytes)
40   98       1       java.util.HashMap$Node::getValue (5 bytes)
40  104       3       java.lang.module.ModuleDescriptor$Exports::isQualified (18 bytes)   made not entrant: not used
40  127       4       java.util.HashMap::putVal (300 bytes)
40  114       1       java.lang.module.ModuleDescriptor::provides (5 bytes)
40   85       1       jdk.internal.module.ModuleReferenceImpl::moduleResolution (5 bytes)
40  133       3       java.util.concurrent.ConcurrentHashMap::casTabAt (20 bytes)
40  128       1       java.util.KeyValueHolder::getKey (5 bytes)
40  136       3       java.util.ImmutableCollections$Set12$1::next (95 bytes)
41  134       3       java.util.ImmutableCollections$Set12::iterator (9 bytes)
41  135       3       java.util.ImmutableCollections$Set12$1::<init> (37 bytes)
41  138       3       java.util.Optional::<init> (10 bytes)
41  139       3       java.util.Optional::ofNullable (19 bytes)
41  132       1       java.lang.module.ModuleDescriptor::packages (5 bytes)
41  123       1       java.lang.module.ModuleDescriptor::uses (5 bytes)
41  129       1       java.util.KeyValueHolder::getValue (5 bytes)
41  137       1       java.lang.module.ResolvedModule::reference (5 bytes)
41  140       1       java.lang.AbstractStringBuilder::length (5 bytes)
41  143     n 0       java.lang.Module::addExports0 (native)   (static)
42  142       3       java.util.AbstractMap::<init> (5 bytes)
42  145     n 0       java.lang.Module::addExportsToAll0 (native)   (static)
42  144       3       java.util.HashMap::<init> (11 bytes)
42  146       3       java.util.AbstractSet::<init> (5 bytes)
42  147       3       java.util.ImmutableCollections$AbstractImmutableSet::<init> (5 bytes)
42  150     n 0       java.lang.Double::doubleToRawLongBits (native)   (static)
42  149       3       java.util.HashSet::<init> (16 bytes)
42  152     n 0       java.lang.Module::addReads0 (native)   (static)
42  148       3       java.util.Set::of (68 bytes)
43  153       3       java.lang.module.ResolvedModule::name (11 bytes)
43  155     n 0       jdk.internal.vm.Continuation::enterSpecial (native)   (static)
43  156     n 0       jdk.internal.vm.Continuation::doYield (native)   (static)
43  151       1       java.lang.module.ResolvedModule::configuration (5 bytes)
43  154       1       java.lang.module.ModuleDescriptor$Provides::service (5 bytes)
43  141       1       java.lang.module.ModuleDescriptor$Version::toString (5 bytes)
44  157       3       java.lang.AbstractStringBuilder::needsNewBuffer (33 bytes)
44  158       3       jdk.jfr.internal.dcmd.ArgumentParser::currentChar (12 bytes)
45  159       3       java.lang.StringLatin1::canEncode (17 bytes)
45  160       1       jdk.internal.classfile.impl.AbstractPoolEntry::width (2 bytes)
45  161       1       jdk.internal.classfile.impl.SplitConstantPool::size (5 bytes)
45  162       1       java.lang.invoke.MethodType::ptypes (5 bytes)
45   89       3       java.util.HashMap::putVal (300 bytes)   made not entrant: not used
45  130       4       java.util.HashMap::newNode (13 bytes)
46  163       3       java.lang.Math::min (11 bytes)
46  165       3       java.lang.StringLatin1::indexOfChar (33 bytes)
46  164       3       java.lang.StringLatin1::indexOf (17 bytes)
46   82       3       java.util.HashMap::newNode (13 bytes)   made not entrant: not used
46  131       4       java.lang.String::equals (56 bytes)
47    7       3       java.lang.String::equals (56 bytes)   made not entrant: not used
49  166       3       java.lang.String::indexOf (41 bytes)
51  167       3       java.lang.String::checkBoundsBeginEnd (11 bytes)
51  169       3       java.lang.invoke.MethodTypeForm::canonicalize (74 bytes)
51  168       3       jdk.internal.util.Preconditions::checkFromToIndex (24 bytes)
51  170       3       jdk.internal.util.StrongReferenceKey::hashCode (8 bytes)
54  171 %     3       java.lang.StringCoding::countPositives @ 7 (33 bytes)
54  172       3       java.lang.StringCoding::countPositives (33 bytes)
57  173       3       jdk.internal.util.xml.impl.Parser::ensureCapacity (96 bytes)
57  174       3       jdk.internal.util.xml.impl.Parser::bappend (26 bytes)
57  176       3       jdk.internal.util.ArraysSupport::vectorizedHashCode (158 bytes)
57  175       3       jdk.internal.util.xml.impl.Parser::bappend (200 bytes)
58  178       3       java.lang.CharacterDataLatin1::isUpperCase (16 bytes)
58  179       3       java.lang.CharacterDataLatin1::getPropertiesEx (11 bytes)
58  177       1       java.lang.AbstractStringBuilder::getValue (5 bytes)
58  180       3       jdk.internal.util.ArraysSupport::hashCodeOfUnsigned (55 bytes)
58  185       3       jdk.internal.util.xml.impl.Parser::wsskip (66 bytes)
58  182       3       jdk.internal.util.xml.impl.Parser::bkch (24 bytes)
59  188       3       java.lang.StringUTF16::compress (47 bytes)
59  184       3       jdk.internal.util.xml.impl.Parser::getch (118 bytes)
59  183       3       jdk.internal.util.Preconditions::checkFromIndexSize (25 bytes)
59  181       3       java.lang.AbstractStringBuilder::isLatin1 (16 bytes)
59  194       3       jdk.internal.util.xml.impl.Parser::step (891 bytes)
61  197       3       jdk.internal.util.xml.impl.Parser::bname (354 bytes)
61  196       3       java.lang.StringUTF16::coderFromArrayLen (9 bytes)
61  189       3       java.lang.String::checkBoundsOffCount (10 bytes)
61  190       3       java.lang.String::rangeCheck (10 bytes)
61  191       3       java.lang.String::<init> (74 bytes)
62  192       3       java.lang.StringUTF16::compress (59 bytes)
62  202       3       java.lang.StringLatin1::toLowerCase (155 bytes)
62  207       4       jdk.internal.util.xml.impl.Parser::ensureCapacity (96 bytes)
62  186       3       java.lang.String::<init> (14 bytes)
62  198       3       jdk.internal.util.xml.impl.Parser::bcopy (41 bytes)
63  173       3       jdk.internal.util.xml.impl.Parser::ensureCapacity (96 bytes)   made not entrant: not used
63  208       4       jdk.internal.util.xml.impl.Parser::bappend (200 bytes)
63  209       3       jdk.internal.util.xml.impl.Parser::bqstr (462 bytes)
63  175       3       jdk.internal.util.xml.impl.Parser::bappend (200 bytes)   made not entrant: not used
63  214       4       jdk.internal.util.ArraysSupport::unsignedHashCode (36 bytes)
63  200       3       jdk.internal.util.xml.impl.Parser::del (40 bytes)
63  199       3       jdk.internal.util.xml.impl.Parser::pair (38 bytes)
64  193       3       java.lang.StringBuilder::length (5 bytes)
64  187       3       java.lang.StringBuilder::append (8 bytes)
64  201       3       java.lang.AbstractStringBuilder::append (100 bytes)
64  205       3       jdk.internal.util.xml.impl.Parser::attr (500 bytes)
65  208       4       jdk.internal.util.xml.impl.Parser::bappend (200 bytes)   made not entrant: uncommon trap
65  203       3       jdk.internal.util.xml.impl.Parser::qname (37 bytes)
65  207       4       jdk.internal.util.xml.impl.Parser::ensureCapacity (96 bytes)   made not entrant: uncommon trap
65  204       3       jdk.internal.util.xml.impl.Pair::local (63 bytes)
65  223       3       jdk.internal.util.xml.impl.Parser::bappend (200 bytes)
65   44       3       jdk.internal.util.ArraysSupport::unsignedHashCode (36 bytes)   made not entrant: not used
65  215       4       java.lang.StringUTF16::compress (47 bytes)
66  221       3       jdk.internal.util.xml.impl.Parser::atype (290 bytes)
66  222       3       jdk.internal.util.xml.impl.Pair::qname (20 bytes)
66  216       3       java.lang.AbstractStringBuilder::isLatin1 (8 bytes)
66  206       3       java.lang.String::toLowerCase (29 bytes)
66  211       3       java.lang.String::toLowerCase (8 bytes)
66  212       3       java.util.Locale::getDefault (4 bytes)
66  195       3       java.util.Arrays::copyOfRange (82 bytes)
67  213       3       jdk.jfr.internal.jfc.JFCParserHandler::characters (19 bytes)
67  225       3       java.util.Arrays::copyOf (33 bytes)
67  227       3       java.util.LinkedHashMap::linkNodeAtEnd (76 bytes)
67  224       1       jdk.internal.classfile.impl.RawBytecodeHelper::bci (5 bytes)
67  230       3       java.util.LinkedHashMap$LinkedHashIterator::hasNext (13 bytes)
67  232       3       java.util.LinkedHashMap$LinkedEntryIterator::next (5 bytes)
67  233       3       java.util.LinkedHashMap$LinkedHashIterator::nextNode (68 bytes)
68  231       3       java.util.LinkedHashMap$LinkedEntryIterator::next (5 bytes)
68  219       3       jdk.internal.util.xml.impl.ParserSAX::bflash_ws (33 bytes)
68  217       3       java.lang.StringBuilder::toString (20 bytes)
68  218       3       java.lang.String::<init> (98 bytes)
68  210       3       java.lang.AbstractStringBuilder::ensureCapacitySameCoder (26 bytes)
68  226       1       jdk.internal.classfile.impl.AbstractPoolEntry::constantPool (5 bytes)
68  229       1       java.util.HashMap::size (5 bytes)
69  188       3       java.lang.StringUTF16::compress (47 bytes)   made not entrant: not used
69  228       4       java.util.HashMap::hash (20 bytes)
69  234     n 0       java.lang.invoke.MethodHandle::linkToStatic(LLIL)L (native)   (static)
69   79       3       java.util.HashMap::hash (20 bytes)   made not entrant: not used
69  235       3       java.lang.invoke.MethodType::parameterType (7 bytes)
69  220       4       jdk.internal.util.xml.impl.Parser::bappend (26 bytes)
69  236     n 0       java.lang.invoke.MethodHandle::linkToStatic(LLILLL)L (native)   (static)
70  237       1       jdk.internal.util.WeakReferenceKey::hashCode (5 bytes)
70  238       3       java.lang.invoke.MethodType::<init> (15 bytes)
70  239       3       java.lang.invoke.MethodType::makeImpl (109 bytes)
70  242     n 0       java.lang.invoke.MethodHandle::linkToStatic(LLIL)I (native)   (static)
70  174       3       jdk.internal.util.xml.impl.Parser::bappend (26 bytes)   made not entrant: not used
71  244     n 0       jdk.internal.misc.Unsafe::getShort (native)   
71  243       3       java.lang.String::<init> (15 bytes)
71  245       3       java.util.Objects::checkFromIndexSize (8 bytes)
71  246       3       java.io.BufferedInputStream::getBufIfOpen (6 bytes)
71  248       3       java.io.DataInputStream::readFully (59 bytes)
71  247       3       java.io.BufferedInputStream::getBufIfOpen (61 bytes)
72  249  s    3       java.io.BufferedInputStream::read (112 bytes)
72  251       3       java.io.BufferedInputStream::read1 (121 bytes)
72  250       3       java.io.BufferedInputStream::ensureOpen (18 bytes)
72  252       3       java.lang.invoke.VarHandle::checkAccessModeThenIsDirect (29 bytes)
73  253       3       java.lang.invoke.VarForm::getMemberName (38 bytes)
73  254       3       java.lang.invoke.VarHandleGuards::guard_LI_I (78 bytes)
73  261     n 0       java.lang.invoke.MethodHandle::invokeBasic(LLI)I (native)   
74  255       3       java.lang.invoke.VarHandleByteArrayAsShorts$ArrayHandle::get (35 bytes)
74  256       3       java.lang.invoke.VarHandleByteArrayAsShorts$ArrayHandle::index (12 bytes)
74  262       3       java.io.DataInputStream::readShort (19 bytes)
74  263       3       jdk.internal.util.ByteArray::getShort (9 bytes)
74  240       3       jdk.internal.util.ReferencedKeySet::get (27 bytes)
75  264     n 0       java.lang.invoke.MethodHandle::linkToStatic(LLIL)J (native)   (static)
75  257       3       jdk.internal.misc.Unsafe::getShortUnaligned (12 bytes)
75  258       3       jdk.internal.misc.Unsafe::getShortUnaligned (33 bytes)
75  259       3       jdk.internal.misc.Unsafe::convEndian (16 bytes)
75  260       3       java.lang.Short::reverseBytes (14 bytes)
75  241       3       java.lang.invoke.MethodType::methodType (69 bytes)
76  265       3       java.util.zip.Checksum::update (11 bytes)
76  267       4       jdk.internal.util.Preconditions::checkFromIndexSize (25 bytes)
76  269       3       java.util.zip.CRC32::updateBytes (14 bytes)
77  270       3       java.util.zip.CRC32::updateBytesCheck (35 bytes)
77  183       3       jdk.internal.util.Preconditions::checkFromIndexSize (25 bytes)   made not entrant: not used
77  266       3       java.util.zip.CRC32::update (38 bytes)
77  271       3       java.io.DataInputStream::readUTF (5 bytes)
77  280       4       java.lang.StringCoding::countPositives (33 bytes)
77  272       3       java.io.DataInputStream::readUTF (601 bytes)
78  283     n 0       jdk.internal.misc.Unsafe::putReferenceVolatile (native)   
78  285       3       jdk.internal.misc.Unsafe::putReferenceRelease (9 bytes)
78  286       3       java.util.concurrent.ConcurrentHashMap::setTabAt (19 bytes)
79  284       3       java.util.concurrent.ConcurrentHashMap$Node::<init> (20 bytes)
79  273       3       java.io.DataInputStream::readUnsignedShort (19 bytes)
79  274       3       jdk.internal.util.ByteArray::getUnsignedShort (12 bytes)
79  172       3       java.lang.StringCoding::countPositives (33 bytes)   made not entrant: not used
79  282       4       java.io.BufferedInputStream::getBufIfOpen (61 bytes)
79  275       3       java.lang.Short::toUnsignedInt (5 bytes)
79  276       3       java.lang.System$1::uncheckedCountPositives (7 bytes)
79  277       3       java.lang.System$1::uncheckedNewStringNoRepl (6 bytes)
80  278   !   3       java.lang.String::newStringNoRepl (33 bytes)
80  293       3       java.util.concurrent.ConcurrentHashMap$Traverser::advance (188 bytes)
80  294     n 0       jdk.internal.misc.Unsafe::compareAndSetInt (native)   
80  279   !   3       java.lang.String::newStringNoRepl1 (284 bytes)
80  247       3       java.io.BufferedInputStream::getBufIfOpen (61 bytes)   made not entrant: not used
80  292       4       java.util.concurrent.ConcurrentHashMap::tabAt (21 bytes)
81   25       3       java.util.concurrent.ConcurrentHashMap::tabAt (21 bytes)   made not entrant: not used
81  288       4       java.io.BufferedInputStream::read1 (121 bytes)
81  290       3       java.util.concurrent.ConcurrentHashMap$BaseIterator::hasNext (13 bytes)
81  268       3       sun.util.calendar.ZoneInfoFile$Checksum::update (39 bytes)
81  281       3       java.io.DataInputStream::readFully (9 bytes)
81  296     n 0       jdk.internal.misc.Unsafe::getByte (native)   
81  291       1       java.lang.Module::getDescriptor (5 bytes)
81  297       3       java.lang.ref.Reference::reachabilityFence (1 bytes)
81  298       3       java.util.Optional::orElse (16 bytes)
81  299       3       java.nio.Buffer::session (20 bytes)
82  300       3       java.nio.Buffer::checkIndex (12 bytes)
82  301   !   3       java.nio.DirectByteBuffer::get (34 bytes)
82  304   !   3       jdk.internal.misc.ScopedMemoryAccess::getByte (16 bytes)
82  305   !   3       jdk.internal.misc.ScopedMemoryAccess::getByteInternal (34 bytes)
82  302       3       java.nio.DirectByteBuffer::ix (10 bytes)
82  303       1       java.nio.Buffer::limit (5 bytes)
82  307       3       java.lang.AbstractStringBuilder::<init> (39 bytes)
82  308     n 0       jdk.internal.misc.Unsafe::getInt (native)   
83  295       3       jdk.internal.util.ArraysSupport::newLength (27 bytes)
83  309     n 0       java.lang.Class::isInstance (native)   
83  289       3       java.util.concurrent.ConcurrentHashMap::put (8 bytes)
83  251       3       java.io.BufferedInputStream::read1 (121 bytes)   made not entrant: not used
83  306       4       java.lang.ref.Reference::reachabilityFence (1 bytes)
83  297       3       java.lang.ref.Reference::reachabilityFence (1 bytes)   made not entrant: not used
83  287       4       java.util.concurrent.ConcurrentHashMap::casTabAt (20 bytes)
83  133       3       java.util.concurrent.ConcurrentHashMap::casTabAt (20 bytes)   made not entrant: not used
83  310       3       java.lang.Math::floorMod (28 bytes)
83  311       1       java.time.ZoneOffset::getTotalSeconds (5 bytes)
84  312       1       java.time.temporal.ChronoField::range (5 bytes)
84  313       1       java.time.temporal.ValueRange::getMinimum (5 bytes)
84  315     n 0       java.lang.invoke.MethodHandle::linkToStatic(ILL)L (native)   (static)
84  314       1       java.time.temporal.ValueRange::getMaximum (5 bytes)
84  316       3       java.lang.String::substring (58 bytes)
84  318       3       jdk.internal.classfile.impl.SplitConstantPool::map (161 bytes)
85  319       3       jdk.internal.classfile.impl.BufWriterImpl::reserveSpace (22 bytes)
85  321     n 0       java.lang.invoke.MethodHandle::linkToSpecial(LIL)V (native)   (static)
85  320       3       jdk.internal.classfile.impl.SplitConstantPool::entryByIndex (59 bytes)
85  322     n 0       java.lang.invoke.MethodHandle::invokeBasic(I)L (native)   
85  323     n 0       java.lang.invoke.MethodHandle::linkToSpecial(LIL)L (native)   (static)
85  317       3       java.lang.invoke.MemberName::allFlagsSet (16 bytes)
85  324       3       java.lang.invoke.MethodType::parameterCount (6 bytes)
86  325       4       java.lang.String::checkIndex (10 bytes)
86  326       3       java.lang.invoke.MemberName::initResolved (53 bytes)
86  327     n 0       java.lang.invoke.MethodHandle::linkToStatic(IIL)I (native)   (static)
86  328       1       jdk.internal.constant.ClassOrInterfaceDescImpl::descriptorString (5 bytes)
86   34       3       java.lang.String::checkIndex (10 bytes)   made not entrant: not used
86  329     n 0       java.lang.invoke.MethodHandleNatives::resolve (native)   (static)
86  330       1       java.lang.invoke.MethodTypeForm::erasedType (5 bytes)
87  331       4       java.lang.String::charAt (25 bytes)
87  332       1       java.util.ArrayList::size (5 bytes)
87  333     n 0       java.lang.Class::desiredAssertionStatus0 (native)   (static)
87  334       3       java.util.HashMap$EntryIterator::next (5 bytes)
87   32       3       java.lang.String::charAt (25 bytes)   made not entrant: not used
87  336       4       java.lang.String::isLatin1 (19 bytes)
87  335       3       java.util.HashMap$EntryIterator::next (5 bytes)
87  337       3       java.lang.ref.Reference::<init> (25 bytes)
87  339     n 0       java.lang.Class::isHidden (native)   
88   19       3       java.lang.String::isLatin1 (19 bytes)   made not entrant: not used
88  338   !   3       java.lang.invoke.MemberName::getMethodType (213 bytes)
89  340       3       java.lang.StringLatin1::replace (197 bytes)
92  341       3       java.lang.invoke.MemberName::getReferenceKind (12 bytes)
92  342       3       jdk.internal.classfile.impl.AbstractPoolEntry::<init> (20 bytes)
92  343       3       java.util.Arrays::copyOf (40 bytes)
92  345       3       java.lang.StringCoding::countNonZeroAsciiLatin1 (33 bytes)
92  344       1       java.lang.String::value (5 bytes)
93  346       1       java.lang.module.ModuleDescriptor::isOpen (5 bytes)
93  347       1       java.lang.invoke.MethodHandles$Lookup::lookupClass (5 bytes)
93  348       3       jdk.internal.classfile.impl.SplitConstantPool::internalAdd (12 bytes)
93  349       3       jdk.internal.classfile.impl.SplitConstantPool::internalAdd (78 bytes)
93  350       1       jdk.internal.classfile.impl.BufWriterImpl::size (5 bytes)
93  351       1       java.lang.invoke.MethodHandle::type (5 bytes)
93  352       3       jdk.internal.misc.Unsafe::allocateUninitializedArray0 (90 bytes)
93  127       4       java.util.HashMap::putVal (300 bytes)   made not entrant: uncommon trap
94  353       3       java.lang.Class::getPackageName (81 bytes)
94  354       3       java.util.HashMap::putVal (300 bytes)
95  355       3       java.lang.StringBuilder::<init> (7 bytes)
95  356       3       jdk.internal.classfile.impl.AbstractPoolEntry::hashString (5 bytes)
95  358       3       jdk.internal.classfile.impl.EntryMap::firstToken (50 bytes)
95  357       3       jdk.internal.classfile.impl.EntryMap::put (186 bytes)
95  359       3       java.lang.StringBuilder::append (8 bytes)
95  360       3       java.lang.AbstractStringBuilder::append (102 bytes)
96  362       3       java.lang.Record::<init> (5 bytes)
96  361       3       jdk.internal.classfile.impl.AbstractPoolEntry$Utf8EntryImpl::contentHash (19 bytes)
96  363       3       java.lang.StringConcatHelper::newArray (28 bytes)
96  364       3       jdk.internal.misc.Unsafe::allocateUninitializedArray (55 bytes)
96  365       3       jdk.internal.util.ReferencedKeyMap::lookupKey (9 bytes)
96  366       3       jdk.internal.util.StrongReferenceKey::<init> (10 bytes)
96  367       3       java.lang.String::isEmpty (14 bytes)
96  369       3       jdk.internal.classfile.impl.AbstractPoolEntry::maybeClone (26 bytes)
97  370       3       jdk.internal.classfile.impl.SplitConstantPool::canWriteDirect (24 bytes)
97  368       1       jdk.internal.classfile.impl.AbstractDirectBuilder::constantPool (5 bytes)
97  371       3       jdk.internal.classfile.impl.RawBytecodeHelper::next (81 bytes)
97  372       3       jdk.internal.classfile.impl.RawBytecodeHelper::endBci (8 bytes)
98  373       3       jdk.internal.classfile.impl.SplitConstantPool::utf8Entry (45 bytes)
98  375       3       jdk.internal.classfile.impl.BufWriterImpl::cpIndex (33 bytes)
98  377       3       jdk.internal.classfile.impl.RawBytecodeHelper::opcode (9 bytes)
98  374       1       jdk.internal.constant.ClassOrInterfaceDescImpl::isClassOrInterface (2 bytes)
98  376       3       jdk.internal.constant.ClassOrInterfaceDescImpl::ofValidated (64 bytes)
98  378       1       jdk.internal.classfile.impl.AbstractPoolEntry::hashCode (5 bytes)
98  379       3       java.lang.invoke.MethodType::checkSlotCount (33 bytes)
99  380       4       java.lang.String::length (11 bytes)
99  381     n 0       java.lang.Class::isAssignableFrom (native)   
99  382       3       java.lang.Class::cast (27 bytes)
99   27       3       java.lang.String::length (11 bytes)   made not entrant: not used
99  384   !   3       sun.invoke.util.VerifyAccess::ensureTypeVisible (99 bytes)
99  385     n 0       java.lang.reflect.Array::newArray (native)   (static)
99  383       3       jdk.internal.classfile.impl.BufWriterImpl::writeU2 (38 bytes)
100  386       1       jdk.internal.classfile.impl.LabelImpl::labelContext (5 bytes)
100  387       1       jdk.internal.classfile.impl.LabelImpl::getBCI (5 bytes)
100  388       1       jdk.internal.classfile.impl.AbstractPoolEntry$ClassEntryImpl::tag (3 bytes)
100  389       3       jdk.internal.classfile.impl.BufWriterImpl::writeU1U2 (50 bytes)
101  390       3       java.lang.ref.WeakReference::<init> (7 bytes)
101  391     n 0       java.lang.invoke.MethodHandle::invokeBasic(LL)L (native)   
101  392       3       java.lang.invoke.MethodType::equals (27 bytes)
101  393     n 0       java.lang.invoke.MethodHandle::linkToSpecial(LLLL)L (native)   (static)
101  394       1       java.lang.invoke.MethodTypeForm::basicType (5 bytes)
101  395     n 0       java.lang.invoke.MethodHandle::linkToStatic(LLLLL)L (native)   (static)
101  396     n 0       java.lang.invoke.MethodHandle::invokeBasic(LLLL)L (native)   
102  397       3       jdk.internal.classfile.impl.SplitConstantPool::tryFindUtf8 (103 bytes)
102  398       3       java.lang.invoke.LambdaForm$Name::<init> (126 bytes)
102  399       3       jdk.internal.constant.MethodTypeDescImpl::parameterCount (6 bytes)
102  400       3       jdk.internal.classfile.impl.AbstractPoolEntry$Utf8EntryImpl::writeTo (44 bytes)
102  401       3       jdk.internal.classfile.impl.BufWriterImpl::writeUtfEntry (144 bytes)
103  407       3       jdk.internal.classfile.impl.AbstractPoolEntry$Utf8EntryImpl::hashCode (8 bytes)
103  402       3       java.lang.System$1::countNonZeroAscii (5 bytes)
104  403       3       java.lang.StringCoding::countNonZeroAscii (30 bytes)
104  404       3       jdk.internal.util.ModifiedUtf::utfLen (58 bytes)
104  412     n 0       java.lang.System::identityHashCode (native)   (static)
104  411       1       java.lang.reflect.Method::getName (5 bytes)
104  408       1       jdk.internal.classfile.impl.AbstractPoolEntry$Utf8EntryImpl::tag (2 bytes)
104  410       1       jdk.internal.classfile.impl.DirectMethodBuilder::methodFlags (5 bytes)
104  414       3       java.lang.Math::max (11 bytes)
105  406       3       java.lang.StringLatin1::newString (24 bytes)
105  417       3       jdk.internal.classfile.impl.AbstractPoolEntry$Utf8EntryImpl::<init> (49 bytes)
105  418       3       jdk.internal.classfile.impl.AbstractPoolEntry::hash2 (15 bytes)
105  405       1       java.lang.Class::getModule (5 bytes)
105  421     n 0       jdk.internal.misc.Unsafe::getChar (native)   
105  409       1       jdk.internal.classfile.impl.AbstractDirectBuilder::setOriginal (6 bytes)
105  422       3       java.util.BitSet::wordIndex (5 bytes)
105  423       3       java.util.BitSet::checkInvariants (111 bytes)
105  419       1       jdk.internal.classfile.impl.StackMapDecoder$StackMapFrameImpl::stack (5 bytes)
105  415       1       jdk.internal.classfile.impl.UnboundAttribute::attributeMapper (5 bytes)
105  416       1       java.lang.classfile.Opcode::bytecode (5 bytes)
105  427       3       java.lang.String::getBytes (60 bytes)
106  426       3       java.lang.StringLatin1::getBytes (12 bytes)
106  413       1       jdk.internal.classfile.impl.DirectMethodBuilder::methodType (5 bytes)
106  429       3       jdk.internal.classfile.impl.AbstractPoolEntry::hash1 (10 bytes)
106  420       1       java.lang.Class::getComponentType (5 bytes)
106  428       1       java.lang.reflect.Method::getSharedParameterTypes (5 bytes)
106  430       3       jdk.internal.classfile.impl.Util::isDoubleSlot (20 bytes)
106  432       3       jdk.internal.classfile.impl.StackCounter::addStackSlot (30 bytes)
107  433       3       java.util.ImmutableCollections$ListItr::hasNext (17 bytes)
107  436       3       java.util.BitSet::set (58 bytes)
107  437       3       java.util.BitSet::expandTo (23 bytes)
107  439       3       sun.reflect.generics.parser.SignatureParser::current (59 bytes)
107  424       1       jdk.internal.constant.MethodTypeDescImpl::returnType (5 bytes)
107  434       1       jdk.internal.classfile.impl.StackMapDecoder$StackMapFrameImpl::locals (5 bytes)
107  425       1       jdk.internal.classfile.impl.AbstractPoolEntry$NameAndTypeEntryImpl::tag (3 bytes)
108  435       1       jdk.internal.classfile.impl.StackMapDecoder$StackMapFrameImpl::target (5 bytes)
108  440       3       java.lang.CharacterData::of (136 bytes)
108  444       4       java.lang.String::coder (15 bytes)
108  445       3       jdk.internal.classfile.impl.BufWriterImpl::writeU1 (24 bytes)
108  431       1       jdk.internal.classfile.impl.AbstractAttributeMapper::allowMultiple (5 bytes)
108   16       3       java.lang.String::coder (15 bytes)   made not entrant: not used
108  447       3       java.util.ImmutableCollections$List12::size (16 bytes)
108  438       1       jdk.internal.classfile.impl.AbstractPseudoInstruction$ExceptionCatchImpl::catchTypeEntry (5 bytes)
108  449       3       jdk.internal.classfile.impl.DirectCodeBuilder::labelToBci (27 bytes)
109  448       3       jdk.internal.classfile.impl.AbstractPoolEntry$Utf8EntryImpl::toString (88 bytes)
109  450       3       sun.reflect.generics.parser.SignatureParser::advance (53 bytes)
109  451       3       java.lang.CharacterDataLatin1::getProperties (11 bytes)
109  443       1       jdk.internal.classfile.impl.LabelImpl::setBCI (6 bytes)
109  441       1       java.lang.reflect.Method::getModifiers (5 bytes)
109  446       1       java.lang.classfile.TypeKind::slotSize (5 bytes)
109  442       1       java.lang.reflect.Method::getReturnType (5 bytes)
110  452       3       java.util.HashSet::contains (9 bytes)
110  453     n 0       java.lang.Class::initClassName (native)   
110  454       1       java.util.LinkedHashMap::removeEldestEntry (2 bytes)
110  455       3       jdk.internal.classfile.impl.AbstractElement::<init> (5 bytes)
110  457       3       java.lang.invoke.MethodType::checkPtypes (76 bytes)
111  459     n 0       java.lang.invoke.MethodHandle::linkToSpecial(LLLL)V (native)   (static)
111  456       3       java.lang.invoke.MethodTypeForm::canonicalizeAll (63 bytes)
111  460       3       java.lang.Class::getName (18 bytes)
111  458   !   3       java.lang.invoke.MemberName::clone (14 bytes)
111  461     n 0       java.lang.invoke.MethodHandle::linkToStatic(L)V (native)   (static)
111  462       1       java.lang.invoke.MethodTypeForm::parameterSlotCount (5 bytes)
112  463       3       jdk.internal.classfile.impl.SplitConstantPool::utf8Entry (6 bytes)
112  465       4       jdk.internal.classfile.impl.RawBytecodeHelper::opcode (9 bytes)
112  464       3       jdk.internal.classfile.impl.Util::parameterSlots (39 bytes)
112  377       3       jdk.internal.classfile.impl.RawBytecodeHelper::opcode (9 bytes)   made not entrant: not used
112  466       3       jdk.internal.classfile.impl.Util::toInternalName (31 bytes)
112  469     n 0       java.lang.invoke.MethodHandle::linkToStatic(LLLL)V (native)   (static)
112  467       3       jdk.internal.constant.ClassOrInterfaceDescImpl::internalName (24 bytes)
112  471       3       jdk.internal.classfile.impl.SplitConstantPool::findEntry (130 bytes)
113  472       3       jdk.internal.classfile.impl.BufWriterImpl::writeU1U2U2 (75 bytes)
113  473     n 0       java.lang.invoke.MethodHandle::linkToStatic(LLL)V (native)   (static)
113  470       3       jdk.internal.classfile.impl.DirectClassBuilder::constantPool (5 bytes)
113  474       3       jdk.internal.classfile.impl.AbstractDirectBuilder::<init> (26 bytes)
113  475       3       jdk.internal.classfile.impl.AttributeHolder::writeTo (34 bytes)
114  476       3       jdk.internal.constant.ConstantUtils::referenceClassDesc (20 bytes)
114  478     n 0       jdk.internal.misc.Unsafe::allocateInstance (native)   
114  479       3       jdk.internal.classfile.impl.AbstractPoolEntry$AbstractRefsEntry::<init> (37 bytes)
114  482       3       jdk.internal.classfile.impl.AbstractPoolEntry$AbstractRefsEntry::writeTo (27 bytes)
114  468       1       jdk.internal.classfile.impl.AbstractPoolEntry$MethodRefEntryImpl::tag (3 bytes)
114  477       1       java.lang.constant.ClassDesc::isPrimitive (2 bytes)
114  480       1       jdk.internal.classfile.impl.BufWriterImpl::thisClass (5 bytes)
114  483       3       java.lang.Class::isInterface (8 bytes)
114  481       1       jdk.internal.classfile.impl.DirectMethodBuilder::methodName (5 bytes)
115  484       3       java.lang.String::toString (2 bytes)
115  485       3       java.lang.StringConcatHelper::concat (24 bytes)
115  491     n 0       java.lang.String::intern (native)   
115  486       3       java.lang.StringConcatHelper::stringOf (20 bytes)
115  487       3       java.lang.StringConcatHelper::concat0 (58 bytes)
115  494       4       java.lang.StringCoding::countNonZeroAsciiLatin1 (33 bytes)
116  488       3       java.lang.StringConcatHelper::newArrayWithSuffix (35 bytes)
116  489       3       java.lang.StringConcatHelper::prepend (62 bytes)
116  492       3       jdk.internal.classfile.impl.StackMapGenerator::processBlock (2767 bytes)
117  498     n 0       java.lang.invoke.MethodHandle::linkToInterface(LL)L (native)   (static)
118  345       3       java.lang.StringCoding::countNonZeroAsciiLatin1 (33 bytes)   made not entrant: not used
119  504     n 0       java.lang.invoke.MethodHandle::linkToSpecial(LLLLL)V (native)   (static)
119  505     n 0       java.lang.invoke.MethodHandle::invokeBasic(LLL)L (native)   
119  506     n 0       java.lang.invoke.MethodHandle::linkToSpecial(LLLLL)L (native)   (static)
120  507     n 0       java.lang.invoke.MethodHandle::linkToStatic(LL)V (native)   (static)
127  502       3       jdk.internal.classfile.impl.EntryMap::getIndexByToken (9 bytes)
127  511       3       jdk.internal.classfile.impl.LineNumberImpl::<init> (10 bytes)
127  518       3       java.util.ArrayList$Itr::hasNext (20 bytes)
127  516       1       jdk.internal.classfile.impl.AbstractPseudoInstruction$ExceptionCatchImpl::tryStart (5 bytes)
127  517       1       jdk.internal.classfile.impl.AbstractPseudoInstruction$ExceptionCatchImpl::tryEnd (5 bytes)
127  509       1       jdk.jfr.internal.util.Bytecode$FieldDesc::type (5 bytes)
128  508       1       jdk.internal.constant.PrimitiveClassDescImpl::descriptorString (5 bytes)
128  515       1       jdk.internal.classfile.impl.RawBytecodeHelper$CodeRange::length (5 bytes)
128  522       4       jdk.internal.classfile.impl.SplitConstantPool::map (161 bytes)
128  500       3       jdk.internal.classfile.impl.Util::methodTypeSymbol (8 bytes)
128  501       3       jdk.internal.classfile.impl.AbstractPoolEntry$Utf8EntryImpl::methodTypeSymbol (34 bytes)
128  499       3       jdk.internal.classfile.impl.SplitConstantPool::maybeCloneUtf8Entry (65 bytes)
128  496       1       java.lang.classfile.Opcode::kind (5 bytes)
129  510       1       jdk.internal.classfile.impl.AbstractInstruction::opcode (5 bytes)
129  495       1       java.lang.classfile.Opcode::sizeIfFixed (5 bytes)
129  519       1       jdk.jfr.internal.util.Bytecode$MethodDesc::descriptor (5 bytes)
129  521       1       jdk.jfr.internal.util.Bytecode$MethodDesc::name (5 bytes)
129  523       3       jdk.internal.classfile.impl.ClassReaderImpl::checkType (23 bytes)
129  524       1       jdk.internal.classfile.impl.AbstractInstruction$UnboundInvokeInstruction::method (5 bytes)
129  527       3       jdk.internal.classfile.impl.DirectCodeBuilder::with (9 bytes)
129  528       3       jdk.internal.classfile.impl.DirectCodeBuilder::with (33 bytes)
129  529       3       jdk.internal.classfile.impl.BlockCodeBuilderImpl::with (9 bytes)
130  530       3       jdk.internal.classfile.impl.AbstractInstruction$UnboundInstruction::<init> (6 bytes)
130  531       3       jdk.internal.classfile.impl.AbstractInstruction::<init> (10 bytes)
130  526       1       jdk.jfr.internal.EventWriterMethod::method (5 bytes)
130  535       3       jdk.internal.classfile.impl.BlockCodeBuilderImpl::with (83 bytes)
130  525       1       jdk.jfr.internal.util.Bytecode$FieldDesc::name (5 bytes)
130  536       3       jdk.internal.classfile.impl.BufWriterImpl::writeIndex (11 bytes)
131  537       3       java.util.ArrayList$Itr::checkForComodification (23 bytes)
131  538       3       java.util.ArrayList$Itr::next (66 bytes)
131  490       3       jdk.internal.classfile.impl.AbstractPoolEntry$AbstractMemberRefEntry::nameAndType (5 bytes)
131  543       3       jdk.internal.classfile.impl.SplitConstantPool::tryFindClassOrInterface (138 bytes)
132  539       3       jdk.internal.classfile.impl.AbstractPoolEntry::hashClassFromDescriptor (7 bytes)
132  540       3       jdk.internal.constant.ClassOrInterfaceDescImpl::equals (33 bytes)
132  541       3       jdk.internal.classfile.impl.SplitConstantPool::classEntry (68 bytes)
132  318       3       jdk.internal.classfile.impl.SplitConstantPool::map (161 bytes)   made not entrant: not used
132  532       4       jdk.internal.classfile.impl.EntryMap::getIndexByToken (9 bytes)
132  544   !   3       jdk.internal.classfile.impl.ClassReaderImpl::readU2 (37 bytes)
132  502       3       jdk.internal.classfile.impl.EntryMap::getIndexByToken (9 bytes)   made not entrant: not used
132  542       3       jdk.internal.classfile.impl.SplitConstantPool::classEntryForClassOrInterface (111 bytes)
133  497       3       java.util.AbstractList::<init> (10 bytes)
133  546       3       java.lang.Character::isWhitespace (5 bytes)
133  548       4       jdk.internal.classfile.impl.SplitConstantPool::entryByIndex (59 bytes)
133  547       3       java.lang.Character::isWhitespace (9 bytes)
133  493       3       jdk.internal.classfile.impl.AbstractPoolEntry$NameAndTypeEntryImpl::type (8 bytes)
133  545       3       jdk.internal.classfile.impl.SplitConstantPool::nameAndTypeEntry (7 bytes)
134  549       3       jdk.internal.classfile.impl.DirectCodeBuilder::constantPool (5 bytes)
134  550       3       jdk.internal.classfile.impl.SplitConstantPool::utf8Entry (25 bytes)
134  551       3       jdk.internal.constant.MethodTypeDescImpl::descriptorString (16 bytes)
134  520       1       jdk.internal.classfile.impl.AbstractPoolEntry$FieldRefEntryImpl::tag (3 bytes)
134  513       1       jdk.internal.classfile.impl.BufWriterImpl::constantPool (5 bytes)
134  553       3       java.lang.String::replace (42 bytes)
134  320       3       jdk.internal.classfile.impl.SplitConstantPool::entryByIndex (59 bytes)   made not entrant: not used
134  554       3       java.lang.CharacterDataLatin1::isWhitespace (23 bytes)
134  555       3       jdk.internal.classfile.impl.AbstractPoolEntry$AbstractRefEntry::<init> (24 bytes)
134  556       3       java.util.ArrayList::add (25 bytes)
135  557       3       java.util.ArrayList::add (23 bytes)
135  559       3       java.util.ArrayDeque::inc (12 bytes)
135  561       3       jdk.internal.misc.Unsafe::getCharUnaligned (12 bytes)
135  562       3       jdk.internal.misc.Unsafe::getCharUnaligned (34 bytes)
135  560       3       jdk.internal.misc.Unsafe::pickPos (14 bytes)
135  563       3       jdk.internal.misc.Unsafe::convEndian (16 bytes)
135  564       3       java.lang.Character::reverseBytes (15 bytes)
135  565       3       jdk.internal.classfile.impl.LabelImpl::<init> (15 bytes)
136  566       3       jdk.internal.classfile.impl.DirectCodeBuilder::curPc (8 bytes)
136  569       3       jdk.internal.classfile.impl.RawBytecodeHelper::getIndexU2 (11 bytes)
136  568       3       java.util.ArrayList$Itr::<init> (31 bytes)
136  570       3       jdk.internal.classfile.impl.RawBytecodeHelper::getU1Unchecked (13 bytes)
136  552       1       jdk.internal.classfile.impl.AbstractPseudoInstruction$ExceptionCatchImpl::handler (5 bytes)
136  514       1       jdk.internal.classfile.impl.AbstractAttributeMapper::name (5 bytes)
136  512       1       java.lang.Class::getModifiers (5 bytes)
136  558       3       java.lang.classfile.constantpool.ConstantPoolBuilder::nameAndTypeEntry (21 bytes)
136  572       3       jdk.internal.classfile.impl.AbstractPoolEntry$AbstractNamedEntry::<init> (10 bytes)
136  534       1       jdk.internal.classfile.impl.DirectCodeBuilder::curTopLocal (5 bytes)
136  567       1       jdk.internal.classfile.impl.DirectCodeBuilder::startLabel (5 bytes)
136  503       1       java.lang.invoke.MethodHandles$Lookup::previousLookupClass (5 bytes)
137  533       1       jdk.internal.constant.PrimitiveClassDescImpl::isPrimitive (2 bytes)
137  574       4       jdk.internal.classfile.impl.EntryMap::firstToken (50 bytes)
137  576       3       java.util.ImmutableCollections$List12::get (35 bytes)
137  577       3       jdk.internal.classfile.impl.BufWriterImpl::writeIndex (10 bytes)
137  358       3       jdk.internal.classfile.impl.EntryMap::firstToken (50 bytes)   made not entrant: not used
137  582       3       jdk.internal.classfile.impl.AbstractPoolEntry$AbstractRefEntry::writeTo (18 bytes)
137  583       3       jdk.internal.classfile.impl.ClassReaderImpl::entryByIndex (809 bytes)
140  585       3       jdk.internal.classfile.impl.BytecodeHelpers::isUnconditionalBranch (64 bytes)
140  588       3       jdk.internal.classfile.impl.StackMapGenerator$Frame::checkStack (96 bytes)
141  586       3       jdk.internal.classfile.impl.SplitConstantPool::nameAndTypeEntry (60 bytes)
141  584   !   3       java.util.ImmutableCollections$ListItr::next (34 bytes)
141  589       3       jdk.internal.classfile.impl.RawBytecodeHelper::getU2Unchecked (21 bytes)
141  590       3       jdk.internal.classfile.impl.Util::checkKind (15 bytes)
141  587       3       java.util.ArrayList::iterator (9 bytes)
141  591       3       jdk.internal.classfile.impl.SplitConstantPool::methodRefEntry (72 bytes)
142  575       3       jdk.internal.classfile.impl.AbstractPoolEntry$AbstractMemberRefEntry::<init> (12 bytes)
142  593       3       jdk.internal.classfile.impl.StackMapGenerator::addFrame (150 bytes)
142  594       1       jdk.internal.classfile.impl.RawBytecodeHelper$CodeRange::array (5 bytes)
142  595       3       java.lang.AbstractStringBuilder::ensureCapacityNewCoder (125 bytes)
143  592       3       jdk.internal.classfile.impl.AbstractPoolEntry$Utf8EntryImpl::stringValue (5 bytes)
143  597       3       java.util.ImmutableCollections$AbstractImmutableList::iterator (13 bytes)
143  598       3       java.util.ImmutableCollections$ListItr::<init> (25 bytes)
143  596       1       jdk.internal.classfile.impl.BoundAttribute::attributeMapper (5 bytes)
143  599       3       jdk.internal.classfile.impl.DirectCodeBuilder::setLabelTarget (47 bytes)
144  600       3       jdk.internal.classfile.impl.DirectCodeBuilder::writeBytecode (33 bytes)
144  578       1       jdk.internal.classfile.impl.UnboundAttribute$UnboundStackMapTableAttribute::entries (5 bytes)
144  601       4       jdk.internal.classfile.impl.SplitConstantPool::canWriteDirect (24 bytes)
144  579       1       java.util.ImmutableCollections$List12::isEmpty (2 bytes)
144  602       3       jdk.internal.classfile.impl.StackMapGenerator$Frame::pushStack (27 bytes)
144  604       3       java.util.Arrays::fill (21 bytes)
144  605       3       java.util.Arrays::copyOf (10 bytes)
144  370       3       jdk.internal.classfile.impl.SplitConstantPool::canWriteDirect (24 bytes)   made not entrant: not used
144  606       3       jdk.internal.classfile.impl.StackMapGenerator$Frame::trimAndCompress (61 bytes)
144  603       3       jdk.internal.classfile.impl.StackMapGenerator$Type::isCategory2_2nd (20 bytes)
145  608     n 0       jdk.internal.reflect.ConstantPool::getUTF8At0 (native)   
145  571       1       jdk.internal.classfile.impl.AbstractPoolEntry$StringEntryImpl::tag (3 bytes)
145  607       1       jdk.internal.loader.AbstractClassLoaderValue$Sub::parent (5 bytes)
145  609     n 0       java.lang.Class::forName0 (native)   (static)
145  573       1       java.lang.reflect.Method::getSharedExceptionTypes (5 bytes)
145  580       1       jdk.internal.classfile.impl.StackMapDecoder$ObjectVerificationTypeInfoImpl::tag (3 bytes)
145  611       3       java.util.ArrayList::<init> (61 bytes)
145  614       3       jdk.internal.classfile.impl.AbstractPoolEntry$ClassEntryImpl::hashCode (37 bytes)
145  616       3       jdk.internal.classfile.impl.AbstractPoolEntry$ClassEntryImpl::<init> (22 bytes)
146  617       3       java.util.List::copyOf (5 bytes)
146  619       3       java.util.ArrayDeque::elementAt (4 bytes)
146  620       3       java.util.ArrayDeque::pollFirst (36 bytes)
146  621       3       java.util.ArrayDeque::poll (5 bytes)
146  618       3       java.util.ImmutableCollections::listCopy (54 bytes)
146  622       3       jdk.internal.classfile.impl.ClassReaderImpl::readEntry (16 bytes)
146  615       3       java.lang.reflect.Modifier::isStatic (13 bytes)
146  623       3       jdk.internal.classfile.impl.StackMapGenerator$Frame::checkLocal (97 bytes)
147  581       1       jdk.internal.classfile.impl.StackMapDecoder$ObjectVerificationTypeInfoImpl::className (5 bytes)
147  625       4       jdk.internal.classfile.impl.AbstractPoolEntry::maybeClone (26 bytes)
147  626       3       java.util.Arrays::equals (57 bytes)
147  631       3       java.lang.classfile.constantpool.ConstantPoolBuilder::methodRefEntry (22 bytes)
147  633       3       java.util.ImmutableCollections$ListN::size (6 bytes)
147  630       3       java.util.Collections$UnmodifiableCollection$1::hasNext (10 bytes)
147  628       3       java.lang.invoke.DirectMethodHandle::allocateInstance (16 bytes)
147  629       3       java.lang.invoke.DirectMethodHandle::constructorMethod (10 bytes)
147  627       3       jdk.internal.classfile.impl.DirectMethodBuilder::methodTypeSymbol (8 bytes)
148  624       3       jdk.internal.util.StrongReferenceKey::equals (28 bytes)
148  613       1       java.util.Collections$1::hasNext (5 bytes)
148  369       3       jdk.internal.classfile.impl.AbstractPoolEntry::maybeClone (26 bytes)   made not entrant: not used
148  632       4       jdk.internal.util.Preconditions::checkIndex (18 bytes)
148  635       3       jdk.internal.classfile.impl.StackMapGenerator$Frame::decStack (29 bytes)
148  634       1       jdk.internal.classfile.impl.BlockCodeBuilderImpl::startLabel (5 bytes)
148  639       3       java.lang.AbstractStringBuilder::newCapacity (49 bytes)
148   31       3       jdk.internal.util.Preconditions::checkIndex (18 bytes)   made not entrant: not used
148  610       3       java.nio.HeapByteBuffer::getShort (29 bytes)
149  644       3       jdk.internal.classfile.impl.NonterminalCodeBuilder::constantPool (10 bytes)
149  645       4       jdk.internal.classfile.impl.BufWriterImpl::reserveSpace (22 bytes)
149  646       3       jdk.internal.classfile.impl.BufWriterImpl::skip (22 bytes)
149  647       3       java.lang.classfile.CodeBuilder::invoke (46 bytes)
149  642       3       jdk.internal.classfile.impl.AbstractInstruction$UnboundInstruction::writeTo (9 bytes)
149  643       3       java.lang.classfile.CodeBuilder::invoke (15 bytes)
150  648       3       jdk.internal.classfile.impl.DirectCodeBuilder::writeInvokeNormal (13 bytes)
150  319       3       jdk.internal.classfile.impl.BufWriterImpl::reserveSpace (22 bytes)   made not entrant: not used
150  641       3       jdk.internal.classfile.impl.ClassReaderImpl::entryByIndex (8 bytes)
150  640       1       jdk.internal.classfile.impl.AccessFlagsImpl::flagsMask (5 bytes)
150  636       1       jdk.internal.classfile.impl.BufWriterImpl::getMajorVersion (5 bytes)
150  637       1       jdk.internal.classfile.impl.StackMapGenerator::maxStack (5 bytes)
150  650       3       jdk.internal.classfile.impl.StackMapGenerator$Frame::<init> (75 bytes)
150  651       3       java.util.Arrays::fill (28 bytes)
151  654       3       jdk.internal.classfile.impl.StackMapGenerator$Type::<init> (20 bytes)
151  652       3       java.util.Arrays::rangeCheck (74 bytes)
151  655   !   3       jdk.internal.classfile.impl.ClassReaderImpl::readU1 (17 bytes)
151  653       3       jdk.internal.classfile.impl.Util::writeAttribute (67 bytes)
151  657       3       java.lang.StringLatin1::lastIndexOf (40 bytes)
151  659       3       jdk.internal.classfile.impl.DirectCodeBuilder::newLabel (10 bytes)
152  660       3       jdk.internal.classfile.impl.AttributeHolder::withAttribute (124 bytes)
152  661       3       jdk.internal.classfile.impl.SplitConstantPool::entryByIndex (11 bytes)
152  658       3       jdk.internal.classfile.impl.AbstractPoolEntry$NameAndTypeEntryImpl::<init> (12 bytes)
152  662       3       jdk.internal.classfile.impl.AbstractPoolEntry$Utf8EntryImpl::equalsString (215 bytes)
153  665       4       jdk.internal.classfile.impl.RawBytecodeHelper::next (81 bytes)
153  664       3       jdk.internal.classfile.impl.DirectCodeBuilder::setLabelTarget (10 bytes)
153  666       3       jdk.internal.classfile.impl.StackMapGenerator$Type::referenceType (12 bytes)
153  669       3       jdk.internal.classfile.impl.AbstractInstruction$UnboundInvokeInstruction::writeTo (45 bytes)
154  371       3       jdk.internal.classfile.impl.RawBytecodeHelper::next (81 bytes)   made not entrant: not used
154  667       3       java.lang.classfile.CodeBuilder::invokevirtual (14 bytes)
154  672       4       java.util.ArrayList$Itr::hasNext (20 bytes)
154  668       3       java.lang.classfile.CodeBuilder::dup (16 bytes)
154  663       3       java.util.Collections$UnmodifiableCollection::iterator (9 bytes)
154  518       3       java.util.ArrayList$Itr::hasNext (20 bytes)   made not entrant: not used
154  670       3       java.lang.classfile.instruction.StackInstruction::of (16 bytes)
154  671       3       jdk.internal.classfile.impl.AbstractInstruction$UnboundStackInstruction::<init> (6 bytes)
155  638       1       jdk.internal.classfile.impl.StackMapGenerator::maxLocals (5 bytes)
155  674       3       jdk.jfr.internal.util.Bytecode$MethodDesc::matches (42 bytes)
155  679       3       jdk.jfr.internal.util.Bytecode::invokevirtual (17 bytes)
155  677       3       java.lang.invoke.Invokers$Holder::linkToTargetMethod (8 bytes)
155  678       3       java.lang.invoke.LambdaForm$Holder::constant_L (8 bytes)
155  676       3       jdk.internal.classfile.impl.SplitConstantPool::utf8Entry (6 bytes)
155  675       3       jdk.internal.classfile.impl.ClassReaderImpl::checkTag (217 bytes)
156  684       4       jdk.internal.misc.Unsafe::getShortUnaligned (12 bytes)
156  656       1       java.lang.Class::getAnnotationType (5 bytes)
156  685       3       jdk.internal.classfile.impl.RawBytecodeHelper::reset (20 bytes)
156  686       3       jdk.internal.classfile.impl.BufWriterImpl::writeU2U2U2 (89 bytes)
156  687     n 0       jdk.internal.misc.Unsafe::putByte (native)   
156  257       3       jdk.internal.misc.Unsafe::getShortUnaligned (12 bytes)   made not entrant: not used
156  673       1       jdk.internal.classfile.impl.ClassReaderImpl::classfileLength (5 bytes)
156  612       1       java.lang.reflect.Method::getDeclaringClass (5 bytes)
156  680       1       jdk.internal.classfile.impl.TransformImpl$ResolvedTransform::startHandler (5 bytes)
156  688       4       java.util.HashMap::resize (356 bytes)
156  681       1       jdk.internal.classfile.impl.TransformImpl$ResolvedTransform::consumer (5 bytes)
156  689       3       java.util.LinkedHashMap::newNode (23 bytes)
157  691       3       jdk.internal.classfile.impl.TransformImpl$$Lambda/0x00001e0001028a60::accept (16 bytes)
157  693       3       java.util.ImmutableCollections$ListN::get (7 bytes)
157  690       3       java.util.LinkedHashMap$Entry::<init> (10 bytes)
157  682       1       jdk.internal.classfile.impl.ClassReaderImpl::customAttributes (5 bytes)
157  694   !   3       jdk.internal.classfile.impl.StackMapGenerator::detectFrames (498 bytes)
158  695       3       jdk.internal.classfile.impl.StackMapGenerator::processExceptionHandlerTargets (125 bytes)
158  696       3       jdk.internal.classfile.impl.StackMapGenerator$Frame::writeTo (299 bytes)
159  583       3       jdk.internal.classfile.impl.ClassReaderImpl::entryByIndex (809 bytes)   made not entrant: C1 deoptimize for patching
159  698       3       jdk.internal.classfile.impl.RawBytecodeHelper::getShortUnchecked (21 bytes)
159  697       3       jdk.internal.classfile.impl.StackMapGenerator$Type::writeTo (82 bytes)
159  702       3       jdk.internal.classfile.impl.ClassReaderImpl::entryByIndex (809 bytes)
161  118       3       java.util.HashMap::resize (356 bytes)   made not entrant: not used
161  699       4       java.lang.String::checkBoundsOffCount (10 bytes)
162  706       3       jdk.internal.classfile.impl.BufWriterImpl::grow (33 bytes)
162  189       3       java.lang.String::checkBoundsOffCount (10 bytes)   made not entrant: not used
162  702       3       jdk.internal.classfile.impl.ClassReaderImpl::entryByIndex (809 bytes)   made not entrant: C1 deoptimize for patching
162  707       3       jdk.internal.classfile.impl.StackMapGenerator$Frame::<init> (13 bytes)
162  709       3       jdk.internal.classfile.impl.ClassReaderImpl::entryByIndex (809 bytes)
163  710       4       jdk.internal.classfile.impl.SplitConstantPool::utf8Entry (45 bytes)
164  701       3       java.lang.classfile.CodeBuilder::loadLocal (15 bytes)
165  708       3       jdk.internal.classfile.impl.StackMapGenerator$Frame::trimAndCompress (31 bytes)
165  700       3       jdk.internal.constant.MethodTypeDescImpl::equals (65 bytes)
165  712       3       jdk.internal.classfile.impl.StackMapGenerator$Frame::equals (28 bytes)
165  703       3       jdk.internal.classfile.impl.DirectCodeBuilder::labelBinding (11 bytes)
165  713       3       java.util.Objects::checkIndex (7 bytes)
165  705       3       java.lang.classfile.constantpool.ConstantPoolBuilder::nameAndTypeEntry (21 bytes)
165  717       3       jdk.internal.constant.MethodTypeDescImpl::parameterType (7 bytes)
165  719       3       jdk.internal.classfile.impl.StackMapGenerator::removeRangeFromExcTable (326 bytes)
166  714       3       java.lang.classfile.TypeKind::from (25 bytes)
166  715       3       jdk.jfr.internal.EventInstrumentation::isMethod (6 bytes)
166  704       3       jdk.internal.classfile.impl.UnboundAttribute::<init> (10 bytes)
167  718       3       jdk.internal.classfile.impl.StackMapGenerator::deadCodePatching (112 bytes)
167  728       3       jdk.internal.classfile.impl.AbstractPoolEntry$Utf8EntryImpl::inflate (73 bytes)
167  720       3       java.util.ArrayList::listIterator (10 bytes)
167  730       3       jdk.internal.classfile.impl.SplitConstantPool::fieldRefEntry (72 bytes)
168  729       3       java.lang.constant.DynamicConstantDesc::equals (81 bytes)
168  721       3       java.util.ArrayList$ListItr::<init> (21 bytes)
168  731       3       jdk.internal.classfile.impl.StackMapGenerator$Frame::pushStack (84 bytes)
168  683       1       jdk.internal.classfile.impl.TransformImpl$ResolvedTransform::endHandler (5 bytes)
168  692       1       jdk.internal.classfile.impl.ClassReaderImpl::context (5 bytes)
169  732       3       jdk.internal.classfile.impl.AccessFlagsImpl::<init> (15 bytes)
169  733       3       java.util.ArrayList::elementData (7 bytes)
169  722       1       sun.reflect.generics.tree.ClassTypeSignature::getPath (5 bytes)
169  723       1       sun.reflect.generics.tree.SimpleClassTypeSignature::getName (5 bytes)
169  724       1       sun.reflect.generics.tree.SimpleClassTypeSignature::getDollar (5 bytes)
169  734       3       java.lang.classfile.Attributes::stackMapTable (4 bytes)
169  725       1       sun.reflect.generics.visitor.Reifier::getFactory (5 bytes)
169  735       3       jdk.internal.reflect.ConstantPool::getUTF8At (10 bytes)
169  736     n 0       java.lang.Double::longBitsToDouble (native)   (static)
169  726       1       sun.reflect.generics.tree.SimpleClassTypeSignature::getTypeArguments (5 bytes)
169  737       3       jdk.internal.classfile.impl.Util::fieldTypeSymbol (8 bytes)
170  741       3       java.util.Collections$UnmodifiableCollection$1::next (10 bytes)
170  742       3       java.lang.Class::descriptorString (137 bytes)
171  746       3       sun.reflect.generics.parser.SignatureParser::skipIdentifier (67 bytes)
171  744       3       jdk.internal.classfile.impl.StackMapGenerator::processInvokeInstructions (262 bytes)
173  749       3       jdk.internal.classfile.impl.CodeImpl::attributes (35 bytes)
173  738       3       jdk.internal.classfile.impl.AbstractPoolEntry$Utf8EntryImpl::fieldTypeSymbol (34 bytes)
173  740       3       jdk.internal.classfile.impl.MethodImpl::flags (24 bytes)
173  743       3       jdk.internal.classfile.impl.AbstractInstruction$UnboundLoadInstruction::<init> (11 bytes)
173  745       3       jdk.internal.classfile.impl.BufWriterImpl::setLabelContext (11 bytes)
173  757       3       jdk.internal.classfile.impl.BufWriterImpl::patchU2 (21 bytes)
173  739       3       jdk.internal.constant.MethodTypeDescImpl::<init> (15 bytes)
173  750       3       java.util.ArrayList::get (15 bytes)
174  756       3       jdk.internal.classfile.impl.DirectCodeBuilder$DeferredLabel::<init> (26 bytes)
174  675       3       jdk.internal.classfile.impl.ClassReaderImpl::checkTag (217 bytes)   made not entrant: C1 deoptimize for patching
174  748       1       jdk.internal.classfile.impl.BoundAttribute$BoundCodeAttribute::codeLength (5 bytes)
174  709       3       jdk.internal.classfile.impl.ClassReaderImpl::entryByIndex (809 bytes)   made not entrant: C1 deoptimize for patching
174  755       1       jdk.jfr.internal.ClassInspector::isJDK (5 bytes)
174  751       1       jdk.internal.classfile.impl.BoundAttribute::constantPool (5 bytes)
174  752       1       sun.reflect.annotation.AnnotationType::memberTypes (5 bytes)
174  759       3       java.lang.invoke.DirectMethodHandle$Holder::newInvokeSpecial (21 bytes)
174  760       3       jdk.internal.classfile.impl.AbstractPoolEntry$Utf8EntryImpl::<init> (32 bytes)
174  761       3       jdk.internal.classfile.impl.DirectCodeBuilder::writeShortJump (92 bytes)
175  762       3       jdk.internal.classfile.impl.DirectCodeBuilder::writeParsedShortLabel (54 bytes)
175  766       3       java.lang.classfile.constantpool.ConstantPoolBuilder::fieldRefEntry (22 bytes)
175  764       3       java.lang.invoke.Invokers$Holder::linkToTargetMethod (9 bytes)
175  765       3       jdk.internal.classfile.impl.DirectCodeBuilder::aload (32 bytes)
175  753       1       sun.reflect.annotation.AnnotationType::memberDefaults (5 bytes)
176  767       3       jdk.internal.classfile.impl.ClassReaderImpl::checkTag (217 bytes)
176  754       1       sun.reflect.annotation.AnnotationType::retention (5 bytes)
176  768       3       jdk.internal.classfile.impl.LabelImpl::writeTo (6 bytes)
176  769       3       java.lang.classfile.TypeKind::fromDescriptor (232 bytes)
176  770       3       jdk.internal.classfile.impl.BytecodeHelpers::lload (89 bytes)
177  776   !   3       jdk.internal.classfile.impl.ClassReaderImpl::readInt (77 bytes)
177  778       3       jdk.internal.classfile.impl.StackMapGenerator$Frame::merge (48 bytes)
177  779       3       jdk.internal.classfile.impl.StackMapGenerator$Type::mergeFrom (100 bytes)
178  777       3       java.util.ArrayList::<init> (12 bytes)
178  780       3       jdk.internal.classfile.impl.BufWriterImpl::patchInt (41 bytes)
178  781       3       jdk.internal.classfile.impl.Util::powerOctal (21 bytes)
178  774       3       jdk.internal.classfile.impl.NonterminalCodeBuilder::findTerminal (24 bytes)
178  649       1       java.lang.invoke.DirectMethodHandle::internalMemberName (5 bytes)
178  747       1       java.lang.invoke.MethodHandleImpl::isCompileConstant (2 bytes)
178  771       1       jdk.jfr.internal.ClassInspector::getFields (5 bytes)
178  783       3       java.util.ArrayList::isEmpty (13 bytes)
178  782       1       sun.invoke.util.Wrapper::basicClassDescriptor (5 bytes)
178  772       1       jdk.internal.classfile.impl.BlockCodeBuilderImpl::reachable (5 bytes)
178  773       1       jdk.internal.classfile.impl.BlockCodeBuilderImpl::endLabel (5 bytes)
179  775       1       jdk.internal.classfile.impl.AbstractPoolEntry$LongEntryImpl::tag (2 bytes)
179  785       3       java.util.ImmutableCollections$AbstractImmutableList::<init> (5 bytes)
179  786       3       java.util.LinkedHashMap$LinkedValueIterator::next (8 bytes)
180  787       3       jdk.internal.classfile.impl.Util::slotSize (24 bytes)
180  788       3       jdk.internal.classfile.impl.BufWriterImpl::writeU2U2 (61 bytes)
180  789     n 0       java.lang.Class::getSuperclass (native)   
180  790       3       jdk.internal.classfile.impl.AbstractDirectBuilder::writeAttribute (20 bytes)
180  792     n 0       java.lang.invoke.MethodHandle::linkToSpecial(LLLLLL)V (native)   (static)
180  791       3       jdk.internal.classfile.impl.Util::isAttributeAllowed (45 bytes)
181  793       3       jdk.internal.classfile.impl.DirectMethodBuilder::<init> (42 bytes)
181  800     n 0       java.lang.invoke.MethodHandle::linkToSpecial(LLLLLL)L (native)   (static)
181  794       3       jdk.internal.classfile.impl.DirectMethodBuilder::withCode (22 bytes)
181  795   !   3       jdk.internal.classfile.impl.DirectCodeBuilder::build (78 bytes)
181  801       3       java.util.LinkedHashMap::afterNodeInsertion (40 bytes)
181  796       3       jdk.internal.classfile.impl.DirectCodeBuilder::<init> (187 bytes)
182  802       3       java.util.BitSet::get (69 bytes)
182  804       3       java.util.ArrayDeque::addLast (51 bytes)
182  805       3       java.util.ArrayDeque::add (7 bytes)
183  806       3       jdk.internal.classfile.impl.StackCounter$Target::<init> (15 bytes)
183  797       3       jdk.internal.classfile.impl.ClassFileImpl::fixShortJumps (23 bytes)
183  798       3       jdk.internal.classfile.impl.BufWriterImpl::writeBytes (14 bytes)
183  808       3       java.lang.invoke.MemberName::getMethodOrFieldType (72 bytes)
183  814       3       jdk.internal.classfile.impl.StackCounter::next (68 bytes)
184  817       3       jdk.internal.classfile.impl.BufWriterImpl::writeBytes (30 bytes)
184  812       3       jdk.internal.classfile.impl.BufWriterImpl::writeU1U1 (39 bytes)
184  810       3       java.util.ArrayList::grow (60 bytes)
184  809       3       java.lang.Class::forName (8 bytes)
184  813       3       jdk.internal.classfile.impl.UnboundAttribute$AdHocAttribute::<init> (6 bytes)
184  811       3       java.lang.classfile.constantpool.MemberRefEntry::type (12 bytes)
185  818       3       jdk.internal.classfile.impl.BufWriterImpl::writeInt (58 bytes)
185  816       3       jdk.internal.classfile.impl.AbstractPoolEntry$ClassEntryImpl::asSymbol (53 bytes)
186  819       3       java.lang.ref.SoftReference::get (29 bytes)
186  820       3       jdk.internal.access.SharedSecrets::getJavaLangAccess (4 bytes)
186  815       3       jdk.internal.classfile.impl.UnboundAttribute$AdHocAttribute::writeTo (49 bytes)
186  821       3       sun.reflect.annotation.AnnotationType::getInstance (65 bytes)
186  826       3       java.lang.reflect.Modifier::isProtected (12 bytes)
186  822       3       java.util.ImmutableCollections$List12::<init> (20 bytes)
186  373       3       jdk.internal.classfile.impl.SplitConstantPool::utf8Entry (45 bytes)   made not entrant: not used
187  799       4       java.lang.invoke.MethodType::parameterType (7 bytes)
187  825       3       java.lang.invoke.MethodHandles$Lookup::lookupClassOrNull (17 bytes)
187  827       3       java.lang.PublicMethods$Key::matches (31 bytes)
187  823       3       java.lang.Integer::numberOfLeadingZeros (79 bytes)
187  235       3       java.lang.invoke.MethodType::parameterType (7 bytes)   made not entrant: not used
187  784       4       jdk.internal.classfile.impl.AbstractElement::<init> (5 bytes)
187  828       3       java.util.List::of (64 bytes)
187  455       3       jdk.internal.classfile.impl.AbstractElement::<init> (5 bytes)   made not entrant: not used
187  711       4       java.util.ArrayList$Itr::next (66 bytes)
188  829       3       java.lang.Class::reflectionData (43 bytes)
188  824       3       java.util.ImmutableCollections$MapN::get (35 bytes)
188  807       1       java.lang.classfile.ClassFile::latestMajorVersion (3 bytes)
188  832       3       java.lang.Character::charCount (12 bytes)
188  538       3       java.util.ArrayList$Itr::next (66 bytes)   made not entrant: not used
188  831       4       java.lang.StringLatin1::replace (197 bytes)
188  834       3       java.lang.Module::isNamed (13 bytes)
188  833       3       java.lang.Character::isJavaIdentifierPart (9 bytes)
188  835       3       java.lang.Class::getReflectionFactory (18 bytes)
188  272       3       java.io.DataInputStream::readUTF (601 bytes)   made not entrant: C1 deoptimize for patching
189  838       3       java.io.DataInputStream::readUTF (601 bytes)
190  841  s    3       java.io.ByteArrayInputStream::read (73 bytes)
190  842       3       java.io.DataInputStream::readBoolean (13 bytes)
190  836       3       java.io.DataInputStream::readUnsignedByte (22 bytes)
190  837  s    3       java.io.ByteArrayInputStream::read (36 bytes)
191  844     n 0       jdk.internal.misc.Unsafe::getLong (native)   
191  839   !   3       java.lang.String::<init> (852 bytes)
192  845       3       jdk.jfr.internal.MetadataLoader$FieldElement::<init> (93 bytes)
193  840       3       java.lang.String::<init> (22 bytes)
193  847       3       java.lang.Character::codePointAt (51 bytes)
193  848       3       java.lang.Character::isHighSurrogate (18 bytes)
193  849       3       java.lang.CharacterDataLatin1::isJavaIdentifierPart (20 bytes)
194  851       3       java.util.List::of (4 bytes)
194  852       3       java.lang.String::indexOf (65 bytes)
194  855       3       java.lang.reflect.Method::getParameterCount (6 bytes)
194  854       3       java.util.ArrayList::toArray (12 bytes)
194  856       3       jdk.internal.module.Checks::isJavaIdentifier (76 bytes)
195  853       1       jdk.jfr.ValueDescriptor::isArray (5 bytes)
195  857       3       jdk.internal.loader.AbstractClassLoaderValue$Sub::hashCode (19 bytes)
195  859       3       jdk.jfr.EventSettings$InternalAccess::newAnnotation (11 bytes)
195  858       1       jdk.jfr.internal.Type::getName (5 bytes)
195  860       3       java.lang.CharacterDataLatin1::isJavaIdentifierStart (23 bytes)
195  861       3       jdk.internal.loader.AbstractClassLoaderValue::map (20 bytes)
196  862       3       sun.reflect.annotation.AnnotationInvocationHandler::invoke (182 bytes)
196  866       3       jdk.jfr.internal.PrivateAccess::getInstance (15 bytes)
196  340       3       java.lang.StringLatin1::replace (197 bytes)   made not entrant: not used
196  843       4       java.io.DataInputStream::readFully (59 bytes)
197  865       3       jdk.jfr.internal.Type::getFields (37 bytes)
197  867       3       jdk.jfr.AnnotationElement::checkType (26 bytes)
197  868       3       jdk.jfr.internal.util.Utils::unboxType (82 bytes)
197  870       3       jdk.jfr.AnnotationElement::<init> (308 bytes)
198  872       3       java.util.LinkedHashMap$LinkedKeyIterator::next (8 bytes)
198  871       3       java.util.LinkedHashMap$LinkedHashIterator::<init> (52 bytes)
198  878     n 0       jdk.jfr.internal.JVM::getTypeId (native)   (static)
198  873       3       java.util.Collections$UnmodifiableCollection::size (10 bytes)
198  874       3       java.util.Collections$UnmodifiableList::get (11 bytes)
198  875       3       java.util.ArrayList::set (24 bytes)
199  876       3       jdk.jfr.internal.MetadataLoader::newAnnotation (25 bytes)
199  869       3       java.lang.reflect.Modifier::isPublic (12 bytes)
199  881       3       jdk.jfr.internal.AnnotationConstruct::<init> (18 bytes)
199  863       3       java.util.ImmutableCollections$ListN::<init> (15 bytes)
199  882       3       jdk.jfr.internal.Type::add (17 bytes)
199  880       3       java.util.LinkedHashMap::get (29 bytes)
199  879       3       java.lang.invoke.DirectMethodHandle::internalMemberName (8 bytes)
200  887       3       jdk.jfr.internal.Type::getKnownType (51 bytes)
200  883       3       jdk.jfr.internal.util.Utils::ensureJavaIdentifier (42 bytes)
200  888       3       java.util.ImmutableCollections::listFromArray (39 bytes)
200  884       3       jdk.jfr.EventSettings$InternalAccess::newValueDescriptor (17 bytes)
200  885       3       jdk.jfr.ValueDescriptor::<init> (101 bytes)
200  894     n 0       java.lang.invoke.MethodHandle::linkToVirtual(LL)J (native)   (static)
201  886       3       java.util.LinkedHashMap::keySet (5 bytes)
201  889       3       java.util.LinkedHashMap$LinkedKeySet::iterator (16 bytes)
201  710       4       jdk.internal.classfile.impl.SplitConstantPool::utf8Entry (45 bytes)   made not entrant: uncommon trap
201  890       3       java.util.LinkedHashMap$LinkedKeyIterator::<init> (14 bytes)
201  891       3       java.util.LinkedHashMap::sequencedKeySet (31 bytes)
201  893       3       sun.invoke.util.VerifyAccess::isClassAccessible (230 bytes)
201  900     n 0       java.lang.invoke.MethodHandle::linkToStatic(LLLL)I (native)   (static)
202  898       3       jdk.internal.classfile.impl.AbstractPoolEntry$MethodRefEntryImpl::<init> (12 bytes)
202  899       3       java.lang.invoke.LambdaForm::forceInterpretation (14 bytes)
202  896       3       java.lang.classfile.ClassBuilder::withMethod (34 bytes)
202  902       2       jdk.internal.classfile.impl.SplitConstantPool::utf8Entry (45 bytes)
202  901       3       jdk.internal.classfile.impl.BufWriterImpl::<init> (39 bytes)
202  897       3       jdk.internal.classfile.impl.DirectClassBuilder::withMethod (29 bytes)
203  903       3       jdk.internal.classfile.impl.BytecodeHelpers::ldcOpcode (41 bytes)
203  906       3       jdk.jfr.internal.TypeLibrary$$Lambda/0x00001e000106d5c8::applyAsLong (8 bytes)
203  909       3       java.lang.Long::compare (22 bytes)
203  907       3       java.util.Comparator$$Lambda/0x00001e000106e070::compare (10 bytes)
203  905       1       jdk.jfr.internal.Type::getId (5 bytes)
203  908       3       java.util.Comparator::lambda$comparingLong$6043328a$1 (18 bytes)
203  904       3       jdk.internal.classfile.impl.DirectCodeBuilder::writeDirectLoadConstant (77 bytes)
204  912     n 0       java.lang.invoke.MethodHandle::linkToVirtual(LLL)V (native)   (static)
204  910       3       java.lang.invoke.MemberName::getModifiers (8 bytes)
204  914       3       java.lang.invoke.MemberName::isConstructor (8 bytes)
204  911       3       java.lang.invoke.LambdaForm::uncustomize (57 bytes)
204  913       3       java.lang.invoke.LambdaForm$BasicType::basicType (187 bytes)
204  915       3       java.util.ArrayDeque$$Lambda/0x00001e000106e7a8::accept (9 bytes)
205  917       3       java.util.ArrayDeque::size (17 bytes)
205  916       1       jdk.jfr.internal.AnnotationConstruct::getUnmodifiableAnnotationElements (5 bytes)
205  919       3       java.util.ArrayDeque::copyElements (13 bytes)
205  924       3       java.lang.Iterable::forEach (39 bytes)
205  922       3       java.util.ArrayDeque::isEmpty (17 bytes)
205  918       1       jdk.jfr.AnnotationElement::getType (5 bytes)
205  921       3       jdk.jfr.internal.Type::getAnnotationElements (8 bytes)
206  923       3       jdk.jfr.EventSettings$InternalAccess::getType (98 bytes)
206  926       3       jdk.jfr.AnnotationElement::getAnnotationElements (8 bytes)
206  927       3       java.util.ArrayDeque::addAll (50 bytes)
206  925       3       java.lang.Long::hashCode (8 bytes)
207  928       1       jdk.jfr.ValueDescriptor::getType (5 bytes)
207  930       3       java.util.ImmutableCollections$List12::forEach (31 bytes)
207  931       3       jdk.jfr.ValueDescriptor::getAnnotationElements (8 bytes)
207  932       3       jdk.jfr.internal.TypeLibrary::visitAnnotations (92 bytes)
208  935       3       java.util.ArrayDeque::grow (165 bytes)
208  933       3       java.util.ArrayDeque::<init> (35 bytes)
208  934       3       java.util.ArrayDeque::<init> (16 bytes)
209  936       3       java.util.Collections$UnmodifiableCollection::<init> (22 bytes)
209  937       3       java.util.Collections$UnmodifiableRandomAccessList::<init> (6 bytes)
209  938       3       java.util.Collections$UnmodifiableList::<init> (11 bytes)
209  941       3       java.util.Collections::unmodifiableList (51 bytes)
209  248       3       java.io.DataInputStream::readFully (59 bytes)   made not entrant: not used
209  895       4       java.lang.invoke.MethodType::parameterCount (6 bytes)
209  939       3       java.lang.Long::hashCode (8 bytes)
209  940       3       java.lang.Long::valueOf (40 bytes)
210  324       3       java.lang.invoke.MethodType::parameterCount (6 bytes)   made not entrant: not used
210  864       4       java.lang.CharacterData::of (136 bytes)
210  942       1       jdk.jfr.internal.PlatformEventType::getAllSettings (5 bytes)
210  440       3       java.lang.CharacterData::of (136 bytes)   made not entrant: not used
210  850       4       java.lang.CharacterDataLatin1::getProperties (11 bytes)
210  451       3       java.lang.CharacterDataLatin1::getProperties (11 bytes)   made not entrant: not used
210  943       4       java.util.ArrayDeque::addLast (51 bytes)
210  944       2       java.util.HashMap::containsKey (14 bytes)
211  948       3       jdk.jfr.internal.TypeLibrary$$Lambda/0x00001e000106e318::test (8 bytes)
211  950       3       jdk.jfr.internal.TypeLibrary::lambda$initialize$0 (24 bytes)
211  949       3       java.lang.Long::equals (32 bytes)
211  947       1       java.lang.Long::longValue (5 bytes)
211  804       3       java.util.ArrayDeque::addLast (51 bytes)   made not entrant: not used
211  920       4       java.util.ImmutableCollections$ListN::size (6 bytes)
211  633       3       java.util.ImmutableCollections$ListN::size (6 bytes)   made not entrant: not used
211  952       4       java.util.HashMap::getNode (150 bytes)
212  956       2       java.lang.Class::isAnnotation (17 bytes)
212  957       2       jdk.internal.loader.AbstractClassLoaderValue::sub (10 bytes)
213  959       2       jdk.internal.util.ArraysSupport::hashCode (42 bytes)
213  960       2       java.lang.reflect.AccessibleObject::<init> (5 bytes)
213  961       2       java.lang.reflect.Executable::<init> (5 bytes)
213  962       2       jdk.internal.classfile.impl.EntryMap::nextToken (37 bytes)
213  963       2       jdk.internal.classfile.impl.StackCounter::<init> (2420 bytes)
215   90       3       java.util.HashMap::getNode (150 bytes)   made not entrant: not used
215  954       4       java.util.ArrayDeque::isEmpty (17 bytes)
215  922       3       java.util.ArrayDeque::isEmpty (17 bytes)   made not entrant: not used
215  953       4       java.util.ArrayDeque::pollFirst (36 bytes)
216  620       3       java.util.ArrayDeque::pollFirst (36 bytes)   made not entrant: not used
216  955       4       java.util.ArrayDeque::poll (5 bytes)
216  621       3       java.util.ArrayDeque::poll (5 bytes)   made not entrant: not used
216  830       4       sun.reflect.generics.parser.SignatureParser::current (59 bytes)
217  958       2       java.util.Arrays::hashCode (15 bytes)
217  966       2       java.lang.invoke.LambdaForm$BasicType::basicType (8 bytes)
217  967       2       sun.invoke.util.Wrapper::basicTypeChar (18 bytes)
217  964       1       jdk.internal.classfile.impl.StackCounter::maxStack (5 bytes)
217  965       1       jdk.internal.classfile.impl.StackCounter::maxLocals (5 bytes)
217  969       1       java.lang.Boolean::booleanValue (5 bytes)
217  439       3       sun.reflect.generics.parser.SignatureParser::current (59 bytes)   made not entrant: not used
217  945       4       java.util.ImmutableCollections$ListItr::hasNext (17 bytes)
217  968       1       java.lang.invoke.MethodType::rtype (5 bytes)
217  970       3       jdk.jfr.internal.Type::getKnownType (65 bytes)
218  433       3       java.util.ImmutableCollections$ListItr::hasNext (17 bytes)   made not entrant: not used
218  971       4       java.util.LinkedHashMap$LinkedHashIterator::hasNext (13 bytes)
218  230       3       java.util.LinkedHashMap$LinkedHashIterator::hasNext (13 bytes)   made not entrant: not used
218  977       4       java.util.LinkedHashMap$LinkedHashIterator::nextNode (68 bytes)
218  972       3       jdk.jfr.AnnotationElement::getTypeId (8 bytes)
218  973       3       java.util.LinkedHashMap::entrySet (5 bytes)
218  974       3       java.util.LinkedHashMap::sequencedEntrySet (31 bytes)
218  975       3       java.util.LinkedHashMap$LinkedEntrySet::iterator (16 bytes)
218  233       3       java.util.LinkedHashMap$LinkedHashIterator::nextNode (68 bytes)   made not entrant: not used
218  946       4       java.util.HashMap::put (13 bytes)
219  976       3       java.util.LinkedHashMap$LinkedEntryIterator::<init> (14 bytes)
219  979       3       jdk.jfr.AnnotationElement::getTypeName (8 bytes)
219  978       1       jdk.jfr.ValueDescriptor::getName (5 bytes)
219  980       3       jdk.jfr.internal.Type::getTypeId (21 bytes)
219  981       3       jdk.jfr.internal.AnnotationConstruct::getAnnotationElement (127 bytes)
219  983       3       java.lang.StringLatin1::indexOf (121 bytes)
220  984       3       jdk.jfr.internal.EventControl::remove (76 bytes)
220  989       3       jdk.internal.util.DecimalDigits::uncheckedPutCharLatin1 (40 bytes)
220  985       3       jdk.jfr.internal.Type::hasAnnotation (17 bytes)
220  986       1       jdk.jfr.internal.PlatformEventType::hasPeriod (5 bytes)
220  987       1       java.util.Collections$EmptyList::isEmpty (2 bytes)
220  988       1       jdk.jfr.AnnotationElement::getValues (5 bytes)
221  991       1       jdk.jfr.internal.PlatformEventType::isJVM (5 bytes)
221  992       3       jdk.jfr.internal.Type::setAnnotations (9 bytes)
222  994       3       jdk.jfr.internal.util.Utils::findField (44 bytes)
222  993       3       jdk.jfr.internal.AnnotationConstruct::setAnnotationElements (9 bytes)
222  995       1       jdk.jfr.internal.PlatformEventType::setHasCutoff (6 bytes)
222  996       1       jdk.jfr.internal.PlatformEventType::setHasThrottle (6 bytes)
222  997       1       jdk.jfr.internal.PlatformEventType::setHasLevel (6 bytes)
222 1002     n 0       jdk.internal.misc.Unsafe::getLongVolatile (native)   
222  998       1       jdk.jfr.internal.PlatformEventType::setHasPeriod (6 bytes)
222  999       1       jdk.jfr.internal.PlatformEventType::hasCutoff (5 bytes)
222 1000       1       jdk.jfr.internal.PlatformEventType::hasThrottle (5 bytes)
223 1001       1       jdk.jfr.internal.PlatformEventType::hasLevel (5 bytes)
223 1003       3       sun.reflect.generics.parser.SignatureParser::parsePackageNameAndSimpleClassTypeSignature (119 bytes)
224 1004     n 0       java.lang.invoke.MethodHandle::linkToStatic(IL)L (native)   (static)
224 1005       3       java.lang.invoke.LambdaForm$Name::withIndex (35 bytes)
224 1006     n 0       java.lang.invoke.MethodHandle::invokeBasic(L)I (native)   
224 1007     n 0       java.lang.invoke.MethodHandle::linkToSpecial(LLL)I (native)   (static)
225 1008       3       jdk.internal.classfile.impl.DirectCodeBuilder::fieldAccess (14 bytes)
225 1009     n 0       java.lang.invoke.MethodHandle::linkToStatic(LLLLLL)L (native)   (static)
225 1010       3       java.lang.invoke.MemberName$Factory::resolveOrFail (83 bytes)
225 1011     n 0       java.lang.invoke.MethodHandle::invokeBasic(LLLLL)L (native)   
226 1012       3       jdk.internal.classfile.impl.UnboundAttribute::writeTo (12 bytes)
226 1014       3       java.lang.invoke.MemberName::isStatic (8 bytes)
226   83       3       java.util.HashMap::put (13 bytes)   made not entrant: not used
226  982       4       java.util.LinkedHashMap$LinkedEntryIterator::next (5 bytes)
226 1015       3       java.lang.invoke.MethodTypeForm::cachedLambdaForm (23 bytes)
226 1016       3       java.lang.invoke.MethodHandle::<init> (37 bytes)
227 1017       3       java.lang.invoke.LambdaForm::prepare (92 bytes)
227  231       3       java.util.LinkedHashMap$LinkedEntryIterator::next (5 bytes)   made not entrant: not used
227  990   !   4       java.util.ImmutableCollections$ListItr::next (34 bytes)
227 1018       3       java.lang.invoke.MethodType::basicType (8 bytes)
227 1013       3       java.lang.invoke.MemberName::getName (25 bytes)
227 1020       3       java.lang.Class::getAnnotation (22 bytes)
227 1021       3       java.lang.WeakPairMap::expungeStaleAssociations (31 bytes)
228 1023       3       jdk.internal.reflect.ReflectionFactory::copyMethod (11 bytes)
228 1024       3       java.lang.reflect.ReflectAccess::copyMethod (5 bytes)
228 1025       3       java.lang.reflect.Method::copy (92 bytes)
228  584   !   3       java.util.ImmutableCollections$ListItr::next (34 bytes)   made not entrant: not used
228  929       4       java.util.ImmutableCollections$ListN::get (7 bytes)
228 1026       3       java.lang.reflect.Method::<init> (68 bytes)
228 1022       3       java.lang.PublicMethods$MethodList::getMostSpecific (63 bytes)
228  693       3       java.util.ImmutableCollections$ListN::get (7 bytes)   made not entrant: not used
228 1028       4       java.lang.String::toString (2 bytes)
229 1029       3       java.util.ImmutableCollections$List12::<init> (21 bytes)
229  484       3       java.lang.String::toString (2 bytes)   made not entrant: not used
229  892       4       java.lang.Character::codePointAt (51 bytes)
229 1032       3       java.lang.PublicMethods$MethodList::<init> (10 bytes)
229 1033       3       java.lang.invoke.LambdaForm$MH/0x00001e0001040c00::invoke (25 bytes)
229 1034       3       java.lang.invoke.DirectMethodHandle$Holder::invokeSpecial (15 bytes)
229 1035       3       java.lang.invoke.LambdaForm$MH/0x00001e0001041000::invoke (35 bytes)
229 1036       3       jdk.internal.classfile.impl.AbstractPoolEntry$Utf8EntryImpl::charAt (62 bytes)
229  847       3       java.lang.Character::codePointAt (51 bytes)   made not entrant: not used
230 1027       4       sun.reflect.generics.parser.SignatureParser::advance (53 bytes)
230 1038       3       java.lang.PublicMethods$MethodList::filter (104 bytes)
230  450       3       sun.reflect.generics.parser.SignatureParser::advance (53 bytes)   made not entrant: not used
230  846  s    4       java.io.ByteArrayInputStream::read (73 bytes)
230 1037       3       java.lang.Class::getMethodsRecursive (104 bytes)
231 1039       3       java.lang.reflect.Array::newInstance (6 bytes)
231 1040       3       java.lang.invoke.MemberName::isResolved (13 bytes)
231 1043     n 0       java.lang.Class::getConstantPool (native)   
231 1042       3       java.util.Collections::emptyList (4 bytes)
231 1041       3       java.lang.Class::privateGetDeclaredMethods (56 bytes)
231 1030       1       jdk.internal.classfile.impl.BufWriterImpl::labelContext (5 bytes)
231 1031       1       jdk.internal.classfile.impl.DirectCodeBuilder::methodInfo (5 bytes)
231  923       3       jdk.jfr.EventSettings$InternalAccess::getType (98 bytes)   made not entrant: C1 deoptimize for patching
231 1019       1       jdk.internal.util.ClassFileDumper::isEnabled (5 bytes)
231  841  s    3       java.io.ByteArrayInputStream::read (73 bytes)   made not entrant: not used
231 1044       4       java.util.ImmutableCollections$AbstractImmutableList::iterator (13 bytes)
232 1045     n 0       jdk.internal.reflect.Reflection::getCallerClass (native)   (static)
232 1046       1       java.lang.reflect.Method::getRoot (5 bytes)
232 1047       3       java.lang.Class::getMethod (38 bytes)
232 1048       3       java.lang.Class::getMethod0 (32 bytes)
232 1050       3       java.lang.String::indexOf (64 bytes)
232  597       3       java.util.ImmutableCollections$AbstractImmutableList::iterator (13 bytes)   made not entrant: not used
233 1051       3       java.lang.StringLatin1::indexOf (25 bytes)
233  763       4       jdk.internal.classfile.impl.ClassReaderImpl::checkType (23 bytes)
233 1054   !   3       sun.reflect.annotation.AnnotationParser::parseAnnotation2 (275 bytes)
233  523       3       jdk.internal.classfile.impl.ClassReaderImpl::checkType (23 bytes)   made not entrant: not used
233  716       4       jdk.internal.classfile.impl.DirectCodeBuilder::labelToBci (27 bytes)
233 1057       2       jdk.jfr.EventSettings$InternalAccess::getType (98 bytes)
234 1052       3       java.lang.WeakPairMap$Pair::hashCode (10 bytes)
234  449       3       jdk.internal.classfile.impl.DirectCodeBuilder::labelToBci (27 bytes)   made not entrant: not used
234  727       4       jdk.internal.classfile.impl.SplitConstantPool::tryFindUtf8 (103 bytes)
234 1055       3       java.lang.WeakPairMap$Pair::lookup (10 bytes)
234 1056       3       java.lang.WeakPairMap$Pair$Weak::first (5 bytes)
234 1058       3       java.lang.Module::implIsExportedOrOpen (92 bytes)
235 1060       3       java.lang.Class::annotationData (44 bytes)
235 1053       1       java.util.Collections$EmptyMap::get (2 bytes)
235 1049       3       java.util.ArrayList::trimToSize (51 bytes)
235 1063       3       java.lang.WeakPairMap::get (17 bytes)
235 1059       1       java.lang.reflect.Field::getType (5 bytes)
235 1064       3       java.lang.invoke.Invokers$Holder::invokeExact_MT (23 bytes)
236 1065       3       java.lang.invoke.Invokers::checkExactType (17 bytes)
236 1066       3       java.lang.invoke.Invokers::checkCustomized (23 bytes)
236 1067       3       java.lang.invoke.Invokers::maybeCustomize (5 bytes)
236 1068       3       java.lang.invoke.MethodHandle::maybeCustomize (38 bytes)
236 1071       3       java.lang.WeakPairMap$Pair$Lookup::hashCode (12 bytes)
236 1072       3       java.lang.WeakPairMap$Pair::equals (34 bytes)
236 1073       3       java.lang.WeakPairMap$Pair$Lookup::equals (31 bytes)
236 1069       1       java.lang.reflect.Field::getModifiers (5 bytes)
236 1074       3       java.lang.WeakPairMap$Pair$Weak::second (8 bytes)
237 1070       1       java.lang.reflect.Field::getName (5 bytes)
237 1075   !   3       java.lang.reflect.Executable::declaredAnnotations (85 bytes)
237 1077       3       java.lang.reflect.Modifier::isPrivate (12 bytes)
237 1078       3       sun.reflect.generics.parser.SignatureParser::make (8 bytes)
237 1086       3       java.lang.Module::isExplicitlyExportedOrOpened (70 bytes)
237 1079       3       sun.reflect.generics.parser.SignatureParser::<init> (5 bytes)
237 1080       3       sun.reflect.generics.parser.SignatureParser::parseTypeSig (10 bytes)
238 1081       3       sun.reflect.generics.parser.SignatureParser::init (16 bytes)
238 1082       3       sun.reflect.generics.parser.SignatureParser::parseTypeSignature (130 bytes)
238 1083       3       sun.reflect.generics.parser.SignatureParser::parseFieldTypeSignature (6 bytes)
238 1084       3       sun.reflect.generics.parser.SignatureParser::parseFieldTypeSignature (73 bytes)
238 1085       3       sun.reflect.generics.visitor.Reifier::visitClassTypeSignature (381 bytes)
239 1096       3       java.util.ArrayList::indexOfRange (71 bytes)
239 1089       3       jdk.jfr.internal.TypeLibrary$$Lambda/0x00001e0001072ec0::test (8 bytes)
239 1090       3       java.nio.HeapByteBuffer::get (14 bytes)
239 1091       3       java.nio.Buffer::nextGetIndex (30 bytes)
240 1092       3       java.nio.HeapByteBuffer::ix (7 bytes)
240 1098       3       sun.reflect.generics.tree.SimpleClassTypeSignature::make (11 bytes)
240 1094       3       java.util.ArrayList::contains (14 bytes)
240 1095       3       java.util.ArrayList::indexOf (11 bytes)
240 1076       3       jdk.jfr.internal.TypeLibrary::defineType (110 bytes)
241 1100       3       jdk.internal.classfile.impl.ClassFileImpl::passDebugElements (23 bytes)
241 1101       3       java.lang.classfile.Attributes::code (4 bytes)
241 1099       3       sun.invoke.util.Wrapper::forPrimitiveType (122 bytes)
241 1103       3       jdk.internal.classfile.impl.BufWriterImpl::writeIndexOrZero (10 bytes)
241 1105       3       jdk.internal.classfile.impl.BufWriterImpl::cpIndexOrZero (21 bytes)
242 1109       3       java.lang.Module::isReflectivelyExportedOrOpened (182 bytes)
243 1107       3       java.util.ArrayList::addAll (76 bytes)
243 1111       1       java.lang.reflect.Field::getDeclaringClass (5 bytes)
243 1108       3       jdk.internal.loader.AbstractClassLoaderValue$Sub::equals (55 bytes)
244 1113       3       java.lang.Module::isExported (18 bytes)
244 1106       3       java.lang.invoke.MethodType::genericMethodType (95 bytes)
244 1115       3       jdk.internal.misc.VM::isSystemDomainLoader (17 bytes)
244  397       3       jdk.internal.classfile.impl.SplitConstantPool::tryFindUtf8 (103 bytes)   made not entrant: not used
245 1097       4       jdk.jfr.internal.Type::getKnownType (65 bytes)
245 1114       3       java.lang.Class::getInterfaces (40 bytes)
245 1068       3       java.lang.invoke.MethodHandle::maybeCustomize (38 bytes)   made not entrant: C1 deoptimize for patching
245 1116       3       jdk.jfr.internal.Type::getField (68 bytes)
245 1117       3       jdk.internal.module.Modules::addExports (12 bytes)
245 1118       3       java.lang.System$1::addExports (7 bytes)
245 1120       3       sun.reflect.annotation.AnnotationParser::parseSig (62 bytes)
246 1122       3       jdk.internal.classfile.impl.AbstractPoolEntry$Utf8EntryImpl::length (19 bytes)
246 1119       1       java.lang.invoke.LambdaForm$Name::index (5 bytes)
246 1123       3       java.lang.invoke.MethodHandle::maybeCustomize (38 bytes)
246 1124   !   3       jdk.proxy1.$Proxy6::annotationType (28 bytes)
246 1126       3       jdk.internal.classfile.impl.AbstractPoolEntry$Utf8EntryImpl::clone (6 bytes)
247 1127       3       jdk.internal.classfile.impl.AbstractPoolEntry$Utf8EntryImpl::clone (65 bytes)
247 1128       3       java.lang.reflect.Method::getRoot (5 bytes)
247 1110       1       java.util.Collections$SingletonList::size (2 bytes)
247 1104       1       jdk.internal.classfile.impl.UnboundAttribute$UnboundExceptionsAttribute::exceptions (5 bytes)
247 1131       3       java.lang.invoke.InnerClassLambdaMetafactory::classDesc (25 bytes)
247 1125       1       java.lang.invoke.LambdaForm$BasicType::basicTypeKind (5 bytes)
247 1129       1       java.lang.classfile.ClassFile::latestMinorVersion (2 bytes)
247 1130       1       jdk.internal.classfile.impl.DirectClassBuilder::setFlags (6 bytes)
248  970       3       jdk.jfr.internal.Type::getKnownType (65 bytes)   made not entrant: not used
248 1112       4       java.lang.Object::equals (11 bytes)
248 1132       3       java.util.HashMap::putMapEntries (170 bytes)
248  110       3       java.lang.Object::equals (11 bytes)   made not entrant: not used
248 1087       4       java.lang.CharacterDataLatin1::isWhitespace (23 bytes)
248 1135  s    3       jdk.jfr.internal.TypeLibrary::createAnnotationType (148 bytes)
248  554       3       java.lang.CharacterDataLatin1::isWhitespace (23 bytes)   made not entrant: not used
248 1093       4       java.lang.CharacterDataLatin1::isJavaIdentifierPart (20 bytes)
249  849       3       java.lang.CharacterDataLatin1::isJavaIdentifierPart (20 bytes)   made not entrant: not used
249 1088       4       jdk.jfr.internal.PrivateAccess::getInstance (15 bytes)
249  866       3       jdk.jfr.internal.PrivateAccess::getInstance (15 bytes)   made not entrant: not used
249  951       4       java.lang.Long::hashCode (8 bytes)
249  925       3       java.lang.Long::hashCode (8 bytes)   made not entrant: not used
249 1061       4       java.lang.Long::hashCode (8 bytes)
249  939       3       java.lang.Long::hashCode (8 bytes)   made not entrant: not used
249 1062       4       java.lang.Long::valueOf (40 bytes)
250 1137       3       jdk.internal.classfile.impl.ClassReaderImpl::skipAttributeHolder (113 bytes)
250 1136       3       jdk.jfr.internal.TypeLibrary::shouldPersist (21 bytes)
250  940       3       java.lang.Long::valueOf (40 bytes)   made not entrant: not used
250  758       4       jdk.internal.classfile.impl.ClassReaderImpl::entryByIndex (809 bytes)
250 1139       3       sun.reflect.generics.parser.SignatureParser::parseClassTypeSignature (95 bytes)
251 1140       3       sun.reflect.generics.parser.SignatureParser::parseClassTypeSignatureSuffix (29 bytes)
251 1141       3       sun.reflect.generics.tree.ClassTypeSignature::make (9 bytes)
251 1142       3       sun.reflect.generics.tree.ClassTypeSignature::<init> (10 bytes)
251 1146       3       java.util.ArrayList::remove (76 bytes)
251 1143       3       sun.reflect.generics.tree.ClassTypeSignature::accept (8 bytes)
251 1144       3       java.lang.AbstractStringBuilder::<init> (68 bytes)
252 1145       3       java.lang.StringBuilder::append (6 bytes)
252 1138       3       jdk.internal.loader.AbstractClassLoaderValue::extractValue (17 bytes)
252 1134       3       sun.reflect.annotation.AnnotationParser::annotationForMap (28 bytes)
252 1147       3       java.lang.Module::implAddExports (9 bytes)
252 1133   !   3       java.lang.reflect.Field::declaredAnnotations (82 bytes)
252 1153     n 0       java.lang.invoke.MethodHandle::invokeBasic(I)V (native)   
253 1148       3       java.lang.invoke.MethodTypeForm::canonicalize (59 bytes)
253 1149       3       jdk.internal.util.ReferencedKeyMap::existingKey (32 bytes)
253 1150       3       jdk.internal.util.ReferencedKeyMap::internKey (57 bytes)
253  838       3       java.io.DataInputStream::readUTF (601 bytes)   made not entrant: marked for deoptimization
253 1151       3       java.lang.invoke.MemberName::flagsMods (45 bytes)
253 1152       3       java.lang.invoke.MemberName::init (53 bytes)
254 1154       1       jdk.internal.classfile.impl.AnnotationImpl::className (5 bytes)
254 1155       3       sun.invoke.util.VerifyAccess::isSamePackage (37 bytes)
254 1156     n 0       java.lang.invoke.MethodHandle::linkToSpecial(LL)J (native)   (static)
255 1157       3       jdk.internal.classfile.impl.Util::maxLocals (18 bytes)
255 1158       3       jdk.internal.classfile.impl.DirectCodeBuilder::processDeferredLabels (109 bytes)
255  814       3       jdk.internal.classfile.impl.StackCounter::next (68 bytes)   made not entrant: marked for deoptimization
255  932       3       jdk.jfr.internal.TypeLibrary::visitAnnotations (92 bytes)   made not entrant: marked for deoptimization
255 1159       3       jdk.internal.classfile.impl.DirectCodeBuilder$4::<init> (16 bytes)
255  963       2       jdk.internal.classfile.impl.StackCounter::<init> (2420 bytes)   made not entrant: marked for deoptimization
255  907       3       java.util.Comparator$$Lambda/0x00001e000106e070::compare (10 bytes)   made not entrant: marked for deoptimization
255  908       3       java.util.Comparator::lambda$comparingLong$6043328a$1 (18 bytes)   made not entrant: marked for deoptimization
255 1166       3       jdk.internal.classfile.impl.DirectClassBuilder::with (9 bytes)
256 1160       3       jdk.internal.classfile.impl.DirectMethodBuilder::writeTo (33 bytes)
256 1161       3       jdk.internal.classfile.impl.DirectCodeBuilder$4::writeBody (243 bytes)
257 1167       3       sun.nio.fs.UnixPath::checkNotNul (16 bytes)
257 1162       3       jdk.internal.classfile.impl.ClassFileImpl::stackMapsWhenRequired (23 bytes)
257 1163       3       jdk.internal.classfile.impl.BufWriterImpl::bytecodeView (12 bytes)
258 1164       3       jdk.internal.classfile.impl.RawBytecodeHelper::of (10 bytes)
258 1165       3       jdk.internal.classfile.impl.RawBytecodeHelper$CodeRange::<init> (15 bytes)
258 1171       3       jdk.jfr.internal.Type::compareTo (12 bytes)
258 1170       3       jdk.jfr.internal.Type::compareTo (9 bytes)
258 1169       1       jdk.jfr.internal.Type::isVisible (5 bytes)
258 1172       3       jdk.internal.classfile.impl.RawBytecodeHelper$CodeRange::start (9 bytes)
258 1173       3       jdk.internal.classfile.impl.RawBytecodeHelper::<init> (10 bytes)
258 1062       4       java.lang.Long::valueOf (40 bytes)   made not entrant: uncommon trap
258 1168       1       java.lang.invoke.InfoFromMemberName::getReferenceKind (5 bytes)
259 1174       3       jdk.internal.util.DecimalDigits::stringSize (55 bytes)
259 1175       3       jdk.internal.util.DecimalDigits::uncheckedGetCharsLatin1 (160 bytes)
259 1180       3       java.lang.Long::valueOf (40 bytes)
259 1176       3       jdk.internal.util.DecimalDigits::uncheckedPutPairLatin1 (31 bytes)
259 1179       3       java.lang.String::valueOf (15 bytes)
259 1183       3       jdk.jfr.internal.MetadataDescriptor$Element::addAttribute (23 bytes)
260 1184       3       jdk.jfr.internal.MetadataDescriptor$Attribute::<init> (15 bytes)
260 1185       3       java.lang.Long::toString (55 bytes)
260 1190       3       jdk.jfr.internal.MetadataWriter::makeAnnotation (115 bytes)
260 1186       3       jdk.jfr.internal.MetadataDescriptor$Element::<init> (32 bytes)
260 1177       4       java.util.ArrayList::add (25 bytes)
261 1187       3       jdk.jfr.internal.MetadataDescriptor$Element::newChild (22 bytes)
261 1188       3       java.lang.Long::toString (8 bytes)
261 1193       3       jdk.jfr.internal.MetadataWriter::makeFieldElement (114 bytes)
261 1192       3       jdk.jfr.AnnotationElement::getValueDescriptors (11 bytes)
261 1189       1       jdk.jfr.ValueDescriptor::isConstantPool (5 bytes)
262 1194       3       jdk.jfr.ValueDescriptor::getTypeId (8 bytes)
262 1195       3       jdk.jfr.EventSettings$InternalAccess::isConstantPool (5 bytes)
262 1200       3       jdk.internal.util.DecimalDigits::stringSize (47 bytes)
262 1196       1       jdk.jfr.SettingDescriptor::getName (5 bytes)
262 1197       1       jdk.jfr.SettingDescriptor::getDefaultValue (5 bytes)
262 1204       3       java.lang.Boolean::valueOf (14 bytes)
262 1198       3       jdk.jfr.SettingDescriptor::getTypeId (8 bytes)
262 1201       3       jdk.internal.util.DecimalDigits::uncheckedGetCharsLatin1 (105 bytes)
262 1202       1       jdk.jfr.internal.Type::getSuperType (5 bytes)
262 1205       3       java.util.ArrayList::elementAt (4 bytes)
263 1206       3       java.lang.Boolean::toString (8 bytes)
263 1207       3       java.lang.String::valueOf (14 bytes)
263 1208       3       jdk.jfr.SettingDescriptor::getAnnotationElements (8 bytes)
263 1209       3       jdk.jfr.internal.MetadataWriter$$Lambda/0x00001e000107c618::accept (12 bytes)
263 1211       3       jdk.jfr.internal.MetadataWriter::makeTypeElement (210 bytes)
263  556       3       java.util.ArrayList::add (25 bytes)   made not entrant: not used
264 1199       4       jdk.internal.util.DecimalDigits::uncheckedPutCharLatin1 (40 bytes)
264 1210       3       jdk.jfr.internal.MetadataWriter::lambda$new$0 (10 bytes)
264 1219       3       jdk.jfr.internal.MetadataWriter::buildStringPool (109 bytes)
264  989       3       jdk.internal.util.DecimalDigits::uncheckedPutCharLatin1 (40 bytes)   made not entrant: not used
264 1182       4       java.lang.String::<init> (15 bytes)
264 1214       3       java.lang.StringBuilder::append (8 bytes)
264 1215       3       java.lang.AbstractStringBuilder::append (72 bytes)
264  243       3       java.lang.String::<init> (15 bytes)   made not entrant: not used
264 1218       4       java.util.HashSet::add (20 bytes)
264 1212       3       jdk.jfr.internal.util.Utils::isSettingVisible (45 bytes)
265 1213       3       jdk.jfr.internal.settings.ThresholdSetting::isType (14 bytes)
265 1216       1       jdk.jfr.internal.MetadataDescriptor$Attribute::name (5 bytes)
265 1217       1       jdk.jfr.internal.MetadataDescriptor$Attribute::value (5 bytes)
265 1223  s    3       java.io.ByteArrayOutputStream::write (32 bytes)
265 1225       3       java.io.DataOutputStream::incCount (20 bytes)
265 1226  s    3       java.io.DataOutputStream::write (14 bytes)
266 1227       3       jdk.jfr.internal.MetadataWriter::writeInt (148 bytes)
266 1224       3       java.io.ByteArrayOutputStream::ensureCapacity (32 bytes)
266 1228       3       jdk.jfr.internal.MetadataWriter::writeString (67 bytes)
266 1229       1       jdk.jfr.internal.consumer.StringParser$Encoding::byteValue (5 bytes)
266 1230       3       java.lang.Integer::valueOf (32 bytes)
267 1231       3       java.io.DataOutputStream::writeByte (14 bytes)
267 1232       3       java.lang.Integer::<init> (10 bytes)
268 1237       1       java.lang.Integer::intValue (5 bytes)
268 1238       3       jdk.jfr.internal.MetadataWriter::write (168 bytes)
272  113       3       java.util.HashSet::add (20 bytes)   made not entrant: not used
272 1233  s    4       java.io.ByteArrayOutputStream::write (32 bytes)
272 1240       3       java.util.HashMap::<init> (8 bytes)
273 1242       3       jdk.internal.util.ArraysSupport::mismatch (103 bytes)
273 1245       3       java.util.HashMap::tableSizeFor (32 bytes)
273 1243       3       java.lang.Float::isNaN (12 bytes)
273 1244       3       java.util.HashMap::<init> (98 bytes)
274 1246       3       java.lang.Math::ceil (5 bytes)
274 1247       3       java.lang.StrictMath::ceil (10 bytes)
274 1223  s    3       java.io.ByteArrayOutputStream::write (32 bytes)   made not entrant: not used
274 1234       4       java.io.ByteArrayOutputStream::ensureCapacity (32 bytes)
274 1248       3       java.lang.StrictMath::floorOrCeil (128 bytes)
274 1249       3       java.lang.Math::getExponent (17 bytes)
274 1250       3       java.lang.String::substring (10 bytes)
274 1224       3       java.io.ByteArrayOutputStream::ensureCapacity (32 bytes)   made not entrant: not used
274 1235  s    4       java.io.DataOutputStream::write (14 bytes)
274 1251       3       java.util.HashMap::calculateHashMapCapacity (11 bytes)
274 1253       1       jdk.jfr.internal.SettingsManager$InternalSetting::getSettingsId (5 bytes)
275 1241       3       java.lang.String::startsWith (123 bytes)
275 1252       3       java.util.HashSet::<init> (17 bytes)
275 1258     n 0       jdk.jfr.internal.JVM::setEnabled (native)   (static)
275 1254       1       jdk.jfr.internal.EventControl$NamedControl::name (5 bytes)
275 1255       1       jdk.jfr.internal.EventControl$NamedControl::control (5 bytes)
275 1256       1       jdk.jfr.internal.Control::getLastValue (5 bytes)
275 1257       1       jdk.jfr.internal.settings.BooleanSetting::getValue (5 bytes)
275 1263       3       java.util.HashSet::size (8 bytes)
276 1259       1       jdk.jfr.internal.PlatformEventType::isEnabled (5 bytes)
276 1260       1       jdk.jfr.internal.EventControl::getEventType (5 bytes)
276 1261       1       jdk.jfr.internal.EventControl::getSettingsId (5 bytes)
276 1262       1       jdk.jfr.internal.EventControl::getNamedControls (5 bytes)
276 1264   !   3       jdk.jfr.internal.Control::setValue (69 bytes)
276 1226  s    3       java.io.DataOutputStream::write (14 bytes)   made not entrant: not used
276 1236       4       jdk.jfr.internal.MetadataWriter::writeInt (148 bytes)
276 1267     n 0       jdk.jfr.internal.JVM::getConfiguration (native)   (static)
276 1265       3       jdk.jfr.internal.SettingsManager$InternalSetting::getValues (35 bytes)
277 1269       3       jdk.jfr.internal.event.EventWriter::putUncheckedByte (22 bytes)
277 1268       3       jdk.internal.misc.Unsafe::putByte (8 bytes)
277 1270       3       jdk.jfr.internal.event.EventWriter::putUncheckedLong (278 bytes)
277 1271       3       jdk.jfr.internal.event.EventWriter::putUncheckedChar (7 bytes)
277 1273       3       jdk.jfr.internal.event.EventWriter::isValidForSize (44 bytes)
277 1277     n 0       jdk.jfr.internal.JVM::getEventWriter (native)   (static)
277 1280     n 0       jdk.jfr.internal.JVM::commit (native)   (static)
277 1272       1       jdk.jfr.internal.event.EventConfiguration::platformEventType (5 bytes)
277 1275       3       jdk.jfr.internal.event.EventWriter::putLong (15 bytes)
278 1266       3       jdk.jfr.internal.Logger::shouldLog (17 bytes)
278 1282       3       jdk.jfr.internal.Control::isType (17 bytes)
278 1281       3       jdk.jfr.internal.event.EventWriter::putString (84 bytes)
278 1284       3       jdk.jfr.internal.event.EventWriter::putStringValue (56 bytes)
279 1285       3       jdk.jfr.internal.event.EventWriter::putUncheckedInt (11 bytes)
279 1276       1       jdk.jfr.internal.PlatformEventType::hasEventHook (5 bytes)
279 1274       1       jdk.jfr.internal.PlatformEventType::isCommittable (5 bytes)
279 1278       1       jdk.jfr.internal.event.EventConfiguration::id (5 bytes)
279 1279       1       jdk.jfr.internal.PlatformEventType::isLargeSize (5 bytes)
279 1283       1       jdk.jfr.internal.PlatformEventType::isRegistered (5 bytes)
279 1287       1       jdk.jfr.internal.periodic.EventTask::getEventType (5 bytes)
280 1288       3       jdk.jfr.internal.event.EventConfiguration::isEnabled (8 bytes)
281 1227       3       jdk.jfr.internal.MetadataWriter::writeInt (148 bytes)   made not entrant: not used
281 1239       4       java.util.LinkedHashMap::get (29 bytes)
282 1289 %     3       java.util.Properties$LineReader::readLine @ 224 (584 bytes)
282 1290     n 0       java.lang.ref.Reference::refersTo0 (native)   
[0.283s][info][jfr,startup] Started recording 1. No limit specified, using maxsize=250MB as default.
[0.283s][info][jfr,startup] 
[0.283s][info][jfr,startup] Use jcmd 1442 JFR.dump name=1 to copy recording data to file.
283  831       4       java.lang.StringLatin1::replace (197 bytes)   made not entrant: uncommon trap
283 1296       1       jdk.jfr.internal.periodic.PeriodicTask::getPeriod (5 bytes)
283 1291       3       jdk.jfr.internal.event.EventWriter::usedSize (11 bytes)
283 1292       3       jdk.jfr.internal.event.EventWriter::getEventWriter (14 bytes)
284 1293       3       jdk.jfr.internal.event.EventWriter::beginEvent (70 bytes)
284 1297       2       Hot::f (14 bytes)
284 1294       3       jdk.jfr.internal.event.EventWriter::reserveEventSizeField (60 bytes)
284 1295       3       jdk.jfr.internal.event.EventWriter::endEvent (134 bytes)
285  880       3       java.util.LinkedHashMap::get (29 bytes)   made not entrant: not used
285 1220       4       java.util.ArrayList::iterator (9 bytes)
285  587       3       java.util.ArrayList::iterator (9 bytes)   made not entrant: not used
285 1221       4       jdk.internal.util.ArraysSupport::hashCodeOfUnsigned (55 bytes)
286 1299 %     3       Hot::main @ 4 (34 bytes)
286 1300       3       Hot::main (34 bytes)
286  180       3       jdk.internal.util.ArraysSupport::hashCodeOfUnsigned (55 bytes)   made not entrant: not used
286 1222       4       jdk.internal.util.ArraysSupport::vectorizedHashCode (158 bytes)
288  176       3       jdk.internal.util.ArraysSupport::vectorizedHashCode (158 bytes)   made not entrant: not used
288 1301 %     4       Hot::main @ 4 (34 bytes)
289 1299 %     3       Hot::main @ 4 (34 bytes)   made not entrant: OSR invalidation of lower level
289 1191       4       jdk.jfr.AnnotationElement::getTypeId (8 bytes)
289  972       3       jdk.jfr.AnnotationElement::getTypeId (8 bytes)   made not entrant: not used
289 1203       4       java.util.Collections$UnmodifiableCollection$1::hasNext (10 bytes)
290  630       3       java.util.Collections$UnmodifiableCollection$1::hasNext (10 bytes)   made not entrant: not used
290 1286       4       jdk.internal.misc.Unsafe::putByte (8 bytes)
290 1268       3       jdk.internal.misc.Unsafe::putByte (8 bytes)   made not entrant: not used
290  877       4       java.util.ArrayList::elementData (7 bytes)
291  733       3       java.util.ArrayList::elementData (7 bytes)   made not entrant: not used
291  803       4       java.util.BitSet::wordIndex (5 bytes)
291  422       3       java.util.BitSet::wordIndex (5 bytes)   made not entrant: not used
291 1102       4       jdk.internal.constant.MethodTypeDescImpl::parameterType (7 bytes)
291  717       3       jdk.internal.constant.MethodTypeDescImpl::parameterType (7 bytes)   made not entrant: not used
291 1121       4       java.util.List::of (4 bytes)
291  851       3       java.util.List::of (4 bytes)   made not entrant: not used
291 1298       4       Hot::f (14 bytes)
291 1297       2       Hot::f (14 bytes)   made not entrant: not used
291 1178       4       java.lang.Number::<init> (5 bytes)
292 1181       4       java.lang.Long::<init> (10 bytes)
844 1301 %     4       Hot::main @ 4 (34 bytes)   made not entrant: uncommon trap
2494822943242782720
844 1302     n 0       java.lang.Thread::currentCarrierThread (native)   (static)
849 1303       3       java.lang.reflect.Modifier::isAbstract (14 bytes)
850 1305       3       jdk.jfr.internal.settings.BooleanSetting::parse (28 bytes)
850 1306       3       jdk.internal.misc.Unsafe::getAndAddLong (27 bytes)
850 1307       3       jdk.internal.misc.Unsafe::weakCompareAndSetLong (11 bytes)
850 1304       3       jdk.jfr.internal.settings.BooleanSetting::setValue (27 bytes)
850 1308       3       java.util.concurrent.atomic.AtomicLong::incrementAndGet (14 bytes)
850 1309       3       jdk.jfr.internal.periodic.PeriodicEvents::setChanged (8 bytes)
850 1310       1       jdk.jfr.internal.Control::getDefaultValue (5 bytes)
851 1311     n 0       java.lang.invoke.MethodHandle::linkToSpecial(LIJLLILL)V (native)   (static)
852 1313       3       jdk.internal.classfile.impl.TerminalCodeBuilder::setupTopLocal (93 bytes)
852 1315     n 0       java.lang.invoke.MethodHandle::linkToStatic(LIL)I (native)   (static)
852 1316     n 0       java.lang.invoke.MethodHandle::invokeBasic(LI)I (native)   
852 1314       1       java.lang.invoke.LambdaForm$BasicType::basicTypeClass (5 bytes)
852 1317     n 0       java.lang.invoke.MethodHandle::linkToSpecial(LLIL)I (native)   (static)
852 1312       3       jdk.internal.classfile.impl.BufWriterImpl::<init> (11 bytes)
852 1318       3       java.lang.invoke.LambdaForm::argument (27 bytes)
853 1319       3       jdk.internal.reflect.ReflectionFactory::getExecutableSharedParameterTypes (11 bytes)
853 1320       3       java.lang.reflect.ReflectAccess::getExecutableSharedParameterTypes (5 bytes)
853 1321       4       java.lang.AbstractStringBuilder::needsNewBuffer (33 bytes)
854 1322       3       jdk.internal.classfile.impl.StackMapGenerator::processMethod (258 bytes)
854 1323     n 0       java.lang.invoke.MethodHandle::linkToStatic(LLLIL)L (native)   (static)
854  157       3       java.lang.AbstractStringBuilder::needsNewBuffer (33 bytes)   made not entrant: not used
854 1325       4       jdk.internal.classfile.impl.SplitConstantPool::internalAdd (78 bytes)
854 1324       1       java.lang.invoke.LambdaForm$Name::type (5 bytes)
854 1326     n 0       java.lang.invoke.MethodHandle::invokeBasic(LLLI)L (native)   
854 1328       3       jdk.internal.constant.MethodTypeDescImpl::buildDescriptorString (205 bytes)
855 1329     n 0       java.lang.invoke.MethodHandle::linkToStatic(LIL)J (native)   (static)
855 1331     n 0       java.lang.invoke.MethodHandle::invokeBasic(LI)J (native)   
855 1332     n 0       java.lang.invoke.MethodHandle::linkToSpecial(LLIL)J (native)   (static)
856 1337     n 0       java.lang.invoke.MethodHandle::invokeBasic(IJLLIL)L (native)   
856 1338     n 0       java.lang.invoke.MethodHandle::linkToSpecial(LIJLLILL)L (native)   (static)
856 1327       3       jdk.internal.classfile.impl.DirectCodeBuilder::loadLocal (126 bytes)
856 1333       3       java.lang.invoke.InvokerBytecodeGenerator::classDesc (88 bytes)
857 1342       3       java.lang.StringLatin1::replace (197 bytes)
857 1344     n 0       java.lang.invoke.MethodHandle::invokeBasic(L)J (native)   
857 1345     n 0       java.lang.invoke.MethodHandle::linkToSpecial(LLL)J (native)   (static)
857 1343       3       java.lang.StringLatin1::canEncode (13 bytes)
857 1330       3       java.lang.invoke.MemberName::ensureTypeVisible (180 bytes)
858 1350     n 0       java.lang.invoke.MethodHandle::linkToStatic(LLLLLLLL)L (native)   (static)
858 1347       3       java.lang.invoke.LambdaForm$NamedFunction::methodType (28 bytes)
859 1349       3       jdk.internal.classfile.impl.StackMapGenerator$Frame::getLocalRawInternal (13 bytes)
859 1351     n 0       java.lang.invoke.MethodHandle::invokeBasic(LLLLLLL)L (native)   
859 1346       3       jdk.internal.classfile.impl.DirectClassBuilder::withMethod (54 bytes)
859 1339       3       java.lang.invoke.MethodType::erase (8 bytes)
859 1341       3       jdk.internal.classfile.impl.DirectMethodBuilder::withCode (7 bytes)
859 1335       1       jdk.internal.classfile.impl.AnnotationImpl::elements (5 bytes)
859 1348       3       jdk.internal.constant.MethodTypeDescImpl::ofValidated (27 bytes)
859 1352       3       sun.invoke.util.VerifyType::isNullConversion (157 bytes)
860 1355     n 0       java.lang.invoke.MethodHandle::linkToStatic(LLLLLLLLL)L (native)   (static)
860 1359     n 0       java.lang.invoke.MethodHandle::invokeBasic(LLLLLLLL)L (native)   
860 1353       3       jdk.internal.classfile.impl.StackMapGenerator$Type::equals (54 bytes)
860 1357       3       jdk.internal.classfile.impl.StackMapGenerator::of (80 bytes)
861 1358       3       jdk.internal.classfile.impl.StackMapGenerator::<init> (137 bytes)
861 1366     n 0       java.lang.invoke.MethodHandle::linkToStatic(LLLLLLLLLL)L (native)   (static)
861 1361       3       java.lang.invoke.LambdaForm$BasicType::basicTypeSlots (8 bytes)
861 1365       3       jdk.internal.classfile.impl.StackMapGenerator::processFieldInstructions (140 bytes)
862 1370     n 0       java.lang.invoke.MethodHandle::invokeBasic(LLLLLLLLL)L (native)   
862 1364       1       java.lang.invoke.LambdaForm$BasicType::basicTypeWrapper (5 bytes)
862 1368   !   3       java.lang.invoke.MemberName$Factory::resolve (159 bytes)
863 1356       3       java.lang.classfile.constantpool.LoadableConstantEntry::typeKind (4 bytes)
863 1371     n 0       java.lang.invoke.MethodHandle::linkToStatic(LIL)L (native)   (static)
863 1362       3       jdk.internal.classfile.impl.DirectClassBuilder::withField (54 bytes)
863 1372       3       java.lang.String::concat (15 bytes)
863 1375     n 0       java.lang.invoke.MethodHandle::invokeBasic(LI)L (native)   
863 1376     n 0       java.lang.invoke.MethodHandle::linkToSpecial(LLIL)L (native)   (static)
863 1378     n 0       java.lang.invoke.MethodHandle::linkToStatic(LILL)V (native)   (static)
863 1377       3       java.lang.invoke.LambdaForm$NamedFunction::returnType (11 bytes)
863 1379     n 0       java.lang.invoke.MethodHandle::invokeBasic(LIL)V (native)   
864 1380     n 0       java.lang.invoke.MethodHandle::linkToSpecial(LLILL)V (native)   (static)
864 1373       3       java.lang.StringConcatHelper::doConcat (62 bytes)
864  349       3       jdk.internal.classfile.impl.SplitConstantPool::internalAdd (78 bytes)   made not entrant: not used
864 1363       4       jdk.internal.classfile.impl.SplitConstantPool::utf8Entry (45 bytes)
864 1374       3       java.lang.StringConcatHelper::checkOverflow (16 bytes)
864 1354       1       java.lang.constant.ClassDesc::isArray (2 bytes)
864 1381       3       java.lang.invoke.LambdaForm$Name::replaceNames (175 bytes)
865 1382       3       java.lang.invoke.LambdaForm::useCount (107 bytes)
866  902       2       jdk.internal.classfile.impl.SplitConstantPool::utf8Entry (45 bytes)   made not entrant: not used
867 1334       4       jdk.internal.classfile.impl.EntryMap::put (186 bytes)
870  357       3       jdk.internal.classfile.impl.EntryMap::put (186 bytes)   made not entrant: not used
871 1340       4       java.lang.String::getBytes (44 bytes)
872   65       3       java.lang.String::getBytes (44 bytes)   made not entrant: not used
872 1360       4       java.util.Arrays::copyOfRange (82 bytes)
873 1360       4       java.util.Arrays::copyOfRange (82 bytes)   blocked
