13    1       3       java.lang.Object::<init> (1 bytes)
13    2       3       java.lang.Byte::toUnsignedInt (6 bytes)
13    3       3       java.lang.String::hashCode (60 bytes)
13    4     n 0       jdk.internal.misc.Unsafe::getReferenceVolatile (native)   
14    5       3       java.lang.Math::floorMod (20 bytes)
14    6       3       java.util.ImmutableCollections$SetN::probe (56 bytes)
14    8       3       java.lang.StringLatin1::equals (36 bytes)
14    7       3       java.lang.String::equals (56 bytes)
14    9       3       java.util.Objects::requireNonNull (14 bytes)
14   12       4       java.lang.Object::<init> (1 bytes)
14   10       3       java.util.Objects::equals (23 bytes)
14   11       3       java.util.Set::of (4 bytes)
14    1       3       java.lang.Object::<init> (1 bytes)   made not entrant: not used
14   13       3       java.util.ImmutableCollections$SetN::iterator (9 bytes)
15   16       3       java.lang.module.ModuleDescriptor::modsHashCode (43 bytes)
15   17       3       java.util.AbstractCollection::<init> (5 bytes)
15   14       3       java.util.ImmutableCollections$AbstractImmutableSet::<init> (5 bytes)
15   15       3       java.util.Set::of (68 bytes)
15   20     n 0       java.lang.System::arraycopy (native)   (static)
15   18       3       java.util.ImmutableCollections$AbstractImmutableCollection::<init> (5 bytes)
15   19       3       java.lang.String::coder (15 bytes)
15   21       1       java.lang.module.ModuleDescriptor::name (5 bytes)
15   22       3       java.lang.String::isLatin1 (19 bytes)
15   25       4       java.lang.Byte::toUnsignedInt (6 bytes)
16   24       3       jdk.internal.util.Preconditions::checkIndex (18 bytes)
16   23       1       java.lang.module.ModuleReference::descriptor (5 bytes)
16    2       3       java.lang.Byte::toUnsignedInt (6 bytes)   made not entrant: not used
16   27     n 0       jdk.internal.misc.Unsafe::compareAndSetLong (native)   
16   26       3       java.util.ImmutableCollections$SetN$SetNIterator::hasNext (13 bytes)
16   28     n 0       jdk.internal.misc.Unsafe::compareAndSetReference (native)   
16   29       3       java.util.concurrent.ConcurrentHashMap::tabAt (21 bytes)
16   32       3       java.util.ImmutableCollections$SetN$SetNIterator::next (90 bytes)
16   31       3       java.lang.String::length (11 bytes)
16   30       3       jdk.internal.misc.Unsafe::getReferenceAcquire (7 bytes)
16   34   !   3       java.util.concurrent.ConcurrentHashMap::putVal (432 bytes)
17   38     n 0       java.lang.invoke.MethodHandle::linkToStatic(L)L (native)   (static)
17   35       3       java.lang.String::charAt (25 bytes)
17   36       3       java.lang.StringLatin1::charAt (15 bytes)
18   37       3       java.lang.String::checkIndex (10 bytes)
18   33       3       java.util.concurrent.ConcurrentHashMap::addCount (280 bytes)
18   40     n 0       java.lang.Object::hashCode (native)   
18   42     n 0       java.lang.invoke.MethodHandle::linkToStatic(LLL)L (native)   (static)
18   41       1       java.lang.Class::isPrimitive (5 bytes)
18   39       1       java.lang.Enum::ordinal (5 bytes)
18   43     n 0       java.lang.invoke.MethodHandle::linkToStatic(LLLL)L (native)   (static)
18   44     n 0       java.lang.invoke.MethodHandle::invokeBasic()L (native)   
19   45     n 0       java.lang.invoke.MethodHandle::linkToSpecial(LL)L (native)   (static)
19   46       3       java.lang.Enum::<init> (15 bytes)
19   47       3       jdk.internal.util.ArraysSupport::unsignedHashCode (36 bytes)
20   48     n 0       java.lang.invoke.MethodHandle::invokeBasic(L)L (native)   
20   50     n 0       java.lang.invoke.MethodHandle::linkToSpecial(LLL)L (native)   (static)
20   49       1       jdk.internal.util.StrongReferenceKey::get (5 bytes)
20   51     n 0       java.lang.Object::getClass (native)   
20   52       3       java.util.concurrent.ConcurrentHashMap::spread (10 bytes)
20   53     n 0       java.lang.invoke.MethodHandle::linkToStatic(LLLLLLL)L (native)   (static)
20   54     n 0       java.lang.Object::clone (native)   
20   55     n 0       java.lang.invoke.MethodHandle::linkToStatic(LL)I (native)   (static)
21   57       1       java.lang.invoke.MethodType::returnType (5 bytes)
21   56       1       java.lang.Class::getClassLoader (5 bytes)
21   58     n 0       java.lang.invoke.MethodHandle::invokeBasic(LLLLLL)L (native)   
21   59       1       jdk.internal.classfile.impl.AbstractPoolEntry::index (5 bytes)
21   61     n 0       java.lang.invoke.MethodHandle::linkToSpecial(LL)V (native)   (static)
21   60       3       java.util.concurrent.ConcurrentHashMap::putIfAbsent (8 bytes)
21   62       3       java.util.Objects::hashCode (13 bytes)
21   63   !   3       java.lang.ref.ReferenceQueue::poll (44 bytes)
21   65     n 0       java.lang.invoke.MethodHandle::linkToStatic(LLL)I (native)   (static)
21   64       3       jdk.internal.util.ReferencedKeyMap::removeStaleReferences (30 bytes)
21   66     n 0       java.lang.invoke.MethodHandle::linkToSpecial(LLL)V (native)   (static)
22   68       3       java.lang.String::getBytes (44 bytes)
22   69       3       java.util.concurrent.ConcurrentHashMap::get (162 bytes)
22   67       1       java.lang.invoke.MemberName::getDeclaringClass (5 bytes)
22   71     n 0       java.lang.invoke.MethodHandle::linkToInterface(LLL)I (native)   (static)
22   70       3       java.lang.invoke.MemberName::isInvocable (8 bytes)
22   72     n 0       java.lang.invoke.MethodHandle::linkToStatic(LL)L (native)   (static)
22   73       3       java.lang.Class::isArray (13 bytes)
23   74       1       java.lang.invoke.MethodType::form (5 bytes)
23   76     n 0       java.lang.invoke.MethodHandle::linkToSpecial(LL)I (native)   (static)
23   75       3       java.util.Objects::requireNonNull (15 bytes)
23   77       3       jdk.internal.util.ReferencedKeyMap::get (10 bytes)
23   78       3       jdk.internal.util.ReferencedKeyMap::getNoCheckStale (22 bytes)
23   79       3       java.util.HashMap::hash (20 bytes)
23   80       1       java.util.stream.FindOps$FindSink::cancellationRequested (5 bytes)
23   81       3       java.util.HashMap::putVal (300 bytes)
24   82       3       java.util.HashMap::newNode (13 bytes)
24   83       3       java.util.HashMap::put (13 bytes)
24   81       3       java.util.HashMap::putVal (300 bytes)   made not entrant: marked for deoptimization
24   84       3       java.util.HashMap$Node::<init> (26 bytes)
24   86       3       java.util.HashMap::afterNodeInsertion (1 bytes)
24   85       1       jdk.internal.module.ModuleReferenceImpl::moduleResolution (5 bytes)
24   91       3       java.util.HashMap::putVal (300 bytes)
24   89       3       java.util.HashMap::getNode (150 bytes)
25   95       3       java.util.HashMap::get (19 bytes)
25   98       3       java.util.HashMap$HashIterator::nextNode (100 bytes)
25   94       3       java.util.HashMap$HashIterator::hasNext (13 bytes)
25   88       1       java.lang.module.ModuleDescriptor$Requires::name (5 bytes)
25   92       3       java.lang.module.ModuleDescriptor::hashCode (170 bytes)
25   90       3       java.util.ImmutableCollections$Set12$1::hasNext (13 bytes)
25   87       1       java.lang.module.ModuleDescriptor$Requires::modifiers (5 bytes)
25  107       3       java.lang.module.ModuleDescriptor$Exports::isQualified (18 bytes)
25  106       4       java.util.HashMap::afterNodeInsertion (1 bytes)
25  108       3       java.util.ImmutableCollections$SetN::isEmpty (13 bytes)
25  109       3       java.util.HashMap::putIfAbsent (13 bytes)
25   86       3       java.util.HashMap::afterNodeInsertion (1 bytes)   made not entrant: not used
26  110       4       java.lang.String::hashCode (60 bytes)
26  111       3       java.util.ImmutableCollections$Set12::contains (28 bytes)
26  104       1       java.lang.module.ModuleDescriptor$Exports::source (5 bytes)
26  105       1       java.lang.module.ModuleDescriptor$Exports::targets (5 bytes)
26  103       1       java.util.ImmutableCollections$Set12::isEmpty (2 bytes)
26  101       3       jdk.internal.module.ModuleReferenceImpl::hashCode (56 bytes)
26  112       3       java.lang.Object::equals (11 bytes)
26    3       3       java.lang.String::hashCode (60 bytes)   made not entrant: not used
26   93       3       java.util.ImmutableCollections$SetN$SetNIterator::<init> (41 bytes)
26  118       4       java.util.Objects::requireNonNull (14 bytes)
26   97       1       java.lang.module.ModuleDescriptor::isAutomatic (5 bytes)
26  114       3       java.util.ImmutableCollections$SetN::contains (26 bytes)
26    9       3       java.util.Objects::requireNonNull (14 bytes)   made not entrant: not used
26  119       4       java.util.ImmutableCollections$SetN$SetNIterator::hasNext (13 bytes)
26  120       3       java.util.HashMap::resize (356 bytes)
27   26       3       java.util.ImmutableCollections$SetN$SetNIterator::hasNext (13 bytes)   made not entrant: not used
27  121       4       java.util.ImmutableCollections$SetN$SetNIterator::next (90 bytes)
27  115       3       java.util.HashSet::add (20 bytes)
27  113       3       java.util.HashMap$KeyIterator::next (8 bytes)
27  102       3       java.lang.module.ResolvedModule::hashCode (16 bytes)
27   96       1       java.lang.module.ModuleDescriptor::requires (5 bytes)
27  124       3       java.util.HashMap::keySet (25 bytes)
27  125       3       java.util.HashMap$KeySet::iterator (12 bytes)
27   32       3       java.util.ImmutableCollections$SetN$SetNIterator::next (90 bytes)   made not entrant: not used
27  122       4       java.lang.module.ModuleDescriptor$Exports::isQualified (18 bytes)
27  126       3       java.util.HashMap$KeyIterator::<init> (13 bytes)
27  127       3       java.util.HashSet::iterator (13 bytes)
28  117       1       java.lang.module.ModuleDescriptor::exports (5 bytes)
28  100       1       java.util.HashMap$Node::getValue (5 bytes)
28  107       3       java.lang.module.ModuleDescriptor$Exports::isQualified (18 bytes)   made not entrant: not used
28  128       4       java.lang.StringLatin1::equals (36 bytes)
28   99       1       java.util.HashMap$Node::getKey (5 bytes)
28  134       3       java.util.concurrent.ConcurrentHashMap::casTabAt (20 bytes)
28  130       1       java.util.KeyValueHolder::getKey (5 bytes)
28  137       3       java.util.ImmutableCollections$Set12$1::next (95 bytes)
28  136       3       java.util.ImmutableCollections$Set12::iterator (9 bytes)
28  116       1       java.lang.module.ModuleDescriptor::provides (5 bytes)
28  123       1       java.lang.module.ModuleDescriptor::uses (5 bytes)
28  139       3       java.util.Optional::<init> (10 bytes)
28  140       3       java.lang.Math::min (11 bytes)
28  141       3       java.util.Optional::ofNullable (19 bytes)
28  133       1       java.lang.module.ModuleDescriptor::packages (5 bytes)
28  131       1       java.util.KeyValueHolder::getValue (5 bytes)
28  138       1       java.lang.module.ResolvedModule::reference (5 bytes)
28  142       1       java.lang.AbstractStringBuilder::length (5 bytes)
28  144       3       java.lang.module.ResolvedModule::name (11 bytes)
29  145       3       java.util.AbstractMap::<init> (5 bytes)
29  146       3       java.util.HashSet::<init> (16 bytes)
29  147     n 0       java.lang.Module::addExports0 (native)   (static)
29  143       1       java.lang.module.ModuleDescriptor$Version::toString (5 bytes)
29  148     n 0       java.lang.Module::addExportsToAll0 (native)   (static)
29  149       3       java.util.ImmutableCollections$Set12$1::<init> (37 bytes)
29  150     n 0       java.lang.Double::doubleToRawLongBits (native)   (static)
29  151       1       java.lang.module.ResolvedModule::configuration (5 bytes)
29  152     n 0       java.lang.Module::addReads0 (native)   (static)
29    8       3       java.lang.StringLatin1::equals (36 bytes)   made not entrant: not used
29  129       4       java.util.HashMap::putVal (300 bytes)
29  153       3       java.util.HashMap::isEmpty (13 bytes)
29  154       1       java.lang.module.ModuleDescriptor$Provides::service (5 bytes)
29  155     n 0       jdk.internal.vm.Continuation::enterSpecial (native)   (static)
29  156     n 0       jdk.internal.vm.Continuation::doYield (native)   (static)
30  157       3       java.lang.AbstractStringBuilder::needsNewBuffer (33 bytes)
30  160       3       java.lang.invoke.MethodType::hashCode (53 bytes)
31  158       3       jdk.jfr.internal.dcmd.ArgumentParser::currentChar (12 bytes)
31  159       3       java.lang.StringLatin1::canEncode (17 bytes)
31  162       1       jdk.internal.classfile.impl.SplitConstantPool::size (5 bytes)
31  161       1       jdk.internal.classfile.impl.AbstractPoolEntry::width (2 bytes)
31  164       3       java.lang.StringLatin1::indexOf (17 bytes)
31  166       3       java.lang.AbstractStringBuilder::isLatin1 (16 bytes)
31  165       3       java.lang.StringBuilder::append (8 bytes)
31  163       1       java.lang.invoke.MethodType::ptypes (5 bytes)
31  167       3       java.lang.String::checkBoundsBeginEnd (11 bytes)
32  168       3       jdk.internal.util.Preconditions::checkFromToIndex (24 bytes)
32  170       3       jdk.internal.classfile.impl.BufWriterImpl::reserveSpace (22 bytes)
32  169       3       jdk.internal.util.StrongReferenceKey::hashCode (8 bytes)
32  171       1       jdk.internal.classfile.impl.RawBytecodeHelper::bci (5 bytes)
32  172       3       java.lang.CharacterDataLatin1::toLowerCase (44 bytes)
32  173       3       java.lang.CharacterDataLatin1::isUpperCase (16 bytes)
33  174       3       java.lang.CharacterDataLatin1::getPropertiesEx (11 bytes)
33  175       3       java.lang.String::<init> (15 bytes)
33   91       3       java.util.HashMap::putVal (300 bytes)   made not entrant: not used
33  132       4       java.util.HashMap::newNode (13 bytes)
34   82       3       java.util.HashMap::newNode (13 bytes)   made not entrant: not used
34  135       4       java.lang.String::equals (56 bytes)
34    7       3       java.lang.String::equals (56 bytes)   made not entrant: not used
35  176       3       java.lang.String::indexOf (41 bytes)
36  177       3       java.lang.invoke.MethodType::checkSlotCount (33 bytes)
36  179     n 0       java.lang.invoke.MethodHandle::linkToStatic(LLIL)L (native)   (static)
36  178       3       java.lang.invoke.MethodType::parameterCount (6 bytes)
36  180     n 0       java.lang.invoke.MethodHandle::linkToStatic(LLILLL)L (native)   (static)
37  181       3       java.lang.invoke.MethodTypeForm::canonicalize (74 bytes)
37  183       3       jdk.internal.util.ReferencedKeyMap::lookupKey (9 bytes)
37  185     n 0       java.lang.invoke.MethodHandle::linkToStatic(LLIL)I (native)   (static)
37  184       3       jdk.internal.util.StrongReferenceKey::<init> (10 bytes)
37  182       1       jdk.internal.util.WeakReferenceKey::hashCode (5 bytes)
37  186       3       jdk.internal.util.Preconditions::checkFromIndexSize (25 bytes)
37  188     n 0       jdk.internal.misc.Unsafe::getShort (native)   
37  187       3       java.lang.StringCoding::countPositives (33 bytes)
37  189       3       java.io.BufferedInputStream::getBufIfOpen (6 bytes)
38  190       3       java.io.BufferedInputStream::getBufIfOpen (61 bytes)
38  191       3       java.io.DataInputStream::readFully (59 bytes)
38  192       3       java.util.Objects::checkFromIndexSize (8 bytes)
38  193  s    3       java.io.BufferedInputStream::read (112 bytes)
38  195       3       java.io.BufferedInputStream::read1 (121 bytes)
38  194       3       java.io.BufferedInputStream::ensureOpen (18 bytes)
38  203       3       jdk.internal.misc.Unsafe::getShortUnaligned (12 bytes)
38  205       3       jdk.internal.misc.Unsafe::convEndian (16 bytes)
39  206       3       java.lang.Short::reverseBytes (14 bytes)
39  204       3       jdk.internal.misc.Unsafe::getShortUnaligned (33 bytes)
39  199       3       java.lang.invoke.VarHandleGuards::guard_LI_I (78 bytes)
39  209     n 0       java.lang.invoke.MethodHandle::invokeBasic(LLI)I (native)   
39  207       3       java.io.DataInputStream::readShort (19 bytes)
39  208       3       jdk.internal.util.ByteArray::getShort (9 bytes)
40  198       3       jdk.internal.util.ByteArray::getUnsignedShort (12 bytes)
40  212     n 0       java.lang.invoke.MethodHandle::linkToStatic(LLIL)J (native)   (static)
40  202       3       java.io.DataInputStream::readUTF (601 bytes)
41  210       3       jdk.internal.util.ArraysSupport::vectorizedHashCode (158 bytes)
41  213       3       java.util.zip.Checksum::update (11 bytes)
41  214       3       java.util.zip.CRC32::update (38 bytes)
41  215       3       java.util.zip.CRC32::updateBytes (14 bytes)
41  216       3       java.util.zip.CRC32::updateBytesCheck (35 bytes)
41  221       4       java.lang.StringCoding::countPositives (33 bytes)
41  218       3       java.io.DataInputStream::readUTF (5 bytes)
41  219   !   3       java.lang.String::newStringNoRepl (33 bytes)
41  224     n 0       jdk.internal.misc.Unsafe::putReferenceVolatile (native)   
41  220   !   3       java.lang.String::newStringNoRepl1 (284 bytes)
42  226       3       java.util.concurrent.ConcurrentHashMap::setTabAt (19 bytes)
42  225       3       jdk.internal.misc.Unsafe::putReferenceRelease (9 bytes)
42  211       3       jdk.internal.util.ArraysSupport::hashCodeOfUnsigned (55 bytes)
42  223       3       java.io.DataInputStream::readFully (9 bytes)
42  228       3       java.util.concurrent.ConcurrentHashMap::put (8 bytes)
42  230       3       java.util.Arrays$ArrayItr::hasNext (18 bytes)
42  231       3       java.util.Arrays$ArrayItr::next (36 bytes)
42  196       3       java.lang.invoke.VarHandle::checkAccessModeThenIsDirect (29 bytes)
42  232       3       java.util.concurrent.ConcurrentHashMap$Traverser::advance (188 bytes)
43  187       3       java.lang.StringCoding::countPositives (33 bytes)   made not entrant: not used
43  222       4       java.io.BufferedInputStream::getBufIfOpen (61 bytes)
43  233       3       java.util.concurrent.ConcurrentHashMap$BaseIterator::hasNext (13 bytes)
43  234       3       java.util.concurrent.ConcurrentHashMap$KeyIterator::next (34 bytes)
43  197       3       java.lang.invoke.VarForm::getMemberName (38 bytes)
43  200       3       java.lang.invoke.VarHandleByteArrayAsShorts$ArrayHandle::get (35 bytes)
43  201       3       java.lang.invoke.VarHandleByteArrayAsShorts$ArrayHandle::index (12 bytes)
43  236       3       java.util.Arrays::copyOfRange (82 bytes)
43  237       3       java.lang.StringLatin1::indexOfChar (33 bytes)
43  190       3       java.io.BufferedInputStream::getBufIfOpen (61 bytes)   made not entrant: not used
43  229       4       java.io.BufferedInputStream::read1 (121 bytes)
43  235       1       java.lang.Module::getDescriptor (5 bytes)
43  217       1       java.lang.AbstractStringBuilder::getValue (5 bytes)
44  238       3       java.lang.ref.Reference::reachabilityFence (1 bytes)
44  239     n 0       jdk.internal.misc.Unsafe::getByte (native)   
44  240       3       java.util.concurrent.ConcurrentHashMap$Node::<init> (20 bytes)
44  241       3       java.util.Optional::orElse (16 bytes)
44  244       3       java.nio.Buffer::checkIndex (12 bytes)
44  245     n 0       jdk.internal.misc.Unsafe::compareAndSetInt (native)   
44  242       3       java.nio.Buffer::session (20 bytes)
44  246   !   3       java.nio.DirectByteBuffer::get (34 bytes)
44  247       3       java.nio.DirectByteBuffer::ix (10 bytes)
44  248   !   3       jdk.internal.misc.ScopedMemoryAccess::getByte (16 bytes)
45  249   !   3       jdk.internal.misc.ScopedMemoryAccess::getByteInternal (34 bytes)
45  250       4       java.lang.ref.Reference::reachabilityFence (1 bytes)
45  195       3       java.io.BufferedInputStream::read1 (121 bytes)   made not entrant: not used
45  251       4       java.lang.String::isLatin1 (19 bytes)
45  252       3       java.io.DataInputStream::readByte (6 bytes)
45  238       3       java.lang.ref.Reference::reachabilityFence (1 bytes)   made not entrant: not used
45  243       4       java.util.concurrent.ConcurrentHashMap::tabAt (21 bytes)
45   22       3       java.lang.String::isLatin1 (19 bytes)   made not entrant: not used
45  227       4       java.util.concurrent.ConcurrentHashMap::casTabAt (20 bytes)
45  254     n 0       jdk.internal.misc.Unsafe::getInt (native)   
45  253       3       java.io.DataInputStream::readUnsignedByte (22 bytes)
45  255     n 0       java.lang.Class::isInstance (native)   
45   29       3       java.util.concurrent.ConcurrentHashMap::tabAt (21 bytes)   made not entrant: not used
45  134       3       java.util.concurrent.ConcurrentHashMap::casTabAt (20 bytes)   made not entrant: not used
46  256       3       java.lang.Math::floorMod (28 bytes)
46  257       1       java.time.ZoneOffset::getTotalSeconds (5 bytes)
46  258       1       java.time.temporal.ChronoField::range (5 bytes)
46  259       1       java.time.temporal.ValueRange::getMinimum (5 bytes)
46  260       1       java.time.temporal.ValueRange::getMaximum (5 bytes)
46  261     n 0       java.lang.invoke.MethodHandle::linkToStatic(ILL)L (native)   (static)
46  263       3       jdk.internal.classfile.impl.SplitConstantPool::map (161 bytes)
46  264       3       jdk.internal.classfile.impl.AbstractPoolEntry::hashString (5 bytes)
46  262       1       jdk.internal.classfile.impl.AbstractPoolEntry::constantPool (5 bytes)
47  265     n 0       java.lang.invoke.MethodHandle::linkToSpecial(LIL)V (native)   (static)
47  266     n 0       java.lang.invoke.MethodHandle::invokeBasic(I)L (native)   
47  267     n 0       java.lang.invoke.MethodHandle::linkToSpecial(LIL)L (native)   (static)
47  268       3       java.lang.invoke.MemberName::allFlagsSet (16 bytes)
47  269       3       java.lang.invoke.MethodType::checkPtypes (76 bytes)
47  270     n 0       java.lang.invoke.MethodHandle::linkToStatic(IIL)I (native)   (static)
47  271       3       java.lang.invoke.MemberName::initResolved (53 bytes)
48  272       1       java.util.ArrayList::size (5 bytes)
48  273       3       java.util.HashMap$EntryIterator::next (5 bytes)
48  274       3       java.util.HashMap$EntryIterator::next (5 bytes)
48  275       1       java.util.HashMap::size (5 bytes)
48  276     n 0       java.lang.invoke.MethodHandleNatives::resolve (native)   (static)
48  277       1       java.lang.invoke.MethodTypeForm::erasedType (5 bytes)
48  278       3       java.lang.StringConcatHelper::newArray (28 bytes)
48  279       3       jdk.internal.misc.Unsafe::allocateUninitializedArray (55 bytes)
49  280       3       java.util.ArrayList::add (25 bytes)
49  281       3       java.util.ArrayList::add (23 bytes)
50  282     n 0       java.lang.invoke.MethodHandle::linkToStatic(L)V (native)   (static)
50  283       3       jdk.internal.classfile.impl.EntryMap::firstToken (50 bytes)
50  285       3       jdk.internal.classfile.impl.AbstractPoolEntry::<init> (20 bytes)
51  284   !   3       java.lang.invoke.MemberName::getMethodType (213 bytes)
51  287       1       java.lang.String::value (5 bytes)
51  286       1       jdk.internal.constant.ClassOrInterfaceDescImpl::descriptorString (5 bytes)
51  288       1       jdk.internal.classfile.impl.BufWriterImpl::size (5 bytes)
51  289       3       jdk.internal.classfile.impl.AbstractPoolEntry::maybeClone (26 bytes)
51  290       3       jdk.internal.classfile.impl.SplitConstantPool::canWriteDirect (24 bytes)
51  293       3       jdk.internal.classfile.impl.SplitConstantPool::entryByIndex (59 bytes)
51  295     n 0       java.lang.Class::isHidden (native)   
52  292       3       jdk.internal.classfile.impl.EntryMap::put (186 bytes)
52  297       3       java.lang.StringCoding::countNonZeroAsciiLatin1 (33 bytes)
52  291       3       java.lang.invoke.MemberName::getReferenceKind (12 bytes)
52  298       3       jdk.internal.classfile.impl.SplitConstantPool::internalAdd (12 bytes)
52  299       3       jdk.internal.classfile.impl.SplitConstantPool::internalAdd (78 bytes)
52  300       3       java.lang.invoke.MethodType::<init> (15 bytes)
52  294       1       java.lang.invoke.MethodHandles$Lookup::lookupClass (5 bytes)
52  301       3       java.lang.invoke.MethodType::makeImpl (109 bytes)
53  303       4       java.util.HashMap::hash (20 bytes)
53  302       3       jdk.internal.util.ReferencedKeySet::get (27 bytes)
53  296       1       java.lang.invoke.MethodHandle::type (5 bytes)
53   79       3       java.util.HashMap::hash (20 bytes)   made not entrant: not used
54  304     n 0       java.lang.Class::desiredAssertionStatus0 (native)   (static)
54  306       3       java.lang.invoke.MethodType::parameterType (7 bytes)
54  305       3       jdk.internal.classfile.impl.AbstractPoolEntry$Utf8EntryImpl::hashCode (8 bytes)
54  308       3       jdk.internal.classfile.impl.BufWriterImpl::writeU2 (38 bytes)
54  307       1       jdk.internal.classfile.impl.AbstractDirectBuilder::constantPool (5 bytes)
54  309       3       java.util.HashMap::<init> (11 bytes)
54  310       3       java.lang.StringLatin1::canEncode (13 bytes)
55  312       3       java.lang.StringLatin1::replace (197 bytes)
55  311       3       jdk.internal.misc.Unsafe::allocateUninitializedArray0 (90 bytes)
55  313       3       jdk.internal.classfile.impl.BufWriterImpl::cpIndex (33 bytes)
55  315       3       jdk.internal.classfile.impl.RawBytecodeHelper::next (81 bytes)
55  316       3       jdk.internal.classfile.impl.RawBytecodeHelper::endBci (8 bytes)
55  319       3       jdk.internal.classfile.impl.RawBytecodeHelper::opcode (9 bytes)
56  314       1       java.lang.module.ModuleDescriptor::isOpen (5 bytes)
56  317       1       java.lang.Class::getComponentType (5 bytes)
56  318       1       jdk.internal.constant.ClassOrInterfaceDescImpl::isClassOrInterface (2 bytes)
56  320     n 0       java.lang.Class::isAssignableFrom (native)   
56  322       4       java.lang.String::length (11 bytes)
56  321       3       jdk.internal.classfile.impl.SplitConstantPool::tryFindUtf8 (103 bytes)
56   31       3       java.lang.String::length (11 bytes)   made not entrant: not used
56  323       3       java.lang.String::substring (58 bytes)
57  325       3       java.lang.StringBuilder::append (8 bytes)
57  326       3       java.lang.AbstractStringBuilder::append (100 bytes)
57  329       4       java.lang.String::coder (15 bytes)
57   19       3       java.lang.String::coder (15 bytes)   made not entrant: not used
57  327       1       jdk.internal.classfile.impl.AbstractPoolEntry::hashCode (5 bytes)
57  330     n 0       java.lang.reflect.Array::newArray (native)   (static)
57  324       1       jdk.internal.classfile.impl.AbstractPoolEntry$ClassEntryImpl::tag (3 bytes)
57  332       3       java.lang.invoke.MemberName::getModifiers (8 bytes)
57  331       4       jdk.internal.util.ArraysSupport::unsignedHashCode (36 bytes)
57  333       3       java.lang.String::toString (2 bytes)
57  334       3       jdk.internal.classfile.impl.AbstractPoolEntry$Utf8EntryImpl::<init> (49 bytes)
57  335       3       java.lang.invoke.MethodType::equals (27 bytes)
57  336       3       java.lang.reflect.Modifier::isPublic (12 bytes)
57  328       1       java.lang.invoke.MethodTypeForm::basicType (5 bytes)
57  337       3       java.lang.invoke.MethodType::methodType (69 bytes)
58  339       3       java.lang.StringBuilder::length (5 bytes)
58  338   !   3       java.lang.invoke.MemberName::clone (14 bytes)
58  340       3       jdk.internal.constant.ClassOrInterfaceDescImpl::ofValidated (64 bytes)
58  342       3       jdk.internal.classfile.impl.SplitConstantPool::utf8Entry (45 bytes)
58  345       3       java.lang.Record::<init> (5 bytes)
58  341       3       jdk.internal.constant.ClassOrInterfaceDescImpl::<init> (10 bytes)
58  343       1       jdk.internal.classfile.impl.AbstractDirectBuilder::setOriginal (6 bytes)
58   47       3       jdk.internal.util.ArraysSupport::unsignedHashCode (36 bytes)   made not entrant: not used
58  344       1       jdk.internal.classfile.impl.AbstractPoolEntry$Utf8EntryImpl::tag (2 bytes)
58  346       3       jdk.internal.classfile.impl.AbstractPoolEntry::hash1 (10 bytes)
59  347   !   3       sun.invoke.util.VerifyAccess::ensureTypeVisible (99 bytes)
59  349       3       jdk.internal.classfile.impl.AbstractElement::<init> (5 bytes)
59  348       3       java.lang.ref.WeakReference::<init> (7 bytes)
59  352       3       jdk.internal.classfile.impl.AbstractPoolEntry$Utf8EntryImpl::writeTo (44 bytes)
59  355       3       jdk.internal.classfile.impl.AbstractPoolEntry::hash2 (15 bytes)
59  353       3       jdk.internal.classfile.impl.BufWriterImpl::writeUtfEntry (144 bytes)
60  354       3       java.lang.System$1::countNonZeroAscii (5 bytes)
60  359     n 0       java.lang.invoke.MethodHandle::invokeBasic(LL)L (native)   
60  360     n 0       java.lang.invoke.MethodHandle::linkToSpecial(LLLL)L (native)   (static)
60  357       1       jdk.internal.classfile.impl.LabelImpl::labelContext (5 bytes)
60  358       1       jdk.internal.classfile.impl.LabelImpl::getBCI (5 bytes)
60  350       1       jdk.internal.classfile.impl.DirectMethodBuilder::methodFlags (5 bytes)
60  361     n 0       java.lang.invoke.MethodHandle::linkToStatic(LLLLL)L (native)   (static)
60  356       1       jdk.internal.classfile.impl.DirectMethodBuilder::methodType (5 bytes)
60  362       3       java.lang.invoke.MemberName::isConstructor (8 bytes)
60  364     n 0       java.lang.invoke.MethodHandle::invokeBasic(LLLL)L (native)   
60  363       3       java.lang.invoke.LambdaForm$Name::<init> (126 bytes)
60  365       3       jdk.internal.util.StrongReferenceKey::equals (28 bytes)
61  366       3       jdk.internal.classfile.impl.AbstractPoolEntry$Utf8EntryImpl::stringValue (5 bytes)
61  351       3       jdk.internal.classfile.impl.StackMapGenerator::processBlock (2767 bytes)
62  379       4       java.lang.String::charAt (25 bytes)
62  380     n 0       jdk.internal.misc.Unsafe::getChar (native)   
62  381     n 0       java.lang.invoke.MethodHandle::linkToSpecial(LLLLLL)V (native)   (static)
62   35       3       java.lang.String::charAt (25 bytes)   made not entrant: not used
62  382     n 0       java.lang.invoke.MethodHandle::linkToSpecial(LLLLLL)L (native)   (static)
63  383     n 0       java.lang.Class::initClassName (native)   
63  384     n 0       java.lang.String::intern (native)   
64  388     n 0       java.lang.System::identityHashCode (native)   (static)
64  392     n 0       java.lang.invoke.MethodHandle::linkToSpecial(LLLLL)L (native)   (static)
65  394     n 0       java.lang.invoke.MethodHandle::linkToSpecial(LLLL)V (native)   (static)
66  398       4       jdk.internal.classfile.impl.RawBytecodeHelper::opcode (9 bytes)
66  319       3       jdk.internal.classfile.impl.RawBytecodeHelper::opcode (9 bytes)   made not entrant: not used
67  402     n 0       jdk.internal.misc.Unsafe::allocateInstance (native)   
67  400       3       sun.reflect.generics.parser.SignatureParser::current (59 bytes)
68  368       3       java.lang.String::checkBoundsOffCount (10 bytes)
68  369       3       java.lang.StringLatin1::getBytes (12 bytes)
68  375       3       java.lang.String::getBytes (60 bytes)
68  367       3       jdk.internal.classfile.impl.SplitConstantPool::maybeCloneUtf8Entry (65 bytes)
68  378       1       java.lang.reflect.Method::getName (5 bytes)
68  372       3       java.lang.Math::max (11 bytes)
68  386       1       jdk.internal.classfile.impl.StackMapDecoder$StackMapFrameImpl::stack (5 bytes)
68  403       1       jdk.internal.classfile.impl.AbstractPseudoInstruction$ExceptionCatchImpl::catchTypeEntry (5 bytes)
68  376       1       jdk.internal.classfile.impl.AbstractPoolEntry$NameAndTypeEntryImpl::tag (3 bytes)
68  387       1       jdk.internal.constant.MethodTypeDescImpl::returnType (5 bytes)
68  396       1       jdk.internal.classfile.impl.StackMapDecoder$StackMapFrameImpl::locals (5 bytes)
69  409       3       sun.reflect.generics.parser.SignatureParser::advance (53 bytes)
69  413       3       java.lang.CharacterData::of (136 bytes)
69  414       3       java.lang.CharacterDataLatin1::getProperties (11 bytes)
69  410       3       java.lang.Character::isWhitespace (5 bytes)
69  411       3       java.lang.Character::isWhitespace (9 bytes)
69  412       3       java.lang.CharacterDataLatin1::isWhitespace (23 bytes)
69  373       1       jdk.internal.classfile.impl.UnboundAttribute::attributeMapper (5 bytes)
69  415       3       java.util.BitSet::wordIndex (5 bytes)
69  395       1       java.lang.reflect.Method::getSharedParameterTypes (5 bytes)
69  416       3       java.util.BitSet::checkInvariants (111 bytes)
69  397       1       jdk.internal.classfile.impl.StackMapDecoder$StackMapFrameImpl::target (5 bytes)
69  374       1       java.lang.classfile.Opcode::bytecode (5 bytes)
69  401       1       java.lang.reflect.Method::getModifiers (5 bytes)
69  408       1       java.lang.reflect.Method::getReturnType (5 bytes)
69  406       1       java.lang.classfile.TypeKind::slotSize (5 bytes)
69  377       1       java.lang.Class::getModule (5 bytes)
69  389       1       jdk.internal.classfile.impl.LabelImpl::setBCI (6 bytes)
69  417       4       java.lang.StringCoding::countNonZeroAsciiLatin1 (33 bytes)
70  385       1       jdk.internal.classfile.impl.AbstractAttributeMapper::allowMultiple (5 bytes)
70  399       1       jdk.internal.classfile.impl.AbstractPoolEntry$MethodRefEntryImpl::tag (3 bytes)
70  370       3       java.lang.Class::getPackageName (81 bytes)
70  418       3       java.util.HashMap$HashIterator::<init> (84 bytes)
70  407       1       java.lang.Class::getModifiers (5 bytes)
70  419       3       java.util.LinkedHashMap$LinkedHashIterator::hasNext (13 bytes)
70  420       3       java.util.LinkedHashMap$LinkedHashIterator::nextNode (68 bytes)
70  421     n 0       jdk.internal.reflect.ConstantPool::getUTF8At0 (native)   
70  404       1       jdk.internal.classfile.impl.BufWriterImpl::thisClass (5 bytes)
70  405       1       jdk.internal.classfile.impl.DirectMethodBuilder::methodName (5 bytes)
70  371       3       java.lang.StringLatin1::coderFromChar (10 bytes)
70  422       3       java.util.Arrays::copyOf (40 bytes)
71  391       1       java.lang.invoke.MethodTypeForm::parameterSlotCount (5 bytes)
71  393       1       java.lang.constant.ClassDesc::isPrimitive (2 bytes)
71  423       1       java.nio.Buffer::limit (5 bytes)
71  390       1       java.lang.invoke.MethodHandles$Lookup::previousLookupClass (5 bytes)
71  424       3       jdk.internal.classfile.impl.AbstractPoolEntry$AbstractMemberRefEntry::<init> (12 bytes)
71  297       3       java.lang.StringCoding::countNonZeroAsciiLatin1 (33 bytes)   made not entrant: not used
71  425       3       java.util.ArrayList::<init> (61 bytes)
71  426       3       sun.reflect.generics.parser.SignatureParser::skipIdentifier (67 bytes)
71  427       3       java.util.LinkedHashMap$LinkedEntryIterator::next (5 bytes)
71  428       3       java.util.LinkedHashMap$LinkedEntryIterator::next (5 bytes)
72  429     n 0       java.lang.Class::forName0 (native)   (static)
72  431       3       java.nio.Buffer::nextGetIndex (32 bytes)
72  434       4       java.lang.CharacterDataLatin1::getProperties (11 bytes)
72  435       3       java.util.Arrays::equals (57 bytes)
72  414       3       java.lang.CharacterDataLatin1::getProperties (11 bytes)   made not entrant: not used
72  438       3       java.lang.StringLatin1::newString (24 bytes)
72  432       3       java.nio.HeapByteBuffer::getShort (29 bytes)
72  433       3       java.lang.ref.SoftReference::get (29 bytes)
72  441       3       java.util.ArrayList$Itr::hasNext (20 bytes)
72  443       3       jdk.internal.classfile.impl.BufWriterImpl::writeU1U2 (50 bytes)
73  445       3       java.util.BitSet::set (58 bytes)
73  449       4       jdk.internal.classfile.impl.RawBytecodeHelper::endBci (8 bytes)
73  446       3       java.util.BitSet::expandTo (23 bytes)
73  316       3       jdk.internal.classfile.impl.RawBytecodeHelper::endBci (8 bytes)   made not entrant: not used
73  448       3       jdk.internal.classfile.impl.StackCounter::addStackSlot (30 bytes)
73  440       3       jdk.internal.classfile.impl.BufWriterImpl::writeU1 (24 bytes)
73  452       3       jdk.internal.classfile.impl.DirectCodeBuilder::labelToBci (27 bytes)
73  447       3       jdk.internal.classfile.impl.Util::isDoubleSlot (20 bytes)
73  436       3       java.util.ArrayList::iterator (9 bytes)
73  437       3       java.util.ArrayList$Itr::<init> (31 bytes)
73  444       3       jdk.internal.classfile.impl.SplitConstantPool::utf8Entry (6 bytes)
73  439       3       jdk.internal.classfile.impl.AbstractPoolEntry$AbstractNamedEntry::<init> (10 bytes)
73  456     n 0       java.lang.Class::getSuperclass (native)   
74  450       3       java.util.ArrayList$Itr::next (66 bytes)
74  451       3       java.util.ArrayList$Itr::checkForComodification (23 bytes)
74  455       3       java.util.HashMap::containsKey (14 bytes)
74  442       3       java.util.AbstractList::<init> (10 bytes)
74  202       3       java.io.DataInputStream::readUTF (601 bytes)   made not entrant: C1 deoptimize for patching
74  430       1       jdk.internal.loader.AbstractClassLoaderValue$Sub::parent (5 bytes)
74  457       1       java.lang.Class::getAnnotationType (5 bytes)
74  463       3       java.io.DataInputStream::readUTF (601 bytes)
74  470       4       java.io.DataInputStream::readFully (59 bytes)
74  469       4       jdk.internal.misc.Unsafe::getShortUnaligned (12 bytes)
75  203       3       jdk.internal.misc.Unsafe::getShortUnaligned (12 bytes)   made not entrant: not used
75  467  s    3       java.io.ByteArrayInputStream::read (73 bytes)
75  466       3       java.lang.System$1::uncheckedNewStringNoRepl (6 bytes)
75  468  s    3       java.io.ByteArrayInputStream::read (36 bytes)
75  474       4       java.lang.invoke.VarHandleGuards::guard_LI_I (78 bytes)
75  471       3       java.io.DataInputStream::readBoolean (13 bytes)
75  475     n 0       jdk.internal.misc.Unsafe::getLong (native)   
75  473       3       java.lang.String::<init> (22 bytes)
75  472   !   3       java.lang.String::<init> (852 bytes)
76  199       3       java.lang.invoke.VarHandleGuards::guard_LI_I (78 bytes)   made not entrant: not used
76  476  s    4       java.io.ByteArrayInputStream::read (73 bytes)
76  464       2       java.io.DataInputStream::readUnsignedShort (19 bytes)
76  465       2       java.lang.System$1::uncheckedCountPositives (7 bytes)
76  479       3       jdk.jfr.internal.MetadataLoader$FieldElement::<init> (93 bytes)
77  480       3       java.lang.String::isEmpty (14 bytes)
77  481       3       java.lang.Character::charCount (12 bytes)
77  467  s    3       java.io.ByteArrayInputStream::read (73 bytes)   made not entrant: not used
77  477       4       java.io.DataInputStream::readUTF (5 bytes)
77  482       3       java.lang.Character::codePointAt (51 bytes)
77  218       3       java.io.DataInputStream::readUTF (5 bytes)   made not entrant: not used
77  478       4       java.io.DataInputStream::readUTF (601 bytes)
77  483       3       java.lang.Character::isHighSurrogate (18 bytes)
77  484       3       java.lang.Character::isJavaIdentifierPart (9 bytes)
77  485       3       java.lang.CharacterDataLatin1::isJavaIdentifierPart (20 bytes)
77  486       3       java.util.List::copyOf (5 bytes)
77  487       3       java.util.ImmutableCollections::listCopy (54 bytes)
77  488       1       jdk.jfr.ValueDescriptor::isArray (5 bytes)
78  453       1       jdk.internal.classfile.impl.BufWriterImpl::constantPool (5 bytes)
78  454       1       jdk.internal.classfile.impl.AbstractAttributeMapper::name (5 bytes)
78  460       1       sun.reflect.generics.tree.SimpleClassTypeSignature::getDollar (5 bytes)
78  461       1       sun.reflect.generics.visitor.Reifier::getFactory (5 bytes)
78  458       1       sun.reflect.generics.tree.ClassTypeSignature::getPath (5 bytes)
78  491       3       java.util.ArrayList::isEmpty (13 bytes)
78  493       3       java.util.Arrays::copyOf (10 bytes)
78  495       3       java.util.AbstractSet::<init> (5 bytes)
78  490       3       java.util.ArrayList::elementData (7 bytes)
78  492       3       java.util.Objects::checkIndex (7 bytes)
78  496       3       java.lang.Class::reflectionData (43 bytes)
78  498       3       java.util.ImmutableCollections$AbstractImmutableList::<init> (5 bytes)
78  499       3       java.util.List::of (64 bytes)
78  501       3       java.util.ArrayList::<init> (12 bytes)
79  500       3       java.util.ArrayList::get (15 bytes)
79  502       3       java.util.ArrayList::toArray (12 bytes)
79  459       1       sun.reflect.generics.tree.SimpleClassTypeSignature::getName (5 bytes)
79  497       1       jdk.jfr.internal.Type::getName (5 bytes)
79  462       1       sun.reflect.generics.tree.SimpleClassTypeSignature::getTypeArguments (5 bytes)
79  503       3       java.lang.String::indexOf (65 bytes)
79  508       3       jdk.internal.module.Checks::isJavaIdentifier (76 bytes)
79  129       4       java.util.HashMap::putVal (300 bytes)   made not entrant: uncommon trap
79  509       3       java.lang.Character::isJavaIdentifierStart (9 bytes)
79  510       3       java.lang.CharacterDataLatin1::isJavaIdentifierStart (23 bytes)
79  506       3       jdk.jfr.internal.PrivateAccess::getInstance (15 bytes)
80  511       3       java.lang.PublicMethods$Key::matches (31 bytes)
80  512       3       java.util.ArrayList::grow (60 bytes)
80  504       3       jdk.jfr.internal.Type::getFields (37 bytes)
80  505       3       jdk.jfr.AnnotationElement::checkType (26 bytes)
80  507       3       jdk.jfr.internal.util.Utils::unboxType (82 bytes)
80  515       3       java.lang.Class::cast (27 bytes)
80  518       3       jdk.jfr.AnnotationElement::<init> (308 bytes)
81  526     n 0       jdk.jfr.internal.JVM::getTypeId (native)   (static)
81  516       3       java.util.LinkedHashMap$LinkedKeyIterator::next (8 bytes)
81  517       3       jdk.jfr.EventSettings$InternalAccess::newAnnotation (11 bytes)
81  519       3       java.util.Collections$UnmodifiableCollection::size (10 bytes)
81  521       3       java.util.Collections$UnmodifiableList::get (11 bytes)
81  522       3       java.util.ArrayList::set (24 bytes)
81  524       3       jdk.jfr.internal.MetadataLoader::newAnnotation (25 bytes)
81  529       3       jdk.jfr.internal.AnnotationConstruct::<init> (18 bytes)
82  528       3       java.lang.StringBuilder::toString (20 bytes)
82  191       3       java.io.DataInputStream::readFully (59 bytes)   made not entrant: not used
82  489       4       java.lang.CharacterData::of (136 bytes)
82  530       3       java.util.LinkedHashMap$LinkedHashIterator::<init> (52 bytes)
82  413       3       java.lang.CharacterData::of (136 bytes)   made not entrant: not used
82  523       4       java.lang.Character::codePointAt (51 bytes)
82  513       3       java.lang.reflect.Modifier::isStatic (13 bytes)
82  531       3       jdk.jfr.internal.Type::add (17 bytes)
82  532       3       jdk.jfr.internal.util.Utils::ensureJavaIdentifier (42 bytes)
83  534       3       jdk.jfr.internal.Type::getKnownType (51 bytes)
83  535       3       java.util.ImmutableCollections::listFromArray (39 bytes)
83  536       3       jdk.jfr.EventSettings$InternalAccess::newValueDescriptor (17 bytes)
83  482       3       java.lang.Character::codePointAt (51 bytes)   made not entrant: not used
83  533       4       java.lang.CharacterDataLatin1::isJavaIdentifierPart (20 bytes)
83  537       3       jdk.jfr.ValueDescriptor::<init> (101 bytes)
83  485       3       java.lang.CharacterDataLatin1::isJavaIdentifierPart (20 bytes)   made not entrant: not used
83  539       4       java.util.LinkedHashMap$LinkedHashIterator::hasNext (13 bytes)
83  538       3       java.util.LinkedHashMap$LinkedKeySet::iterator (16 bytes)
83  543     n 0       java.lang.invoke.MethodHandle::linkToVirtual(LL)J (native)   (static)
83  419       3       java.util.LinkedHashMap$LinkedHashIterator::hasNext (13 bytes)   made not entrant: not used
83  542       4       java.util.LinkedHashMap$LinkedHashIterator::nextNode (68 bytes)
83  541       3       java.util.LinkedHashMap$LinkedKeyIterator::<init> (14 bytes)
84  540       3       java.util.LinkedHashMap::sequencedKeySet (31 bytes)
84  544       3       jdk.internal.classfile.impl.BufWriterImpl::writeIndex (11 bytes)
84  420       3       java.util.LinkedHashMap$LinkedHashIterator::nextNode (68 bytes)   made not entrant: not used
84  520       4       java.util.ArrayList::elementData (7 bytes)
84  490       3       java.util.ArrayList::elementData (7 bytes)   made not entrant: not used
84  546     n 0       java.lang.invoke.MethodHandle::linkToStatic(LLLL)I (native)   (static)
84  525       1       java.util.LinkedHashMap::removeEldestEntry (2 bytes)
84  545       3       jdk.internal.classfile.impl.AbstractPoolEntry$NameAndTypeEntryImpl::type (8 bytes)
84  547       3       java.lang.AbstractStringBuilder::isLatin1 (8 bytes)
84  548       3       jdk.internal.classfile.impl.AbstractPoolEntry::hashClassFromDescriptor (7 bytes)
84  494       1       java.util.Collections$1::hasNext (5 bytes)
84  549       3       jdk.internal.classfile.impl.SplitConstantPool::entryByIndex (11 bytes)
85  550       3       jdk.internal.classfile.impl.AbstractDirectBuilder::<init> (26 bytes)
85  551       3       jdk.internal.classfile.impl.AttributeHolder::<init> (17 bytes)
85  552       3       jdk.internal.classfile.impl.AbstractPoolEntry$ClassEntryImpl::<init> (22 bytes)
85  527       1       java.lang.invoke.MethodHandleImpl::isCompileConstant (2 bytes)
85  514       1       java.lang.reflect.Method::getDeclaringClass (5 bytes)
85  553       3       jdk.internal.classfile.impl.AttributeHolder::writeTo (34 bytes)
85  558       3       jdk.internal.constant.MethodTypeDescImpl::parameterCount (6 bytes)
85  554       3       jdk.internal.misc.Unsafe::getCharUnaligned (12 bytes)
85  555       3       jdk.internal.misc.Unsafe::getCharUnaligned (34 bytes)
85  556       3       jdk.internal.misc.Unsafe::convEndian (16 bytes)
85  560       3       jdk.jfr.internal.TypeLibrary$$Lambda/0x00001c000102aee0::applyAsLong (8 bytes)
85  563       3       java.lang.Long::compare (22 bytes)
86  561       3       java.util.Comparator$$Lambda/0x00001c000102bee8::compare (10 bytes)
86  562       3       java.util.Comparator::lambda$comparingLong$6043328a$1 (18 bytes)
86  559       1       jdk.jfr.internal.Type::getId (5 bytes)
86  557       3       java.lang.Character::reverseBytes (15 bytes)
86  566     n 0       java.lang.invoke.MethodHandle::linkToStatic(LL)V (native)   (static)
86  565       3       java.lang.Class::descriptorString (137 bytes)
86  571     n 0       java.lang.invoke.MethodHandle::linkToVirtual(LLL)V (native)   (static)
87  578       4       java.util.HashMap::resize (356 bytes)
87  577       3       java.util.HashMap::putVal (300 bytes)
87  569       3       jdk.internal.classfile.impl.Util::parameterSlots (39 bytes)
87  575       3       java.util.ArrayDeque::inc (12 bytes)
87  576       3       java.util.ImmutableCollections$ListItr::hasNext (17 bytes)
87  579       3       java.util.ArrayDeque::addLast (51 bytes)
88  582       3       java.util.ImmutableCollections$ListN::size (6 bytes)
88  590       3       java.util.ArrayDeque::sub (14 bytes)
88  586       3       java.util.ArrayDeque::size (17 bytes)
88  580       1       jdk.jfr.internal.AnnotationConstruct::getUnmodifiableAnnotationElements (5 bytes)
88  584       3       java.util.ArrayDeque::elementAt (4 bytes)
88  585       3       java.util.ArrayDeque::pollFirst (36 bytes)
88  581       1       jdk.jfr.AnnotationElement::getType (5 bytes)
88  587       3       java.lang.invoke.DirectMethodHandle::allocateInstance (16 bytes)
88  588       3       java.util.ArrayDeque::poll (5 bytes)
88  591       3       java.util.ImmutableCollections$AbstractImmutableList::iterator (13 bytes)
88  592       3       java.util.ImmutableCollections$ListItr::<init> (25 bytes)
88  589       3       java.util.ImmutableCollections$List12::size (16 bytes)
88  596       3       java.lang.invoke.DirectMethodHandle::constructorMethod (10 bytes)
88  601       3       java.lang.invoke.Invokers$Holder::linkToTargetMethod (9 bytes)
88  603       3       java.util.ArrayDeque::isEmpty (17 bytes)
89  608       3       java.lang.Iterable::forEach (39 bytes)
89  594       3       java.lang.invoke.DirectMethodHandle$Holder::newInvokeSpecial (21 bytes)
89  593       3       java.util.ArrayDeque::add (7 bytes)
89  599       3       java.util.ArrayDeque::copyElements (13 bytes)
89  600       3       java.util.ArrayDeque$$Lambda/0x00001c000102c620::<init> (10 bytes)
89  597       3       java.util.HashSet::contains (9 bytes)
89  598       3       java.util.ArrayDeque$$Lambda/0x00001c000102c620::accept (9 bytes)
89  604       3       jdk.jfr.EventSettings$InternalAccess::getType (98 bytes)
89  606       3       jdk.jfr.AnnotationElement::getAnnotationElements (8 bytes)
89  602       1       jdk.jfr.ValueDescriptor::getType (5 bytes)
89  609   !   3       java.util.ImmutableCollections$ListItr::next (34 bytes)
90  611       3       java.util.ImmutableCollections$ListN::get (7 bytes)
90  570       3       jdk.internal.classfile.impl.AbstractPoolEntry$Utf8EntryImpl::toString (88 bytes)
90  568       3       jdk.internal.constant.MethodTypeDescImpl::parameterType (7 bytes)
90  564       3       jdk.internal.classfile.impl.LabelImpl::<init> (15 bytes)
90  120       3       java.util.HashMap::resize (356 bytes)   made not entrant: not used
90  612       4       java.util.ImmutableCollections$ListN::get (7 bytes)
90  613       3       java.util.ImmutableCollections$List12::forEach (31 bytes)
90  573       3       jdk.internal.classfile.impl.EntryMap::getIndexByToken (9 bytes)
90  605       3       jdk.jfr.internal.Type::getAnnotationElements (8 bytes)
90  611       3       java.util.ImmutableCollections$ListN::get (7 bytes)   made not entrant: not used
90  610       4       java.util.HashMap::put (13 bytes)
90  607       3       java.util.ArrayDeque::addAll (50 bytes)
90  617       3       jdk.jfr.internal.TypeLibrary::visitAnnotations (92 bytes)
91  621       3       java.util.ArrayDeque::grow (165 bytes)
91  619       3       java.util.Collections$UnmodifiableCollection$1::hasNext (10 bytes)
91  614       3       java.util.ArrayDeque::<init> (35 bytes)
91  616       3       java.util.ArrayDeque::<init> (16 bytes)
91  615       3       java.util.Collections$UnmodifiableCollection$1::next (10 bytes)
91  620       3       jdk.jfr.ValueDescriptor::getAnnotationElements (8 bytes)
92  624       3       java.util.LinkedHashMap::linkNodeAtEnd (76 bytes)
92  567       3       jdk.internal.classfile.impl.AbstractDirectBuilder::writeAttribute (20 bytes)
92  626       3       java.lang.Long::hashCode (8 bytes)
92  623       1       jdk.jfr.internal.PlatformEventType::getAllSettings (5 bytes)
92  627       3       java.lang.Long::hashCode (8 bytes)
92  572       3       java.lang.Class::getName (18 bytes)
92  574       3       jdk.internal.classfile.impl.SplitConstantPool::classEntry (68 bytes)
92  629       3       java.lang.Long::valueOf (40 bytes)
92  628       3       java.lang.Number::<init> (5 bytes)
92  632       3       java.util.LinkedHashMap::newNode (23 bytes)
92  636       3       jdk.jfr.internal.TypeLibrary$$Lambda/0x00001c000102c190::test (8 bytes)
93  640       4       java.lang.Long::hashCode (8 bytes)
93  637       3       jdk.jfr.internal.TypeLibrary::lambda$initialize$0 (24 bytes)
93  626       3       java.lang.Long::hashCode (8 bytes)   made not entrant: not used
93  622       4       java.util.HashMap::getNode (150 bytes)
93  635       1       java.lang.Long::longValue (5 bytes)
93  639       3       java.lang.Long::equals (32 bytes)
93  630       3       java.util.Collections$UnmodifiableCollection::iterator (9 bytes)
94  631       3       java.util.Collections$UnmodifiableCollection$1::<init> (31 bytes)
94  633       3       java.util.LinkedHashMap$Entry::<init> (10 bytes)
94  463       3       java.io.DataInputStream::readUTF (601 bytes)   made not entrant: not used
94  634       3       java.util.LinkedHashMap::afterNodeInsertion (40 bytes)
94  638       4       java.util.ArrayDeque::isEmpty (17 bytes)
94  643       3       java.lang.Integer::numberOfLeadingZeros (79 bytes)
94  603       3       java.util.ArrayDeque::isEmpty (17 bytes)   made not entrant: not used
94  641       4       java.util.ArrayDeque::pollFirst (36 bytes)
95   83       3       java.util.HashMap::put (13 bytes)   made not entrant: not used
95  642       4       java.util.ArrayDeque::poll (5 bytes)
95  644       3       jdk.internal.classfile.impl.SplitConstantPool::findEntry (130 bytes)
95  585       3       java.util.ArrayDeque::pollFirst (36 bytes)   made not entrant: not used
95  618       4       java.util.ArrayDeque::addLast (51 bytes)
95  641       4       java.util.ArrayDeque::pollFirst (36 bytes)   made not entrant: uncommon trap
95  646       3       java.lang.String::replace (42 bytes)
95  588       3       java.util.ArrayDeque::poll (5 bytes)   made not entrant: not used
95  595       4       java.util.ImmutableCollections$ListN::size (6 bytes)
95   89       3       java.util.HashMap::getNode (150 bytes)   made not entrant: not used
95  625       4       java.util.ImmutableCollections$ListItr::hasNext (17 bytes)
95  582       3       java.util.ImmutableCollections$ListN::size (6 bytes)   made not entrant: not used
95  583       4       java.util.AbstractCollection::<init> (5 bytes)
95  645       3       jdk.internal.classfile.impl.DirectCodeBuilder::setLabelTarget (47 bytes)
95  642       4       java.util.ArrayDeque::poll (5 bytes)   made not entrant: uncommon trap
95  576       3       java.util.ImmutableCollections$ListItr::hasNext (17 bytes)   made not entrant: not used
95  652       4       java.util.BitSet::wordIndex (5 bytes)
95   17       3       java.util.AbstractCollection::<init> (5 bytes)   made not entrant: not used
96  579       3       java.util.ArrayDeque::addLast (51 bytes)   made not entrant: not used
96  653       3       java.util.ArrayDeque::poll (5 bytes)
96  415       3       java.util.BitSet::wordIndex (5 bytes)   made not entrant: not used
96  656       3       java.util.ArrayDeque::pollFirst (36 bytes)
96  657       3       jdk.internal.classfile.impl.BufWriterImpl::writeU1U2U2 (75 bytes)
96  658       4       sun.reflect.generics.parser.SignatureParser::current (59 bytes)
96  654       3       jdk.internal.classfile.impl.RawBytecodeHelper::getU2Unchecked (21 bytes)
96  648       3       jdk.internal.classfile.impl.AbstractPoolEntry$AbstractRefsEntry::<init> (37 bytes)
96  655       3       jdk.internal.classfile.impl.RawBytecodeHelper::getIndexU2 (11 bytes)
96  659       3       jdk.internal.classfile.impl.Util::methodTypeSymbol (8 bytes)
96  660       3       jdk.internal.classfile.impl.AbstractPoolEntry$Utf8EntryImpl::methodTypeSymbol (34 bytes)
96  400       3       sun.reflect.generics.parser.SignatureParser::current (59 bytes)   made not entrant: not used
97  669       4       jdk.internal.classfile.impl.BufWriterImpl::reserveSpace (22 bytes)
97  663       3       java.util.ImmutableCollections$List12::get (35 bytes)
97  667       3       jdk.internal.classfile.impl.AbstractPoolEntry$AbstractMemberRefEntry::nameAndType (5 bytes)
97  664       3       jdk.internal.classfile.impl.RawBytecodeHelper::getU1Unchecked (13 bytes)
97  649       1       jdk.internal.classfile.impl.AbstractPseudoInstruction$ExceptionCatchImpl::tryStart (5 bytes)
97  650       1       jdk.internal.classfile.impl.AbstractPseudoInstruction$ExceptionCatchImpl::tryEnd (5 bytes)
97  651       1       jdk.internal.classfile.impl.AbstractPseudoInstruction$ExceptionCatchImpl::handler (5 bytes)
97  662       3       jdk.internal.classfile.impl.AbstractPoolEntry$ClassEntryImpl::hashCode (37 bytes)
97  170       3       jdk.internal.classfile.impl.BufWriterImpl::reserveSpace (22 bytes)   made not entrant: not used
97  668       3       jdk.internal.classfile.impl.AbstractPoolEntry$AbstractMemberRefEntry::nameAndType (8 bytes)
97  670       3       java.lang.reflect.Method::getParameterCount (6 bytes)
97  661       1       jdk.internal.classfile.impl.DirectCodeBuilder::startLabel (5 bytes)
97  665       1       jdk.internal.classfile.impl.AbstractPoolEntry$StringEntryImpl::tag (3 bytes)
97  578       4       java.util.HashMap::resize (356 bytes)   made not entrant: uncommon trap
97  647       1       java.lang.classfile.Opcode::sizeIfFixed (5 bytes)
98  671       4       sun.reflect.generics.parser.SignatureParser::advance (53 bytes)
98  666       1       jdk.internal.classfile.impl.UnboundAttribute$UnboundStackMapTableAttribute::entries (5 bytes)
98  672       3       sun.reflect.annotation.AnnotationType::getInstance (65 bytes)
98  678       3       jdk.internal.classfile.impl.AbstractPoolEntry$AbstractRefEntry::<init> (24 bytes)
98  409       3       sun.reflect.generics.parser.SignatureParser::advance (53 bytes)   made not entrant: not used
98  677       3       jdk.internal.classfile.impl.DirectCodeBuilder::constantPool (5 bytes)
98  682       3       jdk.internal.classfile.impl.AbstractPoolEntry$AbstractRefEntry::writeTo (18 bytes)
98  673       3       java.lang.System$1::getAnnotationType (5 bytes)
98  622       4       java.util.HashMap::getNode (150 bytes)   made not entrant: uncommon trap
99  676       1       java.lang.reflect.Method::getSharedExceptionTypes (5 bytes)
99  679       1       jdk.internal.classfile.impl.StackMapDecoder$ObjectVerificationTypeInfoImpl::tag (3 bytes)
99  680       1       jdk.internal.classfile.impl.StackMapDecoder$ObjectVerificationTypeInfoImpl::className (5 bytes)
99  674       1       sun.reflect.annotation.AnnotationType::memberTypes (5 bytes)
99  675       1       sun.reflect.annotation.AnnotationType::memberDefaults (5 bytes)
99  681       1       java.util.ImmutableCollections$List12::isEmpty (2 bytes)
99  683       1       sun.reflect.annotation.AnnotationType::retention (5 bytes)
99  685       3       java.lang.AbstractStringBuilder::<init> (39 bytes)
99  686       4       java.util.HashMap::getNode (150 bytes)
99  684       3       jdk.internal.module.Checks::isClassName (5 bytes)
99  688       3       java.lang.PublicMethods$MethodList::filter (104 bytes)
99  687       3       java.lang.Class::getMethodsRecursive (104 bytes)
100  693       4       java.lang.Object::equals (11 bytes)
100  692       3       jdk.jfr.internal.Type::getKnownType (65 bytes)
100  112       3       java.lang.Object::equals (11 bytes)   made not entrant: not used
100  689       3       java.util.LinkedHashMap::get (29 bytes)
100  690       3       java.util.LinkedHashMap::entrySet (5 bytes)
100  691       3       java.lang.String::<init> (98 bytes)
100  694       3       jdk.jfr.internal.Type::getTypeId (21 bytes)
100  695       3       jdk.jfr.AnnotationElement::getTypeId (8 bytes)
100  696       3       java.util.LinkedHashMap$LinkedEntrySet::iterator (16 bytes)
101  698       3       java.util.LinkedHashMap::sequencedEntrySet (31 bytes)
101  700       4       jdk.jfr.internal.PrivateAccess::getInstance (15 bytes)
101  701   !   4       java.util.ImmutableCollections$ListItr::next (34 bytes)
101  697       3       java.util.LinkedHashMap$LinkedEntryIterator::<init> (14 bytes)
101  705     n 0       jdk.internal.misc.Unsafe::putByte (native)   
101  506       3       jdk.jfr.internal.PrivateAccess::getInstance (15 bytes)   made not entrant: not used
101  704       4       java.util.LinkedHashMap$LinkedEntryIterator::next (5 bytes)
101  702       3       jdk.jfr.AnnotationElement::getTypeName (8 bytes)
101  707       4       java.util.ImmutableCollections$AbstractImmutableList::iterator (13 bytes)
101  427       3       java.util.LinkedHashMap$LinkedEntryIterator::next (5 bytes)   made not entrant: not used
101  703       4       java.util.ArrayList::add (25 bytes)
101  708       3       java.lang.StringLatin1::indexOf (121 bytes)
101  609   !   3       java.util.ImmutableCollections$ListItr::next (34 bytes)   made not entrant: not used
102  709       3       jdk.jfr.internal.AnnotationConstruct::getAnnotationElement (127 bytes)
102  710       3       jdk.jfr.internal.EventControl::remove (76 bytes)
102  713       4       jdk.jfr.internal.Type::getAnnotationElements (8 bytes)
102  591       3       java.util.ImmutableCollections$AbstractImmutableList::iterator (13 bytes)   made not entrant: not used
102  715       4       java.util.ArrayList$Itr::hasNext (20 bytes)
102  699       1       jdk.jfr.ValueDescriptor::getName (5 bytes)
102  711       1       jdk.jfr.internal.PlatformEventType::hasPeriod (5 bytes)
102  605       3       jdk.jfr.internal.Type::getAnnotationElements (8 bytes)   made not entrant: not used
102  706       3       java.util.Arrays::copyOf (33 bytes)
102  441       3       java.util.ArrayList$Itr::hasNext (20 bytes)   made not entrant: not used
103  712       1       java.util.Collections$EmptyList::isEmpty (2 bytes)
103  714       1       jdk.jfr.AnnotationElement::getValues (5 bytes)
103  716       3       jdk.jfr.internal.Type::hasAnnotation (17 bytes)
103  280       3       java.util.ArrayList::add (25 bytes)   made not entrant: not used
103  717       3       java.lang.AbstractStringBuilder::ensureCapacityNewCoder (125 bytes)
103  718       3       java.util.Collections::emptyList (4 bytes)
103  719       4       jdk.jfr.internal.Type::getKnownType (65 bytes)
103  720       3       java.lang.StringBuilder::<init> (7 bytes)
103  721       3       jdk.internal.util.DecimalDigits::uncheckedPutCharLatin1 (40 bytes)
103  724       3       jdk.jfr.internal.Type::setAnnotations (9 bytes)
103  725       3       jdk.jfr.internal.AnnotationConstruct::setAnnotationElements (9 bytes)
103  723       3       jdk.internal.util.ArraysSupport::newLength (27 bytes)
103  722       1       jdk.jfr.internal.PlatformEventType::isJVM (5 bytes)
104  726       1       jdk.jfr.internal.PlatformEventType::setHasCutoff (6 bytes)
104  727       1       jdk.jfr.internal.PlatformEventType::setHasThrottle (6 bytes)
104  728       1       jdk.jfr.internal.PlatformEventType::setHasLevel (6 bytes)
104  729       1       jdk.jfr.internal.PlatformEventType::setHasPeriod (6 bytes)
104  730       1       jdk.jfr.internal.PlatformEventType::hasCutoff (5 bytes)
104  731       1       jdk.jfr.internal.PlatformEventType::hasThrottle (5 bytes)
104  733       3       jdk.internal.util.DecimalDigits::stringSize (55 bytes)
104  732       1       jdk.jfr.internal.PlatformEventType::hasLevel (5 bytes)
104  734       3       java.lang.String::indexOf (64 bytes)
104  736     n 0       jdk.internal.misc.Unsafe::getLongVolatile (native)   
104  735       3       java.lang.StringLatin1::indexOf (25 bytes)
104  692       3       jdk.jfr.internal.Type::getKnownType (65 bytes)   made not entrant: not used
105  737       3       java.lang.Module::isNamed (13 bytes)
105  738       3       sun.reflect.annotation.AnnotationParser::parseSig (62 bytes)
105  740     n 0       java.lang.Double::longBitsToDouble (native)   (static)
105  743       3       jdk.internal.classfile.impl.DirectCodeBuilder::curPc (8 bytes)
105  744       3       jdk.internal.classfile.impl.DirectClassBuilder::constantPool (5 bytes)
105  747       4       jdk.internal.classfile.impl.SplitConstantPool::map (161 bytes)
105  745       3       jdk.internal.classfile.impl.SplitConstantPool::classEntryForClassOrInterface (111 bytes)
106  746       3       jdk.internal.classfile.impl.SplitConstantPool::tryFindClassOrInterface (138 bytes)
106  750       3       java.util.HashMap::resize (356 bytes)
106  748       3       jdk.internal.classfile.impl.Util::toInternalName (31 bytes)
107  263       3       jdk.internal.classfile.impl.SplitConstantPool::map (161 bytes)   made not entrant: not used
107  749       3       jdk.internal.constant.ClassOrInterfaceDescImpl::internalName (24 bytes)
107  752       3       jdk.internal.classfile.impl.AbstractPoolEntry$AbstractRefsEntry::writeTo (27 bytes)
107  751       3       jdk.internal.classfile.impl.BufWriterImpl::writeU2U2U2 (89 bytes)
107  741       3       java.lang.classfile.constantpool.ConstantPoolBuilder::nameAndTypeEntry (21 bytes)
107  756       3       java.lang.reflect.Array::newInstance (6 bytes)
107  755       3       java.util.BitSet::get (69 bytes)
107  758       4       java.lang.CharacterDataLatin1::isWhitespace (23 bytes)
107  742       3       java.util.ImmutableCollections$List12::<init> (21 bytes)
107  760       3       jdk.internal.classfile.impl.AttributeHolder::withAttribute (124 bytes)
107  412       3       java.lang.CharacterDataLatin1::isWhitespace (23 bytes)   made not entrant: not used
107  763       4       java.util.ArrayList$Itr::next (66 bytes)
108  764       3       jdk.internal.classfile.impl.StackCounter::next (68 bytes)
108  610       4       java.util.HashMap::put (13 bytes)   made not entrant: uncommon trap
108  762       3       jdk.internal.classfile.impl.StackCounter$Target::<init> (15 bytes)
108  754       3       jdk.internal.reflect.ConstantPool::getUTF8At (10 bytes)
108  757       3       jdk.internal.reflect.ReflectionFactory::copyMethod (11 bytes)
108  450       3       java.util.ArrayList$Itr::next (66 bytes)   made not entrant: not used
108  759       3       jdk.internal.classfile.impl.UnboundAttribute::<init> (10 bytes)
108  761       3       java.lang.StringConcatHelper::prepend (62 bytes)
108  769       4       jdk.internal.classfile.impl.SplitConstantPool::entryByIndex (59 bytes)
108  739       3       sun.reflect.generics.factory.CoreReflectionFactory::getDeclsLoader (87 bytes)
109  767       3       jdk.internal.classfile.impl.DirectMethodBuilder::methodTypeSymbol (8 bytes)
109  766       3       jdk.internal.classfile.impl.SplitConstantPool::utf8Entry (25 bytes)
109  770       3       sun.reflect.annotation.AnnotationInvocationHandler::invoke (182 bytes)
109  293       3       jdk.internal.classfile.impl.SplitConstantPool::entryByIndex (59 bytes)   made not entrant: not used
109  719       4       jdk.jfr.internal.Type::getKnownType (65 bytes)   made not entrant: uncommon trap
109  753       1       jdk.internal.classfile.impl.AbstractPoolEntry$FieldRefEntryImpl::tag (3 bytes)
109  768       1       jdk.internal.constant.PrimitiveClassDescImpl::descriptorString (5 bytes)
109  765       1       java.lang.Boolean::booleanValue (5 bytes)
109  771     n 0       java.lang.invoke.MethodHandle::linkToStatic(IL)L (native)   (static)
109  772     n 0       java.lang.invoke.MethodHandle::invokeBasic(L)I (native)   
109  773     n 0       java.lang.invoke.MethodHandle::linkToSpecial(LLL)I (native)   (static)
110  774       3       java.lang.invoke.LambdaForm::argument (27 bytes)
110  775     n 0       java.lang.invoke.MethodHandle::linkToStatic(LLLLLL)L (native)   (static)
110  776   !   3       java.lang.invoke.MemberName$Factory::resolve (159 bytes)
110  780     n 0       java.lang.invoke.MethodHandle::invokeBasic(LLLLL)L (native)   
110  778       3       java.lang.Class::isInterface (8 bytes)
110  779       3       java.lang.reflect.Modifier::isInterface (14 bytes)
110  782       3       jdk.internal.classfile.impl.BufWriterImpl::writeIndex (10 bytes)
111  783       4       java.util.HashMap::put (13 bytes)
111  784       3       java.lang.invoke.DirectMethodHandle::internalMemberName (8 bytes)
111  777       3       java.lang.invoke.MethodType::genericMethodType (95 bytes)
111  785       3       jdk.jfr.internal.Type::getKnownType (65 bytes)
111  781       3       java.lang.invoke.LambdaForm$BasicType::basicType (187 bytes)
111  786       3       java.lang.reflect.Modifier::isProtected (12 bytes)
112  790       3       java.lang.Class::getReflectionFactory (18 bytes)
112  787       3       java.lang.invoke.LambdaForm$BasicType::basicType (8 bytes)
112  791       3       java.lang.reflect.AccessibleObject::<init> (5 bytes)
112  788       3       sun.invoke.util.Wrapper::basicTypeChar (18 bytes)
112  792       3       java.lang.WeakPairMap::expungeStaleAssociations (31 bytes)
112  794       3       java.lang.AbstractStringBuilder::append (102 bytes)
112  798       4       jdk.internal.constant.MethodTypeDescImpl::parameterCount (6 bytes)
112  795       3       jdk.internal.constant.ConstantUtils::referenceClassDesc (20 bytes)
112  558       3       jdk.internal.constant.MethodTypeDescImpl::parameterCount (6 bytes)   made not entrant: not used
112  801       3       java.lang.reflect.Executable::<init> (5 bytes)
112  796       3       jdk.internal.classfile.impl.DirectCodeBuilder::with (9 bytes)
113  802       3       jdk.internal.classfile.impl.SplitConstantPool::nameAndTypeEntry (7 bytes)
113  803       3       jdk.internal.classfile.impl.SplitConstantPool::nameAndTypeEntry (60 bytes)
113  797       3       jdk.internal.classfile.impl.DirectCodeBuilder::with (33 bytes)
113  793       3       jdk.internal.classfile.impl.SplitConstantPool::utf8Entry (6 bytes)
113  806       3       jdk.internal.classfile.impl.Util::slotSize (24 bytes)
113  804       3       java.lang.reflect.Method::<init> (68 bytes)
113  805       3       jdk.internal.classfile.impl.BufWriterImpl::skip (22 bytes)
113  807       3       java.lang.Class::privateGetDeclaredMethods (56 bytes)
113  808       3       java.lang.reflect.Method::copy (92 bytes)
114  799       1       jdk.internal.classfile.impl.StackCounter::maxStack (5 bytes)
114  800       1       jdk.internal.classfile.impl.StackCounter::maxLocals (5 bytes)
114  809       3       java.lang.Math::ceil (5 bytes)
114  789       1       java.lang.invoke.DirectMethodHandle::internalMemberName (5 bytes)
114  810       3       jdk.internal.loader.BootLoader::getClassLoaderValueMap (4 bytes)
114  812       3       jdk.internal.access.SharedSecrets::getJavaLangAccess (4 bytes)
114  811       3       java.lang.Class::getAnnotation (22 bytes)
114  813       3       jdk.internal.loader.AbstractClassLoaderValue::extractValue (17 bytes)
114  604       3       jdk.jfr.EventSettings$InternalAccess::getType (98 bytes)   made not entrant: C1 deoptimize for patching
114  814       3       jdk.internal.loader.AbstractClassLoaderValue::<init> (5 bytes)
114  816     n 0       jdk.internal.reflect.Reflection::getCallerClass (native)   (static)
114  815       1       java.lang.reflect.Method::getRoot (5 bytes)
115  817       3       java.lang.WeakPairMap::get (17 bytes)
115  819       3       jdk.internal.loader.AbstractClassLoaderValue::sub (10 bytes)
115  820       3       java.lang.Class::getMethod (38 bytes)
115  823       3       java.lang.invoke.Invokers$Holder::linkToTargetMethod (8 bytes)
115  824       3       java.lang.invoke.LambdaForm$Holder::constant_L (8 bytes)
115  822       3       java.lang.Module::implIsExportedOrOpen (92 bytes)
116  821       3       java.lang.Class::getMethod0 (32 bytes)
116  825       3       jdk.internal.classfile.impl.SplitConstantPool::methodRefEntry (72 bytes)
116  818       3       java.lang.Class::isAnnotation (17 bytes)
116  827       3       jdk.internal.classfile.impl.AbstractPoolEntry$MethodRefEntryImpl::<init> (12 bytes)
116  831       3       java.lang.WeakPairMap$Pair$Lookup::hashCode (12 bytes)
116  826       3       jdk.internal.constant.ClassOrInterfaceDescImpl::equals (33 bytes)
116  832       4       jdk.jfr.EventSettings$InternalAccess::getType (98 bytes)
116  830       1       java.util.Collections$EmptyMap::get (2 bytes)
117  833       3       sun.reflect.generics.parser.SignatureParser::parseTypeSignature (130 bytes)
117  835       3       java.lang.Class::forName (8 bytes)
117  836       3       java.lang.WeakPairMap$Pair$Weak::first (5 bytes)
117  838     n 0       java.lang.Class::getConstantPool (native)   
117  837       3       java.util.ImmutableCollections$List12::<init> (20 bytes)
117  834       3       java.lang.Class::getInterfaces (40 bytes)
117  841       4       java.lang.StringLatin1::replace (197 bytes)
117  842       3       sun.reflect.generics.parser.SignatureParser::parsePackageNameAndSimpleClassTypeSignature (119 bytes)
117  843       4       jdk.internal.classfile.impl.EntryMap::firstToken (50 bytes)
117  845       3       jdk.internal.classfile.impl.Util::isAttributeAllowed (45 bytes)
117  848       4       jdk.internal.classfile.impl.SplitConstantPool::canWriteDirect (24 bytes)
118  844       3       jdk.internal.classfile.impl.DirectCodeBuilder::aload (32 bytes)
118  283       3       jdk.internal.classfile.impl.EntryMap::firstToken (50 bytes)   made not entrant: not used
118  846       3       jdk.internal.classfile.impl.Util::writeAttribute (67 bytes)
118  847       3       jdk.internal.classfile.impl.BufWriterImpl::patchInt (41 bytes)
118  290       3       jdk.internal.classfile.impl.SplitConstantPool::canWriteDirect (24 bytes)   made not entrant: not used
118  849       4       java.lang.Long::equals (32 bytes)
118  839       3       java.lang.invoke.LambdaForm$MH/0x00001c0001041000::invoke (25 bytes)
118  840       3       java.lang.invoke.DirectMethodHandle$Holder::invokeSpecial (15 bytes)
118  828       1       jdk.internal.classfile.impl.BufWriterImpl::labelContext (5 bytes)
118  829       1       jdk.internal.classfile.impl.DirectCodeBuilder::methodInfo (5 bytes)
118  639       3       java.lang.Long::equals (32 bytes)   made not entrant: not used
118  850       3       sun.invoke.util.VerifyAccess::isSamePackage (37 bytes)
119  851       1       java.lang.reflect.Field::getType (5 bytes)
119  852       3       java.util.List::of (9 bytes)
119  853       4       java.lang.Long::hashCode (8 bytes)
119  854  s    3       jdk.jfr.internal.TypeLibrary::createAnnotation (103 bytes)
119  627       3       java.lang.Long::hashCode (8 bytes)   made not entrant: not used
119  856       4       java.lang.Long::valueOf (40 bytes)
119  861       3       java.lang.Module::isExplicitlyExportedOrOpened (70 bytes)
119  629       3       java.lang.Long::valueOf (40 bytes)   made not entrant: not used
119  863       3       java.lang.WeakPairMap$Pair::equals (34 bytes)
120  862       4       jdk.internal.util.ArraysSupport::hashCodeOfUnsigned (55 bytes)
120  864       4       java.lang.String::toString (2 bytes)
120  865       3       java.lang.WeakPairMap$Pair$Lookup::equals (31 bytes)
120  333       3       java.lang.String::toString (2 bytes)   made not entrant: not used
120  858       3       java.lang.Class::annotationData (44 bytes)
120  211       3       jdk.internal.util.ArraysSupport::hashCodeOfUnsigned (55 bytes)   made not entrant: not used
120  855       3       java.lang.reflect.Modifier::isPrivate (12 bytes)
120  860       3       java.lang.PublicMethods$MethodList::getMostSpecific (63 bytes)
120  866       3       java.lang.WeakPairMap$Pair$Weak::second (8 bytes)
120  857       1       java.lang.reflect.Field::getModifiers (5 bytes)
120  859       1       java.lang.reflect.Field::getName (5 bytes)
120  868       3       java.lang.invoke.Invokers$Holder::invokeExact_MT (23 bytes)
121  869       3       java.lang.invoke.Invokers::checkExactType (17 bytes)
121  870       3       java.lang.invoke.Invokers::checkCustomized (23 bytes)
121  871       3       java.lang.invoke.Invokers::maybeCustomize (5 bytes)
121  867       3       jdk.internal.loader.AbstractClassLoaderValue$Sub::hashCode (19 bytes)
121  872       3       jdk.internal.loader.AbstractClassLoaderValue::map (20 bytes)
121  875       4       java.lang.Iterable::forEach (39 bytes)
121  878   !   3       sun.reflect.annotation.AnnotationParser::parseAnnotation2 (275 bytes)
121  873       3       java.lang.invoke.LambdaForm$MH/0x00001c0001041400::invoke (35 bytes)
122  879       3       java.lang.Module::isReflectivelyExportedOrOpened (182 bytes)
122  312       3       java.lang.StringLatin1::replace (197 bytes)   made not entrant: not used
122  880   !   3       jdk.internal.loader.AbstractClassLoaderValue::computeIfAbsent (113 bytes)
123  876       3       jdk.jfr.internal.TypeLibrary$$Lambda/0x00001c00010359d0::test (8 bytes)
123  877       3       jdk.jfr.internal.TypeLibrary::lambda$addTypes$0 (24 bytes)
123  888       4       jdk.internal.classfile.impl.AbstractPoolEntry::maybeClone (26 bytes)
123  874       3       java.lang.String::substring (10 bytes)
123  889       4       java.util.ArrayDeque::add (7 bytes)
123  883       3       sun.reflect.generics.parser.SignatureParser::parseClassTypeSignature (95 bytes)
123  608       3       java.lang.Iterable::forEach (39 bytes)   made not entrant: not used
123  289       3       jdk.internal.classfile.impl.AbstractPoolEntry::maybeClone (26 bytes)   made not entrant: not used
123  593       3       java.util.ArrayDeque::add (7 bytes)   made not entrant: not used
124  884       3       sun.reflect.generics.tree.SimpleClassTypeSignature::<init> (20 bytes)
124  885       3       java.lang.WeakPairMap$Pair::lookup (10 bytes)
124  886       3       java.lang.WeakPairMap$Pair$Lookup::<init> (21 bytes)
124  882   !   3       java.lang.reflect.Executable::declaredAnnotations (85 bytes)
124  881       3       jdk.jfr.internal.TypeLibrary::shouldPersist (21 bytes)
124  894       3       java.lang.invoke.MethodHandle::maybeCustomize (38 bytes)
124  887       3       sun.reflect.generics.parser.SignatureParser::parseFieldTypeSignature (73 bytes)
124  896  s    3       jdk.jfr.internal.TypeLibrary::createAnnotationType (148 bytes)
125  892       3       sun.reflect.generics.tree.SimpleClassTypeSignature::make (11 bytes)
125  895       3       java.nio.HeapByteBuffer::get (14 bytes)
125  897       1       java.lang.reflect.Field::getDeclaringClass (5 bytes)
125  890       3       java.lang.AbstractStringBuilder::newCapacity (49 bytes)
126  893       1       java.util.Collections$SingletonList::size (2 bytes)
126  891       1       jdk.internal.classfile.impl.UnboundAttribute$UnboundExceptionsAttribute::exceptions (5 bytes)
126  898       3       java.lang.Boolean::valueOf (14 bytes)
127  902       4       java.util.Arrays::copyOf (40 bytes)
127  901       3       jdk.jfr.internal.util.Utils::findField (44 bytes)
127  894       3       java.lang.invoke.MethodHandle::maybeCustomize (38 bytes)   made not entrant: C1 deoptimize for patching
127  899       3       java.lang.invoke.DirectMethodHandle$Holder::invokeSpecial (14 bytes)
127  906       3       java.lang.invoke.LambdaForm$Name::withIndex (35 bytes)
127  907       4       java.lang.String::getBytes (44 bytes)
127  900       3       jdk.jfr.internal.Type::getField (68 bytes)
127  903       3       jdk.internal.module.Modules::addExports (12 bytes)
127  904       3       java.lang.System$1::addExports (7 bytes)
127  905       3       java.lang.Module::implAddExports (9 bytes)
127   68       3       java.lang.String::getBytes (44 bytes)   made not entrant: not used
127  908       1       sun.invoke.util.Wrapper::basicClassDescriptor (5 bytes)
128  909       3       jdk.internal.classfile.impl.AbstractPoolEntry$NameAndTypeEntryImpl::<init> (12 bytes)
128  910       3       jdk.internal.classfile.impl.BufWriterImpl::writeU2U2 (61 bytes)
128  911       3       java.lang.invoke.MethodHandle::maybeCustomize (38 bytes)
128  422       3       java.util.Arrays::copyOf (40 bytes)   made not entrant: not used
128  912   !   3       jdk.proxy1.$Proxy5::annotationType (28 bytes)
128  913       3       java.lang.invoke.MethodType::parameterSlotCount (8 bytes)
128  914       3       jdk.internal.classfile.impl.StackMapGenerator$Frame::checkStack (96 bytes)
128  915       3       java.lang.reflect.Method::getRoot (5 bytes)
128  916       3       jdk.internal.misc.VM::isSystemDomainLoader (17 bytes)
128  917       3       jdk.internal.classfile.impl.RawBytecodeHelper$CodeRange::start (9 bytes)
128  918       3       jdk.internal.classfile.impl.RawBytecodeHelper::<init> (10 bytes)
129  919       3       jdk.internal.classfile.impl.StackMapGenerator$Frame::pushStack (27 bytes)
129  921       3       java.util.HashMap::putMapEntries (170 bytes)
129  922       4       java.util.HashMap::containsKey (14 bytes)
129  920   !   3       java.lang.reflect.Field::declaredAnnotations (82 bytes)
129  923       3       sun.reflect.generics.tree.ClassTypeSignature::accept (8 bytes)
130  924       3       sun.reflect.generics.visitor.Reifier::visitClassTypeSignature (381 bytes)
130  930       3       jdk.jfr.internal.TypeLibrary::isDefined (16 bytes)
130  932       4       java.util.HashMap::putVal (300 bytes)
130  925       3       java.lang.StringBuilder::<init> (6 bytes)
130  926       3       java.lang.AbstractStringBuilder::<init> (68 bytes)
130  927       3       java.lang.StringBuilder::append (6 bytes)
130  928   !   3       sun.reflect.generics.factory.CoreReflectionFactory::makeNamedType (21 bytes)
131  929       3       sun.reflect.annotation.AnnotationParser::annotationForMap (28 bytes)
131  931       3       jdk.jfr.internal.TypeLibrary::getType (19 bytes)
131  937       4       jdk.jfr.internal.Type::getKnownType (65 bytes)
131  933       3       java.lang.reflect.Proxy::newProxyInstance (17 bytes)
131  934       3       java.lang.reflect.Proxy::getProxyConstructor (63 bytes)
131  455       3       java.util.HashMap::containsKey (14 bytes)   made not entrant: not used
132  942       3       java.lang.Module::implAddExportsOrOpens (279 bytes)
132  943     n 0       java.lang.invoke.MethodHandle::invokeBasic(I)V (native)   
133  935   !   3       java.lang.reflect.Proxy::newProxyInstance (62 bytes)
133  785       3       jdk.jfr.internal.Type::getKnownType (65 bytes)   made not entrant: not used
133  936       3       sun.reflect.annotation.AnnotationInvocationHandler::<init> (71 bytes)
133  939       3       jdk.internal.loader.AbstractClassLoaderValue$Sub::equals (55 bytes)
134  940   !   3       jdk.jfr.internal.TypeLibrary::invokeAnnotation (193 bytes)
134  947     n 0       java.lang.invoke.MethodHandle::linkToSpecial(LL)J (native)   (static)
134  617       3       jdk.jfr.internal.TypeLibrary::visitAnnotations (92 bytes)   made not entrant: marked for deoptimization
134  764       3       jdk.internal.classfile.impl.StackCounter::next (68 bytes)   made not entrant: marked for deoptimization
134  561       3       java.util.Comparator$$Lambda/0x00001c000102bee8::compare (10 bytes)   made not entrant: marked for deoptimization
134  562       3       java.util.Comparator::lambda$comparingLong$6043328a$1 (18 bytes)   made not entrant: marked for deoptimization
134  945       3       sun.invoke.util.Wrapper::forPrimitiveType (122 bytes)
135  946       3       java.lang.invoke.MethodType::basicType (8 bytes)
135  948       3       java.lang.StrictMath::floorOrCeil (128 bytes)
135  938       3       jdk.internal.misc.Unsafe::getLongUnaligned (173 bytes)
135  577       3       java.util.HashMap::putVal (300 bytes)   made not entrant: not used
135  941       3       java.lang.Module::isExported (18 bytes)
135  944       1       java.lang.invoke.LambdaForm$Name::index (5 bytes)
135  949       3       java.lang.AbstractStringBuilder::ensureCapacitySameCoder (26 bytes)
136  950       3       sun.nio.fs.UnixPath::checkNotNul (16 bytes)
136  951     n 0       java.lang.invoke.MethodHandle::linkToStatic(LLL)V (native)   (static)
136  952       1       java.lang.invoke.LambdaForm$BasicType::basicTypeKind (5 bytes)
136  953       3       jdk.internal.classfile.impl.StackMapGenerator$Frame::checkLocal (97 bytes)
136  954       3       jdk.internal.classfile.impl.BufWriterImpl::writeInt (58 bytes)
136  955       3       jdk.internal.classfile.impl.AbstractPoolEntry$Utf8EntryImpl::clone (6 bytes)
136  958       3       jdk.jfr.internal.Type::compareTo (9 bytes)
137  959       3       jdk.jfr.internal.Type::compareTo (12 bytes)
137  956       3       jdk.internal.classfile.impl.AbstractPoolEntry$Utf8EntryImpl::clone (65 bytes)
137  960       3       java.lang.invoke.MethodTypeForm::canonicalizeAll (63 bytes)
137  957       1       jdk.jfr.internal.Type::isVisible (5 bytes)
137  856       4       java.lang.Long::valueOf (40 bytes)   made not entrant: uncommon trap
137  961       4       java.lang.invoke.MethodType::parameterCount (6 bytes)
137  965       3       java.lang.Long::valueOf (40 bytes)
137  964       3       jdk.internal.util.DecimalDigits::uncheckedGetCharsLatin1 (160 bytes)
137  178       3       java.lang.invoke.MethodType::parameterCount (6 bytes)   made not entrant: not used
137  966       3       jdk.internal.util.DecimalDigits::uncheckedPutPairLatin1 (31 bytes)
137  967       3       java.lang.String::valueOf (15 bytes)
138  969       3       jdk.jfr.internal.MetadataDescriptor$Element::addAttribute (23 bytes)
138  972       4       java.util.Arrays::copyOf (10 bytes)
138  970       3       jdk.jfr.internal.MetadataDescriptor$Attribute::<init> (15 bytes)
138  973       4       jdk.jfr.AnnotationElement::getTypeId (8 bytes)
138  968       3       java.util.Collections::unmodifiableList (51 bytes)
138  695       3       jdk.jfr.AnnotationElement::getTypeId (8 bytes)   made not entrant: not used
138  971       3       java.lang.Long::toString (55 bytes)
138  974       3       jdk.jfr.internal.MetadataDescriptor$Element::<init> (32 bytes)
138  978       4       java.util.Collections$UnmodifiableCollection$1::hasNext (10 bytes)
138  979       3       jdk.jfr.internal.MetadataWriter::makeAnnotation (115 bytes)
138  981       4       jdk.internal.util.DecimalDigits::uncheckedPutCharLatin1 (40 bytes)
139  962       3       java.lang.Boolean::toString (8 bytes)
139  493       3       java.util.Arrays::copyOf (10 bytes)   made not entrant: not used
139  619       3       java.util.Collections$UnmodifiableCollection$1::hasNext (10 bytes)   made not entrant: not used
139  975       3       jdk.jfr.internal.MetadataDescriptor$Element::newChild (22 bytes)
139  721       3       jdk.internal.util.DecimalDigits::uncheckedPutCharLatin1 (40 bytes)   made not entrant: not used
139  982       3       jdk.jfr.internal.MetadataWriter::makeFieldElement (114 bytes)
139  980       3       jdk.jfr.AnnotationElement::getValueDescriptors (11 bytes)
139  977       1       jdk.jfr.ValueDescriptor::isConstantPool (5 bytes)
139  963       3       java.lang.String::valueOf (14 bytes)
140  988       4       java.util.Collections$UnmodifiableCollection$1::next (10 bytes)
140  987       3       jdk.internal.util.DecimalDigits::stringSize (47 bytes)
140  986       4       jdk.jfr.internal.MetadataDescriptor$Element::addAttribute (23 bytes)
140  985       3       jdk.jfr.ValueDescriptor::getTypeId (8 bytes)
140  990       4       java.util.ArrayList::iterator (9 bytes)
140  983       1       jdk.jfr.SettingDescriptor::getName (5 bytes)
140  984       1       jdk.jfr.SettingDescriptor::getDefaultValue (5 bytes)
140  615       3       java.util.Collections$UnmodifiableCollection$1::next (10 bytes)   made not entrant: not used
140  992       4       jdk.internal.util.DecimalDigits::uncheckedPutPairLatin1 (31 bytes)
140  991       3       jdk.jfr.SettingDescriptor::getTypeId (8 bytes)
140  436       3       java.util.ArrayList::iterator (9 bytes)   made not entrant: not used
140  989       1       jdk.jfr.internal.Type::getSuperType (5 bytes)
140  976       3       java.lang.Long::toString (8 bytes)
140  994       3       jdk.jfr.internal.MetadataWriter::makeTypeElement (210 bytes)
140  966       3       jdk.internal.util.DecimalDigits::uncheckedPutPairLatin1 (31 bytes)   made not entrant: not used
141 1001       4       java.util.HashSet::add (20 bytes)
141 1002       1       jdk.jfr.internal.MetadataDescriptor$Attribute::name (5 bytes)
141 1004       3       jdk.jfr.internal.MetadataWriter::buildStringPool (109 bytes)
141  993       3       jdk.jfr.SettingDescriptor::getAnnotationElements (8 bytes)
141  995       3       jdk.internal.util.DecimalDigits::uncheckedGetCharsLatin1 (105 bytes)
141  969       3       jdk.jfr.internal.MetadataDescriptor$Element::addAttribute (23 bytes)   made not entrant: not used
142  998       3       java.util.ArrayList::elementAt (4 bytes)
142  996       3       jdk.jfr.internal.util.Utils::isSettingVisible (45 bytes)
142 1005       4       jdk.jfr.internal.MetadataWriter::buildStringPool (109 bytes)
142  997       3       jdk.jfr.internal.settings.ThresholdSetting::isType (14 bytes)
142  999       3       java.lang.StringBuilder::append (8 bytes)
142 1000       3       java.lang.AbstractStringBuilder::append (72 bytes)
142 1010       3       jdk.jfr.internal.MetadataWriter::writeInt (148 bytes)
142 1007       3       java.io.ByteArrayOutputStream::ensureCapacity (32 bytes)
142 1003       1       jdk.jfr.internal.MetadataDescriptor$Attribute::value (5 bytes)
142 1006  s    3       java.io.ByteArrayOutputStream::write (32 bytes)
142 1008       3       java.io.DataOutputStream::incCount (20 bytes)
142 1012       3       jdk.jfr.internal.MetadataWriter::writeString (67 bytes)
143 1014  s    4       java.io.ByteArrayOutputStream::write (32 bytes)
143 1011       1       jdk.jfr.internal.consumer.StringParser$Encoding::byteValue (5 bytes)
143 1013       3       java.lang.Integer::valueOf (32 bytes)
143 1006  s    3       java.io.ByteArrayOutputStream::write (32 bytes)   made not entrant: not used
143 1017       4       java.io.DataOutputStream::incCount (20 bytes)
143 1009  s    2       java.io.DataOutputStream::write (14 bytes)
143 1008       3       java.io.DataOutputStream::incCount (20 bytes)   made not entrant: not used
144 1015       4       jdk.jfr.internal.MetadataWriter::writeInt (148 bytes)
144 1018       3       java.io.DataOutputStream::writeByte (14 bytes)
144 1019       3       java.lang.Integer::<init> (10 bytes)
144 1014  s    4       java.io.ByteArrayOutputStream::write (32 bytes)   made not entrant: uncommon trap
144 1022  s    3       java.io.ByteArrayOutputStream::write (32 bytes)
145 1024       1       java.lang.Integer::intValue (5 bytes)
145 1010       3       jdk.jfr.internal.MetadataWriter::writeInt (148 bytes)   made not entrant: not used
145 1023  s    4       java.io.ByteArrayOutputStream::write (32 bytes)
145 1025       3       jdk.jfr.internal.MetadataWriter::write (168 bytes)
145  115       3       java.util.HashSet::add (20 bytes)   made not entrant: not used
146 1021       4       jdk.jfr.internal.MetadataWriter::writeString (67 bytes)
146 1022  s    3       java.io.ByteArrayOutputStream::write (32 bytes)   made not entrant: not used
146 1016       4       java.io.ByteArrayOutputStream::ensureCapacity (32 bytes)
146 1007       3       java.io.ByteArrayOutputStream::ensureCapacity (32 bytes)   made not entrant: not used
146 1026       4       java.util.LinkedHashMap::get (29 bytes)
148 1029       3       java.lang.StrictMath::ceil (10 bytes)
148 1030       3       jdk.jfr.internal.settings.BooleanSetting::parse (28 bytes)
148 1032       3       jdk.internal.util.ArraysSupport::mismatch (103 bytes)
148 1031       3       java.lang.String::startsWith (123 bytes)
149 1036     n 0       jdk.jfr.internal.JVM::setEnabled (native)   (static)
149 1033       1       jdk.jfr.internal.EventControl$NamedControl::name (5 bytes)
149 1034       1       jdk.jfr.internal.EventControl$NamedControl::control (5 bytes)
149  689       3       java.util.LinkedHashMap::get (29 bytes)   made not entrant: not used
149 1027       4       jdk.jfr.internal.MetadataWriter::write (168 bytes)
149 1035       1       jdk.jfr.internal.settings.BooleanSetting::getValue (5 bytes)
149 1037       1       jdk.jfr.internal.PlatformEventType::isEnabled (5 bytes)
149 1038       1       jdk.jfr.internal.EventControl::getEventType (5 bytes)
149 1039       1       jdk.jfr.internal.EventControl::getSettingsId (5 bytes)
150 1040       1       jdk.jfr.internal.EventControl::getNamedControls (5 bytes)
150 1041   !   3       jdk.jfr.internal.Control::setValue (69 bytes)
150  902       4       java.util.Arrays::copyOf (40 bytes)   made not entrant: uncommon trap
[0.150s][info][jfr,startup] Started recording 1. No limit specified, using maxsize=250MB as default.
[0.150s][info][jfr,startup] 
[0.150s][info][jfr,startup] Use jcmd 9792 JFR.dump name=1 to copy recording data to file.
150 1042       3       jdk.jfr.internal.Control::setDefault (24 bytes)
150 1043       3       jdk.jfr.internal.Control::apply (25 bytes)
150 1044       1       jdk.jfr.internal.periodic.EventTask::getEventType (5 bytes)
150 1045       1       jdk.jfr.internal.periodic.PeriodicTask::getPeriod (5 bytes)
150  841       4       java.lang.StringLatin1::replace (197 bytes)   made not entrant: uncommon trap
155 1012       3       jdk.jfr.internal.MetadataWriter::writeString (67 bytes)   made not entrant: not used
155 1028       4       java.util.HashSet::contains (9 bytes)
157  597       3       java.util.HashSet::contains (9 bytes)   made not entrant: not used
157 1020  s    4       java.io.DataOutputStream::write (14 bytes)
158 1046       3       Many::m0 (14 bytes)
159 1009  s    2       java.io.DataOutputStream::write (14 bytes)   made not entrant: not used
159 1047       4       Many::m0 (14 bytes)
159 1046       3       Many::m0 (14 bytes)   made not entrant: not used
159 1048       3       Many::m1 (14 bytes)
159 1049       4       Many::m1 (14 bytes)
160 1048       3       Many::m1 (14 bytes)   made not entrant: not used
161 1050       3       Many::m2 (14 bytes)
161 1051       4       Many::m2 (14 bytes)
161 1050       3       Many::m2 (14 bytes)   made not entrant: not used
162 1052       3       Many::m3 (14 bytes)
162 1053       4       Many::m3 (14 bytes)
163 1052       3       Many::m3 (14 bytes)   made not entrant: not used
164 1054       3       Many::m4 (14 bytes)
164 1055       4       Many::m4 (14 bytes)
164 1054       3       Many::m4 (14 bytes)   made not entrant: not used
166 1056       3       Many::m5 (14 bytes)
166 1057       4       Many::m5 (14 bytes)
166 1056       3       Many::m5 (14 bytes)   made not entrant: not used
167 1058       3       Many::m6 (14 bytes)
167 1059       4       Many::m6 (14 bytes)
167 1058       3       Many::m6 (14 bytes)   made not entrant: not used
169 1060       3       Many::m7 (14 bytes)
169 1061       4       Many::m7 (14 bytes)
169 1060       3       Many::m7 (14 bytes)   made not entrant: not used
170 1062       3       Many::m8 (14 bytes)
170 1063       4       Many::m8 (14 bytes)
170 1062       3       Many::m8 (14 bytes)   made not entrant: not used
172 1064       3       Many::m9 (14 bytes)
172 1065       4       Many::m9 (14 bytes)
172 1064       3       Many::m9 (14 bytes)   made not entrant: not used
173 1066       3       Many::m10 (14 bytes)
173 1067       4       Many::m10 (14 bytes)
173 1066       3       Many::m10 (14 bytes)   made not entrant: not used
175 1068       3       Many::m11 (14 bytes)
175 1069       4       Many::m11 (14 bytes)
175 1068       3       Many::m11 (14 bytes)   made not entrant: not used
176 1070       3       Many::m12 (14 bytes)
176 1071       4       Many::m12 (14 bytes)
176 1070       3       Many::m12 (14 bytes)   made not entrant: not used
178 1072       3       Many::m13 (14 bytes)
178 1073       4       Many::m13 (14 bytes)
178 1072       3       Many::m13 (14 bytes)   made not entrant: not used
179 1074       3       Many::m14 (14 bytes)
179 1075       4       Many::m14 (14 bytes)
179 1074       3       Many::m14 (14 bytes)   made not entrant: not used
181 1076       3       Many::m15 (14 bytes)
181 1077       4       Many::m15 (14 bytes)
181 1076       3       Many::m15 (14 bytes)   made not entrant: not used
182 1078       3       Many::m16 (14 bytes)
183 1079       4       Many::m16 (14 bytes)
183 1078       3       Many::m16 (14 bytes)   made not entrant: not used
184 1080       3       Many::m17 (14 bytes)
184 1081       4       Many::m17 (14 bytes)
184 1080       3       Many::m17 (14 bytes)   made not entrant: not used
185 1082       3       Many::m18 (14 bytes)
185 1083       4       Many::m18 (14 bytes)
186 1082       3       Many::m18 (14 bytes)   made not entrant: not used
187 1084       3       Many::m19 (14 bytes)
187 1085       4       Many::m19 (14 bytes)
187 1084       3       Many::m19 (14 bytes)   made not entrant: not used
188 1086       3       Many::m20 (14 bytes)
189 1087       4       Many::m20 (14 bytes)
189 1086       3       Many::m20 (14 bytes)   made not entrant: not used
190 1088       3       Many::m21 (14 bytes)
190 1089       4       Many::m21 (14 bytes)
190 1088       3       Many::m21 (14 bytes)   made not entrant: not used
191 1090       3       Many::m22 (14 bytes)
191 1091       4       Many::m22 (14 bytes)
192 1090       3       Many::m22 (14 bytes)   made not entrant: not used
193 1092       3       Many::m23 (14 bytes)
193 1093       4       Many::m23 (14 bytes)
193 1092       3       Many::m23 (14 bytes)   made not entrant: not used
194 1094       3       Many::m24 (14 bytes)
195 1095       4       Many::m24 (14 bytes)
195 1094       3       Many::m24 (14 bytes)   made not entrant: not used
196 1096       3       Many::m25 (14 bytes)
196 1097       4       Many::m25 (14 bytes)
196 1096       3       Many::m25 (14 bytes)   made not entrant: not used
197 1098       3       Many::m26 (14 bytes)
198 1099       4       Many::m26 (14 bytes)
198 1098       3       Many::m26 (14 bytes)   made not entrant: not used
199 1100       3       Many::m27 (14 bytes)
199 1101       4       Many::m27 (14 bytes)
199 1100       3       Many::m27 (14 bytes)   made not entrant: not used
200 1004       3       jdk.jfr.internal.MetadataWriter::buildStringPool (109 bytes)   made not entrant: not used
201 1102       3       Many::m28 (14 bytes)
201 1103       4       Many::m28 (14 bytes)
201 1102       3       Many::m28 (14 bytes)   made not entrant: not used
202 1104       3       Many::m29 (14 bytes)
202 1105       4       Many::m29 (14 bytes)
202 1104       3       Many::m29 (14 bytes)   made not entrant: not used
204 1106       3       Many::m30 (14 bytes)
204 1107       4       Many::m30 (14 bytes)
204 1106       3       Many::m30 (14 bytes)   made not entrant: not used
205 1108       3       Many::m31 (14 bytes)
205 1109       4       Many::m31 (14 bytes)
205 1108       3       Many::m31 (14 bytes)   made not entrant: not used
206 1110       3       Many::m32 (14 bytes)
207 1111       4       Many::m32 (14 bytes)
207 1110       3       Many::m32 (14 bytes)   made not entrant: not used
208 1112       3       Many::m33 (14 bytes)
208 1113       4       Many::m33 (14 bytes)
208 1112       3       Many::m33 (14 bytes)   made not entrant: not used
209 1114       3       Many::m34 (14 bytes)
210 1115       4       Many::m34 (14 bytes)
210 1114       3       Many::m34 (14 bytes)   made not entrant: not used
211 1116       3       Many::m35 (14 bytes)
211 1117       4       Many::m35 (14 bytes)
211 1116       3       Many::m35 (14 bytes)   made not entrant: not used
212 1118       3       Many::m36 (14 bytes)
212 1119       4       Many::m36 (14 bytes)
213 1118       3       Many::m36 (14 bytes)   made not entrant: not used
214 1120       3       Many::m37 (14 bytes)
214 1121       4       Many::m37 (14 bytes)
214 1120       3       Many::m37 (14 bytes)   made not entrant: not used
215 1122       3       Many::m38 (14 bytes)
216 1123       4       Many::m38 (14 bytes)
216 1122       3       Many::m38 (14 bytes)   made not entrant: not used
217 1124       3       Many::m39 (14 bytes)
217 1125       4       Many::m39 (14 bytes)
217 1124       3       Many::m39 (14 bytes)   made not entrant: not used
218 1126       3       Many::m40 (14 bytes)
219 1127       4       Many::m40 (14 bytes)
219 1126       3       Many::m40 (14 bytes)   made not entrant: not used
220 1128       3       Many::m41 (14 bytes)
220 1129       4       Many::m41 (14 bytes)
220 1128       3       Many::m41 (14 bytes)   made not entrant: not used
221 1130       3       Many::m42 (14 bytes)
221 1131       4       Many::m42 (14 bytes)
222 1130       3       Many::m42 (14 bytes)   made not entrant: not used
223 1132       3       Many::m43 (14 bytes)
223 1133       4       Many::m43 (14 bytes)
223 1132       3       Many::m43 (14 bytes)   made not entrant: not used
224 1134       3       Many::m44 (14 bytes)
224 1135       4       Many::m44 (14 bytes)
225 1134       3       Many::m44 (14 bytes)   made not entrant: not used
226 1136       3       Many::m45 (14 bytes)
226 1137       4       Many::m45 (14 bytes)
226 1136       3       Many::m45 (14 bytes)   made not entrant: not used
227 1138       3       Many::m46 (14 bytes)
227 1139       4       Many::m46 (14 bytes)
227 1138       3       Many::m46 (14 bytes)   made not entrant: not used
229 1140       3       Many::m47 (14 bytes)
229 1141       4       Many::m47 (14 bytes)
229 1140       3       Many::m47 (14 bytes)   made not entrant: not used
230 1142       3       Many::m48 (14 bytes)
230 1143       4       Many::m48 (14 bytes)
230 1142       3       Many::m48 (14 bytes)   made not entrant: not used
232 1144       3       Many::m49 (14 bytes)
232 1145       4       Many::m49 (14 bytes)
232 1144       3       Many::m49 (14 bytes)   made not entrant: not used
233 1146       3       Many::m50 (14 bytes)
233 1147       4       Many::m50 (14 bytes)
234 1146       3       Many::m50 (14 bytes)   made not entrant: not used
235 1148       3       Many::m51 (14 bytes)
235 1149       4       Many::m51 (14 bytes)
235 1148       3       Many::m51 (14 bytes)   made not entrant: not used
236 1150       3       Many::m52 (14 bytes)
236 1151       4       Many::m52 (14 bytes)
237 1150       3       Many::m52 (14 bytes)   made not entrant: not used
238 1152       3       Many::m53 (14 bytes)
238 1153       4       Many::m53 (14 bytes)
238 1152       3       Many::m53 (14 bytes)   made not entrant: not used
239 1154       3       Many::m54 (14 bytes)
239 1155       4       Many::m54 (14 bytes)
240 1154       3       Many::m54 (14 bytes)   made not entrant: not used
241 1156       3       Many::m55 (14 bytes)
241 1157       4       Many::m55 (14 bytes)
241 1156       3       Many::m55 (14 bytes)   made not entrant: not used
242 1158       3       Many::m56 (14 bytes)
242 1159       4       Many::m56 (14 bytes)
242 1158       3       Many::m56 (14 bytes)   made not entrant: not used
244 1160       3       Many::m57 (14 bytes)
244 1161       4       Many::m57 (14 bytes)
244 1160       3       Many::m57 (14 bytes)   made not entrant: not used
245 1162       3       Many::m58 (14 bytes)
245 1163       4       Many::m58 (14 bytes)
245 1162       3       Many::m58 (14 bytes)   made not entrant: not used
247 1164       3       Many::m59 (14 bytes)
247 1165       4       Many::m59 (14 bytes)
247 1164       3       Many::m59 (14 bytes)   made not entrant: not used
248 1166       3       Many::m60 (14 bytes)
248 1167       4       Many::m60 (14 bytes)
248 1166       3       Many::m60 (14 bytes)   made not entrant: not used
250 1168       3       Many::m61 (14 bytes)
250 1169       4       Many::m61 (14 bytes)
250 1168       3       Many::m61 (14 bytes)   made not entrant: not used
251 1170       3       Many::m62 (14 bytes)
251 1171       4       Many::m62 (14 bytes)
251 1170       3       Many::m62 (14 bytes)   made not entrant: not used
253 1172       3       Many::m63 (14 bytes)
253 1173       4       Many::m63 (14 bytes)
253 1172       3       Many::m63 (14 bytes)   made not entrant: not used
254 1174       3       Many::m64 (14 bytes)
254 1175       4       Many::m64 (14 bytes)
254 1174       3       Many::m64 (14 bytes)   made not entrant: not used
255 1176       3       Many::m65 (14 bytes)
256 1177       4       Many::m65 (14 bytes)
256 1176       3       Many::m65 (14 bytes)   made not entrant: not used
257 1178       3       Many::m66 (14 bytes)
257 1179       4       Many::m66 (14 bytes)
257 1178       3       Many::m66 (14 bytes)   made not entrant: not used
258 1180       3       Many::m67 (14 bytes)
259 1181       4       Many::m67 (14 bytes)
259 1180       3       Many::m67 (14 bytes)   made not entrant: not used
260 1182       3       Many::m68 (14 bytes)
260 1183       4       Many::m68 (14 bytes)
260 1182       3       Many::m68 (14 bytes)   made not entrant: not used
261 1184       3       Many::m69 (14 bytes)
262 1185       4       Many::m69 (14 bytes)
262 1184       3       Many::m69 (14 bytes)   made not entrant: not used
263 1186       3       Many::m70 (14 bytes)
263 1187       4       Many::m70 (14 bytes)
263 1186       3       Many::m70 (14 bytes)   made not entrant: not used
264 1188       3       Many::m71 (14 bytes)
264 1189       4       Many::m71 (14 bytes)
264 1188       3       Many::m71 (14 bytes)   made not entrant: not used
266 1190       3       Many::m72 (14 bytes)
266 1191       4       Many::m72 (14 bytes)
266 1190       3       Many::m72 (14 bytes)   made not entrant: not used
267 1192       3       Many::m73 (14 bytes)
268 1193       4       Many::m73 (14 bytes)
268 1192       3       Many::m73 (14 bytes)   made not entrant: not used
269 1194       3       Many::m74 (14 bytes)
269 1195       4       Many::m74 (14 bytes)
269 1194       3       Many::m74 (14 bytes)   made not entrant: not used
270 1196       3       Many::m75 (14 bytes)
270 1197       4       Many::m75 (14 bytes)
271 1196       3       Many::m75 (14 bytes)   made not entrant: not used
272 1198       3       Many::m76 (14 bytes)
272 1199       4       Many::m76 (14 bytes)
272 1198       3       Many::m76 (14 bytes)   made not entrant: not used
273 1025       3       jdk.jfr.internal.MetadataWriter::write (168 bytes)   made not entrant: not used
273 1200       3       Many::m77 (14 bytes)
273 1201       4       Many::m77 (14 bytes)
273 1200       3       Many::m77 (14 bytes)   made not entrant: not used
275 1202       3       Many::m78 (14 bytes)
275 1203       4       Many::m78 (14 bytes)
275 1202       3       Many::m78 (14 bytes)   made not entrant: not used
276 1204       3       Many::m79 (14 bytes)
276 1205       4       Many::m79 (14 bytes)
276 1204       3       Many::m79 (14 bytes)   made not entrant: not used
278 1206       3       Many::m80 (14 bytes)
278 1207       4       Many::m80 (14 bytes)
278 1206       3       Many::m80 (14 bytes)   made not entrant: not used
279 1208       3       Many::m81 (14 bytes)
279 1209       4       Many::m81 (14 bytes)
279 1208       3       Many::m81 (14 bytes)   made not entrant: not used
281 1210       3       Many::m82 (14 bytes)
281 1211       4       Many::m82 (14 bytes)
281 1210       3       Many::m82 (14 bytes)   made not entrant: not used
282 1212       3       Many::m83 (14 bytes)
282 1213       4       Many::m83 (14 bytes)
282 1212       3       Many::m83 (14 bytes)   made not entrant: not used
284 1214       3       Many::m84 (14 bytes)
284 1215       4       Many::m84 (14 bytes)
284 1214       3       Many::m84 (14 bytes)   made not entrant: not used
285 1216       3       Many::m85 (14 bytes)
285 1217       4       Many::m85 (14 bytes)
285 1216       3       Many::m85 (14 bytes)   made not entrant: not used
286 1218       3       Many::m86 (14 bytes)
287 1219       4       Many::m86 (14 bytes)
287 1218       3       Many::m86 (14 bytes)   made not entrant: not used
288 1220       3       Many::m87 (14 bytes)
288 1221       4       Many::m87 (14 bytes)
288 1220       3       Many::m87 (14 bytes)   made not entrant: not used
289 1222       3       Many::m88 (14 bytes)
289 1223       4       Many::m88 (14 bytes)
290 1222       3       Many::m88 (14 bytes)   made not entrant: not used
291 1224       3       Many::m89 (14 bytes)
291 1225       4       Many::m89 (14 bytes)
291 1224       3       Many::m89 (14 bytes)   made not entrant: not used
292 1226       3       Many::m90 (14 bytes)
292 1227       4       Many::m90 (14 bytes)
292 1226       3       Many::m90 (14 bytes)   made not entrant: not used
294 1228       3       Many::m91 (14 bytes)
294 1229       4       Many::m91 (14 bytes)
294 1228       3       Many::m91 (14 bytes)   made not entrant: not used
295 1230       3       Many::m92 (14 bytes)
295 1231       4       Many::m92 (14 bytes)
295 1230       3       Many::m92 (14 bytes)   made not entrant: not used
297 1232       3       Many::m93 (14 bytes)
297 1233       4       Many::m93 (14 bytes)
297 1232       3       Many::m93 (14 bytes)   made not entrant: not used
298 1234       3       Many::m94 (14 bytes)
298 1235       4       Many::m94 (14 bytes)
298 1234       3       Many::m94 (14 bytes)   made not entrant: not used
300 1236       3       Many::m95 (14 bytes)
300 1237       4       Many::m95 (14 bytes)
300 1236       3       Many::m95 (14 bytes)   made not entrant: not used
301 1238       3       Many::m96 (14 bytes)
301 1239       4       Many::m96 (14 bytes)
301 1238       3       Many::m96 (14 bytes)   made not entrant: not used
302 1240       3       Many::m97 (14 bytes)
303 1241       4       Many::m97 (14 bytes)
303 1240       3       Many::m97 (14 bytes)   made not entrant: not used
304 1242       3       Many::m98 (14 bytes)
304 1243       4       Many::m98 (14 bytes)
304 1242       3       Many::m98 (14 bytes)   made not entrant: not used
305 1244       3       Many::m99 (14 bytes)
305 1245       4       Many::m99 (14 bytes)
306 1244       3       Many::m99 (14 bytes)   made not entrant: not used
307 1246       3       Many::m100 (14 bytes)
307 1247       4       Many::m100 (14 bytes)
307 1246       3       Many::m100 (14 bytes)   made not entrant: not used
308 1248       3       Many::m101 (14 bytes)
308 1249       4       Many::m101 (14 bytes)
308 1248       3       Many::m101 (14 bytes)   made not entrant: not used
310 1250       3       Many::m102 (14 bytes)
310 1251       4       Many::m102 (14 bytes)
310 1250       3       Many::m102 (14 bytes)   made not entrant: not used
311 1252       3       Many::m103 (14 bytes)
311 1253       4       Many::m103 (14 bytes)
311 1252       3       Many::m103 (14 bytes)   made not entrant: not used
313 1254       3       Many::m104 (14 bytes)
313 1255       4       Many::m104 (14 bytes)
313 1254       3       Many::m104 (14 bytes)   made not entrant: not used
314 1256       3       Many::m105 (14 bytes)
314 1257       4       Many::m105 (14 bytes)
314 1256       3       Many::m105 (14 bytes)   made not entrant: not used
315 1258       3       Many::m106 (14 bytes)
316 1259       4       Many::m106 (14 bytes)
316 1258       3       Many::m106 (14 bytes)   made not entrant: not used
317 1260       3       Many::m107 (14 bytes)
317 1261       4       Many::m107 (14 bytes)
317 1260       3       Many::m107 (14 bytes)   made not entrant: not used
318 1262       3       Many::m108 (14 bytes)
318 1263       4       Many::m108 (14 bytes)
319 1262       3       Many::m108 (14 bytes)   made not entrant: not used
320 1264       3       Many::m109 (14 bytes)
320 1265       4       Many::m109 (14 bytes)
320 1264       3       Many::m109 (14 bytes)   made not entrant: not used
321 1266       3       Many::m110 (14 bytes)
321 1267       4       Many::m110 (14 bytes)
321 1266       3       Many::m110 (14 bytes)   made not entrant: not used
323 1268       3       Many::m111 (14 bytes)
323 1269       4       Many::m111 (14 bytes)
323 1268       3       Many::m111 (14 bytes)   made not entrant: not used
324 1270       3       Many::m112 (14 bytes)
324 1271       4       Many::m112 (14 bytes)
324 1270       3       Many::m112 (14 bytes)   made not entrant: not used
326 1272       3       Many::m113 (14 bytes)
326 1273       4       Many::m113 (14 bytes)
326 1272       3       Many::m113 (14 bytes)   made not entrant: not used
327 1274       3       Many::m114 (14 bytes)
327 1275       4       Many::m114 (14 bytes)
327 1274       3       Many::m114 (14 bytes)   made not entrant: not used
328 1276       3       Many::m115 (14 bytes)
329 1277       4       Many::m115 (14 bytes)
329 1276       3       Many::m115 (14 bytes)   made not entrant: not used
330 1278       3       Many::m116 (14 bytes)
330 1279       4       Many::m116 (14 bytes)
330 1278       3       Many::m116 (14 bytes)   made not entrant: not used
331 1280       3       Many::m117 (14 bytes)
332 1281       4       Many::m117 (14 bytes)
332 1280       3       Many::m117 (14 bytes)   made not entrant: not used
333 1282       3       Many::m118 (14 bytes)
333 1283       4       Many::m118 (14 bytes)
333 1282       3       Many::m118 (14 bytes)   made not entrant: not used
334 1284       3       Many::m119 (14 bytes)
334 1285       4       Many::m119 (14 bytes)
335 1284       3       Many::m119 (14 bytes)   made not entrant: not used
336 1286       3       Many::m120 (14 bytes)
336 1287       4       Many::m120 (14 bytes)
336 1286       3       Many::m120 (14 bytes)   made not entrant: not used
337 1288       3       Many::m121 (14 bytes)
337 1289       4       Many::m121 (14 bytes)
337 1288       3       Many::m121 (14 bytes)   made not entrant: not used
339 1290       3       Many::m122 (14 bytes)
339 1291       4       Many::m122 (14 bytes)
339 1290       3       Many::m122 (14 bytes)   made not entrant: not used
340 1292       3       Many::m123 (14 bytes)
340 1293       4       Many::m123 (14 bytes)
340 1292       3       Many::m123 (14 bytes)   made not entrant: not used
342 1294       3       Many::m124 (14 bytes)
342 1295       4       Many::m124 (14 bytes)
342 1294       3       Many::m124 (14 bytes)   made not entrant: not used
343 1296       3       Many::m125 (14 bytes)
343 1297       4       Many::m125 (14 bytes)
343 1296       3       Many::m125 (14 bytes)   made not entrant: not used
344 1298       3       Many::m126 (14 bytes)
344 1299       4       Many::m126 (14 bytes)
345 1298       3       Many::m126 (14 bytes)   made not entrant: not used
346 1300       3       Many::m127 (14 bytes)
346 1301       4       Many::m127 (14 bytes)
346 1300       3       Many::m127 (14 bytes)   made not entrant: not used
347 1302       3       Many::m128 (14 bytes)
347 1303       4       Many::m128 (14 bytes)
347 1302       3       Many::m128 (14 bytes)   made not entrant: not used
349 1304       3       Many::m129 (14 bytes)
349 1305       4       Many::m129 (14 bytes)
349 1304       3       Many::m129 (14 bytes)   made not entrant: not used
350 1306       3       Many::m130 (14 bytes)
350 1307       4       Many::m130 (14 bytes)
350 1306       3       Many::m130 (14 bytes)   made not entrant: not used
352 1308       3       Many::m131 (14 bytes)
352 1309       4       Many::m131 (14 bytes)
352 1308       3       Many::m131 (14 bytes)   made not entrant: not used
353 1310       3       Many::m132 (14 bytes)
353 1311       4       Many::m132 (14 bytes)
353 1310       3       Many::m132 (14 bytes)   made not entrant: not used
355 1312       3       Many::m133 (14 bytes)
355 1313       4       Many::m133 (14 bytes)
355 1312       3       Many::m133 (14 bytes)   made not entrant: not used
356 1314       3       Many::m134 (14 bytes)
356 1315       4       Many::m134 (14 bytes)
356 1314       3       Many::m134 (14 bytes)   made not entrant: not used
357 1316       3       Many::m135 (14 bytes)
358 1317       4       Many::m135 (14 bytes)
358 1316       3       Many::m135 (14 bytes)   made not entrant: not used
359 1318       3       Many::m136 (14 bytes)
359 1319       4       Many::m136 (14 bytes)
359 1318       3       Many::m136 (14 bytes)   made not entrant: not used
360 1320       3       Many::m137 (14 bytes)
360 1321       4       Many::m137 (14 bytes)
360 1320       3       Many::m137 (14 bytes)   made not entrant: not used
362 1322       3       Many::m138 (14 bytes)
362 1323       4       Many::m138 (14 bytes)
362 1322       3       Many::m138 (14 bytes)   made not entrant: not used
363 1324       3       Many::m139 (14 bytes)
363 1325       4       Many::m139 (14 bytes)
363 1324       3       Many::m139 (14 bytes)   made not entrant: not used
365 1326       3       Many::m140 (14 bytes)
365 1327       4       Many::m140 (14 bytes)
365 1326       3       Many::m140 (14 bytes)   made not entrant: not used
366 1328       3       Many::m141 (14 bytes)
366 1329       4       Many::m141 (14 bytes)
366 1328       3       Many::m141 (14 bytes)   made not entrant: not used
368 1330       3       Many::m142 (14 bytes)
368 1331       4       Many::m142 (14 bytes)
368 1330       3       Many::m142 (14 bytes)   made not entrant: not used
369 1332       3       Many::m143 (14 bytes)
369 1333       4       Many::m143 (14 bytes)
369 1332       3       Many::m143 (14 bytes)   made not entrant: not used
370 1334       3       Many::m144 (14 bytes)
371 1335       4       Many::m144 (14 bytes)
371 1334       3       Many::m144 (14 bytes)   made not entrant: not used
372 1336       3       Many::m145 (14 bytes)
372 1337       4       Many::m145 (14 bytes)
372 1336       3       Many::m145 (14 bytes)   made not entrant: not used
373 1338       3       Many::m146 (14 bytes)
373 1339       4       Many::m146 (14 bytes)
374 1338       3       Many::m146 (14 bytes)   made not entrant: not used
375 1340       3       Many::m147 (14 bytes)
375 1341       4       Many::m147 (14 bytes)
375 1340       3       Many::m147 (14 bytes)   made not entrant: not used
376 1342       3       Many::m148 (14 bytes)
376 1343       4       Many::m148 (14 bytes)
376 1342       3       Many::m148 (14 bytes)   made not entrant: not used
378 1344       3       Many::m149 (14 bytes)
378 1345       4       Many::m149 (14 bytes)
378 1344       3       Many::m149 (14 bytes)   made not entrant: not used
379 1346       3       Many::m150 (14 bytes)
379 1347       4       Many::m150 (14 bytes)
379 1346       3       Many::m150 (14 bytes)   made not entrant: not used
381 1348       3       Many::m151 (14 bytes)
381 1349       4       Many::m151 (14 bytes)
381 1348       3       Many::m151 (14 bytes)   made not entrant: not used
382 1350       3       Many::m152 (14 bytes)
382 1351       4       Many::m152 (14 bytes)
382 1350       3       Many::m152 (14 bytes)   made not entrant: not used
383 1352       3       Many::m153 (14 bytes)
384 1353       4       Many::m153 (14 bytes)
384 1352       3       Many::m153 (14 bytes)   made not entrant: not used
385 1354       3       Many::m154 (14 bytes)
385 1355       4       Many::m154 (14 bytes)
385 1354       3       Many::m154 (14 bytes)   made not entrant: not used
386 1356       3       Many::m155 (14 bytes)
386 1357       4       Many::m155 (14 bytes)
387 1356       3       Many::m155 (14 bytes)   made not entrant: not used
388 1358       3       Many::m156 (14 bytes)
388 1359       4       Many::m156 (14 bytes)
388 1358       3       Many::m156 (14 bytes)   made not entrant: not used
389 1360       3       Many::m157 (14 bytes)
389 1361       4       Many::m157 (14 bytes)
389 1360       3       Many::m157 (14 bytes)   made not entrant: not used
391 1362       3       Many::m158 (14 bytes)
391 1363       4       Many::m158 (14 bytes)
391 1362       3       Many::m158 (14 bytes)   made not entrant: not used
392 1364       3       Many::m159 (14 bytes)
392 1365       4       Many::m159 (14 bytes)
392 1364       3       Many::m159 (14 bytes)   made not entrant: not used
393 1366       3       Many::m160 (14 bytes)
394 1367       4       Many::m160 (14 bytes)
394 1366       3       Many::m160 (14 bytes)   made not entrant: not used
395 1368       3       Many::m161 (14 bytes)
395 1369       4       Many::m161 (14 bytes)
395 1368       3       Many::m161 (14 bytes)   made not entrant: not used
396 1370       3       Many::m162 (14 bytes)
396 1371       4       Many::m162 (14 bytes)
397 1370       3       Many::m162 (14 bytes)   made not entrant: not used
398 1372       3       Many::m163 (14 bytes)
398 1373       4       Many::m163 (14 bytes)
398 1372       3       Many::m163 (14 bytes)   made not entrant: not used
399 1374       3       Many::m164 (14 bytes)
399 1375       4       Many::m164 (14 bytes)
400 1374       3       Many::m164 (14 bytes)   made not entrant: not used
401 1376       3       Many::m165 (14 bytes)
401 1377       4       Many::m165 (14 bytes)
401 1376       3       Many::m165 (14 bytes)   made not entrant: not used
402 1378       3       Many::m166 (14 bytes)
402 1379       4       Many::m166 (14 bytes)
402 1378       3       Many::m166 (14 bytes)   made not entrant: not used
404 1380       3       Many::m167 (14 bytes)
404 1381       4       Many::m167 (14 bytes)
404 1380       3       Many::m167 (14 bytes)   made not entrant: not used
405 1382       3       Many::m168 (14 bytes)
405 1383       4       Many::m168 (14 bytes)
405 1382       3       Many::m168 (14 bytes)   made not entrant: not used
406 1384       3       Many::m169 (14 bytes)
407 1385       4       Many::m169 (14 bytes)
407 1384       3       Many::m169 (14 bytes)   made not entrant: not used
408 1386       3       Many::m170 (14 bytes)
408 1387       4       Many::m170 (14 bytes)
408 1386       3       Many::m170 (14 bytes)   made not entrant: not used
409 1388       3       Many::m171 (14 bytes)
409 1389       4       Many::m171 (14 bytes)
410 1388       3       Many::m171 (14 bytes)   made not entrant: not used
411 1390       3       Many::m172 (14 bytes)
411 1391       4       Many::m172 (14 bytes)
411 1390       3       Many::m172 (14 bytes)   made not entrant: not used
412 1392       3       Many::m173 (14 bytes)
412 1393       4       Many::m173 (14 bytes)
412 1392       3       Many::m173 (14 bytes)   made not entrant: not used
414 1394       3       Many::m174 (14 bytes)
414 1395       4       Many::m174 (14 bytes)
414 1394       3       Many::m174 (14 bytes)   made not entrant: not used
415 1396       3       Many::m175 (14 bytes)
415 1397       4       Many::m175 (14 bytes)
415 1396       3       Many::m175 (14 bytes)   made not entrant: not used
417 1398       3       Many::m176 (14 bytes)
417 1399       4       Many::m176 (14 bytes)
417 1398       3       Many::m176 (14 bytes)   made not entrant: not used
418 1400       3       Many::m177 (14 bytes)
418 1401       4       Many::m177 (14 bytes)
418 1400       3       Many::m177 (14 bytes)   made not entrant: not used
420 1402       3       Many::m178 (14 bytes)
420 1403       4       Many::m178 (14 bytes)
420 1402       3       Many::m178 (14 bytes)   made not entrant: not used
421 1404       3       Many::m179 (14 bytes)
421 1405       4       Many::m179 (14 bytes)
421 1404       3       Many::m179 (14 bytes)   made not entrant: not used
422 1406       3       Many::m180 (14 bytes)
423 1407       4       Many::m180 (14 bytes)
423 1406       3       Many::m180 (14 bytes)   made not entrant: not used
424 1408       3       Many::m181 (14 bytes)
424 1409       4       Many::m181 (14 bytes)
424 1408       3       Many::m181 (14 bytes)   made not entrant: not used
425 1410       3       Many::m182 (14 bytes)
425 1411       4       Many::m182 (14 bytes)
425 1410       3       Many::m182 (14 bytes)   made not entrant: not used
427 1412       3       Many::m183 (14 bytes)
427 1413       4       Many::m183 (14 bytes)
427 1412       3       Many::m183 (14 bytes)   made not entrant: not used
428 1414       3       Many::m184 (14 bytes)
428 1415       4       Many::m184 (14 bytes)
428 1414       3       Many::m184 (14 bytes)   made not entrant: not used
430 1416       3       Many::m185 (14 bytes)
430 1417       4       Many::m185 (14 bytes)
430 1416       3       Many::m185 (14 bytes)   made not entrant: not used
431 1418       3       Many::m186 (14 bytes)
431 1419       4       Many::m186 (14 bytes)
431 1418       3       Many::m186 (14 bytes)   made not entrant: not used
432 1420       3       Many::m187 (14 bytes)
433 1421       4       Many::m187 (14 bytes)
433 1420       3       Many::m187 (14 bytes)   made not entrant: not used
434 1422       3       Many::m188 (14 bytes)
434 1423       4       Many::m188 (14 bytes)
434 1422       3       Many::m188 (14 bytes)   made not entrant: not used
435 1424       3       Many::m189 (14 bytes)
435 1425       4       Many::m189 (14 bytes)
436 1424       3       Many::m189 (14 bytes)   made not entrant: not used
437 1426       3       Many::m190 (14 bytes)
437 1427       4       Many::m190 (14 bytes)
437 1426       3       Many::m190 (14 bytes)   made not entrant: not used
438 1428       3       Many::m191 (14 bytes)
438 1429       4       Many::m191 (14 bytes)
438 1428       3       Many::m191 (14 bytes)   made not entrant: not used
440 1430       3       Many::m192 (14 bytes)
440 1431       4       Many::m192 (14 bytes)
440 1430       3       Many::m192 (14 bytes)   made not entrant: not used
441 1432       3       Many::m193 (14 bytes)
441 1433       4       Many::m193 (14 bytes)
441 1432       3       Many::m193 (14 bytes)   made not entrant: not used
443 1434       3       Many::m194 (14 bytes)
443 1435       4       Many::m194 (14 bytes)
443 1434       3       Many::m194 (14 bytes)   made not entrant: not used
444 1436       3       Many::m195 (14 bytes)
444 1437       4       Many::m195 (14 bytes)
444 1436       3       Many::m195 (14 bytes)   made not entrant: not used
445 1438       3       Many::m196 (14 bytes)
446 1439       4       Many::m196 (14 bytes)
446 1438       3       Many::m196 (14 bytes)   made not entrant: not used
447 1440       3       Many::m197 (14 bytes)
447 1441       4       Many::m197 (14 bytes)
447 1440       3       Many::m197 (14 bytes)   made not entrant: not used
448 1442       3       Many::m198 (14 bytes)
449 1443       4       Many::m198 (14 bytes)
449 1442       3       Many::m198 (14 bytes)   made not entrant: not used
450 1444       3       Many::m199 (14 bytes)
450 1445       4       Many::m199 (14 bytes)
450 1444       3       Many::m199 (14 bytes)   made not entrant: not used
451 1446       3       Many::m200 (14 bytes)
451 1447       4       Many::m200 (14 bytes)
451 1446       3       Many::m200 (14 bytes)   made not entrant: not used
453 1448       3       Many::m201 (14 bytes)
453 1449       4       Many::m201 (14 bytes)
453 1448       3       Many::m201 (14 bytes)   made not entrant: not used
454 1450       3       Many::m202 (14 bytes)
454 1451       4       Many::m202 (14 bytes)
454 1450       3       Many::m202 (14 bytes)   made not entrant: not used
456 1452       3       Many::m203 (14 bytes)
456 1453       4       Many::m203 (14 bytes)
456 1452       3       Many::m203 (14 bytes)   made not entrant: not used
457 1454       3       Many::m204 (14 bytes)
457 1455       4       Many::m204 (14 bytes)
457 1454       3       Many::m204 (14 bytes)   made not entrant: not used
458 1456       3       Many::m205 (14 bytes)
459 1457       4       Many::m205 (14 bytes)
459 1456       3       Many::m205 (14 bytes)   made not entrant: not used
460 1458       3       Many::m206 (14 bytes)
460 1459       4       Many::m206 (14 bytes)
460 1458       3       Many::m206 (14 bytes)   made not entrant: not used
461 1460       3       Many::m207 (14 bytes)
461 1461       4       Many::m207 (14 bytes)
461 1460       3       Many::m207 (14 bytes)   made not entrant: not used
463 1462       3       Many::m208 (14 bytes)
463 1463       4       Many::m208 (14 bytes)
463 1462       3       Many::m208 (14 bytes)   made not entrant: not used
464 1464       3       Many::m209 (14 bytes)
464 1465       4       Many::m209 (14 bytes)
464 1464       3       Many::m209 (14 bytes)   made not entrant: not used
466 1466       3       Many::m210 (14 bytes)
466 1467       4       Many::m210 (14 bytes)
466 1466       3       Many::m210 (14 bytes)   made not entrant: not used
467 1468       3       Many::m211 (14 bytes)
467 1469       4       Many::m211 (14 bytes)
467 1468       3       Many::m211 (14 bytes)   made not entrant: not used
469 1470       3       Many::m212 (14 bytes)
469 1471       4       Many::m212 (14 bytes)
469 1470       3       Many::m212 (14 bytes)   made not entrant: not used
470 1472       3       Many::m213 (14 bytes)
470 1473       4       Many::m213 (14 bytes)
470 1472       3       Many::m213 (14 bytes)   made not entrant: not used
471 1474       3       Many::m214 (14 bytes)
472 1475       4       Many::m214 (14 bytes)
472 1474       3       Many::m214 (14 bytes)   made not entrant: not used
473 1476       3       Many::m215 (14 bytes)
473 1477       4       Many::m215 (14 bytes)
473 1476       3       Many::m215 (14 bytes)   made not entrant: not used
474 1478       3       Many::m216 (14 bytes)
474 1479       4       Many::m216 (14 bytes)
475 1478       3       Many::m216 (14 bytes)   made not entrant: not used
476 1480       3       Many::m217 (14 bytes)
476 1481       4       Many::m217 (14 bytes)
476 1480       3       Many::m217 (14 bytes)   made not entrant: not used
477 1482       3       Many::m218 (14 bytes)
477 1483       4       Many::m218 (14 bytes)
477 1482       3       Many::m218 (14 bytes)   made not entrant: not used
479 1484       3       Many::m219 (14 bytes)
479 1485       4       Many::m219 (14 bytes)
479 1484       3       Many::m219 (14 bytes)   made not entrant: not used
480 1486       3       Many::m220 (14 bytes)
480 1487       4       Many::m220 (14 bytes)
480 1486       3       Many::m220 (14 bytes)   made not entrant: not used
482 1488       3       Many::m221 (14 bytes)
482 1489       4       Many::m221 (14 bytes)
482 1488       3       Many::m221 (14 bytes)   made not entrant: not used
483 1490       3       Many::m222 (14 bytes)
483 1491       4       Many::m222 (14 bytes)
483 1490       3       Many::m222 (14 bytes)   made not entrant: not used
484 1492       3       Many::m223 (14 bytes)
485 1493       4       Many::m223 (14 bytes)
485 1492       3       Many::m223 (14 bytes)   made not entrant: not used
486 1494       3       Many::m224 (14 bytes)
486 1495       4       Many::m224 (14 bytes)
486 1494       3       Many::m224 (14 bytes)   made not entrant: not used
487 1496       3       Many::m225 (14 bytes)
487 1497       4       Many::m225 (14 bytes)
487 1496       3       Many::m225 (14 bytes)   made not entrant: not used
489 1498       3       Many::m226 (14 bytes)
489 1499       4       Many::m226 (14 bytes)
489 1498       3       Many::m226 (14 bytes)   made not entrant: not used
490 1500       3       Many::m227 (14 bytes)
490 1501       4       Many::m227 (14 bytes)
490 1500       3       Many::m227 (14 bytes)   made not entrant: not used
492 1502       3       Many::m228 (14 bytes)
492 1503       4       Many::m228 (14 bytes)
492 1502       3       Many::m228 (14 bytes)   made not entrant: not used
493 1504       3       Many::m229 (14 bytes)
493 1505       4       Many::m229 (14 bytes)
493 1504       3       Many::m229 (14 bytes)   made not entrant: not used
495 1506       3       Many::m230 (14 bytes)
495 1507       4       Many::m230 (14 bytes)
495 1506       3       Many::m230 (14 bytes)   made not entrant: not used
496 1508       3       Many::m231 (14 bytes)
496 1509       4       Many::m231 (14 bytes)
496 1508       3       Many::m231 (14 bytes)   made not entrant: not used
497 1510       3       Many::m232 (14 bytes)
498 1511       4       Many::m232 (14 bytes)
498 1510       3       Many::m232 (14 bytes)   made not entrant: not used
499 1512       3       Many::m233 (14 bytes)
499 1513       4       Many::m233 (14 bytes)
499 1512       3       Many::m233 (14 bytes)   made not entrant: not used
500 1514       3       Many::m234 (14 bytes)
500 1515       4       Many::m234 (14 bytes)
500 1514       3       Many::m234 (14 bytes)   made not entrant: not used
502 1516       3       Many::m235 (14 bytes)
502 1517       4       Many::m235 (14 bytes)
502 1516       3       Many::m235 (14 bytes)   made not entrant: not used
503 1518       3       Many::m236 (14 bytes)
503 1519       4       Many::m236 (14 bytes)
503 1518       3       Many::m236 (14 bytes)   made not entrant: not used
505 1520       3       Many::m237 (14 bytes)
505 1521       4       Many::m237 (14 bytes)
505 1520       3       Many::m237 (14 bytes)   made not entrant: not used
506 1522       3       Many::m238 (14 bytes)
506 1523       4       Many::m238 (14 bytes)
506 1522       3       Many::m238 (14 bytes)   made not entrant: not used
507 1524       3       Many::m239 (14 bytes)
508 1525       4       Many::m239 (14 bytes)
508 1524       3       Many::m239 (14 bytes)   made not entrant: not used
509 1526       3       Many::m240 (14 bytes)
509 1527       4       Many::m240 (14 bytes)
509 1526       3       Many::m240 (14 bytes)   made not entrant: not used
510 1528       3       Many::m241 (14 bytes)
511 1529       4       Many::m241 (14 bytes)
511 1528       3       Many::m241 (14 bytes)   made not entrant: not used
512 1530       3       Many::m242 (14 bytes)
512 1531       4       Many::m242 (14 bytes)
512 1530       3       Many::m242 (14 bytes)   made not entrant: not used
513 1532       3       Many::m243 (14 bytes)
513 1533       4       Many::m243 (14 bytes)
513 1532       3       Many::m243 (14 bytes)   made not entrant: not used
515 1534       3       Many::m244 (14 bytes)
515 1535       4       Many::m244 (14 bytes)
515 1534       3       Many::m244 (14 bytes)   made not entrant: not used
516 1536       3       Many::m245 (14 bytes)
516 1537       4       Many::m245 (14 bytes)
516 1536       3       Many::m245 (14 bytes)   made not entrant: not used
518 1538       3       Many::m246 (14 bytes)
518 1539       4       Many::m246 (14 bytes)
518 1538       3       Many::m246 (14 bytes)   made not entrant: not used
519 1540       3       Many::m247 (14 bytes)
519 1541       4       Many::m247 (14 bytes)
519 1540       3       Many::m247 (14 bytes)   made not entrant: not used
520 1542       3       Many::m248 (14 bytes)
521 1543       4       Many::m248 (14 bytes)
521 1542       3       Many::m248 (14 bytes)   made not entrant: not used
522 1544       3       Many::m249 (14 bytes)
522 1545       4       Many::m249 (14 bytes)
522 1544       3       Many::m249 (14 bytes)   made not entrant: not used
523 1546       3       Many::m250 (14 bytes)
523 1547       4       Many::m250 (14 bytes)
524 1546       3       Many::m250 (14 bytes)   made not entrant: not used
525 1548       3       Many::m251 (14 bytes)
525 1549       4       Many::m251 (14 bytes)
525 1548       3       Many::m251 (14 bytes)   made not entrant: not used
526 1550       3       Many::m252 (14 bytes)
526 1551       4       Many::m252 (14 bytes)
526 1550       3       Many::m252 (14 bytes)   made not entrant: not used
528 1552       3       Many::m253 (14 bytes)
528 1553       4       Many::m253 (14 bytes)
528 1552       3       Many::m253 (14 bytes)   made not entrant: not used
529 1554       3       Many::m254 (14 bytes)
529 1555       4       Many::m254 (14 bytes)
529 1554       3       Many::m254 (14 bytes)   made not entrant: not used
530 1556       3       Many::m255 (14 bytes)
531 1557       4       Many::m255 (14 bytes)
531 1556       3       Many::m255 (14 bytes)   made not entrant: not used
532 1558       3       Many::m256 (14 bytes)
532 1559       4       Many::m256 (14 bytes)
532 1558       3       Many::m256 (14 bytes)   made not entrant: not used
533 1560       3       Many::m257 (14 bytes)
533 1561       4       Many::m257 (14 bytes)
533 1560       3       Many::m257 (14 bytes)   made not entrant: not used
535 1562       3       Many::m258 (14 bytes)
535 1563       4       Many::m258 (14 bytes)
535 1562       3       Many::m258 (14 bytes)   made not entrant: not used
536 1564       3       Many::m259 (14 bytes)
536 1565       4       Many::m259 (14 bytes)
536 1564       3       Many::m259 (14 bytes)   made not entrant: not used
538 1566       3       Many::m260 (14 bytes)
538 1567       4       Many::m260 (14 bytes)
538 1566       3       Many::m260 (14 bytes)   made not entrant: not used
539 1568       3       Many::m261 (14 bytes)
539 1569       4       Many::m261 (14 bytes)
539 1568       3       Many::m261 (14 bytes)   made not entrant: not used
541 1570       3       Many::m262 (14 bytes)
541 1571       4       Many::m262 (14 bytes)
541 1570       3       Many::m262 (14 bytes)   made not entrant: not used
542 1572       3       Many::m263 (14 bytes)
542 1573       4       Many::m263 (14 bytes)
542 1572       3       Many::m263 (14 bytes)   made not entrant: not used
543 1574       3       Many::m264 (14 bytes)
544 1575       4       Many::m264 (14 bytes)
544 1574       3       Many::m264 (14 bytes)   made not entrant: not used
545 1576       3       Many::m265 (14 bytes)
545 1577       4       Many::m265 (14 bytes)
545 1576       3       Many::m265 (14 bytes)   made not entrant: not used
546 1578       3       Many::m266 (14 bytes)
546 1579       4       Many::m266 (14 bytes)
547 1578       3       Many::m266 (14 bytes)   made not entrant: not used
548 1580       3       Many::m267 (14 bytes)
548 1581       4       Many::m267 (14 bytes)
548 1580       3       Many::m267 (14 bytes)   made not entrant: not used
549 1582       3       Many::m268 (14 bytes)
549 1583       4       Many::m268 (14 bytes)
549 1582       3       Many::m268 (14 bytes)   made not entrant: not used
551 1584       3       Many::m269 (14 bytes)
551 1585       4       Many::m269 (14 bytes)
551 1584       3       Many::m269 (14 bytes)   made not entrant: not used
552 1586       3       Many::m270 (14 bytes)
552 1587       4       Many::m270 (14 bytes)
552 1586       3       Many::m270 (14 bytes)   made not entrant: not used
554 1588       3       Many::m271 (14 bytes)
554 1589       4       Many::m271 (14 bytes)
554 1588       3       Many::m271 (14 bytes)   made not entrant: not used
555 1590       3       Many::m272 (14 bytes)
555 1591       4       Many::m272 (14 bytes)
555 1590       3       Many::m272 (14 bytes)   made not entrant: not used
556 1592       3       Many::m273 (14 bytes)
557 1593       4       Many::m273 (14 bytes)
557 1592       3       Many::m273 (14 bytes)   made not entrant: not used
558 1594       3       Many::m274 (14 bytes)
558 1595       4       Many::m274 (14 bytes)
558 1594       3       Many::m274 (14 bytes)   made not entrant: not used
559 1596       3       Many::m275 (14 bytes)
559 1597       4       Many::m275 (14 bytes)
559 1596       3       Many::m275 (14 bytes)   made not entrant: not used
561 1598       3       Many::m276 (14 bytes)
561 1599       4       Many::m276 (14 bytes)
561 1598       3       Many::m276 (14 bytes)   made not entrant: not used
562 1600       3       Many::m277 (14 bytes)
562 1601       4       Many::m277 (14 bytes)
562 1600       3       Many::m277 (14 bytes)   made not entrant: not used
564 1602       3       Many::m278 (14 bytes)
564 1603       4       Many::m278 (14 bytes)
564 1602       3       Many::m278 (14 bytes)   made not entrant: not used
565 1604       3       Many::m279 (14 bytes)
565 1605       4       Many::m279 (14 bytes)
565 1604       3       Many::m279 (14 bytes)   made not entrant: not used
566 1606       3       Many::m280 (14 bytes)
567 1607       4       Many::m280 (14 bytes)
567 1606       3       Many::m280 (14 bytes)   made not entrant: not used
568 1608       3       Many::m281 (14 bytes)
568 1609       4       Many::m281 (14 bytes)
568 1608       3       Many::m281 (14 bytes)   made not entrant: not used
569 1610       3       Many::m282 (14 bytes)
569 1611       4       Many::m282 (14 bytes)
569 1610       3       Many::m282 (14 bytes)   made not entrant: not used
571 1612       3       Many::m283 (14 bytes)
571 1613       4       Many::m283 (14 bytes)
571 1612       3       Many::m283 (14 bytes)   made not entrant: not used
572 1614       3       Many::m284 (14 bytes)
572 1615       4       Many::m284 (14 bytes)
572 1614       3       Many::m284 (14 bytes)   made not entrant: not used
574 1616       3       Many::m285 (14 bytes)
574 1617       4       Many::m285 (14 bytes)
574 1616       3       Many::m285 (14 bytes)   made not entrant: not used
575 1618       3       Many::m286 (14 bytes)
575 1619       4       Many::m286 (14 bytes)
575 1618       3       Many::m286 (14 bytes)   made not entrant: not used
576 1620       3       Many::m287 (14 bytes)
577 1621       4       Many::m287 (14 bytes)
577 1620       3       Many::m287 (14 bytes)   made not entrant: not used
578 1622       3       Many::m288 (14 bytes)
578 1623       4       Many::m288 (14 bytes)
578 1622       3       Many::m288 (14 bytes)   made not entrant: not used
579 1624       3       Many::m289 (14 bytes)
579 1625       4       Many::m289 (14 bytes)
579 1624       3       Many::m289 (14 bytes)   made not entrant: not used
581 1626       3       Many::m290 (14 bytes)
581 1627       4       Many::m290 (14 bytes)
581 1626       3       Many::m290 (14 bytes)   made not entrant: not used
582 1628       3       Many::m291 (14 bytes)
582 1629       4       Many::m291 (14 bytes)
582 1628       3       Many::m291 (14 bytes)   made not entrant: not used
584 1630       3       Many::m292 (14 bytes)
584 1631       4       Many::m292 (14 bytes)
584 1630       3       Many::m292 (14 bytes)   made not entrant: not used
585 1632       3       Many::m293 (14 bytes)
585 1633       4       Many::m293 (14 bytes)
585 1632       3       Many::m293 (14 bytes)   made not entrant: not used
586 1634       3       Many::m294 (14 bytes)
587 1635       4       Many::m294 (14 bytes)
587 1634       3       Many::m294 (14 bytes)   made not entrant: not used
588 1636       3       Many::m295 (14 bytes)
588 1637       4       Many::m295 (14 bytes)
588 1636       3       Many::m295 (14 bytes)   made not entrant: not used
589 1638       3       Many::m296 (14 bytes)
589 1639       4       Many::m296 (14 bytes)
590 1638       3       Many::m296 (14 bytes)   made not entrant: not used
591 1640       3       Many::m297 (14 bytes)
591 1641       4       Many::m297 (14 bytes)
591 1640       3       Many::m297 (14 bytes)   made not entrant: not used
592 1642       3       Many::m298 (14 bytes)
592 1643       4       Many::m298 (14 bytes)
592 1642       3       Many::m298 (14 bytes)   made not entrant: not used
594 1644       3       Many::m299 (14 bytes)
594 1645       4       Many::m299 (14 bytes)
594 1644       3       Many::m299 (14 bytes)   made not entrant: not used
595 1646       3       Many::m300 (14 bytes)
595 1647       4       Many::m300 (14 bytes)
595 1646       3       Many::m300 (14 bytes)   made not entrant: not used
597 1648       3       Many::m301 (14 bytes)
597 1649       4       Many::m301 (14 bytes)
597 1648       3       Many::m301 (14 bytes)   made not entrant: not used
598 1650       3       Many::m302 (14 bytes)
598 1651       4       Many::m302 (14 bytes)
598 1650       3       Many::m302 (14 bytes)   made not entrant: not used
599 1652       3       Many::m303 (14 bytes)
600 1653       4       Many::m303 (14 bytes)
600 1652       3       Many::m303 (14 bytes)   made not entrant: not used
601 1654       3       Many::m304 (14 bytes)
601 1655       4       Many::m304 (14 bytes)
601 1654       3       Many::m304 (14 bytes)   made not entrant: not used
602 1656       3       Many::m305 (14 bytes)
603 1657       4       Many::m305 (14 bytes)
603 1656       3       Many::m305 (14 bytes)   made not entrant: not used
604 1658       3       Many::m306 (14 bytes)
604 1659       4       Many::m306 (14 bytes)
604 1658       3       Many::m306 (14 bytes)   made not entrant: not used
605 1660       3       Many::m307 (14 bytes)
605 1661       4       Many::m307 (14 bytes)
605 1660       3       Many::m307 (14 bytes)   made not entrant: not used
607 1662       3       Many::m308 (14 bytes)
607 1663       4       Many::m308 (14 bytes)
607 1662       3       Many::m308 (14 bytes)   made not entrant: not used
608 1664       3       Many::m309 (14 bytes)
608 1665       4       Many::m309 (14 bytes)
608 1664       3       Many::m309 (14 bytes)   made not entrant: not used
610 1666       3       Many::m310 (14 bytes)
610 1667       4       Many::m310 (14 bytes)
610 1666       3       Many::m310 (14 bytes)   made not entrant: not used
611 1668       3       Many::m311 (14 bytes)
611 1669       4       Many::m311 (14 bytes)
611 1668       3       Many::m311 (14 bytes)   made not entrant: not used
612 1670       3       Many::m312 (14 bytes)
613 1671       4       Many::m312 (14 bytes)
613 1670       3       Many::m312 (14 bytes)   made not entrant: not used
614 1672       3       Many::m313 (14 bytes)
614 1673       4       Many::m313 (14 bytes)
614 1672       3       Many::m313 (14 bytes)   made not entrant: not used
615 1674       3       Many::m314 (14 bytes)
616 1675       4       Many::m314 (14 bytes)
616 1674       3       Many::m314 (14 bytes)   made not entrant: not used
617 1676       3       Many::m315 (14 bytes)
617 1677       4       Many::m315 (14 bytes)
617 1676       3       Many::m315 (14 bytes)   made not entrant: not used
618 1678       3       Many::m316 (14 bytes)
618 1679       4       Many::m316 (14 bytes)
618 1678       3       Many::m316 (14 bytes)   made not entrant: not used
620 1680       3       Many::m317 (14 bytes)
620 1681       4       Many::m317 (14 bytes)
620 1680       3       Many::m317 (14 bytes)   made not entrant: not used
621 1682       3       Many::m318 (14 bytes)
621 1683       4       Many::m318 (14 bytes)
621 1682       3       Many::m318 (14 bytes)   made not entrant: not used
623 1684       3       Many::m319 (14 bytes)
623 1685       4       Many::m319 (14 bytes)
623 1684       3       Many::m319 (14 bytes)   made not entrant: not used
624 1686       3       Many::m320 (14 bytes)
624 1687       4       Many::m320 (14 bytes)
624 1686       3       Many::m320 (14 bytes)   made not entrant: not used
625 1688       3       Many::m321 (14 bytes)
626 1689       4       Many::m321 (14 bytes)
626 1688       3       Many::m321 (14 bytes)   made not entrant: not used
627 1690       3       Many::m322 (14 bytes)
627 1691       4       Many::m322 (14 bytes)
627 1690       3       Many::m322 (14 bytes)   made not entrant: not used
628 1692       3       Many::m323 (14 bytes)
628 1693       4       Many::m323 (14 bytes)
629 1692       3       Many::m323 (14 bytes)   made not entrant: not used
630 1694       3       Many::m324 (14 bytes)
630 1695       4       Many::m324 (14 bytes)
630 1694       3       Many::m324 (14 bytes)   made not entrant: not used
631 1696       3       Many::m325 (14 bytes)
631 1697       4       Many::m325 (14 bytes)
631 1696       3       Many::m325 (14 bytes)   made not entrant: not used
633 1698       3       Many::m326 (14 bytes)
633 1699       4       Many::m326 (14 bytes)
633 1698       3       Many::m326 (14 bytes)   made not entrant: not used
634 1700       3       Many::m327 (14 bytes)
634 1701       4       Many::m327 (14 bytes)
634 1700       3       Many::m327 (14 bytes)   made not entrant: not used
636 1702       3       Many::m328 (14 bytes)
636 1703       4       Many::m328 (14 bytes)
636 1702       3       Many::m328 (14 bytes)   made not entrant: not used
637 1704       3       Many::m329 (14 bytes)
637 1705       4       Many::m329 (14 bytes)
637 1704       3       Many::m329 (14 bytes)   made not entrant: not used
638 1706       3       Many::m330 (14 bytes)
639 1707       4       Many::m330 (14 bytes)
639 1706       3       Many::m330 (14 bytes)   made not entrant: not used
640 1708       3       Many::m331 (14 bytes)
640 1709       4       Many::m331 (14 bytes)
640 1708       3       Many::m331 (14 bytes)   made not entrant: not used
641 1710       3       Many::m332 (14 bytes)
641 1711       4       Many::m332 (14 bytes)
642 1710       3       Many::m332 (14 bytes)   made not entrant: not used
643 1712       3       Many::m333 (14 bytes)
643 1713       4       Many::m333 (14 bytes)
643 1712       3       Many::m333 (14 bytes)   made not entrant: not used
644 1714       3       Many::m334 (14 bytes)
644 1715       4       Many::m334 (14 bytes)
644 1714       3       Many::m334 (14 bytes)   made not entrant: not used
646 1716       3       Many::m335 (14 bytes)
646 1717       4       Many::m335 (14 bytes)
646 1716       3       Many::m335 (14 bytes)   made not entrant: not used
647 1718       3       Many::m336 (14 bytes)
647 1719       4       Many::m336 (14 bytes)
647 1718       3       Many::m336 (14 bytes)   made not entrant: not used
649 1720       3       Many::m337 (14 bytes)
649 1721       4       Many::m337 (14 bytes)
649 1720       3       Many::m337 (14 bytes)   made not entrant: not used
650 1722       3       Many::m338 (14 bytes)
650 1723       4       Many::m338 (14 bytes)
650 1722       3       Many::m338 (14 bytes)   made not entrant: not used
651 1724       3       Many::m339 (14 bytes)
652 1725       4       Many::m339 (14 bytes)
652 1724       3       Many::m339 (14 bytes)   made not entrant: not used
653 1726       3       Many::m340 (14 bytes)
653 1727       4       Many::m340 (14 bytes)
653 1726       3       Many::m340 (14 bytes)   made not entrant: not used
654 1728       3       Many::m341 (14 bytes)
654 1729       4       Many::m341 (14 bytes)
654 1728       3       Many::m341 (14 bytes)   made not entrant: not used
656 1730       3       Many::m342 (14 bytes)
656 1731       4       Many::m342 (14 bytes)
656 1730       3       Many::m342 (14 bytes)   made not entrant: not used
657 1732       3       Many::m343 (14 bytes)
657 1733       4       Many::m343 (14 bytes)
657 1732       3       Many::m343 (14 bytes)   made not entrant: not used
659 1734       3       Many::m344 (14 bytes)
659 1735       4       Many::m344 (14 bytes)
659 1734       3       Many::m344 (14 bytes)   made not entrant: not used
660 1736       3       Many::m345 (14 bytes)
660 1737       4       Many::m345 (14 bytes)
660 1736       3       Many::m345 (14 bytes)   made not entrant: not used
661 1738       3       Many::m346 (14 bytes)
661 1739       4       Many::m346 (14 bytes)
662 1738       3       Many::m346 (14 bytes)   made not entrant: not used
663 1740       3       Many::m347 (14 bytes)
663 1741       4       Many::m347 (14 bytes)
663 1740       3       Many::m347 (14 bytes)   made not entrant: not used
664 1742       3       Many::m348 (14 bytes)
664 1743       4       Many::m348 (14 bytes)
664 1742       3       Many::m348 (14 bytes)   made not entrant: not used
666 1744       3       Many::m349 (14 bytes)
666 1745       4       Many::m349 (14 bytes)
666 1744       3       Many::m349 (14 bytes)   made not entrant: not used
667 1746       3       Many::m350 (14 bytes)
667 1747       4       Many::m350 (14 bytes)
667 1746       3       Many::m350 (14 bytes)   made not entrant: not used
669 1748       3       Many::m351 (14 bytes)
669 1749       4       Many::m351 (14 bytes)
669 1748       3       Many::m351 (14 bytes)   made not entrant: not used
670 1750       3       Many::m352 (14 bytes)
670 1751       4       Many::m352 (14 bytes)
670 1750       3       Many::m352 (14 bytes)   made not entrant: not used
671 1752       3       Many::m353 (14 bytes)
672 1753       4       Many::m353 (14 bytes)
672 1752       3       Many::m353 (14 bytes)   made not entrant: not used
673 1754       3       Many::m354 (14 bytes)
673 1755       4       Many::m354 (14 bytes)
673 1754       3       Many::m354 (14 bytes)   made not entrant: not used
674 1756       3       Many::m355 (14 bytes)
674 1757       4       Many::m355 (14 bytes)
675 1756       3       Many::m355 (14 bytes)   made not entrant: not used
676 1758       3       Many::m356 (14 bytes)
676 1759       4       Many::m356 (14 bytes)
676 1758       3       Many::m356 (14 bytes)   made not entrant: not used
677 1760       3       Many::m357 (14 bytes)
677 1761       4       Many::m357 (14 bytes)
677 1760       3       Many::m357 (14 bytes)   made not entrant: not used
679 1762       3       Many::m358 (14 bytes)
679 1763       4       Many::m358 (14 bytes)
679 1762       3       Many::m358 (14 bytes)   made not entrant: not used
680 1764       3       Many::m359 (14 bytes)
680 1765       4       Many::m359 (14 bytes)
680 1764       3       Many::m359 (14 bytes)   made not entrant: not used
682 1766       3       Many::m360 (14 bytes)
682 1767       4       Many::m360 (14 bytes)
682 1766       3       Many::m360 (14 bytes)   made not entrant: not used
683 1768       3       Many::m361 (14 bytes)
683 1769       4       Many::m361 (14 bytes)
683 1768       3       Many::m361 (14 bytes)   made not entrant: not used
685 1770       3       Many::m362 (14 bytes)
685 1771       4       Many::m362 (14 bytes)
685 1770       3       Many::m362 (14 bytes)   made not entrant: not used
686 1772       3       Many::m363 (14 bytes)
686 1773       4       Many::m363 (14 bytes)
686 1772       3       Many::m363 (14 bytes)   made not entrant: not used
688 1774       3       Many::m364 (14 bytes)
688 1775       4       Many::m364 (14 bytes)
688 1774       3       Many::m364 (14 bytes)   made not entrant: not used
689 1776       3       Many::m365 (14 bytes)
689 1777       4       Many::m365 (14 bytes)
689 1776       3       Many::m365 (14 bytes)   made not entrant: not used
690 1778       3       Many::m366 (14 bytes)
691 1779       4       Many::m366 (14 bytes)
691 1778       3       Many::m366 (14 bytes)   made not entrant: not used
692 1780       3       Many::m367 (14 bytes)
692 1781       4       Many::m367 (14 bytes)
692 1780       3       Many::m367 (14 bytes)   made not entrant: not used
693 1782       3       Many::m368 (14 bytes)
693 1783       4       Many::m368 (14 bytes)
693 1782       3       Many::m368 (14 bytes)   made not entrant: not used
695 1784       3       Many::m369 (14 bytes)
695 1785       4       Many::m369 (14 bytes)
695 1784       3       Many::m369 (14 bytes)   made not entrant: not used
696 1786       3       Many::m370 (14 bytes)
696 1787       4       Many::m370 (14 bytes)
696 1786       3       Many::m370 (14 bytes)   made not entrant: not used
698 1788       3       Many::m371 (14 bytes)
698 1789       4       Many::m371 (14 bytes)
698 1788       3       Many::m371 (14 bytes)   made not entrant: not used
699 1790       3       Many::m372 (14 bytes)
699 1791       4       Many::m372 (14 bytes)
699 1790       3       Many::m372 (14 bytes)   made not entrant: not used
701 1792       3       Many::m373 (14 bytes)
701 1793       4       Many::m373 (14 bytes)
701 1792       3       Many::m373 (14 bytes)   made not entrant: not used
702 1794       3       Many::m374 (14 bytes)
702 1795       4       Many::m374 (14 bytes)
702 1794       3       Many::m374 (14 bytes)   made not entrant: not used
703 1796       3       Many::m375 (14 bytes)
704 1797       4       Many::m375 (14 bytes)
704 1796       3       Many::m375 (14 bytes)   made not entrant: not used
705 1798       3       Many::m376 (14 bytes)
705 1799       4       Many::m376 (14 bytes)
705 1798       3       Many::m376 (14 bytes)   made not entrant: not used
706 1800       3       Many::m377 (14 bytes)
706 1801       4       Many::m377 (14 bytes)
706 1800       3       Many::m377 (14 bytes)   made not entrant: not used
708 1802       3       Many::m378 (14 bytes)
708 1803       4       Many::m378 (14 bytes)
708 1802       3       Many::m378 (14 bytes)   made not entrant: not used
709 1804       3       Many::m379 (14 bytes)
709 1805       4       Many::m379 (14 bytes)
709 1804       3       Many::m379 (14 bytes)   made not entrant: not used
711 1806       3       Many::m380 (14 bytes)
711 1807       4       Many::m380 (14 bytes)
711 1806       3       Many::m380 (14 bytes)   made not entrant: not used
712 1808       3       Many::m381 (14 bytes)
712 1809       4       Many::m381 (14 bytes)
712 1808       3       Many::m381 (14 bytes)   made not entrant: not used
713 1810       3       Many::m382 (14 bytes)
713 1811       4       Many::m382 (14 bytes)
714 1810       3       Many::m382 (14 bytes)   made not entrant: not used
715 1812       3       Many::m383 (14 bytes)
715 1813       4       Many::m383 (14 bytes)
715 1812       3       Many::m383 (14 bytes)   made not entrant: not used
716 1814       3       Many::m384 (14 bytes)
716 1815       4       Many::m384 (14 bytes)
716 1814       3       Many::m384 (14 bytes)   made not entrant: not used
718 1816       3       Many::m385 (14 bytes)
718 1817       4       Many::m385 (14 bytes)
718 1816       3       Many::m385 (14 bytes)   made not entrant: not used
719 1818       3       Many::m386 (14 bytes)
719 1819       4       Many::m386 (14 bytes)
719 1818       3       Many::m386 (14 bytes)   made not entrant: not used
721 1820       3       Many::m387 (14 bytes)
721 1821       4       Many::m387 (14 bytes)
721 1820       3       Many::m387 (14 bytes)   made not entrant: not used
722 1822       3       Many::m388 (14 bytes)
722 1823       4       Many::m388 (14 bytes)
722 1822       3       Many::m388 (14 bytes)   made not entrant: not used
724 1824       3       Many::m389 (14 bytes)
724 1825       4       Many::m389 (14 bytes)
724 1824       3       Many::m389 (14 bytes)   made not entrant: not used
725 1826       3       Many::m390 (14 bytes)
725 1827       4       Many::m390 (14 bytes)
725 1826       3       Many::m390 (14 bytes)   made not entrant: not used
726 1828       3       Many::m391 (14 bytes)
726 1829       4       Many::m391 (14 bytes)
727 1828       3       Many::m391 (14 bytes)   made not entrant: not used
728 1830       3       Many::m392 (14 bytes)
728 1831       4       Many::m392 (14 bytes)
728 1830       3       Many::m392 (14 bytes)   made not entrant: not used
729 1832       3       Many::m393 (14 bytes)
729 1833       4       Many::m393 (14 bytes)
729 1832       3       Many::m393 (14 bytes)   made not entrant: not used
731 1834       3       Many::m394 (14 bytes)
731 1835       4       Many::m394 (14 bytes)
731 1834       3       Many::m394 (14 bytes)   made not entrant: not used
732 1836       3       Many::m395 (14 bytes)
732 1837       4       Many::m395 (14 bytes)
732 1836       3       Many::m395 (14 bytes)   made not entrant: not used
734 1838       3       Many::m396 (14 bytes)
734 1839       4       Many::m396 (14 bytes)
734 1838       3       Many::m396 (14 bytes)   made not entrant: not used
735 1840       3       Many::m397 (14 bytes)
735 1841       4       Many::m397 (14 bytes)
735 1840       3       Many::m397 (14 bytes)   made not entrant: not used
737 1842       3       Many::m398 (14 bytes)
737 1843       4       Many::m398 (14 bytes)
737 1842       3       Many::m398 (14 bytes)   made not entrant: not used
738 1844       3       Many::m399 (14 bytes)
738 1845       4       Many::m399 (14 bytes)
738 1844       3       Many::m399 (14 bytes)   made not entrant: not used
739 1846       3       Many::m400 (14 bytes)
739 1847       4       Many::m400 (14 bytes)
740 1846       3       Many::m400 (14 bytes)   made not entrant: not used
741 1848       3       Many::m401 (14 bytes)
741 1849       4       Many::m401 (14 bytes)
741 1848       3       Many::m401 (14 bytes)   made not entrant: not used
742 1850       3       Many::m402 (14 bytes)
742 1851       4       Many::m402 (14 bytes)
742 1850       3       Many::m402 (14 bytes)   made not entrant: not used
744 1852       3       Many::m403 (14 bytes)
744 1853       4       Many::m403 (14 bytes)
744 1852       3       Many::m403 (14 bytes)   made not entrant: not used
745 1854       3       Many::m404 (14 bytes)
745 1855       4       Many::m404 (14 bytes)
745 1854       3       Many::m404 (14 bytes)   made not entrant: not used
746 1856       3       Many::m405 (14 bytes)
747 1857       4       Many::m405 (14 bytes)
747 1856       3       Many::m405 (14 bytes)   made not entrant: not used
748 1858       3       Many::m406 (14 bytes)
748 1859       4       Many::m406 (14 bytes)
748 1858       3       Many::m406 (14 bytes)   made not entrant: not used
749 1860       3       Many::m407 (14 bytes)
749 1861       4       Many::m407 (14 bytes)
750 1860       3       Many::m407 (14 bytes)   made not entrant: not used
751 1862       3       Many::m408 (14 bytes)
751 1863       4       Many::m408 (14 bytes)
751 1862       3       Many::m408 (14 bytes)   made not entrant: not used
752 1864       3       Many::m409 (14 bytes)
752 1865       4       Many::m409 (14 bytes)
752 1864       3       Many::m409 (14 bytes)   made not entrant: not used
754 1866       3       Many::m410 (14 bytes)
754 1867       4       Many::m410 (14 bytes)
754 1866       3       Many::m410 (14 bytes)   made not entrant: not used
755 1868       3       Many::m411 (14 bytes)
755 1869       4       Many::m411 (14 bytes)
755 1868       3       Many::m411 (14 bytes)   made not entrant: not used
757 1870       3       Many::m412 (14 bytes)
757 1871       4       Many::m412 (14 bytes)
757 1870       3       Many::m412 (14 bytes)   made not entrant: not used
758 1872       3       Many::m413 (14 bytes)
758 1873       4       Many::m413 (14 bytes)
758 1872       3       Many::m413 (14 bytes)   made not entrant: not used
760 1874       3       Many::m414 (14 bytes)
760 1875       4       Many::m414 (14 bytes)
760 1874       3       Many::m414 (14 bytes)   made not entrant: not used
761 1876       3       Many::m415 (14 bytes)
761 1877       4       Many::m415 (14 bytes)
761 1876       3       Many::m415 (14 bytes)   made not entrant: not used
762 1878       3       Many::m416 (14 bytes)
763 1879       4       Many::m416 (14 bytes)
763 1878       3       Many::m416 (14 bytes)   made not entrant: not used
764 1880       3       Many::m417 (14 bytes)
764 1881       4       Many::m417 (14 bytes)
764 1880       3       Many::m417 (14 bytes)   made not entrant: not used
765 1882       3       Many::m418 (14 bytes)
766 1883       4       Many::m418 (14 bytes)
766 1882       3       Many::m418 (14 bytes)   made not entrant: not used
767 1884       3       Many::m419 (14 bytes)
767 1885       4       Many::m419 (14 bytes)
767 1884       3       Many::m419 (14 bytes)   made not entrant: not used
768 1886       3       Many::m420 (14 bytes)
768 1887       4       Many::m420 (14 bytes)
769 1886       3       Many::m420 (14 bytes)   made not entrant: not used
770 1888       3       Many::m421 (14 bytes)
770 1889       4       Many::m421 (14 bytes)
770 1888       3       Many::m421 (14 bytes)   made not entrant: not used
771 1890       3       Many::m422 (14 bytes)
771 1891       4       Many::m422 (14 bytes)
771 1890       3       Many::m422 (14 bytes)   made not entrant: not used
773 1892       3       Many::m423 (14 bytes)
773 1893       4       Many::m423 (14 bytes)
773 1892       3       Many::m423 (14 bytes)   made not entrant: not used
774 1894       3       Many::m424 (14 bytes)
774 1895       4       Many::m424 (14 bytes)
774 1894       3       Many::m424 (14 bytes)   made not entrant: not used
776 1896       3       Many::m425 (14 bytes)
776 1897       4       Many::m425 (14 bytes)
776 1896       3       Many::m425 (14 bytes)   made not entrant: not used
777 1898       3       Many::m426 (14 bytes)
777 1899       4       Many::m426 (14 bytes)
777 1898       3       Many::m426 (14 bytes)   made not entrant: not used
778 1900       3       Many::m427 (14 bytes)
779 1901       4       Many::m427 (14 bytes)
779 1900       3       Many::m427 (14 bytes)   made not entrant: not used
780 1902       3       Many::m428 (14 bytes)
780 1903       4       Many::m428 (14 bytes)
780 1902       3       Many::m428 (14 bytes)   made not entrant: not used
781 1904       3       Many::m429 (14 bytes)
781 1905       4       Many::m429 (14 bytes)
782 1904       3       Many::m429 (14 bytes)   made not entrant: not used
783 1906       3       Many::m430 (14 bytes)
783 1907       4       Many::m430 (14 bytes)
783 1906       3       Many::m430 (14 bytes)   made not entrant: not used
784 1908       3       Many::m431 (14 bytes)
784 1909       4       Many::m431 (14 bytes)
784 1908       3       Many::m431 (14 bytes)   made not entrant: not used
786 1910       3       Many::m432 (14 bytes)
786 1911       4       Many::m432 (14 bytes)
786 1910       3       Many::m432 (14 bytes)   made not entrant: not used
787 1912       3       Many::m433 (14 bytes)
787 1913       4       Many::m433 (14 bytes)
787 1912       3       Many::m433 (14 bytes)   made not entrant: not used
788 1914       3       Many::m434 (14 bytes)
789 1915       4       Many::m434 (14 bytes)
789 1914       3       Many::m434 (14 bytes)   made not entrant: not used
790 1916       3       Many::m435 (14 bytes)
790 1917       4       Many::m435 (14 bytes)
790 1916       3       Many::m435 (14 bytes)   made not entrant: not used
791 1918       3       Many::m436 (14 bytes)
791 1919       4       Many::m436 (14 bytes)
792 1918       3       Many::m436 (14 bytes)   made not entrant: not used
793 1920       3       Many::m437 (14 bytes)
793 1921       4       Many::m437 (14 bytes)
793 1920       3       Many::m437 (14 bytes)   made not entrant: not used
794 1922       3       Many::m438 (14 bytes)
794 1923       4       Many::m438 (14 bytes)
794 1922       3       Many::m438 (14 bytes)   made not entrant: not used
796 1924       3       Many::m439 (14 bytes)
796 1925       4       Many::m439 (14 bytes)
796 1924       3       Many::m439 (14 bytes)   made not entrant: not used
797 1926       3       Many::m440 (14 bytes)
797 1927       4       Many::m440 (14 bytes)
797 1926       3       Many::m440 (14 bytes)   made not entrant: not used
799 1928       3       Many::m441 (14 bytes)
799 1929       4       Many::m441 (14 bytes)
799 1928       3       Many::m441 (14 bytes)   made not entrant: not used
800 1930       3       Many::m442 (14 bytes)
800 1931       4       Many::m442 (14 bytes)
800 1930       3       Many::m442 (14 bytes)   made not entrant: not used
801 1932       3       Many::m443 (14 bytes)
802 1933       4       Many::m443 (14 bytes)
802 1932       3       Many::m443 (14 bytes)   made not entrant: not used
803 1934       3       Many::m444 (14 bytes)
803 1935       4       Many::m444 (14 bytes)
803 1934       3       Many::m444 (14 bytes)   made not entrant: not used
804 1936       3       Many::m445 (14 bytes)
804 1937       4       Many::m445 (14 bytes)
805 1936       3       Many::m445 (14 bytes)   made not entrant: not used
806 1938       3       Many::m446 (14 bytes)
806 1939       4       Many::m446 (14 bytes)
806 1938       3       Many::m446 (14 bytes)   made not entrant: not used
807 1940       3       Many::m447 (14 bytes)
807 1941       4       Many::m447 (14 bytes)
807 1940       3       Many::m447 (14 bytes)   made not entrant: not used
809 1942       3       Many::m448 (14 bytes)
809 1943       4       Many::m448 (14 bytes)
809 1942       3       Many::m448 (14 bytes)   made not entrant: not used
810 1944       3       Many::m449 (14 bytes)
810 1945       4       Many::m449 (14 bytes)
810 1944       3       Many::m449 (14 bytes)   made not entrant: not used
812 1946       3       Many::m450 (14 bytes)
812 1947       4       Many::m450 (14 bytes)
812 1946       3       Many::m450 (14 bytes)   made not entrant: not used
813 1948       3       Many::m451 (14 bytes)
813 1949       4       Many::m451 (14 bytes)
813 1948       3       Many::m451 (14 bytes)   made not entrant: not used
814 1950       3       Many::m452 (14 bytes)
815 1951       4       Many::m452 (14 bytes)
815 1950       3       Many::m452 (14 bytes)   made not entrant: not used
816 1952       3       Many::m453 (14 bytes)
816 1953       4       Many::m453 (14 bytes)
816 1952       3       Many::m453 (14 bytes)   made not entrant: not used
817 1954       3       Many::m454 (14 bytes)
817 1955       4       Many::m454 (14 bytes)
818 1954       3       Many::m454 (14 bytes)   made not entrant: not used
819 1956       3       Many::m455 (14 bytes)
819 1957       4       Many::m455 (14 bytes)
819 1956       3       Many::m455 (14 bytes)   made not entrant: not used
820 1958       3       Many::m456 (14 bytes)
820 1959       4       Many::m456 (14 bytes)
820 1958       3       Many::m456 (14 bytes)   made not entrant: not used
822 1960       3       Many::m457 (14 bytes)
822 1961       4       Many::m457 (14 bytes)
822 1960       3       Many::m457 (14 bytes)   made not entrant: not used
823 1962       3       Many::m458 (14 bytes)
823 1963       4       Many::m458 (14 bytes)
823 1962       3       Many::m458 (14 bytes)   made not entrant: not used
825 1964       3       Many::m459 (14 bytes)
825 1965       4       Many::m459 (14 bytes)
825 1964       3       Many::m459 (14 bytes)   made not entrant: not used
826 1966       3       Many::m460 (14 bytes)
826 1967       4       Many::m460 (14 bytes)
826 1966       3       Many::m460 (14 bytes)   made not entrant: not used
827 1968       3       Many::m461 (14 bytes)
828 1969       4       Many::m461 (14 bytes)
828 1968       3       Many::m461 (14 bytes)   made not entrant: not used
829 1970       3       Many::m462 (14 bytes)
829 1971       4       Many::m462 (14 bytes)
829 1970       3       Many::m462 (14 bytes)   made not entrant: not used
830 1972       3       Many::m463 (14 bytes)
830 1973       4       Many::m463 (14 bytes)
830 1972       3       Many::m463 (14 bytes)   made not entrant: not used
832 1974       3       Many::m464 (14 bytes)
832 1975       4       Many::m464 (14 bytes)
832 1974       3       Many::m464 (14 bytes)   made not entrant: not used
833 1976       3       Many::m465 (14 bytes)
833 1977       4       Many::m465 (14 bytes)
833 1976       3       Many::m465 (14 bytes)   made not entrant: not used
835 1978       3       Many::m466 (14 bytes)
835 1979       4       Many::m466 (14 bytes)
835 1978       3       Many::m466 (14 bytes)   made not entrant: not used
836 1980       3       Many::m467 (14 bytes)
836 1981       4       Many::m467 (14 bytes)
836 1980       3       Many::m467 (14 bytes)   made not entrant: not used
838 1982       3       Many::m468 (14 bytes)
838 1983       4       Many::m468 (14 bytes)
838 1982       3       Many::m468 (14 bytes)   made not entrant: not used
839 1984       3       Many::m469 (14 bytes)
839 1985       4       Many::m469 (14 bytes)
839 1984       3       Many::m469 (14 bytes)   made not entrant: not used
840 1986       3       Many::m470 (14 bytes)
841 1987       4       Many::m470 (14 bytes)
841 1986       3       Many::m470 (14 bytes)   made not entrant: not used
842 1988       3       Many::m471 (14 bytes)
842 1989       4       Many::m471 (14 bytes)
842 1988       3       Many::m471 (14 bytes)   made not entrant: not used
843 1990       3       Many::m472 (14 bytes)
843 1991       4       Many::m472 (14 bytes)
844 1990       3       Many::m472 (14 bytes)   made not entrant: not used
845 1992       3       Many::m473 (14 bytes)
845 1993       4       Many::m473 (14 bytes)
845 1992       3       Many::m473 (14 bytes)   made not entrant: not used
846 1994       3       Many::m474 (14 bytes)
846 1995       4       Many::m474 (14 bytes)
846 1994       3       Many::m474 (14 bytes)   made not entrant: not used
848 1996       3       Many::m475 (14 bytes)
848 1997       4       Many::m475 (14 bytes)
848 1996       3       Many::m475 (14 bytes)   made not entrant: not used
849 1998       3       Many::m476 (14 bytes)
849 1999       4       Many::m476 (14 bytes)
849 1998       3       Many::m476 (14 bytes)   made not entrant: not used
851 2000       3       Many::m477 (14 bytes)
851 2001       4       Many::m477 (14 bytes)
851 2000       3       Many::m477 (14 bytes)   made not entrant: not used
852 2002       3       Many::m478 (14 bytes)
852 2003       4       Many::m478 (14 bytes)
852 2002       3       Many::m478 (14 bytes)   made not entrant: not used
854 2004       3       Many::m479 (14 bytes)
854 2005       4       Many::m479 (14 bytes)
854 2004       3       Many::m479 (14 bytes)   made not entrant: not used
855 2006       3       Many::m480 (14 bytes)
855 2007       4       Many::m480 (14 bytes)
855 2006       3       Many::m480 (14 bytes)   made not entrant: not used
856 2008       3       Many::m481 (14 bytes)
857 2009       4       Many::m481 (14 bytes)
857 2008       3       Many::m481 (14 bytes)   made not entrant: not used
858 2010       3       Many::m482 (14 bytes)
858 2011       4       Many::m482 (14 bytes)
858 2010       3       Many::m482 (14 bytes)   made not entrant: not used
859 2012       3       Many::m483 (14 bytes)
859 2013       4       Many::m483 (14 bytes)
859 2012       3       Many::m483 (14 bytes)   made not entrant: not used
861 2014       3       Many::m484 (14 bytes)
861 2015       4       Many::m484 (14 bytes)
861 2014       3       Many::m484 (14 bytes)   made not entrant: not used
862 2016       3       Many::m485 (14 bytes)
862 2017       4       Many::m485 (14 bytes)
862 2016       3       Many::m485 (14 bytes)   made not entrant: not used
864 2018       3       Many::m486 (14 bytes)
864 2019       4       Many::m486 (14 bytes)
864 2018       3       Many::m486 (14 bytes)   made not entrant: not used
865 2020       3       Many::m487 (14 bytes)
865 2021       4       Many::m487 (14 bytes)
865 2020       3       Many::m487 (14 bytes)   made not entrant: not used
867 2022       3       Many::m488 (14 bytes)
867 2023       4       Many::m488 (14 bytes)
867 2022       3       Many::m488 (14 bytes)   made not entrant: not used
868 2024       3       Many::m489 (14 bytes)
868 2025       4       Many::m489 (14 bytes)
868 2024       3       Many::m489 (14 bytes)   made not entrant: not used
870 2026       3       Many::m490 (14 bytes)
870 2027       4       Many::m490 (14 bytes)
870 2026       3       Many::m490 (14 bytes)   made not entrant: not used
871 2028       3       Many::m491 (14 bytes)
871 2029       4       Many::m491 (14 bytes)
871 2028       3       Many::m491 (14 bytes)   made not entrant: not used
872 2030       3       Many::m492 (14 bytes)
872 2031       4       Many::m492 (14 bytes)
873 2030       3       Many::m492 (14 bytes)   made not entrant: not used
874 2032       3       Many::m493 (14 bytes)
874 2033       4       Many::m493 (14 bytes)
874 2032       3       Many::m493 (14 bytes)   made not entrant: not used
875 2034       3       Many::m494 (14 bytes)
875 2035       4       Many::m494 (14 bytes)
875 2034       3       Many::m494 (14 bytes)   made not entrant: not used
877 2036       3       Many::m495 (14 bytes)
877 2037       4       Many::m495 (14 bytes)
877 2036       3       Many::m495 (14 bytes)   made not entrant: not used
878 2038       3       Many::m496 (14 bytes)
878 2039       4       Many::m496 (14 bytes)
878 2038       3       Many::m496 (14 bytes)   made not entrant: not used
880 2040       3       Many::m497 (14 bytes)
880 2041       4       Many::m497 (14 bytes)
880 2040       3       Many::m497 (14 bytes)   made not entrant: not used
881 2042       3       Many::m498 (14 bytes)
881 2043       4       Many::m498 (14 bytes)
881 2042       3       Many::m498 (14 bytes)   made not entrant: not used
882 2044       3       Many::m499 (14 bytes)
883 2045       4       Many::m499 (14 bytes)
883 2044       3       Many::m499 (14 bytes)   made not entrant: not used
884 2046       3       Many::m500 (14 bytes)
884 2047       4       Many::m500 (14 bytes)
884 2046       3       Many::m500 (14 bytes)   made not entrant: not used
885 2048       3       Many::m501 (14 bytes)
886 2049       4       Many::m501 (14 bytes)
886 2048       3       Many::m501 (14 bytes)   made not entrant: not used
887 2050       3       Many::m502 (14 bytes)
887 2051       4       Many::m502 (14 bytes)
887 2050       3       Many::m502 (14 bytes)   made not entrant: not used
888 2052       3       Many::m503 (14 bytes)
888 2053       4       Many::m503 (14 bytes)
889 2052       3       Many::m503 (14 bytes)   made not entrant: not used
890 2054       3       Many::m504 (14 bytes)
890 2055       4       Many::m504 (14 bytes)
890 2054       3       Many::m504 (14 bytes)   made not entrant: not used
891 2056       3       Many::m505 (14 bytes)
891 2057       4       Many::m505 (14 bytes)
891 2056       3       Many::m505 (14 bytes)   made not entrant: not used
893 2058       3       Many::m506 (14 bytes)
893 2059       4       Many::m506 (14 bytes)
893 2058       3       Many::m506 (14 bytes)   made not entrant: not used
894 2060       3       Many::m507 (14 bytes)
894 2061       4       Many::m507 (14 bytes)
894 2060       3       Many::m507 (14 bytes)   made not entrant: not used
896 2062       3       Many::m508 (14 bytes)
896 2063       4       Many::m508 (14 bytes)
896 2062       3       Many::m508 (14 bytes)   made not entrant: not used
897 2064       3       Many::m509 (14 bytes)
897 2065       4       Many::m509 (14 bytes)
897 2064       3       Many::m509 (14 bytes)   made not entrant: not used
898 2066       3       Many::m510 (14 bytes)
899 2067       4       Many::m510 (14 bytes)
899 2066       3       Many::m510 (14 bytes)   made not entrant: not used
900 2068       3       Many::m511 (14 bytes)
900 2069       4       Many::m511 (14 bytes)
900 2068       3       Many::m511 (14 bytes)   made not entrant: not used
901 2070       3       Many::m512 (14 bytes)
901 2071       4       Many::m512 (14 bytes)
902 2070       3       Many::m512 (14 bytes)   made not entrant: not used
903 2072       3       Many::m513 (14 bytes)
903 2073       4       Many::m513 (14 bytes)
903 2072       3       Many::m513 (14 bytes)   made not entrant: not used
904 2074       3       Many::m514 (14 bytes)
904 2075       4       Many::m514 (14 bytes)
904 2074       3       Many::m514 (14 bytes)   made not entrant: not used
906 2076       3       Many::m515 (14 bytes)
906 2077       4       Many::m515 (14 bytes)
906 2076       3       Many::m515 (14 bytes)   made not entrant: not used
907 2078       3       Many::m516 (14 bytes)
907 2079       4       Many::m516 (14 bytes)
907 2078       3       Many::m516 (14 bytes)   made not entrant: not used
909 2080       3       Many::m517 (14 bytes)
909 2081       4       Many::m517 (14 bytes)
909 2080       3       Many::m517 (14 bytes)   made not entrant: not used
910 2082       3       Many::m518 (14 bytes)
910 2083       4       Many::m518 (14 bytes)
910 2082       3       Many::m518 (14 bytes)   made not entrant: not used
911 2084       3       Many::m519 (14 bytes)
912 2085       4       Many::m519 (14 bytes)
912 2084       3       Many::m519 (14 bytes)   made not entrant: not used
913 2086       3       Many::m520 (14 bytes)
913 2087       4       Many::m520 (14 bytes)
913 2086       3       Many::m520 (14 bytes)   made not entrant: not used
914 2088       3       Many::m521 (14 bytes)
914 2089       4       Many::m521 (14 bytes)
915 2088       3       Many::m521 (14 bytes)   made not entrant: not used
916 2090       3       Many::m522 (14 bytes)
916 2091       4       Many::m522 (14 bytes)
916 2090       3       Many::m522 (14 bytes)   made not entrant: not used
917 2092       3       Many::m523 (14 bytes)
918 2093       4       Many::m523 (14 bytes)
918 2092       3       Many::m523 (14 bytes)   made not entrant: not used
919 2094       3       Many::m524 (14 bytes)
919 2095       4       Many::m524 (14 bytes)
919 2094       3       Many::m524 (14 bytes)   made not entrant: not used
921 2096       3       Many::m525 (14 bytes)
921 2097       4       Many::m525 (14 bytes)
921 2096       3       Many::m525 (14 bytes)   made not entrant: not used
922 2098       3       Many::m526 (14 bytes)
922 2099       4       Many::m526 (14 bytes)
922 2098       3       Many::m526 (14 bytes)   made not entrant: not used
923 2100       3       Many::m527 (14 bytes)
923 2101       4       Many::m527 (14 bytes)
924 2100       3       Many::m527 (14 bytes)   made not entrant: not used
925 2102       3       Many::m528 (14 bytes)
925 2103       4       Many::m528 (14 bytes)
925 2102       3       Many::m528 (14 bytes)   made not entrant: not used
926 2104       3       Many::m529 (14 bytes)
926 2105       4       Many::m529 (14 bytes)
926 2104       3       Many::m529 (14 bytes)   made not entrant: not used
928 2106       3       Many::m530 (14 bytes)
928 2107       4       Many::m530 (14 bytes)
928 2106       3       Many::m530 (14 bytes)   made not entrant: not used
929 2108       3       Many::m531 (14 bytes)
929 2109       4       Many::m531 (14 bytes)
929 2108       3       Many::m531 (14 bytes)   made not entrant: not used
930 2110       3       Many::m532 (14 bytes)
931 2111       4       Many::m532 (14 bytes)
931 2110       3       Many::m532 (14 bytes)   made not entrant: not used
932 2112       3       Many::m533 (14 bytes)
932 2113       4       Many::m533 (14 bytes)
932 2112       3       Many::m533 (14 bytes)   made not entrant: not used
933 2114       3       Many::m534 (14 bytes)
934 2115       4       Many::m534 (14 bytes)
934 2114       3       Many::m534 (14 bytes)   made not entrant: not used
935 2116       3       Many::m535 (14 bytes)
935 2117       4       Many::m535 (14 bytes)
935 2116       3       Many::m535 (14 bytes)   made not entrant: not used
936 2118       3       Many::m536 (14 bytes)
936 2119       4       Many::m536 (14 bytes)
936 2118       3       Many::m536 (14 bytes)   made not entrant: not used
938 2120       3       Many::m537 (14 bytes)
938 2121       4       Many::m537 (14 bytes)
938 2120       3       Many::m537 (14 bytes)   made not entrant: not used
939 2122       3       Many::m538 (14 bytes)
939 2123       4       Many::m538 (14 bytes)
939 2122       3       Many::m538 (14 bytes)   made not entrant: not used
941 2124       3       Many::m539 (14 bytes)
941 2125       4       Many::m539 (14 bytes)
941 2124       3       Many::m539 (14 bytes)   made not entrant: not used
942 2126       3       Many::m540 (14 bytes)
942 2127       4       Many::m540 (14 bytes)
942 2126       3       Many::m540 (14 bytes)   made not entrant: not used
943 2128       3       Many::m541 (14 bytes)
944 2129       4       Many::m541 (14 bytes)
944 2128       3       Many::m541 (14 bytes)   made not entrant: not used
945 2130       3       Many::m542 (14 bytes)
945 2131       4       Many::m542 (14 bytes)
945 2130       3       Many::m542 (14 bytes)   made not entrant: not used
946 2132       3       Many::m543 (14 bytes)
946 2133       4       Many::m543 (14 bytes)
946 2132       3       Many::m543 (14 bytes)   made not entrant: not used
948 2134       3       Many::m544 (14 bytes)
948 2135       4       Many::m544 (14 bytes)
948 2134       3       Many::m544 (14 bytes)   made not entrant: not used
949 2136       3       Many::m545 (14 bytes)
949 2137       4       Many::m545 (14 bytes)
949 2136       3       Many::m545 (14 bytes)   made not entrant: not used
951 2138       3       Many::m546 (14 bytes)
951 2139       4       Many::m546 (14 bytes)
951 2138       3       Many::m546 (14 bytes)   made not entrant: not used
952 2140       3       Many::m547 (14 bytes)
952 2141       4       Many::m547 (14 bytes)
952 2140       3       Many::m547 (14 bytes)   made not entrant: not used
953 2142       3       Many::m548 (14 bytes)
954 2143       4       Many::m548 (14 bytes)
954 2142       3       Many::m548 (14 bytes)   made not entrant: not used
955 2144       3       Many::m549 (14 bytes)
955 2145       4       Many::m549 (14 bytes)
955 2144       3       Many::m549 (14 bytes)   made not entrant: not used
956 2146       3       Many::m550 (14 bytes)
956 2147       4       Many::m550 (14 bytes)
957 2146       3       Many::m550 (14 bytes)   made not entrant: not used
958 2148       3       Many::m551 (14 bytes)
958 2149       4       Many::m551 (14 bytes)
958 2148       3       Many::m551 (14 bytes)   made not entrant: not used
959 2150       3       Many::m552 (14 bytes)
959 2151       4       Many::m552 (14 bytes)
959 2150       3       Many::m552 (14 bytes)   made not entrant: not used
961 2152       3       Many::m553 (14 bytes)
961 2153       4       Many::m553 (14 bytes)
961 2152       3       Many::m553 (14 bytes)   made not entrant: not used
962 2154       3       Many::m554 (14 bytes)
962 2155       4       Many::m554 (14 bytes)
962 2154       3       Many::m554 (14 bytes)   made not entrant: not used
964 2156       3       Many::m555 (14 bytes)
964 2157       4       Many::m555 (14 bytes)
964 2156       3       Many::m555 (14 bytes)   made not entrant: not used
965 2158       3       Many::m556 (14 bytes)
965 2159       4       Many::m556 (14 bytes)
965 2158       3       Many::m556 (14 bytes)   made not entrant: not used
966 2160       3       Many::m557 (14 bytes)
967 2161       4       Many::m557 (14 bytes)
967 2160       3       Many::m557 (14 bytes)   made not entrant: not used
968 2162       3       Many::m558 (14 bytes)
968 2163       4       Many::m558 (14 bytes)
968 2162       3       Many::m558 (14 bytes)   made not entrant: not used
969 2164       3       Many::m559 (14 bytes)
969 2165       4       Many::m559 (14 bytes)
970 2164       3       Many::m559 (14 bytes)   made not entrant: not used
971 2166       3       Many::m560 (14 bytes)
971 2167       4       Many::m560 (14 bytes)
971 2166       3       Many::m560 (14 bytes)   made not entrant: not used
972 2168       3       Many::m561 (14 bytes)
972 2169       4       Many::m561 (14 bytes)
973 2168       3       Many::m561 (14 bytes)   made not entrant: not used
974 2170       3       Many::m562 (14 bytes)
974 2171       4       Many::m562 (14 bytes)
974 2170       3       Many::m562 (14 bytes)   made not entrant: not used
975 2172       3       Many::m563 (14 bytes)
975 2173       4       Many::m563 (14 bytes)
975 2172       3       Many::m563 (14 bytes)   made not entrant: not used
977 2174       3       Many::m564 (14 bytes)
977 2175       4       Many::m564 (14 bytes)
977 2174       3       Many::m564 (14 bytes)   made not entrant: not used
978 2176       3       Many::m565 (14 bytes)
978 2177       4       Many::m565 (14 bytes)
978 2176       3       Many::m565 (14 bytes)   made not entrant: not used
980 2178       3       Many::m566 (14 bytes)
980 2179       4       Many::m566 (14 bytes)
980 2178       3       Many::m566 (14 bytes)   made not entrant: not used
981 2180       3       Many::m567 (14 bytes)
981 2181       4       Many::m567 (14 bytes)
981 2180       3       Many::m567 (14 bytes)   made not entrant: not used
983 2182       3       Many::m568 (14 bytes)
983 2183       4       Many::m568 (14 bytes)
983 2182       3       Many::m568 (14 bytes)   made not entrant: not used
984 2184       3       Many::m569 (14 bytes)
984 2185       4       Many::m569 (14 bytes)
984 2184       3       Many::m569 (14 bytes)   made not entrant: not used
985 2186       3       Many::m570 (14 bytes)
986 2187       4       Many::m570 (14 bytes)
986 2186       3       Many::m570 (14 bytes)   made not entrant: not used
987 2188       3       Many::m571 (14 bytes)
987 2189       4       Many::m571 (14 bytes)
987 2188       3       Many::m571 (14 bytes)   made not entrant: not used
988 2190       3       Many::m572 (14 bytes)
988 2191       4       Many::m572 (14 bytes)
989 2190       3       Many::m572 (14 bytes)   made not entrant: not used
990 2192       3       Many::m573 (14 bytes)
990 2193       4       Many::m573 (14 bytes)
990 2192       3       Many::m573 (14 bytes)   made not entrant: not used
991 2194       3       Many::m574 (14 bytes)
991 2195       4       Many::m574 (14 bytes)
991 2194       3       Many::m574 (14 bytes)   made not entrant: not used
993 2196       3       Many::m575 (14 bytes)
993 2197       4       Many::m575 (14 bytes)
993 2196       3       Many::m575 (14 bytes)   made not entrant: not used
994 2198       3       Many::m576 (14 bytes)
994 2199       4       Many::m576 (14 bytes)
994 2198       3       Many::m576 (14 bytes)   made not entrant: not used
996 2200       3       Many::m577 (14 bytes)
996 2201       4       Many::m577 (14 bytes)
996 2200       3       Many::m577 (14 bytes)   made not entrant: not used
997 2202       3       Many::m578 (14 bytes)
997 2203       4       Many::m578 (14 bytes)
997 2202       3       Many::m578 (14 bytes)   made not entrant: not used
998 2204       3       Many::m579 (14 bytes)
999 2205       4       Many::m579 (14 bytes)
999 2204       3       Many::m579 (14 bytes)   made not entrant: not used
1000 2206       3       Many::m580 (14 bytes)
1000 2207       4       Many::m580 (14 bytes)
1000 2206       3       Many::m580 (14 bytes)   made not entrant: not used
1001 2208       3       Many::m581 (14 bytes)
1001 2209       4       Many::m581 (14 bytes)
1001 2208       3       Many::m581 (14 bytes)   made not entrant: not used
1003 2210       3       Many::m582 (14 bytes)
1003 2211       4       Many::m582 (14 bytes)
1003 2210       3       Many::m582 (14 bytes)   made not entrant: not used
1004 2212       3       Many::m583 (14 bytes)
1004 2213       4       Many::m583 (14 bytes)
1004 2212       3       Many::m583 (14 bytes)   made not entrant: not used
1006 2214       3       Many::m584 (14 bytes)
1006 2215       4       Many::m584 (14 bytes)
1006 2214       3       Many::m584 (14 bytes)   made not entrant: not used
1007 2216       3       Many::m585 (14 bytes)
1007 2217       4       Many::m585 (14 bytes)
1007 2216       3       Many::m585 (14 bytes)   made not entrant: not used
1008 2218       3       Many::m586 (14 bytes)
1009 2219       4       Many::m586 (14 bytes)
1009 2218       3       Many::m586 (14 bytes)   made not entrant: not used
1010 2220       3       Many::m587 (14 bytes)
1010 2221       4       Many::m587 (14 bytes)
1010 2220       3       Many::m587 (14 bytes)   made not entrant: not used
1011 2222       3       Many::m588 (14 bytes)
1011 2223       4       Many::m588 (14 bytes)
1011 2222       3       Many::m588 (14 bytes)   made not entrant: not used
1013 2224       3       Many::m589 (14 bytes)
1013 2225       4       Many::m589 (14 bytes)
1013 2224       3       Many::m589 (14 bytes)   made not entrant: not used
1014 2226       3       Many::m590 (14 bytes)
1014 2227       4       Many::m590 (14 bytes)
1014 2226       3       Many::m590 (14 bytes)   made not entrant: not used
1016 2228       3       Many::m591 (14 bytes)
1016 2229       4       Many::m591 (14 bytes)
1016 2228       3       Many::m591 (14 bytes)   made not entrant: not used
1017 2230       3       Many::m592 (14 bytes)
1017 2231       4       Many::m592 (14 bytes)
1017 2230       3       Many::m592 (14 bytes)   made not entrant: not used
1019 2232       3       Many::m593 (14 bytes)
1019 2233       4       Many::m593 (14 bytes)
1019 2232       3       Many::m593 (14 bytes)   made not entrant: not used
1020 2234       3       Many::m594 (14 bytes)
1020 2235       4       Many::m594 (14 bytes)
1020 2234       3       Many::m594 (14 bytes)   made not entrant: not used
1021 2236       3       Many::m595 (14 bytes)
1022 2237       4       Many::m595 (14 bytes)
1022 2236       3       Many::m595 (14 bytes)   made not entrant: not used
1023 2238       3       Many::m596 (14 bytes)
1023 2239       4       Many::m596 (14 bytes)
1023 2238       3       Many::m596 (14 bytes)   made not entrant: not used
1024 2240       3       Many::m597 (14 bytes)
1024 2241       4       Many::m597 (14 bytes)
1024 2240       3       Many::m597 (14 bytes)   made not entrant: not used
1026 2242       3       Many::m598 (14 bytes)
1026 2243       4       Many::m598 (14 bytes)
1026 2242       3       Many::m598 (14 bytes)   made not entrant: not used
1027 2244       3       Many::m599 (14 bytes)
1027 2245       4       Many::m599 (14 bytes)
1027 2244       3       Many::m599 (14 bytes)   made not entrant: not used
1029 2246       3       Many::m600 (14 bytes)
1029 2247       4       Many::m600 (14 bytes)
1029 2246       3       Many::m600 (14 bytes)   made not entrant: not used
1030 2248       3       Many::m601 (14 bytes)
1030 2249       4       Many::m601 (14 bytes)
1030 2248       3       Many::m601 (14 bytes)   made not entrant: not used
1031 2250       3       Many::m602 (14 bytes)
1032 2251       4       Many::m602 (14 bytes)
1032 2250       3       Many::m602 (14 bytes)   made not entrant: not used
1033 2252       3       Many::m603 (14 bytes)
1033 2253       4       Many::m603 (14 bytes)
1033 2252       3       Many::m603 (14 bytes)   made not entrant: not used
1034 2254       3       Many::m604 (14 bytes)
1034 2255       4       Many::m604 (14 bytes)
1034 2254       3       Many::m604 (14 bytes)   made not entrant: not used
1036 2256       3       Many::m605 (14 bytes)
1036 2257       4       Many::m605 (14 bytes)
1036 2256       3       Many::m605 (14 bytes)   made not entrant: not used
1037 2258       3       Many::m606 (14 bytes)
1037 2259       4       Many::m606 (14 bytes)
1037 2258       3       Many::m606 (14 bytes)   made not entrant: not used
1039 2260       3       Many::m607 (14 bytes)
1039 2261       4       Many::m607 (14 bytes)
1039 2260       3       Many::m607 (14 bytes)   made not entrant: not used
1040 2262       3       Many::m608 (14 bytes)
1040 2263       4       Many::m608 (14 bytes)
1040 2262       3       Many::m608 (14 bytes)   made not entrant: not used
1041 2264       3       Many::m609 (14 bytes)
1042 2265       4       Many::m609 (14 bytes)
1042 2264       3       Many::m609 (14 bytes)   made not entrant: not used
1043 2266       3       Many::m610 (14 bytes)
1043 2267       4       Many::m610 (14 bytes)
1043 2266       3       Many::m610 (14 bytes)   made not entrant: not used
1044 2268       3       Many::m611 (14 bytes)
1044 2269       4       Many::m611 (14 bytes)
1045 2268       3       Many::m611 (14 bytes)   made not entrant: not used
1046 2270       3       Many::m612 (14 bytes)
1046 2271       4       Many::m612 (14 bytes)
1046 2270       3       Many::m612 (14 bytes)   made not entrant: not used
1047 2272       3       Many::m613 (14 bytes)
1047 2273       4       Many::m613 (14 bytes)
1047 2272       3       Many::m613 (14 bytes)   made not entrant: not used
1049 2274       3       Many::m614 (14 bytes)
1049 2275       4       Many::m614 (14 bytes)
1049 2274       3       Many::m614 (14 bytes)   made not entrant: not used
1050 2276       3       Many::m615 (14 bytes)
1050 2277       4       Many::m615 (14 bytes)
1050 2276       3       Many::m615 (14 bytes)   made not entrant: not used
1052 2278       3       Many::m616 (14 bytes)
1052 2279       4       Many::m616 (14 bytes)
1052 2278       3       Many::m616 (14 bytes)   made not entrant: not used
1053 2280       3       Many::m617 (14 bytes)
1053 2281       4       Many::m617 (14 bytes)
1053 2280       3       Many::m617 (14 bytes)   made not entrant: not used
1054 2282       3       Many::m618 (14 bytes)
1055 2283       4       Many::m618 (14 bytes)
1055 2282       3       Many::m618 (14 bytes)   made not entrant: not used
1056 2284       3       Many::m619 (14 bytes)
1056 2285       4       Many::m619 (14 bytes)
1056 2284       3       Many::m619 (14 bytes)   made not entrant: not used
1057 2286       3       Many::m620 (14 bytes)
1057 2287       4       Many::m620 (14 bytes)
1057 2286       3       Many::m620 (14 bytes)   made not entrant: not used
1059 2288       3       Many::m621 (14 bytes)
1059 2289       4       Many::m621 (14 bytes)
1059 2288       3       Many::m621 (14 bytes)   made not entrant: not used
1060 2290       3       Many::m622 (14 bytes)
1060 2291       4       Many::m622 (14 bytes)
1060 2290       3       Many::m622 (14 bytes)   made not entrant: not used
1062 2292       3       Many::m623 (14 bytes)
1062 2293       4       Many::m623 (14 bytes)
1062 2292       3       Many::m623 (14 bytes)   made not entrant: not used
1063 2294       3       Many::m624 (14 bytes)
1063 2295       4       Many::m624 (14 bytes)
1063 2294       3       Many::m624 (14 bytes)   made not entrant: not used
1064 2296       3       Many::m625 (14 bytes)
1064 2297       4       Many::m625 (14 bytes)
1065 2296       3       Many::m625 (14 bytes)   made not entrant: not used
1066 2298       3       Many::m626 (14 bytes)
1066 2299       4       Many::m626 (14 bytes)
1066 2298       3       Many::m626 (14 bytes)   made not entrant: not used
1067 2300       3       Many::m627 (14 bytes)
1067 2301       4       Many::m627 (14 bytes)
1067 2300       3       Many::m627 (14 bytes)   made not entrant: not used
1069 2302       3       Many::m628 (14 bytes)
1069 2303       4       Many::m628 (14 bytes)
1069 2302       3       Many::m628 (14 bytes)   made not entrant: not used
1070 2304       3       Many::m629 (14 bytes)
1070 2305       4       Many::m629 (14 bytes)
1070 2304       3       Many::m629 (14 bytes)   made not entrant: not used
1072 2306       3       Many::m630 (14 bytes)
1072 2307       4       Many::m630 (14 bytes)
1072 2306       3       Many::m630 (14 bytes)   made not entrant: not used
1073 2308       3       Many::m631 (14 bytes)
1073 2309       4       Many::m631 (14 bytes)
1073 2308       3       Many::m631 (14 bytes)   made not entrant: not used
1074 2310       3       Many::m632 (14 bytes)
1075 2311       4       Many::m632 (14 bytes)
1075 2310       3       Many::m632 (14 bytes)   made not entrant: not used
1076 2312       3       Many::m633 (14 bytes)
1076 2313       4       Many::m633 (14 bytes)
1076 2312       3       Many::m633 (14 bytes)   made not entrant: not used
1077 2314       3       Many::m634 (14 bytes)
1077 2315       4       Many::m634 (14 bytes)
1078 2314       3       Many::m634 (14 bytes)   made not entrant: not used
1079 2316       3       Many::m635 (14 bytes)
1079 2317       4       Many::m635 (14 bytes)
1079 2316       3       Many::m635 (14 bytes)   made not entrant: not used
1080 2318       3       Many::m636 (14 bytes)
1080 2319       4       Many::m636 (14 bytes)
1080 2318       3       Many::m636 (14 bytes)   made not entrant: not used
1082 2320       3       Many::m637 (14 bytes)
1082 2321       4       Many::m637 (14 bytes)
1082 2320       3       Many::m637 (14 bytes)   made not entrant: not used
1083 2322       3       Many::m638 (14 bytes)
1083 2323       4       Many::m638 (14 bytes)
1083 2322       3       Many::m638 (14 bytes)   made not entrant: not used
1085 2324       3       Many::m639 (14 bytes)
1085 2325       4       Many::m639 (14 bytes)
1085 2324       3       Many::m639 (14 bytes)   made not entrant: not used
1086 2326       3       Many::m640 (14 bytes)
1086 2327       4       Many::m640 (14 bytes)
1086 2326       3       Many::m640 (14 bytes)   made not entrant: not used
1087 2328       3       Many::m641 (14 bytes)
1088 2329       4       Many::m641 (14 bytes)
1088 2328       3       Many::m641 (14 bytes)   made not entrant: not used
1089 2330       3       Many::m642 (14 bytes)
1089 2331       4       Many::m642 (14 bytes)
1089 2330       3       Many::m642 (14 bytes)   made not entrant: not used
1090 2332       3       Many::m643 (14 bytes)
1090 2333       4       Many::m643 (14 bytes)
1090 2332       3       Many::m643 (14 bytes)   made not entrant: not used
1092 2334       3       Many::m644 (14 bytes)
1092 2335       4       Many::m644 (14 bytes)
1092 2334       3       Many::m644 (14 bytes)   made not entrant: not used
1093 2336       3       Many::m645 (14 bytes)
1093 2337       4       Many::m645 (14 bytes)
1093 2336       3       Many::m645 (14 bytes)   made not entrant: not used
1095 2338       3       Many::m646 (14 bytes)
1095 2339       4       Many::m646 (14 bytes)
1095 2338       3       Many::m646 (14 bytes)   made not entrant: not used
1096 2340       3       Many::m647 (14 bytes)
1096 2341       4       Many::m647 (14 bytes)
1096 2340       3       Many::m647 (14 bytes)   made not entrant: not used
1098 2342       3       Many::m648 (14 bytes)
1098 2343       4       Many::m648 (14 bytes)
1098 2342       3       Many::m648 (14 bytes)   made not entrant: not used
1099 2344       3       Many::m649 (14 bytes)
1099 2345       4       Many::m649 (14 bytes)
1099 2344       3       Many::m649 (14 bytes)   made not entrant: not used
1100 2346       3       Many::m650 (14 bytes)
1101 2347       4       Many::m650 (14 bytes)
1101 2346       3       Many::m650 (14 bytes)   made not entrant: not used
1102 2348       3       Many::m651 (14 bytes)
1102 2349       4       Many::m651 (14 bytes)
1102 2348       3       Many::m651 (14 bytes)   made not entrant: not used
1103 2350       3       Many::m652 (14 bytes)
1103 2351       4       Many::m652 (14 bytes)
1103 2350       3       Many::m652 (14 bytes)   made not entrant: not used
1105 2352       3       Many::m653 (14 bytes)
1105 2353       4       Many::m653 (14 bytes)
1105 2352       3       Many::m653 (14 bytes)   made not entrant: not used
1106 2354       3       Many::m654 (14 bytes)
1106 2355       4       Many::m654 (14 bytes)
1106 2354       3       Many::m654 (14 bytes)   made not entrant: not used
1108 2356       3       Many::m655 (14 bytes)
1108 2357       4       Many::m655 (14 bytes)
1108 2356       3       Many::m655 (14 bytes)   made not entrant: not used
1109 2358       3       Many::m656 (14 bytes)
1109 2359       4       Many::m656 (14 bytes)
1109 2358       3       Many::m656 (14 bytes)   made not entrant: not used
1111 2360       3       Many::m657 (14 bytes)
1111 2361       4       Many::m657 (14 bytes)
1111 2360       3       Many::m657 (14 bytes)   made not entrant: not used
1112 2362       3       Many::m658 (14 bytes)
1112 2363       4       Many::m658 (14 bytes)
1112 2362       3       Many::m658 (14 bytes)   made not entrant: not used
1113 2364       3       Many::m659 (14 bytes)
1113 2365       4       Many::m659 (14 bytes)
1114 2364       3       Many::m659 (14 bytes)   made not entrant: not used
1115 2366       3       Many::m660 (14 bytes)
1115 2367       4       Many::m660 (14 bytes)
1115 2366       3       Many::m660 (14 bytes)   made not entrant: not used
1116 2368       3       Many::m661 (14 bytes)
1116 2369       4       Many::m661 (14 bytes)
1116 2368       3       Many::m661 (14 bytes)   made not entrant: not used
1118 2370       3       Many::m662 (14 bytes)
1118 2371       4       Many::m662 (14 bytes)
1118 2370       3       Many::m662 (14 bytes)   made not entrant: not used
1119 2372       3       Many::m663 (14 bytes)
1119 2373       4       Many::m663 (14 bytes)
1119 2372       3       Many::m663 (14 bytes)   made not entrant: not used
1121 2374       3       Many::m664 (14 bytes)
1121 2375       4       Many::m664 (14 bytes)
1121 2374       3       Many::m664 (14 bytes)   made not entrant: not used
1122 2376       3       Many::m665 (14 bytes)
1122 2377       4       Many::m665 (14 bytes)
1122 2376       3       Many::m665 (14 bytes)   made not entrant: not used
1123 2378       3       Many::m666 (14 bytes)
1124 2379       4       Many::m666 (14 bytes)
1124 2378       3       Many::m666 (14 bytes)   made not entrant: not used
1125 2380       3       Many::m667 (14 bytes)
1125 2381       4       Many::m667 (14 bytes)
1125 2380       3       Many::m667 (14 bytes)   made not entrant: not used
1126 2382       3       Many::m668 (14 bytes)
1126 2383       4       Many::m668 (14 bytes)
1127 2382       3       Many::m668 (14 bytes)   made not entrant: not used
1128 2384       3       Many::m669 (14 bytes)
1128 2385       4       Many::m669 (14 bytes)
1128 2384       3       Many::m669 (14 bytes)   made not entrant: not used
1129 2386       3       Many::m670 (14 bytes)
1129 2387       4       Many::m670 (14 bytes)
1129 2386       3       Many::m670 (14 bytes)   made not entrant: not used
1131 2388       3       Many::m671 (14 bytes)
1131 2389       4       Many::m671 (14 bytes)
1131 2388       3       Many::m671 (14 bytes)   made not entrant: not used
1132 2390       3       Many::m672 (14 bytes)
1132 2391       4       Many::m672 (14 bytes)
1132 2390       3       Many::m672 (14 bytes)   made not entrant: not used
1134 2392       3       Many::m673 (14 bytes)
1134 2393       4       Many::m673 (14 bytes)
1134 2392       3       Many::m673 (14 bytes)   made not entrant: not used
1135 2394       3       Many::m674 (14 bytes)
1135 2395       4       Many::m674 (14 bytes)
1135 2394       3       Many::m674 (14 bytes)   made not entrant: not used
1136 2396       3       Many::m675 (14 bytes)
1137 2397       4       Many::m675 (14 bytes)
1137 2396       3       Many::m675 (14 bytes)   made not entrant: not used
1138 2398       3       Many::m676 (14 bytes)
1138 2399       4       Many::m676 (14 bytes)
1138 2398       3       Many::m676 (14 bytes)   made not entrant: not used
1139 2400       3       Many::m677 (14 bytes)
1139 2401       4       Many::m677 (14 bytes)
1140 2400       3       Many::m677 (14 bytes)   made not entrant: not used
1141 2402       3       Many::m678 (14 bytes)
1141 2403       4       Many::m678 (14 bytes)
1141 2402       3       Many::m678 (14 bytes)   made not entrant: not used
1142 2404       3       Many::m679 (14 bytes)
1142 2405       4       Many::m679 (14 bytes)
1143 2404       3       Many::m679 (14 bytes)   made not entrant: not used
1144 2406       3       Many::m680 (14 bytes)
1144 2407       4       Many::m680 (14 bytes)
1144 2406       3       Many::m680 (14 bytes)   made not entrant: not used
1145 2408       3       Many::m681 (14 bytes)
1145 2409       4       Many::m681 (14 bytes)
1145 2408       3       Many::m681 (14 bytes)   made not entrant: not used
1147 2410       3       Many::m682 (14 bytes)
1147 2411       4       Many::m682 (14 bytes)
1147 2410       3       Many::m682 (14 bytes)   made not entrant: not used
1148 2412       3       Many::m683 (14 bytes)
1149 2413       4       Many::m683 (14 bytes)
1149 2412       3       Many::m683 (14 bytes)   made not entrant: not used
1150 2414       3       Many::m684 (14 bytes)
1150 2415       4       Many::m684 (14 bytes)
1150 2414       3       Many::m684 (14 bytes)   made not entrant: not used
1151 2416       3       Many::m685 (14 bytes)
1151 2417       4       Many::m685 (14 bytes)
1152 2416       3       Many::m685 (14 bytes)   made not entrant: not used
1153 2418       3       Many::m686 (14 bytes)
1153 2419       4       Many::m686 (14 bytes)
1153 2418       3       Many::m686 (14 bytes)   made not entrant: not used
1154 2420       3       Many::m687 (14 bytes)
1154 2421       4       Many::m687 (14 bytes)
1154 2420       3       Many::m687 (14 bytes)   made not entrant: not used
1156 2422       3       Many::m688 (14 bytes)
1156 2423       4       Many::m688 (14 bytes)
1156 2422       3       Many::m688 (14 bytes)   made not entrant: not used
1157 2424       3       Many::m689 (14 bytes)
1157 2425       4       Many::m689 (14 bytes)
1157 2424       3       Many::m689 (14 bytes)   made not entrant: not used
1159 2426       3       Many::m690 (14 bytes)
1159 2427       4       Many::m690 (14 bytes)
1159 2426       3       Many::m690 (14 bytes)   made not entrant: not used
1160 2428       3       Many::m691 (14 bytes)
1160 2429       4       Many::m691 (14 bytes)
1160 2428       3       Many::m691 (14 bytes)   made not entrant: not used
1161 2430       3       Many::m692 (14 bytes)
1162 2431       4       Many::m692 (14 bytes)
1162 2430       3       Many::m692 (14 bytes)   made not entrant: not used
1163 2432       3       Many::m693 (14 bytes)
1163 2433       4       Many::m693 (14 bytes)
1163 2432       3       Many::m693 (14 bytes)   made not entrant: not used
1164 2434       3       Many::m694 (14 bytes)
1164 2435       4       Many::m694 (14 bytes)
1164 2434       3       Many::m694 (14 bytes)   made not entrant: not used
1166 2436       3       Many::m695 (14 bytes)
1166 2437       4       Many::m695 (14 bytes)
1166 2436       3       Many::m695 (14 bytes)   made not entrant: not used
1167 2438       3       Many::m696 (14 bytes)
1167 2439       4       Many::m696 (14 bytes)
1167 2438       3       Many::m696 (14 bytes)   made not entrant: not used
1169 2440       3       Many::m697 (14 bytes)
1169 2441       4       Many::m697 (14 bytes)
1169 2440       3       Many::m697 (14 bytes)   made not entrant: not used
1170 2442       3       Many::m698 (14 bytes)
1170 2443       4       Many::m698 (14 bytes)
1170 2442       3       Many::m698 (14 bytes)   made not entrant: not used
1172 2444       3       Many::m699 (14 bytes)
1172 2445       4       Many::m699 (14 bytes)
1172 2444       3       Many::m699 (14 bytes)   made not entrant: not used
1173 2446       3       Many::m700 (14 bytes)
1173 2447       4       Many::m700 (14 bytes)
1173 2446       3       Many::m700 (14 bytes)   made not entrant: not used
1174 2448       3       Many::m701 (14 bytes)
1175 2449       4       Many::m701 (14 bytes)
1175 2448       3       Many::m701 (14 bytes)   made not entrant: not used
1176 2450       3       Many::m702 (14 bytes)
1176 2451       4       Many::m702 (14 bytes)
1176 2450       3       Many::m702 (14 bytes)   made not entrant: not used
1177 2452       3       Many::m703 (14 bytes)
1177 2453       4       Many::m703 (14 bytes)
1178 2452       3       Many::m703 (14 bytes)   made not entrant: not used
1179 2454       3       Many::m704 (14 bytes)
1179 2455       4       Many::m704 (14 bytes)
1179 2454       3       Many::m704 (14 bytes)   made not entrant: not used
1180 2456       3       Many::m705 (14 bytes)
1180 2457       4       Many::m705 (14 bytes)
1180 2456       3       Many::m705 (14 bytes)   made not entrant: not used
1182 2458       3       Many::m706 (14 bytes)
1182 2459       4       Many::m706 (14 bytes)
1182 2458       3       Many::m706 (14 bytes)   made not entrant: not used
1183 2460       3       Many::m707 (14 bytes)
1183 2461       4       Many::m707 (14 bytes)
1183 2460       3       Many::m707 (14 bytes)   made not entrant: not used
1185 2462       3       Many::m708 (14 bytes)
1185 2463       4       Many::m708 (14 bytes)
1185 2462       3       Many::m708 (14 bytes)   made not entrant: not used
1186 2464       3       Many::m709 (14 bytes)
1186 2465       4       Many::m709 (14 bytes)
1186 2464       3       Many::m709 (14 bytes)   made not entrant: not used
1188 2466       3       Many::m710 (14 bytes)
1188 2467       4       Many::m710 (14 bytes)
1188 2466       3       Many::m710 (14 bytes)   made not entrant: not used
1189 2468       3       Many::m711 (14 bytes)
1189 2469       4       Many::m711 (14 bytes)
1189 2468       3       Many::m711 (14 bytes)   made not entrant: not used
1190 2470       3       Many::m712 (14 bytes)
1191 2471       4       Many::m712 (14 bytes)
1191 2470       3       Many::m712 (14 bytes)   made not entrant: not used
1192 2472       3       Many::m713 (14 bytes)
1192 2473       4       Many::m713 (14 bytes)
1192 2472       3       Many::m713 (14 bytes)   made not entrant: not used
1193 2474       3       Many::m714 (14 bytes)
1193 2475       4       Many::m714 (14 bytes)
1193 2474       3       Many::m714 (14 bytes)   made not entrant: not used
1195 2476       3       Many::m715 (14 bytes)
1195 2477       4       Many::m715 (14 bytes)
1195 2476       3       Many::m715 (14 bytes)   made not entrant: not used
1196 2478       3       Many::m716 (14 bytes)
1196 2479       4       Many::m716 (14 bytes)
1196 2478       3       Many::m716 (14 bytes)   made not entrant: not used
1198 2480       3       Many::m717 (14 bytes)
1198 2481       4       Many::m717 (14 bytes)
1198 2480       3       Many::m717 (14 bytes)   made not entrant: not used
1199 2482       3       Many::m718 (14 bytes)
1199 2483       4       Many::m718 (14 bytes)
1199 2482       3       Many::m718 (14 bytes)   made not entrant: not used
1201 2484       3       Many::m719 (14 bytes)
1201 2485       4       Many::m719 (14 bytes)
1201 2484       3       Many::m719 (14 bytes)   made not entrant: not used
1202 2486       3       Many::m720 (14 bytes)
1202 2487       4       Many::m720 (14 bytes)
1202 2486       3       Many::m720 (14 bytes)   made not entrant: not used
1203 2488       3       Many::m721 (14 bytes)
1204 2489       4       Many::m721 (14 bytes)
1204 2488       3       Many::m721 (14 bytes)   made not entrant: not used
1205 2490       3       Many::m722 (14 bytes)
1205 2491       4       Many::m722 (14 bytes)
1205 2490       3       Many::m722 (14 bytes)   made not entrant: not used
1206 2492       3       Many::m723 (14 bytes)
1206 2493       4       Many::m723 (14 bytes)
1206 2492       3       Many::m723 (14 bytes)   made not entrant: not used
1208 2494       3       Many::m724 (14 bytes)
1208 2495       4       Many::m724 (14 bytes)
1208 2494       3       Many::m724 (14 bytes)   made not entrant: not used
1209 2496       3       Many::m725 (14 bytes)
1209 2497       4       Many::m725 (14 bytes)
1209 2496       3       Many::m725 (14 bytes)   made not entrant: not used
1211 2498       3       Many::m726 (14 bytes)
1211 2499       4       Many::m726 (14 bytes)
1211 2498       3       Many::m726 (14 bytes)   made not entrant: not used
1212 2500       3       Many::m727 (14 bytes)
1212 2501       4       Many::m727 (14 bytes)
1212 2500       3       Many::m727 (14 bytes)   made not entrant: not used
1214 2502       3       Many::m728 (14 bytes)
1214 2503       4       Many::m728 (14 bytes)
1214 2502       3       Many::m728 (14 bytes)   made not entrant: not used
1215 2504       3       Many::m729 (14 bytes)
1215 2505       4       Many::m729 (14 bytes)
1215 2504       3       Many::m729 (14 bytes)   made not entrant: not used
1217 2506       3       Many::m730 (14 bytes)
1217 2507       4       Many::m730 (14 bytes)
1217 2506       3       Many::m730 (14 bytes)   made not entrant: not used
1218 2508       3       Many::m731 (14 bytes)
1218 2509       4       Many::m731 (14 bytes)
1218 2508       3       Many::m731 (14 bytes)   made not entrant: not used
1219 2510       3       Many::m732 (14 bytes)
1220 2511       4       Many::m732 (14 bytes)
1220 2510       3       Many::m732 (14 bytes)   made not entrant: not used
1221 2512       3       Many::m733 (14 bytes)
1221 2513       4       Many::m733 (14 bytes)
1221 2512       3       Many::m733 (14 bytes)   made not entrant: not used
1222 2514       3       Many::m734 (14 bytes)
1222 2515       4       Many::m734 (14 bytes)
1222 2514       3       Many::m734 (14 bytes)   made not entrant: not used
1224 2516       3       Many::m735 (14 bytes)
1224 2517       4       Many::m735 (14 bytes)
1224 2516       3       Many::m735 (14 bytes)   made not entrant: not used
1225 2518       3       Many::m736 (14 bytes)
1225 2519       4       Many::m736 (14 bytes)
1225 2518       3       Many::m736 (14 bytes)   made not entrant: not used
1227 2520       3       Many::m737 (14 bytes)
1227 2521       4       Many::m737 (14 bytes)
1227 2520       3       Many::m737 (14 bytes)   made not entrant: not used
1228 2522       3       Many::m738 (14 bytes)
1228 2523       4       Many::m738 (14 bytes)
1228 2522       3       Many::m738 (14 bytes)   made not entrant: not used
1230 2524       3       Many::m739 (14 bytes)
1230 2525       4       Many::m739 (14 bytes)
1230 2524       3       Many::m739 (14 bytes)   made not entrant: not used
1231 2526       3       Many::m740 (14 bytes)
1231 2527       4       Many::m740 (14 bytes)
1231 2526       3       Many::m740 (14 bytes)   made not entrant: not used
1233 2528       3       Many::m741 (14 bytes)
1233 2529       4       Many::m741 (14 bytes)
1233 2528       3       Many::m741 (14 bytes)   made not entrant: not used
1234 2530       3       Many::m742 (14 bytes)
1234 2531       4       Many::m742 (14 bytes)
1234 2530       3       Many::m742 (14 bytes)   made not entrant: not used
1235 2532       3       Many::m743 (14 bytes)
1235 2533       4       Many::m743 (14 bytes)
1236 2532       3       Many::m743 (14 bytes)   made not entrant: not used
1237 2534       3       Many::m744 (14 bytes)
1237 2535       4       Many::m744 (14 bytes)
1237 2534       3       Many::m744 (14 bytes)   made not entrant: not used
1238 2536       3       Many::m745 (14 bytes)
1238 2537       4       Many::m745 (14 bytes)
1238 2536       3       Many::m745 (14 bytes)   made not entrant: not used
1240 2538       3       Many::m746 (14 bytes)
1240 2539       4       Many::m746 (14 bytes)
1240 2538       3       Many::m746 (14 bytes)   made not entrant: not used
1241 2540       3       Many::m747 (14 bytes)
1241 2541       4       Many::m747 (14 bytes)
1241 2540       3       Many::m747 (14 bytes)   made not entrant: not used
1243 2542       3       Many::m748 (14 bytes)
1243 2543       4       Many::m748 (14 bytes)
1243 2542       3       Many::m748 (14 bytes)   made not entrant: not used
1244 2544       3       Many::m749 (14 bytes)
1244 2545       4       Many::m749 (14 bytes)
1244 2544       3       Many::m749 (14 bytes)   made not entrant: not used
1245 2546       3       Many::m750 (14 bytes)
1246 2547       4       Many::m750 (14 bytes)
1246 2546       3       Many::m750 (14 bytes)   made not entrant: not used
1247 2548       3       Many::m751 (14 bytes)
1247 2549       4       Many::m751 (14 bytes)
1247 2548       3       Many::m751 (14 bytes)   made not entrant: not used
1248 2550       3       Many::m752 (14 bytes)
1249 2551       4       Many::m752 (14 bytes)
1249 2550       3       Many::m752 (14 bytes)   made not entrant: not used
1250 2552       3       Many::m753 (14 bytes)
1250 2553       4       Many::m753 (14 bytes)
1250 2552       3       Many::m753 (14 bytes)   made not entrant: not used
1251 2554       3       Many::m754 (14 bytes)
1251 2555       4       Many::m754 (14 bytes)
1251 2554       3       Many::m754 (14 bytes)   made not entrant: not used
1253 2556       3       Many::m755 (14 bytes)
1253 2557       4       Many::m755 (14 bytes)
1253 2556       3       Many::m755 (14 bytes)   made not entrant: not used
1254 2558       3       Many::m756 (14 bytes)
1254 2559       4       Many::m756 (14 bytes)
1254 2558       3       Many::m756 (14 bytes)   made not entrant: not used
1256 2560       3       Many::m757 (14 bytes)
1256 2561       4       Many::m757 (14 bytes)
1256 2560       3       Many::m757 (14 bytes)   made not entrant: not used
1257 2562       3       Many::m758 (14 bytes)
1257 2563       4       Many::m758 (14 bytes)
1257 2562       3       Many::m758 (14 bytes)   made not entrant: not used
1258 2564       3       Many::m759 (14 bytes)
1258 2565       4       Many::m759 (14 bytes)
1259 2564       3       Many::m759 (14 bytes)   made not entrant: not used
1260 2566       3       Many::m760 (14 bytes)
1260 2567       4       Many::m760 (14 bytes)
1260 2566       3       Many::m760 (14 bytes)   made not entrant: not used
1261 2568       3       Many::m761 (14 bytes)
1261 2569       4       Many::m761 (14 bytes)
1261 2568       3       Many::m761 (14 bytes)   made not entrant: not used
1263 2570       3       Many::m762 (14 bytes)
1263 2571       4       Many::m762 (14 bytes)
1263 2570       3       Many::m762 (14 bytes)   made not entrant: not used
1264 2572       3       Many::m763 (14 bytes)
1264 2573       4       Many::m763 (14 bytes)
1264 2572       3       Many::m763 (14 bytes)   made not entrant: not used
1266 2574       3       Many::m764 (14 bytes)
1266 2575       4       Many::m764 (14 bytes)
1266 2574       3       Many::m764 (14 bytes)   made not entrant: not used
1267 2576       3       Many::m765 (14 bytes)
1267 2577       4       Many::m765 (14 bytes)
1267 2576       3       Many::m765 (14 bytes)   made not entrant: not used
1269 2578       3       Many::m766 (14 bytes)
1269 2579       4       Many::m766 (14 bytes)
1269 2578       3       Many::m766 (14 bytes)   made not entrant: not used
1270 2580       3       Many::m767 (14 bytes)
1270 2581       4       Many::m767 (14 bytes)
1270 2580       3       Many::m767 (14 bytes)   made not entrant: not used
1271 2582       3       Many::m768 (14 bytes)
1272 2583       4       Many::m768 (14 bytes)
1272 2582       3       Many::m768 (14 bytes)   made not entrant: not used
1273 2584       3       Many::m769 (14 bytes)
1273 2585       4       Many::m769 (14 bytes)
1273 2584       3       Many::m769 (14 bytes)   made not entrant: not used
1274 2586       3       Many::m770 (14 bytes)
1274 2587       4       Many::m770 (14 bytes)
1274 2586       3       Many::m770 (14 bytes)   made not entrant: not used
1276 2588       3       Many::m771 (14 bytes)
1276 2589       4       Many::m771 (14 bytes)
1276 2588       3       Many::m771 (14 bytes)   made not entrant: not used
1277 2590       3       Many::m772 (14 bytes)
1277 2591       4       Many::m772 (14 bytes)
1277 2590       3       Many::m772 (14 bytes)   made not entrant: not used
1278 2592       3       Many::m773 (14 bytes)
1279 2593       4       Many::m773 (14 bytes)
1279 2592       3       Many::m773 (14 bytes)   made not entrant: not used
1280 2594       3       Many::m774 (14 bytes)
1280 2595       4       Many::m774 (14 bytes)
1280 2594       3       Many::m774 (14 bytes)   made not entrant: not used
1281 2596       3       Many::m775 (14 bytes)
1282 2597       4       Many::m775 (14 bytes)
1282 2596       3       Many::m775 (14 bytes)   made not entrant: not used
1283 2598       3       Many::m776 (14 bytes)
1283 2599       4       Many::m776 (14 bytes)
1283 2598       3       Many::m776 (14 bytes)   made not entrant: not used
1284 2600       3       Many::m777 (14 bytes)
1284 2601       4       Many::m777 (14 bytes)
1285 2600       3       Many::m777 (14 bytes)   made not entrant: not used
1286 2602       3       Many::m778 (14 bytes)
1286 2603       4       Many::m778 (14 bytes)
1286 2602       3       Many::m778 (14 bytes)   made not entrant: not used
1287 2604       3       Many::m779 (14 bytes)
1287 2605       4       Many::m779 (14 bytes)
1287 2604       3       Many::m779 (14 bytes)   made not entrant: not used
1289 2606       3       Many::m780 (14 bytes)
1289 2607       4       Many::m780 (14 bytes)
1289 2606       3       Many::m780 (14 bytes)   made not entrant: not used
1290 2608       3       Many::m781 (14 bytes)
1290 2609       4       Many::m781 (14 bytes)
1290 2608       3       Many::m781 (14 bytes)   made not entrant: not used
1292 2610       3       Many::m782 (14 bytes)
1292 2611       4       Many::m782 (14 bytes)
1292 2610       3       Many::m782 (14 bytes)   made not entrant: not used
1293 2612       3       Many::m783 (14 bytes)
1293 2613       4       Many::m783 (14 bytes)
1293 2612       3       Many::m783 (14 bytes)   made not entrant: not used
1294 2614       3       Many::m784 (14 bytes)
1295 2615       4       Many::m784 (14 bytes)
1295 2614       3       Many::m784 (14 bytes)   made not entrant: not used
1296 2616       3       Many::m785 (14 bytes)
1296 2617       4       Many::m785 (14 bytes)
1296 2616       3       Many::m785 (14 bytes)   made not entrant: not used
1297 2618       3       Many::m786 (14 bytes)
1297 2619       4       Many::m786 (14 bytes)
1298 2618       3       Many::m786 (14 bytes)   made not entrant: not used
1299 2620       3       Many::m787 (14 bytes)
1299 2621       4       Many::m787 (14 bytes)
1299 2620       3       Many::m787 (14 bytes)   made not entrant: not used
1300 2622       3       Many::m788 (14 bytes)
1300 2623       4       Many::m788 (14 bytes)
1300 2622       3       Many::m788 (14 bytes)   made not entrant: not used
1302 2624       3       Many::m789 (14 bytes)
1302 2625       4       Many::m789 (14 bytes)
1302 2624       3       Many::m789 (14 bytes)   made not entrant: not used
1303 2626       3       Many::m790 (14 bytes)
1303 2627       4       Many::m790 (14 bytes)
1303 2626       3       Many::m790 (14 bytes)   made not entrant: not used
1305 2628       3       Many::m791 (14 bytes)
1305 2629       4       Many::m791 (14 bytes)
1305 2628       3       Many::m791 (14 bytes)   made not entrant: not used
1306 2630       3       Many::m792 (14 bytes)
1306 2631       4       Many::m792 (14 bytes)
1306 2630       3       Many::m792 (14 bytes)   made not entrant: not used
1307 2632       3       Many::m793 (14 bytes)
1308 2633       4       Many::m793 (14 bytes)
1308 2632       3       Many::m793 (14 bytes)   made not entrant: not used
1309 2634       3       Many::m794 (14 bytes)
1309 2635       4       Many::m794 (14 bytes)
1309 2634       3       Many::m794 (14 bytes)   made not entrant: not used
1310 2636       3       Many::m795 (14 bytes)
1310 2637       4       Many::m795 (14 bytes)
1311 2636       3       Many::m795 (14 bytes)   made not entrant: not used
1312 2638       3       Many::m796 (14 bytes)
1312 2639       4       Many::m796 (14 bytes)
1312 2638       3       Many::m796 (14 bytes)   made not entrant: not used
1313 2640       3       Many::m797 (14 bytes)
1313 2641       4       Many::m797 (14 bytes)
1313 2640       3       Many::m797 (14 bytes)   made not entrant: not used
1315 2642       3       Many::m798 (14 bytes)
1315 2643       4       Many::m798 (14 bytes)
1315 2642       3       Many::m798 (14 bytes)   made not entrant: not used
1316 2644       3       Many::m799 (14 bytes)
1316 2645       4       Many::m799 (14 bytes)
1316 2644       3       Many::m799 (14 bytes)   made not entrant: not used
1318 2646       3       Many::m800 (14 bytes)
1318 2647       4       Many::m800 (14 bytes)
1318 2646       3       Many::m800 (14 bytes)   made not entrant: not used
1319 2648       3       Many::m801 (14 bytes)
1319 2649       4       Many::m801 (14 bytes)
1319 2648       3       Many::m801 (14 bytes)   made not entrant: not used
1321 2650       3       Many::m802 (14 bytes)
1321 2651       4       Many::m802 (14 bytes)
1321 2650       3       Many::m802 (14 bytes)   made not entrant: not used
1322 2652       3       Many::m803 (14 bytes)
1322 2653       4       Many::m803 (14 bytes)
1322 2652       3       Many::m803 (14 bytes)   made not entrant: not used
1323 2654       3       Many::m804 (14 bytes)
1324 2655       4       Many::m804 (14 bytes)
1324 2654       3       Many::m804 (14 bytes)   made not entrant: not used
1325 2656       3       Many::m805 (14 bytes)
1325 2657       4       Many::m805 (14 bytes)
1325 2656       3       Many::m805 (14 bytes)   made not entrant: not used
1326 2658       3       Many::m806 (14 bytes)
1326 2659       4       Many::m806 (14 bytes)
1326 2658       3       Many::m806 (14 bytes)   made not entrant: not used
1328 2660       3       Many::m807 (14 bytes)
1328 2661       4       Many::m807 (14 bytes)
1328 2660       3       Many::m807 (14 bytes)   made not entrant: not used
1329 2662       3       Many::m808 (14 bytes)
1329 2663       4       Many::m808 (14 bytes)
1330 2662       3       Many::m808 (14 bytes)   made not entrant: not used
1331 2664       3       Many::m809 (14 bytes)
1331 2665       4       Many::m809 (14 bytes)
1331 2664       3       Many::m809 (14 bytes)   made not entrant: not used
1332 2666       3       Many::m810 (14 bytes)
1332 2667       4       Many::m810 (14 bytes)
1333 2666       3       Many::m810 (14 bytes)   made not entrant: not used
1334 2668       3       Many::m811 (14 bytes)
1334 2669       4       Many::m811 (14 bytes)
1334 2668       3       Many::m811 (14 bytes)   made not entrant: not used
1335 2670       3       Many::m812 (14 bytes)
1335 2671       4       Many::m812 (14 bytes)
1335 2670       3       Many::m812 (14 bytes)   made not entrant: not used
1337 2672       3       Many::m813 (14 bytes)
1337 2673       4       Many::m813 (14 bytes)
1337 2672       3       Many::m813 (14 bytes)   made not entrant: not used
1338 2674       3       Many::m814 (14 bytes)
1338 2675       4       Many::m814 (14 bytes)
1338 2674       3       Many::m814 (14 bytes)   made not entrant: not used
1340 2676       3       Many::m815 (14 bytes)
1340 2677       4       Many::m815 (14 bytes)
1340 2676       3       Many::m815 (14 bytes)   made not entrant: not used
1341 2678       3       Many::m816 (14 bytes)
1341 2679       4       Many::m816 (14 bytes)
1341 2678       3       Many::m816 (14 bytes)   made not entrant: not used
1342 2680       3       Many::m817 (14 bytes)
1343 2681       4       Many::m817 (14 bytes)
1343 2680       3       Many::m817 (14 bytes)   made not entrant: not used
1344 2682       3       Many::m818 (14 bytes)
1344 2683       4       Many::m818 (14 bytes)
1344 2682       3       Many::m818 (14 bytes)   made not entrant: not used
1345 2684       3       Many::m819 (14 bytes)
1345 2685       4       Many::m819 (14 bytes)
1345 2684       3       Many::m819 (14 bytes)   made not entrant: not used
1347 2686       3       Many::m820 (14 bytes)
1347 2687       4       Many::m820 (14 bytes)
1347 2686       3       Many::m820 (14 bytes)   made not entrant: not used
1348 2688       3       Many::m821 (14 bytes)
1348 2689       4       Many::m821 (14 bytes)
1349 2688       3       Many::m821 (14 bytes)   made not entrant: not used
1350 2690       3       Many::m822 (14 bytes)
1350 2691       4       Many::m822 (14 bytes)
1350 2690       3       Many::m822 (14 bytes)   made not entrant: not used
1351 2692       3       Many::m823 (14 bytes)
1351 2693       4       Many::m823 (14 bytes)
1351 2692       3       Many::m823 (14 bytes)   made not entrant: not used
1353 2694       3       Many::m824 (14 bytes)
1353 2695       4       Many::m824 (14 bytes)
1353 2694       3       Many::m824 (14 bytes)   made not entrant: not used
1354 2696       3       Many::m825 (14 bytes)
1354 2697       4       Many::m825 (14 bytes)
1354 2696       3       Many::m825 (14 bytes)   made not entrant: not used
1355 2698       3       Many::m826 (14 bytes)
1356 2699       4       Many::m826 (14 bytes)
1356 2698       3       Many::m826 (14 bytes)   made not entrant: not used
1357 2700       3       Many::m827 (14 bytes)
1357 2701       4       Many::m827 (14 bytes)
1357 2700       3       Many::m827 (14 bytes)   made not entrant: not used
1358 2702       3       Many::m828 (14 bytes)
1358 2703       4       Many::m828 (14 bytes)
1358 2702       3       Many::m828 (14 bytes)   made not entrant: not used
1360 2704       3       Many::m829 (14 bytes)
1360 2705       4       Many::m829 (14 bytes)
1360 2704       3       Many::m829 (14 bytes)   made not entrant: not used
1361 2706       3       Many::m830 (14 bytes)
1361 2707       4       Many::m830 (14 bytes)
1361 2706       3       Many::m830 (14 bytes)   made not entrant: not used
1362 2708       3       Many::m831 (14 bytes)
1363 2709       4       Many::m831 (14 bytes)
1363 2708       3       Many::m831 (14 bytes)   made not entrant: not used
1364 2710       3       Many::m832 (14 bytes)
1364 2711       4       Many::m832 (14 bytes)
1364 2710       3       Many::m832 (14 bytes)   made not entrant: not used
1365 2712       3       Many::m833 (14 bytes)
1366 2713       4       Many::m833 (14 bytes)
1366 2712       3       Many::m833 (14 bytes)   made not entrant: not used
1367 2714       3       Many::m834 (14 bytes)
1367 2715       4       Many::m834 (14 bytes)
1367 2714       3       Many::m834 (14 bytes)   made not entrant: not used
1368 2716       3       Many::m835 (14 bytes)
1368 2717       4       Many::m835 (14 bytes)
1368 2716       3       Many::m835 (14 bytes)   made not entrant: not used
1370 2718       3       Many::m836 (14 bytes)
1370 2719       4       Many::m836 (14 bytes)
1370 2718       3       Many::m836 (14 bytes)   made not entrant: not used
1371 2720       3       Many::m837 (14 bytes)
1371 2721       4       Many::m837 (14 bytes)
1371 2720       3       Many::m837 (14 bytes)   made not entrant: not used
1373 2722       3       Many::m838 (14 bytes)
1373 2723       4       Many::m838 (14 bytes)
1373 2722       3       Many::m838 (14 bytes)   made not entrant: not used
1374 2724       3       Many::m839 (14 bytes)
1374 2725       4       Many::m839 (14 bytes)
1374 2724       3       Many::m839 (14 bytes)   made not entrant: not used
1375 2726       3       Many::m840 (14 bytes)
1376 2727       4       Many::m840 (14 bytes)
1376 2726       3       Many::m840 (14 bytes)   made not entrant: not used
1377 2728       3       Many::m841 (14 bytes)
1377 2729       4       Many::m841 (14 bytes)
1377 2728       3       Many::m841 (14 bytes)   made not entrant: not used
1378 2730       3       Many::m842 (14 bytes)
1378 2731       4       Many::m842 (14 bytes)
1379 2730       3       Many::m842 (14 bytes)   made not entrant: not used
1380 2732       3       Many::m843 (14 bytes)
1380 2733       4       Many::m843 (14 bytes)
1380 2732       3       Many::m843 (14 bytes)   made not entrant: not used
1381 2734       3       Many::m844 (14 bytes)
1381 2735       4       Many::m844 (14 bytes)
1382 2734       3       Many::m844 (14 bytes)   made not entrant: not used
1383 2736       3       Many::m845 (14 bytes)
1383 2737       4       Many::m845 (14 bytes)
1383 2736       3       Many::m845 (14 bytes)   made not entrant: not used
1384 2738       3       Many::m846 (14 bytes)
1384 2739       4       Many::m846 (14 bytes)
1384 2738       3       Many::m846 (14 bytes)   made not entrant: not used
1386 2740       3       Many::m847 (14 bytes)
1386 2741       4       Many::m847 (14 bytes)
1386 2740       3       Many::m847 (14 bytes)   made not entrant: not used
1387 2742       3       Many::m848 (14 bytes)
1387 2743       4       Many::m848 (14 bytes)
1387 2742       3       Many::m848 (14 bytes)   made not entrant: not used
1388 2744       3       Many::m849 (14 bytes)
1389 2745       4       Many::m849 (14 bytes)
1389 2744       3       Many::m849 (14 bytes)   made not entrant: not used
1390 2746       3       Many::m850 (14 bytes)
1390 2747       4       Many::m850 (14 bytes)
1390 2746       3       Many::m850 (14 bytes)   made not entrant: not used
1391 2748       3       Many::m851 (14 bytes)
1391 2749       4       Many::m851 (14 bytes)
1392 2748       3       Many::m851 (14 bytes)   made not entrant: not used
1393 2750       3       Many::m852 (14 bytes)
1393 2751       4       Many::m852 (14 bytes)
1393 2750       3       Many::m852 (14 bytes)   made not entrant: not used
1394 2752       3       Many::m853 (14 bytes)
1394 2753       4       Many::m853 (14 bytes)
1394 2752       3       Many::m853 (14 bytes)   made not entrant: not used
1396 2754       3       Many::m854 (14 bytes)
1396 2755       4       Many::m854 (14 bytes)
1396 2754       3       Many::m854 (14 bytes)   made not entrant: not used
1397 2756       3       Many::m855 (14 bytes)
1397 2757       4       Many::m855 (14 bytes)
1397 2756       3       Many::m855 (14 bytes)   made not entrant: not used
1399 2758       3       Many::m856 (14 bytes)
1399 2759       4       Many::m856 (14 bytes)
1399 2758       3       Many::m856 (14 bytes)   made not entrant: not used
1400 2760       3       Many::m857 (14 bytes)
1400 2761       4       Many::m857 (14 bytes)
1400 2760       3       Many::m857 (14 bytes)   made not entrant: not used
1402 2762       3       Many::m858 (14 bytes)
1402 2763       4       Many::m858 (14 bytes)
1402 2762       3       Many::m858 (14 bytes)   made not entrant: not used
1403 2764       3       Many::m859 (14 bytes)
1403 2765       4       Many::m859 (14 bytes)
1403 2764       3       Many::m859 (14 bytes)   made not entrant: not used
1404 2766       3       Many::m860 (14 bytes)
1405 2767       4       Many::m860 (14 bytes)
1405 2766       3       Many::m860 (14 bytes)   made not entrant: not used
1406 2768       3       Many::m861 (14 bytes)
1406 2769       4       Many::m861 (14 bytes)
1406 2768       3       Many::m861 (14 bytes)   made not entrant: not used
1407 2770       3       Many::m862 (14 bytes)
1407 2771       4       Many::m862 (14 bytes)
1407 2770       3       Many::m862 (14 bytes)   made not entrant: not used
1409 2772       3       Many::m863 (14 bytes)
1409 2773       4       Many::m863 (14 bytes)
1409 2772       3       Many::m863 (14 bytes)   made not entrant: not used
1410 2774       3       Many::m864 (14 bytes)
1410 2775       4       Many::m864 (14 bytes)
1410 2774       3       Many::m864 (14 bytes)   made not entrant: not used
1412 2776       3       Many::m865 (14 bytes)
1412 2777       4       Many::m865 (14 bytes)
1412 2776       3       Many::m865 (14 bytes)   made not entrant: not used
1413 2778       3       Many::m866 (14 bytes)
1413 2779       4       Many::m866 (14 bytes)
1413 2778       3       Many::m866 (14 bytes)   made not entrant: not used
1414 2780       3       Many::m867 (14 bytes)
1415 2781       4       Many::m867 (14 bytes)
1415 2780       3       Many::m867 (14 bytes)   made not entrant: not used
1416 2782       3       Many::m868 (14 bytes)
1416 2783       4       Many::m868 (14 bytes)
1416 2782       3       Many::m868 (14 bytes)   made not entrant: not used
1417 2784       3       Many::m869 (14 bytes)
1418 2785       4       Many::m869 (14 bytes)
1418 2784       3       Many::m869 (14 bytes)   made not entrant: not used
1419 2786       3       Many::m870 (14 bytes)
1419 2787       4       Many::m870 (14 bytes)
1419 2786       3       Many::m870 (14 bytes)   made not entrant: not used
1420 2788       3       Many::m871 (14 bytes)
1420 2789       4       Many::m871 (14 bytes)
1420 2788       3       Many::m871 (14 bytes)   made not entrant: not used
1422 2790       3       Many::m872 (14 bytes)
1422 2791       4       Many::m872 (14 bytes)
1422 2790       3       Many::m872 (14 bytes)   made not entrant: not used
1423 2792       3       Many::m873 (14 bytes)
1423 2793       4       Many::m873 (14 bytes)
1423 2792       3       Many::m873 (14 bytes)   made not entrant: not used
1425 2794       3       Many::m874 (14 bytes)
1425 2795       4       Many::m874 (14 bytes)
1425 2794       3       Many::m874 (14 bytes)   made not entrant: not used
1426 2796       3       Many::m875 (14 bytes)
1426 2797       4       Many::m875 (14 bytes)
1426 2796       3       Many::m875 (14 bytes)   made not entrant: not used
1427 2798       3       Many::m876 (14 bytes)
1428 2799       4       Many::m876 (14 bytes)
1428 2798       3       Many::m876 (14 bytes)   made not entrant: not used
1429 2800       3       Many::m877 (14 bytes)
1429 2801       4       Many::m877 (14 bytes)
1429 2800       3       Many::m877 (14 bytes)   made not entrant: not used
1430 2802       3       Many::m878 (14 bytes)
1430 2803       4       Many::m878 (14 bytes)
1430 2802       3       Many::m878 (14 bytes)   made not entrant: not used
1432 2804       3       Many::m879 (14 bytes)
1432 2805       4       Many::m879 (14 bytes)
1432 2804       3       Many::m879 (14 bytes)   made not entrant: not used
1433 2806       3       Many::m880 (14 bytes)
1433 2807       4       Many::m880 (14 bytes)
1433 2806       3       Many::m880 (14 bytes)   made not entrant: not used
1435 2808       3       Many::m881 (14 bytes)
1435 2809       4       Many::m881 (14 bytes)
1435 2808       3       Many::m881 (14 bytes)   made not entrant: not used
1436 2810       3       Many::m882 (14 bytes)
1436 2811       4       Many::m882 (14 bytes)
1436 2810       3       Many::m882 (14 bytes)   made not entrant: not used
1437 2812       3       Many::m883 (14 bytes)
1438 2813       4       Many::m883 (14 bytes)
1438 2812       3       Many::m883 (14 bytes)   made not entrant: not used
1439 2814       3       Many::m884 (14 bytes)
1439 2815       4       Many::m884 (14 bytes)
1439 2814       3       Many::m884 (14 bytes)   made not entrant: not used
1440 2816       3       Many::m885 (14 bytes)
1440 2817       4       Many::m885 (14 bytes)
1441 2816       3       Many::m885 (14 bytes)   made not entrant: not used
1442 2818       3       Many::m886 (14 bytes)
1442 2819       4       Many::m886 (14 bytes)
1442 2818       3       Many::m886 (14 bytes)   made not entrant: not used
1443 2820       3       Many::m887 (14 bytes)
1443 2821       4       Many::m887 (14 bytes)
1443 2820       3       Many::m887 (14 bytes)   made not entrant: not used
1445 2822       3       Many::m888 (14 bytes)
1445 2823       4       Many::m888 (14 bytes)
1445 2822       3       Many::m888 (14 bytes)   made not entrant: not used
1446 2824       3       Many::m889 (14 bytes)
1446 2825       4       Many::m889 (14 bytes)
1446 2824       3       Many::m889 (14 bytes)   made not entrant: not used
1448 2826       3       Many::m890 (14 bytes)
1448 2827       4       Many::m890 (14 bytes)
1448 2826       3       Many::m890 (14 bytes)   made not entrant: not used
1449 2828       3       Many::m891 (14 bytes)
1449 2829       4       Many::m891 (14 bytes)
1449 2828       3       Many::m891 (14 bytes)   made not entrant: not used
1450 2830       3       Many::m892 (14 bytes)
1451 2831       4       Many::m892 (14 bytes)
1451 2830       3       Many::m892 (14 bytes)   made not entrant: not used
1452 2832       3       Many::m893 (14 bytes)
1452 2833       4       Many::m893 (14 bytes)
1452 2832       3       Many::m893 (14 bytes)   made not entrant: not used
1453 2834       3       Many::m894 (14 bytes)
1453 2835       4       Many::m894 (14 bytes)
1453 2834       3       Many::m894 (14 bytes)   made not entrant: not used
1455 2836       3       Many::m895 (14 bytes)
1455 2837       4       Many::m895 (14 bytes)
1455 2836       3       Many::m895 (14 bytes)   made not entrant: not used
1456 2838       3       Many::m896 (14 bytes)
1456 2839       4       Many::m896 (14 bytes)
1456 2838       3       Many::m896 (14 bytes)   made not entrant: not used
1458 2840       3       Many::m897 (14 bytes)
1458 2841       4       Many::m897 (14 bytes)
1458 2840       3       Many::m897 (14 bytes)   made not entrant: not used
1459 2842       3       Many::m898 (14 bytes)
1459 2843       4       Many::m898 (14 bytes)
1459 2842       3       Many::m898 (14 bytes)   made not entrant: not used
1460 2844       3       Many::m899 (14 bytes)
1461 2845       4       Many::m899 (14 bytes)
1461 2844       3       Many::m899 (14 bytes)   made not entrant: not used
1462 2846       3       Many::m900 (14 bytes)
1462 2847       4       Many::m900 (14 bytes)
1462 2846       3       Many::m900 (14 bytes)   made not entrant: not used
1463 2848       3       Many::m901 (14 bytes)
1463 2849       4       Many::m901 (14 bytes)
1464 2848       3       Many::m901 (14 bytes)   made not entrant: not used
1465 2850       3       Many::m902 (14 bytes)
1465 2851       4       Many::m902 (14 bytes)
1465 2850       3       Many::m902 (14 bytes)   made not entrant: not used
1466 2852       3       Many::m903 (14 bytes)
1466 2853       4       Many::m903 (14 bytes)
1466 2852       3       Many::m903 (14 bytes)   made not entrant: not used
1468 2854       3       Many::m904 (14 bytes)
1468 2855       4       Many::m904 (14 bytes)
1468 2854       3       Many::m904 (14 bytes)   made not entrant: not used
1469 2856       3       Many::m905 (14 bytes)
1469 2857       4       Many::m905 (14 bytes)
1469 2856       3       Many::m905 (14 bytes)   made not entrant: not used
1471 2858       3       Many::m906 (14 bytes)
1471 2859       4       Many::m906 (14 bytes)
1471 2858       3       Many::m906 (14 bytes)   made not entrant: not used
1472 2860       3       Many::m907 (14 bytes)
1472 2861       4       Many::m907 (14 bytes)
1472 2860       3       Many::m907 (14 bytes)   made not entrant: not used
1474 2862       3       Many::m908 (14 bytes)
1474 2863       4       Many::m908 (14 bytes)
1474 2862       3       Many::m908 (14 bytes)   made not entrant: not used
1475 2864       3       Many::m909 (14 bytes)
1475 2865       4       Many::m909 (14 bytes)
1475 2864       3       Many::m909 (14 bytes)   made not entrant: not used
1476 2866       3       Many::m910 (14 bytes)
1477 2867       4       Many::m910 (14 bytes)
1477 2866       3       Many::m910 (14 bytes)   made not entrant: not used
1478 2868       3       Many::m911 (14 bytes)
1478 2869       4       Many::m911 (14 bytes)
1478 2868       3       Many::m911 (14 bytes)   made not entrant: not used
1479 2870       3       Many::m912 (14 bytes)
1479 2871       4       Many::m912 (14 bytes)
1479 2870       3       Many::m912 (14 bytes)   made not entrant: not used
1481 2872       3       Many::m913 (14 bytes)
1481 2873       4       Many::m913 (14 bytes)
1481 2872       3       Many::m913 (14 bytes)   made not entrant: not used
1482 2874       3       Many::m914 (14 bytes)
1482 2875       4       Many::m914 (14 bytes)
1482 2874       3       Many::m914 (14 bytes)   made not entrant: not used
1484 2876       3       Many::m915 (14 bytes)
1484 2877       4       Many::m915 (14 bytes)
1484 2876       3       Many::m915 (14 bytes)   made not entrant: not used
1485 2878       3       Many::m916 (14 bytes)
1485 2879       4       Many::m916 (14 bytes)
1485 2878       3       Many::m916 (14 bytes)   made not entrant: not used
1487 2880       3       Many::m917 (14 bytes)
1487 2881       4       Many::m917 (14 bytes)
1487 2880       3       Many::m917 (14 bytes)   made not entrant: not used
1488 2882       3       Many::m918 (14 bytes)
1488 2883       4       Many::m918 (14 bytes)
1488 2882       3       Many::m918 (14 bytes)   made not entrant: not used
1489 2884       3       Many::m919 (14 bytes)
1490 2885       4       Many::m919 (14 bytes)
1490 2884       3       Many::m919 (14 bytes)   made not entrant: not used
1491 2886       3       Many::m920 (14 bytes)
1491 2887       4       Many::m920 (14 bytes)
1491 2886       3       Many::m920 (14 bytes)   made not entrant: not used
1492 2888       3       Many::m921 (14 bytes)
1492 2889       4       Many::m921 (14 bytes)
1493 2888       3       Many::m921 (14 bytes)   made not entrant: not used
1494 2890       3       Many::m922 (14 bytes)
1494 2891       4       Many::m922 (14 bytes)
1494 2890       3       Many::m922 (14 bytes)   made not entrant: not used
1495 2892       3       Many::m923 (14 bytes)
1495 2893       4       Many::m923 (14 bytes)
1495 2892       3       Many::m923 (14 bytes)   made not entrant: not used
1497 2894       3       Many::m924 (14 bytes)
1497 2895       4       Many::m924 (14 bytes)
1497 2894       3       Many::m924 (14 bytes)   made not entrant: not used
1498 2896       3       Many::m925 (14 bytes)
1498 2897       4       Many::m925 (14 bytes)
1498 2896       3       Many::m925 (14 bytes)   made not entrant: not used
1500 2898       3       Many::m926 (14 bytes)
1500 2899       4       Many::m926 (14 bytes)
1500 2898       3       Many::m926 (14 bytes)   made not entrant: not used
1501 2900       3       Many::m927 (14 bytes)
1501 2901       4       Many::m927 (14 bytes)
1501 2900       3       Many::m927 (14 bytes)   made not entrant: not used
1503 2902       3       Many::m928 (14 bytes)
1503 2903       4       Many::m928 (14 bytes)
1503 2902       3       Many::m928 (14 bytes)   made not entrant: not used
1504 2904       3       Many::m929 (14 bytes)
1504 2905       4       Many::m929 (14 bytes)
1504 2904       3       Many::m929 (14 bytes)   made not entrant: not used
1505 2906       3       Many::m930 (14 bytes)
1506 2907       4       Many::m930 (14 bytes)
1506 2906       3       Many::m930 (14 bytes)   made not entrant: not used
1507 2908       3       Many::m931 (14 bytes)
1507 2909       4       Many::m931 (14 bytes)
1507 2908       3       Many::m931 (14 bytes)   made not entrant: not used
1508 2910       3       Many::m932 (14 bytes)
1508 2911       4       Many::m932 (14 bytes)
1508 2910       3       Many::m932 (14 bytes)   made not entrant: not used
1510 2912       3       Many::m933 (14 bytes)
1510 2913       4       Many::m933 (14 bytes)
1510 2912       3       Many::m933 (14 bytes)   made not entrant: not used
1511 2914       3       Many::m934 (14 bytes)
1511 2915       4       Many::m934 (14 bytes)
1511 2914       3       Many::m934 (14 bytes)   made not entrant: not used
1513 2916       3       Many::m935 (14 bytes)
1513 2917       4       Many::m935 (14 bytes)
1513 2916       3       Many::m935 (14 bytes)   made not entrant: not used
1514 2918       3       Many::m936 (14 bytes)
1514 2919       4       Many::m936 (14 bytes)
1514 2918       3       Many::m936 (14 bytes)   made not entrant: not used
1515 2920       3       Many::m937 (14 bytes)
1516 2921       4       Many::m937 (14 bytes)
1516 2920       3       Many::m937 (14 bytes)   made not entrant: not used
1517 2922       3       Many::m938 (14 bytes)
1517 2923       4       Many::m938 (14 bytes)
1517 2922       3       Many::m938 (14 bytes)   made not entrant: not used
1518 2924       3       Many::m939 (14 bytes)
1518 2925       4       Many::m939 (14 bytes)
1519 2924       3       Many::m939 (14 bytes)   made not entrant: not used
1520 2926       3       Many::m940 (14 bytes)
1520 2927       4       Many::m940 (14 bytes)
1520 2926       3       Many::m940 (14 bytes)   made not entrant: not used
1521 2928       3       Many::m941 (14 bytes)
1521 2929       4       Many::m941 (14 bytes)
1521 2928       3       Many::m941 (14 bytes)   made not entrant: not used
1523 2930       3       Many::m942 (14 bytes)
1523 2931       4       Many::m942 (14 bytes)
1523 2930       3       Many::m942 (14 bytes)   made not entrant: not used
1524 2932       3       Many::m943 (14 bytes)
1524 2933       4       Many::m943 (14 bytes)
1524 2932       3       Many::m943 (14 bytes)   made not entrant: not used
1526 2934       3       Many::m944 (14 bytes)
1526 2935       4       Many::m944 (14 bytes)
1526 2934       3       Many::m944 (14 bytes)   made not entrant: not used
1527 2936       3       Many::m945 (14 bytes)
1527 2937       4       Many::m945 (14 bytes)
1527 2936       3       Many::m945 (14 bytes)   made not entrant: not used
1528 2938       3       Many::m946 (14 bytes)
1528 2939       4       Many::m946 (14 bytes)
1529 2938       3       Many::m946 (14 bytes)   made not entrant: not used
1530 2940       3       Many::m947 (14 bytes)
1530 2941       4       Many::m947 (14 bytes)
1530 2940       3       Many::m947 (14 bytes)   made not entrant: not used
1531 2942       3       Many::m948 (14 bytes)
1531 2943       4       Many::m948 (14 bytes)
1531 2942       3       Many::m948 (14 bytes)   made not entrant: not used
1533 2944       3       Many::m949 (14 bytes)
1533 2945       4       Many::m949 (14 bytes)
1533 2944       3       Many::m949 (14 bytes)   made not entrant: not used
1534 2946       3       Many::m950 (14 bytes)
1534 2947       4       Many::m950 (14 bytes)
1534 2946       3       Many::m950 (14 bytes)   made not entrant: not used
1536 2948       3       Many::m951 (14 bytes)
1536 2949       4       Many::m951 (14 bytes)
1536 2948       3       Many::m951 (14 bytes)   made not entrant: not used
1537 2950       3       Many::m952 (14 bytes)
1537 2951       4       Many::m952 (14 bytes)
1537 2950       3       Many::m952 (14 bytes)   made not entrant: not used
1538 2952       3       Many::m953 (14 bytes)
1539 2953       4       Many::m953 (14 bytes)
1539 2952       3       Many::m953 (14 bytes)   made not entrant: not used
1540 2954       3       Many::m954 (14 bytes)
1540 2955       4       Many::m954 (14 bytes)
1540 2954       3       Many::m954 (14 bytes)   made not entrant: not used
1541 2956       3       Many::m955 (14 bytes)
1541 2957       4       Many::m955 (14 bytes)
1542 2956       3       Many::m955 (14 bytes)   made not entrant: not used
1543 2958       3       Many::m956 (14 bytes)
1543 2959       4       Many::m956 (14 bytes)
1543 2958       3       Many::m956 (14 bytes)   made not entrant: not used
1544 2960       3       Many::m957 (14 bytes)
1544 2961       4       Many::m957 (14 bytes)
1544 2960       3       Many::m957 (14 bytes)   made not entrant: not used
1546 2962       3       Many::m958 (14 bytes)
1546 2963       4       Many::m958 (14 bytes)
1546 2962       3       Many::m958 (14 bytes)   made not entrant: not used
1547 2964       3       Many::m959 (14 bytes)
1547 2965       4       Many::m959 (14 bytes)
1547 2964       3       Many::m959 (14 bytes)   made not entrant: not used
1549 2966       3       Many::m960 (14 bytes)
1549 2967       4       Many::m960 (14 bytes)
1549 2966       3       Many::m960 (14 bytes)   made not entrant: not used
1550 2968       3       Many::m961 (14 bytes)
1550 2969       4       Many::m961 (14 bytes)
1550 2968       3       Many::m961 (14 bytes)   made not entrant: not used
1552 2970       3       Many::m962 (14 bytes)
1552 2971       4       Many::m962 (14 bytes)
1552 2970       3       Many::m962 (14 bytes)   made not entrant: not used
1553 2972       3       Many::m963 (14 bytes)
1553 2973       4       Many::m963 (14 bytes)
1553 2972       3       Many::m963 (14 bytes)   made not entrant: not used
1554 2974       3       Many::m964 (14 bytes)
1554 2975       4       Many::m964 (14 bytes)
1555 2974       3       Many::m964 (14 bytes)   made not entrant: not used
1556 2976       3       Many::m965 (14 bytes)
1556 2977       4       Many::m965 (14 bytes)
1556 2976       3       Many::m965 (14 bytes)   made not entrant: not used
1557 2978       3       Many::m966 (14 bytes)
1557 2979       4       Many::m966 (14 bytes)
1557 2978       3       Many::m966 (14 bytes)   made not entrant: not used
1559 2980       3       Many::m967 (14 bytes)
1559 2981       4       Many::m967 (14 bytes)
1559 2980       3       Many::m967 (14 bytes)   made not entrant: not used
1560 2982       3       Many::m968 (14 bytes)
1560 2983       4       Many::m968 (14 bytes)
1560 2982       3       Many::m968 (14 bytes)   made not entrant: not used
1561 2984       3       Many::m969 (14 bytes)
1562 2985       4       Many::m969 (14 bytes)
1562 2984       3       Many::m969 (14 bytes)   made not entrant: not used
1563 2986       3       Many::m970 (14 bytes)
1563 2987       4       Many::m970 (14 bytes)
1563 2986       3       Many::m970 (14 bytes)   made not entrant: not used
1564 2988       3       Many::m971 (14 bytes)
1564 2989       4       Many::m971 (14 bytes)
1565 2988       3       Many::m971 (14 bytes)   made not entrant: not used
1566 2990       3       Many::m972 (14 bytes)
1566 2991       4       Many::m972 (14 bytes)
1566 2990       3       Many::m972 (14 bytes)   made not entrant: not used
1567 2992       3       Many::m973 (14 bytes)
1567 2993       4       Many::m973 (14 bytes)
1568 2992       3       Many::m973 (14 bytes)   made not entrant: not used
1569 2994       3       Many::m974 (14 bytes)
1569 2995       4       Many::m974 (14 bytes)
1569 2994       3       Many::m974 (14 bytes)   made not entrant: not used
1570 2996       3       Many::m975 (14 bytes)
1570 2997       4       Many::m975 (14 bytes)
1570 2996       3       Many::m975 (14 bytes)   made not entrant: not used
1572 2998       3       Many::m976 (14 bytes)
1572 2999       4       Many::m976 (14 bytes)
1572 2998       3       Many::m976 (14 bytes)   made not entrant: not used
1573 3000       3       Many::m977 (14 bytes)
1573 3001       4       Many::m977 (14 bytes)
1573 3000       3       Many::m977 (14 bytes)   made not entrant: not used
1575 3002       3       Many::m978 (14 bytes)
1575 3003       4       Many::m978 (14 bytes)
1575 3002       3       Many::m978 (14 bytes)   made not entrant: not used
1576 3004       3       Many::m979 (14 bytes)
1576 3005       4       Many::m979 (14 bytes)
1576 3004       3       Many::m979 (14 bytes)   made not entrant: not used
1577 3006       3       Many::m980 (14 bytes)
1577 3007       4       Many::m980 (14 bytes)
1578 3006       3       Many::m980 (14 bytes)   made not entrant: not used
1579 3008       3       Many::m981 (14 bytes)
1579 3009       4       Many::m981 (14 bytes)
1579 3008       3       Many::m981 (14 bytes)   made not entrant: not used
1580 3010       3       Many::m982 (14 bytes)
1580 3011       4       Many::m982 (14 bytes)
1580 3010       3       Many::m982 (14 bytes)   made not entrant: not used
1582 3012       3       Many::m983 (14 bytes)
1582 3013       4       Many::m983 (14 bytes)
1582 3012       3       Many::m983 (14 bytes)   made not entrant: not used
1583 3014       3       Many::m984 (14 bytes)
1583 3015       4       Many::m984 (14 bytes)
1583 3014       3       Many::m984 (14 bytes)   made not entrant: not used
1585 3016       3       Many::m985 (14 bytes)
1585 3017       4       Many::m985 (14 bytes)
1585 3016       3       Many::m985 (14 bytes)   made not entrant: not used
1586 3018       3       Many::m986 (14 bytes)
1586 3019       4       Many::m986 (14 bytes)
1586 3018       3       Many::m986 (14 bytes)   made not entrant: not used
1588 3020       3       Many::m987 (14 bytes)
1588 3021       4       Many::m987 (14 bytes)
1588 3020       3       Many::m987 (14 bytes)   made not entrant: not used
1589 3022       3       Many::m988 (14 bytes)
1589 3023       4       Many::m988 (14 bytes)
1589 3022       3       Many::m988 (14 bytes)   made not entrant: not used
1590 3024       3       Many::m989 (14 bytes)
1591 3025       4       Many::m989 (14 bytes)
1591 3024       3       Many::m989 (14 bytes)   made not entrant: not used
1592 3026       3       Many::m990 (14 bytes)
1592 3027       4       Many::m990 (14 bytes)
1592 3026       3       Many::m990 (14 bytes)   made not entrant: not used
1593 3028       3       Many::m991 (14 bytes)
1593 3029       4       Many::m991 (14 bytes)
1594 3028       3       Many::m991 (14 bytes)   made not entrant: not used
1595 3030       3       Many::m992 (14 bytes)
1595 3031       4       Many::m992 (14 bytes)
1595 3030       3       Many::m992 (14 bytes)   made not entrant: not used
1596 3032       3       Many::m993 (14 bytes)
1596 3033       4       Many::m993 (14 bytes)
1596 3032       3       Many::m993 (14 bytes)   made not entrant: not used
1598 3034       3       Many::m994 (14 bytes)
1598 3035       4       Many::m994 (14 bytes)
1598 3034       3       Many::m994 (14 bytes)   made not entrant: not used
1599 3036       3       Many::m995 (14 bytes)
1599 3037       4       Many::m995 (14 bytes)
1599 3036       3       Many::m995 (14 bytes)   made not entrant: not used
1601 3038       3       Many::m996 (14 bytes)
1601 3039       4       Many::m996 (14 bytes)
1601 3038       3       Many::m996 (14 bytes)   made not entrant: not used
1602 3040       3       Many::m997 (14 bytes)
1602 3041       4       Many::m997 (14 bytes)
1602 3040       3       Many::m997 (14 bytes)   made not entrant: not used
1603 3042       3       Many::m998 (14 bytes)
1604 3043       4       Many::m998 (14 bytes)
1604 3042       3       Many::m998 (14 bytes)   made not entrant: not used
1605 3044       3       Many::m999 (14 bytes)
1605 3045       4       Many::m999 (14 bytes)
1605 3044       3       Many::m999 (14 bytes)   made not entrant: not used
1606 3046       3       Many::m1000 (14 bytes)
1606 3047       4       Many::m1000 (14 bytes)
1606 3046       3       Many::m1000 (14 bytes)   made not entrant: not used
1608 3048       3       Many::m1001 (14 bytes)
1608 3049       4       Many::m1001 (14 bytes)
1608 3048       3       Many::m1001 (14 bytes)   made not entrant: not used
1609 3050       3       Many::m1002 (14 bytes)
1609 3051       4       Many::m1002 (14 bytes)
1609 3050       3       Many::m1002 (14 bytes)   made not entrant: not used
1611 3052       3       Many::m1003 (14 bytes)
1611 3053       4       Many::m1003 (14 bytes)
1611 3052       3       Many::m1003 (14 bytes)   made not entrant: not used
1612 3054       3       Many::m1004 (14 bytes)
1612 3055       4       Many::m1004 (14 bytes)
1612 3054       3       Many::m1004 (14 bytes)   made not entrant: not used
1613 3056       3       Many::m1005 (14 bytes)
1614 3057       4       Many::m1005 (14 bytes)
1614 3056       3       Many::m1005 (14 bytes)   made not entrant: not used
1615 3058       3       Many::m1006 (14 bytes)
1615 3059       4       Many::m1006 (14 bytes)
1615 3058       3       Many::m1006 (14 bytes)   made not entrant: not used
1616 3060       3       Many::m1007 (14 bytes)
1616 3061       4       Many::m1007 (14 bytes)
1617 3060       3       Many::m1007 (14 bytes)   made not entrant: not used
1618 3062       3       Many::m1008 (14 bytes)
1618 3063       4       Many::m1008 (14 bytes)
1618 3062       3       Many::m1008 (14 bytes)   made not entrant: not used
1619 3064       3       Many::m1009 (14 bytes)
1619 3065       4       Many::m1009 (14 bytes)
1619 3064       3       Many::m1009 (14 bytes)   made not entrant: not used
1621 3066       3       Many::m1010 (14 bytes)
1621 3067       4       Many::m1010 (14 bytes)
1621 3066       3       Many::m1010 (14 bytes)   made not entrant: not used
1622 3068       3       Many::m1011 (14 bytes)
1622 3069       4       Many::m1011 (14 bytes)
1622 3068       3       Many::m1011 (14 bytes)   made not entrant: not used
1624 3070       3       Many::m1012 (14 bytes)
1624 3071       4       Many::m1012 (14 bytes)
1624 3070       3       Many::m1012 (14 bytes)   made not entrant: not used
1625 3072       3       Many::m1013 (14 bytes)
1625 3073       4       Many::m1013 (14 bytes)
1625 3072       3       Many::m1013 (14 bytes)   made not entrant: not used
1626 3074       3       Many::m1014 (14 bytes)
1626 3075       4       Many::m1014 (14 bytes)
1627 3074       3       Many::m1014 (14 bytes)   made not entrant: not used
1628 3076       3       Many::m1015 (14 bytes)
1628 3077       4       Many::m1015 (14 bytes)
1628 3076       3       Many::m1015 (14 bytes)   made not entrant: not used
1629 3078       3       Many::m1016 (14 bytes)
1629 3079       4       Many::m1016 (14 bytes)
1629 3078       3       Many::m1016 (14 bytes)   made not entrant: not used
1631 3080       3       Many::m1017 (14 bytes)
1631 3081       4       Many::m1017 (14 bytes)
1631 3080       3       Many::m1017 (14 bytes)   made not entrant: not used
1632 3082       3       Many::m1018 (14 bytes)
1632 3083       4       Many::m1018 (14 bytes)
1632 3082       3       Many::m1018 (14 bytes)   made not entrant: not used
1634 3084       3       Many::m1019 (14 bytes)
1634 3085       4       Many::m1019 (14 bytes)
1634 3084       3       Many::m1019 (14 bytes)   made not entrant: not used
1635 3086       3       Many::m1020 (14 bytes)
1635 3087       4       Many::m1020 (14 bytes)
1635 3086       3       Many::m1020 (14 bytes)   made not entrant: not used
1637 3088       3       Many::m1021 (14 bytes)
1637 3089       4       Many::m1021 (14 bytes)
1637 3088       3       Many::m1021 (14 bytes)   made not entrant: not used
1638 3090       3       Many::m1022 (14 bytes)
1638 3091       4       Many::m1022 (14 bytes)
1638 3090       3       Many::m1022 (14 bytes)   made not entrant: not used
1639 3092       3       Many::m1023 (14 bytes)
1640 3093       4       Many::m1023 (14 bytes)
1640 3092       3       Many::m1023 (14 bytes)   made not entrant: not used
1641 3094       3       Many::m1024 (14 bytes)
1641 3095       4       Many::m1024 (14 bytes)
1641 3094       3       Many::m1024 (14 bytes)   made not entrant: not used
1642 3096       3       Many::m1025 (14 bytes)
1642 3097       4       Many::m1025 (14 bytes)
1643 3096       3       Many::m1025 (14 bytes)   made not entrant: not used
1644 3098       3       Many::m1026 (14 bytes)
1644 3099       4       Many::m1026 (14 bytes)
1644 3098       3       Many::m1026 (14 bytes)   made not entrant: not used
1645 3100       3       Many::m1027 (14 bytes)
1645 3101       4       Many::m1027 (14 bytes)
1645 3100       3       Many::m1027 (14 bytes)   made not entrant: not used
1647 3102       3       Many::m1028 (14 bytes)
1647 3103       4       Many::m1028 (14 bytes)
1647 3102       3       Many::m1028 (14 bytes)   made not entrant: not used
1648 3104       3       Many::m1029 (14 bytes)
1648 3105       4       Many::m1029 (14 bytes)
1648 3104       3       Many::m1029 (14 bytes)   made not entrant: not used
1650 3106       3       Many::m1030 (14 bytes)
1650 3107       4       Many::m1030 (14 bytes)
1650 3106       3       Many::m1030 (14 bytes)   made not entrant: not used
1651 3108       3       Many::m1031 (14 bytes)
1651 3109       4       Many::m1031 (14 bytes)
1651 3108       3       Many::m1031 (14 bytes)   made not entrant: not used
1652 3110       3       Many::m1032 (14 bytes)
1653 3111       4       Many::m1032 (14 bytes)
1653 3110       3       Many::m1032 (14 bytes)   made not entrant: not used
1654 3112       3       Many::m1033 (14 bytes)
1654 3113       4       Many::m1033 (14 bytes)
1654 3112       3       Many::m1033 (14 bytes)   made not entrant: not used
1655 3114       3       Many::m1034 (14 bytes)
1655 3115       4       Many::m1034 (14 bytes)
1656 3114       3       Many::m1034 (14 bytes)   made not entrant: not used
1657 3116       3       Many::m1035 (14 bytes)
1657 3117       4       Many::m1035 (14 bytes)
1657 3116       3       Many::m1035 (14 bytes)   made not entrant: not used
1658 3118       3       Many::m1036 (14 bytes)
1658 3119       4       Many::m1036 (14 bytes)
1658 3118       3       Many::m1036 (14 bytes)   made not entrant: not used
1660 3120       3       Many::m1037 (14 bytes)
1660 3121       4       Many::m1037 (14 bytes)
1660 3120       3       Many::m1037 (14 bytes)   made not entrant: not used
1661 3122       3       Many::m1038 (14 bytes)
1661 3123       4       Many::m1038 (14 bytes)
1661 3122       3       Many::m1038 (14 bytes)   made not entrant: not used
1663 3124       3       Many::m1039 (14 bytes)
1663 3125       4       Many::m1039 (14 bytes)
1663 3124       3       Many::m1039 (14 bytes)   made not entrant: not used
1664 3126       3       Many::m1040 (14 bytes)
1664 3127       4       Many::m1040 (14 bytes)
1664 3126       3       Many::m1040 (14 bytes)   made not entrant: not used
1666 3128       3       Many::m1041 (14 bytes)
1666 3129       4       Many::m1041 (14 bytes)
1666 3128       3       Many::m1041 (14 bytes)   made not entrant: not used
1667 3130       3       Many::m1042 (14 bytes)
1667 3131       4       Many::m1042 (14 bytes)
1667 3130       3       Many::m1042 (14 bytes)   made not entrant: not used
1668 3132       3       Many::m1043 (14 bytes)
1669 3133       4       Many::m1043 (14 bytes)
1669 3132       3       Many::m1043 (14 bytes)   made not entrant: not used
1670 3134       3       Many::m1044 (14 bytes)
1670 3135       4       Many::m1044 (14 bytes)
1670 3134       3       Many::m1044 (14 bytes)   made not entrant: not used
1671 3136       3       Many::m1045 (14 bytes)
1671 3137       4       Many::m1045 (14 bytes)
1671 3136       3       Many::m1045 (14 bytes)   made not entrant: not used
1673 3138       3       Many::m1046 (14 bytes)
1673 3139       4       Many::m1046 (14 bytes)
1673 3138       3       Many::m1046 (14 bytes)   made not entrant: not used
1674 3140       3       Many::m1047 (14 bytes)
1674 3141       4       Many::m1047 (14 bytes)
1674 3140       3       Many::m1047 (14 bytes)   made not entrant: not used
1676 3142       3       Many::m1048 (14 bytes)
1676 3143       4       Many::m1048 (14 bytes)
1676 3142       3       Many::m1048 (14 bytes)   made not entrant: not used
1677 3144       3       Many::m1049 (14 bytes)
1677 3145       4       Many::m1049 (14 bytes)
1677 3144       3       Many::m1049 (14 bytes)   made not entrant: not used
1678 3146       3       Many::m1050 (14 bytes)
1679 3147       4       Many::m1050 (14 bytes)
1679 3146       3       Many::m1050 (14 bytes)   made not entrant: not used
1680 3148       3       Many::m1051 (14 bytes)
1680 3149       4       Many::m1051 (14 bytes)
1680 3148       3       Many::m1051 (14 bytes)   made not entrant: not used
1681 3150       3       Many::m1052 (14 bytes)
1682 3151       4       Many::m1052 (14 bytes)
1682 3150       3       Many::m1052 (14 bytes)   made not entrant: not used
1683 3152       3       Many::m1053 (14 bytes)
1683 3153       4       Many::m1053 (14 bytes)
1683 3152       3       Many::m1053 (14 bytes)   made not entrant: not used
1684 3154       3       Many::m1054 (14 bytes)
1684 3155       4       Many::m1054 (14 bytes)
1685 3154       3       Many::m1054 (14 bytes)   made not entrant: not used
1686 3156       3       Many::m1055 (14 bytes)
1686 3157       4       Many::m1055 (14 bytes)
1686 3156       3       Many::m1055 (14 bytes)   made not entrant: not used
1687 3158       3       Many::m1056 (14 bytes)
1687 3159       4       Many::m1056 (14 bytes)
1687 3158       3       Many::m1056 (14 bytes)   made not entrant: not used
1689 3160       3       Many::m1057 (14 bytes)
1689 3161       4       Many::m1057 (14 bytes)
1689 3160       3       Many::m1057 (14 bytes)   made not entrant: not used
1690 3162       3       Many::m1058 (14 bytes)
1690 3163       4       Many::m1058 (14 bytes)
1690 3162       3       Many::m1058 (14 bytes)   made not entrant: not used
1692 3164       3       Many::m1059 (14 bytes)
1692 3165       4       Many::m1059 (14 bytes)
1692 3164       3       Many::m1059 (14 bytes)   made not entrant: not used
1693 3166       3       Many::m1060 (14 bytes)
1693 3167       4       Many::m1060 (14 bytes)
1693 3166       3       Many::m1060 (14 bytes)   made not entrant: not used
1694 3168       3       Many::m1061 (14 bytes)
1695 3169       4       Many::m1061 (14 bytes)
1695 3168       3       Many::m1061 (14 bytes)   made not entrant: not used
1696 3170       3       Many::m1062 (14 bytes)
1696 3171       4       Many::m1062 (14 bytes)
1696 3170       3       Many::m1062 (14 bytes)   made not entrant: not used
1697 3172       3       Many::m1063 (14 bytes)
1697 3173       4       Many::m1063 (14 bytes)
1697 3172       3       Many::m1063 (14 bytes)   made not entrant: not used
1699 3174       3       Many::m1064 (14 bytes)
1699 3175       4       Many::m1064 (14 bytes)
1699 3174       3       Many::m1064 (14 bytes)   made not entrant: not used
1700 3176       3       Many::m1065 (14 bytes)
1700 3177       4       Many::m1065 (14 bytes)
1700 3176       3       Many::m1065 (14 bytes)   made not entrant: not used
1702 3178       3       Many::m1066 (14 bytes)
1702 3179       4       Many::m1066 (14 bytes)
1702 3178       3       Many::m1066 (14 bytes)   made not entrant: not used
1703 3180       3       Many::m1067 (14 bytes)
1703 3181       4       Many::m1067 (14 bytes)
1703 3180       3       Many::m1067 (14 bytes)   made not entrant: not used
1705 3182       3       Many::m1068 (14 bytes)
1705 3183       4       Many::m1068 (14 bytes)
1705 3182       3       Many::m1068 (14 bytes)   made not entrant: not used
1706 3184       3       Many::m1069 (14 bytes)
1706 3185       4       Many::m1069 (14 bytes)
1706 3184       3       Many::m1069 (14 bytes)   made not entrant: not used
1707 3186       3       Many::m1070 (14 bytes)
1708 3187       4       Many::m1070 (14 bytes)
1708 3186       3       Many::m1070 (14 bytes)   made not entrant: not used
1709 3188       3       Many::m1071 (14 bytes)
1709 3189       4       Many::m1071 (14 bytes)
1709 3188       3       Many::m1071 (14 bytes)   made not entrant: not used
1710 3190       3       Many::m1072 (14 bytes)
1711 3191       4       Many::m1072 (14 bytes)
1711 3190       3       Many::m1072 (14 bytes)   made not entrant: not used
1712 3192       3       Many::m1073 (14 bytes)
1712 3193       4       Many::m1073 (14 bytes)
1712 3192       3       Many::m1073 (14 bytes)   made not entrant: not used
1713 3194       3       Many::m1074 (14 bytes)
1713 3195       4       Many::m1074 (14 bytes)
1713 3194       3       Many::m1074 (14 bytes)   made not entrant: not used
1715 3196       3       Many::m1075 (14 bytes)
1715 3197       4       Many::m1075 (14 bytes)
1715 3196       3       Many::m1075 (14 bytes)   made not entrant: not used
1716 3198       3       Many::m1076 (14 bytes)
1716 3199       4       Many::m1076 (14 bytes)
1716 3198       3       Many::m1076 (14 bytes)   made not entrant: not used
1718 3200       3       Many::m1077 (14 bytes)
1718 3201       4       Many::m1077 (14 bytes)
1718 3200       3       Many::m1077 (14 bytes)   made not entrant: not used
1719 3202       3       Many::m1078 (14 bytes)
1719 3203       4       Many::m1078 (14 bytes)
1719 3202       3       Many::m1078 (14 bytes)   made not entrant: not used
1721 3204       3       Many::m1079 (14 bytes)
1721 3205       4       Many::m1079 (14 bytes)
1721 3204       3       Many::m1079 (14 bytes)   made not entrant: not used
1722 3206       3       Many::m1080 (14 bytes)
1722 3207       4       Many::m1080 (14 bytes)
1722 3206       3       Many::m1080 (14 bytes)   made not entrant: not used
1723 3208       3       Many::m1081 (14 bytes)
1723 3209       4       Many::m1081 (14 bytes)
1724 3208       3       Many::m1081 (14 bytes)   made not entrant: not used
1725 3210       3       Many::m1082 (14 bytes)
1725 3211       4       Many::m1082 (14 bytes)
1725 3210       3       Many::m1082 (14 bytes)   made not entrant: not used
1726 3212       3       Many::m1083 (14 bytes)
1726 3213       4       Many::m1083 (14 bytes)
1726 3212       3       Many::m1083 (14 bytes)   made not entrant: not used
1728 3214       3       Many::m1084 (14 bytes)
1728 3215       4       Many::m1084 (14 bytes)
1728 3214       3       Many::m1084 (14 bytes)   made not entrant: not used
1729 3216       3       Many::m1085 (14 bytes)
1729 3217       4       Many::m1085 (14 bytes)
1729 3216       3       Many::m1085 (14 bytes)   made not entrant: not used
1731 3218       3       Many::m1086 (14 bytes)
1731 3219       4       Many::m1086 (14 bytes)
1731 3218       3       Many::m1086 (14 bytes)   made not entrant: not used
1732 3220       3       Many::m1087 (14 bytes)
1732 3221       4       Many::m1087 (14 bytes)
1732 3220       3       Many::m1087 (14 bytes)   made not entrant: not used
1734 3222       3       Many::m1088 (14 bytes)
1734 3223       4       Many::m1088 (14 bytes)
1734 3222       3       Many::m1088 (14 bytes)   made not entrant: not used
1735 3224       3       Many::m1089 (14 bytes)
1735 3225       4       Many::m1089 (14 bytes)
1735 3224       3       Many::m1089 (14 bytes)   made not entrant: not used
1736 3226       3       Many::m1090 (14 bytes)
1737 3227       4       Many::m1090 (14 bytes)
1737 3226       3       Many::m1090 (14 bytes)   made not entrant: not used
1738 3228       3       Many::m1091 (14 bytes)
1738 3229       4       Many::m1091 (14 bytes)
1738 3228       3       Many::m1091 (14 bytes)   made not entrant: not used
1739 3230       3       Many::m1092 (14 bytes)
1739 3231       4       Many::m1092 (14 bytes)
1739 3230       3       Many::m1092 (14 bytes)   made not entrant: not used
1741 3232       3       Many::m1093 (14 bytes)
1741 3233       4       Many::m1093 (14 bytes)
1741 3232       3       Many::m1093 (14 bytes)   made not entrant: not used
1742 3234       3       Many::m1094 (14 bytes)
1742 3235       4       Many::m1094 (14 bytes)
1742 3234       3       Many::m1094 (14 bytes)   made not entrant: not used
1744 3236       3       Many::m1095 (14 bytes)
1744 3237       4       Many::m1095 (14 bytes)
1744 3236       3       Many::m1095 (14 bytes)   made not entrant: not used
1745 3238       3       Many::m1096 (14 bytes)
1745 3239       4       Many::m1096 (14 bytes)
1745 3238       3       Many::m1096 (14 bytes)   made not entrant: not used
1746 3240       3       Many::m1097 (14 bytes)
1746 3241       4       Many::m1097 (14 bytes)
1747 3240       3       Many::m1097 (14 bytes)   made not entrant: not used
1748 3242       3       Many::m1098 (14 bytes)
1748 3243       4       Many::m1098 (14 bytes)
1748 3242       3       Many::m1098 (14 bytes)   made not entrant: not used
1749 3244       3       Many::m1099 (14 bytes)
1749 3245       4       Many::m1099 (14 bytes)
1749 3244       3       Many::m1099 (14 bytes)   made not entrant: not used
1751 3246       3       Many::m1100 (14 bytes)
1751 3247       4       Many::m1100 (14 bytes)
1751 3246       3       Many::m1100 (14 bytes)   made not entrant: not used
1752 3248       3       Many::m1101 (14 bytes)
1752 3249       4       Many::m1101 (14 bytes)
1752 3248       3       Many::m1101 (14 bytes)   made not entrant: not used
1754 3250       3       Many::m1102 (14 bytes)
1754 3251       4       Many::m1102 (14 bytes)
1754 3250       3       Many::m1102 (14 bytes)   made not entrant: not used
1755 3252       3       Many::m1103 (14 bytes)
1755 3253       4       Many::m1103 (14 bytes)
1755 3252       3       Many::m1103 (14 bytes)   made not entrant: not used
1756 3254       3       Many::m1104 (14 bytes)
1757 3255       4       Many::m1104 (14 bytes)
1757 3254       3       Many::m1104 (14 bytes)   made not entrant: not used
1758 3256       3       Many::m1105 (14 bytes)
1758 3257       4       Many::m1105 (14 bytes)
1758 3256       3       Many::m1105 (14 bytes)   made not entrant: not used
1759 3258       3       Many::m1106 (14 bytes)
1759 3259       4       Many::m1106 (14 bytes)
1760 3258       3       Many::m1106 (14 bytes)   made not entrant: not used
1761 3260       3       Many::m1107 (14 bytes)
1761 3261       4       Many::m1107 (14 bytes)
1761 3260       3       Many::m1107 (14 bytes)   made not entrant: not used
1762 3262       3       Many::m1108 (14 bytes)
1762 3263       4       Many::m1108 (14 bytes)
1762 3262       3       Many::m1108 (14 bytes)   made not entrant: not used
1764 3264       3       Many::m1109 (14 bytes)
1764 3265       4       Many::m1109 (14 bytes)
1764 3264       3       Many::m1109 (14 bytes)   made not entrant: not used
1765 3266       3       Many::m1110 (14 bytes)
1765 3267       4       Many::m1110 (14 bytes)
1766 3266       3       Many::m1110 (14 bytes)   made not entrant: not used
1767 3268       3       Many::m1111 (14 bytes)
1767 3269       4       Many::m1111 (14 bytes)
1767 3268       3       Many::m1111 (14 bytes)   made not entrant: not used
1768 3270       3       Many::m1112 (14 bytes)
1768 3271       4       Many::m1112 (14 bytes)
1768 3270       3       Many::m1112 (14 bytes)   made not entrant: not used
1770 3272       3       Many::m1113 (14 bytes)
1770 3273       4       Many::m1113 (14 bytes)
1770 3272       3       Many::m1113 (14 bytes)   made not entrant: not used
1771 3274       3       Many::m1114 (14 bytes)
1771 3275       4       Many::m1114 (14 bytes)
1771 3274       3       Many::m1114 (14 bytes)   made not entrant: not used
1772 3276       3       Many::m1115 (14 bytes)
1773 3277       4       Many::m1115 (14 bytes)
1773 3276       3       Many::m1115 (14 bytes)   made not entrant: not used
1774 3278       3       Many::m1116 (14 bytes)
1774 3279       4       Many::m1116 (14 bytes)
1774 3278       3       Many::m1116 (14 bytes)   made not entrant: not used
1775 3280       3       Many::m1117 (14 bytes)
1775 3281       4       Many::m1117 (14 bytes)
1775 3280       3       Many::m1117 (14 bytes)   made not entrant: not used
1777 3282       3       Many::m1118 (14 bytes)
1777 3283       4       Many::m1118 (14 bytes)
1777 3282       3       Many::m1118 (14 bytes)   made not entrant: not used
1778 3284       3       Many::m1119 (14 bytes)
1778 3285       4       Many::m1119 (14 bytes)
1778 3284       3       Many::m1119 (14 bytes)   made not entrant: not used
1780 3286       3       Many::m1120 (14 bytes)
1780 3287       4       Many::m1120 (14 bytes)
1780 3286       3       Many::m1120 (14 bytes)   made not entrant: not used
1781 3288       3       Many::m1121 (14 bytes)
1781 3289       4       Many::m1121 (14 bytes)
1781 3288       3       Many::m1121 (14 bytes)   made not entrant: not used
1782 3290       3       Many::m1122 (14 bytes)
1783 3291       4       Many::m1122 (14 bytes)
1783 3290       3       Many::m1122 (14 bytes)   made not entrant: not used
1784 3292       3       Many::m1123 (14 bytes)
1784 3293       4       Many::m1123 (14 bytes)
1784 3292       3       Many::m1123 (14 bytes)   made not entrant: not used
1785 3294       3       Many::m1124 (14 bytes)
1785 3295       4       Many::m1124 (14 bytes)
1785 3294       3       Many::m1124 (14 bytes)   made not entrant: not used
1787 3296       3       Many::m1125 (14 bytes)
1787 3297       4       Many::m1125 (14 bytes)
1787 3296       3       Many::m1125 (14 bytes)   made not entrant: not used
1788 3298       3       Many::m1126 (14 bytes)
1788 3299       4       Many::m1126 (14 bytes)
1788 3298       3       Many::m1126 (14 bytes)   made not entrant: not used
1790 3300       3       Many::m1127 (14 bytes)
1790 3301       4       Many::m1127 (14 bytes)
1790 3300       3       Many::m1127 (14 bytes)   made not entrant: not used
1791 3302       3       Many::m1128 (14 bytes)
1791 3303       4       Many::m1128 (14 bytes)
1791 3302       3       Many::m1128 (14 bytes)   made not entrant: not used
1792 3304       3       Many::m1129 (14 bytes)
1793 3305       4       Many::m1129 (14 bytes)
1793 3304       3       Many::m1129 (14 bytes)   made not entrant: not used
1794 3306       3       Many::m1130 (14 bytes)
1794 3307       4       Many::m1130 (14 bytes)
1794 3306       3       Many::m1130 (14 bytes)   made not entrant: not used
1795 3308       3       Many::m1131 (14 bytes)
1795 3309       4       Many::m1131 (14 bytes)
1796 3308       3       Many::m1131 (14 bytes)   made not entrant: not used
1797 3310       3       Many::m1132 (14 bytes)
1797 3311       4       Many::m1132 (14 bytes)
1797 3310       3       Many::m1132 (14 bytes)   made not entrant: not used
1798 3312       3       Many::m1133 (14 bytes)
1798 3313       4       Many::m1133 (14 bytes)
1798 3312       3       Many::m1133 (14 bytes)   made not entrant: not used
1800 3314       3       Many::m1134 (14 bytes)
1800 3315       4       Many::m1134 (14 bytes)
1800 3314       3       Many::m1134 (14 bytes)   made not entrant: not used
1801 3316       3       Many::m1135 (14 bytes)
1801 3317       4       Many::m1135 (14 bytes)
1801 3316       3       Many::m1135 (14 bytes)   made not entrant: not used
1803 3318       3       Many::m1136 (14 bytes)
1803 3319       4       Many::m1136 (14 bytes)
1803 3318       3       Many::m1136 (14 bytes)   made not entrant: not used
1804 3320       3       Many::m1137 (14 bytes)
1804 3321       4       Many::m1137 (14 bytes)
1804 3320       3       Many::m1137 (14 bytes)   made not entrant: not used
1805 3322       3       Many::m1138 (14 bytes)
1806 3323       4       Many::m1138 (14 bytes)
1806 3322       3       Many::m1138 (14 bytes)   made not entrant: not used
1807 3324       3       Many::m1139 (14 bytes)
1807 3325       4       Many::m1139 (14 bytes)
1807 3324       3       Many::m1139 (14 bytes)   made not entrant: not used
1808 3326       3       Many::m1140 (14 bytes)
1808 3327       4       Many::m1140 (14 bytes)
1809 3326       3       Many::m1140 (14 bytes)   made not entrant: not used
1810 3328       3       Many::m1141 (14 bytes)
1810 3329       4       Many::m1141 (14 bytes)
1810 3328       3       Many::m1141 (14 bytes)   made not entrant: not used
1811 3330       3       Many::m1142 (14 bytes)
1811 3331       4       Many::m1142 (14 bytes)
1811 3330       3       Many::m1142 (14 bytes)   made not entrant: not used
1813 3332       3       Many::m1143 (14 bytes)
1813 3333       4       Many::m1143 (14 bytes)
1813 3332       3       Many::m1143 (14 bytes)   made not entrant: not used
1814 3334       3       Many::m1144 (14 bytes)
1814 3335       4       Many::m1144 (14 bytes)
1814 3334       3       Many::m1144 (14 bytes)   made not entrant: not used
1816 3336       3       Many::m1145 (14 bytes)
1816 3337       4       Many::m1145 (14 bytes)
1816 3336       3       Many::m1145 (14 bytes)   made not entrant: not used
1817 3338       3       Many::m1146 (14 bytes)
1817 3339       4       Many::m1146 (14 bytes)
1817 3338       3       Many::m1146 (14 bytes)   made not entrant: not used
1819 3340       3       Many::m1147 (14 bytes)
1819 3341       4       Many::m1147 (14 bytes)
1819 3340       3       Many::m1147 (14 bytes)   made not entrant: not used
1820 3342       3       Many::m1148 (14 bytes)
1820 3343       4       Many::m1148 (14 bytes)
1820 3342       3       Many::m1148 (14 bytes)   made not entrant: not used
1822 3344       3       Many::m1149 (14 bytes)
1822 3345       4       Many::m1149 (14 bytes)
1822 3344       3       Many::m1149 (14 bytes)   made not entrant: not used
1823 3346       3       Many::m1150 (14 bytes)
1823 3347       4       Many::m1150 (14 bytes)
1823 3346       3       Many::m1150 (14 bytes)   made not entrant: not used
1824 3348       3       Many::m1151 (14 bytes)
1824 3349       4       Many::m1151 (14 bytes)
1825 3348       3       Many::m1151 (14 bytes)   made not entrant: not used
1826 3350       3       Many::m1152 (14 bytes)
1826 3351       4       Many::m1152 (14 bytes)
1826 3350       3       Many::m1152 (14 bytes)   made not entrant: not used
1827 3352       3       Many::m1153 (14 bytes)
1827 3353       4       Many::m1153 (14 bytes)
1827 3352       3       Many::m1153 (14 bytes)   made not entrant: not used
1829 3354       3       Many::m1154 (14 bytes)
1829 3355       4       Many::m1154 (14 bytes)
1829 3354       3       Many::m1154 (14 bytes)   made not entrant: not used
1830 3356       3       Many::m1155 (14 bytes)
1830 3357       4       Many::m1155 (14 bytes)
1830 3356       3       Many::m1155 (14 bytes)   made not entrant: not used
1832 3358       3       Many::m1156 (14 bytes)
1832 3359       4       Many::m1156 (14 bytes)
1832 3358       3       Many::m1156 (14 bytes)   made not entrant: not used
1833 3360       3       Many::m1157 (14 bytes)
1833 3361       4       Many::m1157 (14 bytes)
1833 3360       3       Many::m1157 (14 bytes)   made not entrant: not used
1835 3362       3       Many::m1158 (14 bytes)
1835 3363       4       Many::m1158 (14 bytes)
1835 3362       3       Many::m1158 (14 bytes)   made not entrant: not used
1836 3364       3       Many::m1159 (14 bytes)
1836 3365       4       Many::m1159 (14 bytes)
1836 3364       3       Many::m1159 (14 bytes)   made not entrant: not used
1837 3366       3       Many::m1160 (14 bytes)
1837 3367       4       Many::m1160 (14 bytes)
1838 3366       3       Many::m1160 (14 bytes)   made not entrant: not used
1839 3368       3       Many::m1161 (14 bytes)
1839 3369       4       Many::m1161 (14 bytes)
1839 3368       3       Many::m1161 (14 bytes)   made not entrant: not used
1840 3370       3       Many::m1162 (14 bytes)
1840 3371       4       Many::m1162 (14 bytes)
1840 3370       3       Many::m1162 (14 bytes)   made not entrant: not used
1842 3372       3       Many::m1163 (14 bytes)
1842 3373       4       Many::m1163 (14 bytes)
1842 3372       3       Many::m1163 (14 bytes)   made not entrant: not used
1843 3374       3       Many::m1164 (14 bytes)
1843 3375       4       Many::m1164 (14 bytes)
1843 3374       3       Many::m1164 (14 bytes)   made not entrant: not used
1844 3376       3       Many::m1165 (14 bytes)
1845 3377       4       Many::m1165 (14 bytes)
1845 3376       3       Many::m1165 (14 bytes)   made not entrant: not used
1846 3378       3       Many::m1166 (14 bytes)
1846 3379       4       Many::m1166 (14 bytes)
1846 3378       3       Many::m1166 (14 bytes)   made not entrant: not used
1847 3380       3       Many::m1167 (14 bytes)
1847 3381       4       Many::m1167 (14 bytes)
1847 3380       3       Many::m1167 (14 bytes)   made not entrant: not used
1849 3382       3       Many::m1168 (14 bytes)
1849 3383       4       Many::m1168 (14 bytes)
1849 3382       3       Many::m1168 (14 bytes)   made not entrant: not used
1850 3384       3       Many::m1169 (14 bytes)
1850 3385       4       Many::m1169 (14 bytes)
1850 3384       3       Many::m1169 (14 bytes)   made not entrant: not used
1852 3386       3       Many::m1170 (14 bytes)
1852 3387       4       Many::m1170 (14 bytes)
1852 3386       3       Many::m1170 (14 bytes)   made not entrant: not used
1853 3388       3       Many::m1171 (14 bytes)
1853 3389       4       Many::m1171 (14 bytes)
1853 3388       3       Many::m1171 (14 bytes)   made not entrant: not used
1855 3390       3       Many::m1172 (14 bytes)
1855 3391       4       Many::m1172 (14 bytes)
1855 3390       3       Many::m1172 (14 bytes)   made not entrant: not used
1856 3392       3       Many::m1173 (14 bytes)
1856 3393       4       Many::m1173 (14 bytes)
1856 3392       3       Many::m1173 (14 bytes)   made not entrant: not used
1857 3394       3       Many::m1174 (14 bytes)
1858 3395       4       Many::m1174 (14 bytes)
1858 3394       3       Many::m1174 (14 bytes)   made not entrant: not used
1859 3396       3       Many::m1175 (14 bytes)
1859 3397       4       Many::m1175 (14 bytes)
1859 3396       3       Many::m1175 (14 bytes)   made not entrant: not used
1860 3398       3       Many::m1176 (14 bytes)
1860 3399       4       Many::m1176 (14 bytes)
1860 3398       3       Many::m1176 (14 bytes)   made not entrant: not used
1862 3400       3       Many::m1177 (14 bytes)
1862 3401       4       Many::m1177 (14 bytes)
1862 3400       3       Many::m1177 (14 bytes)   made not entrant: not used
1863 3402       3       Many::m1178 (14 bytes)
1863 3403       4       Many::m1178 (14 bytes)
1863 3402       3       Many::m1178 (14 bytes)   made not entrant: not used
1865 3404       3       Many::m1179 (14 bytes)
1865 3405       4       Many::m1179 (14 bytes)
1865 3404       3       Many::m1179 (14 bytes)   made not entrant: not used
1866 3406       3       Many::m1180 (14 bytes)
1866 3407       4       Many::m1180 (14 bytes)
1866 3406       3       Many::m1180 (14 bytes)   made not entrant: not used
1868 3408       3       Many::m1181 (14 bytes)
1868 3409       4       Many::m1181 (14 bytes)
1868 3408       3       Many::m1181 (14 bytes)   made not entrant: not used
1869 3410       3       Many::m1182 (14 bytes)
1869 3411       4       Many::m1182 (14 bytes)
1869 3410       3       Many::m1182 (14 bytes)   made not entrant: not used
1870 3412       3       Many::m1183 (14 bytes)
1871 3413       4       Many::m1183 (14 bytes)
1871 3412       3       Many::m1183 (14 bytes)   made not entrant: not used
1872 3414       3       Many::m1184 (14 bytes)
1872 3415       4       Many::m1184 (14 bytes)
1872 3414       3       Many::m1184 (14 bytes)   made not entrant: not used
1873 3416       3       Many::m1185 (14 bytes)
1873 3417       4       Many::m1185 (14 bytes)
1874 3416       3       Many::m1185 (14 bytes)   made not entrant: not used
1875 3418       3       Many::m1186 (14 bytes)
1875 3419       4       Many::m1186 (14 bytes)
1875 3418       3       Many::m1186 (14 bytes)   made not entrant: not used
1876 3420       3       Many::m1187 (14 bytes)
1876 3421       4       Many::m1187 (14 bytes)
1876 3420       3       Many::m1187 (14 bytes)   made not entrant: not used
1878 3422       3       Many::m1188 (14 bytes)
1878 3423       4       Many::m1188 (14 bytes)
1878 3422       3       Many::m1188 (14 bytes)   made not entrant: not used
1879 3424       3       Many::m1189 (14 bytes)
1879 3425       4       Many::m1189 (14 bytes)
1879 3424       3       Many::m1189 (14 bytes)   made not entrant: not used
1881 3426       3       Many::m1190 (14 bytes)
1881 3427       4       Many::m1190 (14 bytes)
1881 3426       3       Many::m1190 (14 bytes)   made not entrant: not used
1882 3428       3       Many::m1191 (14 bytes)
1882 3429       4       Many::m1191 (14 bytes)
1882 3428       3       Many::m1191 (14 bytes)   made not entrant: not used
1884 3430       3       Many::m1192 (14 bytes)
1884 3431       4       Many::m1192 (14 bytes)
1884 3430       3       Many::m1192 (14 bytes)   made not entrant: not used
1885 3432       3       Many::m1193 (14 bytes)
1885 3433       4       Many::m1193 (14 bytes)
1885 3432       3       Many::m1193 (14 bytes)   made not entrant: not used
1886 3434       3       Many::m1194 (14 bytes)
1886 3435       4       Many::m1194 (14 bytes)
1887 3434       3       Many::m1194 (14 bytes)   made not entrant: not used
1888 3436       3       Many::m1195 (14 bytes)
1888 3437       4       Many::m1195 (14 bytes)
1888 3436       3       Many::m1195 (14 bytes)   made not entrant: not used
1889 3438       3       Many::m1196 (14 bytes)
1889 3439       4       Many::m1196 (14 bytes)
1889 3438       3       Many::m1196 (14 bytes)   made not entrant: not used
1891 3440       3       Many::m1197 (14 bytes)
1891 3441       4       Many::m1197 (14 bytes)
1891 3440       3       Many::m1197 (14 bytes)   made not entrant: not used
1892 3442       3       Many::m1198 (14 bytes)
1892 3443       4       Many::m1198 (14 bytes)
1892 3442       3       Many::m1198 (14 bytes)   made not entrant: not used
1894 3444       3       Many::m1199 (14 bytes)
1894 3445       4       Many::m1199 (14 bytes)
1894 3444       3       Many::m1199 (14 bytes)   made not entrant: not used
1895 3446       3       Many::m1200 (14 bytes)
1895 3447       4       Many::m1200 (14 bytes)
1895 3446       3       Many::m1200 (14 bytes)   made not entrant: not used
1896 3448       3       Many::m1201 (14 bytes)
1897 3449       4       Many::m1201 (14 bytes)
1897 3448       3       Many::m1201 (14 bytes)   made not entrant: not used
1898 3450       3       Many::m1202 (14 bytes)
1898 3451       4       Many::m1202 (14 bytes)
1898 3450       3       Many::m1202 (14 bytes)   made not entrant: not used
1899 3452       3       Many::m1203 (14 bytes)
1899 3453       4       Many::m1203 (14 bytes)
1900 3452       3       Many::m1203 (14 bytes)   made not entrant: not used
1901 3454       3       Many::m1204 (14 bytes)
1901 3455       4       Many::m1204 (14 bytes)
1901 3454       3       Many::m1204 (14 bytes)   made not entrant: not used
1902 3456       3       Many::m1205 (14 bytes)
1902 3457       4       Many::m1205 (14 bytes)
1902 3456       3       Many::m1205 (14 bytes)   made not entrant: not used
1904 3458       3       Many::m1206 (14 bytes)
1904 3459       4       Many::m1206 (14 bytes)
1904 3458       3       Many::m1206 (14 bytes)   made not entrant: not used
1905 3460       3       Many::m1207 (14 bytes)
1905 3461       4       Many::m1207 (14 bytes)
1905 3460       3       Many::m1207 (14 bytes)   made not entrant: not used
1907 3462       3       Many::m1208 (14 bytes)
1907 3463       4       Many::m1208 (14 bytes)
1907 3462       3       Many::m1208 (14 bytes)   made not entrant: not used
1908 3464       3       Many::m1209 (14 bytes)
1908 3465       4       Many::m1209 (14 bytes)
1908 3464       3       Many::m1209 (14 bytes)   made not entrant: not used
1909 3466       3       Many::m1210 (14 bytes)
1910 3467       4       Many::m1210 (14 bytes)
1910 3466       3       Many::m1210 (14 bytes)   made not entrant: not used
1911 3468       3       Many::m1211 (14 bytes)
1911 3469       4       Many::m1211 (14 bytes)
1911 3468       3       Many::m1211 (14 bytes)   made not entrant: not used
1912 3470       3       Many::m1212 (14 bytes)
1912 3471       4       Many::m1212 (14 bytes)
1912 3470       3       Many::m1212 (14 bytes)   made not entrant: not used
1914 3472       3       Many::m1213 (14 bytes)
1914 3473       4       Many::m1213 (14 bytes)
1914 3472       3       Many::m1213 (14 bytes)   made not entrant: not used
1915 3474       3       Many::m1214 (14 bytes)
1915 3475       4       Many::m1214 (14 bytes)
1916 3474       3       Many::m1214 (14 bytes)   made not entrant: not used
1917 3476       3       Many::m1215 (14 bytes)
1917 3477       4       Many::m1215 (14 bytes)
1917 3476       3       Many::m1215 (14 bytes)   made not entrant: not used
1918 3478       3       Many::m1216 (14 bytes)
1918 3479       4       Many::m1216 (14 bytes)
1918 3478       3       Many::m1216 (14 bytes)   made not entrant: not used
1920 3480       3       Many::m1217 (14 bytes)
1920 3481       4       Many::m1217 (14 bytes)
1920 3480       3       Many::m1217 (14 bytes)   made not entrant: not used
1921 3482       3       Many::m1218 (14 bytes)
1921 3483       4       Many::m1218 (14 bytes)
1921 3482       3       Many::m1218 (14 bytes)   made not entrant: not used
1923 3484       3       Many::m1219 (14 bytes)
1923 3485       4       Many::m1219 (14 bytes)
1923 3484       3       Many::m1219 (14 bytes)   made not entrant: not used
1924 3486       3       Many::m1220 (14 bytes)
1924 3487       4       Many::m1220 (14 bytes)
1924 3486       3       Many::m1220 (14 bytes)   made not entrant: not used
1925 3488       3       Many::m1221 (14 bytes)
1926 3489       4       Many::m1221 (14 bytes)
1926 3488       3       Many::m1221 (14 bytes)   made not entrant: not used
1927 3490       3       Many::m1222 (14 bytes)
1927 3491       4       Many::m1222 (14 bytes)
1927 3490       3       Many::m1222 (14 bytes)   made not entrant: not used
1928 3492       3       Many::m1223 (14 bytes)
1928 3493       4       Many::m1223 (14 bytes)
1928 3492       3       Many::m1223 (14 bytes)   made not entrant: not used
1930 3494       3       Many::m1224 (14 bytes)
1930 3495       4       Many::m1224 (14 bytes)
1930 3494       3       Many::m1224 (14 bytes)   made not entrant: not used
1931 3496       3       Many::m1225 (14 bytes)
1931 3497       4       Many::m1225 (14 bytes)
1931 3496       3       Many::m1225 (14 bytes)   made not entrant: not used
1933 3498       3       Many::m1226 (14 bytes)
1933 3499       4       Many::m1226 (14 bytes)
1933 3498       3       Many::m1226 (14 bytes)   made not entrant: not used
1934 3500       3       Many::m1227 (14 bytes)
1934 3501       4       Many::m1227 (14 bytes)
1934 3500       3       Many::m1227 (14 bytes)   made not entrant: not used
1936 3502       3       Many::m1228 (14 bytes)
1936 3503       4       Many::m1228 (14 bytes)
1936 3502       3       Many::m1228 (14 bytes)   made not entrant: not used
1937 3504       3       Many::m1229 (14 bytes)
1937 3505       4       Many::m1229 (14 bytes)
1937 3504       3       Many::m1229 (14 bytes)   made not entrant: not used
1939 3506       3       Many::m1230 (14 bytes)
1939 3507       4       Many::m1230 (14 bytes)
1939 3506       3       Many::m1230 (14 bytes)   made not entrant: not used
1940 3508       3       Many::m1231 (14 bytes)
1940 3509       4       Many::m1231 (14 bytes)
1940 3508       3       Many::m1231 (14 bytes)   made not entrant: not used
1941 3510       3       Many::m1232 (14 bytes)
1941 3511       4       Many::m1232 (14 bytes)
1942 3510       3       Many::m1232 (14 bytes)   made not entrant: not used
1943 3512       3       Many::m1233 (14 bytes)
1943 3513       4       Many::m1233 (14 bytes)
1943 3512       3       Many::m1233 (14 bytes)   made not entrant: not used
1944 3514       3       Many::m1234 (14 bytes)
1944 3515       4       Many::m1234 (14 bytes)
1944 3514       3       Many::m1234 (14 bytes)   made not entrant: not used
1946 3516       3       Many::m1235 (14 bytes)
1946 3517       4       Many::m1235 (14 bytes)
1946 3516       3       Many::m1235 (14 bytes)   made not entrant: not used
1947 3518       3       Many::m1236 (14 bytes)
1947 3519       4       Many::m1236 (14 bytes)
1947 3518       3       Many::m1236 (14 bytes)   made not entrant: not used
1949 3520       3       Many::m1237 (14 bytes)
1949 3521       4       Many::m1237 (14 bytes)
1949 3520       3       Many::m1237 (14 bytes)   made not entrant: not used
1950 3522       3       Many::m1238 (14 bytes)
1950 3523       4       Many::m1238 (14 bytes)
1950 3522       3       Many::m1238 (14 bytes)   made not entrant: not used
1951 3524       3       Many::m1239 (14 bytes)
1952 3525       4       Many::m1239 (14 bytes)
1952 3524       3       Many::m1239 (14 bytes)   made not entrant: not used
1953 3526       3       Many::m1240 (14 bytes)
1953 3527       4       Many::m1240 (14 bytes)
1953 3526       3       Many::m1240 (14 bytes)   made not entrant: not used
1954 3528       3       Many::m1241 (14 bytes)
1954 3529       4       Many::m1241 (14 bytes)
1954 3528       3       Many::m1241 (14 bytes)   made not entrant: not used
1956 3530       3       Many::m1242 (14 bytes)
1956 3531       4       Many::m1242 (14 bytes)
1956 3530       3       Many::m1242 (14 bytes)   made not entrant: not used
1957 3532       3       Many::m1243 (14 bytes)
1957 3533       4       Many::m1243 (14 bytes)
1957 3532       3       Many::m1243 (14 bytes)   made not entrant: not used
1959 3534       3       Many::m1244 (14 bytes)
1959 3535       4       Many::m1244 (14 bytes)
1959 3534       3       Many::m1244 (14 bytes)   made not entrant: not used
1960 3536       3       Many::m1245 (14 bytes)
1960 3537       4       Many::m1245 (14 bytes)
1960 3536       3       Many::m1245 (14 bytes)   made not entrant: not used
1961 3538       3       Many::m1246 (14 bytes)
1962 3539       4       Many::m1246 (14 bytes)
1962 3538       3       Many::m1246 (14 bytes)   made not entrant: not used
1963 3540       3       Many::m1247 (14 bytes)
1963 3541       4       Many::m1247 (14 bytes)
1963 3540       3       Many::m1247 (14 bytes)   made not entrant: not used
1964 3542       3       Many::m1248 (14 bytes)
1964 3543       4       Many::m1248 (14 bytes)
1965 3542       3       Many::m1248 (14 bytes)   made not entrant: not used
1966 3544       3       Many::m1249 (14 bytes)
1966 3545       4       Many::m1249 (14 bytes)
1966 3544       3       Many::m1249 (14 bytes)   made not entrant: not used
1967 3546       3       Many::m1250 (14 bytes)
1967 3547       4       Many::m1250 (14 bytes)
1967 3546       3       Many::m1250 (14 bytes)   made not entrant: not used
1969 3548       3       Many::m1251 (14 bytes)
1969 3549       4       Many::m1251 (14 bytes)
1969 3548       3       Many::m1251 (14 bytes)   made not entrant: not used
1970 3550       3       Many::m1252 (14 bytes)
1970 3551       4       Many::m1252 (14 bytes)
1970 3550       3       Many::m1252 (14 bytes)   made not entrant: not used
1972 3552       3       Many::m1253 (14 bytes)
1972 3553       4       Many::m1253 (14 bytes)
1972 3552       3       Many::m1253 (14 bytes)   made not entrant: not used
1973 3554       3       Many::m1254 (14 bytes)
1973 3555       4       Many::m1254 (14 bytes)
1973 3554       3       Many::m1254 (14 bytes)   made not entrant: not used
1974 3556       3       Many::m1255 (14 bytes)
1975 3557       4       Many::m1255 (14 bytes)
1975 3556       3       Many::m1255 (14 bytes)   made not entrant: not used
1976 3558       3       Many::m1256 (14 bytes)
1976 3559       4       Many::m1256 (14 bytes)
1976 3558       3       Many::m1256 (14 bytes)   made not entrant: not used
1977 3560       3       Many::m1257 (14 bytes)
1977 3561       4       Many::m1257 (14 bytes)
1978 3560       3       Many::m1257 (14 bytes)   made not entrant: not used
1979 3562       3       Many::m1258 (14 bytes)
1979 3563       4       Many::m1258 (14 bytes)
1979 3562       3       Many::m1258 (14 bytes)   made not entrant: not used
1980 3564       3       Many::m1259 (14 bytes)
1980 3565       4       Many::m1259 (14 bytes)
1980 3564       3       Many::m1259 (14 bytes)   made not entrant: not used
1982 3566       3       Many::m1260 (14 bytes)
1982 3567       4       Many::m1260 (14 bytes)
1982 3566       3       Many::m1260 (14 bytes)   made not entrant: not used
1983 3568       3       Many::m1261 (14 bytes)
1983 3569       4       Many::m1261 (14 bytes)
1983 3568       3       Many::m1261 (14 bytes)   made not entrant: not used
1985 3570       3       Many::m1262 (14 bytes)
1985 3571       4       Many::m1262 (14 bytes)
1985 3570       3       Many::m1262 (14 bytes)   made not entrant: not used
1986 3572       3       Many::m1263 (14 bytes)
1986 3573       4       Many::m1263 (14 bytes)
1986 3572       3       Many::m1263 (14 bytes)   made not entrant: not used
1988 3574       3       Many::m1264 (14 bytes)
1988 3575       4       Many::m1264 (14 bytes)
1988 3574       3       Many::m1264 (14 bytes)   made not entrant: not used
1989 3576       3       Many::m1265 (14 bytes)
1989 3577       4       Many::m1265 (14 bytes)
1989 3576       3       Many::m1265 (14 bytes)   made not entrant: not used
1990 3578       3       Many::m1266 (14 bytes)
1991 3579       4       Many::m1266 (14 bytes)
1991 3578       3       Many::m1266 (14 bytes)   made not entrant: not used
1992 3580       3       Many::m1267 (14 bytes)
1992 3581       4       Many::m1267 (14 bytes)
1992 3580       3       Many::m1267 (14 bytes)   made not entrant: not used
1993 3582       3       Many::m1268 (14 bytes)
1993 3583       4       Many::m1268 (14 bytes)
1993 3582       3       Many::m1268 (14 bytes)   made not entrant: not used
1995 3584       3       Many::m1269 (14 bytes)
1995 3585       4       Many::m1269 (14 bytes)
1995 3584       3       Many::m1269 (14 bytes)   made not entrant: not used
1996 3586       3       Many::m1270 (14 bytes)
1996 3587       4       Many::m1270 (14 bytes)
1996 3586       3       Many::m1270 (14 bytes)   made not entrant: not used
1998 3588       3       Many::m1271 (14 bytes)
1998 3589       4       Many::m1271 (14 bytes)
1998 3588       3       Many::m1271 (14 bytes)   made not entrant: not used
1999 3590       3       Many::m1272 (14 bytes)
1999 3591       4       Many::m1272 (14 bytes)
1999 3590       3       Many::m1272 (14 bytes)   made not entrant: not used
2001 3592       3       Many::m1273 (14 bytes)
2001 3593       4       Many::m1273 (14 bytes)
2001 3592       3       Many::m1273 (14 bytes)   made not entrant: not used
2002 3594       3       Many::m1274 (14 bytes)
2002 3595       4       Many::m1274 (14 bytes)
2002 3594       3       Many::m1274 (14 bytes)   made not entrant: not used
2003 3596       3       Many::m1275 (14 bytes)
2003 3597       4       Many::m1275 (14 bytes)
2004 3596       3       Many::m1275 (14 bytes)   made not entrant: not used
2005 3598       3       Many::m1276 (14 bytes)
2005 3599       4       Many::m1276 (14 bytes)
2005 3598       3       Many::m1276 (14 bytes)   made not entrant: not used
2006 3600       3       Many::m1277 (14 bytes)
2006 3601       4       Many::m1277 (14 bytes)
2006 3600       3       Many::m1277 (14 bytes)   made not entrant: not used
2008 3602       3       Many::m1278 (14 bytes)
2008 3603       4       Many::m1278 (14 bytes)
2008 3602       3       Many::m1278 (14 bytes)   made not entrant: not used
2009 3604       3       Many::m1279 (14 bytes)
2009 3605       4       Many::m1279 (14 bytes)
2009 3604       3       Many::m1279 (14 bytes)   made not entrant: not used
2011 3606       3       Many::m1280 (14 bytes)
2011 3607       4       Many::m1280 (14 bytes)
2011 3606       3       Many::m1280 (14 bytes)   made not entrant: not used
2012 3608       3       Many::m1281 (14 bytes)
2012 3609       4       Many::m1281 (14 bytes)
2012 3608       3       Many::m1281 (14 bytes)   made not entrant: not used
2013 3610       3       Many::m1282 (14 bytes)
2014 3611       4       Many::m1282 (14 bytes)
2014 3610       3       Many::m1282 (14 bytes)   made not entrant: not used
2015 3612       3       Many::m1283 (14 bytes)
2015 3613       4       Many::m1283 (14 bytes)
2015 3612       3       Many::m1283 (14 bytes)   made not entrant: not used
2016 3614       3       Many::m1284 (14 bytes)
2016 3615       4       Many::m1284 (14 bytes)
2017 3614       3       Many::m1284 (14 bytes)   made not entrant: not used
2018 3616       3       Many::m1285 (14 bytes)
2018 3617       4       Many::m1285 (14 bytes)
2018 3616       3       Many::m1285 (14 bytes)   made not entrant: not used
2019 3618       3       Many::m1286 (14 bytes)
2019 3619       4       Many::m1286 (14 bytes)
2019 3618       3       Many::m1286 (14 bytes)   made not entrant: not used
2021 3620       3       Many::m1287 (14 bytes)
2021 3621       4       Many::m1287 (14 bytes)
2021 3620       3       Many::m1287 (14 bytes)   made not entrant: not used
2022 3622       3       Many::m1288 (14 bytes)
2022 3623       4       Many::m1288 (14 bytes)
2022 3622       3       Many::m1288 (14 bytes)   made not entrant: not used
2023 3624       3       Many::m1289 (14 bytes)
2024 3625       4       Many::m1289 (14 bytes)
2024 3624       3       Many::m1289 (14 bytes)   made not entrant: not used
2025 3626       3       Many::m1290 (14 bytes)
2025 3627       4       Many::m1290 (14 bytes)
2025 3626       3       Many::m1290 (14 bytes)   made not entrant: not used
2026 3628       3       Many::m1291 (14 bytes)
2026 3629       4       Many::m1291 (14 bytes)
2027 3628       3       Many::m1291 (14 bytes)   made not entrant: not used
2028 3630       3       Many::m1292 (14 bytes)
2028 3631       4       Many::m1292 (14 bytes)
2028 3630       3       Many::m1292 (14 bytes)   made not entrant: not used
2029 3632       3       Many::m1293 (14 bytes)
2029 3633       4       Many::m1293 (14 bytes)
2029 3632       3       Many::m1293 (14 bytes)   made not entrant: not used
2031 3634       3       Many::m1294 (14 bytes)
2031 3635       4       Many::m1294 (14 bytes)
2031 3634       3       Many::m1294 (14 bytes)   made not entrant: not used
2032 3636       3       Many::m1295 (14 bytes)
2032 3637       4       Many::m1295 (14 bytes)
2032 3636       3       Many::m1295 (14 bytes)   made not entrant: not used
2034 3638       3       Many::m1296 (14 bytes)
2034 3639       4       Many::m1296 (14 bytes)
2034 3638       3       Many::m1296 (14 bytes)   made not entrant: not used
2035 3640       3       Many::m1297 (14 bytes)
2035 3641       4       Many::m1297 (14 bytes)
2035 3640       3       Many::m1297 (14 bytes)   made not entrant: not used
2036 3642       3       Many::m1298 (14 bytes)
2037 3643       4       Many::m1298 (14 bytes)
2037 3642       3       Many::m1298 (14 bytes)   made not entrant: not used
2038 3644       3       Many::m1299 (14 bytes)
2038 3645       4       Many::m1299 (14 bytes)
2038 3644       3       Many::m1299 (14 bytes)   made not entrant: not used
2039 3646       3       Many::m1300 (14 bytes)
2039 3647       4       Many::m1300 (14 bytes)
2040 3646       3       Many::m1300 (14 bytes)   made not entrant: not used
2041 3648       3       Many::m1301 (14 bytes)
2041 3649       4       Many::m1301 (14 bytes)
2041 3648       3       Many::m1301 (14 bytes)   made not entrant: not used
2042 3650       3       Many::m1302 (14 bytes)
2042 3651       4       Many::m1302 (14 bytes)
2042 3650       3       Many::m1302 (14 bytes)   made not entrant: not used
2044 3652       3       Many::m1303 (14 bytes)
2044 3653       4       Many::m1303 (14 bytes)
2044 3652       3       Many::m1303 (14 bytes)   made not entrant: not used
2045 3654       3       Many::m1304 (14 bytes)
2045 3655       4       Many::m1304 (14 bytes)
2045 3654       3       Many::m1304 (14 bytes)   made not entrant: not used
2047 3656       3       Many::m1305 (14 bytes)
2047 3657       4       Many::m1305 (14 bytes)
2047 3656       3       Many::m1305 (14 bytes)   made not entrant: not used
2048 3658       3       Many::m1306 (14 bytes)
2048 3659       4       Many::m1306 (14 bytes)
2048 3658       3       Many::m1306 (14 bytes)   made not entrant: not used
2050 3660       3       Many::m1307 (14 bytes)
2050 3661       4       Many::m1307 (14 bytes)
2050 3660       3       Many::m1307 (14 bytes)   made not entrant: not used
2051 3662       3       Many::m1308 (14 bytes)
2051 3663       4       Many::m1308 (14 bytes)
2051 3662       3       Many::m1308 (14 bytes)   made not entrant: not used
2052 3664       3       Many::m1309 (14 bytes)
2053 3665       4       Many::m1309 (14 bytes)
2053 3664       3       Many::m1309 (14 bytes)   made not entrant: not used
2054 3666       3       Many::m1310 (14 bytes)
2054 3667       4       Many::m1310 (14 bytes)
2054 3666       3       Many::m1310 (14 bytes)   made not entrant: not used
2055 3668       3       Many::m1311 (14 bytes)
2055 3669       4       Many::m1311 (14 bytes)
2056 3668       3       Many::m1311 (14 bytes)   made not entrant: not used
2057 3670       3       Many::m1312 (14 bytes)
2057 3671       4       Many::m1312 (14 bytes)
2057 3670       3       Many::m1312 (14 bytes)   made not entrant: not used
2058 3672       3       Many::m1313 (14 bytes)
2058 3673       4       Many::m1313 (14 bytes)
2058 3672       3       Many::m1313 (14 bytes)   made not entrant: not used
2060 3674       3       Many::m1314 (14 bytes)
2060 3675       4       Many::m1314 (14 bytes)
2060 3674       3       Many::m1314 (14 bytes)   made not entrant: not used
2061 3676       3       Many::m1315 (14 bytes)
2061 3677       4       Many::m1315 (14 bytes)
2061 3676       3       Many::m1315 (14 bytes)   made not entrant: not used
2063 3678       3       Many::m1316 (14 bytes)
2063 3679       4       Many::m1316 (14 bytes)
2063 3678       3       Many::m1316 (14 bytes)   made not entrant: not used
2064 3680       3       Many::m1317 (14 bytes)
2064 3681       4       Many::m1317 (14 bytes)
2064 3680       3       Many::m1317 (14 bytes)   made not entrant: not used
2065 3682       3       Many::m1318 (14 bytes)
2066 3683       4       Many::m1318 (14 bytes)
2066 3682       3       Many::m1318 (14 bytes)   made not entrant: not used
2067 3684       3       Many::m1319 (14 bytes)
2067 3685       4       Many::m1319 (14 bytes)
2067 3684       3       Many::m1319 (14 bytes)   made not entrant: not used
2068 3686       3       Many::m1320 (14 bytes)
2068 3687       4       Many::m1320 (14 bytes)
2069 3686       3       Many::m1320 (14 bytes)   made not entrant: not used
2070 3688       3       Many::m1321 (14 bytes)
2070 3689       4       Many::m1321 (14 bytes)
2070 3688       3       Many::m1321 (14 bytes)   made not entrant: not used
2071 3690       3       Many::m1322 (14 bytes)
2071 3691       4       Many::m1322 (14 bytes)
2071 3690       3       Many::m1322 (14 bytes)   made not entrant: not used
2073 3692       3       Many::m1323 (14 bytes)
2073 3693       4       Many::m1323 (14 bytes)
2073 3692       3       Many::m1323 (14 bytes)   made not entrant: not used
2074 3694       3       Many::m1324 (14 bytes)
2074 3695       4       Many::m1324 (14 bytes)
2074 3694       3       Many::m1324 (14 bytes)   made not entrant: not used
2075 3696       3       Many::m1325 (14 bytes)
2075 3697       4       Many::m1325 (14 bytes)
2076 3696       3       Many::m1325 (14 bytes)   made not entrant: not used
2077 3698       3       Many::m1326 (14 bytes)
2077 3699       4       Many::m1326 (14 bytes)
2077 3698       3       Many::m1326 (14 bytes)   made not entrant: not used
2078 3700       3       Many::m1327 (14 bytes)
2078 3701       4       Many::m1327 (14 bytes)
2078 3700       3       Many::m1327 (14 bytes)   made not entrant: not used
2080 3702       3       Many::m1328 (14 bytes)
2080 3703       4       Many::m1328 (14 bytes)
2080 3702       3       Many::m1328 (14 bytes)   made not entrant: not used
2081 3704       3       Many::m1329 (14 bytes)
2081 3705       4       Many::m1329 (14 bytes)
2081 3704       3       Many::m1329 (14 bytes)   made not entrant: not used
2083 3706       3       Many::m1330 (14 bytes)
2083 3707       4       Many::m1330 (14 bytes)
2083 3706       3       Many::m1330 (14 bytes)   made not entrant: not used
2084 3708       3       Many::m1331 (14 bytes)
2084 3709       4       Many::m1331 (14 bytes)
2084 3708       3       Many::m1331 (14 bytes)   made not entrant: not used
2086 3710       3       Many::m1332 (14 bytes)
2086 3711       4       Many::m1332 (14 bytes)
2086 3710       3       Many::m1332 (14 bytes)   made not entrant: not used
2087 3712       3       Many::m1333 (14 bytes)
2087 3713       4       Many::m1333 (14 bytes)
2087 3712       3       Many::m1333 (14 bytes)   made not entrant: not used
2088 3714       3       Many::m1334 (14 bytes)
2088 3715       4       Many::m1334 (14 bytes)
2089 3714       3       Many::m1334 (14 bytes)   made not entrant: not used
2090 3716       3       Many::m1335 (14 bytes)
2090 3717       4       Many::m1335 (14 bytes)
2090 3716       3       Many::m1335 (14 bytes)   made not entrant: not used
2091 3718       3       Many::m1336 (14 bytes)
2091 3719       4       Many::m1336 (14 bytes)
2091 3718       3       Many::m1336 (14 bytes)   made not entrant: not used
2093 3720       3       Many::m1337 (14 bytes)
2093 3721       4       Many::m1337 (14 bytes)
2093 3720       3       Many::m1337 (14 bytes)   made not entrant: not used
2094 3722       3       Many::m1338 (14 bytes)
2094 3723       4       Many::m1338 (14 bytes)
2094 3722       3       Many::m1338 (14 bytes)   made not entrant: not used
2095 3724       3       Many::m1339 (14 bytes)
2096 3725       4       Many::m1339 (14 bytes)
2096 3724       3       Many::m1339 (14 bytes)   made not entrant: not used
2097 3726       3       Many::m1340 (14 bytes)
2097 3727       4       Many::m1340 (14 bytes)
2097 3726       3       Many::m1340 (14 bytes)   made not entrant: not used
2098 3728       3       Many::m1341 (14 bytes)
2099 3729       4       Many::m1341 (14 bytes)
2099 3728       3       Many::m1341 (14 bytes)   made not entrant: not used
2100 3730       3       Many::m1342 (14 bytes)
2100 3731       4       Many::m1342 (14 bytes)
2100 3730       3       Many::m1342 (14 bytes)   made not entrant: not used
2101 3732       3       Many::m1343 (14 bytes)
2101 3733       4       Many::m1343 (14 bytes)
2102 3732       3       Many::m1343 (14 bytes)   made not entrant: not used
2103 3734       3       Many::m1344 (14 bytes)
2103 3735       4       Many::m1344 (14 bytes)
2103 3734       3       Many::m1344 (14 bytes)   made not entrant: not used
2104 3736       3       Many::m1345 (14 bytes)
2104 3737       4       Many::m1345 (14 bytes)
2104 3736       3       Many::m1345 (14 bytes)   made not entrant: not used
2106 3738       3       Many::m1346 (14 bytes)
2106 3739       4       Many::m1346 (14 bytes)
2106 3738       3       Many::m1346 (14 bytes)   made not entrant: not used
2107 3740       3       Many::m1347 (14 bytes)
2107 3741       4       Many::m1347 (14 bytes)
2107 3740       3       Many::m1347 (14 bytes)   made not entrant: not used
2108 3742       3       Many::m1348 (14 bytes)
2109 3743       4       Many::m1348 (14 bytes)
2109 3742       3       Many::m1348 (14 bytes)   made not entrant: not used
2110 3744       3       Many::m1349 (14 bytes)
2110 3745       4       Many::m1349 (14 bytes)
2110 3744       3       Many::m1349 (14 bytes)   made not entrant: not used
2111 3746       3       Many::m1350 (14 bytes)
2111 3747       4       Many::m1350 (14 bytes)
2112 3746       3       Many::m1350 (14 bytes)   made not entrant: not used
2113 3748       3       Many::m1351 (14 bytes)
2113 3749       4       Many::m1351 (14 bytes)
2113 3748       3       Many::m1351 (14 bytes)   made not entrant: not used
2114 3750       3       Many::m1352 (14 bytes)
2114 3751       4       Many::m1352 (14 bytes)
2114 3750       3       Many::m1352 (14 bytes)   made not entrant: not used
2116 3752       3       Many::m1353 (14 bytes)
2116 3753       4       Many::m1353 (14 bytes)
2116 3752       3       Many::m1353 (14 bytes)   made not entrant: not used
2117 3754       3       Many::m1354 (14 bytes)
2117 3755       4       Many::m1354 (14 bytes)
2117 3754       3       Many::m1354 (14 bytes)   made not entrant: not used
2119 3756       3       Many::m1355 (14 bytes)
2119 3757       4       Many::m1355 (14 bytes)
2119 3756       3       Many::m1355 (14 bytes)   made not entrant: not used
2120 3758       3       Many::m1356 (14 bytes)
2120 3759       4       Many::m1356 (14 bytes)
2120 3758       3       Many::m1356 (14 bytes)   made not entrant: not used
2121 3760       3       Many::m1357 (14 bytes)
2122 3761       4       Many::m1357 (14 bytes)
2122 3760       3       Many::m1357 (14 bytes)   made not entrant: not used
2123 3762       3       Many::m1358 (14 bytes)
2123 3763       4       Many::m1358 (14 bytes)
2123 3762       3       Many::m1358 (14 bytes)   made not entrant: not used
2124 3764       3       Many::m1359 (14 bytes)
2124 3765       4       Many::m1359 (14 bytes)
2125 3764       3       Many::m1359 (14 bytes)   made not entrant: not used
2126 3766       3       Many::m1360 (14 bytes)
2126 3767       4       Many::m1360 (14 bytes)
2126 3766       3       Many::m1360 (14 bytes)   made not entrant: not used
2127 3768       3       Many::m1361 (14 bytes)
2127 3769       4       Many::m1361 (14 bytes)
2127 3768       3       Many::m1361 (14 bytes)   made not entrant: not used
2129 3770       3       Many::m1362 (14 bytes)
2129 3771       4       Many::m1362 (14 bytes)
2129 3770       3       Many::m1362 (14 bytes)   made not entrant: not used
2130 3772       3       Many::m1363 (14 bytes)
2130 3773       4       Many::m1363 (14 bytes)
2130 3772       3       Many::m1363 (14 bytes)   made not entrant: not used
2132 3774       3       Many::m1364 (14 bytes)
2132 3775       4       Many::m1364 (14 bytes)
2132 3774       3       Many::m1364 (14 bytes)   made not entrant: not used
2133 3776       3       Many::m1365 (14 bytes)
2133 3777       4       Many::m1365 (14 bytes)
2133 3776       3       Many::m1365 (14 bytes)   made not entrant: not used
2134 3778       3       Many::m1366 (14 bytes)
2135 3779       4       Many::m1366 (14 bytes)
2135 3778       3       Many::m1366 (14 bytes)   made not entrant: not used
2136 3780       3       Many::m1367 (14 bytes)
2136 3781       4       Many::m1367 (14 bytes)
2136 3780       3       Many::m1367 (14 bytes)   made not entrant: not used
2137 3782       3       Many::m1368 (14 bytes)
2137 3783       4       Many::m1368 (14 bytes)
2138 3782       3       Many::m1368 (14 bytes)   made not entrant: not used
2139 3784       3       Many::m1369 (14 bytes)
2139 3785       4       Many::m1369 (14 bytes)
2139 3784       3       Many::m1369 (14 bytes)   made not entrant: not used
2140 3786       3       Many::m1370 (14 bytes)
2140 3787       4       Many::m1370 (14 bytes)
2140 3786       3       Many::m1370 (14 bytes)   made not entrant: not used
2142 3788       3       Many::m1371 (14 bytes)
2142 3789       4       Many::m1371 (14 bytes)
2142 3788       3       Many::m1371 (14 bytes)   made not entrant: not used
2143 3790       3       Many::m1372 (14 bytes)
2143 3791       4       Many::m1372 (14 bytes)
2143 3790       3       Many::m1372 (14 bytes)   made not entrant: not used
2144 3792       3       Many::m1373 (14 bytes)
2145 3793       4       Many::m1373 (14 bytes)
2145 3792       3       Many::m1373 (14 bytes)   made not entrant: not used
2146 3794       3       Many::m1374 (14 bytes)
2146 3795       4       Many::m1374 (14 bytes)
2146 3794       3       Many::m1374 (14 bytes)   made not entrant: not used
2147 3796       3       Many::m1375 (14 bytes)
2147 3797       4       Many::m1375 (14 bytes)
2148 3796       3       Many::m1375 (14 bytes)   made not entrant: not used
2149 3798       3       Many::m1376 (14 bytes)
2149 3799       4       Many::m1376 (14 bytes)
2149 3798       3       Many::m1376 (14 bytes)   made not entrant: not used
2150 3800       3       Many::m1377 (14 bytes)
2150 3801       4       Many::m1377 (14 bytes)
2151 3800       3       Many::m1377 (14 bytes)   made not entrant: not used
2152 3802       3       Many::m1378 (14 bytes)
2152 3803       4       Many::m1378 (14 bytes)
2152 3802       3       Many::m1378 (14 bytes)   made not entrant: not used
2153 3804       3       Many::m1379 (14 bytes)
2153 3805       4       Many::m1379 (14 bytes)
2153 3804       3       Many::m1379 (14 bytes)   made not entrant: not used
2155 3806       3       Many::m1380 (14 bytes)
2155 3807       4       Many::m1380 (14 bytes)
2155 3806       3       Many::m1380 (14 bytes)   made not entrant: not used
2156 3808       3       Many::m1381 (14 bytes)
2156 3809       4       Many::m1381 (14 bytes)
2156 3808       3       Many::m1381 (14 bytes)   made not entrant: not used
2157 3810       3       Many::m1382 (14 bytes)
2158 3811       4       Many::m1382 (14 bytes)
2158 3810       3       Many::m1382 (14 bytes)   made not entrant: not used
2159 3812       3       Many::m1383 (14 bytes)
2159 3813       4       Many::m1383 (14 bytes)
2159 3812       3       Many::m1383 (14 bytes)   made not entrant: not used
2160 3814       3       Many::m1384 (14 bytes)
2161 3815       4       Many::m1384 (14 bytes)
2161 3814       3       Many::m1384 (14 bytes)   made not entrant: not used
2162 3816       3       Many::m1385 (14 bytes)
2162 3817       4       Many::m1385 (14 bytes)
2162 3816       3       Many::m1385 (14 bytes)   made not entrant: not used
2163 3818       3       Many::m1386 (14 bytes)
2163 3819       4       Many::m1386 (14 bytes)
2164 3818       3       Many::m1386 (14 bytes)   made not entrant: not used
2165 3820       3       Many::m1387 (14 bytes)
2165 3821       4       Many::m1387 (14 bytes)
2165 3820       3       Many::m1387 (14 bytes)   made not entrant: not used
2166 3822       3       Many::m1388 (14 bytes)
2166 3823       4       Many::m1388 (14 bytes)
2167 3822       3       Many::m1388 (14 bytes)   made not entrant: not used
2168 3824       3       Many::m1389 (14 bytes)
2168 3825       4       Many::m1389 (14 bytes)
2168 3824       3       Many::m1389 (14 bytes)   made not entrant: not used
2169 3826       3       Many::m1390 (14 bytes)
2169 3827       4       Many::m1390 (14 bytes)
2170 3826       3       Many::m1390 (14 bytes)   made not entrant: not used
2171 3828       3       Many::m1391 (14 bytes)
2171 3829       4       Many::m1391 (14 bytes)
2171 3828       3       Many::m1391 (14 bytes)   made not entrant: not used
2172 3830       3       Many::m1392 (14 bytes)
2172 3831       4       Many::m1392 (14 bytes)
2172 3830       3       Many::m1392 (14 bytes)   made not entrant: not used
2174 3832       3       Many::m1393 (14 bytes)
2174 3833       4       Many::m1393 (14 bytes)
2174 3832       3       Many::m1393 (14 bytes)   made not entrant: not used
2175 3834       3       Many::m1394 (14 bytes)
2175 3835       4       Many::m1394 (14 bytes)
2175 3834       3       Many::m1394 (14 bytes)   made not entrant: not used
2177 3836       3       Many::m1395 (14 bytes)
2177 3837       4       Many::m1395 (14 bytes)
2177 3836       3       Many::m1395 (14 bytes)   made not entrant: not used
2178 3838       3       Many::m1396 (14 bytes)
2178 3839       4       Many::m1396 (14 bytes)
2178 3838       3       Many::m1396 (14 bytes)   made not entrant: not used
2179 3840       3       Many::m1397 (14 bytes)
2180 3841       4       Many::m1397 (14 bytes)
2180 3840       3       Many::m1397 (14 bytes)   made not entrant: not used
2181 3842       3       Many::m1398 (14 bytes)
2181 3843       4       Many::m1398 (14 bytes)
2181 3842       3       Many::m1398 (14 bytes)   made not entrant: not used
2182 3844       3       Many::m1399 (14 bytes)
2183 3845       4       Many::m1399 (14 bytes)
2183 3844       3       Many::m1399 (14 bytes)   made not entrant: not used
2184 3846       3       Many::m1400 (14 bytes)
2184 3847       4       Many::m1400 (14 bytes)
2184 3846       3       Many::m1400 (14 bytes)   made not entrant: not used
2185 3848       3       Many::m1401 (14 bytes)
2185 3849       4       Many::m1401 (14 bytes)
2185 3848       3       Many::m1401 (14 bytes)   made not entrant: not used
2187 3850       3       Many::m1402 (14 bytes)
2187 3851       4       Many::m1402 (14 bytes)
2187 3850       3       Many::m1402 (14 bytes)   made not entrant: not used
2188 3852       3       Many::m1403 (14 bytes)
2188 3853       4       Many::m1403 (14 bytes)
2188 3852       3       Many::m1403 (14 bytes)   made not entrant: not used
2190 3854       3       Many::m1404 (14 bytes)
2190 3855       4       Many::m1404 (14 bytes)
2190 3854       3       Many::m1404 (14 bytes)   made not entrant: not used
2191 3856       3       Many::m1405 (14 bytes)
2191 3857       4       Many::m1405 (14 bytes)
2191 3856       3       Many::m1405 (14 bytes)   made not entrant: not used
2192 3858       3       Many::m1406 (14 bytes)
2193 3859       4       Many::m1406 (14 bytes)
2193 3858       3       Many::m1406 (14 bytes)   made not entrant: not used
2194 3860       3       Many::m1407 (14 bytes)
2194 3861       4       Many::m1407 (14 bytes)
2194 3860       3       Many::m1407 (14 bytes)   made not entrant: not used
2195 3862       3       Many::m1408 (14 bytes)
2195 3863       4       Many::m1408 (14 bytes)
2195 3862       3       Many::m1408 (14 bytes)   made not entrant: not used
2197 3864       3       Many::m1409 (14 bytes)
2197 3865       4       Many::m1409 (14 bytes)
2197 3864       3       Many::m1409 (14 bytes)   made not entrant: not used
2198 3866       3       Many::m1410 (14 bytes)
2198 3867       4       Many::m1410 (14 bytes)
2198 3866       3       Many::m1410 (14 bytes)   made not entrant: not used
2200 3868       3       Many::m1411 (14 bytes)
2200 3869       4       Many::m1411 (14 bytes)
2200 3868       3       Many::m1411 (14 bytes)   made not entrant: not used
2201 3870       3       Many::m1412 (14 bytes)
2201 3871       4       Many::m1412 (14 bytes)
2201 3870       3       Many::m1412 (14 bytes)   made not entrant: not used
2202 3872       3       Many::m1413 (14 bytes)
2203 3873       4       Many::m1413 (14 bytes)
2203 3872       3       Many::m1413 (14 bytes)   made not entrant: not used
2204 3874       3       Many::m1414 (14 bytes)
2204 3875       4       Many::m1414 (14 bytes)
2204 3874       3       Many::m1414 (14 bytes)   made not entrant: not used
2205 3876       3       Many::m1415 (14 bytes)
2205 3877       4       Many::m1415 (14 bytes)
2206 3876       3       Many::m1415 (14 bytes)   made not entrant: not used
2207 3878       3       Many::m1416 (14 bytes)
2207 3879       4       Many::m1416 (14 bytes)
2207 3878       3       Many::m1416 (14 bytes)   made not entrant: not used
2208 3880       3       Many::m1417 (14 bytes)
2208 3881       4       Many::m1417 (14 bytes)
2208 3880       3       Many::m1417 (14 bytes)   made not entrant: not used
2210 3882       3       Many::m1418 (14 bytes)
2210 3883       4       Many::m1418 (14 bytes)
2210 3882       3       Many::m1418 (14 bytes)   made not entrant: not used
2211 3884       3       Many::m1419 (14 bytes)
2211 3885       4       Many::m1419 (14 bytes)
2211 3884       3       Many::m1419 (14 bytes)   made not entrant: not used
2213 3886       3       Many::m1420 (14 bytes)
2213 3887       4       Many::m1420 (14 bytes)
2213 3886       3       Many::m1420 (14 bytes)   made not entrant: not used
2214 3888       3       Many::m1421 (14 bytes)
2214 3889       4       Many::m1421 (14 bytes)
2214 3888       3       Many::m1421 (14 bytes)   made not entrant: not used
2216 3890       3       Many::m1422 (14 bytes)
2216 3891       4       Many::m1422 (14 bytes)
2216 3890       3       Many::m1422 (14 bytes)   made not entrant: not used
2217 3892       3       Many::m1423 (14 bytes)
2217 3893       4       Many::m1423 (14 bytes)
2217 3892       3       Many::m1423 (14 bytes)   made not entrant: not used
2218 3894       3       Many::m1424 (14 bytes)
2219 3895       4       Many::m1424 (14 bytes)
2219 3894       3       Many::m1424 (14 bytes)   made not entrant: not used
2220 3896       3       Many::m1425 (14 bytes)
2220 3897       4       Many::m1425 (14 bytes)
2220 3896       3       Many::m1425 (14 bytes)   made not entrant: not used
2221 3898       3       Many::m1426 (14 bytes)
2221 3899       4       Many::m1426 (14 bytes)
2221 3898       3       Many::m1426 (14 bytes)   made not entrant: not used
2223 3900       3       Many::m1427 (14 bytes)
2223 3901       4       Many::m1427 (14 bytes)
2223 3900       3       Many::m1427 (14 bytes)   made not entrant: not used
2224 3902       3       Many::m1428 (14 bytes)
2224 3903       4       Many::m1428 (14 bytes)
2224 3902       3       Many::m1428 (14 bytes)   made not entrant: not used
2226 3904       3       Many::m1429 (14 bytes)
2226 3905       4       Many::m1429 (14 bytes)
2226 3904       3       Many::m1429 (14 bytes)   made not entrant: not used
2227 3906       3       Many::m1430 (14 bytes)
2227 3907       4       Many::m1430 (14 bytes)
2227 3906       3       Many::m1430 (14 bytes)   made not entrant: not used
2228 3908       3       Many::m1431 (14 bytes)
2228 3909       4       Many::m1431 (14 bytes)
2229 3908       3       Many::m1431 (14 bytes)   made not entrant: not used
2230 3910       3       Many::m1432 (14 bytes)
2230 3911       4       Many::m1432 (14 bytes)
2230 3910       3       Many::m1432 (14 bytes)   made not entrant: not used
2231 3912       3       Many::m1433 (14 bytes)
2231 3913       4       Many::m1433 (14 bytes)
2231 3912       3       Many::m1433 (14 bytes)   made not entrant: not used
2233 3914       3       Many::m1434 (14 bytes)
2233 3915       4       Many::m1434 (14 bytes)
2233 3914       3       Many::m1434 (14 bytes)   made not entrant: not used
2234 3916       3       Many::m1435 (14 bytes)
2234 3917       4       Many::m1435 (14 bytes)
2234 3916       3       Many::m1435 (14 bytes)   made not entrant: not used
2236 3918       3       Many::m1436 (14 bytes)
2236 3919       4       Many::m1436 (14 bytes)
2236 3918       3       Many::m1436 (14 bytes)   made not entrant: not used
2237 3920       3       Many::m1437 (14 bytes)
2237 3921       4       Many::m1437 (14 bytes)
2237 3920       3       Many::m1437 (14 bytes)   made not entrant: not used
2239 3922       3       Many::m1438 (14 bytes)
2239 3923       4       Many::m1438 (14 bytes)
2239 3922       3       Many::m1438 (14 bytes)   made not entrant: not used
2240 3924       3       Many::m1439 (14 bytes)
2240 3925       4       Many::m1439 (14 bytes)
2240 3924       3       Many::m1439 (14 bytes)   made not entrant: not used
2241 3926       3       Many::m1440 (14 bytes)
2241 3927       4       Many::m1440 (14 bytes)
2242 3926       3       Many::m1440 (14 bytes)   made not entrant: not used
2243 3928       3       Many::m1441 (14 bytes)
2243 3929       4       Many::m1441 (14 bytes)
2243 3928       3       Many::m1441 (14 bytes)   made not entrant: not used
2244 3930       3       Many::m1442 (14 bytes)
2244 3931       4       Many::m1442 (14 bytes)
2244 3930       3       Many::m1442 (14 bytes)   made not entrant: not used
2246 3932       3       Many::m1443 (14 bytes)
2246 3933       4       Many::m1443 (14 bytes)
2246 3932       3       Many::m1443 (14 bytes)   made not entrant: not used
2247 3934       3       Many::m1444 (14 bytes)
2247 3935       4       Many::m1444 (14 bytes)
2247 3934       3       Many::m1444 (14 bytes)   made not entrant: not used
2249 3936       3       Many::m1445 (14 bytes)
2249 3937       4       Many::m1445 (14 bytes)
2249 3936       3       Many::m1445 (14 bytes)   made not entrant: not used
2250 3938       3       Many::m1446 (14 bytes)
2250 3939       4       Many::m1446 (14 bytes)
2250 3938       3       Many::m1446 (14 bytes)   made not entrant: not used
2251 3940       3       Many::m1447 (14 bytes)
2252 3941       4       Many::m1447 (14 bytes)
2252 3940       3       Many::m1447 (14 bytes)   made not entrant: not used
2253 3942       3       Many::m1448 (14 bytes)
2253 3943       4       Many::m1448 (14 bytes)
2253 3942       3       Many::m1448 (14 bytes)   made not entrant: not used
2254 3944       3       Many::m1449 (14 bytes)
2254 3945       4       Many::m1449 (14 bytes)
2255 3944       3       Many::m1449 (14 bytes)   made not entrant: not used
2256 3946       3       Many::m1450 (14 bytes)
2256 3947       4       Many::m1450 (14 bytes)
2256 3946       3       Many::m1450 (14 bytes)   made not entrant: not used
2257 3948       3       Many::m1451 (14 bytes)
2257 3949       4       Many::m1451 (14 bytes)
2257 3948       3       Many::m1451 (14 bytes)   made not entrant: not used
2259 3950       3       Many::m1452 (14 bytes)
2259 3951       4       Many::m1452 (14 bytes)
2259 3950       3       Many::m1452 (14 bytes)   made not entrant: not used
2260 3952       3       Many::m1453 (14 bytes)
2260 3953       4       Many::m1453 (14 bytes)
2260 3952       3       Many::m1453 (14 bytes)   made not entrant: not used
2262 3954       3       Many::m1454 (14 bytes)
2262 3955       4       Many::m1454 (14 bytes)
2262 3954       3       Many::m1454 (14 bytes)   made not entrant: not used
2263 3956       3       Many::m1455 (14 bytes)
2263 3957       4       Many::m1455 (14 bytes)
2263 3956       3       Many::m1455 (14 bytes)   made not entrant: not used
2264 3958       3       Many::m1456 (14 bytes)
2265 3959       4       Many::m1456 (14 bytes)
2265 3958       3       Many::m1456 (14 bytes)   made not entrant: not used
2266 3960       3       Many::m1457 (14 bytes)
2266 3961       4       Many::m1457 (14 bytes)
2266 3960       3       Many::m1457 (14 bytes)   made not entrant: not used
2267 3962       3       Many::m1458 (14 bytes)
2267 3963       4       Many::m1458 (14 bytes)
2268 3962       3       Many::m1458 (14 bytes)   made not entrant: not used
2269 3964       3       Many::m1459 (14 bytes)
2269 3965       4       Many::m1459 (14 bytes)
2269 3964       3       Many::m1459 (14 bytes)   made not entrant: not used
2270 3966       3       Many::m1460 (14 bytes)
2270 3967       4       Many::m1460 (14 bytes)
2270 3966       3       Many::m1460 (14 bytes)   made not entrant: not used
2272 3968       3       Many::m1461 (14 bytes)
2272 3969       4       Many::m1461 (14 bytes)
2272 3968       3       Many::m1461 (14 bytes)   made not entrant: not used
2273 3970       3       Many::m1462 (14 bytes)
2273 3971       4       Many::m1462 (14 bytes)
2273 3970       3       Many::m1462 (14 bytes)   made not entrant: not used
2275 3972       3       Many::m1463 (14 bytes)
2275 3973       4       Many::m1463 (14 bytes)
2275 3972       3       Many::m1463 (14 bytes)   made not entrant: not used
2276 3974       3       Many::m1464 (14 bytes)
2276 3975       4       Many::m1464 (14 bytes)
2276 3974       3       Many::m1464 (14 bytes)   made not entrant: not used
2277 3976       3       Many::m1465 (14 bytes)
2278 3977       4       Many::m1465 (14 bytes)
2278 3976       3       Many::m1465 (14 bytes)   made not entrant: not used
2279 3978       3       Many::m1466 (14 bytes)
2279 3979       4       Many::m1466 (14 bytes)
2279 3978       3       Many::m1466 (14 bytes)   made not entrant: not used
2280 3980       3       Many::m1467 (14 bytes)
2280 3981       4       Many::m1467 (14 bytes)
2280 3980       3       Many::m1467 (14 bytes)   made not entrant: not used
2282 3982       3       Many::m1468 (14 bytes)
2282 3983       4       Many::m1468 (14 bytes)
2282 3982       3       Many::m1468 (14 bytes)   made not entrant: not used
2283 3984       3       Many::m1469 (14 bytes)
2283 3985       4       Many::m1469 (14 bytes)
2284 3984       3       Many::m1469 (14 bytes)   made not entrant: not used
2285 3986       3       Many::m1470 (14 bytes)
2285 3987       4       Many::m1470 (14 bytes)
2285 3986       3       Many::m1470 (14 bytes)   made not entrant: not used
2286 3988       3       Many::m1471 (14 bytes)
2286 3989       4       Many::m1471 (14 bytes)
2286 3988       3       Many::m1471 (14 bytes)   made not entrant: not used
2288 3990       3       Many::m1472 (14 bytes)
2288 3991       4       Many::m1472 (14 bytes)
2288 3990       3       Many::m1472 (14 bytes)   made not entrant: not used
2289 3992       3       Many::m1473 (14 bytes)
2289 3993       4       Many::m1473 (14 bytes)
2289 3992       3       Many::m1473 (14 bytes)   made not entrant: not used
2291 3994       3       Many::m1474 (14 bytes)
2291 3995       4       Many::m1474 (14 bytes)
2291 3994       3       Many::m1474 (14 bytes)   made not entrant: not used
2292 3996       3       Many::m1475 (14 bytes)
2292 3997       4       Many::m1475 (14 bytes)
2292 3996       3       Many::m1475 (14 bytes)   made not entrant: not used
2293 3998       3       Many::m1476 (14 bytes)
2294 3999       4       Many::m1476 (14 bytes)
2294 3998       3       Many::m1476 (14 bytes)   made not entrant: not used
2295 4000       3       Many::m1477 (14 bytes)
2295 4001       4       Many::m1477 (14 bytes)
2295 4000       3       Many::m1477 (14 bytes)   made not entrant: not used
2296 4002       3       Many::m1478 (14 bytes)
2296 4003       4       Many::m1478 (14 bytes)
2296 4002       3       Many::m1478 (14 bytes)   made not entrant: not used
2298 4004       3       Many::m1479 (14 bytes)
2298 4005       4       Many::m1479 (14 bytes)
2298 4004       3       Many::m1479 (14 bytes)   made not entrant: not used
2299 4006       3       Many::m1480 (14 bytes)
2299 4007       4       Many::m1480 (14 bytes)
2299 4006       3       Many::m1480 (14 bytes)   made not entrant: not used
2301 4008       3       Many::m1481 (14 bytes)
2301 4009       4       Many::m1481 (14 bytes)
2301 4008       3       Many::m1481 (14 bytes)   made not entrant: not used
2302 4010       3       Many::m1482 (14 bytes)
2302 4011       4       Many::m1482 (14 bytes)
2302 4010       3       Many::m1482 (14 bytes)   made not entrant: not used
2304 4012       3       Many::m1483 (14 bytes)
2304 4013       4       Many::m1483 (14 bytes)
2304 4012       3       Many::m1483 (14 bytes)   made not entrant: not used
2305 4014       3       Many::m1484 (14 bytes)
2305 4015       4       Many::m1484 (14 bytes)
2305 4014       3       Many::m1484 (14 bytes)   made not entrant: not used
2306 4016       3       Many::m1485 (14 bytes)
2306 4017       4       Many::m1485 (14 bytes)
2307 4016       3       Many::m1485 (14 bytes)   made not entrant: not used
2308 4018       3       Many::m1486 (14 bytes)
2308 4019       4       Many::m1486 (14 bytes)
2308 4018       3       Many::m1486 (14 bytes)   made not entrant: not used
2309 4020       3       Many::m1487 (14 bytes)
2309 4021       4       Many::m1487 (14 bytes)
2309 4020       3       Many::m1487 (14 bytes)   made not entrant: not used
2311 4022       3       Many::m1488 (14 bytes)
2311 4023       4       Many::m1488 (14 bytes)
2311 4022       3       Many::m1488 (14 bytes)   made not entrant: not used
2312 4024       3       Many::m1489 (14 bytes)
2312 4025       4       Many::m1489 (14 bytes)
2312 4024       3       Many::m1489 (14 bytes)   made not entrant: not used
2314 4026       3       Many::m1490 (14 bytes)
2314 4027       4       Many::m1490 (14 bytes)
2314 4026       3       Many::m1490 (14 bytes)   made not entrant: not used
2315 4028       3       Many::m1491 (14 bytes)
2315 4029       4       Many::m1491 (14 bytes)
2315 4028       3       Many::m1491 (14 bytes)   made not entrant: not used
2317 4030       3       Many::m1492 (14 bytes)
2317 4031       4       Many::m1492 (14 bytes)
2317 4030       3       Many::m1492 (14 bytes)   made not entrant: not used
2318 4032       3       Many::m1493 (14 bytes)
2318 4033       4       Many::m1493 (14 bytes)
2318 4032       3       Many::m1493 (14 bytes)   made not entrant: not used
2319 4034       3       Many::m1494 (14 bytes)
2320 4035       4       Many::m1494 (14 bytes)
2320 4034       3       Many::m1494 (14 bytes)   made not entrant: not used
2321 4036       3       Many::m1495 (14 bytes)
2321 4037       4       Many::m1495 (14 bytes)
2321 4036       3       Many::m1495 (14 bytes)   made not entrant: not used
2322 4038       3       Many::m1496 (14 bytes)
2322 4039       4       Many::m1496 (14 bytes)
2322 4038       3       Many::m1496 (14 bytes)   made not entrant: not used
2324 4040       3       Many::m1497 (14 bytes)
2324 4041       4       Many::m1497 (14 bytes)
2324 4040       3       Many::m1497 (14 bytes)   made not entrant: not used
2325 4042       3       Many::m1498 (14 bytes)
2325 4043       4       Many::m1498 (14 bytes)
2325 4042       3       Many::m1498 (14 bytes)   made not entrant: not used
2327 4044       3       Many::m1499 (14 bytes)
2327 4045       4       Many::m1499 (14 bytes)
2327 4044       3       Many::m1499 (14 bytes)   made not entrant: not used
2328 4046       3       Many::m1500 (14 bytes)
2328 4047       4       Many::m1500 (14 bytes)
2328 4046       3       Many::m1500 (14 bytes)   made not entrant: not used
2329 4048       3       Many::m1501 (14 bytes)
2330 4049       4       Many::m1501 (14 bytes)
2330 4048       3       Many::m1501 (14 bytes)   made not entrant: not used
2331 4050       3       Many::m1502 (14 bytes)
2331 4051       4       Many::m1502 (14 bytes)
2331 4050       3       Many::m1502 (14 bytes)   made not entrant: not used
2333 4052       3       Many::m1503 (14 bytes)
2333 4053       4       Many::m1503 (14 bytes)
2333 4052       3       Many::m1503 (14 bytes)   made not entrant: not used
2334 4054       3       Many::m1504 (14 bytes)
2334 4055       4       Many::m1504 (14 bytes)
2334 4054       3       Many::m1504 (14 bytes)   made not entrant: not used
2335 4056       3       Many::m1505 (14 bytes)
2336 4057       4       Many::m1505 (14 bytes)
2336 4056       3       Many::m1505 (14 bytes)   made not entrant: not used
2337 4058       3       Many::m1506 (14 bytes)
2337 4059       4       Many::m1506 (14 bytes)
2337 4058       3       Many::m1506 (14 bytes)   made not entrant: not used
2338 4060       3       Many::m1507 (14 bytes)
2338 4061       4       Many::m1507 (14 bytes)
2339 4060       3       Many::m1507 (14 bytes)   made not entrant: not used
2340 4062       3       Many::m1508 (14 bytes)
2340 4063       4       Many::m1508 (14 bytes)
2340 4062       3       Many::m1508 (14 bytes)   made not entrant: not used
2341 4064       3       Many::m1509 (14 bytes)
2341 4065       4       Many::m1509 (14 bytes)
2341 4064       3       Many::m1509 (14 bytes)   made not entrant: not used
2343 4066       3       Many::m1510 (14 bytes)
2343 4067       4       Many::m1510 (14 bytes)
2343 4066       3       Many::m1510 (14 bytes)   made not entrant: not used
2344 4068       3       Many::m1511 (14 bytes)
2344 4069       4       Many::m1511 (14 bytes)
2344 4068       3       Many::m1511 (14 bytes)   made not entrant: not used
2345 4070       3       Many::m1512 (14 bytes)
2346 4071       4       Many::m1512 (14 bytes)
2346 4070       3       Many::m1512 (14 bytes)   made not entrant: not used
2347 4072       3       Many::m1513 (14 bytes)
2347 4073       4       Many::m1513 (14 bytes)
2347 4072       3       Many::m1513 (14 bytes)   made not entrant: not used
2348 4074       3       Many::m1514 (14 bytes)
2348 4075       4       Many::m1514 (14 bytes)
2349 4074       3       Many::m1514 (14 bytes)   made not entrant: not used
2350 4076       3       Many::m1515 (14 bytes)
2350 4077       4       Many::m1515 (14 bytes)
2350 4076       3       Many::m1515 (14 bytes)   made not entrant: not used
2351 4078       3       Many::m1516 (14 bytes)
2351 4079       4       Many::m1516 (14 bytes)
2351 4078       3       Many::m1516 (14 bytes)   made not entrant: not used
2353 4080       3       Many::m1517 (14 bytes)
2353 4081       4       Many::m1517 (14 bytes)
2353 4080       3       Many::m1517 (14 bytes)   made not entrant: not used
2354 4082       3       Many::m1518 (14 bytes)
2354 4083       4       Many::m1518 (14 bytes)
2354 4082       3       Many::m1518 (14 bytes)   made not entrant: not used
2355 4084       3       Many::m1519 (14 bytes)
2356 4085       4       Many::m1519 (14 bytes)
2356 4084       3       Many::m1519 (14 bytes)   made not entrant: not used
2357 4086       3       Many::m1520 (14 bytes)
2357 4087       4       Many::m1520 (14 bytes)
2357 4086       3       Many::m1520 (14 bytes)   made not entrant: not used
2358 4088       3       Many::m1521 (14 bytes)
2358 4089       4       Many::m1521 (14 bytes)
2359 4088       3       Many::m1521 (14 bytes)   made not entrant: not used
2360 4090       3       Many::m1522 (14 bytes)
2360 4091       4       Many::m1522 (14 bytes)
2360 4090       3       Many::m1522 (14 bytes)   made not entrant: not used
2361 4092       3       Many::m1523 (14 bytes)
2361 4093       4       Many::m1523 (14 bytes)
2361 4092       3       Many::m1523 (14 bytes)   made not entrant: not used
2363 4094       3       Many::m1524 (14 bytes)
2363 4095       4       Many::m1524 (14 bytes)
2363 4094       3       Many::m1524 (14 bytes)   made not entrant: not used
2364 4096       3       Many::m1525 (14 bytes)
2364 4097       4       Many::m1525 (14 bytes)
2364 4096       3       Many::m1525 (14 bytes)   made not entrant: not used
2366 4098       3       Many::m1526 (14 bytes)
2366 4099       4       Many::m1526 (14 bytes)
2366 4098       3       Many::m1526 (14 bytes)   made not entrant: not used
2367 4100       3       Many::m1527 (14 bytes)
2367 4101       4       Many::m1527 (14 bytes)
2367 4100       3       Many::m1527 (14 bytes)   made not entrant: not used
2369 4102       3       Many::m1528 (14 bytes)
2369 4103       4       Many::m1528 (14 bytes)
2369 4102       3       Many::m1528 (14 bytes)   made not entrant: not used
2370 4104       3       Many::m1529 (14 bytes)
2370 4105       4       Many::m1529 (14 bytes)
2370 4104       3       Many::m1529 (14 bytes)   made not entrant: not used
2371 4106       3       Many::m1530 (14 bytes)
2372 4107       4       Many::m1530 (14 bytes)
2372 4106       3       Many::m1530 (14 bytes)   made not entrant: not used
2373 4108       3       Many::m1531 (14 bytes)
2373 4109       4       Many::m1531 (14 bytes)
2373 4108       3       Many::m1531 (14 bytes)   made not entrant: not used
2374 4110       3       Many::m1532 (14 bytes)
2374 4111       4       Many::m1532 (14 bytes)
2374 4110       3       Many::m1532 (14 bytes)   made not entrant: not used
2376 4112       3       Many::m1533 (14 bytes)
2376 4113       4       Many::m1533 (14 bytes)
2376 4112       3       Many::m1533 (14 bytes)   made not entrant: not used
2377 4114       3       Many::m1534 (14 bytes)
2377 4115       4       Many::m1534 (14 bytes)
2377 4114       3       Many::m1534 (14 bytes)   made not entrant: not used
2379 4116       3       Many::m1535 (14 bytes)
2379 4117       4       Many::m1535 (14 bytes)
2379 4116       3       Many::m1535 (14 bytes)   made not entrant: not used
2380 4118       3       Many::m1536 (14 bytes)
2380 4119       4       Many::m1536 (14 bytes)
2380 4118       3       Many::m1536 (14 bytes)   made not entrant: not used
2382 4120       3       Many::m1537 (14 bytes)
2382 4121       4       Many::m1537 (14 bytes)
2382 4120       3       Many::m1537 (14 bytes)   made not entrant: not used
2383 4122       3       Many::m1538 (14 bytes)
2383 4123       4       Many::m1538 (14 bytes)
2383 4122       3       Many::m1538 (14 bytes)   made not entrant: not used
2385 4124       3       Many::m1539 (14 bytes)
2385 4125       4       Many::m1539 (14 bytes)
2385 4124       3       Many::m1539 (14 bytes)   made not entrant: not used
2386 4126       3       Many::m1540 (14 bytes)
2386 4127       4       Many::m1540 (14 bytes)
2386 4126       3       Many::m1540 (14 bytes)   made not entrant: not used
2387 4128       3       Many::m1541 (14 bytes)
2388 4129       4       Many::m1541 (14 bytes)
2388 4128       3       Many::m1541 (14 bytes)   made not entrant: not used
2389 4130       3       Many::m1542 (14 bytes)
2389 4131       4       Many::m1542 (14 bytes)
2389 4130       3       Many::m1542 (14 bytes)   made not entrant: not used
2390 4132       3       Many::m1543 (14 bytes)
2390 4133       4       Many::m1543 (14 bytes)
2390 4132       3       Many::m1543 (14 bytes)   made not entrant: not used
2392 4134       3       Many::m1544 (14 bytes)
2392 4135       4       Many::m1544 (14 bytes)
2392 4134       3       Many::m1544 (14 bytes)   made not entrant: not used
2393 4136       3       Many::m1545 (14 bytes)
2393 4137       4       Many::m1545 (14 bytes)
2393 4136       3       Many::m1545 (14 bytes)   made not entrant: not used
2395 4138       3       Many::m1546 (14 bytes)
2395 4139       4       Many::m1546 (14 bytes)
2395 4138       3       Many::m1546 (14 bytes)   made not entrant: not used
2396 4140       3       Many::m1547 (14 bytes)
2396 4141       4       Many::m1547 (14 bytes)
2396 4140       3       Many::m1547 (14 bytes)   made not entrant: not used
2397 4142       3       Many::m1548 (14 bytes)
2398 4143       4       Many::m1548 (14 bytes)
2398 4142       3       Many::m1548 (14 bytes)   made not entrant: not used
2399 4144       3       Many::m1549 (14 bytes)
2399 4145       4       Many::m1549 (14 bytes)
2399 4144       3       Many::m1549 (14 bytes)   made not entrant: not used
2400 4146       3       Many::m1550 (14 bytes)
2401 4147       4       Many::m1550 (14 bytes)
2401 4146       3       Many::m1550 (14 bytes)   made not entrant: not used
2402 4148       3       Many::m1551 (14 bytes)
2402 4149       4       Many::m1551 (14 bytes)
2402 4148       3       Many::m1551 (14 bytes)   made not entrant: not used
2403 4150       3       Many::m1552 (14 bytes)
2403 4151       4       Many::m1552 (14 bytes)
2403 4150       3       Many::m1552 (14 bytes)   made not entrant: not used
2405 4152       3       Many::m1553 (14 bytes)
2405 4153       4       Many::m1553 (14 bytes)
2405 4152       3       Many::m1553 (14 bytes)   made not entrant: not used
2406 4154       3       Many::m1554 (14 bytes)
2406 4155       4       Many::m1554 (14 bytes)
2406 4154       3       Many::m1554 (14 bytes)   made not entrant: not used
2408 4156       3       Many::m1555 (14 bytes)
2408 4157       4       Many::m1555 (14 bytes)
2408 4156       3       Many::m1555 (14 bytes)   made not entrant: not used
2409 4158       3       Many::m1556 (14 bytes)
2409 4159       4       Many::m1556 (14 bytes)
2409 4158       3       Many::m1556 (14 bytes)   made not entrant: not used
2411 4160       3       Many::m1557 (14 bytes)
2411 4161       4       Many::m1557 (14 bytes)
2411 4160       3       Many::m1557 (14 bytes)   made not entrant: not used
2412 4162       3       Many::m1558 (14 bytes)
2412 4163       4       Many::m1558 (14 bytes)
2412 4162       3       Many::m1558 (14 bytes)   made not entrant: not used
2413 4164       3       Many::m1559 (14 bytes)
2414 4165       4       Many::m1559 (14 bytes)
2414 4164       3       Many::m1559 (14 bytes)   made not entrant: not used
2415 4166       3       Many::m1560 (14 bytes)
2415 4167       4       Many::m1560 (14 bytes)
2415 4166       3       Many::m1560 (14 bytes)   made not entrant: not used
2417 4168       3       Many::m1561 (14 bytes)
2417 4169       4       Many::m1561 (14 bytes)
2417 4168       3       Many::m1561 (14 bytes)   made not entrant: not used
2418 4170       3       Many::m1562 (14 bytes)
2418 4171       4       Many::m1562 (14 bytes)
2418 4170       3       Many::m1562 (14 bytes)   made not entrant: not used
2419 4172       3       Many::m1563 (14 bytes)
2419 4173       4       Many::m1563 (14 bytes)
2420 4172       3       Many::m1563 (14 bytes)   made not entrant: not used
2421 4174       3       Many::m1564 (14 bytes)
2421 4175       4       Many::m1564 (14 bytes)
2421 4174       3       Many::m1564 (14 bytes)   made not entrant: not used
2422 4176       3       Many::m1565 (14 bytes)
2422 4177       4       Many::m1565 (14 bytes)
2422 4176       3       Many::m1565 (14 bytes)   made not entrant: not used
2424 4178       3       Many::m1566 (14 bytes)
2424 4179       4       Many::m1566 (14 bytes)
2424 4178       3       Many::m1566 (14 bytes)   made not entrant: not used
2425 4180       3       Many::m1567 (14 bytes)
2425 4181       4       Many::m1567 (14 bytes)
2425 4180       3       Many::m1567 (14 bytes)   made not entrant: not used
2426 4182       3       Many::m1568 (14 bytes)
2427 4183       4       Many::m1568 (14 bytes)
2427 4182       3       Many::m1568 (14 bytes)   made not entrant: not used
2428 4184       3       Many::m1569 (14 bytes)
2428 4185       4       Many::m1569 (14 bytes)
2428 4184       3       Many::m1569 (14 bytes)   made not entrant: not used
2429 4186       3       Many::m1570 (14 bytes)
2429 4187       4       Many::m1570 (14 bytes)
2430 4186       3       Many::m1570 (14 bytes)   made not entrant: not used
2431 4188       3       Many::m1571 (14 bytes)
2431 4189       4       Many::m1571 (14 bytes)
2431 4188       3       Many::m1571 (14 bytes)   made not entrant: not used
2432 4190       3       Many::m1572 (14 bytes)
2432 4191       4       Many::m1572 (14 bytes)
2433 4190       3       Many::m1572 (14 bytes)   made not entrant: not used
2434 4192       3       Many::m1573 (14 bytes)
2434 4193       4       Many::m1573 (14 bytes)
2434 4192       3       Many::m1573 (14 bytes)   made not entrant: not used
2435 4194       3       Many::m1574 (14 bytes)
2435 4195       4       Many::m1574 (14 bytes)
2435 4194       3       Many::m1574 (14 bytes)   made not entrant: not used
2437 4196       3       Many::m1575 (14 bytes)
2437 4197       4       Many::m1575 (14 bytes)
2437 4196       3       Many::m1575 (14 bytes)   made not entrant: not used
2438 4198       3       Many::m1576 (14 bytes)
2438 4199       4       Many::m1576 (14 bytes)
2438 4198       3       Many::m1576 (14 bytes)   made not entrant: not used
2440 4200       3       Many::m1577 (14 bytes)
2440 4201       4       Many::m1577 (14 bytes)
2440 4200       3       Many::m1577 (14 bytes)   made not entrant: not used
2441 4202       3       Many::m1578 (14 bytes)
2441 4203       4       Many::m1578 (14 bytes)
2441 4202       3       Many::m1578 (14 bytes)   made not entrant: not used
2442 4204       3       Many::m1579 (14 bytes)
2442 4205       4       Many::m1579 (14 bytes)
2443 4204       3       Many::m1579 (14 bytes)   made not entrant: not used
2444 4206       3       Many::m1580 (14 bytes)
2444 4207       4       Many::m1580 (14 bytes)
2444 4206       3       Many::m1580 (14 bytes)   made not entrant: not used
2445 4208       3       Many::m1581 (14 bytes)
2445 4209       4       Many::m1581 (14 bytes)
2445 4208       3       Many::m1581 (14 bytes)   made not entrant: not used
2447 4210       3       Many::m1582 (14 bytes)
2447 4211       4       Many::m1582 (14 bytes)
2447 4210       3       Many::m1582 (14 bytes)   made not entrant: not used
2448 4212       3       Many::m1583 (14 bytes)
2448 4213       4       Many::m1583 (14 bytes)
2448 4212       3       Many::m1583 (14 bytes)   made not entrant: not used
2450 4214       3       Many::m1584 (14 bytes)
2450 4215       4       Many::m1584 (14 bytes)
2450 4214       3       Many::m1584 (14 bytes)   made not entrant: not used
2451 4216       3       Many::m1585 (14 bytes)
2451 4217       4       Many::m1585 (14 bytes)
2451 4216       3       Many::m1585 (14 bytes)   made not entrant: not used
2453 4218       3       Many::m1586 (14 bytes)
2453 4219       4       Many::m1586 (14 bytes)
2453 4218       3       Many::m1586 (14 bytes)   made not entrant: not used
2454 4220       3       Many::m1587 (14 bytes)
2454 4221       4       Many::m1587 (14 bytes)
2454 4220       3       Many::m1587 (14 bytes)   made not entrant: not used
2455 4222       3       Many::m1588 (14 bytes)
2456 4223       4       Many::m1588 (14 bytes)
2456 4222       3       Many::m1588 (14 bytes)   made not entrant: not used
2457 4224       3       Many::m1589 (14 bytes)
2457 4225       4       Many::m1589 (14 bytes)
2457 4224       3       Many::m1589 (14 bytes)   made not entrant: not used
2458 4226       3       Many::m1590 (14 bytes)
2458 4227       4       Many::m1590 (14 bytes)
2458 4226       3       Many::m1590 (14 bytes)   made not entrant: not used
2460 4228       3       Many::m1591 (14 bytes)
2460 4229       4       Many::m1591 (14 bytes)
2460 4228       3       Many::m1591 (14 bytes)   made not entrant: not used
2461 4230       3       Many::m1592 (14 bytes)
2461 4231       4       Many::m1592 (14 bytes)
2461 4230       3       Many::m1592 (14 bytes)   made not entrant: not used
2463 4232       3       Many::m1593 (14 bytes)
2463 4233       4       Many::m1593 (14 bytes)
2463 4232       3       Many::m1593 (14 bytes)   made not entrant: not used
2464 4234       3       Many::m1594 (14 bytes)
2464 4235       4       Many::m1594 (14 bytes)
2464 4234       3       Many::m1594 (14 bytes)   made not entrant: not used
2466 4236       3       Many::m1595 (14 bytes)
2466 4237       4       Many::m1595 (14 bytes)
2466 4236       3       Many::m1595 (14 bytes)   made not entrant: not used
2467 4238       3       Many::m1596 (14 bytes)
2467 4239       4       Many::m1596 (14 bytes)
2467 4238       3       Many::m1596 (14 bytes)   made not entrant: not used
2468 4240       3       Many::m1597 (14 bytes)
2468 4241       4       Many::m1597 (14 bytes)
2469 4240       3       Many::m1597 (14 bytes)   made not entrant: not used
2470 4242       3       Many::m1598 (14 bytes)
2470 4243       4       Many::m1598 (14 bytes)
2470 4242       3       Many::m1598 (14 bytes)   made not entrant: not used
2471 4244       3       Many::m1599 (14 bytes)
2471 4245       4       Many::m1599 (14 bytes)
2471 4244       3       Many::m1599 (14 bytes)   made not entrant: not used
2473 4246       3       Many::m1600 (14 bytes)
2473 4247       4       Many::m1600 (14 bytes)
2473 4246       3       Many::m1600 (14 bytes)   made not entrant: not used
2474 4248       3       Many::m1601 (14 bytes)
2474 4249       4       Many::m1601 (14 bytes)
2474 4248       3       Many::m1601 (14 bytes)   made not entrant: not used
2476 4250       3       Many::m1602 (14 bytes)
2476 4251       4       Many::m1602 (14 bytes)
2476 4250       3       Many::m1602 (14 bytes)   made not entrant: not used
2477 4252       3       Many::m1603 (14 bytes)
2477 4253       4       Many::m1603 (14 bytes)
2477 4252       3       Many::m1603 (14 bytes)   made not entrant: not used
2478 4254       3       Many::m1604 (14 bytes)
2479 4255       4       Many::m1604 (14 bytes)
2479 4254       3       Many::m1604 (14 bytes)   made not entrant: not used
2480 4256       3       Many::m1605 (14 bytes)
2480 4257       4       Many::m1605 (14 bytes)
2480 4256       3       Many::m1605 (14 bytes)   made not entrant: not used
2481 4258       3       Many::m1606 (14 bytes)
2482 4259       4       Many::m1606 (14 bytes)
2482 4258       3       Many::m1606 (14 bytes)   made not entrant: not used
2483 4260       3       Many::m1607 (14 bytes)
2483 4261       4       Many::m1607 (14 bytes)
2483 4260       3       Many::m1607 (14 bytes)   made not entrant: not used
2484 4262       3       Many::m1608 (14 bytes)
2484 4263       4       Many::m1608 (14 bytes)
2484 4262       3       Many::m1608 (14 bytes)   made not entrant: not used
2486 4264       3       Many::m1609 (14 bytes)
2486 4265       4       Many::m1609 (14 bytes)
2486 4264       3       Many::m1609 (14 bytes)   made not entrant: not used
2487 4266       3       Many::m1610 (14 bytes)
2487 4267       4       Many::m1610 (14 bytes)
2487 4266       3       Many::m1610 (14 bytes)   made not entrant: not used
2489 4268       3       Many::m1611 (14 bytes)
2489 4269       4       Many::m1611 (14 bytes)
2489 4268       3       Many::m1611 (14 bytes)   made not entrant: not used
2490 4270       3       Many::m1612 (14 bytes)
2490 4271       4       Many::m1612 (14 bytes)
2490 4270       3       Many::m1612 (14 bytes)   made not entrant: not used
2491 4272       3       Many::m1613 (14 bytes)
2492 4273       4       Many::m1613 (14 bytes)
2492 4272       3       Many::m1613 (14 bytes)   made not entrant: not used
2493 4274       3       Many::m1614 (14 bytes)
2493 4275       4       Many::m1614 (14 bytes)
2493 4274       3       Many::m1614 (14 bytes)   made not entrant: not used
2494 4276       3       Many::m1615 (14 bytes)
2494 4277       4       Many::m1615 (14 bytes)
2494 4276       3       Many::m1615 (14 bytes)   made not entrant: not used
2496 4278       3       Many::m1616 (14 bytes)
2496 4279       4       Many::m1616 (14 bytes)
2496 4278       3       Many::m1616 (14 bytes)   made not entrant: not used
2497 4280       3       Many::m1617 (14 bytes)
2497 4281       4       Many::m1617 (14 bytes)
2497 4280       3       Many::m1617 (14 bytes)   made not entrant: not used
2499 4282       3       Many::m1618 (14 bytes)
2499 4283       4       Many::m1618 (14 bytes)
2499 4282       3       Many::m1618 (14 bytes)   made not entrant: not used
2500 4284       3       Many::m1619 (14 bytes)
2500 4285       4       Many::m1619 (14 bytes)
2500 4284       3       Many::m1619 (14 bytes)   made not entrant: not used
2501 4286       3       Many::m1620 (14 bytes)
2502 4287       4       Many::m1620 (14 bytes)
2502 4286       3       Many::m1620 (14 bytes)   made not entrant: not used
2503 4288       3       Many::m1621 (14 bytes)
2503 4289       4       Many::m1621 (14 bytes)
2503 4288       3       Many::m1621 (14 bytes)   made not entrant: not used
2504 4290       3       Many::m1622 (14 bytes)
2505 4291       4       Many::m1622 (14 bytes)
2505 4290       3       Many::m1622 (14 bytes)   made not entrant: not used
2506 4292       3       Many::m1623 (14 bytes)
2506 4293       4       Many::m1623 (14 bytes)
2506 4292       3       Many::m1623 (14 bytes)   made not entrant: not used
2507 4294       3       Many::m1624 (14 bytes)
2507 4295       4       Many::m1624 (14 bytes)
2507 4294       3       Many::m1624 (14 bytes)   made not entrant: not used
2509 4296       3       Many::m1625 (14 bytes)
2509 4297       4       Many::m1625 (14 bytes)
2509 4296       3       Many::m1625 (14 bytes)   made not entrant: not used
2510 4298       3       Many::m1626 (14 bytes)
2510 4299       4       Many::m1626 (14 bytes)
2510 4298       3       Many::m1626 (14 bytes)   made not entrant: not used
2512 4300       3       Many::m1627 (14 bytes)
2512 4301       4       Many::m1627 (14 bytes)
2512 4300       3       Many::m1627 (14 bytes)   made not entrant: not used
2513 4302       3       Many::m1628 (14 bytes)
2513 4303       4       Many::m1628 (14 bytes)
2513 4302       3       Many::m1628 (14 bytes)   made not entrant: not used
2514 4304       3       Many::m1629 (14 bytes)
2515 4305       4       Many::m1629 (14 bytes)
2515 4304       3       Many::m1629 (14 bytes)   made not entrant: not used
2516 4306       3       Many::m1630 (14 bytes)
2516 4307       4       Many::m1630 (14 bytes)
2516 4306       3       Many::m1630 (14 bytes)   made not entrant: not used
2517 4308       3       Many::m1631 (14 bytes)
2517 4309       4       Many::m1631 (14 bytes)
2518 4308       3       Many::m1631 (14 bytes)   made not entrant: not used
2519 4310       3       Many::m1632 (14 bytes)
2519 4311       4       Many::m1632 (14 bytes)
2519 4310       3       Many::m1632 (14 bytes)   made not entrant: not used
2520 4312       3       Many::m1633 (14 bytes)
2520 4313       4       Many::m1633 (14 bytes)
2520 4312       3       Many::m1633 (14 bytes)   made not entrant: not used
2522 4314       3       Many::m1634 (14 bytes)
2522 4315       4       Many::m1634 (14 bytes)
2522 4314       3       Many::m1634 (14 bytes)   made not entrant: not used
2523 4316       3       Many::m1635 (14 bytes)
2523 4317       4       Many::m1635 (14 bytes)
2523 4316       3       Many::m1635 (14 bytes)   made not entrant: not used
2525 4318       3       Many::m1636 (14 bytes)
2525 4319       4       Many::m1636 (14 bytes)
2525 4318       3       Many::m1636 (14 bytes)   made not entrant: not used
2526 4320       3       Many::m1637 (14 bytes)
2526 4321       4       Many::m1637 (14 bytes)
2526 4320       3       Many::m1637 (14 bytes)   made not entrant: not used
2527 4322       3       Many::m1638 (14 bytes)
2528 4323       4       Many::m1638 (14 bytes)
2528 4322       3       Many::m1638 (14 bytes)   made not entrant: not used
2529 4324       3       Many::m1639 (14 bytes)
2529 4325       4       Many::m1639 (14 bytes)
2529 4324       3       Many::m1639 (14 bytes)   made not entrant: not used
2530 4326       3       Many::m1640 (14 bytes)
2530 4327       4       Many::m1640 (14 bytes)
2531 4326       3       Many::m1640 (14 bytes)   made not entrant: not used
2532 4328       3       Many::m1641 (14 bytes)
2532 4329       4       Many::m1641 (14 bytes)
2532 4328       3       Many::m1641 (14 bytes)   made not entrant: not used
2533 4330       3       Many::m1642 (14 bytes)
2533 4331       4       Many::m1642 (14 bytes)
2533 4330       3       Many::m1642 (14 bytes)   made not entrant: not used
2535 4332       3       Many::m1643 (14 bytes)
2535 4333       4       Many::m1643 (14 bytes)
2535 4332       3       Many::m1643 (14 bytes)   made not entrant: not used
2536 4334       3       Many::m1644 (14 bytes)
2536 4335       4       Many::m1644 (14 bytes)
2536 4334       3       Many::m1644 (14 bytes)   made not entrant: not used
2538 4336       3       Many::m1645 (14 bytes)
2538 4337       4       Many::m1645 (14 bytes)
2538 4336       3       Many::m1645 (14 bytes)   made not entrant: not used
2539 4338       3       Many::m1646 (14 bytes)
2539 4339       4       Many::m1646 (14 bytes)
2539 4338       3       Many::m1646 (14 bytes)   made not entrant: not used
2540 4340       3       Many::m1647 (14 bytes)
2541 4341       4       Many::m1647 (14 bytes)
2541 4340       3       Many::m1647 (14 bytes)   made not entrant: not used
2542 4342       3       Many::m1648 (14 bytes)
2542 4343       4       Many::m1648 (14 bytes)
2542 4342       3       Many::m1648 (14 bytes)   made not entrant: not used
2543 4344       3       Many::m1649 (14 bytes)
2543 4345       4       Many::m1649 (14 bytes)
2543 4344       3       Many::m1649 (14 bytes)   made not entrant: not used
2545 4346       3       Many::m1650 (14 bytes)
2545 4347       4       Many::m1650 (14 bytes)
2545 4346       3       Many::m1650 (14 bytes)   made not entrant: not used
2546 4348       3       Many::m1651 (14 bytes)
2546 4349       4       Many::m1651 (14 bytes)
2546 4348       3       Many::m1651 (14 bytes)   made not entrant: not used
2548 4350       3       Many::m1652 (14 bytes)
2548 4351       4       Many::m1652 (14 bytes)
2548 4350       3       Many::m1652 (14 bytes)   made not entrant: not used
2549 4352       3       Many::m1653 (14 bytes)
2549 4353       4       Many::m1653 (14 bytes)
2549 4352       3       Many::m1653 (14 bytes)   made not entrant: not used
2551 4354       3       Many::m1654 (14 bytes)
2551 4355       4       Many::m1654 (14 bytes)
2551 4354       3       Many::m1654 (14 bytes)   made not entrant: not used
2552 4356       3       Many::m1655 (14 bytes)
2552 4357       4       Many::m1655 (14 bytes)
2552 4356       3       Many::m1655 (14 bytes)   made not entrant: not used
2553 4358       3       Many::m1656 (14 bytes)
2554 4359       4       Many::m1656 (14 bytes)
2554 4358       3       Many::m1656 (14 bytes)   made not entrant: not used
2555 4360       3       Many::m1657 (14 bytes)
2555 4361       4       Many::m1657 (14 bytes)
2555 4360       3       Many::m1657 (14 bytes)   made not entrant: not used
2556 4362       3       Many::m1658 (14 bytes)
2556 4363       4       Many::m1658 (14 bytes)
2556 4362       3       Many::m1658 (14 bytes)   made not entrant: not used
2558 4364       3       Many::m1659 (14 bytes)
2558 4365       4       Many::m1659 (14 bytes)
2558 4364       3       Many::m1659 (14 bytes)   made not entrant: not used
2559 4366       3       Many::m1660 (14 bytes)
2559 4367       4       Many::m1660 (14 bytes)
2559 4366       3       Many::m1660 (14 bytes)   made not entrant: not used
2561 4368       3       Many::m1661 (14 bytes)
2561 4369       4       Many::m1661 (14 bytes)
2561 4368       3       Many::m1661 (14 bytes)   made not entrant: not used
2562 4370       3       Many::m1662 (14 bytes)
2562 4371       4       Many::m1662 (14 bytes)
2562 4370       3       Many::m1662 (14 bytes)   made not entrant: not used
2563 4372       3       Many::m1663 (14 bytes)
2563 4373       4       Many::m1663 (14 bytes)
2564 4372       3       Many::m1663 (14 bytes)   made not entrant: not used
2565 4374       3       Many::m1664 (14 bytes)
2565 4375       4       Many::m1664 (14 bytes)
2565 4374       3       Many::m1664 (14 bytes)   made not entrant: not used
2566 4376       3       Many::m1665 (14 bytes)
2566 4377       4       Many::m1665 (14 bytes)
2566 4376       3       Many::m1665 (14 bytes)   made not entrant: not used
2568 4378       3       Many::m1666 (14 bytes)
2568 4379       4       Many::m1666 (14 bytes)
2568 4378       3       Many::m1666 (14 bytes)   made not entrant: not used
2569 4380       3       Many::m1667 (14 bytes)
2569 4381       4       Many::m1667 (14 bytes)
2569 4380       3       Many::m1667 (14 bytes)   made not entrant: not used
2571 4382       3       Many::m1668 (14 bytes)
2571 4383       4       Many::m1668 (14 bytes)
2571 4382       3       Many::m1668 (14 bytes)   made not entrant: not used
2572 4384       3       Many::m1669 (14 bytes)
2572 4385       4       Many::m1669 (14 bytes)
2572 4384       3       Many::m1669 (14 bytes)   made not entrant: not used
2573 4386       3       Many::m1670 (14 bytes)
2574 4387       4       Many::m1670 (14 bytes)
2574 4386       3       Many::m1670 (14 bytes)   made not entrant: not used
2575 4388       3       Many::m1671 (14 bytes)
2575 4389       4       Many::m1671 (14 bytes)
2575 4388       3       Many::m1671 (14 bytes)   made not entrant: not used
2576 4390       3       Many::m1672 (14 bytes)
2576 4391       4       Many::m1672 (14 bytes)
2577 4390       3       Many::m1672 (14 bytes)   made not entrant: not used
2578 4392       3       Many::m1673 (14 bytes)
2578 4393       4       Many::m1673 (14 bytes)
2578 4392       3       Many::m1673 (14 bytes)   made not entrant: not used
2579 4394       3       Many::m1674 (14 bytes)
2579 4395       4       Many::m1674 (14 bytes)
2579 4394       3       Many::m1674 (14 bytes)   made not entrant: not used
2581 4396       3       Many::m1675 (14 bytes)
2581 4397       4       Many::m1675 (14 bytes)
2581 4396       3       Many::m1675 (14 bytes)   made not entrant: not used
2582 4398       3       Many::m1676 (14 bytes)
2582 4399       4       Many::m1676 (14 bytes)
2582 4398       3       Many::m1676 (14 bytes)   made not entrant: not used
2584 4400       3       Many::m1677 (14 bytes)
2584 4401       4       Many::m1677 (14 bytes)
2584 4400       3       Many::m1677 (14 bytes)   made not entrant: not used
2585 4402       3       Many::m1678 (14 bytes)
2585 4403       4       Many::m1678 (14 bytes)
2585 4402       3       Many::m1678 (14 bytes)   made not entrant: not used
2586 4404       3       Many::m1679 (14 bytes)
2587 4405       4       Many::m1679 (14 bytes)
2587 4404       3       Many::m1679 (14 bytes)   made not entrant: not used
2588 4406       3       Many::m1680 (14 bytes)
2588 4407       4       Many::m1680 (14 bytes)
2588 4406       3       Many::m1680 (14 bytes)   made not entrant: not used
2589 4408       3       Many::m1681 (14 bytes)
2589 4409       4       Many::m1681 (14 bytes)
2590 4408       3       Many::m1681 (14 bytes)   made not entrant: not used
2591 4410       3       Many::m1682 (14 bytes)
2591 4411       4       Many::m1682 (14 bytes)
2591 4410       3       Many::m1682 (14 bytes)   made not entrant: not used
2592 4412       3       Many::m1683 (14 bytes)
2592 4413       4       Many::m1683 (14 bytes)
2592 4412       3       Many::m1683 (14 bytes)   made not entrant: not used
2594 4414       3       Many::m1684 (14 bytes)
2594 4415       4       Many::m1684 (14 bytes)
2594 4414       3       Many::m1684 (14 bytes)   made not entrant: not used
2595 4416       3       Many::m1685 (14 bytes)
2595 4417       4       Many::m1685 (14 bytes)
2595 4416       3       Many::m1685 (14 bytes)   made not entrant: not used
2597 4418       3       Many::m1686 (14 bytes)
2597 4419       4       Many::m1686 (14 bytes)
2597 4418       3       Many::m1686 (14 bytes)   made not entrant: not used
2598 4420       3       Many::m1687 (14 bytes)
2598 4421       4       Many::m1687 (14 bytes)
2598 4420       3       Many::m1687 (14 bytes)   made not entrant: not used
2600 4422       3       Many::m1688 (14 bytes)
2600 4423       4       Many::m1688 (14 bytes)
2600 4422       3       Many::m1688 (14 bytes)   made not entrant: not used
2601 4424       3       Many::m1689 (14 bytes)
2601 4425       4       Many::m1689 (14 bytes)
2601 4424       3       Many::m1689 (14 bytes)   made not entrant: not used
2602 4426       3       Many::m1690 (14 bytes)
2603 4427       4       Many::m1690 (14 bytes)
2603 4426       3       Many::m1690 (14 bytes)   made not entrant: not used
2604 4428       3       Many::m1691 (14 bytes)
2604 4429       4       Many::m1691 (14 bytes)
2604 4428       3       Many::m1691 (14 bytes)   made not entrant: not used
2605 4430       3       Many::m1692 (14 bytes)
2605 4431       4       Many::m1692 (14 bytes)
2606 4430       3       Many::m1692 (14 bytes)   made not entrant: not used
2607 4432       3       Many::m1693 (14 bytes)
2607 4433       4       Many::m1693 (14 bytes)
2607 4432       3       Many::m1693 (14 bytes)   made not entrant: not used
2608 4434       3       Many::m1694 (14 bytes)
2608 4435       4       Many::m1694 (14 bytes)
2608 4434       3       Many::m1694 (14 bytes)   made not entrant: not used
2610 4436       3       Many::m1695 (14 bytes)
2610 4437       4       Many::m1695 (14 bytes)
2610 4436       3       Many::m1695 (14 bytes)   made not entrant: not used
2611 4438       3       Many::m1696 (14 bytes)
2611 4439       4       Many::m1696 (14 bytes)
2611 4438       3       Many::m1696 (14 bytes)   made not entrant: not used
2612 4440       3       Many::m1697 (14 bytes)
2613 4441       4       Many::m1697 (14 bytes)
2613 4440       3       Many::m1697 (14 bytes)   made not entrant: not used
2614 4442       3       Many::m1698 (14 bytes)
2614 4443       4       Many::m1698 (14 bytes)
2614 4442       3       Many::m1698 (14 bytes)   made not entrant: not used
2615 4444       3       Many::m1699 (14 bytes)
2616 4445       4       Many::m1699 (14 bytes)
2616 4444       3       Many::m1699 (14 bytes)   made not entrant: not used
2617 4446       3       Many::m1700 (14 bytes)
2617 4447       4       Many::m1700 (14 bytes)
2617 4446       3       Many::m1700 (14 bytes)   made not entrant: not used
2618 4448       3       Many::m1701 (14 bytes)
2618 4449       4       Many::m1701 (14 bytes)
2618 4448       3       Many::m1701 (14 bytes)   made not entrant: not used
2620 4450       3       Many::m1702 (14 bytes)
2620 4451       4       Many::m1702 (14 bytes)
2620 4450       3       Many::m1702 (14 bytes)   made not entrant: not used
2621 4452       3       Many::m1703 (14 bytes)
2621 4453       4       Many::m1703 (14 bytes)
2621 4452       3       Many::m1703 (14 bytes)   made not entrant: not used
2623 4454       3       Many::m1704 (14 bytes)
2623 4455       4       Many::m1704 (14 bytes)
2623 4454       3       Many::m1704 (14 bytes)   made not entrant: not used
2624 4456       3       Many::m1705 (14 bytes)
2624 4457       4       Many::m1705 (14 bytes)
2624 4456       3       Many::m1705 (14 bytes)   made not entrant: not used
2626 4458       3       Many::m1706 (14 bytes)
2626 4459       4       Many::m1706 (14 bytes)
2626 4458       3       Many::m1706 (14 bytes)   made not entrant: not used
2627 4460       3       Many::m1707 (14 bytes)
2627 4461       4       Many::m1707 (14 bytes)
2627 4460       3       Many::m1707 (14 bytes)   made not entrant: not used
2628 4462       3       Many::m1708 (14 bytes)
2628 4463       4       Many::m1708 (14 bytes)
2629 4462       3       Many::m1708 (14 bytes)   made not entrant: not used
2630 4464       3       Many::m1709 (14 bytes)
2630 4465       4       Many::m1709 (14 bytes)
2630 4464       3       Many::m1709 (14 bytes)   made not entrant: not used
2631 4466       3       Many::m1710 (14 bytes)
2631 4467       4       Many::m1710 (14 bytes)
2631 4466       3       Many::m1710 (14 bytes)   made not entrant: not used
2633 4468       3       Many::m1711 (14 bytes)
2633 4469       4       Many::m1711 (14 bytes)
2633 4468       3       Many::m1711 (14 bytes)   made not entrant: not used
2634 4470       3       Many::m1712 (14 bytes)
2634 4471       4       Many::m1712 (14 bytes)
2634 4470       3       Many::m1712 (14 bytes)   made not entrant: not used
2636 4472       3       Many::m1713 (14 bytes)
2636 4473       4       Many::m1713 (14 bytes)
2636 4472       3       Many::m1713 (14 bytes)   made not entrant: not used
2637 4474       3       Many::m1714 (14 bytes)
2637 4475       4       Many::m1714 (14 bytes)
2637 4474       3       Many::m1714 (14 bytes)   made not entrant: not used
2638 4476       3       Many::m1715 (14 bytes)
2639 4477       4       Many::m1715 (14 bytes)
2639 4476       3       Many::m1715 (14 bytes)   made not entrant: not used
2640 4478       3       Many::m1716 (14 bytes)
2640 4479       4       Many::m1716 (14 bytes)
2640 4478       3       Many::m1716 (14 bytes)   made not entrant: not used
2641 4480       3       Many::m1717 (14 bytes)
2641 4481       4       Many::m1717 (14 bytes)
2641 4480       3       Many::m1717 (14 bytes)   made not entrant: not used
2643 4482       3       Many::m1718 (14 bytes)
2643 4483       4       Many::m1718 (14 bytes)
2643 4482       3       Many::m1718 (14 bytes)   made not entrant: not used
2644 4484       3       Many::m1719 (14 bytes)
2644 4485       4       Many::m1719 (14 bytes)
2644 4484       3       Many::m1719 (14 bytes)   made not entrant: not used
2646 4486       3       Many::m1720 (14 bytes)
2646 4487       4       Many::m1720 (14 bytes)
2646 4486       3       Many::m1720 (14 bytes)   made not entrant: not used
2647 4488       3       Many::m1721 (14 bytes)
2647 4489       4       Many::m1721 (14 bytes)
2647 4488       3       Many::m1721 (14 bytes)   made not entrant: not used
2649 4490       3       Many::m1722 (14 bytes)
2649 4491       4       Many::m1722 (14 bytes)
2649 4490       3       Many::m1722 (14 bytes)   made not entrant: not used
2650 4492       3       Many::m1723 (14 bytes)
2650 4493       4       Many::m1723 (14 bytes)
2650 4492       3       Many::m1723 (14 bytes)   made not entrant: not used
2652 4494       3       Many::m1724 (14 bytes)
2652 4495       4       Many::m1724 (14 bytes)
2652 4494       3       Many::m1724 (14 bytes)   made not entrant: not used
2653 4496       3       Many::m1725 (14 bytes)
2653 4497       4       Many::m1725 (14 bytes)
2653 4496       3       Many::m1725 (14 bytes)   made not entrant: not used
2654 4498       3       Many::m1726 (14 bytes)
2655 4499       4       Many::m1726 (14 bytes)
2655 4498       3       Many::m1726 (14 bytes)   made not entrant: not used
2656 4500       3       Many::m1727 (14 bytes)
2656 4501       4       Many::m1727 (14 bytes)
2656 4500       3       Many::m1727 (14 bytes)   made not entrant: not used
2657 4502       3       Many::m1728 (14 bytes)
2657 4503       4       Many::m1728 (14 bytes)
2657 4502       3       Many::m1728 (14 bytes)   made not entrant: not used
2659 4504       3       Many::m1729 (14 bytes)
2659 4505       4       Many::m1729 (14 bytes)
2659 4504       3       Many::m1729 (14 bytes)   made not entrant: not used
2660 4506       3       Many::m1730 (14 bytes)
2660 4507       4       Many::m1730 (14 bytes)
2660 4506       3       Many::m1730 (14 bytes)   made not entrant: not used
2662 4508       3       Many::m1731 (14 bytes)
2662 4509       4       Many::m1731 (14 bytes)
2662 4508       3       Many::m1731 (14 bytes)   made not entrant: not used
2663 4510       3       Many::m1732 (14 bytes)
2663 4511       4       Many::m1732 (14 bytes)
2663 4510       3       Many::m1732 (14 bytes)   made not entrant: not used
2664 4512       3       Many::m1733 (14 bytes)
2665 4513       4       Many::m1733 (14 bytes)
2665 4512       3       Many::m1733 (14 bytes)   made not entrant: not used
2666 4514       3       Many::m1734 (14 bytes)
2666 4515       4       Many::m1734 (14 bytes)
2666 4514       3       Many::m1734 (14 bytes)   made not entrant: not used
2668 4516       3       Many::m1735 (14 bytes)
2668 4517       4       Many::m1735 (14 bytes)
2668 4516       3       Many::m1735 (14 bytes)   made not entrant: not used
2669 4518       3       Many::m1736 (14 bytes)
2669 4519       4       Many::m1736 (14 bytes)
2669 4518       3       Many::m1736 (14 bytes)   made not entrant: not used
2670 4520       3       Many::m1737 (14 bytes)
2671 4521       4       Many::m1737 (14 bytes)
2671 4520       3       Many::m1737 (14 bytes)   made not entrant: not used
2672 4522       3       Many::m1738 (14 bytes)
2672 4523       4       Many::m1738 (14 bytes)
2672 4522       3       Many::m1738 (14 bytes)   made not entrant: not used
2673 4524       3       Many::m1739 (14 bytes)
2673 4525       4       Many::m1739 (14 bytes)
2673 4524       3       Many::m1739 (14 bytes)   made not entrant: not used
2675 4526       3       Many::m1740 (14 bytes)
2675 4527       4       Many::m1740 (14 bytes)
2675 4526       3       Many::m1740 (14 bytes)   made not entrant: not used
2676 4528       3       Many::m1741 (14 bytes)
2676 4529       4       Many::m1741 (14 bytes)
2676 4528       3       Many::m1741 (14 bytes)   made not entrant: not used
2678 4530       3       Many::m1742 (14 bytes)
2678 4531       4       Many::m1742 (14 bytes)
2678 4530       3       Many::m1742 (14 bytes)   made not entrant: not used
2679 4532       3       Many::m1743 (14 bytes)
2679 4533       4       Many::m1743 (14 bytes)
2679 4532       3       Many::m1743 (14 bytes)   made not entrant: not used
2680 4534       3       Many::m1744 (14 bytes)
2681 4535       4       Many::m1744 (14 bytes)
2681 4534       3       Many::m1744 (14 bytes)   made not entrant: not used
2682 4536       3       Many::m1745 (14 bytes)
2682 4537       4       Many::m1745 (14 bytes)
2682 4536       3       Many::m1745 (14 bytes)   made not entrant: not used
2683 4538       3       Many::m1746 (14 bytes)
2684 4539       4       Many::m1746 (14 bytes)
2684 4538       3       Many::m1746 (14 bytes)   made not entrant: not used
2685 4540       3       Many::m1747 (14 bytes)
2685 4541       4       Many::m1747 (14 bytes)
2685 4540       3       Many::m1747 (14 bytes)   made not entrant: not used
2686 4542       3       Many::m1748 (14 bytes)
2686 4543       4       Many::m1748 (14 bytes)
2686 4542       3       Many::m1748 (14 bytes)   made not entrant: not used
2688 4544       3       Many::m1749 (14 bytes)
2688 4545       4       Many::m1749 (14 bytes)
2688 4544       3       Many::m1749 (14 bytes)   made not entrant: not used
2689 4546       3       Many::m1750 (14 bytes)
2689 4547       4       Many::m1750 (14 bytes)
2689 4546       3       Many::m1750 (14 bytes)   made not entrant: not used
2691 4548       3       Many::m1751 (14 bytes)
2691 4549       4       Many::m1751 (14 bytes)
2691 4548       3       Many::m1751 (14 bytes)   made not entrant: not used
2692 4550       3       Many::m1752 (14 bytes)
2692 4551       4       Many::m1752 (14 bytes)
2692 4550       3       Many::m1752 (14 bytes)   made not entrant: not used
2694 4552       3       Many::m1753 (14 bytes)
2694 4553       4       Many::m1753 (14 bytes)
2694 4552       3       Many::m1753 (14 bytes)   made not entrant: not used
2695 4554       3       Many::m1754 (14 bytes)
2695 4555       4       Many::m1754 (14 bytes)
2695 4554       3       Many::m1754 (14 bytes)   made not entrant: not used
2696 4556       3       Many::m1755 (14 bytes)
2697 4557       4       Many::m1755 (14 bytes)
2697 4556       3       Many::m1755 (14 bytes)   made not entrant: not used
2698 4558       3       Many::m1756 (14 bytes)
2698 4559       4       Many::m1756 (14 bytes)
2698 4558       3       Many::m1756 (14 bytes)   made not entrant: not used
2699 4560       3       Many::m1757 (14 bytes)
2700 4561       4       Many::m1757 (14 bytes)
2700 4560       3       Many::m1757 (14 bytes)   made not entrant: not used
2701 4562       3       Many::m1758 (14 bytes)
2701 4563       4       Many::m1758 (14 bytes)
2701 4562       3       Many::m1758 (14 bytes)   made not entrant: not used
2702 4564       3       Many::m1759 (14 bytes)
2702 4565       4       Many::m1759 (14 bytes)
2703 4564       3       Many::m1759 (14 bytes)   made not entrant: not used
2704 4566       3       Many::m1760 (14 bytes)
2704 4567       4       Many::m1760 (14 bytes)
2704 4566       3       Many::m1760 (14 bytes)   made not entrant: not used
2705 4568       3       Many::m1761 (14 bytes)
2705 4569       4       Many::m1761 (14 bytes)
2705 4568       3       Many::m1761 (14 bytes)   made not entrant: not used
2707 4570       3       Many::m1762 (14 bytes)
2707 4571       4       Many::m1762 (14 bytes)
2707 4570       3       Many::m1762 (14 bytes)   made not entrant: not used
2708 4572       3       Many::m1763 (14 bytes)
2708 4573       4       Many::m1763 (14 bytes)
2708 4572       3       Many::m1763 (14 bytes)   made not entrant: not used
2709 4574       3       Many::m1764 (14 bytes)
2710 4575       4       Many::m1764 (14 bytes)
2710 4574       3       Many::m1764 (14 bytes)   made not entrant: not used
2711 4576       3       Many::m1765 (14 bytes)
2711 4577       4       Many::m1765 (14 bytes)
2711 4576       3       Many::m1765 (14 bytes)   made not entrant: not used
2712 4578       3       Many::m1766 (14 bytes)
2712 4579       4       Many::m1766 (14 bytes)
2712 4578       3       Many::m1766 (14 bytes)   made not entrant: not used
2714 4580       3       Many::m1767 (14 bytes)
2714 4581       4       Many::m1767 (14 bytes)
2714 4580       3       Many::m1767 (14 bytes)   made not entrant: not used
2715 4582       3       Many::m1768 (14 bytes)
2715 4583       4       Many::m1768 (14 bytes)
2715 4582       3       Many::m1768 (14 bytes)   made not entrant: not used
2717 4584       3       Many::m1769 (14 bytes)
2717 4585       4       Many::m1769 (14 bytes)
2717 4584       3       Many::m1769 (14 bytes)   made not entrant: not used
2718 4586       3       Many::m1770 (14 bytes)
2718 4587       4       Many::m1770 (14 bytes)
2718 4586       3       Many::m1770 (14 bytes)   made not entrant: not used
2719 4588       3       Many::m1771 (14 bytes)
2720 4589       4       Many::m1771 (14 bytes)
2720 4588       3       Many::m1771 (14 bytes)   made not entrant: not used
2721 4590       3       Many::m1772 (14 bytes)
2721 4591       4       Many::m1772 (14 bytes)
2721 4590       3       Many::m1772 (14 bytes)   made not entrant: not used
2722 4592       3       Many::m1773 (14 bytes)
2722 4593       4       Many::m1773 (14 bytes)
2722 4592       3       Many::m1773 (14 bytes)   made not entrant: not used
2724 4594       3       Many::m1774 (14 bytes)
2724 4595       4       Many::m1774 (14 bytes)
2724 4594       3       Many::m1774 (14 bytes)   made not entrant: not used
2725 4596       3       Many::m1775 (14 bytes)
2725 4597       4       Many::m1775 (14 bytes)
2725 4596       3       Many::m1775 (14 bytes)   made not entrant: not used
2727 4598       3       Many::m1776 (14 bytes)
2727 4599       4       Many::m1776 (14 bytes)
2727 4598       3       Many::m1776 (14 bytes)   made not entrant: not used
2728 4600       3       Many::m1777 (14 bytes)
2728 4601       4       Many::m1777 (14 bytes)
2728 4600       3       Many::m1777 (14 bytes)   made not entrant: not used
2729 4602       3       Many::m1778 (14 bytes)
2729 4603       4       Many::m1778 (14 bytes)
2730 4602       3       Many::m1778 (14 bytes)   made not entrant: not used
2731 4604       3       Many::m1779 (14 bytes)
2731 4605       4       Many::m1779 (14 bytes)
2731 4604       3       Many::m1779 (14 bytes)   made not entrant: not used
2732 4606       3       Many::m1780 (14 bytes)
2732 4607       4       Many::m1780 (14 bytes)
2732 4606       3       Many::m1780 (14 bytes)   made not entrant: not used
2734 4608       3       Many::m1781 (14 bytes)
2734 4609       4       Many::m1781 (14 bytes)
2734 4608       3       Many::m1781 (14 bytes)   made not entrant: not used
2735 4610       3       Many::m1782 (14 bytes)
2735 4611       4       Many::m1782 (14 bytes)
2735 4610       3       Many::m1782 (14 bytes)   made not entrant: not used
2737 4612       3       Many::m1783 (14 bytes)
2737 4613       4       Many::m1783 (14 bytes)
2737 4612       3       Many::m1783 (14 bytes)   made not entrant: not used
2738 4614       3       Many::m1784 (14 bytes)
2738 4615       4       Many::m1784 (14 bytes)
2738 4614       3       Many::m1784 (14 bytes)   made not entrant: not used
2739 4616       3       Many::m1785 (14 bytes)
2740 4617       4       Many::m1785 (14 bytes)
2740 4616       3       Many::m1785 (14 bytes)   made not entrant: not used
2741 4618       3       Many::m1786 (14 bytes)
2741 4619       4       Many::m1786 (14 bytes)
2741 4618       3       Many::m1786 (14 bytes)   made not entrant: not used
2742 4620       3       Many::m1787 (14 bytes)
2742 4621       4       Many::m1787 (14 bytes)
2742 4620       3       Many::m1787 (14 bytes)   made not entrant: not used
2744 4622       3       Many::m1788 (14 bytes)
2744 4623       4       Many::m1788 (14 bytes)
2744 4622       3       Many::m1788 (14 bytes)   made not entrant: not used
2745 4624       3       Many::m1789 (14 bytes)
2745 4625       4       Many::m1789 (14 bytes)
2745 4624       3       Many::m1789 (14 bytes)   made not entrant: not used
2746 4626       3       Many::m1790 (14 bytes)
2747 4627       4       Many::m1790 (14 bytes)
2747 4626       3       Many::m1790 (14 bytes)   made not entrant: not used
2748 4628       3       Many::m1791 (14 bytes)
2748 4629       4       Many::m1791 (14 bytes)
2748 4628       3       Many::m1791 (14 bytes)   made not entrant: not used
2749 4630       3       Many::m1792 (14 bytes)
2750 4631       4       Many::m1792 (14 bytes)
2750 4630       3       Many::m1792 (14 bytes)   made not entrant: not used
2751 4632       3       Many::m1793 (14 bytes)
2751 4633       4       Many::m1793 (14 bytes)
2751 4632       3       Many::m1793 (14 bytes)   made not entrant: not used
2752 4634       3       Many::m1794 (14 bytes)
2752 4635       4       Many::m1794 (14 bytes)
2752 4634       3       Many::m1794 (14 bytes)   made not entrant: not used
2754 4636       3       Many::m1795 (14 bytes)
2754 4637       4       Many::m1795 (14 bytes)
2754 4636       3       Many::m1795 (14 bytes)   made not entrant: not used
2755 4638       3       Many::m1796 (14 bytes)
2755 4639       4       Many::m1796 (14 bytes)
2755 4638       3       Many::m1796 (14 bytes)   made not entrant: not used
2757 4640       3       Many::m1797 (14 bytes)
2757 4641       4       Many::m1797 (14 bytes)
2757 4640       3       Many::m1797 (14 bytes)   made not entrant: not used
2758 4642       3       Many::m1798 (14 bytes)
2758 4643       4       Many::m1798 (14 bytes)
2758 4642       3       Many::m1798 (14 bytes)   made not entrant: not used
2760 4644       3       Many::m1799 (14 bytes)
2760 4645       4       Many::m1799 (14 bytes)
2760 4644       3       Many::m1799 (14 bytes)   made not entrant: not used
2761 4646       3       Many::m1800 (14 bytes)
2761 4647       4       Many::m1800 (14 bytes)
2761 4646       3       Many::m1800 (14 bytes)   made not entrant: not used
2763 4648       3       Many::m1801 (14 bytes)
2763 4649       4       Many::m1801 (14 bytes)
2763 4648       3       Many::m1801 (14 bytes)   made not entrant: not used
2764 4650       3       Many::m1802 (14 bytes)
2764 4651       4       Many::m1802 (14 bytes)
2764 4650       3       Many::m1802 (14 bytes)   made not entrant: not used
2765 4652       3       Many::m1803 (14 bytes)
2766 4653       4       Many::m1803 (14 bytes)
2766 4652       3       Many::m1803 (14 bytes)   made not entrant: not used
2767 4654       3       Many::m1804 (14 bytes)
2767 4655       4       Many::m1804 (14 bytes)
2767 4654       3       Many::m1804 (14 bytes)   made not entrant: not used
2768 4656       3       Many::m1805 (14 bytes)
2768 4657       4       Many::m1805 (14 bytes)
2769 4656       3       Many::m1805 (14 bytes)   made not entrant: not used
2770 4658       3       Many::m1806 (14 bytes)
2770 4659       4       Many::m1806 (14 bytes)
2770 4658       3       Many::m1806 (14 bytes)   made not entrant: not used
2771 4660       3       Many::m1807 (14 bytes)
2771 4661       4       Many::m1807 (14 bytes)
2771 4660       3       Many::m1807 (14 bytes)   made not entrant: not used
2773 4662       3       Many::m1808 (14 bytes)
2773 4663       4       Many::m1808 (14 bytes)
2773 4662       3       Many::m1808 (14 bytes)   made not entrant: not used
2774 4664       3       Many::m1809 (14 bytes)
2774 4665       4       Many::m1809 (14 bytes)
2774 4664       3       Many::m1809 (14 bytes)   made not entrant: not used
2776 4666       3       Many::m1810 (14 bytes)
2776 4667       4       Many::m1810 (14 bytes)
2776 4666       3       Many::m1810 (14 bytes)   made not entrant: not used
2777 4668       3       Many::m1811 (14 bytes)
2777 4669       4       Many::m1811 (14 bytes)
2777 4668       3       Many::m1811 (14 bytes)   made not entrant: not used
2778 4670       3       Many::m1812 (14 bytes)
2778 4671       4       Many::m1812 (14 bytes)
2779 4670       3       Many::m1812 (14 bytes)   made not entrant: not used
2780 4672       3       Many::m1813 (14 bytes)
2780 4673       4       Many::m1813 (14 bytes)
2780 4672       3       Many::m1813 (14 bytes)   made not entrant: not used
2781 4674       3       Many::m1814 (14 bytes)
2781 4675       4       Many::m1814 (14 bytes)
2782 4674       3       Many::m1814 (14 bytes)   made not entrant: not used
2783 4676       3       Many::m1815 (14 bytes)
2783 4677       4       Many::m1815 (14 bytes)
2783 4676       3       Many::m1815 (14 bytes)   made not entrant: not used
2784 4678       3       Many::m1816 (14 bytes)
2784 4679       4       Many::m1816 (14 bytes)
2784 4678       3       Many::m1816 (14 bytes)   made not entrant: not used
2786 4680       3       Many::m1817 (14 bytes)
2786 4681       4       Many::m1817 (14 bytes)
2786 4680       3       Many::m1817 (14 bytes)   made not entrant: not used
2787 4682       3       Many::m1818 (14 bytes)
2787 4683       4       Many::m1818 (14 bytes)
2787 4682       3       Many::m1818 (14 bytes)   made not entrant: not used
2789 4684       3       Many::m1819 (14 bytes)
2789 4685       4       Many::m1819 (14 bytes)
2789 4684       3       Many::m1819 (14 bytes)   made not entrant: not used
2790 4686       3       Many::m1820 (14 bytes)
2790 4687       4       Many::m1820 (14 bytes)
2790 4686       3       Many::m1820 (14 bytes)   made not entrant: not used
2791 4688       3       Many::m1821 (14 bytes)
2791 4689       4       Many::m1821 (14 bytes)
2792 4688       3       Many::m1821 (14 bytes)   made not entrant: not used
2793 4690       3       Many::m1822 (14 bytes)
2793 4691       4       Many::m1822 (14 bytes)
2793 4690       3       Many::m1822 (14 bytes)   made not entrant: not used
2794 4692       3       Many::m1823 (14 bytes)
2794 4693       4       Many::m1823 (14 bytes)
2794 4692       3       Many::m1823 (14 bytes)   made not entrant: not used
2796 4694       3       Many::m1824 (14 bytes)
2796 4695       4       Many::m1824 (14 bytes)
2796 4694       3       Many::m1824 (14 bytes)   made not entrant: not used
2797 4696       3       Many::m1825 (14 bytes)
2797 4697       4       Many::m1825 (14 bytes)
2797 4696       3       Many::m1825 (14 bytes)   made not entrant: not used
2799 4698       3       Many::m1826 (14 bytes)
2799 4699       4       Many::m1826 (14 bytes)
2799 4698       3       Many::m1826 (14 bytes)   made not entrant: not used
2800 4700       3       Many::m1827 (14 bytes)
2800 4701       4       Many::m1827 (14 bytes)
2800 4700       3       Many::m1827 (14 bytes)   made not entrant: not used
2802 4702       3       Many::m1828 (14 bytes)
2802 4703       4       Many::m1828 (14 bytes)
2802 4702       3       Many::m1828 (14 bytes)   made not entrant: not used
2803 4704       3       Many::m1829 (14 bytes)
2803 4705       4       Many::m1829 (14 bytes)
2803 4704       3       Many::m1829 (14 bytes)   made not entrant: not used
2804 4706       3       Many::m1830 (14 bytes)
2804 4707       4       Many::m1830 (14 bytes)
2805 4706       3       Many::m1830 (14 bytes)   made not entrant: not used
2806 4708       3       Many::m1831 (14 bytes)
2806 4709       4       Many::m1831 (14 bytes)
2806 4708       3       Many::m1831 (14 bytes)   made not entrant: not used
2807 4710       3       Many::m1832 (14 bytes)
2807 4711       4       Many::m1832 (14 bytes)
2807 4710       3       Many::m1832 (14 bytes)   made not entrant: not used
2809 4712       3       Many::m1833 (14 bytes)
2809 4713       4       Many::m1833 (14 bytes)
2809 4712       3       Many::m1833 (14 bytes)   made not entrant: not used
2810 4714       3       Many::m1834 (14 bytes)
2810 4715       4       Many::m1834 (14 bytes)
2810 4714       3       Many::m1834 (14 bytes)   made not entrant: not used
2812 4716       3       Many::m1835 (14 bytes)
2812 4717       4       Many::m1835 (14 bytes)
2812 4716       3       Many::m1835 (14 bytes)   made not entrant: not used
2813 4718       3       Many::m1836 (14 bytes)
2813 4719       4       Many::m1836 (14 bytes)
2813 4718       3       Many::m1836 (14 bytes)   made not entrant: not used
2814 4720       3       Many::m1837 (14 bytes)
2815 4721       4       Many::m1837 (14 bytes)
2815 4720       3       Many::m1837 (14 bytes)   made not entrant: not used
2816 4722       3       Many::m1838 (14 bytes)
2816 4723       4       Many::m1838 (14 bytes)
2816 4722       3       Many::m1838 (14 bytes)   made not entrant: not used
2817 4724       3       Many::m1839 (14 bytes)
2817 4725       4       Many::m1839 (14 bytes)
2818 4724       3       Many::m1839 (14 bytes)   made not entrant: not used
2819 4726       3       Many::m1840 (14 bytes)
2819 4727       4       Many::m1840 (14 bytes)
2819 4726       3       Many::m1840 (14 bytes)   made not entrant: not used
2820 4728       3       Many::m1841 (14 bytes)
2820 4729       4       Many::m1841 (14 bytes)
2820 4728       3       Many::m1841 (14 bytes)   made not entrant: not used
2822 4730       3       Many::m1842 (14 bytes)
2822 4731       4       Many::m1842 (14 bytes)
2822 4730       3       Many::m1842 (14 bytes)   made not entrant: not used
2823 4732       3       Many::m1843 (14 bytes)
2823 4733       4       Many::m1843 (14 bytes)
2823 4732       3       Many::m1843 (14 bytes)   made not entrant: not used
2825 4734       3       Many::m1844 (14 bytes)
2825 4735       4       Many::m1844 (14 bytes)
2825 4734       3       Many::m1844 (14 bytes)   made not entrant: not used
2826 4736       3       Many::m1845 (14 bytes)
2826 4737       4       Many::m1845 (14 bytes)
2826 4736       3       Many::m1845 (14 bytes)   made not entrant: not used
2827 4738       3       Many::m1846 (14 bytes)
2828 4739       4       Many::m1846 (14 bytes)
2828 4738       3       Many::m1846 (14 bytes)   made not entrant: not used
2829 4740       3       Many::m1847 (14 bytes)
2829 4741       4       Many::m1847 (14 bytes)
2829 4740       3       Many::m1847 (14 bytes)   made not entrant: not used
2830 4742       3       Many::m1848 (14 bytes)
2830 4743       4       Many::m1848 (14 bytes)
2830 4742       3       Many::m1848 (14 bytes)   made not entrant: not used
2832 4744       3       Many::m1849 (14 bytes)
2832 4745       4       Many::m1849 (14 bytes)
2832 4744       3       Many::m1849 (14 bytes)   made not entrant: not used
2833 4746       3       Many::m1850 (14 bytes)
2833 4747       4       Many::m1850 (14 bytes)
2833 4746       3       Many::m1850 (14 bytes)   made not entrant: not used
2835 4748       3       Many::m1851 (14 bytes)
2835 4749       4       Many::m1851 (14 bytes)
2835 4748       3       Many::m1851 (14 bytes)   made not entrant: not used
2836 4750       3       Many::m1852 (14 bytes)
2836 4751       4       Many::m1852 (14 bytes)
2836 4750       3       Many::m1852 (14 bytes)   made not entrant: not used
2838 4752       3       Many::m1853 (14 bytes)
2838 4753       4       Many::m1853 (14 bytes)
2838 4752       3       Many::m1853 (14 bytes)   made not entrant: not used
2839 4754       3       Many::m1854 (14 bytes)
2839 4755       4       Many::m1854 (14 bytes)
2839 4754       3       Many::m1854 (14 bytes)   made not entrant: not used
2840 4756       3       Many::m1855 (14 bytes)
2841 4757       4       Many::m1855 (14 bytes)
2841 4756       3       Many::m1855 (14 bytes)   made not entrant: not used
2842 4758       3       Many::m1856 (14 bytes)
2842 4759       4       Many::m1856 (14 bytes)
2842 4758       3       Many::m1856 (14 bytes)   made not entrant: not used
2843 4760       3       Many::m1857 (14 bytes)
2843 4761       4       Many::m1857 (14 bytes)
2843 4760       3       Many::m1857 (14 bytes)   made not entrant: not used
2845 4762       3       Many::m1858 (14 bytes)
2845 4763       4       Many::m1858 (14 bytes)
2845 4762       3       Many::m1858 (14 bytes)   made not entrant: not used
2846 4764       3       Many::m1859 (14 bytes)
2846 4765       4       Many::m1859 (14 bytes)
2846 4764       3       Many::m1859 (14 bytes)   made not entrant: not used
2848 4766       3       Many::m1860 (14 bytes)
2848 4767       4       Many::m1860 (14 bytes)
2848 4766       3       Many::m1860 (14 bytes)   made not entrant: not used
2849 4768       3       Many::m1861 (14 bytes)
2849 4769       4       Many::m1861 (14 bytes)
2849 4768       3       Many::m1861 (14 bytes)   made not entrant: not used
2851 4770       3       Many::m1862 (14 bytes)
2851 4771       4       Many::m1862 (14 bytes)
2851 4770       3       Many::m1862 (14 bytes)   made not entrant: not used
2852 4772       3       Many::m1863 (14 bytes)
2852 4773       4       Many::m1863 (14 bytes)
2852 4772       3       Many::m1863 (14 bytes)   made not entrant: not used
2854 4774       3       Many::m1864 (14 bytes)
2854 4775       4       Many::m1864 (14 bytes)
2854 4774       3       Many::m1864 (14 bytes)   made not entrant: not used
2855 4776       3       Many::m1865 (14 bytes)
2855 4777       4       Many::m1865 (14 bytes)
2855 4776       3       Many::m1865 (14 bytes)   made not entrant: not used
2856 4778       3       Many::m1866 (14 bytes)
2857 4779       4       Many::m1866 (14 bytes)
2857 4778       3       Many::m1866 (14 bytes)   made not entrant: not used
2858 4780       3       Many::m1867 (14 bytes)
2858 4781       4       Many::m1867 (14 bytes)
2858 4780       3       Many::m1867 (14 bytes)   made not entrant: not used
2859 4782       3       Many::m1868 (14 bytes)
2859 4783       4       Many::m1868 (14 bytes)
2859 4782       3       Many::m1868 (14 bytes)   made not entrant: not used
2861 4784       3       Many::m1869 (14 bytes)
2861 4785       4       Many::m1869 (14 bytes)
2861 4784       3       Many::m1869 (14 bytes)   made not entrant: not used
2862 4786       3       Many::m1870 (14 bytes)
2862 4787       4       Many::m1870 (14 bytes)
2862 4786       3       Many::m1870 (14 bytes)   made not entrant: not used
2864 4788       3       Many::m1871 (14 bytes)
2864 4789       4       Many::m1871 (14 bytes)
2864 4788       3       Many::m1871 (14 bytes)   made not entrant: not used
2865 4790       3       Many::m1872 (14 bytes)
2865 4791       4       Many::m1872 (14 bytes)
2865 4790       3       Many::m1872 (14 bytes)   made not entrant: not used
2867 4792       3       Many::m1873 (14 bytes)
2867 4793       4       Many::m1873 (14 bytes)
2867 4792       3       Many::m1873 (14 bytes)   made not entrant: not used
2868 4794       3       Many::m1874 (14 bytes)
2868 4795       4       Many::m1874 (14 bytes)
2868 4794       3       Many::m1874 (14 bytes)   made not entrant: not used
2869 4796       3       Many::m1875 (14 bytes)
2869 4797       4       Many::m1875 (14 bytes)
2870 4796       3       Many::m1875 (14 bytes)   made not entrant: not used
2871 4798       3       Many::m1876 (14 bytes)
2871 4799       4       Many::m1876 (14 bytes)
2871 4798       3       Many::m1876 (14 bytes)   made not entrant: not used
2872 4800       3       Many::m1877 (14 bytes)
2872 4801       4       Many::m1877 (14 bytes)
2872 4800       3       Many::m1877 (14 bytes)   made not entrant: not used
2874 4802       3       Many::m1878 (14 bytes)
2874 4803       4       Many::m1878 (14 bytes)
2874 4802       3       Many::m1878 (14 bytes)   made not entrant: not used
2875 4804       3       Many::m1879 (14 bytes)
2875 4805       4       Many::m1879 (14 bytes)
2875 4804       3       Many::m1879 (14 bytes)   made not entrant: not used
2877 4806       3       Many::m1880 (14 bytes)
2877 4807       4       Many::m1880 (14 bytes)
2877 4806       3       Many::m1880 (14 bytes)   made not entrant: not used
2878 4808       3       Many::m1881 (14 bytes)
2878 4809       4       Many::m1881 (14 bytes)
2878 4808       3       Many::m1881 (14 bytes)   made not entrant: not used
2879 4810       3       Many::m1882 (14 bytes)
2880 4811       4       Many::m1882 (14 bytes)
2880 4810       3       Many::m1882 (14 bytes)   made not entrant: not used
2881 4812       3       Many::m1883 (14 bytes)
2881 4813       4       Many::m1883 (14 bytes)
2881 4812       3       Many::m1883 (14 bytes)   made not entrant: not used
2882 4814       3       Many::m1884 (14 bytes)
2883 4815       4       Many::m1884 (14 bytes)
2883 4814       3       Many::m1884 (14 bytes)   made not entrant: not used
2884 4816       3       Many::m1885 (14 bytes)
2884 4817       4       Many::m1885 (14 bytes)
2884 4816       3       Many::m1885 (14 bytes)   made not entrant: not used
2885 4818       3       Many::m1886 (14 bytes)
2885 4819       4       Many::m1886 (14 bytes)
2886 4818       3       Many::m1886 (14 bytes)   made not entrant: not used
2887 4820       3       Many::m1887 (14 bytes)
2887 4821       4       Many::m1887 (14 bytes)
2887 4820       3       Many::m1887 (14 bytes)   made not entrant: not used
2888 4822       3       Many::m1888 (14 bytes)
2888 4823       4       Many::m1888 (14 bytes)
2888 4822       3       Many::m1888 (14 bytes)   made not entrant: not used
2890 4824       3       Many::m1889 (14 bytes)
2890 4825       4       Many::m1889 (14 bytes)
2890 4824       3       Many::m1889 (14 bytes)   made not entrant: not used
2891 4826       3       Many::m1890 (14 bytes)
2891 4827       4       Many::m1890 (14 bytes)
2891 4826       3       Many::m1890 (14 bytes)   made not entrant: not used
2892 4828       3       Many::m1891 (14 bytes)
2893 4829       4       Many::m1891 (14 bytes)
2893 4828       3       Many::m1891 (14 bytes)   made not entrant: not used
2894 4830       3       Many::m1892 (14 bytes)
2894 4831       4       Many::m1892 (14 bytes)
2894 4830       3       Many::m1892 (14 bytes)   made not entrant: not used
2895 4832       3       Many::m1893 (14 bytes)
2895 4833       4       Many::m1893 (14 bytes)
2895 4832       3       Many::m1893 (14 bytes)   made not entrant: not used
2897 4834       3       Many::m1894 (14 bytes)
2897 4835       4       Many::m1894 (14 bytes)
2897 4834       3       Many::m1894 (14 bytes)   made not entrant: not used
2898 4836       3       Many::m1895 (14 bytes)
2898 4837       4       Many::m1895 (14 bytes)
2898 4836       3       Many::m1895 (14 bytes)   made not entrant: not used
2900 4838       3       Many::m1896 (14 bytes)
2900 4839       4       Many::m1896 (14 bytes)
2900 4838       3       Many::m1896 (14 bytes)   made not entrant: not used
2901 4840       3       Many::m1897 (14 bytes)
2901 4841       4       Many::m1897 (14 bytes)
2901 4840       3       Many::m1897 (14 bytes)   made not entrant: not used
2903 4842       3       Many::m1898 (14 bytes)
2903 4843       4       Many::m1898 (14 bytes)
2903 4842       3       Many::m1898 (14 bytes)   made not entrant: not used
2904 4844       3       Many::m1899 (14 bytes)
2904 4845       4       Many::m1899 (14 bytes)
2904 4844       3       Many::m1899 (14 bytes)   made not entrant: not used
2905 4846       3       Many::m1900 (14 bytes)
2906 4847       4       Many::m1900 (14 bytes)
2906 4846       3       Many::m1900 (14 bytes)   made not entrant: not used
2907 4848       3       Many::m1901 (14 bytes)
2907 4849       4       Many::m1901 (14 bytes)
2907 4848       3       Many::m1901 (14 bytes)   made not entrant: not used
2908 4850       3       Many::m1902 (14 bytes)
2908 4851       4       Many::m1902 (14 bytes)
2909 4850       3       Many::m1902 (14 bytes)   made not entrant: not used
2910 4852       3       Many::m1903 (14 bytes)
2910 4853       4       Many::m1903 (14 bytes)
2910 4852       3       Many::m1903 (14 bytes)   made not entrant: not used
2911 4854       3       Many::m1904 (14 bytes)
2911 4855       4       Many::m1904 (14 bytes)
2911 4854       3       Many::m1904 (14 bytes)   made not entrant: not used
2913 4856       3       Many::m1905 (14 bytes)
2913 4857       4       Many::m1905 (14 bytes)
2913 4856       3       Many::m1905 (14 bytes)   made not entrant: not used
2914 4858       3       Many::m1906 (14 bytes)
2914 4859       4       Many::m1906 (14 bytes)
2914 4858       3       Many::m1906 (14 bytes)   made not entrant: not used
2916 4860       3       Many::m1907 (14 bytes)
2916 4861       4       Many::m1907 (14 bytes)
2916 4860       3       Many::m1907 (14 bytes)   made not entrant: not used
2917 4862       3       Many::m1908 (14 bytes)
2917 4863       4       Many::m1908 (14 bytes)
2918 4862       3       Many::m1908 (14 bytes)   made not entrant: not used
2919 4864       3       Many::m1909 (14 bytes)
2919 4865       4       Many::m1909 (14 bytes)
2919 4864       3       Many::m1909 (14 bytes)   made not entrant: not used
2920 4866       3       Many::m1910 (14 bytes)
2920 4867       4       Many::m1910 (14 bytes)
2920 4866       3       Many::m1910 (14 bytes)   made not entrant: not used
2922 4868       3       Many::m1911 (14 bytes)
2922 4869       4       Many::m1911 (14 bytes)
2922 4868       3       Many::m1911 (14 bytes)   made not entrant: not used
2923 4870       3       Many::m1912 (14 bytes)
2923 4871       4       Many::m1912 (14 bytes)
2923 4870       3       Many::m1912 (14 bytes)   made not entrant: not used
2924 4872       3       Many::m1913 (14 bytes)
2924 4873       4       Many::m1913 (14 bytes)
2925 4872       3       Many::m1913 (14 bytes)   made not entrant: not used
2926 4874       3       Many::m1914 (14 bytes)
2926 4875       4       Many::m1914 (14 bytes)
2926 4874       3       Many::m1914 (14 bytes)   made not entrant: not used
2927 4876       3       Many::m1915 (14 bytes)
2927 4877       4       Many::m1915 (14 bytes)
2927 4876       3       Many::m1915 (14 bytes)   made not entrant: not used
2929 4878       3       Many::m1916 (14 bytes)
2929 4879       4       Many::m1916 (14 bytes)
2929 4878       3       Many::m1916 (14 bytes)   made not entrant: not used
2930 4880       3       Many::m1917 (14 bytes)
2930 4881       4       Many::m1917 (14 bytes)
2930 4880       3       Many::m1917 (14 bytes)   made not entrant: not used
2932 4882       3       Many::m1918 (14 bytes)
2932 4883       4       Many::m1918 (14 bytes)
2932 4882       3       Many::m1918 (14 bytes)   made not entrant: not used
2933 4884       3       Many::m1919 (14 bytes)
2933 4885       4       Many::m1919 (14 bytes)
2933 4884       3       Many::m1919 (14 bytes)   made not entrant: not used
2934 4886       3       Many::m1920 (14 bytes)
2935 4887       4       Many::m1920 (14 bytes)
2935 4886       3       Many::m1920 (14 bytes)   made not entrant: not used
2936 4888       3       Many::m1921 (14 bytes)
2936 4889       4       Many::m1921 (14 bytes)
2936 4888       3       Many::m1921 (14 bytes)   made not entrant: not used
2937 4890       3       Many::m1922 (14 bytes)
2937 4891       4       Many::m1922 (14 bytes)
2937 4890       3       Many::m1922 (14 bytes)   made not entrant: not used
2939 4892       3       Many::m1923 (14 bytes)
2939 4893       4       Many::m1923 (14 bytes)
2939 4892       3       Many::m1923 (14 bytes)   made not entrant: not used
2940 4894       3       Many::m1924 (14 bytes)
2940 4895       4       Many::m1924 (14 bytes)
2940 4894       3       Many::m1924 (14 bytes)   made not entrant: not used
2942 4896       3       Many::m1925 (14 bytes)
2942 4897       4       Many::m1925 (14 bytes)
2942 4896       3       Many::m1925 (14 bytes)   made not entrant: not used
2943 4898       3       Many::m1926 (14 bytes)
2943 4899       4       Many::m1926 (14 bytes)
2943 4898       3       Many::m1926 (14 bytes)   made not entrant: not used
2944 4900       3       Many::m1927 (14 bytes)
2945 4901       4       Many::m1927 (14 bytes)
2945 4900       3       Many::m1927 (14 bytes)   made not entrant: not used
2946 4902       3       Many::m1928 (14 bytes)
2946 4903       4       Many::m1928 (14 bytes)
2946 4902       3       Many::m1928 (14 bytes)   made not entrant: not used
2947 4904       3       Many::m1929 (14 bytes)
2947 4905       4       Many::m1929 (14 bytes)
2948 4904       3       Many::m1929 (14 bytes)   made not entrant: not used
2949 4906       3       Many::m1930 (14 bytes)
2949 4907       4       Many::m1930 (14 bytes)
2949 4906       3       Many::m1930 (14 bytes)   made not entrant: not used
2950 4908       3       Many::m1931 (14 bytes)
2950 4909       4       Many::m1931 (14 bytes)
2950 4908       3       Many::m1931 (14 bytes)   made not entrant: not used
2952 4910       3       Many::m1932 (14 bytes)
2952 4911       4       Many::m1932 (14 bytes)
2952 4910       3       Many::m1932 (14 bytes)   made not entrant: not used
2953 4912       3       Many::m1933 (14 bytes)
2953 4913       4       Many::m1933 (14 bytes)
2953 4912       3       Many::m1933 (14 bytes)   made not entrant: not used
2955 4914       3       Many::m1934 (14 bytes)
2955 4915       4       Many::m1934 (14 bytes)
2955 4914       3       Many::m1934 (14 bytes)   made not entrant: not used
2956 4916       3       Many::m1935 (14 bytes)
2956 4917       4       Many::m1935 (14 bytes)
2956 4916       3       Many::m1935 (14 bytes)   made not entrant: not used
2957 4918       3       Many::m1936 (14 bytes)
2957 4919       4       Many::m1936 (14 bytes)
2958 4918       3       Many::m1936 (14 bytes)   made not entrant: not used
2959 4920       3       Many::m1937 (14 bytes)
2959 4921       4       Many::m1937 (14 bytes)
2959 4920       3       Many::m1937 (14 bytes)   made not entrant: not used
2960 4922       3       Many::m1938 (14 bytes)
2960 4923       4       Many::m1938 (14 bytes)
2960 4922       3       Many::m1938 (14 bytes)   made not entrant: not used
2962 4924       3       Many::m1939 (14 bytes)
2962 4925       4       Many::m1939 (14 bytes)
2962 4924       3       Many::m1939 (14 bytes)   made not entrant: not used
2963 4926       3       Many::m1940 (14 bytes)
2963 4927       4       Many::m1940 (14 bytes)
2963 4926       3       Many::m1940 (14 bytes)   made not entrant: not used
2964 4928       3       Many::m1941 (14 bytes)
2965 4929       4       Many::m1941 (14 bytes)
2965 4928       3       Many::m1941 (14 bytes)   made not entrant: not used
2966 4930       3       Many::m1942 (14 bytes)
2966 4931       4       Many::m1942 (14 bytes)
2966 4930       3       Many::m1942 (14 bytes)   made not entrant: not used
2968 4932       3       Many::m1943 (14 bytes)
2968 4933       4       Many::m1943 (14 bytes)
2968 4932       3       Many::m1943 (14 bytes)   made not entrant: not used
2969 4934       3       Many::m1944 (14 bytes)
2969 4935       4       Many::m1944 (14 bytes)
2969 4934       3       Many::m1944 (14 bytes)   made not entrant: not used
2970 4936       3       Many::m1945 (14 bytes)
2971 4937       4       Many::m1945 (14 bytes)
2971 4936       3       Many::m1945 (14 bytes)   made not entrant: not used
2972 4938       3       Many::m1946 (14 bytes)
2972 4939       4       Many::m1946 (14 bytes)
2972 4938       3       Many::m1946 (14 bytes)   made not entrant: not used
2973 4940       3       Many::m1947 (14 bytes)
2973 4941       4       Many::m1947 (14 bytes)
2973 4940       3       Many::m1947 (14 bytes)   made not entrant: not used
2975 4942       3       Many::m1948 (14 bytes)
2975 4943       4       Many::m1948 (14 bytes)
2975 4942       3       Many::m1948 (14 bytes)   made not entrant: not used
2976 4944       3       Many::m1949 (14 bytes)
2976 4945       4       Many::m1949 (14 bytes)
2976 4944       3       Many::m1949 (14 bytes)   made not entrant: not used
2978 4946       3       Many::m1950 (14 bytes)
2978 4947       4       Many::m1950 (14 bytes)
2978 4946       3       Many::m1950 (14 bytes)   made not entrant: not used
2979 4948       3       Many::m1951 (14 bytes)
2979 4949       4       Many::m1951 (14 bytes)
2979 4948       3       Many::m1951 (14 bytes)   made not entrant: not used
2980 4950       3       Many::m1952 (14 bytes)
2981 4951       4       Many::m1952 (14 bytes)
2981 4950       3       Many::m1952 (14 bytes)   made not entrant: not used
2982 4952       3       Many::m1953 (14 bytes)
2982 4953       4       Many::m1953 (14 bytes)
2982 4952       3       Many::m1953 (14 bytes)   made not entrant: not used
2983 4954       3       Many::m1954 (14 bytes)
2984 4955       4       Many::m1954 (14 bytes)
2984 4954       3       Many::m1954 (14 bytes)   made not entrant: not used
2985 4956       3       Many::m1955 (14 bytes)
2985 4957       4       Many::m1955 (14 bytes)
2985 4956       3       Many::m1955 (14 bytes)   made not entrant: not used
2986 4958       3       Many::m1956 (14 bytes)
2986 4959       4       Many::m1956 (14 bytes)
2986 4958       3       Many::m1956 (14 bytes)   made not entrant: not used
2988 4960       3       Many::m1957 (14 bytes)
2988 4961       4       Many::m1957 (14 bytes)
2988 4960       3       Many::m1957 (14 bytes)   made not entrant: not used
2989 4962       3       Many::m1958 (14 bytes)
2989 4963       4       Many::m1958 (14 bytes)
2989 4962       3       Many::m1958 (14 bytes)   made not entrant: not used
2990 4964       3       Many::m1959 (14 bytes)
2991 4965       4       Many::m1959 (14 bytes)
2991 4964       3       Many::m1959 (14 bytes)   made not entrant: not used
2992 4966       3       Many::m1960 (14 bytes)
2992 4967       4       Many::m1960 (14 bytes)
2992 4966       3       Many::m1960 (14 bytes)   made not entrant: not used
2993 4968       3       Many::m1961 (14 bytes)
2993 4969       4       Many::m1961 (14 bytes)
2994 4968       3       Many::m1961 (14 bytes)   made not entrant: not used
2995 4970       3       Many::m1962 (14 bytes)
2995 4971       4       Many::m1962 (14 bytes)
2995 4970       3       Many::m1962 (14 bytes)   made not entrant: not used
2996 4972       3       Many::m1963 (14 bytes)
2996 4973       4       Many::m1963 (14 bytes)
2996 4972       3       Many::m1963 (14 bytes)   made not entrant: not used
2998 4974       3       Many::m1964 (14 bytes)
2998 4975       4       Many::m1964 (14 bytes)
2998 4974       3       Many::m1964 (14 bytes)   made not entrant: not used
2999 4976       3       Many::m1965 (14 bytes)
2999 4977       4       Many::m1965 (14 bytes)
2999 4976       3       Many::m1965 (14 bytes)   made not entrant: not used
3001 4978       3       Many::m1966 (14 bytes)
3001 4979       4       Many::m1966 (14 bytes)
3001 4978       3       Many::m1966 (14 bytes)   made not entrant: not used
3002 4980       3       Many::m1967 (14 bytes)
3002 4981       4       Many::m1967 (14 bytes)
3002 4980       3       Many::m1967 (14 bytes)   made not entrant: not used
3003 4982       3       Many::m1968 (14 bytes)
3004 4983       4       Many::m1968 (14 bytes)
3004 4982       3       Many::m1968 (14 bytes)   made not entrant: not used
3005 4984       3       Many::m1969 (14 bytes)
3005 4985       4       Many::m1969 (14 bytes)
3005 4984       3       Many::m1969 (14 bytes)   made not entrant: not used
3006 4986       3       Many::m1970 (14 bytes)
3006 4987       4       Many::m1970 (14 bytes)
3006 4986       3       Many::m1970 (14 bytes)   made not entrant: not used
3008 4988       3       Many::m1971 (14 bytes)
3008 4989       4       Many::m1971 (14 bytes)
3008 4988       3       Many::m1971 (14 bytes)   made not entrant: not used
3009 4990       3       Many::m1972 (14 bytes)
3009 4991       4       Many::m1972 (14 bytes)
3009 4990       3       Many::m1972 (14 bytes)   made not entrant: not used
3011 4992       3       Many::m1973 (14 bytes)
3011 4993       4       Many::m1973 (14 bytes)
3011 4992       3       Many::m1973 (14 bytes)   made not entrant: not used
3012 4994       3       Many::m1974 (14 bytes)
3012 4995       4       Many::m1974 (14 bytes)
3012 4994       3       Many::m1974 (14 bytes)   made not entrant: not used
3013 4996       3       Many::m1975 (14 bytes)
3014 4997       4       Many::m1975 (14 bytes)
3014 4996       3       Many::m1975 (14 bytes)   made not entrant: not used
3015 4998       3       Many::m1976 (14 bytes)
3015 4999       4       Many::m1976 (14 bytes)
3015 4998       3       Many::m1976 (14 bytes)   made not entrant: not used
3017 5000       3       Many::m1977 (14 bytes)
3017 5001       4       Many::m1977 (14 bytes)
3017 5000       3       Many::m1977 (14 bytes)   made not entrant: not used
3018 5002       3       Many::m1978 (14 bytes)
3018 5003       4       Many::m1978 (14 bytes)
3018 5002       3       Many::m1978 (14 bytes)   made not entrant: not used
3019 5004       3       Many::m1979 (14 bytes)
3019 5005       4       Many::m1979 (14 bytes)
3020 5004       3       Many::m1979 (14 bytes)   made not entrant: not used
3021 5006       3       Many::m1980 (14 bytes)
3021 5007       4       Many::m1980 (14 bytes)
3021 5006       3       Many::m1980 (14 bytes)   made not entrant: not used
3022 5008       3       Many::m1981 (14 bytes)
3022 5009       4       Many::m1981 (14 bytes)
3022 5008       3       Many::m1981 (14 bytes)   made not entrant: not used
3024 5010       3       Many::m1982 (14 bytes)
3024 5011       4       Many::m1982 (14 bytes)
3024 5010       3       Many::m1982 (14 bytes)   made not entrant: not used
3025 5012       3       Many::m1983 (14 bytes)
3025 5013       4       Many::m1983 (14 bytes)
3025 5012       3       Many::m1983 (14 bytes)   made not entrant: not used
3027 5014       3       Many::m1984 (14 bytes)
3027 5015       4       Many::m1984 (14 bytes)
3027 5014       3       Many::m1984 (14 bytes)   made not entrant: not used
3028 5016       3       Many::m1985 (14 bytes)
3028 5017       4       Many::m1985 (14 bytes)
3028 5016       3       Many::m1985 (14 bytes)   made not entrant: not used
3029 5018       3       Many::m1986 (14 bytes)
3029 5019       4       Many::m1986 (14 bytes)
3030 5018       3       Many::m1986 (14 bytes)   made not entrant: not used
3031 5020       3       Many::m1987 (14 bytes)
3031 5021       4       Many::m1987 (14 bytes)
3031 5020       3       Many::m1987 (14 bytes)   made not entrant: not used
3032 5022       3       Many::m1988 (14 bytes)
3032 5023       4       Many::m1988 (14 bytes)
3033 5022       3       Many::m1988 (14 bytes)   made not entrant: not used
3034 5024       3       Many::m1989 (14 bytes)
3034 5025       4       Many::m1989 (14 bytes)
3034 5024       3       Many::m1989 (14 bytes)   made not entrant: not used
3035 5026       3       Many::m1990 (14 bytes)
3035 5027       4       Many::m1990 (14 bytes)
3035 5026       3       Many::m1990 (14 bytes)   made not entrant: not used
3037 5028       3       Many::m1991 (14 bytes)
3037 5029       4       Many::m1991 (14 bytes)
3037 5028       3       Many::m1991 (14 bytes)   made not entrant: not used
3038 5030       3       Many::m1992 (14 bytes)
3038 5031       4       Many::m1992 (14 bytes)
3038 5030       3       Many::m1992 (14 bytes)   made not entrant: not used
3039 5032       3       Many::m1993 (14 bytes)
3040 5033       4       Many::m1993 (14 bytes)
3040 5032       3       Many::m1993 (14 bytes)   made not entrant: not used
3041 5034       3       Many::m1994 (14 bytes)
3041 5035       4       Many::m1994 (14 bytes)
3041 5034       3       Many::m1994 (14 bytes)   made not entrant: not used
3042 5036       3       Many::m1995 (14 bytes)
3042 5037       4       Many::m1995 (14 bytes)
3043 5036       3       Many::m1995 (14 bytes)   made not entrant: not used
3044 5038       3       Many::m1996 (14 bytes)
3044 5039       4       Many::m1996 (14 bytes)
3044 5038       3       Many::m1996 (14 bytes)   made not entrant: not used
3045 5040       3       Many::m1997 (14 bytes)
3045 5041       4       Many::m1997 (14 bytes)
3045 5040       3       Many::m1997 (14 bytes)   made not entrant: not used
3047 5042       3       Many::m1998 (14 bytes)
3047 5043       4       Many::m1998 (14 bytes)
3047 5042       3       Many::m1998 (14 bytes)   made not entrant: not used
3048 5044       3       Many::m1999 (14 bytes)
3048 5045       4       Many::m1999 (14 bytes)
3048 5044       3       Many::m1999 (14 bytes)   made not entrant: not used
3050 5046       3       Many::m2000 (14 bytes)
3050 5047       4       Many::m2000 (14 bytes)
3050 5046       3       Many::m2000 (14 bytes)   made not entrant: not used
3051 5048       3       Many::m2001 (14 bytes)
3051 5049       4       Many::m2001 (14 bytes)
3051 5048       3       Many::m2001 (14 bytes)   made not entrant: not used
3053 5050       3       Many::m2002 (14 bytes)
3053 5051       4       Many::m2002 (14 bytes)
3053 5050       3       Many::m2002 (14 bytes)   made not entrant: not used
3054 5052       3       Many::m2003 (14 bytes)
3054 5053       4       Many::m2003 (14 bytes)
3054 5052       3       Many::m2003 (14 bytes)   made not entrant: not used
3055 5054       3       Many::m2004 (14 bytes)
3055 5055       4       Many::m2004 (14 bytes)
3056 5054       3       Many::m2004 (14 bytes)   made not entrant: not used
3057 5056       3       Many::m2005 (14 bytes)
3057 5057       4       Many::m2005 (14 bytes)
3057 5056       3       Many::m2005 (14 bytes)   made not entrant: not used
3058 5058       3       Many::m2006 (14 bytes)
3058 5059       4       Many::m2006 (14 bytes)
3058 5058       3       Many::m2006 (14 bytes)   made not entrant: not used
3060 5060       3       Many::m2007 (14 bytes)
3060 5061       4       Many::m2007 (14 bytes)
3060 5060       3       Many::m2007 (14 bytes)   made not entrant: not used
3061 5062       3       Many::m2008 (14 bytes)
3061 5063       4       Many::m2008 (14 bytes)
3061 5062       3       Many::m2008 (14 bytes)   made not entrant: not used
3062 5064       3       Many::m2009 (14 bytes)
3063 5065       4       Many::m2009 (14 bytes)
3063 5064       3       Many::m2009 (14 bytes)   made not entrant: not used
3064 5066       3       Many::m2010 (14 bytes)
3064 5067       4       Many::m2010 (14 bytes)
3064 5066       3       Many::m2010 (14 bytes)   made not entrant: not used
3065 5068       3       Many::m2011 (14 bytes)
3065 5069       4       Many::m2011 (14 bytes)
3066 5068       3       Many::m2011 (14 bytes)   made not entrant: not used
3067 5070       3       Many::m2012 (14 bytes)
3067 5071       4       Many::m2012 (14 bytes)
3067 5070       3       Many::m2012 (14 bytes)   made not entrant: not used
3068 5072       3       Many::m2013 (14 bytes)
3068 5073       4       Many::m2013 (14 bytes)
3068 5072       3       Many::m2013 (14 bytes)   made not entrant: not used
3070 5074       3       Many::m2014 (14 bytes)
3070 5075       4       Many::m2014 (14 bytes)
3070 5074       3       Many::m2014 (14 bytes)   made not entrant: not used
3071 5076       3       Many::m2015 (14 bytes)
3071 5077       4       Many::m2015 (14 bytes)
3071 5076       3       Many::m2015 (14 bytes)   made not entrant: not used
3073 5078       3       Many::m2016 (14 bytes)
3073 5079       4       Many::m2016 (14 bytes)
3073 5078       3       Many::m2016 (14 bytes)   made not entrant: not used
3074 5080       3       Many::m2017 (14 bytes)
3074 5081       4       Many::m2017 (14 bytes)
3074 5080       3       Many::m2017 (14 bytes)   made not entrant: not used
3075 5082       3       Many::m2018 (14 bytes)
3076 5083       4       Many::m2018 (14 bytes)
3076 5082       3       Many::m2018 (14 bytes)   made not entrant: not used
3077 5084       3       Many::m2019 (14 bytes)
3077 5085       4       Many::m2019 (14 bytes)
3077 5084       3       Many::m2019 (14 bytes)   made not entrant: not used
3078 5086       3       Many::m2020 (14 bytes)
3078 5087       4       Many::m2020 (14 bytes)
3078 5086       3       Many::m2020 (14 bytes)   made not entrant: not used
3080 5088       3       Many::m2021 (14 bytes)
3080 5089       4       Many::m2021 (14 bytes)
3080 5088       3       Many::m2021 (14 bytes)   made not entrant: not used
3081 5090       3       Many::m2022 (14 bytes)
3081 5091       4       Many::m2022 (14 bytes)
3082 5090       3       Many::m2022 (14 bytes)   made not entrant: not used
3083 5092       3       Many::m2023 (14 bytes)
3083 5093       4       Many::m2023 (14 bytes)
3083 5092       3       Many::m2023 (14 bytes)   made not entrant: not used
3084 5094       3       Many::m2024 (14 bytes)
3084 5095       4       Many::m2024 (14 bytes)
3084 5094       3       Many::m2024 (14 bytes)   made not entrant: not used
3086 5096       3       Many::m2025 (14 bytes)
3086 5097       4       Many::m2025 (14 bytes)
3086 5096       3       Many::m2025 (14 bytes)   made not entrant: not used
3087 5098       3       Many::m2026 (14 bytes)
3087 5099       4       Many::m2026 (14 bytes)
3087 5098       3       Many::m2026 (14 bytes)   made not entrant: not used
3088 5100       3       Many::m2027 (14 bytes)
3089 5101       4       Many::m2027 (14 bytes)
3089 5100       3       Many::m2027 (14 bytes)   made not entrant: not used
3090 5102       3       Many::m2028 (14 bytes)
3090 5103       4       Many::m2028 (14 bytes)
3090 5102       3       Many::m2028 (14 bytes)   made not entrant: not used
3091 5104       3       Many::m2029 (14 bytes)
3091 5105       4       Many::m2029 (14 bytes)
3092 5104       3       Many::m2029 (14 bytes)   made not entrant: not used
3093 5106       3       Many::m2030 (14 bytes)
3093 5107       4       Many::m2030 (14 bytes)
3093 5106       3       Many::m2030 (14 bytes)   made not entrant: not used
3094 5108       3       Many::m2031 (14 bytes)
3094 5109       4       Many::m2031 (14 bytes)
3094 5108       3       Many::m2031 (14 bytes)   made not entrant: not used
3096 5110       3       Many::m2032 (14 bytes)
3096 5111       4       Many::m2032 (14 bytes)
3096 5110       3       Many::m2032 (14 bytes)   made not entrant: not used
3097 5112       3       Many::m2033 (14 bytes)
3097 5113       4       Many::m2033 (14 bytes)
3097 5112       3       Many::m2033 (14 bytes)   made not entrant: not used
3099 5114       3       Many::m2034 (14 bytes)
3099 5115       4       Many::m2034 (14 bytes)
3099 5114       3       Many::m2034 (14 bytes)   made not entrant: not used
3100 5116       3       Many::m2035 (14 bytes)
3100 5117       4       Many::m2035 (14 bytes)
3100 5116       3       Many::m2035 (14 bytes)   made not entrant: not used
3101 5118       3       Many::m2036 (14 bytes)
3102 5119       4       Many::m2036 (14 bytes)
3102 5118       3       Many::m2036 (14 bytes)   made not entrant: not used
3103 5120       3       Many::m2037 (14 bytes)
3103 5121       4       Many::m2037 (14 bytes)
3103 5120       3       Many::m2037 (14 bytes)   made not entrant: not used
3104 5122       3       Many::m2038 (14 bytes)
3104 5123       4       Many::m2038 (14 bytes)
3104 5122       3       Many::m2038 (14 bytes)   made not entrant: not used
3106 5124       3       Many::m2039 (14 bytes)
3106 5125       4       Many::m2039 (14 bytes)
3106 5124       3       Many::m2039 (14 bytes)   made not entrant: not used
3107 5126       3       Many::m2040 (14 bytes)
3107 5127       4       Many::m2040 (14 bytes)
3107 5126       3       Many::m2040 (14 bytes)   made not entrant: not used
3109 5128       3       Many::m2041 (14 bytes)
3109 5129       4       Many::m2041 (14 bytes)
3109 5128       3       Many::m2041 (14 bytes)   made not entrant: not used
3110 5130       3       Many::m2042 (14 bytes)
3110 5131       4       Many::m2042 (14 bytes)
3110 5130       3       Many::m2042 (14 bytes)   made not entrant: not used
3111 5132       3       Many::m2043 (14 bytes)
3111 5133       4       Many::m2043 (14 bytes)
3112 5132       3       Many::m2043 (14 bytes)   made not entrant: not used
3113 5134       3       Many::m2044 (14 bytes)
3113 5135       4       Many::m2044 (14 bytes)
3113 5134       3       Many::m2044 (14 bytes)   made not entrant: not used
3114 5136       3       Many::m2045 (14 bytes)
3114 5137       4       Many::m2045 (14 bytes)
3114 5136       3       Many::m2045 (14 bytes)   made not entrant: not used
3116 5138       3       Many::m2046 (14 bytes)
3116 5139       4       Many::m2046 (14 bytes)
3116 5138       3       Many::m2046 (14 bytes)   made not entrant: not used
3117 5140       3       Many::m2047 (14 bytes)
3117 5141       4       Many::m2047 (14 bytes)
3117 5140       3       Many::m2047 (14 bytes)   made not entrant: not used
3119 5142       3       Many::m2048 (14 bytes)
3119 5143       4       Many::m2048 (14 bytes)
3119 5142       3       Many::m2048 (14 bytes)   made not entrant: not used
3120 5144       3       Many::m2049 (14 bytes)
3120 5145       4       Many::m2049 (14 bytes)
3120 5144       3       Many::m2049 (14 bytes)   made not entrant: not used
3121 5146       3       Many::m2050 (14 bytes)
3122 5147       4       Many::m2050 (14 bytes)
3122 5146       3       Many::m2050 (14 bytes)   made not entrant: not used
3123 5148       3       Many::m2051 (14 bytes)
3123 5149       4       Many::m2051 (14 bytes)
3123 5148       3       Many::m2051 (14 bytes)   made not entrant: not used
3124 5150       3       Many::m2052 (14 bytes)
3124 5151       4       Many::m2052 (14 bytes)
3124 5150       3       Many::m2052 (14 bytes)   made not entrant: not used
3126 5152       3       Many::m2053 (14 bytes)
3126 5153       4       Many::m2053 (14 bytes)
3126 5152       3       Many::m2053 (14 bytes)   made not entrant: not used
3127 5154       3       Many::m2054 (14 bytes)
3127 5155       4       Many::m2054 (14 bytes)
3127 5154       3       Many::m2054 (14 bytes)   made not entrant: not used
3128 5156       3       Many::m2055 (14 bytes)
3129 5157       4       Many::m2055 (14 bytes)
3129 5156       3       Many::m2055 (14 bytes)   made not entrant: not used
3130 5158       3       Many::m2056 (14 bytes)
3130 5159       4       Many::m2056 (14 bytes)
3130 5158       3       Many::m2056 (14 bytes)   made not entrant: not used
3131 5160       3       Many::m2057 (14 bytes)
3132 5161       4       Many::m2057 (14 bytes)
3132 5160       3       Many::m2057 (14 bytes)   made not entrant: not used
3133 5162       3       Many::m2058 (14 bytes)
3133 5163       4       Many::m2058 (14 bytes)
3133 5162       3       Many::m2058 (14 bytes)   made not entrant: not used
3134 5164       3       Many::m2059 (14 bytes)
3134 5165       4       Many::m2059 (14 bytes)
3134 5164       3       Many::m2059 (14 bytes)   made not entrant: not used
3136 5166       3       Many::m2060 (14 bytes)
3136 5167       4       Many::m2060 (14 bytes)
3136 5166       3       Many::m2060 (14 bytes)   made not entrant: not used
3137 5168       3       Many::m2061 (14 bytes)
3137 5169       4       Many::m2061 (14 bytes)
3137 5168       3       Many::m2061 (14 bytes)   made not entrant: not used
3139 5170       3       Many::m2062 (14 bytes)
3139 5171       4       Many::m2062 (14 bytes)
3139 5170       3       Many::m2062 (14 bytes)   made not entrant: not used
3140 5172       3       Many::m2063 (14 bytes)
3140 5173       4       Many::m2063 (14 bytes)
3140 5172       3       Many::m2063 (14 bytes)   made not entrant: not used
3141 5174       3       Many::m2064 (14 bytes)
3142 5175       4       Many::m2064 (14 bytes)
3142 5174       3       Many::m2064 (14 bytes)   made not entrant: not used
3143 5176       3       Many::m2065 (14 bytes)
3143 5177       4       Many::m2065 (14 bytes)
3143 5176       3       Many::m2065 (14 bytes)   made not entrant: not used
3144 5178       3       Many::m2066 (14 bytes)
3144 5179       4       Many::m2066 (14 bytes)
3145 5178       3       Many::m2066 (14 bytes)   made not entrant: not used
3146 5180       3       Many::m2067 (14 bytes)
3146 5181       4       Many::m2067 (14 bytes)
3146 5180       3       Many::m2067 (14 bytes)   made not entrant: not used
3147 5182       3       Many::m2068 (14 bytes)
3147 5183       4       Many::m2068 (14 bytes)
3147 5182       3       Many::m2068 (14 bytes)   made not entrant: not used
3149 5184       3       Many::m2069 (14 bytes)
3149 5185       4       Many::m2069 (14 bytes)
3149 5184       3       Many::m2069 (14 bytes)   made not entrant: not used
3150 5186       3       Many::m2070 (14 bytes)
3150 5187       4       Many::m2070 (14 bytes)
3150 5186       3       Many::m2070 (14 bytes)   made not entrant: not used
3152 5188       3       Many::m2071 (14 bytes)
3152 5189       4       Many::m2071 (14 bytes)
3152 5188       3       Many::m2071 (14 bytes)   made not entrant: not used
3153 5190       3       Many::m2072 (14 bytes)
3153 5191       4       Many::m2072 (14 bytes)
3153 5190       3       Many::m2072 (14 bytes)   made not entrant: not used
3154 5192       3       Many::m2073 (14 bytes)
3154 5193       4       Many::m2073 (14 bytes)
3155 5192       3       Many::m2073 (14 bytes)   made not entrant: not used
3156 5194       3       Many::m2074 (14 bytes)
3156 5195       4       Many::m2074 (14 bytes)
3156 5194       3       Many::m2074 (14 bytes)   made not entrant: not used
3157 5196       3       Many::m2075 (14 bytes)
3157 5197       4       Many::m2075 (14 bytes)
3157 5196       3       Many::m2075 (14 bytes)   made not entrant: not used
3159 5198       3       Many::m2076 (14 bytes)
3159 5199       4       Many::m2076 (14 bytes)
3159 5198       3       Many::m2076 (14 bytes)   made not entrant: not used
3160 5200       3       Many::m2077 (14 bytes)
3160 5201       4       Many::m2077 (14 bytes)
3160 5200       3       Many::m2077 (14 bytes)   made not entrant: not used
3162 5202       3       Many::m2078 (14 bytes)
3162 5203       4       Many::m2078 (14 bytes)
3162 5202       3       Many::m2078 (14 bytes)   made not entrant: not used
3163 5204       3       Many::m2079 (14 bytes)
3163 5205       4       Many::m2079 (14 bytes)
3163 5204       3       Many::m2079 (14 bytes)   made not entrant: not used
3164 5206       3       Many::m2080 (14 bytes)
3164 5207       4       Many::m2080 (14 bytes)
3165 5206       3       Many::m2080 (14 bytes)   made not entrant: not used
3166 5208       3       Many::m2081 (14 bytes)
3166 5209       4       Many::m2081 (14 bytes)
3166 5208       3       Many::m2081 (14 bytes)   made not entrant: not used
3167 5210       3       Many::m2082 (14 bytes)
3167 5211       4       Many::m2082 (14 bytes)
3168 5210       3       Many::m2082 (14 bytes)   made not entrant: not used
3169 5212       3       Many::m2083 (14 bytes)
3169 5213       4       Many::m2083 (14 bytes)
3169 5212       3       Many::m2083 (14 bytes)   made not entrant: not used
3170 5214       3       Many::m2084 (14 bytes)
3170 5215       4       Many::m2084 (14 bytes)
3170 5214       3       Many::m2084 (14 bytes)   made not entrant: not used
3172 5216       3       Many::m2085 (14 bytes)
3172 5217       4       Many::m2085 (14 bytes)
3172 5216       3       Many::m2085 (14 bytes)   made not entrant: not used
3173 5218       3       Many::m2086 (14 bytes)
3173 5219       4       Many::m2086 (14 bytes)
3173 5218       3       Many::m2086 (14 bytes)   made not entrant: not used
3175 5220       3       Many::m2087 (14 bytes)
3175 5221       4       Many::m2087 (14 bytes)
3175 5220       3       Many::m2087 (14 bytes)   made not entrant: not used
3176 5222       3       Many::m2088 (14 bytes)
3176 5223       4       Many::m2088 (14 bytes)
3176 5222       3       Many::m2088 (14 bytes)   made not entrant: not used
3177 5224       3       Many::m2089 (14 bytes)
3178 5225       4       Many::m2089 (14 bytes)
3178 5224       3       Many::m2089 (14 bytes)   made not entrant: not used
3179 5226       3       Many::m2090 (14 bytes)
3179 5227       4       Many::m2090 (14 bytes)
3179 5226       3       Many::m2090 (14 bytes)   made not entrant: not used
3180 5228       3       Many::m2091 (14 bytes)
3181 5229       4       Many::m2091 (14 bytes)
3181 5228       3       Many::m2091 (14 bytes)   made not entrant: not used
3182 5230       3       Many::m2092 (14 bytes)
3182 5231       4       Many::m2092 (14 bytes)
3182 5230       3       Many::m2092 (14 bytes)   made not entrant: not used
3184 5232       3       Many::m2093 (14 bytes)
3184 5233       4       Many::m2093 (14 bytes)
3184 5232       3       Many::m2093 (14 bytes)   made not entrant: not used
3185 5234       3       Many::m2094 (14 bytes)
3185 5235       4       Many::m2094 (14 bytes)
3185 5234       3       Many::m2094 (14 bytes)   made not entrant: not used
3186 5236       3       Many::m2095 (14 bytes)
3186 5237       4       Many::m2095 (14 bytes)
3187 5236       3       Many::m2095 (14 bytes)   made not entrant: not used
3188 5238       3       Many::m2096 (14 bytes)
3188 5239       4       Many::m2096 (14 bytes)
3188 5238       3       Many::m2096 (14 bytes)   made not entrant: not used
3189 5240       3       Many::m2097 (14 bytes)
3189 5241       4       Many::m2097 (14 bytes)
3189 5240       3       Many::m2097 (14 bytes)   made not entrant: not used
3191 5242       3       Many::m2098 (14 bytes)
3191 5243       4       Many::m2098 (14 bytes)
3191 5242       3       Many::m2098 (14 bytes)   made not entrant: not used
3192 5244       3       Many::m2099 (14 bytes)
3192 5245       4       Many::m2099 (14 bytes)
3192 5244       3       Many::m2099 (14 bytes)   made not entrant: not used
3194 5246       3       Many::m2100 (14 bytes)
3194 5247       4       Many::m2100 (14 bytes)
3194 5246       3       Many::m2100 (14 bytes)   made not entrant: not used
3195 5248       3       Many::m2101 (14 bytes)
3195 5249       4       Many::m2101 (14 bytes)
3195 5248       3       Many::m2101 (14 bytes)   made not entrant: not used
3196 5250       3       Many::m2102 (14 bytes)
3197 5251       4       Many::m2102 (14 bytes)
3197 5250       3       Many::m2102 (14 bytes)   made not entrant: not used
3198 5252       3       Many::m2103 (14 bytes)
3198 5253       4       Many::m2103 (14 bytes)
3198 5252       3       Many::m2103 (14 bytes)   made not entrant: not used
3199 5254       3       Many::m2104 (14 bytes)
3200 5255       4       Many::m2104 (14 bytes)
3200 5254       3       Many::m2104 (14 bytes)   made not entrant: not used
3201 5256       3       Many::m2105 (14 bytes)
3201 5257       4       Many::m2105 (14 bytes)
3201 5256       3       Many::m2105 (14 bytes)   made not entrant: not used
3202 5258       3       Many::m2106 (14 bytes)
3202 5259       4       Many::m2106 (14 bytes)
3203 5258       3       Many::m2106 (14 bytes)   made not entrant: not used
3204 5260       3       Many::m2107 (14 bytes)
3204 5261       4       Many::m2107 (14 bytes)
3204 5260       3       Many::m2107 (14 bytes)   made not entrant: not used
3205 5262       3       Many::m2108 (14 bytes)
3205 5263       4       Many::m2108 (14 bytes)
3205 5262       3       Many::m2108 (14 bytes)   made not entrant: not used
3207 5264       3       Many::m2109 (14 bytes)
3207 5265       4       Many::m2109 (14 bytes)
3207 5264       3       Many::m2109 (14 bytes)   made not entrant: not used
3208 5266       3       Many::m2110 (14 bytes)
3208 5267       4       Many::m2110 (14 bytes)
3208 5266       3       Many::m2110 (14 bytes)   made not entrant: not used
3210 5268       3       Many::m2111 (14 bytes)
3210 5269       4       Many::m2111 (14 bytes)
3210 5268       3       Many::m2111 (14 bytes)   made not entrant: not used
3211 5270       3       Many::m2112 (14 bytes)
3211 5271       4       Many::m2112 (14 bytes)
3211 5270       3       Many::m2112 (14 bytes)   made not entrant: not used
3212 5272       3       Many::m2113 (14 bytes)
3213 5273       4       Many::m2113 (14 bytes)
3213 5272       3       Many::m2113 (14 bytes)   made not entrant: not used
3214 5274       3       Many::m2114 (14 bytes)
3214 5275       4       Many::m2114 (14 bytes)
3214 5274       3       Many::m2114 (14 bytes)   made not entrant: not used
3215 5276       3       Many::m2115 (14 bytes)
3215 5277       4       Many::m2115 (14 bytes)
3216 5276       3       Many::m2115 (14 bytes)   made not entrant: not used
3217 5278       3       Many::m2116 (14 bytes)
3217 5279       4       Many::m2116 (14 bytes)
3217 5278       3       Many::m2116 (14 bytes)   made not entrant: not used
3218 5280       3       Many::m2117 (14 bytes)
3218 5281       4       Many::m2117 (14 bytes)
3218 5280       3       Many::m2117 (14 bytes)   made not entrant: not used
3220 5282       3       Many::m2118 (14 bytes)
3220 5283       4       Many::m2118 (14 bytes)
3220 5282       3       Many::m2118 (14 bytes)   made not entrant: not used
3221 5284       3       Many::m2119 (14 bytes)
3221 5285       4       Many::m2119 (14 bytes)
3221 5284       3       Many::m2119 (14 bytes)   made not entrant: not used
3223 5286       3       Many::m2120 (14 bytes)
3223 5287       4       Many::m2120 (14 bytes)
3223 5286       3       Many::m2120 (14 bytes)   made not entrant: not used
3224 5288       3       Many::m2121 (14 bytes)
3224 5289       4       Many::m2121 (14 bytes)
3224 5288       3       Many::m2121 (14 bytes)   made not entrant: not used
3225 5290       3       Many::m2122 (14 bytes)
3225 5291       4       Many::m2122 (14 bytes)
3226 5290       3       Many::m2122 (14 bytes)   made not entrant: not used
3227 5292       3       Many::m2123 (14 bytes)
3227 5293       4       Many::m2123 (14 bytes)
3227 5292       3       Many::m2123 (14 bytes)   made not entrant: not used
3228 5294       3       Many::m2124 (14 bytes)
3228 5295       4       Many::m2124 (14 bytes)
3228 5294       3       Many::m2124 (14 bytes)   made not entrant: not used
3230 5296       3       Many::m2125 (14 bytes)
3230 5297       4       Many::m2125 (14 bytes)
3230 5296       3       Many::m2125 (14 bytes)   made not entrant: not used
3231 5298       3       Many::m2126 (14 bytes)
3231 5299       4       Many::m2126 (14 bytes)
3231 5298       3       Many::m2126 (14 bytes)   made not entrant: not used
3233 5300       3       Many::m2127 (14 bytes)
3233 5301       4       Many::m2127 (14 bytes)
3233 5300       3       Many::m2127 (14 bytes)   made not entrant: not used
3234 5302       3       Many::m2128 (14 bytes)
3234 5303       4       Many::m2128 (14 bytes)
3234 5302       3       Many::m2128 (14 bytes)   made not entrant: not used
3236 5304       3       Many::m2129 (14 bytes)
3236 5305       4       Many::m2129 (14 bytes)
3236 5304       3       Many::m2129 (14 bytes)   made not entrant: not used
3237 5306       3       Many::m2130 (14 bytes)
3237 5307       4       Many::m2130 (14 bytes)
3237 5306       3       Many::m2130 (14 bytes)   made not entrant: not used
3238 5308       3       Many::m2131 (14 bytes)
3239 5309       4       Many::m2131 (14 bytes)
3239 5308       3       Many::m2131 (14 bytes)   made not entrant: not used
3240 5310       3       Many::m2132 (14 bytes)
3240 5311       4       Many::m2132 (14 bytes)
3240 5310       3       Many::m2132 (14 bytes)   made not entrant: not used
3241 5312       3       Many::m2133 (14 bytes)
3241 5313       4       Many::m2133 (14 bytes)
3241 5312       3       Many::m2133 (14 bytes)   made not entrant: not used
3243 5314       3       Many::m2134 (14 bytes)
3243 5315       4       Many::m2134 (14 bytes)
3243 5314       3       Many::m2134 (14 bytes)   made not entrant: not used
3244 5316       3       Many::m2135 (14 bytes)
3244 5317       4       Many::m2135 (14 bytes)
3244 5316       3       Many::m2135 (14 bytes)   made not entrant: not used
3245 5318       3       Many::m2136 (14 bytes)
3246 5319       4       Many::m2136 (14 bytes)
3246 5318       3       Many::m2136 (14 bytes)   made not entrant: not used
3247 5320       3       Many::m2137 (14 bytes)
3247 5321       4       Many::m2137 (14 bytes)
3247 5320       3       Many::m2137 (14 bytes)   made not entrant: not used
3248 5322       3       Many::m2138 (14 bytes)
3248 5323       4       Many::m2138 (14 bytes)
3249 5322       3       Many::m2138 (14 bytes)   made not entrant: not used
3250 5324       3       Many::m2139 (14 bytes)
3250 5325       4       Many::m2139 (14 bytes)
3250 5324       3       Many::m2139 (14 bytes)   made not entrant: not used
3251 5326       3       Many::m2140 (14 bytes)
3251 5327       4       Many::m2140 (14 bytes)
3251 5326       3       Many::m2140 (14 bytes)   made not entrant: not used
3253 5328       3       Many::m2141 (14 bytes)
3253 5329       4       Many::m2141 (14 bytes)
3253 5328       3       Many::m2141 (14 bytes)   made not entrant: not used
3254 5330       3       Many::m2142 (14 bytes)
3254 5331       4       Many::m2142 (14 bytes)
3254 5330       3       Many::m2142 (14 bytes)   made not entrant: not used
3256 5332       3       Many::m2143 (14 bytes)
3256 5333       4       Many::m2143 (14 bytes)
3256 5332       3       Many::m2143 (14 bytes)   made not entrant: not used
3257 5334       3       Many::m2144 (14 bytes)
3257 5335       4       Many::m2144 (14 bytes)
3257 5334       3       Many::m2144 (14 bytes)   made not entrant: not used
3258 5336       3       Many::m2145 (14 bytes)
3258 5337       4       Many::m2145 (14 bytes)
3258 5336       3       Many::m2145 (14 bytes)   made not entrant: not used
3260 5338       3       Many::m2146 (14 bytes)
3260 5339       4       Many::m2146 (14 bytes)
3260 5338       3       Many::m2146 (14 bytes)   made not entrant: not used
3261 5340       3       Many::m2147 (14 bytes)
3261 5341       4       Many::m2147 (14 bytes)
3261 5340       3       Many::m2147 (14 bytes)   made not entrant: not used
3263 5342       3       Many::m2148 (14 bytes)
3263 5343       4       Many::m2148 (14 bytes)
3263 5342       3       Many::m2148 (14 bytes)   made not entrant: not used
3264 5344       3       Many::m2149 (14 bytes)
3264 5345       4       Many::m2149 (14 bytes)
3264 5344       3       Many::m2149 (14 bytes)   made not entrant: not used
3266 5346       3       Many::m2150 (14 bytes)
3266 5347       4       Many::m2150 (14 bytes)
3266 5346       3       Many::m2150 (14 bytes)   made not entrant: not used
3267 5348       3       Many::m2151 (14 bytes)
3267 5349       4       Many::m2151 (14 bytes)
3267 5348       3       Many::m2151 (14 bytes)   made not entrant: not used
3268 5350       3       Many::m2152 (14 bytes)
3268 5351       4       Many::m2152 (14 bytes)
3269 5350       3       Many::m2152 (14 bytes)   made not entrant: not used
3270 5352       3       Many::m2153 (14 bytes)
3270 5353       4       Many::m2153 (14 bytes)
3270 5352       3       Many::m2153 (14 bytes)   made not entrant: not used
3271 5354       3       Many::m2154 (14 bytes)
3271 5355       4       Many::m2154 (14 bytes)
3271 5354       3       Many::m2154 (14 bytes)   made not entrant: not used
3273 5356       3       Many::m2155 (14 bytes)
3273 5357       4       Many::m2155 (14 bytes)
3273 5356       3       Many::m2155 (14 bytes)   made not entrant: not used
3274 5358       3       Many::m2156 (14 bytes)
3274 5359       4       Many::m2156 (14 bytes)
3274 5358       3       Many::m2156 (14 bytes)   made not entrant: not used
3276 5360       3       Many::m2157 (14 bytes)
3276 5361       4       Many::m2157 (14 bytes)
3276 5360       3       Many::m2157 (14 bytes)   made not entrant: not used
3277 5362       3       Many::m2158 (14 bytes)
3277 5363       4       Many::m2158 (14 bytes)
3277 5362       3       Many::m2158 (14 bytes)   made not entrant: not used
3278 5364       3       Many::m2159 (14 bytes)
3279 5365       4       Many::m2159 (14 bytes)
3279 5364       3       Many::m2159 (14 bytes)   made not entrant: not used
3280 5366       3       Many::m2160 (14 bytes)
3280 5367       4       Many::m2160 (14 bytes)
3280 5366       3       Many::m2160 (14 bytes)   made not entrant: not used
3281 5368       3       Many::m2161 (14 bytes)
3281 5369       4       Many::m2161 (14 bytes)
3282 5368       3       Many::m2161 (14 bytes)   made not entrant: not used
3283 5370       3       Many::m2162 (14 bytes)
3283 5371       4       Many::m2162 (14 bytes)
3283 5370       3       Many::m2162 (14 bytes)   made not entrant: not used
3284 5372       3       Many::m2163 (14 bytes)
3284 5373       4       Many::m2163 (14 bytes)
3284 5372       3       Many::m2163 (14 bytes)   made not entrant: not used
3286 5374       3       Many::m2164 (14 bytes)
3286 5375       4       Many::m2164 (14 bytes)
3286 5374       3       Many::m2164 (14 bytes)   made not entrant: not used
3287 5376       3       Many::m2165 (14 bytes)
3287 5377       4       Many::m2165 (14 bytes)
3287 5376       3       Many::m2165 (14 bytes)   made not entrant: not used
3289 5378       3       Many::m2166 (14 bytes)
3289 5379       4       Many::m2166 (14 bytes)
3289 5378       3       Many::m2166 (14 bytes)   made not entrant: not used
3290 5380       3       Many::m2167 (14 bytes)
3290 5381       4       Many::m2167 (14 bytes)
3290 5380       3       Many::m2167 (14 bytes)   made not entrant: not used
3291 5382       3       Many::m2168 (14 bytes)
3292 5383       4       Many::m2168 (14 bytes)
3292 5382       3       Many::m2168 (14 bytes)   made not entrant: not used
3293 5384       3       Many::m2169 (14 bytes)
3293 5385       4       Many::m2169 (14 bytes)
3293 5384       3       Many::m2169 (14 bytes)   made not entrant: not used
3294 5386       3       Many::m2170 (14 bytes)
3294 5387       4       Many::m2170 (14 bytes)
3294 5386       3       Many::m2170 (14 bytes)   made not entrant: not used
3296 5388       3       Many::m2171 (14 bytes)
3296 5389       4       Many::m2171 (14 bytes)
3296 5388       3       Many::m2171 (14 bytes)   made not entrant: not used
3297 5390       3       Many::m2172 (14 bytes)
3297 5391       4       Many::m2172 (14 bytes)
3297 5390       3       Many::m2172 (14 bytes)   made not entrant: not used
3299 5392       3       Many::m2173 (14 bytes)
3299 5393       4       Many::m2173 (14 bytes)
3299 5392       3       Many::m2173 (14 bytes)   made not entrant: not used
3300 5394       3       Many::m2174 (14 bytes)
3300 5395       4       Many::m2174 (14 bytes)
3300 5394       3       Many::m2174 (14 bytes)   made not entrant: not used
3302 5396       3       Many::m2175 (14 bytes)
3302 5397       4       Many::m2175 (14 bytes)
3302 5396       3       Many::m2175 (14 bytes)   made not entrant: not used
3303 5398       3       Many::m2176 (14 bytes)
3303 5399       4       Many::m2176 (14 bytes)
3303 5398       3       Many::m2176 (14 bytes)   made not entrant: not used
3304 5400       3       Many::m2177 (14 bytes)
3305 5401       4       Many::m2177 (14 bytes)
3305 5400       3       Many::m2177 (14 bytes)   made not entrant: not used
3306 5402       3       Many::m2178 (14 bytes)
3306 5403       4       Many::m2178 (14 bytes)
3306 5402       3       Many::m2178 (14 bytes)   made not entrant: not used
3307 5404       3       Many::m2179 (14 bytes)
3307 5405       4       Many::m2179 (14 bytes)
3307 5404       3       Many::m2179 (14 bytes)   made not entrant: not used
3309 5406       3       Many::m2180 (14 bytes)
3309 5407       4       Many::m2180 (14 bytes)
3309 5406       3       Many::m2180 (14 bytes)   made not entrant: not used
3310 5408       3       Many::m2181 (14 bytes)
3310 5409       4       Many::m2181 (14 bytes)
3310 5408       3       Many::m2181 (14 bytes)   made not entrant: not used
3312 5410       3       Many::m2182 (14 bytes)
3312 5411       4       Many::m2182 (14 bytes)
3312 5410       3       Many::m2182 (14 bytes)   made not entrant: not used
3313 5412       3       Many::m2183 (14 bytes)
3313 5413       4       Many::m2183 (14 bytes)
3313 5412       3       Many::m2183 (14 bytes)   made not entrant: not used
3314 5414       3       Many::m2184 (14 bytes)
3315 5415       4       Many::m2184 (14 bytes)
3315 5414       3       Many::m2184 (14 bytes)   made not entrant: not used
3316 5416       3       Many::m2185 (14 bytes)
3316 5417       4       Many::m2185 (14 bytes)
3316 5416       3       Many::m2185 (14 bytes)   made not entrant: not used
3317 5418       3       Many::m2186 (14 bytes)
3317 5419       4       Many::m2186 (14 bytes)
3318 5418       3       Many::m2186 (14 bytes)   made not entrant: not used
3319 5420       3       Many::m2187 (14 bytes)
3319 5421       4       Many::m2187 (14 bytes)
3319 5420       3       Many::m2187 (14 bytes)   made not entrant: not used
3320 5422       3       Many::m2188 (14 bytes)
3320 5423       4       Many::m2188 (14 bytes)
3320 5422       3       Many::m2188 (14 bytes)   made not entrant: not used
3322 5424       3       Many::m2189 (14 bytes)
3322 5425       4       Many::m2189 (14 bytes)
3322 5424       3       Many::m2189 (14 bytes)   made not entrant: not used
3323 5426       3       Many::m2190 (14 bytes)
3323 5427       4       Many::m2190 (14 bytes)
3323 5426       3       Many::m2190 (14 bytes)   made not entrant: not used
3325 5428       3       Many::m2191 (14 bytes)
3325 5429       4       Many::m2191 (14 bytes)
3325 5428       3       Many::m2191 (14 bytes)   made not entrant: not used
3326 5430       3       Many::m2192 (14 bytes)
3326 5431       4       Many::m2192 (14 bytes)
3326 5430       3       Many::m2192 (14 bytes)   made not entrant: not used
3327 5432       3       Many::m2193 (14 bytes)
3328 5433       4       Many::m2193 (14 bytes)
3328 5432       3       Many::m2193 (14 bytes)   made not entrant: not used
3329 5434       3       Many::m2194 (14 bytes)
3329 5435       4       Many::m2194 (14 bytes)
3329 5434       3       Many::m2194 (14 bytes)   made not entrant: not used
3330 5436       3       Many::m2195 (14 bytes)
3330 5437       4       Many::m2195 (14 bytes)
3331 5436       3       Many::m2195 (14 bytes)   made not entrant: not used
3332 5438       3       Many::m2196 (14 bytes)
3332 5439       4       Many::m2196 (14 bytes)
3332 5438       3       Many::m2196 (14 bytes)   made not entrant: not used
3333 5440       3       Many::m2197 (14 bytes)
3333 5441       4       Many::m2197 (14 bytes)
3333 5440       3       Many::m2197 (14 bytes)   made not entrant: not used
3335 5442       3       Many::m2198 (14 bytes)
3335 5443       4       Many::m2198 (14 bytes)
3335 5442       3       Many::m2198 (14 bytes)   made not entrant: not used
3336 5444       3       Many::m2199 (14 bytes)
3336 5445       4       Many::m2199 (14 bytes)
3336 5444       3       Many::m2199 (14 bytes)   made not entrant: not used
3338 5446       3       Many::m2200 (14 bytes)
3338 5447       4       Many::m2200 (14 bytes)
3338 5446       3       Many::m2200 (14 bytes)   made not entrant: not used
3339 5448       3       Many::m2201 (14 bytes)
3339 5449       4       Many::m2201 (14 bytes)
3339 5448       3       Many::m2201 (14 bytes)   made not entrant: not used
3340 5450       3       Many::m2202 (14 bytes)
3340 5451       4       Many::m2202 (14 bytes)
3341 5450       3       Many::m2202 (14 bytes)   made not entrant: not used
3342 5452       3       Many::m2203 (14 bytes)
3342 5453       4       Many::m2203 (14 bytes)
3342 5452       3       Many::m2203 (14 bytes)   made not entrant: not used
3343 5454       3       Many::m2204 (14 bytes)
3343 5455       4       Many::m2204 (14 bytes)
3343 5454       3       Many::m2204 (14 bytes)   made not entrant: not used
3345 5456       3       Many::m2205 (14 bytes)
3345 5457       4       Many::m2205 (14 bytes)
3345 5456       3       Many::m2205 (14 bytes)   made not entrant: not used
3346 5458       3       Many::m2206 (14 bytes)
3346 5459       4       Many::m2206 (14 bytes)
3346 5458       3       Many::m2206 (14 bytes)   made not entrant: not used
3348 5460       3       Many::m2207 (14 bytes)
3348 5461       4       Many::m2207 (14 bytes)
3348 5460       3       Many::m2207 (14 bytes)   made not entrant: not used
3349 5462       3       Many::m2208 (14 bytes)
3349 5463       4       Many::m2208 (14 bytes)
3349 5462       3       Many::m2208 (14 bytes)   made not entrant: not used
3350 5464       3       Many::m2209 (14 bytes)
3351 5465       4       Many::m2209 (14 bytes)
3351 5464       3       Many::m2209 (14 bytes)   made not entrant: not used
3352 5466       3       Many::m2210 (14 bytes)
3352 5467       4       Many::m2210 (14 bytes)
3352 5466       3       Many::m2210 (14 bytes)   made not entrant: not used
3353 5468       3       Many::m2211 (14 bytes)
3353 5469       4       Many::m2211 (14 bytes)
3353 5468       3       Many::m2211 (14 bytes)   made not entrant: not used
3355 5470       3       Many::m2212 (14 bytes)
3355 5471       4       Many::m2212 (14 bytes)
3355 5470       3       Many::m2212 (14 bytes)   made not entrant: not used
3356 5472       3       Many::m2213 (14 bytes)
3356 5473       4       Many::m2213 (14 bytes)
3356 5472       3       Many::m2213 (14 bytes)   made not entrant: not used
3358 5474       3       Many::m2214 (14 bytes)
3358 5475       4       Many::m2214 (14 bytes)
3358 5474       3       Many::m2214 (14 bytes)   made not entrant: not used
3359 5476       3       Many::m2215 (14 bytes)
3359 5477       4       Many::m2215 (14 bytes)
3359 5476       3       Many::m2215 (14 bytes)   made not entrant: not used
3360 5478       3       Many::m2216 (14 bytes)
3361 5479       4       Many::m2216 (14 bytes)
3361 5478       3       Many::m2216 (14 bytes)   made not entrant: not used
3362 5480       3       Many::m2217 (14 bytes)
3362 5481       4       Many::m2217 (14 bytes)
3362 5480       3       Many::m2217 (14 bytes)   made not entrant: not used
3363 5482       3       Many::m2218 (14 bytes)
3363 5483       4       Many::m2218 (14 bytes)
3363 5482       3       Many::m2218 (14 bytes)   made not entrant: not used
3365 5484       3       Many::m2219 (14 bytes)
3365 5485       4       Many::m2219 (14 bytes)
3365 5484       3       Many::m2219 (14 bytes)   made not entrant: not used
3366 5486       3       Many::m2220 (14 bytes)
3366 5487       4       Many::m2220 (14 bytes)
3366 5486       3       Many::m2220 (14 bytes)   made not entrant: not used
3368 5488       3       Many::m2221 (14 bytes)
3368 5489       4       Many::m2221 (14 bytes)
3368 5488       3       Many::m2221 (14 bytes)   made not entrant: not used
3369 5490       3       Many::m2222 (14 bytes)
3369 5491       4       Many::m2222 (14 bytes)
3369 5490       3       Many::m2222 (14 bytes)   made not entrant: not used
3370 5492       3       Many::m2223 (14 bytes)
3371 5493       4       Many::m2223 (14 bytes)
3371 5492       3       Many::m2223 (14 bytes)   made not entrant: not used
3372 5494       3       Many::m2224 (14 bytes)
3372 5495       4       Many::m2224 (14 bytes)
3372 5494       3       Many::m2224 (14 bytes)   made not entrant: not used
3373 5496       3       Many::m2225 (14 bytes)
3373 5497       4       Many::m2225 (14 bytes)
3374 5496       3       Many::m2225 (14 bytes)   made not entrant: not used
3375 5498       3       Many::m2226 (14 bytes)
3375 5499       4       Many::m2226 (14 bytes)
3375 5498       3       Many::m2226 (14 bytes)   made not entrant: not used
3376 5500       3       Many::m2227 (14 bytes)
3376 5501       4       Many::m2227 (14 bytes)
3376 5500       3       Many::m2227 (14 bytes)   made not entrant: not used
3378 5502       3       Many::m2228 (14 bytes)
3378 5503       4       Many::m2228 (14 bytes)
3378 5502       3       Many::m2228 (14 bytes)   made not entrant: not used
3379 5504       3       Many::m2229 (14 bytes)
3379 5505       4       Many::m2229 (14 bytes)
3379 5504       3       Many::m2229 (14 bytes)   made not entrant: not used
3380 5506       3       Many::m2230 (14 bytes)
3381 5507       4       Many::m2230 (14 bytes)
3381 5506       3       Many::m2230 (14 bytes)   made not entrant: not used
3382 5508       3       Many::m2231 (14 bytes)
3382 5509       4       Many::m2231 (14 bytes)
3382 5508       3       Many::m2231 (14 bytes)   made not entrant: not used
3383 5510       3       Many::m2232 (14 bytes)
3383 5511       4       Many::m2232 (14 bytes)
3383 5510       3       Many::m2232 (14 bytes)   made not entrant: not used
3385 5512       3       Many::m2233 (14 bytes)
3385 5513       4       Many::m2233 (14 bytes)
3385 5512       3       Many::m2233 (14 bytes)   made not entrant: not used
3386 5514       3       Many::m2234 (14 bytes)
3386 5515       4       Many::m2234 (14 bytes)
3386 5514       3       Many::m2234 (14 bytes)   made not entrant: not used
3388 5516       3       Many::m2235 (14 bytes)
3388 5517       4       Many::m2235 (14 bytes)
3388 5516       3       Many::m2235 (14 bytes)   made not entrant: not used
3389 5518       3       Many::m2236 (14 bytes)
3389 5519       4       Many::m2236 (14 bytes)
3389 5518       3       Many::m2236 (14 bytes)   made not entrant: not used
3390 5520       3       Many::m2237 (14 bytes)
3391 5521       4       Many::m2237 (14 bytes)
3391 5520       3       Many::m2237 (14 bytes)   made not entrant: not used
3392 5522       3       Many::m2238 (14 bytes)
3392 5523       4       Many::m2238 (14 bytes)
3392 5522       3       Many::m2238 (14 bytes)   made not entrant: not used
3393 5524       3       Many::m2239 (14 bytes)
3393 5525       4       Many::m2239 (14 bytes)
3394 5524       3       Many::m2239 (14 bytes)   made not entrant: not used
3395 5526       3       Many::m2240 (14 bytes)
3395 5527       4       Many::m2240 (14 bytes)
3395 5526       3       Many::m2240 (14 bytes)   made not entrant: not used
3396 5528       3       Many::m2241 (14 bytes)
3396 5529       4       Many::m2241 (14 bytes)
3396 5528       3       Many::m2241 (14 bytes)   made not entrant: not used
3398 5530       3       Many::m2242 (14 bytes)
3398 5531       4       Many::m2242 (14 bytes)
3398 5530       3       Many::m2242 (14 bytes)   made not entrant: not used
3399 5532       3       Many::m2243 (14 bytes)
3399 5533       4       Many::m2243 (14 bytes)
3399 5532       3       Many::m2243 (14 bytes)   made not entrant: not used
3401 5534       3       Many::m2244 (14 bytes)
3401 5535       4       Many::m2244 (14 bytes)
3401 5534       3       Many::m2244 (14 bytes)   made not entrant: not used
3402 5536       3       Many::m2245 (14 bytes)
3402 5537       4       Many::m2245 (14 bytes)
3402 5536       3       Many::m2245 (14 bytes)   made not entrant: not used
3404 5538       3       Many::m2246 (14 bytes)
3404 5539       4       Many::m2246 (14 bytes)
3404 5538       3       Many::m2246 (14 bytes)   made not entrant: not used
3405 5540       3       Many::m2247 (14 bytes)
3405 5541       4       Many::m2247 (14 bytes)
3405 5540       3       Many::m2247 (14 bytes)   made not entrant: not used
3406 5542       3       Many::m2248 (14 bytes)
3407 5543       4       Many::m2248 (14 bytes)
3407 5542       3       Many::m2248 (14 bytes)   made not entrant: not used
3408 5544       3       Many::m2249 (14 bytes)
3408 5545       4       Many::m2249 (14 bytes)
3408 5544       3       Many::m2249 (14 bytes)   made not entrant: not used
3409 5546       3       Many::m2250 (14 bytes)
3409 5547       4       Many::m2250 (14 bytes)
3409 5546       3       Many::m2250 (14 bytes)   made not entrant: not used
3411 5548       3       Many::m2251 (14 bytes)
3411 5549       4       Many::m2251 (14 bytes)
3411 5548       3       Many::m2251 (14 bytes)   made not entrant: not used
3412 5550       3       Many::m2252 (14 bytes)
3412 5551       4       Many::m2252 (14 bytes)
3412 5550       3       Many::m2252 (14 bytes)   made not entrant: not used
3414 5552       3       Many::m2253 (14 bytes)
3414 5553       4       Many::m2253 (14 bytes)
3414 5552       3       Many::m2253 (14 bytes)   made not entrant: not used
3415 5554       3       Many::m2254 (14 bytes)
3415 5555       4       Many::m2254 (14 bytes)
3415 5554       3       Many::m2254 (14 bytes)   made not entrant: not used
3417 5556       3       Many::m2255 (14 bytes)
3417 5557       4       Many::m2255 (14 bytes)
3417 5556       3       Many::m2255 (14 bytes)   made not entrant: not used
3418 5558       3       Many::m2256 (14 bytes)
3418 5559       4       Many::m2256 (14 bytes)
3418 5558       3       Many::m2256 (14 bytes)   made not entrant: not used
3420 5560       3       Many::m2257 (14 bytes)
3420 5561       4       Many::m2257 (14 bytes)
3420 5560       3       Many::m2257 (14 bytes)   made not entrant: not used
3421 5562       3       Many::m2258 (14 bytes)
3421 5563       4       Many::m2258 (14 bytes)
3421 5562       3       Many::m2258 (14 bytes)   made not entrant: not used
3422 5564       3       Many::m2259 (14 bytes)
3422 5565       4       Many::m2259 (14 bytes)
3423 5564       3       Many::m2259 (14 bytes)   made not entrant: not used
3424 5566       3       Many::m2260 (14 bytes)
3424 5567       4       Many::m2260 (14 bytes)
3424 5566       3       Many::m2260 (14 bytes)   made not entrant: not used
3425 5568       3       Many::m2261 (14 bytes)
3425 5569       4       Many::m2261 (14 bytes)
3425 5568       3       Many::m2261 (14 bytes)   made not entrant: not used
3427 5570       3       Many::m2262 (14 bytes)
3427 5571       4       Many::m2262 (14 bytes)
3427 5570       3       Many::m2262 (14 bytes)   made not entrant: not used
3428 5572       3       Many::m2263 (14 bytes)
3428 5573       4       Many::m2263 (14 bytes)
3428 5572       3       Many::m2263 (14 bytes)   made not entrant: not used
3430 5574       3       Many::m2264 (14 bytes)
3430 5575       4       Many::m2264 (14 bytes)
3430 5574       3       Many::m2264 (14 bytes)   made not entrant: not used
3431 5576       3       Many::m2265 (14 bytes)
3431 5577       4       Many::m2265 (14 bytes)
3431 5576       3       Many::m2265 (14 bytes)   made not entrant: not used
3432 5578       3       Many::m2266 (14 bytes)
3433 5579       4       Many::m2266 (14 bytes)
3433 5578       3       Many::m2266 (14 bytes)   made not entrant: not used
3434 5580       3       Many::m2267 (14 bytes)
3434 5581       4       Many::m2267 (14 bytes)
3434 5580       3       Many::m2267 (14 bytes)   made not entrant: not used
3435 5582       3       Many::m2268 (14 bytes)
3435 5583       4       Many::m2268 (14 bytes)
3436 5582       3       Many::m2268 (14 bytes)   made not entrant: not used
3437 5584       3       Many::m2269 (14 bytes)
3437 5585       4       Many::m2269 (14 bytes)
3437 5584       3       Many::m2269 (14 bytes)   made not entrant: not used
3438 5586       3       Many::m2270 (14 bytes)
3438 5587       4       Many::m2270 (14 bytes)
3438 5586       3       Many::m2270 (14 bytes)   made not entrant: not used
3440 5588       3       Many::m2271 (14 bytes)
3440 5589       4       Many::m2271 (14 bytes)
3440 5588       3       Many::m2271 (14 bytes)   made not entrant: not used
3441 5590       3       Many::m2272 (14 bytes)
3441 5591       4       Many::m2272 (14 bytes)
3441 5590       3       Many::m2272 (14 bytes)   made not entrant: not used
3442 5592       3       Many::m2273 (14 bytes)
3443 5593       4       Many::m2273 (14 bytes)
3443 5592       3       Many::m2273 (14 bytes)   made not entrant: not used
3444 5594       3       Many::m2274 (14 bytes)
3444 5595       4       Many::m2274 (14 bytes)
3444 5594       3       Many::m2274 (14 bytes)   made not entrant: not used
3445 5596       3       Many::m2275 (14 bytes)
3445 5597       4       Many::m2275 (14 bytes)
3445 5596       3       Many::m2275 (14 bytes)   made not entrant: not used
3447 5598       3       Many::m2276 (14 bytes)
3447 5599       4       Many::m2276 (14 bytes)
3447 5598       3       Many::m2276 (14 bytes)   made not entrant: not used
3448 5600       3       Many::m2277 (14 bytes)
3448 5601       4       Many::m2277 (14 bytes)
3448 5600       3       Many::m2277 (14 bytes)   made not entrant: not used
3450 5602       3       Many::m2278 (14 bytes)
3450 5603       4       Many::m2278 (14 bytes)
3450 5602       3       Many::m2278 (14 bytes)   made not entrant: not used
3451 5604       3       Many::m2279 (14 bytes)
3451 5605       4       Many::m2279 (14 bytes)
3451 5604       3       Many::m2279 (14 bytes)   made not entrant: not used
3453 5606       3       Many::m2280 (14 bytes)
3453 5607       4       Many::m2280 (14 bytes)
3453 5606       3       Many::m2280 (14 bytes)   made not entrant: not used
3454 5608       3       Many::m2281 (14 bytes)
3454 5609       4       Many::m2281 (14 bytes)
3454 5608       3       Many::m2281 (14 bytes)   made not entrant: not used
3455 5610       3       Many::m2282 (14 bytes)
3455 5611       4       Many::m2282 (14 bytes)
3456 5610       3       Many::m2282 (14 bytes)   made not entrant: not used
3457 5612       3       Many::m2283 (14 bytes)
3457 5613       4       Many::m2283 (14 bytes)
3457 5612       3       Many::m2283 (14 bytes)   made not entrant: not used
3458 5614       3       Many::m2284 (14 bytes)
3458 5615       4       Many::m2284 (14 bytes)
3458 5614       3       Many::m2284 (14 bytes)   made not entrant: not used
3460 5616       3       Many::m2285 (14 bytes)
3460 5617       4       Many::m2285 (14 bytes)
3460 5616       3       Many::m2285 (14 bytes)   made not entrant: not used
3461 5618       3       Many::m2286 (14 bytes)
3461 5619       4       Many::m2286 (14 bytes)
3461 5618       3       Many::m2286 (14 bytes)   made not entrant: not used
3463 5620       3       Many::m2287 (14 bytes)
3463 5621       4       Many::m2287 (14 bytes)
3463 5620       3       Many::m2287 (14 bytes)   made not entrant: not used
3464 5622       3       Many::m2288 (14 bytes)
3464 5623       4       Many::m2288 (14 bytes)
3464 5622       3       Many::m2288 (14 bytes)   made not entrant: not used
3465 5624       3       Many::m2289 (14 bytes)
3466 5625       4       Many::m2289 (14 bytes)
3466 5624       3       Many::m2289 (14 bytes)   made not entrant: not used
3467 5626       3       Many::m2290 (14 bytes)
3467 5627       4       Many::m2290 (14 bytes)
3467 5626       3       Many::m2290 (14 bytes)   made not entrant: not used
3468 5628       3       Many::m2291 (14 bytes)
3468 5629       4       Many::m2291 (14 bytes)
3468 5628       3       Many::m2291 (14 bytes)   made not entrant: not used
3470 5630       3       Many::m2292 (14 bytes)
3470 5631       4       Many::m2292 (14 bytes)
3470 5630       3       Many::m2292 (14 bytes)   made not entrant: not used
3471 5632       3       Many::m2293 (14 bytes)
3471 5633       4       Many::m2293 (14 bytes)
3471 5632       3       Many::m2293 (14 bytes)   made not entrant: not used
3473 5634       3       Many::m2294 (14 bytes)
3473 5635       4       Many::m2294 (14 bytes)
3473 5634       3       Many::m2294 (14 bytes)   made not entrant: not used
3474 5636       3       Many::m2295 (14 bytes)
3474 5637       4       Many::m2295 (14 bytes)
3474 5636       3       Many::m2295 (14 bytes)   made not entrant: not used
3476 5638       3       Many::m2296 (14 bytes)
3476 5639       4       Many::m2296 (14 bytes)
3476 5638       3       Many::m2296 (14 bytes)   made not entrant: not used
3477 5640       3       Many::m2297 (14 bytes)
3477 5641       4       Many::m2297 (14 bytes)
3477 5640       3       Many::m2297 (14 bytes)   made not entrant: not used
3478 5642       3       Many::m2298 (14 bytes)
3478 5643       4       Many::m2298 (14 bytes)
3479 5642       3       Many::m2298 (14 bytes)   made not entrant: not used
3480 5644       3       Many::m2299 (14 bytes)
3480 5645       4       Many::m2299 (14 bytes)
3480 5644       3       Many::m2299 (14 bytes)   made not entrant: not used
3481 5646       3       Many::m2300 (14 bytes)
3481 5647       4       Many::m2300 (14 bytes)
3482 5646       3       Many::m2300 (14 bytes)   made not entrant: not used
3483 5648       3       Many::m2301 (14 bytes)
3483 5649       4       Many::m2301 (14 bytes)
3483 5648       3       Many::m2301 (14 bytes)   made not entrant: not used
3484 5650       3       Many::m2302 (14 bytes)
3484 5651       4       Many::m2302 (14 bytes)
3484 5650       3       Many::m2302 (14 bytes)   made not entrant: not used
3486 5652       3       Many::m2303 (14 bytes)
3486 5653       4       Many::m2303 (14 bytes)
3486 5652       3       Many::m2303 (14 bytes)   made not entrant: not used
3487 5654       3       Many::m2304 (14 bytes)
3487 5655       4       Many::m2304 (14 bytes)
3487 5654       3       Many::m2304 (14 bytes)   made not entrant: not used
3489 5656       3       Many::m2305 (14 bytes)
3489 5657       4       Many::m2305 (14 bytes)
3489 5656       3       Many::m2305 (14 bytes)   made not entrant: not used
3490 5658       3       Many::m2306 (14 bytes)
3490 5659       4       Many::m2306 (14 bytes)
3490 5658       3       Many::m2306 (14 bytes)   made not entrant: not used
3491 5660       3       Many::m2307 (14 bytes)
3491 5661       4       Many::m2307 (14 bytes)
3492 5660       3       Many::m2307 (14 bytes)   made not entrant: not used
3493 5662       3       Many::m2308 (14 bytes)
3493 5663       4       Many::m2308 (14 bytes)
3493 5662       3       Many::m2308 (14 bytes)   made not entrant: not used
3494 5664       3       Many::m2309 (14 bytes)
3494 5665       4       Many::m2309 (14 bytes)
3494 5664       3       Many::m2309 (14 bytes)   made not entrant: not used
3496 5666       3       Many::m2310 (14 bytes)
3496 5667       4       Many::m2310 (14 bytes)
3496 5666       3       Many::m2310 (14 bytes)   made not entrant: not used
3497 5668       3       Many::m2311 (14 bytes)
3497 5669       4       Many::m2311 (14 bytes)
3497 5668       3       Many::m2311 (14 bytes)   made not entrant: not used
3499 5670       3       Many::m2312 (14 bytes)
3499 5671       4       Many::m2312 (14 bytes)
3499 5670       3       Many::m2312 (14 bytes)   made not entrant: not used
3500 5672       3       Many::m2313 (14 bytes)
3500 5673       4       Many::m2313 (14 bytes)
3500 5672       3       Many::m2313 (14 bytes)   made not entrant: not used
3501 5674       3       Many::m2314 (14 bytes)
3502 5675       4       Many::m2314 (14 bytes)
3502 5674       3       Many::m2314 (14 bytes)   made not entrant: not used
3503 5676       3       Many::m2315 (14 bytes)
3503 5677       4       Many::m2315 (14 bytes)
3503 5676       3       Many::m2315 (14 bytes)   made not entrant: not used
3504 5678       3       Many::m2316 (14 bytes)
3504 5679       4       Many::m2316 (14 bytes)
3504 5678       3       Many::m2316 (14 bytes)   made not entrant: not used
3506 5680       3       Many::m2317 (14 bytes)
3506 5681       4       Many::m2317 (14 bytes)
3506 5680       3       Many::m2317 (14 bytes)   made not entrant: not used
3507 5682       3       Many::m2318 (14 bytes)
3507 5683       4       Many::m2318 (14 bytes)
3507 5682       3       Many::m2318 (14 bytes)   made not entrant: not used
3509 5684       3       Many::m2319 (14 bytes)
3509 5685       4       Many::m2319 (14 bytes)
3509 5684       3       Many::m2319 (14 bytes)   made not entrant: not used
3510 5686       3       Many::m2320 (14 bytes)
3510 5687       4       Many::m2320 (14 bytes)
3510 5686       3       Many::m2320 (14 bytes)   made not entrant: not used
3511 5688       3       Many::m2321 (14 bytes)
3512 5689       4       Many::m2321 (14 bytes)
3512 5688       3       Many::m2321 (14 bytes)   made not entrant: not used
3513 5690       3       Many::m2322 (14 bytes)
3513 5691       4       Many::m2322 (14 bytes)
3513 5690       3       Many::m2322 (14 bytes)   made not entrant: not used
3514 5692       3       Many::m2323 (14 bytes)
3514 5693       4       Many::m2323 (14 bytes)
3514 5692       3       Many::m2323 (14 bytes)   made not entrant: not used
3516 5694       3       Many::m2324 (14 bytes)
3516 5695       4       Many::m2324 (14 bytes)
3516 5694       3       Many::m2324 (14 bytes)   made not entrant: not used
3517 5696       3       Many::m2325 (14 bytes)
3517 5697       4       Many::m2325 (14 bytes)
3517 5696       3       Many::m2325 (14 bytes)   made not entrant: not used
3519 5698       3       Many::m2326 (14 bytes)
3519 5699       4       Many::m2326 (14 bytes)
3519 5698       3       Many::m2326 (14 bytes)   made not entrant: not used
3520 5700       3       Many::m2327 (14 bytes)
3520 5701       4       Many::m2327 (14 bytes)
3520 5700       3       Many::m2327 (14 bytes)   made not entrant: not used
3521 5702       3       Many::m2328 (14 bytes)
3521 5703       4       Many::m2328 (14 bytes)
3522 5702       3       Many::m2328 (14 bytes)   made not entrant: not used
3523 5704       3       Many::m2329 (14 bytes)
3523 5705       4       Many::m2329 (14 bytes)
3523 5704       3       Many::m2329 (14 bytes)   made not entrant: not used
3524 5706       3       Many::m2330 (14 bytes)
3524 5707       4       Many::m2330 (14 bytes)
3524 5706       3       Many::m2330 (14 bytes)   made not entrant: not used
3526 5708       3       Many::m2331 (14 bytes)
3526 5709       4       Many::m2331 (14 bytes)
3526 5708       3       Many::m2331 (14 bytes)   made not entrant: not used
3527 5710       3       Many::m2332 (14 bytes)
3527 5711       4       Many::m2332 (14 bytes)
3527 5710       3       Many::m2332 (14 bytes)   made not entrant: not used
3529 5712       3       Many::m2333 (14 bytes)
3529 5713       4       Many::m2333 (14 bytes)
3529 5712       3       Many::m2333 (14 bytes)   made not entrant: not used
3530 5714       3       Many::m2334 (14 bytes)
3530 5715       4       Many::m2334 (14 bytes)
3530 5714       3       Many::m2334 (14 bytes)   made not entrant: not used
3531 5716       3       Many::m2335 (14 bytes)
3532 5717       4       Many::m2335 (14 bytes)
3532 5716       3       Many::m2335 (14 bytes)   made not entrant: not used
3533 5718       3       Many::m2336 (14 bytes)
3533 5719       4       Many::m2336 (14 bytes)
3533 5718       3       Many::m2336 (14 bytes)   made not entrant: not used
3534 5720       3       Many::m2337 (14 bytes)
3534 5721       4       Many::m2337 (14 bytes)
3535 5720       3       Many::m2337 (14 bytes)   made not entrant: not used
3536 5722       3       Many::m2338 (14 bytes)
3536 5723       4       Many::m2338 (14 bytes)
3536 5722       3       Many::m2338 (14 bytes)   made not entrant: not used
3537 5724       3       Many::m2339 (14 bytes)
3537 5725       4       Many::m2339 (14 bytes)
3537 5724       3       Many::m2339 (14 bytes)   made not entrant: not used
3539 5726       3       Many::m2340 (14 bytes)
3539 5727       4       Many::m2340 (14 bytes)
3539 5726       3       Many::m2340 (14 bytes)   made not entrant: not used
3540 5728       3       Many::m2341 (14 bytes)
3540 5729       4       Many::m2341 (14 bytes)
3540 5728       3       Many::m2341 (14 bytes)   made not entrant: not used
3541 5730       3       Many::m2342 (14 bytes)
3542 5731       4       Many::m2342 (14 bytes)
3542 5730       3       Many::m2342 (14 bytes)   made not entrant: not used
3543 5732       3       Many::m2343 (14 bytes)
3543 5733       4       Many::m2343 (14 bytes)
3543 5732       3       Many::m2343 (14 bytes)   made not entrant: not used
3544 5734       3       Many::m2344 (14 bytes)
3544 5735       4       Many::m2344 (14 bytes)
3545 5734       3       Many::m2344 (14 bytes)   made not entrant: not used
3546 5736       3       Many::m2345 (14 bytes)
3546 5737       4       Many::m2345 (14 bytes)
3546 5736       3       Many::m2345 (14 bytes)   made not entrant: not used
3547 5738       3       Many::m2346 (14 bytes)
3547 5739       4       Many::m2346 (14 bytes)
3547 5738       3       Many::m2346 (14 bytes)   made not entrant: not used
3549 5740       3       Many::m2347 (14 bytes)
3549 5741       4       Many::m2347 (14 bytes)
3549 5740       3       Many::m2347 (14 bytes)   made not entrant: not used
3550 5742       3       Many::m2348 (14 bytes)
3550 5743       4       Many::m2348 (14 bytes)
3550 5742       3       Many::m2348 (14 bytes)   made not entrant: not used
3552 5744       3       Many::m2349 (14 bytes)
3552 5745       4       Many::m2349 (14 bytes)
3552 5744       3       Many::m2349 (14 bytes)   made not entrant: not used
3553 5746       3       Many::m2350 (14 bytes)
3553 5747       4       Many::m2350 (14 bytes)
3553 5746       3       Many::m2350 (14 bytes)   made not entrant: not used
3554 5748       3       Many::m2351 (14 bytes)
3555 5749       4       Many::m2351 (14 bytes)
3555 5748       3       Many::m2351 (14 bytes)   made not entrant: not used
3556 5750       3       Many::m2352 (14 bytes)
3556 5751       4       Many::m2352 (14 bytes)
3556 5750       3       Many::m2352 (14 bytes)   made not entrant: not used
3557 5752       3       Many::m2353 (14 bytes)
3557 5753       4       Many::m2353 (14 bytes)
3557 5752       3       Many::m2353 (14 bytes)   made not entrant: not used
3559 5754       3       Many::m2354 (14 bytes)
3559 5755       4       Many::m2354 (14 bytes)
3559 5754       3       Many::m2354 (14 bytes)   made not entrant: not used
3560 5756       3       Many::m2355 (14 bytes)
3560 5757       4       Many::m2355 (14 bytes)
3560 5756       3       Many::m2355 (14 bytes)   made not entrant: not used
3562 5758       3       Many::m2356 (14 bytes)
3562 5759       4       Many::m2356 (14 bytes)
3562 5758       3       Many::m2356 (14 bytes)   made not entrant: not used
3563 5760       3       Many::m2357 (14 bytes)
3563 5761       4       Many::m2357 (14 bytes)
3563 5760       3       Many::m2357 (14 bytes)   made not entrant: not used
3564 5762       3       Many::m2358 (14 bytes)
3564 5763       4       Many::m2358 (14 bytes)
3565 5762       3       Many::m2358 (14 bytes)   made not entrant: not used
3566 5764       3       Many::m2359 (14 bytes)
3566 5765       4       Many::m2359 (14 bytes)
3566 5764       3       Many::m2359 (14 bytes)   made not entrant: not used
3567 5766       3       Many::m2360 (14 bytes)
3567 5767       4       Many::m2360 (14 bytes)
3567 5766       3       Many::m2360 (14 bytes)   made not entrant: not used
3569 5768       3       Many::m2361 (14 bytes)
3569 5769       4       Many::m2361 (14 bytes)
3569 5768       3       Many::m2361 (14 bytes)   made not entrant: not used
3570 5770       3       Many::m2362 (14 bytes)
3570 5771       4       Many::m2362 (14 bytes)
3570 5770       3       Many::m2362 (14 bytes)   made not entrant: not used
3571 5772       3       Many::m2363 (14 bytes)
3572 5773       4       Many::m2363 (14 bytes)
3572 5772       3       Many::m2363 (14 bytes)   made not entrant: not used
3573 5774       3       Many::m2364 (14 bytes)
3573 5775       4       Many::m2364 (14 bytes)
3573 5774       3       Many::m2364 (14 bytes)   made not entrant: not used
3574 5776       3       Many::m2365 (14 bytes)
3574 5777       4       Many::m2365 (14 bytes)
3574 5776       3       Many::m2365 (14 bytes)   made not entrant: not used
3576 5778       3       Many::m2366 (14 bytes)
3576 5779       4       Many::m2366 (14 bytes)
3576 5778       3       Many::m2366 (14 bytes)   made not entrant: not used
3577 5780       3       Many::m2367 (14 bytes)
3577 5781       4       Many::m2367 (14 bytes)
3577 5780       3       Many::m2367 (14 bytes)   made not entrant: not used
3579 5782       3       Many::m2368 (14 bytes)
3579 5783       4       Many::m2368 (14 bytes)
3579 5782       3       Many::m2368 (14 bytes)   made not entrant: not used
3580 5784       3       Many::m2369 (14 bytes)
3580 5785       4       Many::m2369 (14 bytes)
3580 5784       3       Many::m2369 (14 bytes)   made not entrant: not used
3581 5786       3       Many::m2370 (14 bytes)
3582 5787       4       Many::m2370 (14 bytes)
3582 5786       3       Many::m2370 (14 bytes)   made not entrant: not used
3583 5788       3       Many::m2371 (14 bytes)
3583 5789       4       Many::m2371 (14 bytes)
3583 5788       3       Many::m2371 (14 bytes)   made not entrant: not used
3584 5790       3       Many::m2372 (14 bytes)
3584 5791       4       Many::m2372 (14 bytes)
3585 5790       3       Many::m2372 (14 bytes)   made not entrant: not used
3586 5792       3       Many::m2373 (14 bytes)
3586 5793       4       Many::m2373 (14 bytes)
3586 5792       3       Many::m2373 (14 bytes)   made not entrant: not used
3587 5794       3       Many::m2374 (14 bytes)
3587 5795       4       Many::m2374 (14 bytes)
3587 5794       3       Many::m2374 (14 bytes)   made not entrant: not used
3589 5796       3       Many::m2375 (14 bytes)
3589 5797       4       Many::m2375 (14 bytes)
3589 5796       3       Many::m2375 (14 bytes)   made not entrant: not used
3590 5798       3       Many::m2376 (14 bytes)
3590 5799       4       Many::m2376 (14 bytes)
3590 5798       3       Many::m2376 (14 bytes)   made not entrant: not used
3591 5800       3       Many::m2377 (14 bytes)
3592 5801       4       Many::m2377 (14 bytes)
3592 5800       3       Many::m2377 (14 bytes)   made not entrant: not used
3593 5802       3       Many::m2378 (14 bytes)
3593 5803       4       Many::m2378 (14 bytes)
3593 5802       3       Many::m2378 (14 bytes)   made not entrant: not used
3594 5804       3       Many::m2379 (14 bytes)
3594 5805       4       Many::m2379 (14 bytes)
3595 5804       3       Many::m2379 (14 bytes)   made not entrant: not used
3596 5806       3       Many::m2380 (14 bytes)
3596 5807       4       Many::m2380 (14 bytes)
3596 5806       3       Many::m2380 (14 bytes)   made not entrant: not used
3597 5808       3       Many::m2381 (14 bytes)
3597 5809       4       Many::m2381 (14 bytes)
3597 5808       3       Many::m2381 (14 bytes)   made not entrant: not used
3599 5810       3       Many::m2382 (14 bytes)
3599 5811       4       Many::m2382 (14 bytes)
3599 5810       3       Many::m2382 (14 bytes)   made not entrant: not used
3600 5812       3       Many::m2383 (14 bytes)
3600 5813       4       Many::m2383 (14 bytes)
3600 5812       3       Many::m2383 (14 bytes)   made not entrant: not used
3602 5814       3       Many::m2384 (14 bytes)
3602 5815       4       Many::m2384 (14 bytes)
3602 5814       3       Many::m2384 (14 bytes)   made not entrant: not used
3603 5816       3       Many::m2385 (14 bytes)
3603 5817       4       Many::m2385 (14 bytes)
3603 5816       3       Many::m2385 (14 bytes)   made not entrant: not used
3604 5818       3       Many::m2386 (14 bytes)
3605 5819       4       Many::m2386 (14 bytes)
3605 5818       3       Many::m2386 (14 bytes)   made not entrant: not used
3606 5820       3       Many::m2387 (14 bytes)
3606 5821       4       Many::m2387 (14 bytes)
3606 5820       3       Many::m2387 (14 bytes)   made not entrant: not used
3607 5822       3       Many::m2388 (14 bytes)
3607 5823       4       Many::m2388 (14 bytes)
3607 5822       3       Many::m2388 (14 bytes)   made not entrant: not used
3609 5824       3       Many::m2389 (14 bytes)
3609 5825       4       Many::m2389 (14 bytes)
3609 5824       3       Many::m2389 (14 bytes)   made not entrant: not used
3610 5826       3       Many::m2390 (14 bytes)
3610 5827       4       Many::m2390 (14 bytes)
3610 5826       3       Many::m2390 (14 bytes)   made not entrant: not used
3612 5828       3       Many::m2391 (14 bytes)
3612 5829       4       Many::m2391 (14 bytes)
3612 5828       3       Many::m2391 (14 bytes)   made not entrant: not used
3613 5830       3       Many::m2392 (14 bytes)
3613 5831       4       Many::m2392 (14 bytes)
3613 5830       3       Many::m2392 (14 bytes)   made not entrant: not used
3614 5832       3       Many::m2393 (14 bytes)
3615 5833       4       Many::m2393 (14 bytes)
3615 5832       3       Many::m2393 (14 bytes)   made not entrant: not used
3616 5834       3       Many::m2394 (14 bytes)
3616 5835       4       Many::m2394 (14 bytes)
3616 5834       3       Many::m2394 (14 bytes)   made not entrant: not used
3617 5836       3       Many::m2395 (14 bytes)
3617 5837       4       Many::m2395 (14 bytes)
3618 5836       3       Many::m2395 (14 bytes)   made not entrant: not used
3619 5838       3       Many::m2396 (14 bytes)
3619 5839       4       Many::m2396 (14 bytes)
3619 5838       3       Many::m2396 (14 bytes)   made not entrant: not used
3620 5840       3       Many::m2397 (14 bytes)
3620 5841       4       Many::m2397 (14 bytes)
3620 5840       3       Many::m2397 (14 bytes)   made not entrant: not used
3622 5842       3       Many::m2398 (14 bytes)
3622 5843       4       Many::m2398 (14 bytes)
3622 5842       3       Many::m2398 (14 bytes)   made not entrant: not used
3623 5844       3       Many::m2399 (14 bytes)
3623 5845       4       Many::m2399 (14 bytes)
3623 5844       3       Many::m2399 (14 bytes)   made not entrant: not used
3625 5846       3       Many::m2400 (14 bytes)
3625 5847       4       Many::m2400 (14 bytes)
3625 5846       3       Many::m2400 (14 bytes)   made not entrant: not used
3626 5848       3       Many::m2401 (14 bytes)
3626 5849       4       Many::m2401 (14 bytes)
3626 5848       3       Many::m2401 (14 bytes)   made not entrant: not used
3628 5850       3       Many::m2402 (14 bytes)
3628 5851       4       Many::m2402 (14 bytes)
3628 5850       3       Many::m2402 (14 bytes)   made not entrant: not used
3629 5852       3       Many::m2403 (14 bytes)
3629 5853       4       Many::m2403 (14 bytes)
3629 5852       3       Many::m2403 (14 bytes)   made not entrant: not used
3630 5854       3       Many::m2404 (14 bytes)
3630 5855       4       Many::m2404 (14 bytes)
3631 5854       3       Many::m2404 (14 bytes)   made not entrant: not used
3632 5856       3       Many::m2405 (14 bytes)
3632 5857       4       Many::m2405 (14 bytes)
3632 5856       3       Many::m2405 (14 bytes)   made not entrant: not used
3633 5858       3       Many::m2406 (14 bytes)
3633 5859       4       Many::m2406 (14 bytes)
3633 5858       3       Many::m2406 (14 bytes)   made not entrant: not used
3635 5860       3       Many::m2407 (14 bytes)
3635 5861       4       Many::m2407 (14 bytes)
3635 5860       3       Many::m2407 (14 bytes)   made not entrant: not used
3636 5862       3       Many::m2408 (14 bytes)
3636 5863       4       Many::m2408 (14 bytes)
3636 5862       3       Many::m2408 (14 bytes)   made not entrant: not used
3637 5864       3       Many::m2409 (14 bytes)
3638 5865       4       Many::m2409 (14 bytes)
3638 5864       3       Many::m2409 (14 bytes)   made not entrant: not used
3639 5866       3       Many::m2410 (14 bytes)
3639 5867       4       Many::m2410 (14 bytes)
3639 5866       3       Many::m2410 (14 bytes)   made not entrant: not used
3640 5868       3       Many::m2411 (14 bytes)
3640 5869       4       Many::m2411 (14 bytes)
3640 5868       3       Many::m2411 (14 bytes)   made not entrant: not used
3642 5870       3       Many::m2412 (14 bytes)
3642 5871       4       Many::m2412 (14 bytes)
3642 5870       3       Many::m2412 (14 bytes)   made not entrant: not used
3643 5872       3       Many::m2413 (14 bytes)
3643 5873       4       Many::m2413 (14 bytes)
3643 5872       3       Many::m2413 (14 bytes)   made not entrant: not used
3645 5874       3       Many::m2414 (14 bytes)
3645 5875       4       Many::m2414 (14 bytes)
3645 5874       3       Many::m2414 (14 bytes)   made not entrant: not used
3646 5876       3       Many::m2415 (14 bytes)
3646 5877       4       Many::m2415 (14 bytes)
3646 5876       3       Many::m2415 (14 bytes)   made not entrant: not used
3647 5878       3       Many::m2416 (14 bytes)
3647 5879       4       Many::m2416 (14 bytes)
3648 5878       3       Many::m2416 (14 bytes)   made not entrant: not used
3649 5880       3       Many::m2417 (14 bytes)
3649 5881       4       Many::m2417 (14 bytes)
3649 5880       3       Many::m2417 (14 bytes)   made not entrant: not used
3650 5882       3       Many::m2418 (14 bytes)
3650 5883       4       Many::m2418 (14 bytes)
3650 5882       3       Many::m2418 (14 bytes)   made not entrant: not used
3652 5884       3       Many::m2419 (14 bytes)
3652 5885       4       Many::m2419 (14 bytes)
3652 5884       3       Many::m2419 (14 bytes)   made not entrant: not used
3653 5886       3       Many::m2420 (14 bytes)
3653 5887       4       Many::m2420 (14 bytes)
3653 5886       3       Many::m2420 (14 bytes)   made not entrant: not used
3655 5888       3       Many::m2421 (14 bytes)
3655 5889       4       Many::m2421 (14 bytes)
3655 5888       3       Many::m2421 (14 bytes)   made not entrant: not used
3656 5890       3       Many::m2422 (14 bytes)
3656 5891       4       Many::m2422 (14 bytes)
3656 5890       3       Many::m2422 (14 bytes)   made not entrant: not used
3657 5892       3       Many::m2423 (14 bytes)
3658 5893       4       Many::m2423 (14 bytes)
3658 5892       3       Many::m2423 (14 bytes)   made not entrant: not used
3659 5894       3       Many::m2424 (14 bytes)
3659 5895       4       Many::m2424 (14 bytes)
3659 5894       3       Many::m2424 (14 bytes)   made not entrant: not used
3660 5896       3       Many::m2425 (14 bytes)
3660 5897       4       Many::m2425 (14 bytes)
3661 5896       3       Many::m2425 (14 bytes)   made not entrant: not used
3662 5898       3       Many::m2426 (14 bytes)
3662 5899       4       Many::m2426 (14 bytes)
3662 5898       3       Many::m2426 (14 bytes)   made not entrant: not used
3663 5900       3       Many::m2427 (14 bytes)
3663 5901       4       Many::m2427 (14 bytes)
3663 5900       3       Many::m2427 (14 bytes)   made not entrant: not used
3665 5902       3       Many::m2428 (14 bytes)
3665 5903       4       Many::m2428 (14 bytes)
3665 5902       3       Many::m2428 (14 bytes)   made not entrant: not used
3666 5904       3       Many::m2429 (14 bytes)
3666 5905       4       Many::m2429 (14 bytes)
3666 5904       3       Many::m2429 (14 bytes)   made not entrant: not used
3668 5906       3       Many::m2430 (14 bytes)
3668 5907       4       Many::m2430 (14 bytes)
3668 5906       3       Many::m2430 (14 bytes)   made not entrant: not used
3669 5908       3       Many::m2431 (14 bytes)
3669 5909       4       Many::m2431 (14 bytes)
3669 5908       3       Many::m2431 (14 bytes)   made not entrant: not used
3670 5910       3       Many::m2432 (14 bytes)
3671 5911       4       Many::m2432 (14 bytes)
3671 5910       3       Many::m2432 (14 bytes)   made not entrant: not used
3672 5912       3       Many::m2433 (14 bytes)
3672 5913       4       Many::m2433 (14 bytes)
3672 5912       3       Many::m2433 (14 bytes)   made not entrant: not used
3673 5914       3       Many::m2434 (14 bytes)
3673 5915       4       Many::m2434 (14 bytes)
3673 5914       3       Many::m2434 (14 bytes)   made not entrant: not used
3675 5916       3       Many::m2435 (14 bytes)
3675 5917       4       Many::m2435 (14 bytes)
3675 5916       3       Many::m2435 (14 bytes)   made not entrant: not used
3676 5918       3       Many::m2436 (14 bytes)
3676 5919       4       Many::m2436 (14 bytes)
3676 5918       3       Many::m2436 (14 bytes)   made not entrant: not used
3678 5920       3       Many::m2437 (14 bytes)
3678 5921       4       Many::m2437 (14 bytes)
3678 5920       3       Many::m2437 (14 bytes)   made not entrant: not used
3679 5922       3       Many::m2438 (14 bytes)
3679 5923       4       Many::m2438 (14 bytes)
3679 5922       3       Many::m2438 (14 bytes)   made not entrant: not used
3680 5924       3       Many::m2439 (14 bytes)
3680 5925       4       Many::m2439 (14 bytes)
3681 5924       3       Many::m2439 (14 bytes)   made not entrant: not used
3682 5926       3       Many::m2440 (14 bytes)
3682 5927       4       Many::m2440 (14 bytes)
3682 5926       3       Many::m2440 (14 bytes)   made not entrant: not used
3683 5928       3       Many::m2441 (14 bytes)
3684 5929       4       Many::m2441 (14 bytes)
3684 5928       3       Many::m2441 (14 bytes)   made not entrant: not used
3685 5930       3       Many::m2442 (14 bytes)
3685 5931       4       Many::m2442 (14 bytes)
3685 5930       3       Many::m2442 (14 bytes)   made not entrant: not used
3686 5932       3       Many::m2443 (14 bytes)
3686 5933       4       Many::m2443 (14 bytes)
3686 5932       3       Many::m2443 (14 bytes)   made not entrant: not used
3688 5934       3       Many::m2444 (14 bytes)
3688 5935       4       Many::m2444 (14 bytes)
3688 5934       3       Many::m2444 (14 bytes)   made not entrant: not used
3689 5936       3       Many::m2445 (14 bytes)
3689 5937       4       Many::m2445 (14 bytes)
3689 5936       3       Many::m2445 (14 bytes)   made not entrant: not used
3691 5938       3       Many::m2446 (14 bytes)
3691 5939       4       Many::m2446 (14 bytes)
3691 5938       3       Many::m2446 (14 bytes)   made not entrant: not used
3692 5940       3       Many::m2447 (14 bytes)
3692 5941       4       Many::m2447 (14 bytes)
3692 5940       3       Many::m2447 (14 bytes)   made not entrant: not used
3693 5942       3       Many::m2448 (14 bytes)
3694 5943       4       Many::m2448 (14 bytes)
3694 5942       3       Many::m2448 (14 bytes)   made not entrant: not used
3695 5944       3       Many::m2449 (14 bytes)
3695 5945       4       Many::m2449 (14 bytes)
3695 5944       3       Many::m2449 (14 bytes)   made not entrant: not used
3696 5946       3       Many::m2450 (14 bytes)
3696 5947       4       Many::m2450 (14 bytes)
3697 5946       3       Many::m2450 (14 bytes)   made not entrant: not used
3698 5948       3       Many::m2451 (14 bytes)
3698 5949       4       Many::m2451 (14 bytes)
3698 5948       3       Many::m2451 (14 bytes)   made not entrant: not used
3699 5950       3       Many::m2452 (14 bytes)
3699 5951       4       Many::m2452 (14 bytes)
3700 5950       3       Many::m2452 (14 bytes)   made not entrant: not used
3701 5952       3       Many::m2453 (14 bytes)
3701 5953       4       Many::m2453 (14 bytes)
3701 5952       3       Many::m2453 (14 bytes)   made not entrant: not used
3702 5954       3       Many::m2454 (14 bytes)
3702 5955       4       Many::m2454 (14 bytes)
3702 5954       3       Many::m2454 (14 bytes)   made not entrant: not used
3704 5956       3       Many::m2455 (14 bytes)
3704 5957       4       Many::m2455 (14 bytes)
3704 5956       3       Many::m2455 (14 bytes)   made not entrant: not used
3705 5958       3       Many::m2456 (14 bytes)
3705 5959       4       Many::m2456 (14 bytes)
3705 5958       3       Many::m2456 (14 bytes)   made not entrant: not used
3706 5960       3       Many::m2457 (14 bytes)
3707 5961       4       Many::m2457 (14 bytes)
3707 5960       3       Many::m2457 (14 bytes)   made not entrant: not used
3708 5962       3       Many::m2458 (14 bytes)
3708 5963       4       Many::m2458 (14 bytes)
3708 5962       3       Many::m2458 (14 bytes)   made not entrant: not used
3709 5964       3       Many::m2459 (14 bytes)
3709 5965       4       Many::m2459 (14 bytes)
3709 5964       3       Many::m2459 (14 bytes)   made not entrant: not used
3711 5966       3       Many::m2460 (14 bytes)
3711 5967       4       Many::m2460 (14 bytes)
3711 5966       3       Many::m2460 (14 bytes)   made not entrant: not used
3712 5968       3       Many::m2461 (14 bytes)
3712 5969       4       Many::m2461 (14 bytes)
3712 5968       3       Many::m2461 (14 bytes)   made not entrant: not used
3714 5970       3       Many::m2462 (14 bytes)
3714 5971       4       Many::m2462 (14 bytes)
3714 5970       3       Many::m2462 (14 bytes)   made not entrant: not used
3715 5972       3       Many::m2463 (14 bytes)
3715 5973       4       Many::m2463 (14 bytes)
3715 5972       3       Many::m2463 (14 bytes)   made not entrant: not used
3716 5974       3       Many::m2464 (14 bytes)
3716 5975       4       Many::m2464 (14 bytes)
3717 5974       3       Many::m2464 (14 bytes)   made not entrant: not used
3718 5976       3       Many::m2465 (14 bytes)
3718 5977       4       Many::m2465 (14 bytes)
3718 5976       3       Many::m2465 (14 bytes)   made not entrant: not used
3719 5978       3       Many::m2466 (14 bytes)
3719 5979       4       Many::m2466 (14 bytes)
3719 5978       3       Many::m2466 (14 bytes)   made not entrant: not used
3721 5980       3       Many::m2467 (14 bytes)
3721 5981       4       Many::m2467 (14 bytes)
3721 5980       3       Many::m2467 (14 bytes)   made not entrant: not used
3722 5982       3       Many::m2468 (14 bytes)
3722 5983       4       Many::m2468 (14 bytes)
3722 5982       3       Many::m2468 (14 bytes)   made not entrant: not used
3724 5984       3       Many::m2469 (14 bytes)
3724 5985       4       Many::m2469 (14 bytes)
3724 5984       3       Many::m2469 (14 bytes)   made not entrant: not used
3725 5986       3       Many::m2470 (14 bytes)
3725 5987       4       Many::m2470 (14 bytes)
3725 5986       3       Many::m2470 (14 bytes)   made not entrant: not used
3726 5988       3       Many::m2471 (14 bytes)
3726 5989       4       Many::m2471 (14 bytes)
3727 5988       3       Many::m2471 (14 bytes)   made not entrant: not used
3728 5990       3       Many::m2472 (14 bytes)
3728 5991       4       Many::m2472 (14 bytes)
3728 5990       3       Many::m2472 (14 bytes)   made not entrant: not used
3729 5992       3       Many::m2473 (14 bytes)
3729 5993       4       Many::m2473 (14 bytes)
3729 5992       3       Many::m2473 (14 bytes)   made not entrant: not used
3731 5994       3       Many::m2474 (14 bytes)
3731 5995       4       Many::m2474 (14 bytes)
3731 5994       3       Many::m2474 (14 bytes)   made not entrant: not used
3732 5996       3       Many::m2475 (14 bytes)
3732 5997       4       Many::m2475 (14 bytes)
3732 5996       3       Many::m2475 (14 bytes)   made not entrant: not used
3734 5998       3       Many::m2476 (14 bytes)
3734 5999       4       Many::m2476 (14 bytes)
3734 5998       3       Many::m2476 (14 bytes)   made not entrant: not used
3735 6000       3       Many::m2477 (14 bytes)
3735 6001       4       Many::m2477 (14 bytes)
3735 6000       3       Many::m2477 (14 bytes)   made not entrant: not used
3736 6002       3       Many::m2478 (14 bytes)
3737 6003       4       Many::m2478 (14 bytes)
3737 6002       3       Many::m2478 (14 bytes)   made not entrant: not used
3738 6004       3       Many::m2479 (14 bytes)
3738 6005       4       Many::m2479 (14 bytes)
3738 6004       3       Many::m2479 (14 bytes)   made not entrant: not used
3739 6006       3       Many::m2480 (14 bytes)
3739 6007       4       Many::m2480 (14 bytes)
3740 6006       3       Many::m2480 (14 bytes)   made not entrant: not used
3741 6008       3       Many::m2481 (14 bytes)
3741 6009       4       Many::m2481 (14 bytes)
3741 6008       3       Many::m2481 (14 bytes)   made not entrant: not used
3742 6010       3       Many::m2482 (14 bytes)
3742 6011       4       Many::m2482 (14 bytes)
3742 6010       3       Many::m2482 (14 bytes)   made not entrant: not used
3744 6012       3       Many::m2483 (14 bytes)
3744 6013       4       Many::m2483 (14 bytes)
3744 6012       3       Many::m2483 (14 bytes)   made not entrant: not used
3745 6014       3       Many::m2484 (14 bytes)
3745 6015       4       Many::m2484 (14 bytes)
3745 6014       3       Many::m2484 (14 bytes)   made not entrant: not used
3747 6016       3       Many::m2485 (14 bytes)
3747 6017       4       Many::m2485 (14 bytes)
3747 6016       3       Many::m2485 (14 bytes)   made not entrant: not used
3748 6018       3       Many::m2486 (14 bytes)
3748 6019       4       Many::m2486 (14 bytes)
3748 6018       3       Many::m2486 (14 bytes)   made not entrant: not used
3749 6020       3       Many::m2487 (14 bytes)
3750 6021       4       Many::m2487 (14 bytes)
3750 6020       3       Many::m2487 (14 bytes)   made not entrant: not used
3751 6022       3       Many::m2488 (14 bytes)
3751 6023       4       Many::m2488 (14 bytes)
3751 6022       3       Many::m2488 (14 bytes)   made not entrant: not used
3752 6024       3       Many::m2489 (14 bytes)
3752 6025       4       Many::m2489 (14 bytes)
3752 6024       3       Many::m2489 (14 bytes)   made not entrant: not used
3754 6026       3       Many::m2490 (14 bytes)
3754 6027       4       Many::m2490 (14 bytes)
3754 6026       3       Many::m2490 (14 bytes)   made not entrant: not used
3755 6028       3       Many::m2491 (14 bytes)
3755 6029       4       Many::m2491 (14 bytes)
3755 6028       3       Many::m2491 (14 bytes)   made not entrant: not used
3757 6030       3       Many::m2492 (14 bytes)
3757 6031       4       Many::m2492 (14 bytes)
3757 6030       3       Many::m2492 (14 bytes)   made not entrant: not used
3758 6032       3       Many::m2493 (14 bytes)
3758 6033       4       Many::m2493 (14 bytes)
3758 6032       3       Many::m2493 (14 bytes)   made not entrant: not used
3759 6034       3       Many::m2494 (14 bytes)
3760 6035       4       Many::m2494 (14 bytes)
3760 6034       3       Many::m2494 (14 bytes)   made not entrant: not used
3761 6036       3       Many::m2495 (14 bytes)
3761 6037       4       Many::m2495 (14 bytes)
3761 6036       3       Many::m2495 (14 bytes)   made not entrant: not used
3762 6038       3       Many::m2496 (14 bytes)
3763 6039       4       Many::m2496 (14 bytes)
3763 6038       3       Many::m2496 (14 bytes)   made not entrant: not used
3764 6040       3       Many::m2497 (14 bytes)
3764 6041       4       Many::m2497 (14 bytes)
3764 6040       3       Many::m2497 (14 bytes)   made not entrant: not used
3765 6042       3       Many::m2498 (14 bytes)
3765 6043       4       Many::m2498 (14 bytes)
3766 6042       3       Many::m2498 (14 bytes)   made not entrant: not used
3767 6044       3       Many::m2499 (14 bytes)
3767 6045       4       Many::m2499 (14 bytes)
3767 6044       3       Many::m2499 (14 bytes)   made not entrant: not used
3768 6046       3       Many::m2500 (14 bytes)
3768 6047       4       Many::m2500 (14 bytes)
3768 6046       3       Many::m2500 (14 bytes)   made not entrant: not used
3770 6048       3       Many::m2501 (14 bytes)
3770 6049       4       Many::m2501 (14 bytes)
3770 6048       3       Many::m2501 (14 bytes)   made not entrant: not used
3771 6050       3       Many::m2502 (14 bytes)
3771 6051       4       Many::m2502 (14 bytes)
3771 6050       3       Many::m2502 (14 bytes)   made not entrant: not used
3773 6052       3       Many::m2503 (14 bytes)
3773 6053       4       Many::m2503 (14 bytes)
3773 6052       3       Many::m2503 (14 bytes)   made not entrant: not used
3774 6054       3       Many::m2504 (14 bytes)
3774 6055       4       Many::m2504 (14 bytes)
3774 6054       3       Many::m2504 (14 bytes)   made not entrant: not used
3775 6056       3       Many::m2505 (14 bytes)
3776 6057       4       Many::m2505 (14 bytes)
3776 6056       3       Many::m2505 (14 bytes)   made not entrant: not used
3777 6058       3       Many::m2506 (14 bytes)
3777 6059       4       Many::m2506 (14 bytes)
3777 6058       3       Many::m2506 (14 bytes)   made not entrant: not used
3778 6060       3       Many::m2507 (14 bytes)
3778 6061       4       Many::m2507 (14 bytes)
3778 6060       3       Many::m2507 (14 bytes)   made not entrant: not used
3780 6062       3       Many::m2508 (14 bytes)
3780 6063       4       Many::m2508 (14 bytes)
3780 6062       3       Many::m2508 (14 bytes)   made not entrant: not used
3781 6064       3       Many::m2509 (14 bytes)
3781 6065       4       Many::m2509 (14 bytes)
3781 6064       3       Many::m2509 (14 bytes)   made not entrant: not used
3783 6066       3       Many::m2510 (14 bytes)
3783 6067       4       Many::m2510 (14 bytes)
3783 6066       3       Many::m2510 (14 bytes)   made not entrant: not used
3784 6068       3       Many::m2511 (14 bytes)
3784 6069       4       Many::m2511 (14 bytes)
3784 6068       3       Many::m2511 (14 bytes)   made not entrant: not used
3786 6070       3       Many::m2512 (14 bytes)
3786 6071       4       Many::m2512 (14 bytes)
3786 6070       3       Many::m2512 (14 bytes)   made not entrant: not used
3787 6072       3       Many::m2513 (14 bytes)
3787 6073       4       Many::m2513 (14 bytes)
3787 6072       3       Many::m2513 (14 bytes)   made not entrant: not used
3788 6074       3       Many::m2514 (14 bytes)
3789 6075       4       Many::m2514 (14 bytes)
3789 6074       3       Many::m2514 (14 bytes)   made not entrant: not used
3790 6076       3       Many::m2515 (14 bytes)
3790 6077       4       Many::m2515 (14 bytes)
3790 6076       3       Many::m2515 (14 bytes)   made not entrant: not used
3791 6078       3       Many::m2516 (14 bytes)
3791 6079       4       Many::m2516 (14 bytes)
3791 6078       3       Many::m2516 (14 bytes)   made not entrant: not used
3793 6080       3       Many::m2517 (14 bytes)
3793 6081       4       Many::m2517 (14 bytes)
3793 6080       3       Many::m2517 (14 bytes)   made not entrant: not used
3794 6082       3       Many::m2518 (14 bytes)
3794 6083       4       Many::m2518 (14 bytes)
3794 6082       3       Many::m2518 (14 bytes)   made not entrant: not used
3796 6084       3       Many::m2519 (14 bytes)
3796 6085       4       Many::m2519 (14 bytes)
3796 6084       3       Many::m2519 (14 bytes)   made not entrant: not used
3797 6086       3       Many::m2520 (14 bytes)
3797 6087       4       Many::m2520 (14 bytes)
3797 6086       3       Many::m2520 (14 bytes)   made not entrant: not used
3798 6088       3       Many::m2521 (14 bytes)
3799 6089       4       Many::m2521 (14 bytes)
3799 6088       3       Many::m2521 (14 bytes)   made not entrant: not used
3800 6090       3       Many::m2522 (14 bytes)
3800 6091       4       Many::m2522 (14 bytes)
3800 6090       3       Many::m2522 (14 bytes)   made not entrant: not used
3801 6092       3       Many::m2523 (14 bytes)
3801 6093       4       Many::m2523 (14 bytes)
3802 6092       3       Many::m2523 (14 bytes)   made not entrant: not used
3803 6094       3       Many::m2524 (14 bytes)
3803 6095       4       Many::m2524 (14 bytes)
3803 6094       3       Many::m2524 (14 bytes)   made not entrant: not used
3804 6096       3       Many::m2525 (14 bytes)
3804 6097       4       Many::m2525 (14 bytes)
3804 6096       3       Many::m2525 (14 bytes)   made not entrant: not used
3806 6098       3       Many::m2526 (14 bytes)
3806 6099       4       Many::m2526 (14 bytes)
3806 6098       3       Many::m2526 (14 bytes)   made not entrant: not used
3807 6100       3       Many::m2527 (14 bytes)
3807 6101       4       Many::m2527 (14 bytes)
3807 6100       3       Many::m2527 (14 bytes)   made not entrant: not used
3808 6102       3       Many::m2528 (14 bytes)
3808 6103       4       Many::m2528 (14 bytes)
3809 6102       3       Many::m2528 (14 bytes)   made not entrant: not used
3810 6104       3       Many::m2529 (14 bytes)
3810 6105       4       Many::m2529 (14 bytes)
3810 6104       3       Many::m2529 (14 bytes)   made not entrant: not used
3811 6106       3       Many::m2530 (14 bytes)
3811 6107       4       Many::m2530 (14 bytes)
3811 6106       3       Many::m2530 (14 bytes)   made not entrant: not used
3813 6108       3       Many::m2531 (14 bytes)
3813 6109       4       Many::m2531 (14 bytes)
3813 6108       3       Many::m2531 (14 bytes)   made not entrant: not used
3814 6110       3       Many::m2532 (14 bytes)
3814 6111       4       Many::m2532 (14 bytes)
3814 6110       3       Many::m2532 (14 bytes)   made not entrant: not used
3816 6112       3       Many::m2533 (14 bytes)
3816 6113       4       Many::m2533 (14 bytes)
3816 6112       3       Many::m2533 (14 bytes)   made not entrant: not used
3817 6114       3       Many::m2534 (14 bytes)
3817 6115       4       Many::m2534 (14 bytes)
3817 6114       3       Many::m2534 (14 bytes)   made not entrant: not used
3818 6116       3       Many::m2535 (14 bytes)
3819 6117       4       Many::m2535 (14 bytes)
3819 6116       3       Many::m2535 (14 bytes)   made not entrant: not used
3820 6118       3       Many::m2536 (14 bytes)
3820 6119       4       Many::m2536 (14 bytes)
3820 6118       3       Many::m2536 (14 bytes)   made not entrant: not used
3821 6120       3       Many::m2537 (14 bytes)
3821 6121       4       Many::m2537 (14 bytes)
3822 6120       3       Many::m2537 (14 bytes)   made not entrant: not used
3823 6122       3       Many::m2538 (14 bytes)
3823 6123       4       Many::m2538 (14 bytes)
3823 6122       3       Many::m2538 (14 bytes)   made not entrant: not used
3824 6124       3       Many::m2539 (14 bytes)
3824 6125       4       Many::m2539 (14 bytes)
3824 6124       3       Many::m2539 (14 bytes)   made not entrant: not used
3826 6126       3       Many::m2540 (14 bytes)
3826 6127       4       Many::m2540 (14 bytes)
3826 6126       3       Many::m2540 (14 bytes)   made not entrant: not used
3827 6128       3       Many::m2541 (14 bytes)
3827 6129       4       Many::m2541 (14 bytes)
3827 6128       3       Many::m2541 (14 bytes)   made not entrant: not used
3828 6130       3       Many::m2542 (14 bytes)
3829 6131       4       Many::m2542 (14 bytes)
3829 6130       3       Many::m2542 (14 bytes)   made not entrant: not used
3830 6132       3       Many::m2543 (14 bytes)
3830 6133       4       Many::m2543 (14 bytes)
3830 6132       3       Many::m2543 (14 bytes)   made not entrant: not used
3831 6134       3       Many::m2544 (14 bytes)
3832 6135       4       Many::m2544 (14 bytes)
3832 6134       3       Many::m2544 (14 bytes)   made not entrant: not used
3833 6136       3       Many::m2545 (14 bytes)
3833 6137       4       Many::m2545 (14 bytes)
3833 6136       3       Many::m2545 (14 bytes)   made not entrant: not used
3834 6138       3       Many::m2546 (14 bytes)
3834 6139       4       Many::m2546 (14 bytes)
3835 6138       3       Many::m2546 (14 bytes)   made not entrant: not used
3836 6140       3       Many::m2547 (14 bytes)
3836 6141       4       Many::m2547 (14 bytes)
3836 6140       3       Many::m2547 (14 bytes)   made not entrant: not used
3837 6142       3       Many::m2548 (14 bytes)
3837 6143       4       Many::m2548 (14 bytes)
3837 6142       3       Many::m2548 (14 bytes)   made not entrant: not used
3839 6144       3       Many::m2549 (14 bytes)
3839 6145       4       Many::m2549 (14 bytes)
3839 6144       3       Many::m2549 (14 bytes)   made not entrant: not used
3840 6146       3       Many::m2550 (14 bytes)
3840 6147       4       Many::m2550 (14 bytes)
3840 6146       3       Many::m2550 (14 bytes)   made not entrant: not used
3842 6148       3       Many::m2551 (14 bytes)
3842 6149       4       Many::m2551 (14 bytes)
3842 6148       3       Many::m2551 (14 bytes)   made not entrant: not used
3843 6150       3       Many::m2552 (14 bytes)
3843 6151       4       Many::m2552 (14 bytes)
3843 6150       3       Many::m2552 (14 bytes)   made not entrant: not used
3844 6152       3       Many::m2553 (14 bytes)
3845 6153       4       Many::m2553 (14 bytes)
3845 6152       3       Many::m2553 (14 bytes)   made not entrant: not used
3846 6154       3       Many::m2554 (14 bytes)
3846 6155       4       Many::m2554 (14 bytes)
3846 6154       3       Many::m2554 (14 bytes)   made not entrant: not used
3847 6156       3       Many::m2555 (14 bytes)
3847 6157       4       Many::m2555 (14 bytes)
3847 6156       3       Many::m2555 (14 bytes)   made not entrant: not used
3849 6158       3       Many::m2556 (14 bytes)
3849 6159       4       Many::m2556 (14 bytes)
3849 6158       3       Many::m2556 (14 bytes)   made not entrant: not used
3850 6160       3       Many::m2557 (14 bytes)
3850 6161       4       Many::m2557 (14 bytes)
3850 6160       3       Many::m2557 (14 bytes)   made not entrant: not used
3852 6162       3       Many::m2558 (14 bytes)
3852 6163       4       Many::m2558 (14 bytes)
3852 6162       3       Many::m2558 (14 bytes)   made not entrant: not used
3853 6164       3       Many::m2559 (14 bytes)
3853 6165       4       Many::m2559 (14 bytes)
3853 6164       3       Many::m2559 (14 bytes)   made not entrant: not used
3855 6166       3       Many::m2560 (14 bytes)
3855 6167       4       Many::m2560 (14 bytes)
3855 6166       3       Many::m2560 (14 bytes)   made not entrant: not used
3856 6168       3       Many::m2561 (14 bytes)
3856 6169       4       Many::m2561 (14 bytes)
3856 6168       3       Many::m2561 (14 bytes)   made not entrant: not used
3857 6170       3       Many::m2562 (14 bytes)
3858 6171       4       Many::m2562 (14 bytes)
3858 6170       3       Many::m2562 (14 bytes)   made not entrant: not used
3859 6172       3       Many::m2563 (14 bytes)
3859 6173       4       Many::m2563 (14 bytes)
3859 6172       3       Many::m2563 (14 bytes)   made not entrant: not used
3860 6174       3       Many::m2564 (14 bytes)
3860 6175       4       Many::m2564 (14 bytes)
3861 6174       3       Many::m2564 (14 bytes)   made not entrant: not used
3862 6176       3       Many::m2565 (14 bytes)
3862 6177       4       Many::m2565 (14 bytes)
3862 6176       3       Many::m2565 (14 bytes)   made not entrant: not used
3863 6178       3       Many::m2566 (14 bytes)
3863 6179       4       Many::m2566 (14 bytes)
3863 6178       3       Many::m2566 (14 bytes)   made not entrant: not used
3865 6180       3       Many::m2567 (14 bytes)
3865 6181       4       Many::m2567 (14 bytes)
3865 6180       3       Many::m2567 (14 bytes)   made not entrant: not used
3866 6182       3       Many::m2568 (14 bytes)
3866 6183       4       Many::m2568 (14 bytes)
3866 6182       3       Many::m2568 (14 bytes)   made not entrant: not used
3868 6184       3       Many::m2569 (14 bytes)
3868 6185       4       Many::m2569 (14 bytes)
3868 6184       3       Many::m2569 (14 bytes)   made not entrant: not used
3869 6186       3       Many::m2570 (14 bytes)
3869 6187       4       Many::m2570 (14 bytes)
3869 6186       3       Many::m2570 (14 bytes)   made not entrant: not used
3871 6188       3       Many::m2571 (14 bytes)
3871 6189       4       Many::m2571 (14 bytes)
3871 6188       3       Many::m2571 (14 bytes)   made not entrant: not used
3872 6190       3       Many::m2572 (14 bytes)
3872 6191       4       Many::m2572 (14 bytes)
3872 6190       3       Many::m2572 (14 bytes)   made not entrant: not used
3873 6192       3       Many::m2573 (14 bytes)
3874 6193       4       Many::m2573 (14 bytes)
3874 6192       3       Many::m2573 (14 bytes)   made not entrant: not used
3875 6194       3       Many::m2574 (14 bytes)
3875 6195       4       Many::m2574 (14 bytes)
3875 6194       3       Many::m2574 (14 bytes)   made not entrant: not used
3876 6196       3       Many::m2575 (14 bytes)
3876 6197       4       Many::m2575 (14 bytes)
3876 6196       3       Many::m2575 (14 bytes)   made not entrant: not used
3878 6198       3       Many::m2576 (14 bytes)
3878 6199       4       Many::m2576 (14 bytes)
3878 6198       3       Many::m2576 (14 bytes)   made not entrant: not used
3879 6200       3       Many::m2577 (14 bytes)
3879 6201       4       Many::m2577 (14 bytes)
3879 6200       3       Many::m2577 (14 bytes)   made not entrant: not used
3881 6202       3       Many::m2578 (14 bytes)
3881 6203       4       Many::m2578 (14 bytes)
3881 6202       3       Many::m2578 (14 bytes)   made not entrant: not used
3882 6204       3       Many::m2579 (14 bytes)
3882 6205       4       Many::m2579 (14 bytes)
3882 6204       3       Many::m2579 (14 bytes)   made not entrant: not used
3884 6206       3       Many::m2580 (14 bytes)
3884 6207       4       Many::m2580 (14 bytes)
3884 6206       3       Many::m2580 (14 bytes)   made not entrant: not used
3885 6208       3       Many::m2581 (14 bytes)
3885 6209       4       Many::m2581 (14 bytes)
3885 6208       3       Many::m2581 (14 bytes)   made not entrant: not used
3886 6210       3       Many::m2582 (14 bytes)
3887 6211       4       Many::m2582 (14 bytes)
3887 6210       3       Many::m2582 (14 bytes)   made not entrant: not used
3888 6212       3       Many::m2583 (14 bytes)
3888 6213       4       Many::m2583 (14 bytes)
3888 6212       3       Many::m2583 (14 bytes)   made not entrant: not used
3889 6214       3       Many::m2584 (14 bytes)
3889 6215       4       Many::m2584 (14 bytes)
3889 6214       3       Many::m2584 (14 bytes)   made not entrant: not used
3891 6216       3       Many::m2585 (14 bytes)
3891 6217       4       Many::m2585 (14 bytes)
3891 6216       3       Many::m2585 (14 bytes)   made not entrant: not used
3892 6218       3       Many::m2586 (14 bytes)
3892 6219       4       Many::m2586 (14 bytes)
3892 6218       3       Many::m2586 (14 bytes)   made not entrant: not used
3893 6220       3       Many::m2587 (14 bytes)
3894 6221       4       Many::m2587 (14 bytes)
3894 6220       3       Many::m2587 (14 bytes)   made not entrant: not used
3895 6222       3       Many::m2588 (14 bytes)
3895 6223       4       Many::m2588 (14 bytes)
3895 6222       3       Many::m2588 (14 bytes)   made not entrant: not used
3896 6224       3       Many::m2589 (14 bytes)
3896 6225       4       Many::m2589 (14 bytes)
3896 6224       3       Many::m2589 (14 bytes)   made not entrant: not used
3898 6226       3       Many::m2590 (14 bytes)
3898 6227       4       Many::m2590 (14 bytes)
3898 6226       3       Many::m2590 (14 bytes)   made not entrant: not used
3899 6228       3       Many::m2591 (14 bytes)
3899 6229       4       Many::m2591 (14 bytes)
3899 6228       3       Many::m2591 (14 bytes)   made not entrant: not used
3901 6230       3       Many::m2592 (14 bytes)
3901 6231       4       Many::m2592 (14 bytes)
3901 6230       3       Many::m2592 (14 bytes)   made not entrant: not used
3902 6232       3       Many::m2593 (14 bytes)
3902 6233       4       Many::m2593 (14 bytes)
3902 6232       3       Many::m2593 (14 bytes)   made not entrant: not used
3903 6234       3       Many::m2594 (14 bytes)
3904 6235       4       Many::m2594 (14 bytes)
3904 6234       3       Many::m2594 (14 bytes)   made not entrant: not used
3905 6236       3       Many::m2595 (14 bytes)
3905 6237       4       Many::m2595 (14 bytes)
3905 6236       3       Many::m2595 (14 bytes)   made not entrant: not used
3906 6238       3       Many::m2596 (14 bytes)
3906 6239       4       Many::m2596 (14 bytes)
3907 6238       3       Many::m2596 (14 bytes)   made not entrant: not used
3908 6240       3       Many::m2597 (14 bytes)
3908 6241       4       Many::m2597 (14 bytes)
3908 6240       3       Many::m2597 (14 bytes)   made not entrant: not used
3909 6242       3       Many::m2598 (14 bytes)
3909 6243       4       Many::m2598 (14 bytes)
3909 6242       3       Many::m2598 (14 bytes)   made not entrant: not used
3911 6244       3       Many::m2599 (14 bytes)
3911 6245       4       Many::m2599 (14 bytes)
3911 6244       3       Many::m2599 (14 bytes)   made not entrant: not used
3912 6246       3       Many::m2600 (14 bytes)
3912 6247       4       Many::m2600 (14 bytes)
3912 6246       3       Many::m2600 (14 bytes)   made not entrant: not used
3913 6248       3       Many::m2601 (14 bytes)
3914 6249       4       Many::m2601 (14 bytes)
3914 6248       3       Many::m2601 (14 bytes)   made not entrant: not used
3915 6250       3       Many::m2602 (14 bytes)
3915 6251       4       Many::m2602 (14 bytes)
3915 6250       3       Many::m2602 (14 bytes)   made not entrant: not used
3917 6252       3       Many::m2603 (14 bytes)
3917 6253       4       Many::m2603 (14 bytes)
3917 6252       3       Many::m2603 (14 bytes)   made not entrant: not used
3918 6254       3       Many::m2604 (14 bytes)
3918 6255       4       Many::m2604 (14 bytes)
3918 6254       3       Many::m2604 (14 bytes)   made not entrant: not used
3920 6256       3       Many::m2605 (14 bytes)
3920 6257       4       Many::m2605 (14 bytes)
3920 6256       3       Many::m2605 (14 bytes)   made not entrant: not used
3921 6258       3       Many::m2606 (14 bytes)
3921 6259       4       Many::m2606 (14 bytes)
3921 6258       3       Many::m2606 (14 bytes)   made not entrant: not used
3922 6260       3       Many::m2607 (14 bytes)
3922 6261       4       Many::m2607 (14 bytes)
3923 6260       3       Many::m2607 (14 bytes)   made not entrant: not used
3924 6262       3       Many::m2608 (14 bytes)
3924 6263       4       Many::m2608 (14 bytes)
3924 6262       3       Many::m2608 (14 bytes)   made not entrant: not used
3925 6264       3       Many::m2609 (14 bytes)
3925 6265       4       Many::m2609 (14 bytes)
3925 6264       3       Many::m2609 (14 bytes)   made not entrant: not used
3927 6266       3       Many::m2610 (14 bytes)
3927 6267       4       Many::m2610 (14 bytes)
3927 6266       3       Many::m2610 (14 bytes)   made not entrant: not used
3928 6268       3       Many::m2611 (14 bytes)
3928 6269       4       Many::m2611 (14 bytes)
3928 6268       3       Many::m2611 (14 bytes)   made not entrant: not used
3930 6270       3       Many::m2612 (14 bytes)
3930 6271       4       Many::m2612 (14 bytes)
3930 6270       3       Many::m2612 (14 bytes)   made not entrant: not used
3931 6272       3       Many::m2613 (14 bytes)
3931 6273       4       Many::m2613 (14 bytes)
3931 6272       3       Many::m2613 (14 bytes)   made not entrant: not used
3932 6274       3       Many::m2614 (14 bytes)
3933 6275       4       Many::m2614 (14 bytes)
3933 6274       3       Many::m2614 (14 bytes)   made not entrant: not used
3934 6276       3       Many::m2615 (14 bytes)
3934 6277       4       Many::m2615 (14 bytes)
3934 6276       3       Many::m2615 (14 bytes)   made not entrant: not used
3935 6278       3       Many::m2616 (14 bytes)
3936 6279       4       Many::m2616 (14 bytes)
3936 6278       3       Many::m2616 (14 bytes)   made not entrant: not used
3937 6280       3       Many::m2617 (14 bytes)
3937 6281       4       Many::m2617 (14 bytes)
3937 6280       3       Many::m2617 (14 bytes)   made not entrant: not used
3938 6282       3       Many::m2618 (14 bytes)
3939 6283       4       Many::m2618 (14 bytes)
3939 6282       3       Many::m2618 (14 bytes)   made not entrant: not used
3940 6284       3       Many::m2619 (14 bytes)
3940 6285       4       Many::m2619 (14 bytes)
3940 6284       3       Many::m2619 (14 bytes)   made not entrant: not used
3941 6286       3       Many::m2620 (14 bytes)
3941 6287       4       Many::m2620 (14 bytes)
3941 6286       3       Many::m2620 (14 bytes)   made not entrant: not used
3943 6288       3       Many::m2621 (14 bytes)
3943 6289       4       Many::m2621 (14 bytes)
3943 6288       3       Many::m2621 (14 bytes)   made not entrant: not used
3944 6290       3       Many::m2622 (14 bytes)
3944 6291       4       Many::m2622 (14 bytes)
3944 6290       3       Many::m2622 (14 bytes)   made not entrant: not used
3946 6292       3       Many::m2623 (14 bytes)
3946 6293       4       Many::m2623 (14 bytes)
3946 6292       3       Many::m2623 (14 bytes)   made not entrant: not used
3947 6294       3       Many::m2624 (14 bytes)
3947 6295       4       Many::m2624 (14 bytes)
3947 6294       3       Many::m2624 (14 bytes)   made not entrant: not used
3949 6296       3       Many::m2625 (14 bytes)
3949 6297       4       Many::m2625 (14 bytes)
3949 6296       3       Many::m2625 (14 bytes)   made not entrant: not used
3950 6298       3       Many::m2626 (14 bytes)
3950 6299       4       Many::m2626 (14 bytes)
3950 6298       3       Many::m2626 (14 bytes)   made not entrant: not used
3951 6300       3       Many::m2627 (14 bytes)
3952 6301       4       Many::m2627 (14 bytes)
3952 6300       3       Many::m2627 (14 bytes)   made not entrant: not used
3953 6302       3       Many::m2628 (14 bytes)
3953 6303       4       Many::m2628 (14 bytes)
3953 6302       3       Many::m2628 (14 bytes)   made not entrant: not used
3954 6304       3       Many::m2629 (14 bytes)
3954 6305       4       Many::m2629 (14 bytes)
3955 6304       3       Many::m2629 (14 bytes)   made not entrant: not used
3956 6306       3       Many::m2630 (14 bytes)
3956 6307       4       Many::m2630 (14 bytes)
3956 6306       3       Many::m2630 (14 bytes)   made not entrant: not used
3957 6308       3       Many::m2631 (14 bytes)
3957 6309       4       Many::m2631 (14 bytes)
3957 6308       3       Many::m2631 (14 bytes)   made not entrant: not used
3959 6310       3       Many::m2632 (14 bytes)
3959 6311       4       Many::m2632 (14 bytes)
3959 6310       3       Many::m2632 (14 bytes)   made not entrant: not used
3960 6312       3       Many::m2633 (14 bytes)
3960 6313       4       Many::m2633 (14 bytes)
3960 6312       3       Many::m2633 (14 bytes)   made not entrant: not used
3962 6314       3       Many::m2634 (14 bytes)
3962 6315       4       Many::m2634 (14 bytes)
3962 6314       3       Many::m2634 (14 bytes)   made not entrant: not used
3963 6316       3       Many::m2635 (14 bytes)
3963 6317       4       Many::m2635 (14 bytes)
3963 6316       3       Many::m2635 (14 bytes)   made not entrant: not used
3964 6318       3       Many::m2636 (14 bytes)
3964 6319       4       Many::m2636 (14 bytes)
3965 6318       3       Many::m2636 (14 bytes)   made not entrant: not used
3966 6320       3       Many::m2637 (14 bytes)
3966 6321       4       Many::m2637 (14 bytes)
3966 6320       3       Many::m2637 (14 bytes)   made not entrant: not used
3967 6322       3       Many::m2638 (14 bytes)
3967 6323       4       Many::m2638 (14 bytes)
3967 6322       3       Many::m2638 (14 bytes)   made not entrant: not used
3969 6324       3       Many::m2639 (14 bytes)
3969 6325       4       Many::m2639 (14 bytes)
3969 6324       3       Many::m2639 (14 bytes)   made not entrant: not used
3970 6326       3       Many::m2640 (14 bytes)
3970 6327       4       Many::m2640 (14 bytes)
3970 6326       3       Many::m2640 (14 bytes)   made not entrant: not used
3972 6328       3       Many::m2641 (14 bytes)
3972 6329       4       Many::m2641 (14 bytes)
3972 6328       3       Many::m2641 (14 bytes)   made not entrant: not used
3973 6330       3       Many::m2642 (14 bytes)
3973 6331       4       Many::m2642 (14 bytes)
3973 6330       3       Many::m2642 (14 bytes)   made not entrant: not used
3975 6332       3       Many::m2643 (14 bytes)
3975 6333       4       Many::m2643 (14 bytes)
3975 6332       3       Many::m2643 (14 bytes)   made not entrant: not used
3976 6334       3       Many::m2644 (14 bytes)
3976 6335       4       Many::m2644 (14 bytes)
3976 6334       3       Many::m2644 (14 bytes)   made not entrant: not used
3977 6336       3       Many::m2645 (14 bytes)
3978 6337       4       Many::m2645 (14 bytes)
3978 6336       3       Many::m2645 (14 bytes)   made not entrant: not used
3979 6338       3       Many::m2646 (14 bytes)
3979 6339       4       Many::m2646 (14 bytes)
3979 6338       3       Many::m2646 (14 bytes)   made not entrant: not used
3980 6340       3       Many::m2647 (14 bytes)
3980 6341       4       Many::m2647 (14 bytes)
3980 6340       3       Many::m2647 (14 bytes)   made not entrant: not used
3982 6342       3       Many::m2648 (14 bytes)
3982 6343       4       Many::m2648 (14 bytes)
3982 6342       3       Many::m2648 (14 bytes)   made not entrant: not used
3983 6344       3       Many::m2649 (14 bytes)
3983 6345       4       Many::m2649 (14 bytes)
3983 6344       3       Many::m2649 (14 bytes)   made not entrant: not used
3985 6346       3       Many::m2650 (14 bytes)
3985 6347       4       Many::m2650 (14 bytes)
3985 6346       3       Many::m2650 (14 bytes)   made not entrant: not used
3986 6348       3       Many::m2651 (14 bytes)
3986 6349       4       Many::m2651 (14 bytes)
3986 6348       3       Many::m2651 (14 bytes)   made not entrant: not used
3987 6350       3       Many::m2652 (14 bytes)
3987 6351       4       Many::m2652 (14 bytes)
3988 6350       3       Many::m2652 (14 bytes)   made not entrant: not used
3989 6352       3       Many::m2653 (14 bytes)
3989 6353       4       Many::m2653 (14 bytes)
3989 6352       3       Many::m2653 (14 bytes)   made not entrant: not used
3990 6354       3       Many::m2654 (14 bytes)
3990 6355       4       Many::m2654 (14 bytes)
3990 6354       3       Many::m2654 (14 bytes)   made not entrant: not used
3992 6356       3       Many::m2655 (14 bytes)
3992 6357       4       Many::m2655 (14 bytes)
3992 6356       3       Many::m2655 (14 bytes)   made not entrant: not used
3993 6358       3       Many::m2656 (14 bytes)
3993 6359       4       Many::m2656 (14 bytes)
3993 6358       3       Many::m2656 (14 bytes)   made not entrant: not used
3995 6360       3       Many::m2657 (14 bytes)
3995 6361       4       Many::m2657 (14 bytes)
3995 6360       3       Many::m2657 (14 bytes)   made not entrant: not used
3996 6362       3       Many::m2658 (14 bytes)
3996 6363       4       Many::m2658 (14 bytes)
3996 6362       3       Many::m2658 (14 bytes)   made not entrant: not used
3997 6364       3       Many::m2659 (14 bytes)
3998 6365       4       Many::m2659 (14 bytes)
3998 6364       3       Many::m2659 (14 bytes)   made not entrant: not used
3999 6366       3       Many::m2660 (14 bytes)
3999 6367       4       Many::m2660 (14 bytes)
3999 6366       3       Many::m2660 (14 bytes)   made not entrant: not used
4000 6368       3       Many::m2661 (14 bytes)
4000 6369       4       Many::m2661 (14 bytes)
4000 6368       3       Many::m2661 (14 bytes)   made not entrant: not used
4002 6370       3       Many::m2662 (14 bytes)
4002 6371       4       Many::m2662 (14 bytes)
4002 6370       3       Many::m2662 (14 bytes)   made not entrant: not used
4003 6372       3       Many::m2663 (14 bytes)
4003 6373       4       Many::m2663 (14 bytes)
4003 6372       3       Many::m2663 (14 bytes)   made not entrant: not used
4005 6374       3       Many::m2664 (14 bytes)
4005 6375       4       Many::m2664 (14 bytes)
4005 6374       3       Many::m2664 (14 bytes)   made not entrant: not used
4006 6376       3       Many::m2665 (14 bytes)
4006 6377       4       Many::m2665 (14 bytes)
4006 6376       3       Many::m2665 (14 bytes)   made not entrant: not used
4007 6378       3       Many::m2666 (14 bytes)
4008 6379       4       Many::m2666 (14 bytes)
4008 6378       3       Many::m2666 (14 bytes)   made not entrant: not used
4009 6380       3       Many::m2667 (14 bytes)
4009 6381       4       Many::m2667 (14 bytes)
4009 6380       3       Many::m2667 (14 bytes)   made not entrant: not used
4010 6382       3       Many::m2668 (14 bytes)
4010 6383       4       Many::m2668 (14 bytes)
4010 6382       3       Many::m2668 (14 bytes)   made not entrant: not used
4012 6384       3       Many::m2669 (14 bytes)
4012 6385       4       Many::m2669 (14 bytes)
4012 6384       3       Many::m2669 (14 bytes)   made not entrant: not used
4013 6386       3       Many::m2670 (14 bytes)
4013 6387       4       Many::m2670 (14 bytes)
4013 6386       3       Many::m2670 (14 bytes)   made not entrant: not used
4015 6388       3       Many::m2671 (14 bytes)
4015 6389       4       Many::m2671 (14 bytes)
4015 6388       3       Many::m2671 (14 bytes)   made not entrant: not used
4016 6390       3       Many::m2672 (14 bytes)
4016 6391       4       Many::m2672 (14 bytes)
4016 6390       3       Many::m2672 (14 bytes)   made not entrant: not used
4018 6392       3       Many::m2673 (14 bytes)
4018 6393       4       Many::m2673 (14 bytes)
4018 6392       3       Many::m2673 (14 bytes)   made not entrant: not used
4019 6394       3       Many::m2674 (14 bytes)
4019 6395       4       Many::m2674 (14 bytes)
4019 6394       3       Many::m2674 (14 bytes)   made not entrant: not used
4020 6396       3       Many::m2675 (14 bytes)
4021 6397       4       Many::m2675 (14 bytes)
4021 6396       3       Many::m2675 (14 bytes)   made not entrant: not used
4022 6398       3       Many::m2676 (14 bytes)
4022 6399       4       Many::m2676 (14 bytes)
4022 6398       3       Many::m2676 (14 bytes)   made not entrant: not used
4023 6400       3       Many::m2677 (14 bytes)
4023 6401       4       Many::m2677 (14 bytes)
4023 6400       3       Many::m2677 (14 bytes)   made not entrant: not used
4025 6402       3       Many::m2678 (14 bytes)
4025 6403       4       Many::m2678 (14 bytes)
4025 6402       3       Many::m2678 (14 bytes)   made not entrant: not used
4026 6404       3       Many::m2679 (14 bytes)
4026 6405       4       Many::m2679 (14 bytes)
4026 6404       3       Many::m2679 (14 bytes)   made not entrant: not used
4028 6406       3       Many::m2680 (14 bytes)
4028 6407       4       Many::m2680 (14 bytes)
4028 6406       3       Many::m2680 (14 bytes)   made not entrant: not used
4029 6408       3       Many::m2681 (14 bytes)
4029 6409       4       Many::m2681 (14 bytes)
4029 6408       3       Many::m2681 (14 bytes)   made not entrant: not used
4031 6410       3       Many::m2682 (14 bytes)
4031 6411       4       Many::m2682 (14 bytes)
4031 6410       3       Many::m2682 (14 bytes)   made not entrant: not used
4032 6412       3       Many::m2683 (14 bytes)
4032 6413       4       Many::m2683 (14 bytes)
4032 6412       3       Many::m2683 (14 bytes)   made not entrant: not used
4033 6414       3       Many::m2684 (14 bytes)
4034 6415       4       Many::m2684 (14 bytes)
4034 6414       3       Many::m2684 (14 bytes)   made not entrant: not used
4035 6416       3       Many::m2685 (14 bytes)
4035 6417       4       Many::m2685 (14 bytes)
4035 6416       3       Many::m2685 (14 bytes)   made not entrant: not used
4036 6418       3       Many::m2686 (14 bytes)
4036 6419       4       Many::m2686 (14 bytes)
4036 6418       3       Many::m2686 (14 bytes)   made not entrant: not used
4038 6420       3       Many::m2687 (14 bytes)
4038 6421       4       Many::m2687 (14 bytes)
4038 6420       3       Many::m2687 (14 bytes)   made not entrant: not used
4039 6422       3       Many::m2688 (14 bytes)
4039 6423       4       Many::m2688 (14 bytes)
4039 6422       3       Many::m2688 (14 bytes)   made not entrant: not used
4041 6424       3       Many::m2689 (14 bytes)
4041 6425       4       Many::m2689 (14 bytes)
4041 6424       3       Many::m2689 (14 bytes)   made not entrant: not used
4042 6426       3       Many::m2690 (14 bytes)
4042 6427       4       Many::m2690 (14 bytes)
4042 6426       3       Many::m2690 (14 bytes)   made not entrant: not used
4044 6428       3       Many::m2691 (14 bytes)
4044 6429       4       Many::m2691 (14 bytes)
4044 6428       3       Many::m2691 (14 bytes)   made not entrant: not used
4045 6430       3       Many::m2692 (14 bytes)
4045 6431       4       Many::m2692 (14 bytes)
4045 6430       3       Many::m2692 (14 bytes)   made not entrant: not used
4046 6432       3       Many::m2693 (14 bytes)
4047 6433       4       Many::m2693 (14 bytes)
4047 6432       3       Many::m2693 (14 bytes)   made not entrant: not used
4048 6434       3       Many::m2694 (14 bytes)
4048 6435       4       Many::m2694 (14 bytes)
4048 6434       3       Many::m2694 (14 bytes)   made not entrant: not used
4049 6436       3       Many::m2695 (14 bytes)
4049 6437       4       Many::m2695 (14 bytes)
4050 6436       3       Many::m2695 (14 bytes)   made not entrant: not used
4051 6438       3       Many::m2696 (14 bytes)
4051 6439       4       Many::m2696 (14 bytes)
4051 6438       3       Many::m2696 (14 bytes)   made not entrant: not used
4052 6440       3       Many::m2697 (14 bytes)
4052 6441       4       Many::m2697 (14 bytes)
4052 6440       3       Many::m2697 (14 bytes)   made not entrant: not used
4054 6442       3       Many::m2698 (14 bytes)
4054 6443       4       Many::m2698 (14 bytes)
4054 6442       3       Many::m2698 (14 bytes)   made not entrant: not used
4055 6444       3       Many::m2699 (14 bytes)
4055 6445       4       Many::m2699 (14 bytes)
4055 6444       3       Many::m2699 (14 bytes)   made not entrant: not used
4056 6446       3       Many::m2700 (14 bytes)
4057 6447       4       Many::m2700 (14 bytes)
4057 6446       3       Many::m2700 (14 bytes)   made not entrant: not used
4058 6448       3       Many::m2701 (14 bytes)
4058 6449       4       Many::m2701 (14 bytes)
4058 6448       3       Many::m2701 (14 bytes)   made not entrant: not used
4059 6450       3       Many::m2702 (14 bytes)
4059 6451       4       Many::m2702 (14 bytes)
4059 6450       3       Many::m2702 (14 bytes)   made not entrant: not used
4061 6452       3       Many::m2703 (14 bytes)
4061 6453       4       Many::m2703 (14 bytes)
4061 6452       3       Many::m2703 (14 bytes)   made not entrant: not used
4062 6454       3       Many::m2704 (14 bytes)
4062 6455       4       Many::m2704 (14 bytes)
4062 6454       3       Many::m2704 (14 bytes)   made not entrant: not used
4063 6456       3       Many::m2705 (14 bytes)
4064 6457       4       Many::m2705 (14 bytes)
4064 6456       3       Many::m2705 (14 bytes)   made not entrant: not used
4065 6458       3       Many::m2706 (14 bytes)
4065 6459       4       Many::m2706 (14 bytes)
4065 6458       3       Many::m2706 (14 bytes)   made not entrant: not used
4066 6460       3       Many::m2707 (14 bytes)
4067 6461       4       Many::m2707 (14 bytes)
4067 6460       3       Many::m2707 (14 bytes)   made not entrant: not used
4068 6462       3       Many::m2708 (14 bytes)
4068 6463       4       Many::m2708 (14 bytes)
4068 6462       3       Many::m2708 (14 bytes)   made not entrant: not used
4069 6464       3       Many::m2709 (14 bytes)
4069 6465       4       Many::m2709 (14 bytes)
4069 6464       3       Many::m2709 (14 bytes)   made not entrant: not used
4071 6466       3       Many::m2710 (14 bytes)
4071 6467       4       Many::m2710 (14 bytes)
4071 6466       3       Many::m2710 (14 bytes)   made not entrant: not used
4072 6468       3       Many::m2711 (14 bytes)
4072 6469       4       Many::m2711 (14 bytes)
4072 6468       3       Many::m2711 (14 bytes)   made not entrant: not used
4074 6470       3       Many::m2712 (14 bytes)
4074 6471       4       Many::m2712 (14 bytes)
4074 6470       3       Many::m2712 (14 bytes)   made not entrant: not used
4075 6472       3       Many::m2713 (14 bytes)
4075 6473       4       Many::m2713 (14 bytes)
4075 6472       3       Many::m2713 (14 bytes)   made not entrant: not used
4076 6474       3       Many::m2714 (14 bytes)
4076 6475       4       Many::m2714 (14 bytes)
4077 6474       3       Many::m2714 (14 bytes)   made not entrant: not used
4078 6476       3       Many::m2715 (14 bytes)
4078 6477       4       Many::m2715 (14 bytes)
4078 6476       3       Many::m2715 (14 bytes)   made not entrant: not used
4079 6478       3       Many::m2716 (14 bytes)
4079 6479       4       Many::m2716 (14 bytes)
4079 6478       3       Many::m2716 (14 bytes)   made not entrant: not used
4081 6480       3       Many::m2717 (14 bytes)
4081 6481       4       Many::m2717 (14 bytes)
4081 6480       3       Many::m2717 (14 bytes)   made not entrant: not used
4082 6482       3       Many::m2718 (14 bytes)
4082 6483       4       Many::m2718 (14 bytes)
4082 6482       3       Many::m2718 (14 bytes)   made not entrant: not used
4083 6484       3       Many::m2719 (14 bytes)
4084 6485       4       Many::m2719 (14 bytes)
4084 6484       3       Many::m2719 (14 bytes)   made not entrant: not used
4085 6486       3       Many::m2720 (14 bytes)
4085 6487       4       Many::m2720 (14 bytes)
4085 6486       3       Many::m2720 (14 bytes)   made not entrant: not used
4086 6488       3       Many::m2721 (14 bytes)
4086 6489       4       Many::m2721 (14 bytes)
4087 6488       3       Many::m2721 (14 bytes)   made not entrant: not used
4088 6490       3       Many::m2722 (14 bytes)
4088 6491       4       Many::m2722 (14 bytes)
4088 6490       3       Many::m2722 (14 bytes)   made not entrant: not used
4089 6492       3       Many::m2723 (14 bytes)
4089 6493       4       Many::m2723 (14 bytes)
4089 6492       3       Many::m2723 (14 bytes)   made not entrant: not used
4091 6494       3       Many::m2724 (14 bytes)
4091 6495       4       Many::m2724 (14 bytes)
4091 6494       3       Many::m2724 (14 bytes)   made not entrant: not used
4092 6496       3       Many::m2725 (14 bytes)
4092 6497       4       Many::m2725 (14 bytes)
4092 6496       3       Many::m2725 (14 bytes)   made not entrant: not used
4094 6498       3       Many::m2726 (14 bytes)
4094 6499       4       Many::m2726 (14 bytes)
4094 6498       3       Many::m2726 (14 bytes)   made not entrant: not used
4095 6500       3       Many::m2727 (14 bytes)
4095 6501       4       Many::m2727 (14 bytes)
4095 6500       3       Many::m2727 (14 bytes)   made not entrant: not used
4096 6502       3       Many::m2728 (14 bytes)
4097 6503       4       Many::m2728 (14 bytes)
4097 6502       3       Many::m2728 (14 bytes)   made not entrant: not used
4098 6504       3       Many::m2729 (14 bytes)
4098 6505       4       Many::m2729 (14 bytes)
4098 6504       3       Many::m2729 (14 bytes)   made not entrant: not used
4099 6506       3       Many::m2730 (14 bytes)
4099 6507       4       Many::m2730 (14 bytes)
4100 6506       3       Many::m2730 (14 bytes)   made not entrant: not used
4101 6508       3       Many::m2731 (14 bytes)
4101 6509       4       Many::m2731 (14 bytes)
4101 6508       3       Many::m2731 (14 bytes)   made not entrant: not used
4102 6510       3       Many::m2732 (14 bytes)
4102 6511       4       Many::m2732 (14 bytes)
4102 6510       3       Many::m2732 (14 bytes)   made not entrant: not used
4104 6512       3       Many::m2733 (14 bytes)
4104 6513       4       Many::m2733 (14 bytes)
4104 6512       3       Many::m2733 (14 bytes)   made not entrant: not used
4105 6514       3       Many::m2734 (14 bytes)
4105 6515       4       Many::m2734 (14 bytes)
4105 6514       3       Many::m2734 (14 bytes)   made not entrant: not used
4106 6516       3       Many::m2735 (14 bytes)
4107 6517       4       Many::m2735 (14 bytes)
4107 6516       3       Many::m2735 (14 bytes)   made not entrant: not used
4108 6518       3       Many::m2736 (14 bytes)
4108 6519       4       Many::m2736 (14 bytes)
4108 6518       3       Many::m2736 (14 bytes)   made not entrant: not used
4109 6520       3       Many::m2737 (14 bytes)
4109 6521       4       Many::m2737 (14 bytes)
4110 6520       3       Many::m2737 (14 bytes)   made not entrant: not used
4111 6522       3       Many::m2738 (14 bytes)
4111 6523       4       Many::m2738 (14 bytes)
4111 6522       3       Many::m2738 (14 bytes)   made not entrant: not used
4112 6524       3       Many::m2739 (14 bytes)
4112 6525       4       Many::m2739 (14 bytes)
4112 6524       3       Many::m2739 (14 bytes)   made not entrant: not used
4114 6526       3       Many::m2740 (14 bytes)
4114 6527       4       Many::m2740 (14 bytes)
4114 6526       3       Many::m2740 (14 bytes)   made not entrant: not used
4115 6528       3       Many::m2741 (14 bytes)
4115 6529       4       Many::m2741 (14 bytes)
4115 6528       3       Many::m2741 (14 bytes)   made not entrant: not used
4117 6530       3       Many::m2742 (14 bytes)
4117 6531       4       Many::m2742 (14 bytes)
4117 6530       3       Many::m2742 (14 bytes)   made not entrant: not used
4118 6532       3       Many::m2743 (14 bytes)
4118 6533       4       Many::m2743 (14 bytes)
4118 6532       3       Many::m2743 (14 bytes)   made not entrant: not used
4120 6534       3       Many::m2744 (14 bytes)
4120 6535       4       Many::m2744 (14 bytes)
4120 6534       3       Many::m2744 (14 bytes)   made not entrant: not used
4121 6536       3       Many::m2745 (14 bytes)
4121 6537       4       Many::m2745 (14 bytes)
4121 6536       3       Many::m2745 (14 bytes)   made not entrant: not used
4122 6538       3       Many::m2746 (14 bytes)
4123 6539       4       Many::m2746 (14 bytes)
4123 6538       3       Many::m2746 (14 bytes)   made not entrant: not used
4124 6540       3       Many::m2747 (14 bytes)
4124 6541       4       Many::m2747 (14 bytes)
4124 6540       3       Many::m2747 (14 bytes)   made not entrant: not used
4125 6542       3       Many::m2748 (14 bytes)
4125 6543       4       Many::m2748 (14 bytes)
4125 6542       3       Many::m2748 (14 bytes)   made not entrant: not used
4127 6544       3       Many::m2749 (14 bytes)
4127 6545       4       Many::m2749 (14 bytes)
4127 6544       3       Many::m2749 (14 bytes)   made not entrant: not used
4128 6546       3       Many::m2750 (14 bytes)
4128 6547       4       Many::m2750 (14 bytes)
4128 6546       3       Many::m2750 (14 bytes)   made not entrant: not used
4130 6548       3       Many::m2751 (14 bytes)
4130 6549       4       Many::m2751 (14 bytes)
4130 6548       3       Many::m2751 (14 bytes)   made not entrant: not used
4131 6550       3       Many::m2752 (14 bytes)
4131 6551       4       Many::m2752 (14 bytes)
4131 6550       3       Many::m2752 (14 bytes)   made not entrant: not used
4132 6552       3       Many::m2753 (14 bytes)
4133 6553       4       Many::m2753 (14 bytes)
4133 6552       3       Many::m2753 (14 bytes)   made not entrant: not used
4134 6554       3       Many::m2754 (14 bytes)
4134 6555       4       Many::m2754 (14 bytes)
4134 6554       3       Many::m2754 (14 bytes)   made not entrant: not used
4135 6556       3       Many::m2755 (14 bytes)
4135 6557       4       Many::m2755 (14 bytes)
4136 6556       3       Many::m2755 (14 bytes)   made not entrant: not used
4137 6558       3       Many::m2756 (14 bytes)
4137 6559       4       Many::m2756 (14 bytes)
4137 6558       3       Many::m2756 (14 bytes)   made not entrant: not used
4138 6560       3       Many::m2757 (14 bytes)
4138 6561       4       Many::m2757 (14 bytes)
4138 6560       3       Many::m2757 (14 bytes)   made not entrant: not used
4140 6562       3       Many::m2758 (14 bytes)
4140 6563       4       Many::m2758 (14 bytes)
4140 6562       3       Many::m2758 (14 bytes)   made not entrant: not used
4141 6564       3       Many::m2759 (14 bytes)
4141 6565       4       Many::m2759 (14 bytes)
4141 6564       3       Many::m2759 (14 bytes)   made not entrant: not used
4143 6566       3       Many::m2760 (14 bytes)
4143 6567       4       Many::m2760 (14 bytes)
4143 6566       3       Many::m2760 (14 bytes)   made not entrant: not used
4144 6568       3       Many::m2761 (14 bytes)
4144 6569       4       Many::m2761 (14 bytes)
4144 6568       3       Many::m2761 (14 bytes)   made not entrant: not used
4145 6570       3       Many::m2762 (14 bytes)
4146 6571       4       Many::m2762 (14 bytes)
4146 6570       3       Many::m2762 (14 bytes)   made not entrant: not used
4147 6572       3       Many::m2763 (14 bytes)
4147 6573       4       Many::m2763 (14 bytes)
4147 6572       3       Many::m2763 (14 bytes)   made not entrant: not used
4148 6574       3       Many::m2764 (14 bytes)
4149 6575       4       Many::m2764 (14 bytes)
4149 6574       3       Many::m2764 (14 bytes)   made not entrant: not used
4150 6576       3       Many::m2765 (14 bytes)
4150 6577       4       Many::m2765 (14 bytes)
4150 6576       3       Many::m2765 (14 bytes)   made not entrant: not used
4151 6578       3       Many::m2766 (14 bytes)
4151 6579       4       Many::m2766 (14 bytes)
4151 6578       3       Many::m2766 (14 bytes)   made not entrant: not used
4153 6580       3       Many::m2767 (14 bytes)
4153 6581       4       Many::m2767 (14 bytes)
4153 6580       3       Many::m2767 (14 bytes)   made not entrant: not used
4154 6582       3       Many::m2768 (14 bytes)
4154 6583       4       Many::m2768 (14 bytes)
4154 6582       3       Many::m2768 (14 bytes)   made not entrant: not used
4156 6584       3       Many::m2769 (14 bytes)
4156 6585       4       Many::m2769 (14 bytes)
4156 6584       3       Many::m2769 (14 bytes)   made not entrant: not used
4157 6586       3       Many::m2770 (14 bytes)
4157 6587       4       Many::m2770 (14 bytes)
4157 6586       3       Many::m2770 (14 bytes)   made not entrant: not used
4158 6588       3       Many::m2771 (14 bytes)
4159 6589       4       Many::m2771 (14 bytes)
4159 6588       3       Many::m2771 (14 bytes)   made not entrant: not used
4160 6590       3       Many::m2772 (14 bytes)
4160 6591       4       Many::m2772 (14 bytes)
4160 6590       3       Many::m2772 (14 bytes)   made not entrant: not used
4161 6592       3       Many::m2773 (14 bytes)
4161 6593       4       Many::m2773 (14 bytes)
4162 6592       3       Many::m2773 (14 bytes)   made not entrant: not used
4163 6594       3       Many::m2774 (14 bytes)
4163 6595       4       Many::m2774 (14 bytes)
4163 6594       3       Many::m2774 (14 bytes)   made not entrant: not used
4164 6596       3       Many::m2775 (14 bytes)
4164 6597       4       Many::m2775 (14 bytes)
4164 6596       3       Many::m2775 (14 bytes)   made not entrant: not used
4166 6598       3       Many::m2776 (14 bytes)
4166 6599       4       Many::m2776 (14 bytes)
4166 6598       3       Many::m2776 (14 bytes)   made not entrant: not used
4167 6600       3       Many::m2777 (14 bytes)
4167 6601       4       Many::m2777 (14 bytes)
4167 6600       3       Many::m2777 (14 bytes)   made not entrant: not used
4169 6602       3       Many::m2778 (14 bytes)
4169 6603       4       Many::m2778 (14 bytes)
4169 6602       3       Many::m2778 (14 bytes)   made not entrant: not used
4170 6604       3       Many::m2779 (14 bytes)
4170 6605       4       Many::m2779 (14 bytes)
4170 6604       3       Many::m2779 (14 bytes)   made not entrant: not used
4171 6606       3       Many::m2780 (14 bytes)
4172 6607       4       Many::m2780 (14 bytes)
4172 6606       3       Many::m2780 (14 bytes)   made not entrant: not used
4173 6608       3       Many::m2781 (14 bytes)
4173 6609       4       Many::m2781 (14 bytes)
4173 6608       3       Many::m2781 (14 bytes)   made not entrant: not used
4174 6610       3       Many::m2782 (14 bytes)
4174 6611       4       Many::m2782 (14 bytes)
4174 6610       3       Many::m2782 (14 bytes)   made not entrant: not used
4176 6612       3       Many::m2783 (14 bytes)
4176 6613       4       Many::m2783 (14 bytes)
4176 6612       3       Many::m2783 (14 bytes)   made not entrant: not used
4177 6614       3       Many::m2784 (14 bytes)
4177 6615       4       Many::m2784 (14 bytes)
4177 6614       3       Many::m2784 (14 bytes)   made not entrant: not used
4179 6616       3       Many::m2785 (14 bytes)
4179 6617       4       Many::m2785 (14 bytes)
4179 6616       3       Many::m2785 (14 bytes)   made not entrant: not used
4180 6618       3       Many::m2786 (14 bytes)
4180 6619       4       Many::m2786 (14 bytes)
4180 6618       3       Many::m2786 (14 bytes)   made not entrant: not used
4182 6620       3       Many::m2787 (14 bytes)
4182 6621       4       Many::m2787 (14 bytes)
4182 6620       3       Many::m2787 (14 bytes)   made not entrant: not used
4183 6622       3       Many::m2788 (14 bytes)
4183 6623       4       Many::m2788 (14 bytes)
4183 6622       3       Many::m2788 (14 bytes)   made not entrant: not used
4185 6624       3       Many::m2789 (14 bytes)
4185 6625       4       Many::m2789 (14 bytes)
4185 6624       3       Many::m2789 (14 bytes)   made not entrant: not used
4186 6626       3       Many::m2790 (14 bytes)
4186 6627       4       Many::m2790 (14 bytes)
4186 6626       3       Many::m2790 (14 bytes)   made not entrant: not used
4187 6628       3       Many::m2791 (14 bytes)
4188 6629       4       Many::m2791 (14 bytes)
4188 6628       3       Many::m2791 (14 bytes)   made not entrant: not used
4189 6630       3       Many::m2792 (14 bytes)
4189 6631       4       Many::m2792 (14 bytes)
4189 6630       3       Many::m2792 (14 bytes)   made not entrant: not used
4190 6632       3       Many::m2793 (14 bytes)
4190 6633       4       Many::m2793 (14 bytes)
4190 6632       3       Many::m2793 (14 bytes)   made not entrant: not used
4192 6634       3       Many::m2794 (14 bytes)
4192 6635       4       Many::m2794 (14 bytes)
4192 6634       3       Many::m2794 (14 bytes)   made not entrant: not used
4193 6636       3       Many::m2795 (14 bytes)
4193 6637       4       Many::m2795 (14 bytes)
4193 6636       3       Many::m2795 (14 bytes)   made not entrant: not used
4195 6638       3       Many::m2796 (14 bytes)
4195 6639       4       Many::m2796 (14 bytes)
4195 6638       3       Many::m2796 (14 bytes)   made not entrant: not used
4196 6640       3       Many::m2797 (14 bytes)
4196 6641       4       Many::m2797 (14 bytes)
4196 6640       3       Many::m2797 (14 bytes)   made not entrant: not used
4198 6642       3       Many::m2798 (14 bytes)
4198 6643       4       Many::m2798 (14 bytes)
4198 6642       3       Many::m2798 (14 bytes)   made not entrant: not used
4199 6644       3       Many::m2799 (14 bytes)
4199 6645       4       Many::m2799 (14 bytes)
4199 6644       3       Many::m2799 (14 bytes)   made not entrant: not used
4201 6646       3       Many::m2800 (14 bytes)
4201 6647       4       Many::m2800 (14 bytes)
4201 6646       3       Many::m2800 (14 bytes)   made not entrant: not used
4202 6648       3       Many::m2801 (14 bytes)
4202 6649       4       Many::m2801 (14 bytes)
4202 6648       3       Many::m2801 (14 bytes)   made not entrant: not used
4204 6650       3       Many::m2802 (14 bytes)
4204 6651       4       Many::m2802 (14 bytes)
4204 6650       3       Many::m2802 (14 bytes)   made not entrant: not used
4205 6652       3       Many::m2803 (14 bytes)
4205 6653       4       Many::m2803 (14 bytes)
4205 6652       3       Many::m2803 (14 bytes)   made not entrant: not used
4207 6654       3       Many::m2804 (14 bytes)
4207 6655       4       Many::m2804 (14 bytes)
4207 6654       3       Many::m2804 (14 bytes)   made not entrant: not used
4208 6656       3       Many::m2805 (14 bytes)
4208 6657       4       Many::m2805 (14 bytes)
4208 6656       3       Many::m2805 (14 bytes)   made not entrant: not used
4209 6658       3       Many::m2806 (14 bytes)
4210 6659       4       Many::m2806 (14 bytes)
4210 6658       3       Many::m2806 (14 bytes)   made not entrant: not used
4211 6660       3       Many::m2807 (14 bytes)
4211 6661       4       Many::m2807 (14 bytes)
4211 6660       3       Many::m2807 (14 bytes)   made not entrant: not used
4212 6662       3       Many::m2808 (14 bytes)
4212 6663       4       Many::m2808 (14 bytes)
4213 6662       3       Many::m2808 (14 bytes)   made not entrant: not used
4214 6664       3       Many::m2809 (14 bytes)
4214 6665       4       Many::m2809 (14 bytes)
4214 6664       3       Many::m2809 (14 bytes)   made not entrant: not used
4215 6666       3       Many::m2810 (14 bytes)
4215 6667       4       Many::m2810 (14 bytes)
4216 6666       3       Many::m2810 (14 bytes)   made not entrant: not used
4217 6668       3       Many::m2811 (14 bytes)
4217 6669       4       Many::m2811 (14 bytes)
4217 6668       3       Many::m2811 (14 bytes)   made not entrant: not used
4218 6670       3       Many::m2812 (14 bytes)
4218 6671       4       Many::m2812 (14 bytes)
4218 6670       3       Many::m2812 (14 bytes)   made not entrant: not used
4220 6672       3       Many::m2813 (14 bytes)
4220 6673       4       Many::m2813 (14 bytes)
4220 6672       3       Many::m2813 (14 bytes)   made not entrant: not used
4221 6674       3       Many::m2814 (14 bytes)
4221 6675       4       Many::m2814 (14 bytes)
4221 6674       3       Many::m2814 (14 bytes)   made not entrant: not used
4223 6676       3       Many::m2815 (14 bytes)
4223 6677       4       Many::m2815 (14 bytes)
4223 6676       3       Many::m2815 (14 bytes)   made not entrant: not used
4224 6678       3       Many::m2816 (14 bytes)
4224 6679       4       Many::m2816 (14 bytes)
4224 6678       3       Many::m2816 (14 bytes)   made not entrant: not used
4225 6680       3       Many::m2817 (14 bytes)
4226 6681       4       Many::m2817 (14 bytes)
4226 6680       3       Many::m2817 (14 bytes)   made not entrant: not used
4227 6682       3       Many::m2818 (14 bytes)
4227 6683       4       Many::m2818 (14 bytes)
4227 6682       3       Many::m2818 (14 bytes)   made not entrant: not used
4228 6684       3       Many::m2819 (14 bytes)
4228 6685       4       Many::m2819 (14 bytes)
4228 6684       3       Many::m2819 (14 bytes)   made not entrant: not used
4230 6686       3       Many::m2820 (14 bytes)
4230 6687       4       Many::m2820 (14 bytes)
4230 6686       3       Many::m2820 (14 bytes)   made not entrant: not used
4231 6688       3       Many::m2821 (14 bytes)
4231 6689       4       Many::m2821 (14 bytes)
4232 6688       3       Many::m2821 (14 bytes)   made not entrant: not used
4233 6690       3       Many::m2822 (14 bytes)
4233 6691       4       Many::m2822 (14 bytes)
4233 6690       3       Many::m2822 (14 bytes)   made not entrant: not used
4234 6692       3       Many::m2823 (14 bytes)
4234 6693       4       Many::m2823 (14 bytes)
4234 6692       3       Many::m2823 (14 bytes)   made not entrant: not used
4236 6694       3       Many::m2824 (14 bytes)
4236 6695       4       Many::m2824 (14 bytes)
4236 6694       3       Many::m2824 (14 bytes)   made not entrant: not used
4237 6696       3       Many::m2825 (14 bytes)
4237 6697       4       Many::m2825 (14 bytes)
4237 6696       3       Many::m2825 (14 bytes)   made not entrant: not used
4239 6698       3       Many::m2826 (14 bytes)
4239 6699       4       Many::m2826 (14 bytes)
4239 6698       3       Many::m2826 (14 bytes)   made not entrant: not used
4240 6700       3       Many::m2827 (14 bytes)
4240 6701       4       Many::m2827 (14 bytes)
4240 6700       3       Many::m2827 (14 bytes)   made not entrant: not used
4241 6702       3       Many::m2828 (14 bytes)
4242 6703       4       Many::m2828 (14 bytes)
4242 6702       3       Many::m2828 (14 bytes)   made not entrant: not used
4243 6704       3       Many::m2829 (14 bytes)
4243 6705       4       Many::m2829 (14 bytes)
4243 6704       3       Many::m2829 (14 bytes)   made not entrant: not used
4244 6706       3       Many::m2830 (14 bytes)
4244 6707       4       Many::m2830 (14 bytes)
4244 6706       3       Many::m2830 (14 bytes)   made not entrant: not used
4246 6708       3       Many::m2831 (14 bytes)
4246 6709       4       Many::m2831 (14 bytes)
4246 6708       3       Many::m2831 (14 bytes)   made not entrant: not used
4247 6710       3       Many::m2832 (14 bytes)
4247 6711       4       Many::m2832 (14 bytes)
4247 6710       3       Many::m2832 (14 bytes)   made not entrant: not used
4249 6712       3       Many::m2833 (14 bytes)
4249 6713       4       Many::m2833 (14 bytes)
4249 6712       3       Many::m2833 (14 bytes)   made not entrant: not used
4250 6714       3       Many::m2834 (14 bytes)
4250 6715       4       Many::m2834 (14 bytes)
4250 6714       3       Many::m2834 (14 bytes)   made not entrant: not used
4252 6716       3       Many::m2835 (14 bytes)
4252 6717       4       Many::m2835 (14 bytes)
4252 6716       3       Many::m2835 (14 bytes)   made not entrant: not used
4253 6718       3       Many::m2836 (14 bytes)
4253 6719       4       Many::m2836 (14 bytes)
4253 6718       3       Many::m2836 (14 bytes)   made not entrant: not used
4254 6720       3       Many::m2837 (14 bytes)
4255 6721       4       Many::m2837 (14 bytes)
4255 6720       3       Many::m2837 (14 bytes)   made not entrant: not used
4256 6722       3       Many::m2838 (14 bytes)
4256 6723       4       Many::m2838 (14 bytes)
4256 6722       3       Many::m2838 (14 bytes)   made not entrant: not used
4257 6724       3       Many::m2839 (14 bytes)
4257 6725       4       Many::m2839 (14 bytes)
4257 6724       3       Many::m2839 (14 bytes)   made not entrant: not used
4259 6726       3       Many::m2840 (14 bytes)
4259 6727       4       Many::m2840 (14 bytes)
4259 6726       3       Many::m2840 (14 bytes)   made not entrant: not used
4260 6728       3       Many::m2841 (14 bytes)
4260 6729       4       Many::m2841 (14 bytes)
4260 6728       3       Many::m2841 (14 bytes)   made not entrant: not used
4262 6730       3       Many::m2842 (14 bytes)
4262 6731       4       Many::m2842 (14 bytes)
4262 6730       3       Many::m2842 (14 bytes)   made not entrant: not used
4263 6732       3       Many::m2843 (14 bytes)
4263 6733       4       Many::m2843 (14 bytes)
4263 6732       3       Many::m2843 (14 bytes)   made not entrant: not used
4265 6734       3       Many::m2844 (14 bytes)
4265 6735       4       Many::m2844 (14 bytes)
4265 6734       3       Many::m2844 (14 bytes)   made not entrant: not used
4266 6736       3       Many::m2845 (14 bytes)
4266 6737       4       Many::m2845 (14 bytes)
4266 6736       3       Many::m2845 (14 bytes)   made not entrant: not used
4268 6738       3       Many::m2846 (14 bytes)
4268 6739       4       Many::m2846 (14 bytes)
4268 6738       3       Many::m2846 (14 bytes)   made not entrant: not used
4269 6740       3       Many::m2847 (14 bytes)
4269 6741       4       Many::m2847 (14 bytes)
4269 6740       3       Many::m2847 (14 bytes)   made not entrant: not used
4270 6742       3       Many::m2848 (14 bytes)
4271 6743       4       Many::m2848 (14 bytes)
4271 6742       3       Many::m2848 (14 bytes)   made not entrant: not used
4272 6744       3       Many::m2849 (14 bytes)
4272 6745       4       Many::m2849 (14 bytes)
4272 6744       3       Many::m2849 (14 bytes)   made not entrant: not used
4273 6746       3       Many::m2850 (14 bytes)
4273 6747       4       Many::m2850 (14 bytes)
4274 6746       3       Many::m2850 (14 bytes)   made not entrant: not used
4275 6748       3       Many::m2851 (14 bytes)
4275 6749       4       Many::m2851 (14 bytes)
4275 6748       3       Many::m2851 (14 bytes)   made not entrant: not used
4276 6750       3       Many::m2852 (14 bytes)
4276 6751       4       Many::m2852 (14 bytes)
4276 6750       3       Many::m2852 (14 bytes)   made not entrant: not used
4278 6752       3       Many::m2853 (14 bytes)
4278 6753       4       Many::m2853 (14 bytes)
4278 6752       3       Many::m2853 (14 bytes)   made not entrant: not used
4279 6754       3       Many::m2854 (14 bytes)
4279 6755       4       Many::m2854 (14 bytes)
4279 6754       3       Many::m2854 (14 bytes)   made not entrant: not used
4281 6756       3       Many::m2855 (14 bytes)
4281 6757       4       Many::m2855 (14 bytes)
4281 6756       3       Many::m2855 (14 bytes)   made not entrant: not used
4282 6758       3       Many::m2856 (14 bytes)
4282 6759       4       Many::m2856 (14 bytes)
4282 6758       3       Many::m2856 (14 bytes)   made not entrant: not used
4284 6760       3       Many::m2857 (14 bytes)
4284 6761       4       Many::m2857 (14 bytes)
4284 6760       3       Many::m2857 (14 bytes)   made not entrant: not used
4285 6762       3       Many::m2858 (14 bytes)
4285 6763       4       Many::m2858 (14 bytes)
4285 6762       3       Many::m2858 (14 bytes)   made not entrant: not used
4287 6764       3       Many::m2859 (14 bytes)
4287 6765       4       Many::m2859 (14 bytes)
4287 6764       3       Many::m2859 (14 bytes)   made not entrant: not used
4288 6766       3       Many::m2860 (14 bytes)
4288 6767       4       Many::m2860 (14 bytes)
4288 6766       3       Many::m2860 (14 bytes)   made not entrant: not used
4289 6768       3       Many::m2861 (14 bytes)
4290 6769       4       Many::m2861 (14 bytes)
4290 6768       3       Many::m2861 (14 bytes)   made not entrant: not used
4291 6770       3       Many::m2862 (14 bytes)
4291 6771       4       Many::m2862 (14 bytes)
4291 6770       3       Many::m2862 (14 bytes)   made not entrant: not used
4292 6772       3       Many::m2863 (14 bytes)
4292 6773       4       Many::m2863 (14 bytes)
4292 6772       3       Many::m2863 (14 bytes)   made not entrant: not used
4294 6774       3       Many::m2864 (14 bytes)
4294 6775       4       Many::m2864 (14 bytes)
4294 6774       3       Many::m2864 (14 bytes)   made not entrant: not used
4295 6776       3       Many::m2865 (14 bytes)
4295 6777       4       Many::m2865 (14 bytes)
4295 6776       3       Many::m2865 (14 bytes)   made not entrant: not used
4297 6778       3       Many::m2866 (14 bytes)
4297 6779       4       Many::m2866 (14 bytes)
4297 6778       3       Many::m2866 (14 bytes)   made not entrant: not used
4298 6780       3       Many::m2867 (14 bytes)
4298 6781       4       Many::m2867 (14 bytes)
4298 6780       3       Many::m2867 (14 bytes)   made not entrant: not used
4300 6782       3       Many::m2868 (14 bytes)
4300 6783       4       Many::m2868 (14 bytes)
4300 6782       3       Many::m2868 (14 bytes)   made not entrant: not used
4301 6784       3       Many::m2869 (14 bytes)
4301 6785       4       Many::m2869 (14 bytes)
4301 6784       3       Many::m2869 (14 bytes)   made not entrant: not used
4302 6786       3       Many::m2870 (14 bytes)
4303 6787       4       Many::m2870 (14 bytes)
4303 6786       3       Many::m2870 (14 bytes)   made not entrant: not used
4304 6788       3       Many::m2871 (14 bytes)
4304 6789       4       Many::m2871 (14 bytes)
4304 6788       3       Many::m2871 (14 bytes)   made not entrant: not used
4305 6790       3       Many::m2872 (14 bytes)
4305 6791       4       Many::m2872 (14 bytes)
4306 6790       3       Many::m2872 (14 bytes)   made not entrant: not used
4307 6792       3       Many::m2873 (14 bytes)
4307 6793       4       Many::m2873 (14 bytes)
4307 6792       3       Many::m2873 (14 bytes)   made not entrant: not used
4308 6794       3       Many::m2874 (14 bytes)
4308 6795       4       Many::m2874 (14 bytes)
4308 6794       3       Many::m2874 (14 bytes)   made not entrant: not used
4310 6796       3       Many::m2875 (14 bytes)
4310 6797       4       Many::m2875 (14 bytes)
4310 6796       3       Many::m2875 (14 bytes)   made not entrant: not used
4311 6798       3       Many::m2876 (14 bytes)
4311 6799       4       Many::m2876 (14 bytes)
4311 6798       3       Many::m2876 (14 bytes)   made not entrant: not used
4313 6800       3       Many::m2877 (14 bytes)
4313 6801       4       Many::m2877 (14 bytes)
4313 6800       3       Many::m2877 (14 bytes)   made not entrant: not used
4314 6802       3       Many::m2878 (14 bytes)
4314 6803       4       Many::m2878 (14 bytes)
4314 6802       3       Many::m2878 (14 bytes)   made not entrant: not used
4315 6804       3       Many::m2879 (14 bytes)
4316 6805       4       Many::m2879 (14 bytes)
4316 6804       3       Many::m2879 (14 bytes)   made not entrant: not used
4317 6806       3       Many::m2880 (14 bytes)
4317 6807       4       Many::m2880 (14 bytes)
4317 6806       3       Many::m2880 (14 bytes)   made not entrant: not used
4318 6808       3       Many::m2881 (14 bytes)
4318 6809       4       Many::m2881 (14 bytes)
4319 6808       3       Many::m2881 (14 bytes)   made not entrant: not used
4320 6810       3       Many::m2882 (14 bytes)
4320 6811       4       Many::m2882 (14 bytes)
4320 6810       3       Many::m2882 (14 bytes)   made not entrant: not used
4321 6812       3       Many::m2883 (14 bytes)
4321 6813       4       Many::m2883 (14 bytes)
4321 6812       3       Many::m2883 (14 bytes)   made not entrant: not used
4323 6814       3       Many::m2884 (14 bytes)
4323 6815       4       Many::m2884 (14 bytes)
4323 6814       3       Many::m2884 (14 bytes)   made not entrant: not used
4324 6816       3       Many::m2885 (14 bytes)
4324 6817       4       Many::m2885 (14 bytes)
4324 6816       3       Many::m2885 (14 bytes)   made not entrant: not used
4326 6818       3       Many::m2886 (14 bytes)
4326 6819       4       Many::m2886 (14 bytes)
4326 6818       3       Many::m2886 (14 bytes)   made not entrant: not used
4327 6820       3       Many::m2887 (14 bytes)
4327 6821       4       Many::m2887 (14 bytes)
4327 6820       3       Many::m2887 (14 bytes)   made not entrant: not used
4328 6822       3       Many::m2888 (14 bytes)
4329 6823       4       Many::m2888 (14 bytes)
4329 6822       3       Many::m2888 (14 bytes)   made not entrant: not used
4330 6824       3       Many::m2889 (14 bytes)
4330 6825       4       Many::m2889 (14 bytes)
4330 6824       3       Many::m2889 (14 bytes)   made not entrant: not used
4331 6826       3       Many::m2890 (14 bytes)
4331 6827       4       Many::m2890 (14 bytes)
4331 6826       3       Many::m2890 (14 bytes)   made not entrant: not used
4333 6828       3       Many::m2891 (14 bytes)
4334 6829       4       Many::m2891 (14 bytes)
4334 6828       3       Many::m2891 (14 bytes)   made not entrant: not used
4335 6830       3       Many::m2892 (14 bytes)
4335 6831       4       Many::m2892 (14 bytes)
4336 6830       3       Many::m2892 (14 bytes)   made not entrant: not used
4337 6832       3       Many::m2893 (14 bytes)
4337 6833       4       Many::m2893 (14 bytes)
4337 6832       3       Many::m2893 (14 bytes)   made not entrant: not used
4340 6834       2       Many::m2894 (14 bytes)
4341 6835       3       Many::m2895 (14 bytes)
4341 6836       4       Many::m2895 (14 bytes)
4342 6835       3       Many::m2895 (14 bytes)   made not entrant: not used
4343 6837       3       Many::m2896 (14 bytes)
4343 6838       4       Many::m2896 (14 bytes)
4343 6837       3       Many::m2896 (14 bytes)   made not entrant: not used
4344 6839       3       Many::m2897 (14 bytes)
4345 6840       4       Many::m2897 (14 bytes)
4345 6839       3       Many::m2897 (14 bytes)   made not entrant: not used
4346 6841       3       Many::m2898 (14 bytes)
4346 6842       4       Many::m2898 (14 bytes)
4346 6841       3       Many::m2898 (14 bytes)   made not entrant: not used
4347 6843       3       Many::m2899 (14 bytes)
4347 6844       4       Many::m2899 (14 bytes)
4348 6843       3       Many::m2899 (14 bytes)   made not entrant: not used
4349 6845       3       Many::m2900 (14 bytes)
4349 6846       4       Many::m2900 (14 bytes)
4349 6845       3       Many::m2900 (14 bytes)   made not entrant: not used
4350 6847       3       Many::m2901 (14 bytes)
4350 6848       4       Many::m2901 (14 bytes)
4351 6847       3       Many::m2901 (14 bytes)   made not entrant: not used
4352 6849       3       Many::m2902 (14 bytes)
4352 6850       4       Many::m2902 (14 bytes)
4352 6849       3       Many::m2902 (14 bytes)   made not entrant: not used
4353 6851       3       Many::m2903 (14 bytes)
4353 6852       4       Many::m2903 (14 bytes)
4353 6851       3       Many::m2903 (14 bytes)   made not entrant: not used
4355 6853       3       Many::m2904 (14 bytes)
4355 6854       4       Many::m2904 (14 bytes)
4355 6853       3       Many::m2904 (14 bytes)   made not entrant: not used
4356 6855       3       Many::m2905 (14 bytes)
4356 6856       4       Many::m2905 (14 bytes)
4356 6855       3       Many::m2905 (14 bytes)   made not entrant: not used
4358 6857       3       Many::m2906 (14 bytes)
4358 6858       4       Many::m2906 (14 bytes)
4358 6857       3       Many::m2906 (14 bytes)   made not entrant: not used
4359 6859       3       Many::m2907 (14 bytes)
4359 6860       4       Many::m2907 (14 bytes)
4359 6859       3       Many::m2907 (14 bytes)   made not entrant: not used
4360 6861       3       Many::m2908 (14 bytes)
4361 6862       4       Many::m2908 (14 bytes)
4361 6861       3       Many::m2908 (14 bytes)   made not entrant: not used
4362 6863       3       Many::m2909 (14 bytes)
4362 6864       4       Many::m2909 (14 bytes)
4362 6863       3       Many::m2909 (14 bytes)   made not entrant: not used
4363 6865       3       Many::m2910 (14 bytes)
4363 6866       4       Many::m2910 (14 bytes)
4363 6865       3       Many::m2910 (14 bytes)   made not entrant: not used
4365 6867       3       Many::m2911 (14 bytes)
4365 6868       4       Many::m2911 (14 bytes)
4365 6867       3       Many::m2911 (14 bytes)   made not entrant: not used
4366 6869       3       Many::m2912 (14 bytes)
4366 6870       4       Many::m2912 (14 bytes)
4366 6869       3       Many::m2912 (14 bytes)   made not entrant: not used
4368 6871       3       Many::m2913 (14 bytes)
4368 6872       4       Many::m2913 (14 bytes)
4368 6871       3       Many::m2913 (14 bytes)   made not entrant: not used
4369 6873       3       Many::m2914 (14 bytes)
4369 6874       4       Many::m2914 (14 bytes)
4369 6873       3       Many::m2914 (14 bytes)   made not entrant: not used
4371 6875       3       Many::m2915 (14 bytes)
4371 6876       4       Many::m2915 (14 bytes)
4371 6875       3       Many::m2915 (14 bytes)   made not entrant: not used
4372 6877       3       Many::m2916 (14 bytes)
4372 6878       4       Many::m2916 (14 bytes)
4372 6877       3       Many::m2916 (14 bytes)   made not entrant: not used
4374 6879       3       Many::m2917 (14 bytes)
4374 6880       4       Many::m2917 (14 bytes)
4374 6879       3       Many::m2917 (14 bytes)   made not entrant: not used
4375 6881       3       Many::m2918 (14 bytes)
4375 6882       4       Many::m2918 (14 bytes)
4375 6881       3       Many::m2918 (14 bytes)   made not entrant: not used
4376 6883       3       Many::m2919 (14 bytes)
4376 6884       4       Many::m2919 (14 bytes)
4377 6883       3       Many::m2919 (14 bytes)   made not entrant: not used
4378 6885       3       Many::m2920 (14 bytes)
4378 6886       4       Many::m2920 (14 bytes)
4378 6885       3       Many::m2920 (14 bytes)   made not entrant: not used
4379 6887       3       Many::m2921 (14 bytes)
4379 6888       4       Many::m2921 (14 bytes)
4379 6887       3       Many::m2921 (14 bytes)   made not entrant: not used
4381 6889       3       Many::m2922 (14 bytes)
4381 6890       4       Many::m2922 (14 bytes)
4381 6889       3       Many::m2922 (14 bytes)   made not entrant: not used
4382 6891       3       Many::m2923 (14 bytes)
4382 6892       4       Many::m2923 (14 bytes)
4382 6891       3       Many::m2923 (14 bytes)   made not entrant: not used
4384 6893       3       Many::m2924 (14 bytes)
4384 6894       4       Many::m2924 (14 bytes)
4384 6893       3       Many::m2924 (14 bytes)   made not entrant: not used
4385 6895       3       Many::m2925 (14 bytes)
4385 6896       4       Many::m2925 (14 bytes)
4385 6895       3       Many::m2925 (14 bytes)   made not entrant: not used
4387 6897       3       Many::m2926 (14 bytes)
4387 6898       4       Many::m2926 (14 bytes)
4387 6897       3       Many::m2926 (14 bytes)   made not entrant: not used
4388 6899       3       Many::m2927 (14 bytes)
4388 6900       4       Many::m2927 (14 bytes)
4388 6899       3       Many::m2927 (14 bytes)   made not entrant: not used
4389 6901       3       Many::m2928 (14 bytes)
4390 6902       4       Many::m2928 (14 bytes)
4390 6901       3       Many::m2928 (14 bytes)   made not entrant: not used
4391 6903       3       Many::m2929 (14 bytes)
4391 6904       4       Many::m2929 (14 bytes)
4391 6903       3       Many::m2929 (14 bytes)   made not entrant: not used
4392 6905       3       Many::m2930 (14 bytes)
4392 6906       4       Many::m2930 (14 bytes)
4392 6905       3       Many::m2930 (14 bytes)   made not entrant: not used
4394 6907       3       Many::m2931 (14 bytes)
4394 6908       4       Many::m2931 (14 bytes)
4394 6907       3       Many::m2931 (14 bytes)   made not entrant: not used
4395 6909       3       Many::m2932 (14 bytes)
4395 6910       4       Many::m2932 (14 bytes)
4395 6909       3       Many::m2932 (14 bytes)   made not entrant: not used
4397 6911       3       Many::m2933 (14 bytes)
4397 6912       4       Many::m2933 (14 bytes)
4397 6911       3       Many::m2933 (14 bytes)   made not entrant: not used
4398 6913       3       Many::m2934 (14 bytes)
4398 6914       4       Many::m2934 (14 bytes)
4398 6913       3       Many::m2934 (14 bytes)   made not entrant: not used
4400 6915       3       Many::m2935 (14 bytes)
4400 6916       4       Many::m2935 (14 bytes)
4400 6915       3       Many::m2935 (14 bytes)   made not entrant: not used
4401 6917       3       Many::m2936 (14 bytes)
4401 6918       4       Many::m2936 (14 bytes)
4401 6917       3       Many::m2936 (14 bytes)   made not entrant: not used
4402 6919       3       Many::m2937 (14 bytes)
4403 6920       4       Many::m2937 (14 bytes)
4403 6919       3       Many::m2937 (14 bytes)   made not entrant: not used
4404 6921       3       Many::m2938 (14 bytes)
4404 6922       4       Many::m2938 (14 bytes)
4404 6921       3       Many::m2938 (14 bytes)   made not entrant: not used
4405 6923       3       Many::m2939 (14 bytes)
4405 6924       4       Many::m2939 (14 bytes)
4405 6923       3       Many::m2939 (14 bytes)   made not entrant: not used
4407 6925       3       Many::m2940 (14 bytes)
4407 6926       4       Many::m2940 (14 bytes)
4407 6925       3       Many::m2940 (14 bytes)   made not entrant: not used
4408 6927       3       Many::m2941 (14 bytes)
4408 6928       4       Many::m2941 (14 bytes)
4408 6927       3       Many::m2941 (14 bytes)   made not entrant: not used
4410 6929       3       Many::m2942 (14 bytes)
4410 6930       4       Many::m2942 (14 bytes)
4410 6929       3       Many::m2942 (14 bytes)   made not entrant: not used
4411 6931       3       Many::m2943 (14 bytes)
4411 6932       4       Many::m2943 (14 bytes)
4411 6931       3       Many::m2943 (14 bytes)   made not entrant: not used
4412 6933       3       Many::m2944 (14 bytes)
4413 6934       4       Many::m2944 (14 bytes)
4413 6933       3       Many::m2944 (14 bytes)   made not entrant: not used
4414 6935       3       Many::m2945 (14 bytes)
4414 6936       4       Many::m2945 (14 bytes)
4414 6935       3       Many::m2945 (14 bytes)   made not entrant: not used
4415 6937       3       Many::m2946 (14 bytes)
4415 6938       4       Many::m2946 (14 bytes)
4416 6937       3       Many::m2946 (14 bytes)   made not entrant: not used
4417 6939       3       Many::m2947 (14 bytes)
4417 6940       4       Many::m2947 (14 bytes)
4417 6939       3       Many::m2947 (14 bytes)   made not entrant: not used
4418 6941       3       Many::m2948 (14 bytes)
4418 6942       4       Many::m2948 (14 bytes)
4418 6941       3       Many::m2948 (14 bytes)   made not entrant: not used
4420 6943       3       Many::m2949 (14 bytes)
4420 6944       4       Many::m2949 (14 bytes)
4420 6943       3       Many::m2949 (14 bytes)   made not entrant: not used
4421 6945       3       Many::m2950 (14 bytes)
4421 6946       4       Many::m2950 (14 bytes)
4421 6945       3       Many::m2950 (14 bytes)   made not entrant: not used
4422 6947       3       Many::m2951 (14 bytes)
4423 6948       4       Many::m2951 (14 bytes)
4423 6947       3       Many::m2951 (14 bytes)   made not entrant: not used
4424 6949       3       Many::m2952 (14 bytes)
4424 6950       4       Many::m2952 (14 bytes)
4424 6949       3       Many::m2952 (14 bytes)   made not entrant: not used
4425 6951       3       Many::m2953 (14 bytes)
4425 6952       4       Many::m2953 (14 bytes)
4426 6951       3       Many::m2953 (14 bytes)   made not entrant: not used
4427 6953       3       Many::m2954 (14 bytes)
4427 6954       4       Many::m2954 (14 bytes)
4427 6953       3       Many::m2954 (14 bytes)   made not entrant: not used
4428 6955       3       Many::m2955 (14 bytes)
4428 6956       4       Many::m2955 (14 bytes)
4428 6955       3       Many::m2955 (14 bytes)   made not entrant: not used
4430 6957       3       Many::m2956 (14 bytes)
4430 6958       4       Many::m2956 (14 bytes)
4430 6957       3       Many::m2956 (14 bytes)   made not entrant: not used
4431 6959       3       Many::m2957 (14 bytes)
4431 6960       4       Many::m2957 (14 bytes)
4431 6959       3       Many::m2957 (14 bytes)   made not entrant: not used
4433 6961       3       Many::m2958 (14 bytes)
4433 6962       4       Many::m2958 (14 bytes)
4433 6961       3       Many::m2958 (14 bytes)   made not entrant: not used
4434 6963       3       Many::m2959 (14 bytes)
4434 6964       4       Many::m2959 (14 bytes)
4434 6963       3       Many::m2959 (14 bytes)   made not entrant: not used
4435 6965       3       Many::m2960 (14 bytes)
4436 6966       4       Many::m2960 (14 bytes)
4436 6965       3       Many::m2960 (14 bytes)   made not entrant: not used
4437 6967       3       Many::m2961 (14 bytes)
4437 6968       4       Many::m2961 (14 bytes)
4437 6967       3       Many::m2961 (14 bytes)   made not entrant: not used
4438 6969       3       Many::m2962 (14 bytes)
4438 6970       4       Many::m2962 (14 bytes)
4438 6969       3       Many::m2962 (14 bytes)   made not entrant: not used
4440 6971       3       Many::m2963 (14 bytes)
4440 6972       4       Many::m2963 (14 bytes)
4440 6971       3       Many::m2963 (14 bytes)   made not entrant: not used
4441 6973       3       Many::m2964 (14 bytes)
4441 6974       4       Many::m2964 (14 bytes)
4441 6973       3       Many::m2964 (14 bytes)   made not entrant: not used
4443 6975       3       Many::m2965 (14 bytes)
4443 6976       4       Many::m2965 (14 bytes)
4443 6975       3       Many::m2965 (14 bytes)   made not entrant: not used
4444 6977       3       Many::m2966 (14 bytes)
4444 6978       4       Many::m2966 (14 bytes)
4444 6977       3       Many::m2966 (14 bytes)   made not entrant: not used
4445 6979       3       Many::m2967 (14 bytes)
4446 6980       4       Many::m2967 (14 bytes)
4446 6979       3       Many::m2967 (14 bytes)   made not entrant: not used
4447 6981       3       Many::m2968 (14 bytes)
4447 6982       4       Many::m2968 (14 bytes)
4447 6981       3       Many::m2968 (14 bytes)   made not entrant: not used
4448 6983       3       Many::m2969 (14 bytes)
4449 6984       4       Many::m2969 (14 bytes)
4449 6983       3       Many::m2969 (14 bytes)   made not entrant: not used
4450 6985       3       Many::m2970 (14 bytes)
4450 6986       4       Many::m2970 (14 bytes)
4450 6985       3       Many::m2970 (14 bytes)   made not entrant: not used
4451 6987       3       Many::m2971 (14 bytes)
4451 6988       4       Many::m2971 (14 bytes)
4451 6987       3       Many::m2971 (14 bytes)   made not entrant: not used
4453 6989       3       Many::m2972 (14 bytes)
4453 6990       4       Many::m2972 (14 bytes)
4453 6989       3       Many::m2972 (14 bytes)   made not entrant: not used
4454 6991       3       Many::m2973 (14 bytes)
4454 6992       4       Many::m2973 (14 bytes)
4454 6991       3       Many::m2973 (14 bytes)   made not entrant: not used
4456 6993       3       Many::m2974 (14 bytes)
4456 6994       4       Many::m2974 (14 bytes)
4456 6993       3       Many::m2974 (14 bytes)   made not entrant: not used
4457 6995       3       Many::m2975 (14 bytes)
4457 6996       4       Many::m2975 (14 bytes)
4457 6995       3       Many::m2975 (14 bytes)   made not entrant: not used
4458 6997       3       Many::m2976 (14 bytes)
4459 6998       4       Many::m2976 (14 bytes)
4459 6997       3       Many::m2976 (14 bytes)   made not entrant: not used
4460 6999       3       Many::m2977 (14 bytes)
4460 7000       4       Many::m2977 (14 bytes)
4460 6999       3       Many::m2977 (14 bytes)   made not entrant: not used
4461 7001       3       Many::m2978 (14 bytes)
4461 7002       4       Many::m2978 (14 bytes)
4462 7001       3       Many::m2978 (14 bytes)   made not entrant: not used
4463 7003       3       Many::m2979 (14 bytes)
4463 7004       4       Many::m2979 (14 bytes)
4463 7003       3       Many::m2979 (14 bytes)   made not entrant: not used
4464 7005       3       Many::m2980 (14 bytes)
4464 7006       4       Many::m2980 (14 bytes)
4464 7005       3       Many::m2980 (14 bytes)   made not entrant: not used
4466 7007       3       Many::m2981 (14 bytes)
4466 7008       4       Many::m2981 (14 bytes)
4466 7007       3       Many::m2981 (14 bytes)   made not entrant: not used
4467 7009       3       Many::m2982 (14 bytes)
4467 7010       4       Many::m2982 (14 bytes)
4467 7009       3       Many::m2982 (14 bytes)   made not entrant: not used
4469 7011       3       Many::m2983 (14 bytes)
4469 7012       4       Many::m2983 (14 bytes)
4469 7011       3       Many::m2983 (14 bytes)   made not entrant: not used
4470 7013       3       Many::m2984 (14 bytes)
4470 7014       4       Many::m2984 (14 bytes)
4470 7013       3       Many::m2984 (14 bytes)   made not entrant: not used
4472 7015       3       Many::m2985 (14 bytes)
4472 7016       4       Many::m2985 (14 bytes)
4472 7015       3       Many::m2985 (14 bytes)   made not entrant: not used
4473 7017       3       Many::m2986 (14 bytes)
4473 7018       4       Many::m2986 (14 bytes)
4473 7017       3       Many::m2986 (14 bytes)   made not entrant: not used
4474 7019       3       Many::m2987 (14 bytes)
4475 7020       4       Many::m2987 (14 bytes)
4475 7019       3       Many::m2987 (14 bytes)   made not entrant: not used
4476 7021       3       Many::m2988 (14 bytes)
4476 7022       4       Many::m2988 (14 bytes)
4476 7021       3       Many::m2988 (14 bytes)   made not entrant: not used
4477 7023       3       Many::m2989 (14 bytes)
4477 7024       4       Many::m2989 (14 bytes)
4477 7023       3       Many::m2989 (14 bytes)   made not entrant: not used
4479 7025       3       Many::m2990 (14 bytes)
4479 7026       4       Many::m2990 (14 bytes)
4479 7025       3       Many::m2990 (14 bytes)   made not entrant: not used
4480 7027       3       Many::m2991 (14 bytes)
4480 7028       4       Many::m2991 (14 bytes)
4480 7027       3       Many::m2991 (14 bytes)   made not entrant: not used
4482 7029       3       Many::m2992 (14 bytes)
4482 7030       4       Many::m2992 (14 bytes)
4482 7029       3       Many::m2992 (14 bytes)   made not entrant: not used
4483 7031       3       Many::m2993 (14 bytes)
4483 7032       4       Many::m2993 (14 bytes)
4484 7031       3       Many::m2993 (14 bytes)   made not entrant: not used
4485 7033       3       Many::m2994 (14 bytes)
4485 7034       4       Many::m2994 (14 bytes)
4485 7033       3       Many::m2994 (14 bytes)   made not entrant: not used
4486 7035       3       Many::m2995 (14 bytes)
4486 7036       4       Many::m2995 (14 bytes)
4486 7035       3       Many::m2995 (14 bytes)   made not entrant: not used
4488 7037       3       Many::m2996 (14 bytes)
4488 7038       4       Many::m2996 (14 bytes)
4488 7037       3       Many::m2996 (14 bytes)   made not entrant: not used
4489 7039       3       Many::m2997 (14 bytes)
4489 7040       4       Many::m2997 (14 bytes)
4489 7039       3       Many::m2997 (14 bytes)   made not entrant: not used
4491 7041       3       Many::m2998 (14 bytes)
4491 7042       4       Many::m2998 (14 bytes)
4491 7041       3       Many::m2998 (14 bytes)   made not entrant: not used
4492 7043       3       Many::m2999 (14 bytes)
4492 7044       4       Many::m2999 (14 bytes)
4492 7043       3       Many::m2999 (14 bytes)   made not entrant: not used
8135639056108672
4568 7045     n 0       jdk.jfr.internal.JVM::getConfiguration (native)   (static)
4568 7046       3       jdk.jfr.internal.settings.BooleanSetting::setValue (27 bytes)
4568 7050       3       jdk.jfr.internal.settings.EnabledSetting::setValue (6 bytes)
4568 7051       3       jdk.jfr.internal.settings.EnabledSetting::apply (32 bytes)
4568 7047       3       jdk.jfr.internal.PlatformEventType::setEnabled (126 bytes)
4569 7048       3       jdk.jfr.internal.PlatformEventType::updateCommittable (24 bytes)
4569 7049       1       jdk.jfr.internal.Control::getDefaultValue (5 bytes)
4569 7052       3       java.lang.invoke.MethodHandles$Lookup::lookupClassOrNull (17 bytes)
4569 7053       3       jdk.internal.util.ReferencedKeyMap::entryKey (33 bytes)
4569 7055     n 0       java.lang.invoke.MethodHandle::linkToSpecial(LIJLLILL)V (native)   (static)
4569 7054       3       jdk.internal.util.WeakReferenceKey::<init> (15 bytes)
4570 7056       3       java.lang.invoke.InvokerBytecodeGenerator::classDesc (88 bytes)
4570 7057       3       java.lang.invoke.LambdaForm$NamedFunction::methodType (28 bytes)
4570 7058     n 0       java.lang.invoke.MethodHandle::linkToStatic(LIL)I (native)   (static)
4570 7059     n 0       java.lang.invoke.MethodHandle::invokeBasic(LI)I (native)   
4570 7060     n 0       java.lang.invoke.MethodHandle::linkToSpecial(LLIL)I (native)   (static)
4570 7061       3       java.lang.StringConcatHelper::concat (24 bytes)
4571 7062       3       java.lang.StringConcatHelper::stringOf (20 bytes)
4571 7063       3       java.lang.StringConcatHelper::concat0 (58 bytes)
4571 7066       4       java.lang.Record::<init> (5 bytes)
4571 7064       3       java.lang.StringConcatHelper::newArrayWithSuffix (35 bytes)
4571  345       3       java.lang.Record::<init> (5 bytes)   made not entrant: not used
4571 7072     n 0       java.lang.invoke.MethodHandle::linkToStatic(LLLIL)L (native)   (static)
4571 7071       3       jdk.internal.classfile.impl.StackMapGenerator$Type::<init> (20 bytes)
4571 7065       3       jdk.internal.classfile.impl.StackMapGenerator$Type::referenceType (12 bytes)
4571 7067       1       jdk.internal.classfile.impl.BufWriterImpl::getMajorVersion (5 bytes)
4572 7068       1       jdk.internal.classfile.impl.RawBytecodeHelper$CodeRange::length (5 bytes)
4572 7069       1       jdk.internal.classfile.impl.StackMapGenerator::maxStack (5 bytes)
4572 7075     n 0       java.lang.invoke.MethodHandle::invokeBasic(LLLI)L (native)   
4572 7070       1       jdk.internal.classfile.impl.StackMapGenerator::maxLocals (5 bytes)
4572 7076       3       java.lang.StringLatin1::replace (197 bytes)
4572 7078       4       java.lang.invoke.MethodType::parameterType (7 bytes)
4572 7080     n 0       java.lang.invoke.MethodHandle::linkToStatic(LIL)J (native)   (static)
4572 7074       1       java.lang.invoke.LambdaForm$BasicType::basicTypeClass (5 bytes)
4572 7081     n 0       java.lang.invoke.MethodHandle::invokeBasic(LI)J (native)   
4572 7077       3       jdk.internal.classfile.impl.BufWriterImpl::setLabelContext (11 bytes)
4572  306       3       java.lang.invoke.MethodType::parameterType (7 bytes)   made not entrant: not used
4572 7082     n 0       java.lang.invoke.MethodHandle::linkToSpecial(LLIL)J (native)   (static)
4572 7073       1       jdk.internal.util.ClassFileDumper::isEnabled (5 bytes)
4572 7079       3       java.lang.invoke.MethodTypeForm::cachedLambdaForm (23 bytes)
4573 7083       3       java.lang.invoke.MemberName::<init> (50 bytes)
4573 7085       4       jdk.internal.classfile.impl.EntryMap::put (186 bytes)
4573 7084       1       java.lang.invoke.LambdaForm$Name::type (5 bytes)
4573 7086       3       jdk.internal.classfile.impl.BufWriterImpl::<init> (39 bytes)
4573 7088     n 0       java.lang.invoke.MethodHandle::invokeBasic(IJLLIL)L (native)   
4573 7087       3       sun.invoke.util.VerifyType::isNullConversion (157 bytes)
4573 7089     n 0       java.lang.invoke.MethodHandle::linkToSpecial(LIJLLILL)L (native)   (static)
4573 7090       4       java.util.Arrays::copyOf (40 bytes)
4573 7091       3       jdk.internal.constant.MethodTypeDescImpl::buildDescriptorString (205 bytes)
4574  292       3       jdk.internal.classfile.impl.EntryMap::put (186 bytes)   made not entrant: not used
4574 7097       4       jdk.internal.classfile.impl.SplitConstantPool::internalAdd (78 bytes)
4574 7100     n 0       java.lang.invoke.MethodHandle::linkToStatic(LLLLLLLL)L (native)   (static)
4574 7104     n 0       java.lang.invoke.MethodHandle::invokeBasic(L)J (native)   
4574 7105     n 0       java.lang.invoke.MethodHandle::linkToSpecial(LLL)J (native)   (static)
4574 7093       3       jdk.internal.classfile.impl.BufWriterImpl::writeU1U1 (39 bytes)
4575 7098       3       jdk.internal.classfile.impl.StackMapGenerator$Frame::decStack (29 bytes)
4575 7106     n 0       java.lang.invoke.MethodHandle::invokeBasic(LLLLLLL)L (native)   
4575 7094       3       jdk.internal.constant.MethodTypeDescImpl::ofValidated (27 bytes)
4575 7103       3       java.lang.invoke.MemberName::isResolved (13 bytes)
4575 7099       3       java.lang.invoke.LambdaForm::uncustomize (57 bytes)
4575 7101       3       java.lang.invoke.LambdaForm::forceInterpretation (14 bytes)
4575 7102       3       java.lang.ref.Reference::<init> (25 bytes)
4575 7095       3       jdk.internal.constant.MethodTypeDescImpl::<init> (15 bytes)
4575 7092       3       java.lang.classfile.constantpool.ConstantPoolBuilder::nameAndTypeEntry (21 bytes)
4575 7107       3       jdk.internal.classfile.impl.AbstractPoolEntry$Utf8EntryImpl::charAt (62 bytes)
4575 7108       4       jdk.internal.classfile.impl.RawBytecodeHelper::next (81 bytes)
4575 7109       3       jdk.internal.classfile.impl.AbstractPoolEntry$ClassEntryImpl::asSymbol (53 bytes)
4575 7110     n 0       java.lang.invoke.MethodHandle::linkToStatic(LLLLLLLLL)L (native)   (static)
4576 7113     n 0       java.lang.invoke.MethodHandle::invokeBasic(LLLLLLLL)L (native)   
4576  315       3       jdk.internal.classfile.impl.RawBytecodeHelper::next (81 bytes)   made not entrant: not used
4576 7112       3       java.lang.invoke.MemberName::isStatic (8 bytes)
4576 7111       3       java.lang.invoke.MemberName::getMethodOrFieldType (72 bytes)
4576 7115       3       java.lang.invoke.LambdaForm$BasicType::basicTypeSlots (8 bytes)
4576 7116       3       sun.invoke.util.Wrapper::stackSlots (9 bytes)
4576 7114       3       java.lang.classfile.constantpool.MemberRefEntry::type (12 bytes)
4577 7119     n 0       java.lang.invoke.MethodHandle::linkToStatic(LLLLLLLLLL)L (native)   (static)
4577 7117       3       jdk.internal.classfile.impl.DirectCodeBuilder::loadLocal (126 bytes)
4577 7121     n 0       java.lang.invoke.MethodHandle::invokeBasic(LLLLLLLLL)L (native)   
4577 7120       3       java.util.Arrays::fill (21 bytes)
4577 7118       1       java.lang.invoke.LambdaForm$BasicType::basicTypeWrapper (5 bytes)
4577 7096       1       java.lang.invoke.MethodType::rtype (5 bytes)
4577  299       3       jdk.internal.classfile.impl.SplitConstantPool::internalAdd (78 bytes)   made not entrant: not used
4578 7122     n 0       java.lang.invoke.MethodHandle::linkToStatic(LIL)L (native)   (static)
4578 7097       4       jdk.internal.classfile.impl.SplitConstantPool::internalAdd (78 bytes)   made not entrant: uncommon trap
4578 7123     n 0       java.lang.invoke.MethodHandle::invokeBasic(LI)L (native)   
4578 7124     n 0       java.lang.invoke.MethodHandle::linkToSpecial(LLIL)L (native)   (static)
4578 7125       3       java.lang.invoke.MemberName::ensureTypeVisible (180 bytes)
4578 7126     n 0       java.lang.invoke.MethodHandle::linkToStatic(LILL)V (native)   (static)
4578 7127     n 0       java.lang.invoke.MethodHandle::invokeBasic(LIL)V (native)   
4578 7128     n 0       java.lang.invoke.MethodHandle::linkToSpecial(LLILL)V (native)   (static)
4579 7129       3       java.lang.invoke.LambdaForm::internArgument (85 bytes)
4579 7130       4       jdk.internal.classfile.impl.SplitConstantPool::internalAdd (78 bytes)
4579 7131       3       java.lang.invoke.LambdaForm$NamedFunction::returnType (11 bytes)
4579 7132       3       java.lang.invoke.LambdaForm::useCount (107 bytes)
4579 7133       3       jdk.internal.classfile.impl.StackMapGenerator$Type::equals (54 bytes)
4588 7134       3       java.lang.invoke.MethodTypeForm::canonicalize (59 bytes)
4588 7137       4       java.lang.AbstractStringBuilder::needsNewBuffer (33 bytes)
4588 7135       3       jdk.internal.util.ReferencedKeyMap::existingKey (32 bytes)
4588 7139       3       java.lang.StringLatin1::lastIndexOf (40 bytes)
4588  157       3       java.lang.AbstractStringBuilder::needsNewBuffer (33 bytes)   made not entrant: not used
