19    1       3       java.lang.Object::<init> (1 bytes)
19    2       3       java.lang.Byte::toUnsignedInt (6 bytes)
20    3       3       java.lang.String::hashCode (60 bytes)
20    4     n 0       jdk.internal.misc.Unsafe::getReferenceVolatile (native)   
21    6       3       java.util.ImmutableCollections$SetN::probe (56 bytes)
21    5       3       java.lang.Math::floorMod (20 bytes)
21    7       3       java.lang.String::equals (56 bytes)
21    8       3       java.util.Objects::requireNonNull (14 bytes)
22    9       3       java.lang.StringLatin1::equals (36 bytes)
22   12       4       java.lang.Object::<init> (1 bytes)
22   10       3       java.util.Objects::equals (23 bytes)
22   11       3       java.util.Set::of (4 bytes)
22    1       3       java.lang.Object::<init> (1 bytes)   made not entrant: not used
22   13       3       java.util.AbstractCollection::<init> (5 bytes)
22   16       3       java.lang.module.ModuleDescriptor::modsHashCode (43 bytes)
22   17       3       java.util.ImmutableCollections$AbstractImmutableCollection::<init> (5 bytes)
23   19     n 0       java.lang.System::arraycopy (native)   (static)
23   18       3       java.lang.String::coder (15 bytes)
23   14       3       java.util.ImmutableCollections$AbstractImmutableSet::<init> (5 bytes)
23   15       3       java.util.Set::of (68 bytes)
23   23       4       java.lang.Byte::toUnsignedInt (6 bytes)
23   25     n 0       jdk.internal.misc.Unsafe::compareAndSetLong (native)   
23   24       3       java.util.ImmutableCollections$SetN$SetNIterator::hasNext (13 bytes)
23    2       3       java.lang.Byte::toUnsignedInt (6 bytes)   made not entrant: not used
23   26     n 0       jdk.internal.misc.Unsafe::compareAndSetReference (native)   
23   21       3       java.lang.String::isLatin1 (19 bytes)
23   22       1       java.lang.module.ModuleReference::descriptor (5 bytes)
24   20       1       java.lang.module.ModuleDescriptor::name (5 bytes)
24   28       3       java.util.ImmutableCollections$SetN$SetNIterator::next (90 bytes)
24   27       3       java.lang.String::length (11 bytes)
24   30   !   3       java.util.concurrent.ConcurrentHashMap::putVal (432 bytes)
25   35     n 0       java.lang.invoke.MethodHandle::linkToStatic(L)L (native)   (static)
25   31       3       jdk.internal.util.Preconditions::checkIndex (18 bytes)
26   32       3       java.lang.String::charAt (25 bytes)
26   33       3       java.lang.StringLatin1::charAt (15 bytes)
26   34       3       java.lang.String::checkIndex (10 bytes)
26   37     n 0       java.lang.Object::hashCode (native)   
26   29       3       java.util.concurrent.ConcurrentHashMap::addCount (280 bytes)
26   40     n 0       java.lang.invoke.MethodHandle::linkToStatic(LLL)L (native)   (static)
27   41     n 0       java.lang.invoke.MethodHandle::linkToStatic(LLLL)L (native)   (static)
27   38       3       jdk.internal.misc.Unsafe::getReferenceAcquire (7 bytes)
27   39       1       java.lang.Class::isPrimitive (5 bytes)
27   36       1       java.lang.Enum::ordinal (5 bytes)
27   42     n 0       java.lang.invoke.MethodHandle::invokeBasic()L (native)   
27   43     n 0       java.lang.invoke.MethodHandle::linkToSpecial(LL)L (native)   (static)
28   44       3       java.lang.Enum::<init> (15 bytes)
28   45       3       jdk.internal.util.ArraysSupport::unsignedHashCode (36 bytes)
29   46     n 0       java.lang.invoke.MethodHandle::invokeBasic(L)L (native)   
29   47       1       jdk.internal.util.StrongReferenceKey::get (5 bytes)
29   48     n 0       java.lang.invoke.MethodHandle::linkToSpecial(LLL)L (native)   (static)
30   49     n 0       java.lang.Object::getClass (native)   
30   50       3       java.util.concurrent.ConcurrentHashMap::tabAt (21 bytes)
30   52     n 0       java.lang.invoke.MethodHandle::linkToStatic(LLLLLLL)L (native)   (static)
30   51       3       java.util.concurrent.ConcurrentHashMap::spread (10 bytes)
30   53     n 0       java.lang.Object::clone (native)   
30   54     n 0       java.lang.invoke.MethodHandle::linkToStatic(LL)I (native)   (static)
30   55       1       java.lang.Class::getClassLoader (5 bytes)
30   56       1       java.lang.invoke.MethodType::returnType (5 bytes)
30   57     n 0       java.lang.invoke.MethodHandle::invokeBasic(LLLLLL)L (native)   
31   58       1       jdk.internal.classfile.impl.AbstractPoolEntry::index (5 bytes)
31   60     n 0       java.lang.invoke.MethodHandle::linkToSpecial(LL)V (native)   (static)
31   59       3       java.util.concurrent.ConcurrentHashMap::putIfAbsent (8 bytes)
31   61       3       java.util.Objects::hashCode (13 bytes)
31   62   !   3       java.lang.ref.ReferenceQueue::poll (44 bytes)
31   64     n 0       java.lang.invoke.MethodHandle::linkToStatic(LLL)I (native)   (static)
32   63       3       jdk.internal.util.ReferencedKeyMap::removeStaleReferences (30 bytes)
32   65     n 0       java.lang.invoke.MethodHandle::linkToSpecial(LLL)V (native)   (static)
32   66       1       java.lang.invoke.MemberName::getDeclaringClass (5 bytes)
32   67       3       java.lang.String::getBytes (44 bytes)
32   69       3       java.lang.invoke.MethodType::hashCode (53 bytes)
32   68       3       java.util.concurrent.ConcurrentHashMap::get (162 bytes)
33   72     n 0       java.lang.invoke.MethodHandle::linkToInterface(LLL)I (native)   (static)
33   70       3       java.lang.invoke.MemberName::isInvocable (8 bytes)
33   71       3       java.lang.invoke.MemberName::anyFlagSet (15 bytes)
33   73     n 0       java.lang.invoke.MethodHandle::linkToStatic(LL)L (native)   (static)
33   74       3       java.lang.Class::isArray (13 bytes)
34   75       3       java.util.ImmutableCollections$SetN::iterator (9 bytes)
34   76       3       java.util.ImmutableCollections$SetN$SetNIterator::<init> (41 bytes)
34   77       1       java.lang.invoke.MethodType::form (5 bytes)
34   78       3       java.util.Objects::requireNonNull (15 bytes)
34   79     n 0       java.lang.invoke.MethodHandle::linkToSpecial(LL)I (native)   (static)
34   80       3       jdk.internal.util.ReferencedKeyMap::get (10 bytes)
35   81       3       jdk.internal.util.ReferencedKeyMap::getNoCheckStale (22 bytes)
35   82       3       java.util.HashMap::hash (20 bytes)
35   83       1       java.util.stream.FindOps$FindSink::cancellationRequested (5 bytes)
35   84       3       java.util.HashMap::putVal (300 bytes)
36   85       3       java.util.HashMap::newNode (13 bytes)
36   84       3       java.util.HashMap::putVal (300 bytes)   made not entrant: marked for deoptimization
36   89       3       java.util.HashMap::getNode (150 bytes)
36   93       3       java.util.HashMap::putVal (300 bytes)
37   87       3       java.util.HashMap$Node::<init> (26 bytes)
37   86       3       java.util.HashMap::put (13 bytes)
37   99       3       java.util.HashMap$HashIterator::nextNode (100 bytes)
37   92       3       java.util.HashMap::afterNodeInsertion (1 bytes)
37   91       1       java.lang.module.ModuleDescriptor$Requires::name (5 bytes)
38   95       3       java.util.HashMap$HashIterator::hasNext (13 bytes)
38   97       3       java.util.HashMap::get (19 bytes)
38  102       3       jdk.internal.module.ModuleReferenceImpl::hashCode (56 bytes)
38   94       3       java.lang.module.ModuleDescriptor::hashCode (170 bytes)
38  108       4       java.util.HashMap::afterNodeInsertion (1 bytes)
38   98       1       java.lang.module.ModuleDescriptor::isAutomatic (5 bytes)
38   92       3       java.util.HashMap::afterNodeInsertion (1 bytes)   made not entrant: not used
38  107       3       java.lang.module.ModuleDescriptor$Exports::isQualified (18 bytes)
39  111       4       java.lang.String::hashCode (60 bytes)
39  105       1       java.lang.module.ModuleDescriptor$Exports::source (5 bytes)
39  109       3       java.util.ImmutableCollections$SetN::isEmpty (13 bytes)
39  106       1       java.lang.module.ModuleDescriptor$Exports::targets (5 bytes)
39  104       1       java.util.ImmutableCollections$Set12::isEmpty (2 bytes)
39  110       3       java.util.HashMap::putIfAbsent (13 bytes)
39  112       3       java.util.ImmutableCollections$Set12::contains (28 bytes)
39  113       3       java.lang.Object::equals (11 bytes)
39  115       3       java.util.ImmutableCollections$SetN::contains (26 bytes)
39    3       3       java.lang.String::hashCode (60 bytes)   made not entrant: not used
39  117       4       java.util.Objects::requireNonNull (14 bytes)
40  114       3       java.util.HashMap$KeyIterator::next (8 bytes)
40    8       3       java.util.Objects::requireNonNull (14 bytes)   made not entrant: not used
40  103       3       java.lang.module.ResolvedModule::hashCode (16 bytes)
40  121       4       java.util.ImmutableCollections$SetN$SetNIterator::hasNext (13 bytes)
40   96       1       java.lang.module.ModuleDescriptor::requires (5 bytes)
40   90       1       java.lang.module.ModuleDescriptor$Requires::modifiers (5 bytes)
40  122       3       java.util.HashMap::resize (356 bytes)
40   24       3       java.util.ImmutableCollections$SetN$SetNIterator::hasNext (13 bytes)   made not entrant: not used
40  123       4       java.util.ImmutableCollections$SetN$SetNIterator::next (90 bytes)
41  119       3       java.util.ImmutableCollections$Set12$1::hasNext (13 bytes)
41  116       3       java.util.HashSet::add (20 bytes)
41  124       3       java.util.HashMap::containsKey (14 bytes)
41  120       1       java.lang.module.ModuleDescriptor::exports (5 bytes)
41  127       3       java.util.HashMap::keySet (25 bytes)
41   28       3       java.util.ImmutableCollections$SetN$SetNIterator::next (90 bytes)   made not entrant: not used
41  125       4       java.lang.module.ModuleDescriptor$Exports::isQualified (18 bytes)
41  128       3       java.util.HashMap$KeySet::iterator (12 bytes)
41  129       3       java.util.HashMap$KeyIterator::<init> (13 bytes)
42  130       3       java.util.HashSet::iterator (13 bytes)
42  107       3       java.lang.module.ModuleDescriptor$Exports::isQualified (18 bytes)   made not entrant: not used
42  132       4       java.util.HashMap::putVal (300 bytes)
42  100       1       java.util.HashMap$Node::getKey (5 bytes)
42  101       1       java.util.HashMap$Node::getValue (5 bytes)
42  118       1       java.lang.module.ModuleDescriptor::provides (5 bytes)
42  126       1       java.lang.module.ModuleDescriptor::uses (5 bytes)
42   88       1       jdk.internal.module.ModuleReferenceImpl::moduleResolution (5 bytes)
42  137       3       java.util.concurrent.ConcurrentHashMap::casTabAt (20 bytes)
42  136       1       java.lang.module.ModuleDescriptor::packages (5 bytes)
42  138       3       java.util.ImmutableCollections$Set12::iterator (9 bytes)
42  139       3       java.util.ImmutableCollections$Set12$1::<init> (37 bytes)
43  141       3       java.util.Optional::<init> (10 bytes)
43  133       1       java.util.KeyValueHolder::getKey (5 bytes)
43  142       3       java.lang.Math::min (11 bytes)
43  143       3       java.util.Optional::ofNullable (19 bytes)
43  140       1       java.lang.module.ResolvedModule::reference (5 bytes)
43  134       1       java.util.KeyValueHolder::getValue (5 bytes)
43  146       3       java.util.ImmutableCollections$Set12$1::next (95 bytes)
43  147       3       java.util.AbstractMap::<init> (5 bytes)
43  144       1       java.lang.AbstractStringBuilder::length (5 bytes)
44  148       3       java.util.HashMap::<init> (11 bytes)
44  149       3       java.util.AbstractSet::<init> (5 bytes)
44  150     n 0       java.lang.Module::addExports0 (native)   (static)
44  145       1       java.lang.module.ModuleDescriptor$Version::toString (5 bytes)
44  151       3       java.util.HashSet::<init> (16 bytes)
44  152     n 0       java.lang.Module::addExportsToAll0 (native)   (static)
44  153     n 0       java.lang.Double::doubleToRawLongBits (native)   (static)
44  154       1       java.lang.module.ResolvedModule::configuration (5 bytes)
44  155     n 0       java.lang.Module::addReads0 (native)   (static)
44  156       3       java.lang.module.ResolvedModule::name (11 bytes)
45  157       3       java.util.HashMap::isEmpty (13 bytes)
45  158       1       java.lang.module.ModuleDescriptor$Provides::service (5 bytes)
45  159     n 0       jdk.internal.vm.Continuation::enterSpecial (native)   (static)
45  160     n 0       jdk.internal.vm.Continuation::doYield (native)   (static)
46  161       3       java.lang.AbstractStringBuilder::needsNewBuffer (33 bytes)
46  162       3       jdk.jfr.internal.dcmd.ArgumentParser::currentChar (12 bytes)
47  163       3       java.lang.StringLatin1::canEncode (17 bytes)
47   93       3       java.util.HashMap::putVal (300 bytes)   made not entrant: not used
47  135       4       java.util.HashMap::newNode (13 bytes)
47  164       1       jdk.internal.classfile.impl.AbstractPoolEntry::width (2 bytes)
47  165       1       jdk.internal.classfile.impl.SplitConstantPool::size (5 bytes)
47  167       3       java.lang.StringLatin1::indexOf (17 bytes)
47  169       3       java.lang.AbstractStringBuilder::isLatin1 (16 bytes)
47  168       3       java.lang.StringBuilder::append (8 bytes)
47  166       1       java.lang.invoke.MethodType::ptypes (5 bytes)
48   85       3       java.util.HashMap::newNode (13 bytes)   made not entrant: not used
48  131       4       java.lang.String::equals (56 bytes)
48  170       3       java.lang.String::checkBoundsBeginEnd (11 bytes)
48  172       3       jdk.internal.util.StrongReferenceKey::hashCode (8 bytes)
48  171       3       jdk.internal.util.Preconditions::checkFromToIndex (24 bytes)
48  173       3       jdk.internal.classfile.impl.SplitConstantPool::map (161 bytes)
48    7       3       java.lang.String::equals (56 bytes)   made not entrant: not used
49  174       3       jdk.internal.classfile.impl.BufWriterImpl::reserveSpace (22 bytes)
49  175       1       jdk.internal.classfile.impl.RawBytecodeHelper::bci (5 bytes)
49  176       3       java.lang.CharacterDataLatin1::toLowerCase (44 bytes)
49  177       3       java.lang.CharacterDataLatin1::isUpperCase (16 bytes)
49  178       3       java.lang.CharacterDataLatin1::getPropertiesEx (11 bytes)
50  179       3       java.lang.String::<init> (15 bytes)
53  180       3       java.lang.String::indexOf (41 bytes)
55  181       3       java.lang.invoke.MethodType::checkSlotCount (33 bytes)
55  183     n 0       java.lang.invoke.MethodHandle::linkToStatic(LLIL)L (native)   (static)
55  182       3       java.lang.invoke.MethodType::parameterCount (6 bytes)
55  184     n 0       java.lang.invoke.MethodHandle::linkToStatic(LLILLL)L (native)   (static)
56  185       3       java.lang.invoke.MethodTypeForm::canonicalize (74 bytes)
56  187       3       jdk.internal.util.ReferencedKeyMap::lookupKey (9 bytes)
56  189     n 0       java.lang.invoke.MethodHandle::linkToStatic(LLIL)I (native)   (static)
56  188       3       jdk.internal.util.StrongReferenceKey::<init> (10 bytes)
56  186       1       jdk.internal.util.WeakReferenceKey::hashCode (5 bytes)
57  190       3       jdk.internal.util.Preconditions::checkFromIndexSize (25 bytes)
57  192     n 0       jdk.internal.misc.Unsafe::getShort (native)   
57  191       3       java.lang.StringCoding::countPositives (33 bytes)
57  193       3       java.io.BufferedInputStream::getBufIfOpen (6 bytes)
57  195       3       java.io.DataInputStream::readFully (59 bytes)
57  199       3       java.io.BufferedInputStream::read1 (121 bytes)
58  196       3       java.util.Objects::checkFromIndexSize (8 bytes)
58  197  s    3       java.io.BufferedInputStream::read (112 bytes)
58  194       3       java.io.BufferedInputStream::getBufIfOpen (61 bytes)
58  198       3       java.io.BufferedInputStream::ensureOpen (18 bytes)
58  200       3       java.lang.invoke.VarHandle::checkAccessModeThenIsDirect (29 bytes)
58  206       3       jdk.internal.misc.Unsafe::getShortUnaligned (33 bytes)
59  201       3       java.lang.invoke.VarForm::getMemberName (38 bytes)
59  202       3       java.lang.invoke.VarHandleGuards::guard_LI_I (78 bytes)
59  211     n 0       java.lang.invoke.MethodHandle::invokeBasic(LLI)I (native)   
60  209       3       java.io.DataInputStream::readShort (19 bytes)
60  210       3       jdk.internal.util.ByteArray::getShort (9 bytes)
60  213       3       jdk.internal.util.ArraysSupport::hashCodeOfUnsigned (55 bytes)
60  212       3       jdk.internal.util.ArraysSupport::vectorizedHashCode (158 bytes)
60  214     n 0       java.lang.invoke.MethodHandle::linkToStatic(LLIL)J (native)   (static)
61  203       3       java.lang.invoke.VarHandleByteArrayAsShorts$ArrayHandle::get (35 bytes)
61  204       3       java.lang.invoke.VarHandleByteArrayAsShorts$ArrayHandle::index (12 bytes)
61  205       3       jdk.internal.misc.Unsafe::getShortUnaligned (12 bytes)
61  207       3       jdk.internal.misc.Unsafe::convEndian (16 bytes)
61  208       3       java.lang.Short::reverseBytes (14 bytes)
62  215       3       java.util.zip.Checksum::update (11 bytes)
62  218       3       java.util.zip.CRC32::updateBytes (14 bytes)
62  219       3       java.util.zip.CRC32::updateBytesCheck (35 bytes)
62  216       3       java.util.zip.CRC32::update (38 bytes)
63  221       3       java.io.DataInputStream::readUTF (5 bytes)
63  222       3       java.io.DataInputStream::readUTF (601 bytes)
63  230       4       java.lang.StringCoding::countPositives (33 bytes)
63  233     n 0       jdk.internal.misc.Unsafe::putReferenceVolatile (native)   
64  234       3       jdk.internal.misc.Unsafe::putReferenceRelease (9 bytes)
64  235       3       java.util.concurrent.ConcurrentHashMap::setTabAt (19 bytes)
64  223       3       java.io.DataInputStream::readUnsignedShort (19 bytes)
64  224       3       jdk.internal.util.ByteArray::getUnsignedShort (12 bytes)
65  225       3       java.lang.Short::toUnsignedInt (5 bytes)
65  226       3       java.lang.System$1::uncheckedCountPositives (7 bytes)
65  239       3       java.util.concurrent.ConcurrentHashMap$Traverser::advance (188 bytes)
65  191       3       java.lang.StringCoding::countPositives (33 bytes)   made not entrant: not used
65  237       4       java.io.DataInputStream::readFully (59 bytes)
65  227       3       java.lang.System$1::uncheckedNewStringNoRepl (6 bytes)
65  228   !   3       java.lang.String::newStringNoRepl (33 bytes)
65  229   !   3       java.lang.String::newStringNoRepl1 (284 bytes)
66  241       3       java.lang.StringLatin1::indexOfChar (33 bytes)
66  217       3       sun.util.calendar.ZoneInfoFile$Checksum::update (39 bytes)
66  231       3       java.io.DataInputStream::readFully (9 bytes)
66  240       1       java.lang.Module::getDescriptor (5 bytes)
66  238       3       java.util.concurrent.ConcurrentHashMap::put (8 bytes)
67  220       1       java.lang.AbstractStringBuilder::getValue (5 bytes)
67  242       3       java.lang.ref.Reference::reachabilityFence (1 bytes)
67  243     n 0       jdk.internal.misc.Unsafe::getByte (native)   
67  244       3       java.util.concurrent.ConcurrentHashMap$Node::<init> (20 bytes)
67  245       3       java.util.Optional::orElse (16 bytes)
67  246       3       java.nio.Buffer::session (20 bytes)
67  250     n 0       jdk.internal.misc.Unsafe::compareAndSetInt (native)   
67  247       3       java.util.concurrent.ConcurrentHashMap$BaseIterator::hasNext (13 bytes)
67  248       3       java.nio.Buffer::checkIndex (12 bytes)
67  251   !   3       java.nio.DirectByteBuffer::get (34 bytes)
68  252       3       java.nio.DirectByteBuffer::ix (10 bytes)
68  253   !   3       jdk.internal.misc.ScopedMemoryAccess::getByte (16 bytes)
68  254   !   3       jdk.internal.misc.ScopedMemoryAccess::getByteInternal (34 bytes)
68  256       3       java.io.DataInputStream::readByte (6 bytes)
68  258     n 0       jdk.internal.misc.Unsafe::getInt (native)   
68  257       3       java.io.DataInputStream::readUnsignedByte (22 bytes)
68  259     n 0       java.lang.Class::isInstance (native)   
69  260       3       java.lang.Math::floorMod (28 bytes)
69  261       1       java.time.ZoneOffset::getTotalSeconds (5 bytes)
69  262       1       java.time.temporal.ChronoField::range (5 bytes)
69  265     n 0       java.lang.invoke.MethodHandle::linkToStatic(ILL)L (native)   (static)
69  263       1       java.time.temporal.ValueRange::getMinimum (5 bytes)
69  264       1       java.time.temporal.ValueRange::getMaximum (5 bytes)
70  266       1       jdk.internal.classfile.impl.AbstractPoolEntry::constantPool (5 bytes)
70  267       3       jdk.internal.classfile.impl.AbstractPoolEntry::hashString (5 bytes)
70  268     n 0       java.lang.invoke.MethodHandle::linkToSpecial(LIL)V (native)   (static)
70  269     n 0       java.lang.invoke.MethodHandle::invokeBasic(I)L (native)   
71  270     n 0       java.lang.invoke.MethodHandle::linkToSpecial(LIL)L (native)   (static)
71  271       3       java.lang.invoke.MemberName::allFlagsSet (16 bytes)
71  272       3       java.lang.invoke.MethodType::checkPtypes (76 bytes)
71  273     n 0       java.lang.invoke.MethodHandle::linkToStatic(IIL)I (native)   (static)
72  274       3       java.lang.invoke.MemberName::initResolved (53 bytes)
72  275       3       java.lang.Math::max (11 bytes)
72  277       3       java.util.HashMap$EntryIterator::next (5 bytes)
72  276       1       java.util.ArrayList::size (5 bytes)
73  278       1       java.util.HashMap::size (5 bytes)
73  279     n 0       java.lang.invoke.MethodHandleNatives::resolve (native)   (static)
73  280       1       java.lang.invoke.MethodTypeForm::erasedType (5 bytes)
73  281       3       java.lang.StringConcatHelper::newArray (28 bytes)
73  282       3       jdk.internal.misc.Unsafe::allocateUninitializedArray (55 bytes)
73  283       3       java.util.ArrayList::add (25 bytes)
73  284       3       java.util.ArrayList::add (23 bytes)
75  285     n 0       java.lang.invoke.MethodHandle::linkToStatic(L)V (native)   (static)
76  286       3       jdk.internal.classfile.impl.EntryMap::firstToken (50 bytes)
76  288       3       jdk.internal.classfile.impl.AbstractPoolEntry::<init> (20 bytes)
76  287   !   3       java.lang.invoke.MemberName::getMethodType (213 bytes)
76  237       4       java.io.DataInputStream::readFully (59 bytes)   COMPILE SKIPPED: Jvmti state change invalidated dependencies
76  255       4       java.lang.ref.Reference::reachabilityFence (1 bytes)
76  242       3       java.lang.ref.Reference::reachabilityFence (1 bytes)   made not entrant: not used
76  249       4       java.util.concurrent.ConcurrentHashMap::tabAt (21 bytes)
77  290       1       java.lang.String::value (5 bytes)
77  289       1       jdk.internal.constant.ClassOrInterfaceDescImpl::descriptorString (5 bytes)
77  291       1       jdk.internal.classfile.impl.BufWriterImpl::size (5 bytes)
77   50       3       java.util.concurrent.ConcurrentHashMap::tabAt (21 bytes)   made not entrant: not used
77  232       4       java.io.BufferedInputStream::getBufIfOpen (61 bytes)
77  292       3       jdk.internal.classfile.impl.AbstractPoolEntry::maybeClone (26 bytes)
77  293       3       jdk.internal.classfile.impl.SplitConstantPool::canWriteDirect (24 bytes)
77  295       3       jdk.internal.classfile.impl.SplitConstantPool::entryByIndex (59 bytes)
77  297     n 0       java.lang.Class::isHidden (native)   
78  294       3       java.lang.invoke.MemberName::getReferenceKind (12 bytes)
78  296       1       java.lang.invoke.MethodHandles$Lookup::lookupClass (5 bytes)
78  299       3       java.lang.StringCoding::countNonZeroAsciiLatin1 (33 bytes)
78  194       3       java.io.BufferedInputStream::getBufIfOpen (61 bytes)   made not entrant: not used
78  236       4       java.util.concurrent.ConcurrentHashMap::casTabAt (20 bytes)
78  300       3       jdk.internal.classfile.impl.SplitConstantPool::tryFindUtf8 (103 bytes)
78  137       3       java.util.concurrent.ConcurrentHashMap::casTabAt (20 bytes)   made not entrant: not used
78  302       3       jdk.internal.classfile.impl.SplitConstantPool::internalAdd (12 bytes)
79  303       3       jdk.internal.classfile.impl.SplitConstantPool::internalAdd (78 bytes)
79  301       3       java.lang.Class::getPackageName (81 bytes)
79  305       3       jdk.internal.classfile.impl.EntryMap::put (186 bytes)
80  306       3       java.lang.invoke.MethodType::makeImpl (109 bytes)
80  307       3       jdk.internal.util.ReferencedKeySet::get (27 bytes)
80  304       3       java.lang.invoke.MethodType::<init> (15 bytes)
81  298       1       java.lang.invoke.MethodHandle::type (5 bytes)
81  308     n 0       java.lang.Class::desiredAssertionStatus0 (native)   (static)
81  309       3       jdk.internal.classfile.impl.AbstractPoolEntry$Utf8EntryImpl::hashCode (8 bytes)
82  310       3       java.lang.invoke.MethodType::parameterType (7 bytes)
82  312       3       jdk.internal.classfile.impl.BufWriterImpl::writeU2 (38 bytes)
82  311       1       jdk.internal.classfile.impl.AbstractDirectBuilder::constantPool (5 bytes)
82  313       3       java.lang.StringLatin1::canEncode (13 bytes)
82  315       3       java.lang.StringLatin1::replace (197 bytes)
83  314       3       jdk.internal.misc.Unsafe::allocateUninitializedArray0 (90 bytes)
83  132       4       java.util.HashMap::putVal (300 bytes)   made not entrant: uncommon trap
83  317       3       java.util.Arrays::copyOfRange (82 bytes)
83  316       3       jdk.internal.classfile.impl.BufWriterImpl::cpIndex (33 bytes)
84  319       3       jdk.internal.classfile.impl.RawBytecodeHelper::next (81 bytes)
84  320       3       jdk.internal.classfile.impl.RawBytecodeHelper::endBci (8 bytes)
84  323       3       jdk.internal.classfile.impl.RawBytecodeHelper::opcode (9 bytes)
84  318       1       java.lang.module.ModuleDescriptor::isOpen (5 bytes)
84  321       1       java.lang.Class::getComponentType (5 bytes)
84  322       1       jdk.internal.constant.ClassOrInterfaceDescImpl::isClassOrInterface (2 bytes)
85  324     n 0       java.lang.Class::isAssignableFrom (native)   
85  325       4       java.lang.String::length (11 bytes)
85  326       1       jdk.internal.classfile.impl.AbstractPoolEntry$ClassEntryImpl::tag (3 bytes)
85  327       3       jdk.internal.classfile.impl.AbstractPoolEntry::hash2 (15 bytes)
85  328       3       java.lang.StringBuilder::append (8 bytes)
86  329       3       java.lang.AbstractStringBuilder::append (100 bytes)
86   27       3       java.lang.String::length (11 bytes)   made not entrant: not used
86  331       3       java.lang.StringLatin1::newString (24 bytes)
86  332       1       java.lang.invoke.MethodTypeForm::basicType (5 bytes)
86  330       1       jdk.internal.classfile.impl.AbstractPoolEntry::hashCode (5 bytes)
86  333     n 0       java.lang.reflect.Array::newArray (native)   (static)
87  334       4       jdk.internal.util.ArraysSupport::unsignedHashCode (36 bytes)
87  336       3       java.lang.reflect.Modifier::isProtected (12 bytes)
87  338       3       jdk.internal.classfile.impl.AbstractPoolEntry$Utf8EntryImpl::<init> (49 bytes)
87  337       3       java.lang.String::toString (2 bytes)
87  335       3       java.lang.invoke.MemberName::getModifiers (8 bytes)
87  339       3       java.lang.reflect.Modifier::isPublic (12 bytes)
87  340       3       java.lang.invoke.MethodType::methodType (69 bytes)
88  342       3       java.lang.StringBuilder::length (5 bytes)
88  341   !   3       java.lang.invoke.MemberName::clone (14 bytes)
88  343       3       jdk.internal.constant.ClassOrInterfaceDescImpl::ofValidated (64 bytes)
88  346       3       jdk.internal.classfile.impl.SplitConstantPool::utf8Entry (45 bytes)
88  345       3       java.lang.Class::getName (18 bytes)
89  349       3       java.lang.Record::<init> (5 bytes)
89  344       3       jdk.internal.constant.ClassOrInterfaceDescImpl::<init> (10 bytes)
89   45       3       jdk.internal.util.ArraysSupport::unsignedHashCode (36 bytes)   made not entrant: not used
89  347       1       jdk.internal.classfile.impl.AbstractDirectBuilder::setOriginal (6 bytes)
89  350       3       jdk.internal.classfile.impl.AbstractPoolEntry::hash1 (10 bytes)
89  351   !   3       sun.invoke.util.VerifyAccess::ensureTypeVisible (99 bytes)
89  352       3       jdk.internal.classfile.impl.AbstractElement::<init> (5 bytes)
89  348       1       jdk.internal.classfile.impl.AbstractPoolEntry$Utf8EntryImpl::tag (2 bytes)
89  353       1       jdk.internal.classfile.impl.DirectMethodBuilder::methodFlags (5 bytes)
90  356       3       jdk.internal.classfile.impl.AbstractPoolEntry$Utf8EntryImpl::writeTo (44 bytes)
90  357       3       jdk.internal.classfile.impl.BufWriterImpl::writeUtfEntry (144 bytes)
91  358       3       java.lang.System$1::countNonZeroAscii (5 bytes)
91  360       1       jdk.internal.classfile.impl.LabelImpl::labelContext (5 bytes)
91  362     n 0       java.lang.invoke.MethodHandle::invokeBasic(LL)L (native)   
91  361       1       jdk.internal.classfile.impl.LabelImpl::getBCI (5 bytes)
91  363     n 0       java.lang.invoke.MethodHandle::linkToSpecial(LLLL)L (native)   (static)
91  359       1       jdk.internal.classfile.impl.DirectMethodBuilder::methodType (5 bytes)
91  354       3       jdk.internal.classfile.impl.StackMapGenerator::processBlock (2767 bytes)
91  364     n 0       java.lang.invoke.MethodHandle::linkToStatic(LLLLL)L (native)   (static)
92  366     n 0       java.lang.invoke.MethodHandle::invokeBasic(LLLL)L (native)   
94  376       4       java.lang.String::charAt (25 bytes)
94  378     n 0       jdk.internal.misc.Unsafe::getChar (native)   
94  379     n 0       java.lang.invoke.MethodHandle::linkToSpecial(LLLLLL)V (native)   (static)
95   32       3       java.lang.String::charAt (25 bytes)   made not entrant: not used
95  380     n 0       java.lang.invoke.MethodHandle::linkToSpecial(LLLLLL)L (native)   (static)
95  381     n 0       java.lang.Class::initClassName (native)   
95  382     n 0       java.lang.String::intern (native)   
97  386     n 0       java.lang.System::identityHashCode (native)   (static)
98  390     n 0       java.lang.invoke.MethodHandle::linkToSpecial(LLLLL)L (native)   (static)
98  392     n 0       java.lang.invoke.MethodHandle::linkToSpecial(LLLL)V (native)   (static)
100  396       4       jdk.internal.classfile.impl.RawBytecodeHelper::opcode (9 bytes)
100  323       3       jdk.internal.classfile.impl.RawBytecodeHelper::opcode (9 bytes)   made not entrant: not used
102  401     n 0       jdk.internal.misc.Unsafe::allocateInstance (native)   
102  398       3       sun.reflect.generics.parser.SignatureParser::current (59 bytes)
102  377       3       jdk.internal.classfile.impl.AbstractPoolEntry$Utf8EntryImpl::contentHash (19 bytes)
102  372       3       java.lang.String::getBytes (60 bytes)
103  368       3       java.lang.String::checkBoundsOffCount (10 bytes)
103  369       3       java.lang.StringLatin1::getBytes (12 bytes)
103  384       1       jdk.internal.classfile.impl.StackMapDecoder$StackMapFrameImpl::stack (5 bytes)
103  408       3       java.util.HashMap::putVal (300 bytes)
103  375       1       java.lang.reflect.Method::getName (5 bytes)
103  394       1       jdk.internal.classfile.impl.StackMapDecoder$StackMapFrameImpl::locals (5 bytes)
104  371       1       java.lang.classfile.Opcode::bytecode (5 bytes)
104  370       1       jdk.internal.classfile.impl.UnboundAttribute::attributeMapper (5 bytes)
104  393       1       java.lang.reflect.Method::getSharedParameterTypes (5 bytes)
104  395       1       jdk.internal.classfile.impl.StackMapDecoder$StackMapFrameImpl::target (5 bytes)
104  402       1       jdk.internal.classfile.impl.AbstractPseudoInstruction$ExceptionCatchImpl::catchTypeEntry (5 bytes)
104  373       1       jdk.internal.classfile.impl.AbstractPoolEntry$NameAndTypeEntryImpl::tag (3 bytes)
104  409       3       sun.reflect.generics.parser.SignatureParser::advance (53 bytes)
104  413       3       java.lang.CharacterData::of (136 bytes)
104  414       3       java.lang.CharacterDataLatin1::getProperties (11 bytes)
104  410       3       java.lang.Character::isWhitespace (5 bytes)
104  411       3       java.lang.Character::isWhitespace (9 bytes)
105  412       3       java.lang.CharacterDataLatin1::isWhitespace (23 bytes)
105  400       1       java.lang.reflect.Method::getModifiers (5 bytes)
105  385       1       jdk.internal.constant.MethodTypeDescImpl::returnType (5 bytes)
105  415       3       java.util.BitSet::wordIndex (5 bytes)
105  418       3       java.util.BitSet::checkInvariants (111 bytes)
105  416       3       java.util.BitSet::set (58 bytes)
105  419       4       java.lang.StringCoding::countNonZeroAsciiLatin1 (33 bytes)
105  417       3       java.util.BitSet::expandTo (23 bytes)
105  407       1       java.lang.reflect.Method::getReturnType (5 bytes)
105  355       3       jdk.internal.classfile.impl.RawBytecodeHelper::isStoreIntoLocal (18 bytes)
106  405       1       java.lang.classfile.TypeKind::slotSize (5 bytes)
106  397       1       jdk.internal.classfile.impl.AbstractPoolEntry$MethodRefEntryImpl::tag (3 bytes)
106  403       1       jdk.internal.classfile.impl.BufWriterImpl::thisClass (5 bytes)
106  404       1       jdk.internal.classfile.impl.DirectMethodBuilder::methodName (5 bytes)
106  406       1       java.lang.Class::getModifiers (5 bytes)
106  420       3       java.util.HashMap$HashIterator::<init> (84 bytes)
106  421       3       java.lang.String::substring (58 bytes)
106  399       1       java.util.LinkedHashMap::removeEldestEntry (2 bytes)
106  383       1       jdk.internal.classfile.impl.AbstractAttributeMapper::allowMultiple (5 bytes)
107  422       3       java.util.LinkedHashMap$LinkedHashIterator::nextNode (68 bytes)
107  374       1       java.lang.Class::getModule (5 bytes)
107  423     n 0       jdk.internal.reflect.ConstantPool::getUTF8At0 (native)   
107  365       3       java.lang.invoke.MemberName::isConstructor (8 bytes)
107  299       3       java.lang.StringCoding::countNonZeroAsciiLatin1 (33 bytes)   made not entrant: not used
108  424       3       java.util.LinkedHashMap$LinkedHashIterator::hasNext (13 bytes)
108  425       3       java.util.Arrays::copyOf (40 bytes)
108  387       1       jdk.internal.classfile.impl.LabelImpl::setBCI (6 bytes)
108  367       3       java.lang.StringLatin1::coderFromChar (10 bytes)
108  389       1       java.lang.invoke.MethodTypeForm::parameterSlotCount (5 bytes)
108  391       1       java.lang.constant.ClassDesc::isPrimitive (2 bytes)
108  426       1       java.nio.Buffer::limit (5 bytes)
108  427       3       jdk.internal.classfile.impl.AbstractPoolEntry$AbstractMemberRefEntry::<init> (12 bytes)
108  428       3       java.util.ArrayList::<init> (61 bytes)
109  388       1       java.lang.invoke.MethodHandles$Lookup::previousLookupClass (5 bytes)
109  429       3       sun.reflect.generics.parser.SignatureParser::skipIdentifier (67 bytes)
109  430       3       java.util.LinkedHashMap$LinkedEntryIterator::next (5 bytes)
109  431       3       java.util.LinkedHashMap$LinkedEntryIterator::next (5 bytes)
109  432       3       java.lang.Character::charCount (12 bytes)
109  433     n 0       java.lang.Class::forName0 (native)   (static)
110  435       3       java.nio.Buffer::nextGetIndex (32 bytes)
110  438       4       java.lang.CharacterDataLatin1::getProperties (11 bytes)
110  437       3       java.lang.ref.SoftReference::get (29 bytes)
110  439       3       java.util.ArrayList::iterator (9 bytes)
110  414       3       java.lang.CharacterDataLatin1::getProperties (11 bytes)   made not entrant: not used
110  440       3       java.util.ArrayList$Itr::<init> (31 bytes)
110  441       3       java.lang.StringBuilder::toString (20 bytes)
110  443       3       jdk.internal.classfile.impl.AbstractPoolEntry$AbstractNamedEntry::<init> (10 bytes)
110  444       3       java.lang.AbstractStringBuilder::isLatin1 (8 bytes)
110  445       3       java.util.List::copyOf (5 bytes)
111  447       3       jdk.internal.classfile.impl.BufWriterImpl::writeU1 (24 bytes)
111  450       3       jdk.internal.classfile.impl.BufWriterImpl::writeU1U2 (50 bytes)
111  436       3       java.nio.HeapByteBuffer::getShort (29 bytes)
111  454       4       jdk.internal.classfile.impl.RawBytecodeHelper::endBci (8 bytes)
111  320       3       jdk.internal.classfile.impl.RawBytecodeHelper::endBci (8 bytes)   made not entrant: not used
111  453       3       jdk.internal.classfile.impl.StackCounter::addStackSlot (30 bytes)
111  457       3       jdk.internal.classfile.impl.DirectCodeBuilder::labelToBci (27 bytes)
111  452       3       jdk.internal.classfile.impl.Util::isDoubleSlot (20 bytes)
112  448       3       java.util.ArrayList$Itr::hasNext (20 bytes)
112  455       3       java.util.ArrayList$Itr::next (66 bytes)
112  456       3       java.util.ArrayList$Itr::checkForComodification (23 bytes)
112  451       3       jdk.internal.classfile.impl.SplitConstantPool::utf8Entry (6 bytes)
112  449       3       java.util.AbstractList::<init> (10 bytes)
112  462     n 0       java.lang.Class::getSuperclass (native)   
112  446       3       java.util.ImmutableCollections::listCopy (54 bytes)
112  460       3       jdk.internal.classfile.impl.AbstractPoolEntry$Utf8EntryImpl::toString (88 bytes)
113  461       3       java.util.ImmutableCollections$List12::size (16 bytes)
113  442       3       java.lang.String::<init> (98 bytes)
113  222       3       java.io.DataInputStream::readUTF (601 bytes)   made not entrant: C1 deoptimize for patching
113  434       1       jdk.internal.loader.AbstractClassLoaderValue$Sub::parent (5 bytes)
113  469       3       java.io.DataInputStream::readUTF (601 bytes)
113  472       4       jdk.internal.misc.Unsafe::getShortUnaligned (12 bytes)
114  205       3       jdk.internal.misc.Unsafe::getShortUnaligned (12 bytes)   made not entrant: not used
114  473       4       java.io.DataInputStream::readFully (59 bytes)
114  470  s    3       java.io.ByteArrayInputStream::read (73 bytes)
114  471  s    3       java.io.ByteArrayInputStream::read (36 bytes)
115  474       3       java.io.DataInputStream::readBoolean (13 bytes)
115  476   !   3       java.lang.String::<init> (852 bytes)
115  479     n 0       jdk.internal.misc.Unsafe::getLong (native)   
116  477       3       java.lang.String::<init> (22 bytes)
116  481       3       jdk.jfr.internal.MetadataLoader$FieldElement::<init> (93 bytes)
116  463       1       java.lang.Class::getAnnotationType (5 bytes)
117  458       1       jdk.internal.classfile.impl.BufWriterImpl::constantPool (5 bytes)
117  459       1       jdk.internal.classfile.impl.AbstractAttributeMapper::name (5 bytes)
117  464       1       sun.reflect.generics.tree.ClassTypeSignature::getPath (5 bytes)
117  465       1       sun.reflect.generics.tree.SimpleClassTypeSignature::getName (5 bytes)
117  485       3       java.lang.String::isEmpty (14 bytes)
117  483       3       java.lang.Character::codePointAt (51 bytes)
117  487       3       java.lang.Character::isJavaIdentifierPart (9 bytes)
117  488       3       java.lang.CharacterDataLatin1::isJavaIdentifierPart (20 bytes)
117  484       3       java.lang.Character::isHighSurrogate (18 bytes)
117  486       3       java.util.ArrayList::<init> (12 bytes)
118  489       3       java.util.Arrays::copyOf (10 bytes)
118  490       3       java.util.ArrayList::isEmpty (13 bytes)
118  492       3       java.util.ImmutableCollections$AbstractImmutableList::<init> (5 bytes)
118  491       3       java.util.ArrayList::elementData (7 bytes)
118  493       1       jdk.jfr.ValueDescriptor::isArray (5 bytes)
118  494       3       java.util.ImmutableCollections$List12::<init> (20 bytes)
118  466       1       sun.reflect.generics.tree.SimpleClassTypeSignature::getDollar (5 bytes)
118  467       1       sun.reflect.generics.visitor.Reifier::getFactory (5 bytes)
118  495       3       java.util.Objects::checkIndex (7 bytes)
118  496       3       jdk.internal.module.Checks::isJavaIdentifier (76 bytes)
119  498       3       java.util.List::of (64 bytes)
119  500       3       java.util.ArrayList::get (15 bytes)
119  499       3       java.lang.Class::reflectionData (43 bytes)
120  501       1       jdk.jfr.internal.Type::getName (5 bytes)
120  502       3       java.lang.CharacterDataLatin1::isJavaIdentifierStart (23 bytes)
120  503       3       java.util.ArrayList::toArray (12 bytes)
120  468       1       sun.reflect.generics.tree.SimpleClassTypeSignature::getTypeArguments (5 bytes)
120  497       1       java.util.Collections$1::hasNext (5 bytes)
120  504       3       java.lang.String::indexOf (65 bytes)
120  505       3       jdk.jfr.internal.Type::getFields (37 bytes)
121  507       3       jdk.jfr.internal.PrivateAccess::getInstance (15 bytes)
121  506       3       jdk.jfr.AnnotationElement::checkType (26 bytes)
121  508       3       jdk.jfr.internal.util.Utils::unboxType (82 bytes)
121  509       3       jdk.jfr.EventSettings$InternalAccess::newAnnotation (11 bytes)
121  513       3       java.lang.Class::cast (27 bytes)
121  512       3       java.lang.PublicMethods$Key::matches (31 bytes)
121  515       3       java.lang.reflect.Modifier::isStatic (13 bytes)
122  514       3       java.util.ArrayList::grow (60 bytes)
122  511       3       java.util.ArrayList::set (24 bytes)
122  522       3       jdk.jfr.AnnotationElement::<init> (308 bytes)
123  523     n 0       jdk.jfr.internal.JVM::getTypeId (native)   (static)
123  517       3       java.util.LinkedHashMap$LinkedKeyIterator::next (8 bytes)
123  519       3       java.util.Collections$UnmodifiableCollection::size (10 bytes)
123  520       3       java.util.Collections$UnmodifiableList::get (11 bytes)
123  521       3       jdk.jfr.internal.MetadataLoader::newAnnotation (25 bytes)
123  525       3       jdk.jfr.internal.AnnotationConstruct::<init> (18 bytes)
124  526       3       jdk.jfr.internal.Type::add (17 bytes)
124  527       3       java.util.LinkedHashMap$LinkedHashIterator::<init> (52 bytes)
124  524       1       java.lang.invoke.MethodHandleImpl::isCompileConstant (2 bytes)
124  528       3       jdk.jfr.internal.util.Utils::ensureJavaIdentifier (42 bytes)
124  532       3       jdk.jfr.internal.Type::getKnownType (51 bytes)
124  529       3       jdk.jfr.EventSettings$InternalAccess::newValueDescriptor (17 bytes)
124  536       3       java.util.ImmutableCollections::listFromArray (39 bytes)
125  530       3       jdk.jfr.ValueDescriptor::<init> (101 bytes)
125  531       3       java.util.LinkedHashMap::keySet (5 bytes)
125  539     n 0       java.lang.invoke.MethodHandle::linkToVirtual(LL)J (native)   (static)
125  534       3       java.util.LinkedHashMap$LinkedKeySet::iterator (16 bytes)
125  195       3       java.io.DataInputStream::readFully (59 bytes)   made not entrant: not used
126  537       3       java.util.LinkedHashMap::sequencedKeySet (31 bytes)
126  475       4       java.util.Objects::checkFromIndexSize (8 bytes)
126  535       3       java.util.LinkedHashMap$LinkedKeyIterator::<init> (14 bytes)
126  542       3       jdk.internal.classfile.impl.BufWriterImpl::writeIndex (11 bytes)
126  196       3       java.util.Objects::checkFromIndexSize (8 bytes)   made not entrant: not used
126  510       4       java.lang.CharacterData::of (136 bytes)
126  544     n 0       java.lang.invoke.MethodHandle::linkToStatic(LLLL)I (native)   (static)
126  413       3       java.lang.CharacterData::of (136 bytes)   made not entrant: not used
126  533       4       java.lang.Character::codePointAt (51 bytes)
126  541       3       jdk.internal.classfile.impl.SplitConstantPool::maybeCloneUtf8Entry (65 bytes)
127  543       3       jdk.internal.classfile.impl.AbstractPoolEntry$NameAndTypeEntryImpl::type (8 bytes)
127  540       3       jdk.internal.classfile.impl.DirectClassBuilder::constantPool (5 bytes)
127  546       3       jdk.internal.classfile.impl.AbstractDirectBuilder::<init> (26 bytes)
127  547       3       jdk.internal.classfile.impl.AttributeHolder::<init> (17 bytes)
127  483       3       java.lang.Character::codePointAt (51 bytes)   made not entrant: not used
127  478       4       java.lang.invoke.VarHandleGuards::guard_LI_I (78 bytes)
127  548       3       jdk.internal.classfile.impl.AbstractPoolEntry$ClassEntryImpl::<init> (22 bytes)
127  545       3       jdk.internal.classfile.impl.AbstractPoolEntry::hashClassFromDescriptor (7 bytes)
127  516       1       java.lang.reflect.Method::getDeclaringClass (5 bytes)
128  549       3       jdk.internal.classfile.impl.AttributeHolder::writeTo (34 bytes)
128  554       3       jdk.internal.constant.MethodTypeDescImpl::parameterCount (6 bytes)
128  550       3       jdk.internal.misc.Unsafe::getCharUnaligned (12 bytes)
128  551       3       jdk.internal.misc.Unsafe::getCharUnaligned (34 bytes)
128  552       3       jdk.internal.misc.Unsafe::convEndian (16 bytes)
128  556       3       jdk.jfr.internal.TypeLibrary$$Lambda/0x000001fe0102aee0::applyAsLong (8 bytes)
128  559       3       java.lang.Long::compare (22 bytes)
128  202       3       java.lang.invoke.VarHandleGuards::guard_LI_I (78 bytes)   made not entrant: not used
129  538       4       java.lang.CharacterDataLatin1::isJavaIdentifierPart (20 bytes)
129  557       3       java.util.Comparator$$Lambda/0x000001fe0102bee8::compare (10 bytes)
129  555       1       jdk.jfr.internal.Type::getId (5 bytes)
129  488       3       java.lang.CharacterDataLatin1::isJavaIdentifierPart (20 bytes)   made not entrant: not used
129  480  s    4       java.io.ByteArrayInputStream::read (73 bytes)
129  558       3       java.util.Comparator::lambda$comparingLong$6043328a$1 (18 bytes)
129  562     n 0       java.lang.invoke.MethodHandle::linkToStatic(LL)V (native)   (static)
129  553       3       java.lang.Character::reverseBytes (15 bytes)
129  560       3       jdk.internal.classfile.impl.LabelImpl::<init> (15 bytes)
129  564       3       jdk.internal.constant.MethodTypeDescImpl::parameterType (7 bytes)
129  561       3       java.lang.Class::descriptorString (137 bytes)
130  567     n 0       java.lang.invoke.MethodHandle::linkToVirtual(LLL)V (native)   (static)
130  470  s    3       java.io.ByteArrayInputStream::read (73 bytes)   made not entrant: not used
130  482       4       java.io.DataInputStream::readUTF (5 bytes)
130  221       3       java.io.DataInputStream::readUTF (5 bytes)   made not entrant: not used
131  518       4       java.util.ArrayList::elementData (7 bytes)
131  565       3       jdk.internal.classfile.impl.Util::parameterSlots (39 bytes)
131  491       3       java.util.ArrayList::elementData (7 bytes)   made not entrant: not used
131  577       4       java.util.AbstractCollection::<init> (5 bytes)
131   13       3       java.util.AbstractCollection::<init> (5 bytes)   made not entrant: not used
131  571       3       java.util.ArrayDeque::inc (12 bytes)
131  572       3       java.util.ArrayDeque::addLast (51 bytes)
131  573       3       java.util.ImmutableCollections$ListItr::hasNext (17 bytes)
132  584       4       java.util.HashMap::put (13 bytes)
132  575       3       java.util.ImmutableCollections$ListN::size (6 bytes)
132  574       1       jdk.jfr.internal.AnnotationConstruct::getUnmodifiableAnnotationElements (5 bytes)
132  578       3       java.util.ImmutableCollections$AbstractImmutableList::iterator (13 bytes)
132  576       1       jdk.jfr.AnnotationElement::getType (5 bytes)
132  579       3       java.lang.invoke.DirectMethodHandle::allocateInstance (16 bytes)
132  580       3       java.util.ArrayDeque::elementAt (4 bytes)
132  581       3       java.util.ArrayDeque::pollFirst (36 bytes)
132  582       3       java.util.ArrayDeque::poll (5 bytes)
132  585       3       java.util.ArrayDeque::size (17 bytes)
132  583       3       java.util.ImmutableCollections$ListItr::<init> (25 bytes)
133  587       3       java.util.ArrayDeque::sub (14 bytes)
133  586       3       java.util.ArrayDeque::add (7 bytes)
133  588       3       java.lang.invoke.DirectMethodHandle::constructorMethod (10 bytes)
133  590       3       java.lang.invoke.DirectMethodHandle$Holder::newInvokeSpecial (21 bytes)
133  602       3       java.lang.Iterable::forEach (39 bytes)
133  589       3       java.util.ArrayDeque$$Lambda/0x000001fe0102c620::accept (9 bytes)
133  594       3       java.lang.invoke.Invokers$Holder::linkToTargetMethod (9 bytes)
133  593       3       java.util.ArrayDeque::copyElements (13 bytes)
134  595       3       java.util.ArrayDeque::isEmpty (17 bytes)
134  596       3       java.util.ArrayDeque$$Lambda/0x000001fe0102c620::<init> (10 bytes)
134  598       3       jdk.jfr.EventSettings$InternalAccess::getType (98 bytes)
134  599       3       jdk.jfr.internal.Type::getAnnotationElements (8 bytes)
134  600       3       jdk.jfr.AnnotationElement::getAnnotationElements (8 bytes)
134  601       3       java.util.ArrayDeque::addAll (50 bytes)
135  603   !   3       java.util.ImmutableCollections$ListItr::next (34 bytes)
135  604       3       java.util.ImmutableCollections$ListN::get (7 bytes)
135  597       1       jdk.jfr.ValueDescriptor::getType (5 bytes)
135  592       3       java.util.HashSet::contains (9 bytes)
135  569       3       jdk.internal.classfile.impl.SplitConstantPool::classEntryForClassOrInterface (111 bytes)
136  607       3       java.util.ImmutableCollections$List12::forEach (31 bytes)
136  608       3       java.util.ArrayDeque::<init> (35 bytes)
136  610       3       java.util.ArrayDeque::<init> (16 bytes)
136  615       3       jdk.jfr.internal.TypeLibrary::visitAnnotations (92 bytes)
137  614       3       java.util.ArrayDeque::grow (165 bytes)
138  611       3       java.util.Collections$UnmodifiableCollection$1::hasNext (10 bytes)
138  609       3       java.util.Collections$UnmodifiableCollection$1::next (10 bytes)
138  613       3       jdk.jfr.ValueDescriptor::getAnnotationElements (8 bytes)
138  570       3       jdk.internal.classfile.impl.SplitConstantPool::tryFindClassOrInterface (138 bytes)
138  617       1       jdk.jfr.internal.PlatformEventType::getAllSettings (5 bytes)
138  619       3       java.lang.Long::hashCode (8 bytes)
139   86       3       java.util.HashMap::put (13 bytes)   made not entrant: not used
139  606       4       java.util.HashMap::getNode (150 bytes)
139  620       3       java.lang.Long::hashCode (8 bytes)
139  621       3       java.lang.Long::valueOf (40 bytes)
139  566       3       jdk.internal.classfile.impl.BufWriterImpl::writeU2U2U2 (89 bytes)
139  623       3       jdk.jfr.internal.TypeLibrary$$Lambda/0x000001fe0102c190::test (8 bytes)
139  626       3       java.lang.Long::equals (32 bytes)
139  624       3       jdk.jfr.internal.TypeLibrary::lambda$initialize$0 (24 bytes)
140  622       1       java.lang.Long::longValue (5 bytes)
140  563       3       jdk.internal.classfile.impl.BufWriterImpl::patchInt (41 bytes)
140  568       3       jdk.internal.classfile.impl.SplitConstantPool::classEntry (68 bytes)
141  630       3       java.lang.Integer::numberOfLeadingZeros (79 bytes)
141  631       3       jdk.internal.classfile.impl.SplitConstantPool::findEntry (130 bytes)
141   89       3       java.util.HashMap::getNode (150 bytes)   made not entrant: not used
141  625       4       java.util.ArrayDeque::isEmpty (17 bytes)
142  635       3       java.lang.String::replace (42 bytes)
142  595       3       java.util.ArrayDeque::isEmpty (17 bytes)   made not entrant: not used
142  636       4       jdk.internal.classfile.impl.AbstractPoolEntry::hash2 (15 bytes)
142  638       3       jdk.internal.classfile.impl.AbstractPoolEntry$AbstractRefsEntry::<init> (37 bytes)
142  327       3       jdk.internal.classfile.impl.AbstractPoolEntry::hash2 (15 bytes)   made not entrant: not used
142  644       4       java.util.BitSet::wordIndex (5 bytes)
142  645       3       jdk.internal.classfile.impl.AbstractPoolEntry$Utf8EntryImpl::stringValue (5 bytes)
142  415       3       java.util.BitSet::wordIndex (5 bytes)   made not entrant: not used
142  628       4       java.util.ArrayDeque::pollFirst (36 bytes)
142  646       3       jdk.internal.classfile.impl.BufWriterImpl::writeU1U2U2 (75 bytes)
142  639       3       jdk.internal.classfile.impl.RawBytecodeHelper::getU2Unchecked (21 bytes)
143  640       3       jdk.internal.classfile.impl.RawBytecodeHelper::getIndexU2 (11 bytes)
143  632       3       java.util.LinkedHashMap::newNode (23 bytes)
143  648       3       jdk.internal.classfile.impl.Util::methodTypeSymbol (8 bytes)
143  581       3       java.util.ArrayDeque::pollFirst (36 bytes)   made not entrant: not used
143  629       4       java.util.ArrayDeque::poll (5 bytes)
143  649       3       jdk.internal.classfile.impl.AbstractPoolEntry$Utf8EntryImpl::methodTypeSymbol (34 bytes)
143  651       3       java.util.ImmutableCollections$List12::get (35 bytes)
143  647       3       java.util.LinkedHashMap::linkNodeAtEnd (76 bytes)
143  652       3       jdk.internal.classfile.impl.RawBytecodeHelper::getU1Unchecked (13 bytes)
143  582       3       java.util.ArrayDeque::poll (5 bytes)   made not entrant: not used
144  616       4       java.util.ArrayDeque::addLast (51 bytes)
144  641       1       jdk.internal.classfile.impl.AbstractPseudoInstruction$ExceptionCatchImpl::tryStart (5 bytes)
144  642       1       jdk.internal.classfile.impl.AbstractPseudoInstruction$ExceptionCatchImpl::tryEnd (5 bytes)
144  643       1       jdk.internal.classfile.impl.AbstractPseudoInstruction$ExceptionCatchImpl::handler (5 bytes)
144  637       1       java.lang.classfile.Opcode::sizeIfFixed (5 bytes)
144  650       1       jdk.internal.classfile.impl.DirectCodeBuilder::startLabel (5 bytes)
144  633       3       java.util.LinkedHashMap$Entry::<init> (10 bytes)
144  656       3       java.lang.reflect.Method::getParameterCount (6 bytes)
144  634       3       java.util.LinkedHashMap::afterNodeInsertion (40 bytes)
144  653       1       jdk.internal.classfile.impl.AbstractPoolEntry$StringEntryImpl::tag (3 bytes)
144  572       3       java.util.ArrayDeque::addLast (51 bytes)   made not entrant: not used
144  591       4       java.util.ImmutableCollections$ListN::size (6 bytes)
144  654       1       jdk.internal.classfile.impl.UnboundAttribute$UnboundStackMapTableAttribute::entries (5 bytes)
145  659       1       java.lang.reflect.Method::getSharedExceptionTypes (5 bytes)
145  660       3       jdk.internal.classfile.impl.DirectCodeBuilder::constantPool (5 bytes)
145  575       3       java.util.ImmutableCollections$ListN::size (6 bytes)   made not entrant: not used
145  618       4       java.util.ImmutableCollections$ListItr::hasNext (17 bytes)
145  657       1       sun.reflect.annotation.AnnotationType::memberTypes (5 bytes)
145  658       1       sun.reflect.annotation.AnnotationType::memberDefaults (5 bytes)
145  661       3       java.util.BitSet::get (69 bytes)
145  573       3       java.util.ImmutableCollections$ListItr::hasNext (17 bytes)   made not entrant: not used
145  655       4       java.util.LinkedHashMap$LinkedHashIterator::hasNext (13 bytes)
145  424       3       java.util.LinkedHashMap$LinkedHashIterator::hasNext (13 bytes)   made not entrant: not used
145  612       4       java.util.HashMap$Node::<init> (26 bytes)
145  667       3       jdk.internal.classfile.impl.AbstractPoolEntry$AbstractRefEntry::writeTo (18 bytes)
145  606       4       java.util.HashMap::getNode (150 bytes)   made not entrant: uncommon trap
145  665       3       jdk.internal.classfile.impl.BufWriterImpl::writeIndex (10 bytes)
145   87       3       java.util.HashMap$Node::<init> (26 bytes)   made not entrant: not used
146  627       4       java.lang.Long::hashCode (8 bytes)
146  619       3       java.lang.Long::hashCode (8 bytes)   made not entrant: not used
146  605       4       java.util.ImmutableCollections$ListN::get (7 bytes)
146  664       3       jdk.internal.classfile.impl.StackCounter$Target::<init> (15 bytes)
146  604       3       java.util.ImmutableCollections$ListN::get (7 bytes)   made not entrant: not used
146  669       4       java.util.LinkedHashMap$LinkedHashIterator::nextNode (68 bytes)
146  670       3       jdk.internal.access.SharedSecrets::getJavaLangAccess (4 bytes)
146  668       1       sun.reflect.annotation.AnnotationType::retention (5 bytes)
146  662       1       jdk.internal.classfile.impl.StackMapDecoder$ObjectVerificationTypeInfoImpl::tag (3 bytes)
146  663       1       jdk.internal.classfile.impl.StackMapDecoder$ObjectVerificationTypeInfoImpl::className (5 bytes)
146  666       1       java.util.ImmutableCollections$List12::isEmpty (2 bytes)
147  422       3       java.util.LinkedHashMap$LinkedHashIterator::nextNode (68 bytes)   made not entrant: not used
147  671       4       java.util.HashMap::getNode (150 bytes)
147  672       3       java.util.LinkedHashMap::entrySet (5 bytes)
147  673       3       java.util.LinkedHashMap::sequencedEntrySet (31 bytes)
147  675       3       jdk.jfr.internal.Type::getKnownType (65 bytes)
147  674       3       java.lang.Class::getInterfaces (40 bytes)
148  677       3       java.lang.PublicMethods$MethodList::<init> (10 bytes)
148  678       3       jdk.jfr.internal.Type::getTypeId (21 bytes)
148  679       3       jdk.jfr.AnnotationElement::getTypeId (8 bytes)
148  680       3       java.util.LinkedHashMap$LinkedEntrySet::iterator (16 bytes)
148  681       3       java.util.LinkedHashMap$LinkedEntryIterator::<init> (14 bytes)
149  682       3       jdk.jfr.AnnotationElement::getTypeName (8 bytes)
149  683       1       jdk.jfr.ValueDescriptor::getName (5 bytes)
149  685       3       java.lang.StringLatin1::indexOf (121 bytes)
149  687     n 0       jdk.internal.misc.Unsafe::putByte (native)   
149  688       3       jdk.jfr.internal.EventControl::remove (76 bytes)
149  691       3       java.util.Collections$UnmodifiableCollection::iterator (9 bytes)
150  694       3       jdk.jfr.internal.AnnotationConstruct::getAnnotationElement (127 bytes)
150  692       3       java.util.Collections$UnmodifiableCollection$1::<init> (31 bytes)
150  693       4       java.lang.String::coder (15 bytes)
150  689       3       java.util.Arrays::copyOf (33 bytes)
150   18       3       java.lang.String::coder (15 bytes)   made not entrant: not used
150  676       4       java.lang.Object::equals (11 bytes)
150  696       1       jdk.jfr.internal.PlatformEventType::hasPeriod (5 bytes)
151  113       3       java.lang.Object::equals (11 bytes)   made not entrant: not used
151  686       4       java.util.LinkedHashMap$LinkedEntryIterator::next (5 bytes)
151  697       1       java.util.Collections$EmptyList::isEmpty (2 bytes)
151  698       1       jdk.jfr.AnnotationElement::getValues (5 bytes)
151  699       3       jdk.jfr.internal.Type::hasAnnotation (17 bytes)
151  430       3       java.util.LinkedHashMap$LinkedEntryIterator::next (5 bytes)   made not entrant: not used
151  695   !   4       java.util.ImmutableCollections$ListItr::next (34 bytes)
151  700       3       java.lang.AbstractStringBuilder::ensureCapacityNewCoder (125 bytes)
151  701       3       java.util.Collections::emptyList (4 bytes)
152  702       3       java.lang.StringBuilder::<init> (7 bytes)
152  703       3       jdk.internal.util.DecimalDigits::uncheckedPutCharLatin1 (40 bytes)
152  705       3       jdk.internal.util.ArraysSupport::newLength (27 bytes)
152  706       3       jdk.jfr.internal.Type::setAnnotations (9 bytes)
152  707       3       jdk.jfr.internal.AnnotationConstruct::setAnnotationElements (9 bytes)
152  704       1       jdk.jfr.internal.PlatformEventType::isJVM (5 bytes)
152  603   !   3       java.util.ImmutableCollections$ListItr::next (34 bytes)   made not entrant: not used
152  684       4       jdk.jfr.internal.PrivateAccess::getInstance (15 bytes)
152  708       1       jdk.jfr.internal.PlatformEventType::setHasCutoff (6 bytes)
153  715       3       java.lang.AbstractStringBuilder::<init> (39 bytes)
153  507       3       jdk.jfr.internal.PrivateAccess::getInstance (15 bytes)   made not entrant: not used
153  690       4       java.util.ImmutableCollections$AbstractImmutableList::iterator (13 bytes)
153  709       1       jdk.jfr.internal.PlatformEventType::setHasThrottle (6 bytes)
153  710       1       jdk.jfr.internal.PlatformEventType::setHasLevel (6 bytes)
153  711       1       jdk.jfr.internal.PlatformEventType::setHasPeriod (6 bytes)
153  712       1       jdk.jfr.internal.PlatformEventType::hasCutoff (5 bytes)
153  713       1       jdk.jfr.internal.PlatformEventType::hasThrottle (5 bytes)
153  716       3       java.lang.String::indexOf (64 bytes)
153  719     n 0       jdk.internal.misc.Unsafe::getLongVolatile (native)   
153  717       3       java.lang.StringLatin1::indexOf (25 bytes)
154  714       1       jdk.jfr.internal.PlatformEventType::hasLevel (5 bytes)
154  578       3       java.util.ImmutableCollections$AbstractImmutableList::iterator (13 bytes)   made not entrant: not used
154  718       4       jdk.jfr.internal.Type::getKnownType (65 bytes)
154  721       3       java.lang.Module::isNamed (13 bytes)
154  722       3       sun.reflect.annotation.AnnotationParser::parseSig (62 bytes)
155  725     n 0       java.lang.Double::longBitsToDouble (native)   (static)
155  728       3       jdk.internal.classfile.impl.DirectCodeBuilder::curPc (8 bytes)
155  723       3       sun.reflect.generics.parser.SignatureParser::make (8 bytes)
155  730       3       jdk.internal.classfile.impl.SplitConstantPool::nameAndTypeEntry (7 bytes)
155  732       3       jdk.internal.classfile.impl.StackCounter::next (68 bytes)
156  733       3       jdk.internal.classfile.impl.RawBytecodeHelper::reset (20 bytes)
156  734       3       java.util.Arrays::equals (57 bytes)
156  675       3       jdk.jfr.internal.Type::getKnownType (65 bytes)   made not entrant: not used
156  724       4       sun.reflect.generics.parser.SignatureParser::current (59 bytes)
156  726       3       java.lang.classfile.constantpool.ConstantPoolBuilder::nameAndTypeEntry (21 bytes)
156  727       3       java.util.ImmutableCollections$List12::<init> (21 bytes)
156  731       3       jdk.internal.classfile.impl.SplitConstantPool::nameAndTypeEntry (60 bytes)
157  735       3       java.lang.Class::privateGetDeclaredMethods (56 bytes)
157  398       3       sun.reflect.generics.parser.SignatureParser::current (59 bytes)   made not entrant: not used
157  720       4       java.util.ArrayList$Itr::hasNext (20 bytes)
157  741       3       jdk.internal.classfile.impl.AbstractPoolEntry$AbstractRefsEntry::writeTo (27 bytes)
157  448       3       java.util.ArrayList$Itr::hasNext (20 bytes)   made not entrant: not used
157  729       4       jdk.internal.classfile.impl.SplitConstantPool::map (161 bytes)
157  739       3       jdk.internal.classfile.impl.AbstractPoolEntry$AbstractMemberRefEntry::nameAndType (5 bytes)
157  740       3       jdk.internal.classfile.impl.AbstractPoolEntry$AbstractMemberRefEntry::nameAndType (8 bytes)
157  744       3       jdk.internal.reflect.ConstantPool::getUTF8At (10 bytes)
157  738       3       jdk.internal.classfile.impl.BufWriterImpl::skip (22 bytes)
158  736       3       jdk.internal.classfile.impl.AbstractPoolEntry$NameAndTypeEntryImpl::<init> (12 bytes)
158  746       3       jdk.internal.classfile.impl.DirectCodeBuilder::aload (32 bytes)
158  748       3       jdk.internal.classfile.impl.AbstractPoolEntry$ClassEntryImpl::hashCode (37 bytes)
158  750       3       java.lang.reflect.Array::newInstance (6 bytes)
158  737       3       jdk.internal.classfile.impl.BufWriterImpl::cpIndexOrZero (21 bytes)
159  749       3       jdk.internal.classfile.impl.Util::slotSize (24 bytes)
159  747       3       jdk.internal.classfile.impl.AbstractDirectBuilder::writeAttribute (20 bytes)
159  752       3       jdk.internal.classfile.impl.AbstractPoolEntry$AbstractRefEntry::<init> (24 bytes)
159  173       3       jdk.internal.classfile.impl.SplitConstantPool::map (161 bytes)   made not entrant: not used
159  743       4       sun.reflect.generics.parser.SignatureParser::advance (53 bytes)
159  745       3       java.lang.invoke.Invokers$Holder::linkToTargetMethod (8 bytes)
159  584       4       java.util.HashMap::put (13 bytes)   made not entrant: uncommon trap
159  754       3       jdk.internal.classfile.impl.SplitConstantPool::entryByIndex (11 bytes)
159  409       3       sun.reflect.generics.parser.SignatureParser::advance (53 bytes)   made not entrant: not used
159  751       4       java.lang.CharacterDataLatin1::isWhitespace (23 bytes)
159  756       3       jdk.internal.classfile.impl.SplitConstantPool::utf8Entry (25 bytes)
160  753       3       java.lang.StringConcatHelper::prepend (62 bytes)
160  412       3       java.lang.CharacterDataLatin1::isWhitespace (23 bytes)   made not entrant: not used
160  760       4       jdk.internal.classfile.impl.SplitConstantPool::entryByIndex (59 bytes)
160  757       3       jdk.internal.constant.MethodTypeDescImpl::descriptorString (16 bytes)
160  758       3       jdk.internal.classfile.impl.DirectMethodBuilder::methodTypeSymbol (8 bytes)
160  761       3       java.lang.Class::forName (8 bytes)
160  742       1       jdk.internal.classfile.impl.AbstractPoolEntry$FieldRefEntryImpl::tag (3 bytes)
160  755       1       java.lang.Boolean::booleanValue (5 bytes)
160  762       3       sun.reflect.annotation.AnnotationInvocationHandler::invoke (182 bytes)
161  295       3       jdk.internal.classfile.impl.SplitConstantPool::entryByIndex (59 bytes)   made not entrant: not used
161  718       4       jdk.jfr.internal.Type::getKnownType (65 bytes)   made not entrant: uncommon trap
161  763       3       java.lang.Module::implIsExportedOrOpen (92 bytes)
161  764     n 0       java.lang.invoke.MethodHandle::linkToStatic(IL)L (native)   (static)
161  759       1       jdk.internal.constant.PrimitiveClassDescImpl::descriptorString (5 bytes)
161  765     n 0       java.lang.invoke.MethodHandle::invokeBasic(L)I (native)   
162  766     n 0       java.lang.invoke.MethodHandle::linkToSpecial(LLL)I (native)   (static)
162  767       3       java.lang.invoke.LambdaForm::argument (27 bytes)
162  768     n 0       java.lang.invoke.MethodHandle::linkToStatic(LLLLLL)L (native)   (static)
162  769   !   3       java.lang.invoke.MemberName$Factory::resolve (159 bytes)
162  774     n 0       java.lang.invoke.MethodHandle::invokeBasic(LLLLL)L (native)   
163  773       3       java.lang.invoke.LambdaForm$Name::<init> (126 bytes)
163  771       3       java.lang.Class::isInterface (8 bytes)
163  772       3       java.lang.reflect.Modifier::isInterface (14 bytes)
163  770       3       java.lang.invoke.MethodType::genericMethodType (95 bytes)
163  776       3       java.lang.invoke.DirectMethodHandle::internalMemberName (8 bytes)
164  779       3       java.util.LinkedHashMap::get (29 bytes)
164  780       3       jdk.jfr.internal.Type::getKnownType (65 bytes)
164  777       3       sun.reflect.annotation.AnnotationType::getInstance (65 bytes)
164  778       3       java.lang.System$1::getAnnotationType (5 bytes)
164  775       3       java.lang.invoke.LambdaForm$BasicType::basicType (187 bytes)
165  783       3       jdk.internal.util.StrongReferenceKey::equals (28 bytes)
165  785       3       java.lang.Class::getReflectionFactory (18 bytes)
165  786       3       java.lang.reflect.AccessibleObject::<init> (5 bytes)
165  781       3       java.lang.invoke.LambdaForm$BasicType::basicType (8 bytes)
165  782       3       sun.invoke.util.Wrapper::basicTypeChar (18 bytes)
165  787       3       jdk.internal.classfile.impl.SplitConstantPool::utf8Entry (6 bytes)
165  788       3       java.lang.AbstractStringBuilder::append (102 bytes)
165  792       4       jdk.internal.constant.MethodTypeDescImpl::parameterCount (6 bytes)
166  789       3       jdk.internal.constant.ConstantUtils::referenceClassDesc (20 bytes)
166  554       3       jdk.internal.constant.MethodTypeDescImpl::parameterCount (6 bytes)   made not entrant: not used
166  795       3       java.lang.reflect.Executable::<init> (5 bytes)
166  790       3       jdk.internal.classfile.impl.DirectCodeBuilder::with (9 bytes)
166  796       4       java.util.HashMap::put (13 bytes)
166  797       3       jdk.internal.reflect.ReflectionFactory::copyMethod (11 bytes)
166  798       3       java.lang.reflect.ReflectAccess::copyMethod (5 bytes)
166  801       3       java.util.List::of (4 bytes)
166  799       3       java.lang.reflect.Method::copy (92 bytes)
167  791       3       jdk.internal.classfile.impl.DirectCodeBuilder::with (33 bytes)
167  800       3       java.lang.reflect.Method::<init> (68 bytes)
167  793       1       jdk.internal.classfile.impl.StackCounter::maxStack (5 bytes)
167  804       3       java.lang.PublicMethods$MethodList::filter (104 bytes)
167  803       3       java.lang.Class::getMethodsRecursive (104 bytes)
168  802       3       java.lang.invoke.LambdaForm::uncustomize (57 bytes)
168  794       1       jdk.internal.classfile.impl.StackCounter::maxLocals (5 bytes)
168  784       1       java.lang.invoke.DirectMethodHandle::internalMemberName (5 bytes)
168  598       3       jdk.jfr.EventSettings$InternalAccess::getType (98 bytes)   made not entrant: C1 deoptimize for patching
168  806       3       jdk.internal.loader.AbstractClassLoaderValue::<init> (5 bytes)
169  807       1       java.lang.reflect.Method::getRoot (5 bytes)
169  808     n 0       jdk.internal.reflect.Reflection::getCallerClass (native)   (static)
169  809       3       java.lang.WeakPairMap::get (17 bytes)
169  810       3       java.lang.Class::isAnnotation (17 bytes)
169  812       3       java.lang.Class::getMethod (38 bytes)
170  813       3       java.lang.Class::getMethod0 (32 bytes)
170  815       3       java.lang.invoke.LambdaForm$Holder::constant_L (8 bytes)
170  814       3       java.lang.Module::isExplicitlyExportedOrOpened (70 bytes)
170  816       3       sun.reflect.generics.parser.SignatureParser::parseFieldTypeSignature (6 bytes)
170  819       3       jdk.internal.classfile.impl.SplitConstantPool::methodRefEntry (72 bytes)
171  821       3       jdk.internal.classfile.impl.AbstractPoolEntry$MethodRefEntryImpl::<init> (12 bytes)
171  811       3       jdk.internal.loader.AbstractClassLoaderValue::sub (10 bytes)
171  817       3       sun.reflect.generics.parser.SignatureParser::parseFieldTypeSignature (73 bytes)
171  825       3       java.lang.WeakPairMap$Pair$Lookup::hashCode (12 bytes)
171  820       3       jdk.internal.constant.ClassOrInterfaceDescImpl::equals (33 bytes)
171  827       3       sun.reflect.generics.parser.SignatureParser::parseTypeSignature (130 bytes)
172  828       3       java.lang.WeakPairMap$Pair$Weak::first (5 bytes)
172  824       1       java.util.Collections$EmptyMap::get (2 bytes)
172  831     n 0       java.lang.Class::getConstantPool (native)   
172  829       3       java.lang.Class::annotationData (44 bytes)
172  830       3       java.lang.invoke.Invokers$Holder::invokeExact_MT (23 bytes)
172  835       3       sun.reflect.generics.parser.SignatureParser::parsePackageNameAndSimpleClassTypeSignature (119 bytes)
173  839       3       jdk.internal.classfile.impl.DirectCodeBuilder::setLabelTarget (47 bytes)
173  836       3       jdk.internal.reflect.ReflectionFactory::getExecutableSharedParameterTypes (11 bytes)
173  837       3       java.lang.reflect.ReflectAccess::getExecutableSharedParameterTypes (5 bytes)
173  832       3       java.lang.invoke.LambdaForm$MH/0x000001fe01041000::invoke (25 bytes)
173  833       3       java.lang.invoke.DirectMethodHandle$Holder::invokeSpecial (15 bytes)
173  818       4       java.util.HashMap::putVal (300 bytes)
173  838       3       java.lang.ref.Reference::<init> (25 bytes)
173  840       3       java.lang.invoke.LambdaForm$MH/0x000001fe01041400::invoke (35 bytes)
174  822       1       jdk.internal.classfile.impl.BufWriterImpl::labelContext (5 bytes)
174  823       1       jdk.internal.classfile.impl.DirectCodeBuilder::methodInfo (5 bytes)
174  842       3       sun.invoke.util.VerifyAccess::isSamePackage (37 bytes)
174  843       1       java.lang.reflect.Field::getType (5 bytes)
174  844       3       java.util.List::of (9 bytes)
174  846  s    3       jdk.jfr.internal.TypeLibrary::createAnnotation (103 bytes)
175  847       3       java.lang.reflect.Modifier::isPrivate (12 bytes)
175  852       3       java.lang.PublicMethods$MethodList::getMostSpecific (63 bytes)
175  854       3       java.lang.WeakPairMap$Pair::equals (34 bytes)
175  857       3       java.lang.WeakPairMap$Pair$Lookup::equals (31 bytes)
176  851       3       java.lang.Class::getAnnotation (22 bytes)
176  855       3       java.lang.Module::isReflectivelyExportedOrOpened (182 bytes)
177  858       3       java.lang.WeakPairMap$Pair$Weak::second (8 bytes)
177  853       3       java.nio.HeapByteBuffer::get (14 bytes)
177  859   !   3       java.lang.reflect.Executable::declaredAnnotations (85 bytes)
177  849       1       java.lang.reflect.Field::getModifiers (5 bytes)
177  860       3       java.lang.invoke.Invokers::maybeCustomize (5 bytes)
177  861       3       java.lang.invoke.MethodHandle::maybeCustomize (38 bytes)
178  850       1       java.lang.reflect.Field::getName (5 bytes)
178  864       3       jdk.jfr.internal.TypeLibrary$$Lambda/0x000001fe010359d0::test (8 bytes)
178  865       3       jdk.jfr.internal.TypeLibrary::lambda$addTypes$0 (24 bytes)
178  866       3       jdk.internal.loader.BootLoader::getClassLoaderValueMap (4 bytes)
178  863       3       java.lang.String::substring (10 bytes)
178  867       3       jdk.internal.loader.AbstractClassLoaderValue::extractValue (17 bytes)
178  868       3       java.lang.StringLatin1::lastIndexOf (40 bytes)
178  869   !   3       jdk.internal.loader.AbstractClassLoaderValue::computeIfAbsent (113 bytes)
179  880       3       jdk.internal.classfile.impl.AttributeHolder::withAttribute (124 bytes)
179  878       3       java.lang.WeakPairMap$Pair::lookup (10 bytes)
179  879       3       java.lang.WeakPairMap$Pair$Lookup::<init> (21 bytes)
180  872       3       sun.reflect.generics.tree.SimpleClassTypeSignature::<init> (20 bytes)
180  873       3       sun.reflect.generics.parser.SignatureParser::parseClassTypeSignatureSuffix (29 bytes)
180  408       3       java.util.HashMap::putVal (300 bytes)   made not entrant: not used
180  834       4       java.lang.StringLatin1::replace (197 bytes)
180  874       3       sun.reflect.generics.tree.ClassTypeSignature::make (9 bytes)
180  875       3       sun.reflect.generics.tree.ClassTypeSignature::<init> (10 bytes)
180  876       3       sun.reflect.generics.tree.ClassTypeSignature::accept (8 bytes)
180  877       3       sun.reflect.generics.visitor.Reifier::visitClassTypeSignature (381 bytes)
181  870       3       jdk.jfr.internal.TypeLibrary::shouldPersist (21 bytes)
181  871       3       java.lang.reflect.AccessibleObject::checkCanSetAccessible (9 bytes)
181  884       3       sun.reflect.generics.tree.SimpleClassTypeSignature::make (11 bytes)
181  882       3       java.lang.classfile.TypeKind::fromDescriptor (232 bytes)
182  886       3       java.util.ArrayList::remove (76 bytes)
182  885       3       java.lang.reflect.Proxy::newProxyInstance (17 bytes)
182  889  s    3       jdk.jfr.internal.TypeLibrary::createAnnotationType (148 bytes)
183  890       1       java.lang.reflect.Field::getDeclaringClass (5 bytes)
183  887       3       java.util.ArrayList::fastRemove (44 bytes)
184  881       3       jdk.internal.classfile.impl.DirectCodeBuilder::fieldAccess (14 bytes)
184  891       3       java.lang.AbstractStringBuilder::newCapacity (49 bytes)
184  888       1       java.util.Collections$SingletonList::size (2 bytes)
184  883       1       jdk.internal.classfile.impl.UnboundAttribute$UnboundExceptionsAttribute::exceptions (5 bytes)
185  892       3       java.lang.Boolean::valueOf (14 bytes)
185  893       3       java.lang.invoke.DirectMethodHandle$Holder::invokeSpecial (14 bytes)
185  895       3       jdk.jfr.internal.util.Utils::findField (44 bytes)
186  896       3       jdk.internal.loader.AbstractClassLoaderValue$Sub::hashCode (19 bytes)
186  861       3       java.lang.invoke.MethodHandle::maybeCustomize (38 bytes)   made not entrant: C1 deoptimize for patching
186  897       3       jdk.internal.module.Modules::addExports (12 bytes)
186  900       3       java.lang.invoke.LambdaForm$Name::withIndex (35 bytes)
186  898       3       java.lang.System$1::addExports (7 bytes)
186  899       3       java.lang.Module::implAddExports (9 bytes)
186  894       3       jdk.jfr.internal.Type::getField (68 bytes)
187  901       3       java.util.HashMap::putMapEntries (170 bytes)
187  903       3       jdk.internal.classfile.impl.BufWriterImpl::writeU2U2 (61 bytes)
187  902       1       sun.invoke.util.Wrapper::basicClassDescriptor (5 bytes)
188  904       3       java.lang.invoke.MethodHandle::maybeCustomize (38 bytes)
188  905   !   3       sun.reflect.annotation.AnnotationParser::parseAnnotation2 (275 bytes)
188  315       3       java.lang.StringLatin1::replace (197 bytes)   made not entrant: not used
188  862       4       java.util.HashMap::hash (20 bytes)
188   82       3       java.util.HashMap::hash (20 bytes)   made not entrant: not used
188  856       4       java.lang.String::toString (2 bytes)
189  908       3       jdk.internal.classfile.impl.StackMapGenerator$Frame::checkStack (96 bytes)
189  337       3       java.lang.String::toString (2 bytes)   made not entrant: not used
189  845       4       java.lang.Long::hashCode (8 bytes)
189  620       3       java.lang.Long::hashCode (8 bytes)   made not entrant: not used
189  848       4       java.lang.Long::valueOf (40 bytes)
189  909       3       jdk.internal.classfile.impl.StackMapGenerator$Frame::pushStack (27 bytes)
189  906   !   3       jdk.proxy1.$Proxy5::annotationType (28 bytes)
189  907       3       java.lang.invoke.MethodType::parameterSlotCount (8 bytes)
189  910       3       java.lang.reflect.Method::getRoot (5 bytes)
190  911   !   3       java.lang.reflect.Field::declaredAnnotations (82 bytes)
190  621       3       java.lang.Long::valueOf (40 bytes)   made not entrant: not used
190  826       4       jdk.jfr.EventSettings$InternalAccess::getType (98 bytes)
190  913       4       java.util.HashMap::containsKey (14 bytes)
190  914       3       java.lang.AbstractStringBuilder::<init> (68 bytes)
191  915       3       java.lang.StringBuilder::append (6 bytes)
191  916   !   3       sun.reflect.generics.factory.CoreReflectionFactory::makeNamedType (21 bytes)
191  917       3       sun.reflect.generics.factory.CoreReflectionFactory::getDeclsLoader (87 bytes)
191  919       3       jdk.jfr.internal.TypeLibrary::isDefined (16 bytes)
191  918       3       sun.reflect.generics.parser.SignatureParser::parseClassTypeSignature (95 bytes)
192  923       3       jdk.jfr.internal.TypeLibrary::getType (19 bytes)
192  922       3       java.lang.String::contains (19 bytes)
192  921       3       java.lang.reflect.AccessibleObject::setAccessible0 (7 bytes)
192  924       3       java.lang.reflect.AccessibleObject::checkCanSetAccessible (195 bytes)
193  925       3       java.lang.reflect.Constructor::newInstance (34 bytes)
193  926       3       java.lang.reflect.Constructor::newInstanceWithCaller (51 bytes)
193  927   !   3       jdk.internal.reflect.DirectConstructorHandleAccessor::newInstance (130 bytes)
193  933     n 0       java.lang.invoke.MethodHandle::invokeBasic(I)V (native)   
194  124       3       java.util.HashMap::containsKey (14 bytes)   made not entrant: not used
194  805       4       java.util.ArrayList::add (25 bytes)
194  928       3       jdk.internal.reflect.DirectConstructorHandleAccessor::invokeImpl (103 bytes)
194  469       3       java.io.DataInputStream::readUTF (601 bytes)   made not entrant: marked for deoptimization
194  929       3       java.lang.reflect.Proxy::getProxyConstructor (63 bytes)
195  930   !   3       java.lang.reflect.Proxy::newProxyInstance (62 bytes)
195  937     n 0       java.lang.invoke.MethodHandle::linkToSpecial(LL)J (native)   (static)
195  932       3       java.lang.Module::implAddExportsOrOpens (279 bytes)
196  283       3       java.util.ArrayList::add (25 bytes)   made not entrant: not used
196  920       4       java.util.ArrayList$Itr::next (66 bytes)
196  615       3       jdk.jfr.internal.TypeLibrary::visitAnnotations (92 bytes)   made not entrant: marked for deoptimization
196  732       3       jdk.internal.classfile.impl.StackCounter::next (68 bytes)   made not entrant: marked for deoptimization
196  557       3       java.util.Comparator$$Lambda/0x000001fe0102bee8::compare (10 bytes)   made not entrant: marked for deoptimization
196  558       3       java.util.Comparator::lambda$comparingLong$6043328a$1 (18 bytes)   made not entrant: marked for deoptimization
196  936       3       java.lang.invoke.MethodType::equals (27 bytes)
197  455       3       java.util.ArrayList$Itr::next (66 bytes)   made not entrant: not used
197  841       4       java.lang.Long::equals (32 bytes)
197  931       3       jdk.internal.loader.AbstractClassLoaderValue$Sub::equals (55 bytes)
197  935       3       sun.invoke.util.Wrapper::forPrimitiveType (122 bytes)
197  626       3       java.lang.Long::equals (32 bytes)   made not entrant: not used
197  912       4       java.lang.Number::<init> (5 bytes)
197  939       3       sun.nio.fs.UnixPath::checkNotNul (16 bytes)
198  938       3       java.lang.invoke.MemberName::isStatic (8 bytes)
198  934       1       java.lang.invoke.LambdaForm$Name::index (5 bytes)
198  940     n 0       java.lang.invoke.MethodHandle::linkToStatic(LLL)V (native)   (static)
198  941       1       java.lang.invoke.LambdaForm$BasicType::basicTypeKind (5 bytes)
198  942       3       jdk.internal.classfile.impl.BufWriterImpl::writeInt (58 bytes)
198  943       3       jdk.internal.classfile.impl.AbstractPoolEntry$Utf8EntryImpl::clone (6 bytes)
198  944       3       jdk.internal.classfile.impl.AbstractPoolEntry$Utf8EntryImpl::clone (65 bytes)
199  945       3       jdk.internal.classfile.impl.Util::powerOctal (21 bytes)
199  946       1       jdk.jfr.internal.Type::isVisible (5 bytes)
199  947       3       jdk.jfr.internal.Type::compareTo (9 bytes)
199  948       3       jdk.jfr.internal.Type::compareTo (12 bytes)
199  949       3       java.lang.invoke.MethodTypeForm::canonicalizeAll (63 bytes)
199  950       3       jdk.internal.classfile.impl.StackMapGenerator$Frame::decStack (29 bytes)
200  848       4       java.lang.Long::valueOf (40 bytes)   made not entrant: uncommon trap
200  951       3       java.lang.Boolean::toString (8 bytes)
200  955       3       java.lang.Long::valueOf (40 bytes)
200  953       3       jdk.internal.util.DecimalDigits::stringSize (55 bytes)
200  954       3       jdk.internal.util.DecimalDigits::uncheckedGetCharsLatin1 (160 bytes)
200  956       3       jdk.internal.util.DecimalDigits::uncheckedPutPairLatin1 (31 bytes)
201  959       3       jdk.jfr.internal.MetadataDescriptor$Element::addAttribute (23 bytes)
201  962       4       java.util.Arrays::copyOf (10 bytes)
201  960       3       jdk.jfr.internal.MetadataDescriptor$Attribute::<init> (15 bytes)
201  957       3       java.lang.String::valueOf (15 bytes)
201  958       3       java.util.Collections::unmodifiableList (51 bytes)
201  952       3       java.lang.String::valueOf (14 bytes)
201  961       3       java.lang.Long::toString (55 bytes)
201  965       3       jdk.jfr.internal.MetadataDescriptor$Element::newChild (22 bytes)
202  969       3       jdk.jfr.internal.MetadataWriter::makeAnnotation (115 bytes)
202  489       3       java.util.Arrays::copyOf (10 bytes)   made not entrant: not used
202  963       4       jdk.jfr.AnnotationElement::getTypeId (8 bytes)
202  964       3       jdk.jfr.internal.MetadataDescriptor$Element::<init> (32 bytes)
202  679       3       jdk.jfr.AnnotationElement::getTypeId (8 bytes)   made not entrant: not used
202  968       4       java.lang.String::<init> (15 bytes)
202  966       3       java.lang.Long::toString (8 bytes)
203  970       3       jdk.jfr.AnnotationElement::getValueDescriptors (11 bytes)
203  179       3       java.lang.String::<init> (15 bytes)   made not entrant: not used
203  973       4       jdk.internal.util.DecimalDigits::uncheckedPutCharLatin1 (40 bytes)
203  975       3       jdk.jfr.internal.MetadataWriter::makeFieldElement (114 bytes)
203  703       3       jdk.internal.util.DecimalDigits::uncheckedPutCharLatin1 (40 bytes)   made not entrant: not used
203  974       4       java.util.Collections$UnmodifiableCollection$1::hasNext (10 bytes)
203  967       1       jdk.jfr.ValueDescriptor::isConstantPool (5 bytes)
203  971       3       java.lang.AbstractStringBuilder::ensureCapacitySameCoder (26 bytes)
204  611       3       java.util.Collections$UnmodifiableCollection$1::hasNext (10 bytes)   made not entrant: not used
204  972       4       java.util.ArrayList::<init> (12 bytes)
204  976       3       jdk.jfr.ValueDescriptor::getTypeId (8 bytes)
204  977       3       jdk.jfr.EventSettings$InternalAccess::isConstantPool (5 bytes)
204  486       3       java.util.ArrayList::<init> (12 bytes)   made not entrant: not used
204  980       4       java.lang.String::getBytes (44 bytes)
204  978       1       jdk.jfr.SettingDescriptor::getName (5 bytes)
204  979       1       jdk.jfr.SettingDescriptor::getDefaultValue (5 bytes)
204  981       3       jdk.internal.util.DecimalDigits::stringSize (47 bytes)
204  983       3       jdk.jfr.SettingDescriptor::getTypeId (8 bytes)
204  986       3       java.util.ArrayList::elementAt (4 bytes)
204  982       1       jdk.jfr.internal.Type::getSuperType (5 bytes)
205   67       3       java.lang.String::getBytes (44 bytes)   made not entrant: not used
205  985       4       jdk.jfr.internal.MetadataDescriptor$Element::addAttribute (23 bytes)
205  988       3       jdk.jfr.SettingDescriptor::getAnnotationElements (8 bytes)
205  990       3       jdk.jfr.internal.MetadataWriter::makeTypeElement (210 bytes)
206  998       1       jdk.jfr.internal.MetadataDescriptor$Attribute::name (5 bytes)
206 1000       3       jdk.jfr.internal.MetadataWriter::buildStringPool (109 bytes)
206  991       3       jdk.internal.util.DecimalDigits::uncheckedGetCharsLatin1 (105 bytes)
206  992       3       jdk.jfr.internal.MetadataWriter$$Lambda/0x000001fe0103f3a0::accept (12 bytes)
206  993       3       jdk.jfr.internal.util.Utils::isSettingVisible (45 bytes)
206  994       3       jdk.jfr.internal.settings.ThresholdSetting::isType (14 bytes)
207  995       3       java.lang.StringBuilder::append (8 bytes)
207  996       3       java.lang.AbstractStringBuilder::append (72 bytes)
207  999       1       jdk.jfr.internal.MetadataDescriptor$Attribute::value (5 bytes)
207 1003  s    3       java.io.ByteArrayOutputStream::write (32 bytes)
207  959       3       jdk.jfr.internal.MetadataDescriptor$Element::addAttribute (23 bytes)   made not entrant: not used
207  997       4       java.util.HashSet::add (20 bytes)
207 1005       3       java.io.DataOutputStream::incCount (20 bytes)
207 1006  s    3       java.io.DataOutputStream::write (14 bytes)
207 1007       3       jdk.jfr.internal.MetadataWriter::writeInt (148 bytes)
208 1004       3       java.io.ByteArrayOutputStream::ensureCapacity (32 bytes)
208 1009       3       jdk.jfr.internal.MetadataWriter::writeString (67 bytes)
208 1010       3       java.lang.Integer::valueOf (32 bytes)
208 1011       3       java.io.DataOutputStream::writeByte (14 bytes)
208 1015       3       java.lang.Integer::<init> (10 bytes)
209 1008       1       jdk.jfr.internal.consumer.StringParser$Encoding::byteValue (5 bytes)
210 1018       1       java.lang.Integer::intValue (5 bytes)
210 1019       3       jdk.jfr.internal.MetadataWriter::write (168 bytes)
214 1021       3       jdk.jfr.internal.settings.BooleanSetting::parse (28 bytes)
214  116       3       java.util.HashSet::add (20 bytes)   made not entrant: not used
214 1022       3       java.lang.String::startsWith (123 bytes)
214 1017       4       jdk.jfr.internal.MetadataWriter::writeString (67 bytes)
215 1027     n 0       jdk.jfr.internal.JVM::setEnabled (native)   (static)
215 1023       3       jdk.internal.util.ArraysSupport::mismatch (103 bytes)
215 1024       1       jdk.jfr.internal.EventControl$NamedControl::name (5 bytes)
215 1025       1       jdk.jfr.internal.EventControl$NamedControl::control (5 bytes)
215 1026       1       jdk.jfr.internal.settings.BooleanSetting::getValue (5 bytes)
215 1028       1       jdk.jfr.internal.PlatformEventType::isEnabled (5 bytes)
215 1029       1       jdk.jfr.internal.EventControl::getEventType (5 bytes)
215 1032   !   3       jdk.jfr.internal.Control::setValue (69 bytes)
[0.216s][info][jfr,startup] Started recording 1. No limit specified, using maxsize=250MB as default.
[0.216s][info][jfr,startup] 
[0.216s][info][jfr,startup] Use jcmd 1496 JFR.dump name=1 to copy recording data to file.
216 1030       1       jdk.jfr.internal.EventControl::getSettingsId (5 bytes)
216 1031       1       jdk.jfr.internal.EventControl::getNamedControls (5 bytes)
216 1033       3       jdk.jfr.internal.Control::setDefault (24 bytes)
216  834       4       java.lang.StringLatin1::replace (197 bytes)   made not entrant: uncommon trap
216 1034       3       jdk.jfr.internal.Control::apply (25 bytes)
216 1035       1       jdk.jfr.internal.periodic.EventTask::getEventType (5 bytes)
216 1036       1       jdk.jfr.internal.periodic.PeriodicTask::getPeriod (5 bytes)
217 1037       3       Hot::f (14 bytes)
219 1039 %     3       Hot::main @ 4 (34 bytes)
219 1040       3       Hot::main (34 bytes)
228 1009       3       jdk.jfr.internal.MetadataWriter::writeString (67 bytes)   made not entrant: not used
228 1041 %     4       Hot::main @ 4 (34 bytes)
229 1039 %     3       Hot::main @ 4 (34 bytes)   made not entrant: OSR invalidation of lower level
229 1038       4       Hot::f (14 bytes)
229 1037       3       Hot::f (14 bytes)   made not entrant: not used
229 1012  s    4       java.io.ByteArrayOutputStream::write (32 bytes)
230 1003  s    3       java.io.ByteArrayOutputStream::write (32 bytes)   made not entrant: not used
230 1013       4       java.io.ByteArrayOutputStream::ensureCapacity (32 bytes)
231 1004       3       java.io.ByteArrayOutputStream::ensureCapacity (32 bytes)   made not entrant: not used
231 1014  s    4       java.io.DataOutputStream::write (14 bytes)
233 1006  s    3       java.io.DataOutputStream::write (14 bytes)   made not entrant: not used
233 1016       4       jdk.jfr.internal.MetadataWriter::writeInt (148 bytes)
237 1007       3       jdk.jfr.internal.MetadataWriter::writeInt (148 bytes)   made not entrant: not used
237 1020       4       java.util.LinkedHashMap::get (29 bytes)
241  779       3       java.util.LinkedHashMap::get (29 bytes)   made not entrant: not used
241  989       4       java.util.ArrayList::iterator (9 bytes)
242  439       3       java.util.ArrayList::iterator (9 bytes)   made not entrant: not used
242 1001       4       jdk.internal.util.ArraysSupport::hashCodeOfUnsigned (55 bytes)
242  213       3       jdk.internal.util.ArraysSupport::hashCodeOfUnsigned (55 bytes)   made not entrant: not used
243 1002       4       jdk.internal.util.ArraysSupport::vectorizedHashCode (158 bytes)
245  212       3       jdk.internal.util.ArraysSupport::vectorizedHashCode (158 bytes)   made not entrant: not used
245  984       4       jdk.internal.util.DecimalDigits::uncheckedPutPairLatin1 (31 bytes)
245  956       3       jdk.internal.util.DecimalDigits::uncheckedPutPairLatin1 (31 bytes)   made not entrant: not used
245  987       4       java.util.Collections$UnmodifiableCollection$1::next (10 bytes)
246  609       3       java.util.Collections$UnmodifiableCollection$1::next (10 bytes)   made not entrant: not used
780 1041 %     4       Hot::main @ 4 (34 bytes)   made not entrant: uncommon trap
2494822943242782720
782 1042     n 0       jdk.jfr.internal.JVM::getConfiguration (native)   (static)
782 1043       3       jdk.jfr.internal.settings.BooleanSetting::setValue (27 bytes)
782 1047       3       jdk.jfr.internal.settings.EnabledSetting::setValue (6 bytes)
782 1048       3       jdk.jfr.internal.settings.EnabledSetting::apply (32 bytes)
783 1044       3       jdk.jfr.internal.PlatformEventType::setEnabled (126 bytes)
783 1045       3       jdk.jfr.internal.PlatformEventType::updateCommittable (24 bytes)
783 1046       1       jdk.jfr.internal.Control::getDefaultValue (5 bytes)
783 1050       4       java.lang.invoke.MethodType::parameterCount (6 bytes)
783 1049       3       java.lang.invoke.MethodHandles$Lookup::lookupClassOrNull (17 bytes)
784  182       3       java.lang.invoke.MethodType::parameterCount (6 bytes)   made not entrant: not used
784 1051       3       jdk.internal.util.ReferencedKeyMap::entryKey (33 bytes)
784 1053     n 0       java.lang.invoke.MethodHandle::linkToSpecial(LIJLLILL)V (native)   (static)
784 1052       3       jdk.internal.util.WeakReferenceKey::<init> (15 bytes)
785 1054       3       java.lang.invoke.InvokerBytecodeGenerator::classDesc (88 bytes)
785 1056       3       jdk.internal.classfile.impl.Util::writeAttribute (67 bytes)
785 1057     n 0       java.lang.invoke.MethodHandle::linkToStatic(LIL)I (native)   (static)
785 1055       3       java.lang.invoke.LambdaForm$NamedFunction::methodType (28 bytes)
785 1058     n 0       java.lang.invoke.MethodHandle::invokeBasic(LI)I (native)   
785 1059     n 0       java.lang.invoke.MethodHandle::linkToSpecial(LLIL)I (native)   (static)
786 1060       3       java.lang.StringConcatHelper::concat (24 bytes)
786 1061       3       java.lang.StringConcatHelper::stringOf (20 bytes)
786 1062       3       java.lang.StringConcatHelper::concat0 (58 bytes)
786 1063       4       jdk.internal.classfile.impl.AbstractPoolEntry::maybeClone (26 bytes)
787 1064       3       jdk.internal.classfile.impl.UnboundAttribute::<init> (10 bytes)
787 1065       3       jdk.internal.classfile.impl.StackMapGenerator$Type::referenceType (12 bytes)
787 1071       3       jdk.internal.classfile.impl.StackMapGenerator$Type::<init> (20 bytes)
787 1072     n 0       java.lang.invoke.MethodHandle::linkToStatic(LLLIL)L (native)   (static)
787 1067       1       jdk.internal.classfile.impl.BufWriterImpl::getMajorVersion (5 bytes)
787 1068       1       jdk.internal.classfile.impl.RawBytecodeHelper$CodeRange::length (5 bytes)
787 1069       1       jdk.internal.classfile.impl.StackMapGenerator::maxStack (5 bytes)
787 1070       1       jdk.internal.classfile.impl.StackMapGenerator::maxLocals (5 bytes)
787 1073       1       jdk.internal.util.ClassFileDumper::isEnabled (5 bytes)
788 1074       1       java.lang.invoke.LambdaForm$BasicType::basicTypeClass (5 bytes)
788  292       3       jdk.internal.classfile.impl.AbstractPoolEntry::maybeClone (26 bytes)   made not entrant: not used
788 1066       4       java.lang.Record::<init> (5 bytes)
788 1075     n 0       java.lang.invoke.MethodHandle::invokeBasic(LLLI)L (native)   
788  349       3       java.lang.Record::<init> (5 bytes)   made not entrant: not used
788 1076       3       jdk.internal.classfile.impl.Util::isAttributeAllowed (45 bytes)
788 1079       4       java.lang.invoke.MethodType::parameterType (7 bytes)
788 1081     n 0       java.lang.invoke.MethodHandle::linkToStatic(LIL)J (native)   (static)
788 1078       3       jdk.internal.classfile.impl.BufWriterImpl::setLabelContext (11 bytes)
788 1077       3       jdk.internal.classfile.impl.StackMapGenerator$Frame::checkLocal (97 bytes)
788  310       3       java.lang.invoke.MethodType::parameterType (7 bytes)   made not entrant: not used
789 1083     n 0       java.lang.invoke.MethodHandle::invokeBasic(LI)J (native)   
789 1084     n 0       java.lang.invoke.MethodHandle::linkToSpecial(LLIL)J (native)   (static)
789 1080       3       java.lang.invoke.MethodTypeForm::cachedLambdaForm (23 bytes)
789 1082       3       java.lang.invoke.MemberName$Factory::resolveOrFail (83 bytes)
789 1087       4       jdk.internal.classfile.impl.EntryMap::put (186 bytes)
789 1088       3       java.util.Arrays::fill (21 bytes)
789 1089       3       jdk.internal.classfile.impl.StackMapGenerator$Frame::getLocalRawInternal (13 bytes)
789 1085       3       java.lang.invoke.MemberName::<init> (50 bytes)
790 1090       3       jdk.internal.classfile.impl.BufWriterImpl::<init> (39 bytes)
790 1091     n 0       java.lang.invoke.MethodHandle::invokeBasic(IJLLIL)L (native)   
790 1086       1       java.lang.invoke.LambdaForm$Name::type (5 bytes)
790 1092     n 0       java.lang.invoke.MethodHandle::linkToSpecial(LIJLLILL)L (native)   (static)
790 1093       3       jdk.internal.constant.MethodTypeDescImpl::buildDescriptorString (205 bytes)
791  305       3       jdk.internal.classfile.impl.EntryMap::put (186 bytes)   made not entrant: not used
791 1095       4       jdk.internal.classfile.impl.EntryMap::firstToken (50 bytes)
791 1101     n 0       java.lang.invoke.MethodHandle::invokeBasic(L)J (native)   
791 1102     n 0       java.lang.invoke.MethodHandle::linkToSpecial(LLL)J (native)   (static)
791 1094       3       java.lang.StringLatin1::replace (197 bytes)
792  286       3       jdk.internal.classfile.impl.EntryMap::firstToken (50 bytes)   made not entrant: not used
792 1097       3       jdk.internal.classfile.impl.BufWriterImpl::writeU1U1 (39 bytes)
792 1098       3       jdk.internal.constant.MethodTypeDescImpl::ofValidated (27 bytes)
792 1104     n 0       java.lang.invoke.MethodHandle::linkToStatic(LLLLLLLL)L (native)   (static)
792 1099       3       jdk.internal.constant.MethodTypeDescImpl::<init> (15 bytes)
792 1096       3       java.lang.classfile.constantpool.ConstantPoolBuilder::nameAndTypeEntry (21 bytes)
793 1105     n 0       java.lang.invoke.MethodHandle::invokeBasic(LLLLLLL)L (native)   
793 1103       3       java.lang.invoke.LambdaForm::forceInterpretation (14 bytes)
793 1100       1       java.lang.invoke.MethodType::rtype (5 bytes)
793 1106       3       jdk.internal.misc.VM::isSystemDomainLoader (17 bytes)
793 1107       3       jdk.internal.classfile.impl.AbstractPoolEntry$ClassEntryImpl::asSymbol (53 bytes)
793 1109       4       jdk.internal.classfile.impl.RawBytecodeHelper::next (81 bytes)
794 1112     n 0       java.lang.invoke.MethodHandle::linkToStatic(LLLLLLLLL)L (native)   (static)
794 1114     n 0       java.lang.invoke.MethodHandle::invokeBasic(LLLLLLLL)L (native)   
794 1110       3       jdk.internal.classfile.impl.RawBytecodeHelper$CodeRange::start (9 bytes)
794  319       3       jdk.internal.classfile.impl.RawBytecodeHelper::next (81 bytes)   made not entrant: not used
794 1111       3       jdk.internal.classfile.impl.RawBytecodeHelper::<init> (10 bytes)
795 1108       3       jdk.internal.classfile.impl.AbstractPoolEntry$Utf8EntryImpl::charAt (62 bytes)
795 1116       4       jdk.internal.classfile.impl.SplitConstantPool::canWriteDirect (24 bytes)
795 1113       3       java.lang.invoke.MemberName::getMethodOrFieldType (72 bytes)
795  293       3       jdk.internal.classfile.impl.SplitConstantPool::canWriteDirect (24 bytes)   made not entrant: not used
795 1122     n 0       java.lang.invoke.MethodHandle::linkToStatic(LLLLLLLLLL)L (native)   (static)
796 1121       3       jdk.internal.classfile.impl.EntryMap::getIndexByToken (9 bytes)
796 1117       3       java.lang.invoke.LambdaForm$BasicType::basicTypeSlots (8 bytes)
796 1118       3       sun.invoke.util.Wrapper::stackSlots (9 bytes)
796 1115       3       java.lang.classfile.constantpool.MemberRefEntry::type (12 bytes)
796 1123       3       java.lang.invoke.LambdaForm$Name::replaceNames (175 bytes)
796 1124     n 0       java.lang.invoke.MethodHandle::invokeBasic(LLLLLLLLL)L (native)   
796 1119       3       jdk.internal.classfile.impl.DirectCodeBuilder::loadLocal (126 bytes)
797 1125       3       sun.invoke.util.VerifyType::isNullConversion (157 bytes)
797 1126     n 0       java.lang.invoke.MethodHandle::linkToStatic(LIL)L (native)   (static)
797 1127     n 0       java.lang.invoke.MethodHandle::invokeBasic(LI)L (native)   
797 1128     n 0       java.lang.invoke.MethodHandle::linkToSpecial(LLIL)L (native)   (static)
798 1120       1       java.lang.invoke.LambdaForm$BasicType::basicTypeWrapper (5 bytes)
798 1130     n 0       java.lang.invoke.MethodHandle::linkToStatic(LILL)V (native)   (static)
798 1129       3       java.lang.invoke.MemberName::ensureTypeVisible (180 bytes)
798 1131     n 0       java.lang.invoke.MethodHandle::invokeBasic(LIL)V (native)   
798 1132     n 0       java.lang.invoke.MethodHandle::linkToSpecial(LLILL)V (native)   (static)
799 1133       3       java.lang.invoke.LambdaForm::internArgument (85 bytes)
799 1134       3       java.lang.invoke.LambdaForm$NamedFunction::returnType (11 bytes)
799 1135       3       java.lang.invoke.LambdaForm::useCount (107 bytes)
799 1137       3       jdk.internal.classfile.impl.AbstractPoolEntry$Utf8EntryImpl::fieldTypeSymbol (34 bytes)
799  927   !   3       jdk.internal.reflect.DirectConstructorHandleAccessor::newInstance (130 bytes)   made not entrant: C1 deoptimize for patching
799 1136       3       jdk.internal.classfile.impl.StackMapGenerator$Type::equals (54 bytes)
805 1138       4       java.lang.AbstractStringBuilder::needsNewBuffer (33 bytes)
805  161       3       java.lang.AbstractStringBuilder::needsNewBuffer (33 bytes)   made not entrant: not used
807 1139       3       java.lang.invoke.MethodTypeForm::canonicalize (59 bytes)
807 1140       3       jdk.internal.util.ReferencedKeyMap::existingKey (32 bytes)
807 1141       3       jdk.internal.util.ReferencedKeyMap::internKey (57 bytes)
