18    1       3       java.lang.Object::<init> (1 bytes)
19    2       3       java.lang.Byte::toUnsignedInt (6 bytes)
19    3       3       java.lang.String::hashCode (60 bytes)
19    4     n 0       jdk.internal.misc.Unsafe::getReferenceVolatile (native)   
20    6       3       java.util.ImmutableCollections$SetN::probe (56 bytes)
21    5       3       java.lang.Math::floorMod (20 bytes)
21    7       3       java.lang.String::equals (56 bytes)
21    8       3       java.lang.StringLatin1::equals (36 bytes)
21    9       3       java.util.Objects::requireNonNull (14 bytes)
21   12       4       java.lang.Object::<init> (1 bytes)
21   11       3       java.util.Set::of (4 bytes)
21   10       3       java.util.Objects::equals (23 bytes)
21    1       3       java.lang.Object::<init> (1 bytes)   made not entrant: not used
22   15       3       java.lang.module.ModuleDescriptor::modsHashCode (43 bytes)
22   13       3       java.util.AbstractCollection::<init> (5 bytes)
22   17       3       java.lang.String::coder (15 bytes)
22   18     n 0       java.lang.System::arraycopy (native)   (static)
22   16       3       java.util.ImmutableCollections$AbstractImmutableCollection::<init> (5 bytes)
22   14       3       java.util.ImmutableCollections$AbstractImmutableSet::<init> (5 bytes)
22   19       1       java.lang.module.ModuleDescriptor::name (5 bytes)
22   22       4       java.lang.Byte::toUnsignedInt (6 bytes)
23   20       3       java.lang.String::isLatin1 (19 bytes)
23   23       3       java.util.ImmutableCollections$SetN$SetNIterator::hasNext (13 bytes)
23   24     n 0       jdk.internal.misc.Unsafe::compareAndSetLong (native)   
23    2       3       java.lang.Byte::toUnsignedInt (6 bytes)   made not entrant: not used
23   25     n 0       jdk.internal.misc.Unsafe::compareAndSetReference (native)   
23   21       1       java.lang.module.ModuleReference::descriptor (5 bytes)
23   26       3       java.util.concurrent.ConcurrentHashMap::tabAt (21 bytes)
23   29       3       java.util.ImmutableCollections$SetN$SetNIterator::next (90 bytes)
23   27       3       jdk.internal.misc.Unsafe::getReferenceAcquire (7 bytes)
23   28       3       java.lang.String::length (11 bytes)
24   31   !   3       java.util.concurrent.ConcurrentHashMap::putVal (432 bytes)
25   36     n 0       java.lang.invoke.MethodHandle::linkToStatic(L)L (native)   (static)
25   32       3       jdk.internal.util.Preconditions::checkIndex (18 bytes)
25   33       3       java.lang.String::charAt (25 bytes)
25   34       3       java.lang.StringLatin1::charAt (15 bytes)
25   38     n 0       java.lang.Object::hashCode (native)   
26   35       3       java.lang.String::checkIndex (10 bytes)
26   39       1       java.lang.Class::isPrimitive (5 bytes)
26   37       1       java.lang.Enum::ordinal (5 bytes)
26   30       3       java.util.concurrent.ConcurrentHashMap::addCount (280 bytes)
26   40     n 0       java.lang.invoke.MethodHandle::linkToStatic(LLL)L (native)   (static)
26   41     n 0       java.lang.invoke.MethodHandle::linkToStatic(LLLL)L (native)   (static)
27   42     n 0       java.lang.invoke.MethodHandle::invokeBasic()L (native)   
27   43     n 0       java.lang.invoke.MethodHandle::linkToSpecial(LL)L (native)   (static)
28   44       3       java.lang.Enum::<init> (15 bytes)
28   45       3       jdk.internal.util.ArraysSupport::unsignedHashCode (36 bytes)
29   46     n 0       java.lang.invoke.MethodHandle::invokeBasic(L)L (native)   
29   47       1       jdk.internal.util.StrongReferenceKey::get (5 bytes)
29   48     n 0       java.lang.invoke.MethodHandle::linkToSpecial(LLL)L (native)   (static)
29   49     n 0       java.lang.Object::getClass (native)   
29   50       3       java.util.concurrent.ConcurrentHashMap::spread (10 bytes)
29   51     n 0       java.lang.invoke.MethodHandle::linkToStatic(LLLLLLL)L (native)   (static)
30   52     n 0       java.lang.Object::clone (native)   
30   53     n 0       java.lang.invoke.MethodHandle::linkToStatic(LL)I (native)   (static)
30   54       1       java.lang.Class::getClassLoader (5 bytes)
30   55       1       java.lang.invoke.MethodType::returnType (5 bytes)
30   56     n 0       java.lang.invoke.MethodHandle::invokeBasic(LLLLLL)L (native)   
30   57       1       jdk.internal.classfile.impl.AbstractPoolEntry::index (5 bytes)
30   59     n 0       java.lang.invoke.MethodHandle::linkToSpecial(LL)V (native)   (static)
31   58       3       java.util.concurrent.ConcurrentHashMap::putIfAbsent (8 bytes)
31   60       3       java.util.Objects::hashCode (13 bytes)
31   61   !   3       java.lang.ref.ReferenceQueue::poll (44 bytes)
31   63     n 0       java.lang.invoke.MethodHandle::linkToStatic(LLL)I (native)   (static)
31   62       3       jdk.internal.util.ReferencedKeyMap::removeStaleReferences (30 bytes)
31   64     n 0       java.lang.invoke.MethodHandle::linkToSpecial(LLL)V (native)   (static)
31   65       1       java.lang.invoke.MemberName::getDeclaringClass (5 bytes)
32   66       3       java.lang.String::getBytes (44 bytes)
32   68       3       java.lang.invoke.MethodType::hashCode (53 bytes)
32   69       3       java.lang.invoke.MemberName::isInvocable (8 bytes)
32   67       3       java.util.concurrent.ConcurrentHashMap::get (162 bytes)
32   70     n 0       java.lang.invoke.MethodHandle::linkToInterface(LLL)I (native)   (static)
32   71     n 0       java.lang.invoke.MethodHandle::linkToStatic(LL)L (native)   (static)
33   72       3       java.lang.Class::isArray (13 bytes)
33   73       3       java.util.ImmutableCollections$SetN::iterator (9 bytes)
33   74       3       java.util.ImmutableCollections$SetN$SetNIterator::<init> (41 bytes)
33   76       3       java.util.Objects::requireNonNull (15 bytes)
33   77     n 0       java.lang.invoke.MethodHandle::linkToSpecial(LL)I (native)   (static)
33   75       1       java.lang.invoke.MethodType::form (5 bytes)
33   78       3       jdk.internal.util.ReferencedKeyMap::get (10 bytes)
34   79       3       jdk.internal.util.ReferencedKeyMap::getNoCheckStale (22 bytes)
34   80       3       java.util.HashMap::hash (20 bytes)
34   81       1       java.util.stream.FindOps$FindSink::cancellationRequested (5 bytes)
34   82       3       java.util.HashMap::putVal (300 bytes)
35   83       3       java.util.HashMap::newNode (13 bytes)
35   82       3       java.util.HashMap::putVal (300 bytes)   made not entrant: marked for deoptimization
35   84       3       java.util.HashMap::put (13 bytes)
35   87       3       java.util.HashMap::afterNodeInsertion (1 bytes)
35   90       3       java.util.HashMap::putVal (300 bytes)
36   91       3       java.util.HashMap::getNode (150 bytes)
36   85       3       java.util.HashMap$Node::<init> (26 bytes)
36   97       3       java.util.HashMap$HashIterator::nextNode (100 bytes)
37   93       3       java.util.HashMap$HashIterator::hasNext (13 bytes)
37   94       3       java.util.HashMap::get (19 bytes)
37   89       1       java.lang.module.ModuleDescriptor$Requires::name (5 bytes)
37   92       3       java.lang.module.ModuleDescriptor::hashCode (170 bytes)
37  106       4       java.util.HashMap::afterNodeInsertion (1 bytes)
37   88       1       java.lang.module.ModuleDescriptor$Requires::modifiers (5 bytes)
37   87       3       java.util.HashMap::afterNodeInsertion (1 bytes)   made not entrant: not used
37  105       3       java.lang.module.ModuleDescriptor$Exports::isQualified (18 bytes)
37  103       1       java.lang.module.ModuleDescriptor$Exports::source (5 bytes)
38  104       1       java.lang.module.ModuleDescriptor$Exports::targets (5 bytes)
38  109       4       java.lang.String::hashCode (60 bytes)
38  102       1       java.util.ImmutableCollections$Set12::isEmpty (2 bytes)
38  100       3       jdk.internal.module.ModuleReferenceImpl::hashCode (56 bytes)
38  107       3       java.util.ImmutableCollections$SetN::isEmpty (13 bytes)
38   96       1       java.lang.module.ModuleDescriptor::isAutomatic (5 bytes)
38  108       3       java.util.HashMap::putIfAbsent (13 bytes)
38  110       3       java.util.ImmutableCollections$Set12::contains (28 bytes)
39    3       3       java.lang.String::hashCode (60 bytes)   made not entrant: not used
39  111       3       java.lang.Object::equals (11 bytes)
39  118       4       java.util.Objects::requireNonNull (14 bytes)
39  113       3       java.util.ImmutableCollections$SetN::contains (26 bytes)
39  112       3       java.util.HashMap$KeyIterator::next (8 bytes)
39    9       3       java.util.Objects::requireNonNull (14 bytes)   made not entrant: not used
39  119       4       java.util.ImmutableCollections$SetN$SetNIterator::hasNext (13 bytes)
39  120       3       java.util.HashMap::resize (356 bytes)
39   23       3       java.util.ImmutableCollections$SetN$SetNIterator::hasNext (13 bytes)   made not entrant: not used
39  121       4       java.util.ImmutableCollections$SetN$SetNIterator::next (90 bytes)
40  116       3       java.util.ImmutableCollections$Set12$1::hasNext (13 bytes)
40  114       3       java.util.HashSet::add (20 bytes)
40  101       3       java.lang.module.ResolvedModule::hashCode (16 bytes)
40   95       1       java.lang.module.ModuleDescriptor::requires (5 bytes)
40  117       1       java.lang.module.ModuleDescriptor::exports (5 bytes)
40  124       3       java.util.HashMap::keySet (25 bytes)
40   98       1       java.util.HashMap$Node::getKey (5 bytes)
40   29       3       java.util.ImmutableCollections$SetN$SetNIterator::next (90 bytes)   made not entrant: not used
40  122       4       java.lang.module.ModuleDescriptor$Exports::isQualified (18 bytes)
41   99       1       java.util.HashMap$Node::getValue (5 bytes)
41  115       1       java.lang.module.ModuleDescriptor::provides (5 bytes)
41  125       3       java.util.HashMap$KeySet::iterator (12 bytes)
41  126       3       java.util.HashMap$KeyIterator::<init> (13 bytes)
41  105       3       java.lang.module.ModuleDescriptor$Exports::isQualified (18 bytes)   made not entrant: not used
41  128       4       java.util.HashMap::putVal (300 bytes)
41  123       1       java.lang.module.ModuleDescriptor::uses (5 bytes)
41  134       3       java.util.concurrent.ConcurrentHashMap::casTabAt (20 bytes)
41  127       3       java.util.HashSet::iterator (13 bytes)
41  132       1       java.lang.module.ModuleDescriptor::packages (5 bytes)
41  129       1       java.util.KeyValueHolder::getKey (5 bytes)
42  135       3       java.util.ImmutableCollections$Set12$1::next (95 bytes)
42   86       1       jdk.internal.module.ModuleReferenceImpl::moduleResolution (5 bytes)
42  137       3       java.util.Optional::<init> (10 bytes)
42  138       3       java.lang.Math::min (11 bytes)
42  139       3       java.util.Optional::ofNullable (19 bytes)
42  130       1       java.util.KeyValueHolder::getValue (5 bytes)
42  136       1       java.lang.module.ResolvedModule::reference (5 bytes)
42  140       1       java.lang.AbstractStringBuilder::length (5 bytes)
42  142       3       java.lang.module.ResolvedModule::name (11 bytes)
42  143       3       java.util.AbstractMap::<init> (5 bytes)
42  141       1       java.lang.module.ModuleDescriptor$Version::toString (5 bytes)
43  144     n 0       java.lang.Module::addExports0 (native)   (static)
43  145       3       java.util.HashMap::<init> (11 bytes)
43  146     n 0       java.lang.Module::addExportsToAll0 (native)   (static)
43  147       3       java.util.AbstractSet::<init> (5 bytes)
43  148       3       java.util.Set::of (68 bytes)
43  152     n 0       java.lang.Double::doubleToRawLongBits (native)   (static)
43  149       3       java.util.ImmutableCollections$Set12::iterator (9 bytes)
43  154     n 0       java.lang.Module::addReads0 (native)   (static)
43  150       3       java.util.ImmutableCollections$Set12$1::<init> (37 bytes)
44  151       3       java.util.HashSet::<init> (16 bytes)
44  153       1       java.lang.module.ResolvedModule::configuration (5 bytes)
44  155       1       java.lang.module.ModuleDescriptor$Provides::service (5 bytes)
44  156     n 0       jdk.internal.vm.Continuation::enterSpecial (native)   (static)
44  157     n 0       jdk.internal.vm.Continuation::doYield (native)   (static)
45  158       3       java.lang.AbstractStringBuilder::needsNewBuffer (33 bytes)
45  159       3       jdk.jfr.internal.dcmd.ArgumentParser::currentChar (12 bytes)
46  160       3       java.lang.StringLatin1::canEncode (17 bytes)
46  161       1       jdk.internal.classfile.impl.AbstractPoolEntry::width (2 bytes)
46  162       1       jdk.internal.classfile.impl.SplitConstantPool::size (5 bytes)
46  164       3       java.lang.StringLatin1::indexOf (17 bytes)
46   90       3       java.util.HashMap::putVal (300 bytes)   made not entrant: not used
46  131       4       java.util.HashMap::newNode (13 bytes)
46  165       3       java.lang.invoke.MethodTypeForm::canonicalize (74 bytes)
47  163       1       java.lang.invoke.MethodType::ptypes (5 bytes)
47   83       3       java.util.HashMap::newNode (13 bytes)   made not entrant: not used
47  133       4       java.lang.String::equals (56 bytes)
47  166       3       java.lang.String::checkBoundsBeginEnd (11 bytes)
47  168       3       jdk.internal.util.StrongReferenceKey::hashCode (8 bytes)
47  167       3       jdk.internal.util.Preconditions::checkFromToIndex (24 bytes)
47  169       3       jdk.internal.classfile.impl.BufWriterImpl::reserveSpace (22 bytes)
47  170       1       jdk.internal.classfile.impl.RawBytecodeHelper::bci (5 bytes)
48    7       3       java.lang.String::equals (56 bytes)   made not entrant: not used
53  171       3       java.lang.invoke.MethodType::checkSlotCount (33 bytes)
54  172       3       java.lang.invoke.MethodType::parameterCount (6 bytes)
54  173       1       jdk.internal.classfile.impl.AbstractPoolEntry::constantPool (5 bytes)
57  174 %     3       java.lang.StringCoding::countPositives @ 7 (33 bytes)
59  175       3       jdk.internal.util.ArraysSupport::vectorizedHashCode (158 bytes)
60  179       3       java.lang.String::<init> (15 bytes)
60  178       3       java.util.Arrays::copyOfRange (82 bytes)
60  181       3       jdk.internal.util.xml.impl.Parser::bappend (26 bytes)
60  180       3       java.lang.AbstractStringBuilder::isLatin1 (16 bytes)
60  176       3       jdk.internal.util.xml.impl.Parser::ensureCapacity (96 bytes)
61  182       3       jdk.internal.util.xml.impl.Parser::bappend (200 bytes)
61  177       3       java.lang.String::substring (58 bytes)
61  184       3       java.lang.CharacterDataLatin1::toLowerCase (44 bytes)
61  185       3       java.lang.CharacterDataLatin1::equalsIgnoreCase (63 bytes)
61  187       3       jdk.internal.util.ArraysSupport::hashCodeOfUnsigned (55 bytes)
62  186       1       java.lang.Class::getModule (5 bytes)
62  183       1       java.lang.AbstractStringBuilder::getValue (5 bytes)
62  189       3       java.lang.StringLatin1::getChar (9 bytes)
62  190       3       java.lang.Class::getPackageName (81 bytes)
62  192       3       java.lang.StringUTF16::compress (47 bytes)
62  191       3       jdk.internal.util.Preconditions::checkFromIndexSize (25 bytes)
62  188       1       java.lang.invoke.MethodHandle::type (5 bytes)
63  193       1       jdk.internal.util.xml.impl.Attrs::getLength (5 bytes)
63  196       3       jdk.internal.util.xml.impl.Parser::getch (118 bytes)
63  194       1       sun.util.locale.BaseLocale::getLanguage (5 bytes)
63  197       3       jdk.internal.util.xml.impl.Parser::step (891 bytes)
63  203     n 0       jdk.internal.reflect.Reflection::getClassAccessFlags (native)   (static)
64  206     n 0       jdk.internal.misc.Unsafe::allocateInstance (native)   
64  207       3       jdk.internal.util.xml.impl.Parser::wsskip (66 bytes)
64  208     n 0       jdk.internal.reflect.Reflection::getCallerClass (native)   (static)
65  204       3       java.lang.reflect.Modifier::isProtected (12 bytes)
65  202       3       java.lang.String::checkBoundsOffCount (10 bytes)
65  200       3       java.lang.String::<init> (14 bytes)
65  201       3       java.lang.String::rangeCheck (10 bytes)
65  205       3       jdk.internal.util.xml.impl.Parser::bkch (24 bytes)
65  199       3       java.util.ArrayDeque::elementAt (4 bytes)
65  198       3       java.lang.StringLatin1::newString (24 bytes)
65  213       4       java.lang.StringLatin1::getChar (9 bytes)
65  209       3       java.lang.StringBuilder::length (5 bytes)
65  195       1       jdk.jfr.internal.jfc.model.Constraint::type (5 bytes)
66  216       3       java.lang.String::<init> (74 bytes)
66  189       3       java.lang.StringLatin1::getChar (9 bytes)   made not entrant: not used
66  214       4       java.lang.String::length (11 bytes)
66  217       3       java.lang.StringUTF16::compress (59 bytes)
66  218       3       java.lang.StringUTF16::coderFromArrayLen (9 bytes)
66   28       3       java.lang.String::length (11 bytes)   made not entrant: not used
66  219       3       java.util.AbstractList::<init> (10 bytes)
66  215       3       java.util.ArrayDeque::peek (5 bytes)
66  223       3       jdk.internal.util.xml.impl.Parser::bname (354 bytes)
67  220       3       java.lang.CharacterDataLatin1::isWhitespace (23 bytes)
67  221       3       java.lang.ref.SoftReference::get (29 bytes)
67  212       1       jdk.jfr.internal.jfc.model.XmlElement::getElementName (5 bytes)
67  222       3       java.lang.Class::reflectionData (43 bytes)
68  224       3       jdk.internal.util.xml.impl.Parser::pair (38 bytes)
68  227       3       java.lang.StringLatin1::toLowerCase (155 bytes)
68  225       3       jdk.internal.util.xml.impl.Parser::del (40 bytes)
68  232       3       jdk.internal.util.xml.impl.Parser::bcopy (41 bytes)
68  226       3       java.lang.String::toLowerCase (29 bytes)
69  228       3       java.lang.Class::getReflectionFactory (18 bytes)
69  231       3       java.lang.reflect.Modifier::isPublic (12 bytes)
69  235       3       jdk.internal.util.ArraysSupport::mismatch (103 bytes)
69  236       4       java.lang.String::coder (15 bytes)
69  239       3       java.lang.AbstractStringBuilder::ensureCapacitySameCoder (26 bytes)
69   17       3       java.lang.String::coder (15 bytes)   made not entrant: not used
69  237       4       java.util.HashMap::resize (356 bytes)
69  210       1       java.lang.reflect.Constructor::getSharedParameterTypes (5 bytes)
69  211       1       java.lang.invoke.MethodHandleImpl::isCompileConstant (2 bytes)
69  233       3       jdk.internal.util.xml.impl.Pair::local (63 bytes)
69  234       3       java.lang.String::startsWith (123 bytes)
70  238       3       java.lang.String::startsWith (7 bytes)
70  240       3       java.lang.Record::<init> (5 bytes)
70  241       3       java.util.ArrayList::<init> (61 bytes)
70  247       3       jdk.internal.util.xml.impl.Parser::bqstr (462 bytes)
71  248       3       java.lang.StringLatin1::regionMatchesCI (45 bytes)
71  245       3       jdk.internal.util.xml.impl.Parser::qname (37 bytes)
71  246       3       jdk.internal.util.xml.impl.Parser::attr (500 bytes)
72  255     n 0       java.lang.Class::isInstance (native)   
73  242       3       java.lang.String::substring (10 bytes)
73  243       3       java.lang.reflect.Modifier::isPrivate (12 bytes)
73  249       3       java.lang.String::equalsIgnoreCase (45 bytes)
73  244       3       jdk.jfr.internal.jfc.model.Parser$ConfigurationHandler::characters (12 bytes)
73  250       3       jdk.jfr.internal.jfc.model.Utilities::elementName (58 bytes)
74  251       3       java.lang.Class::getSimpleName (26 bytes)
74  252       3       java.lang.String::toLowerCase (8 bytes)
74  257       3       java.util.Locale::getDefault (4 bytes)
74  258       3       java.lang.String::regionMatches (150 bytes)
74  120       3       java.util.HashMap::resize (356 bytes)   made not entrant: not used
74  262       4       jdk.internal.util.xml.impl.Parser::del (40 bytes)
74  259       3       java.lang.StringBuilder::append (10 bytes)
75  260       3       java.lang.AbstractStringBuilder::append (87 bytes)
75  261       3       java.lang.AbstractStringBuilder::appendChars (124 bytes)
75  225       3       jdk.internal.util.xml.impl.Parser::del (40 bytes)   made not entrant: not used
75  253       4       jdk.internal.util.xml.impl.Parser::ensureCapacity (96 bytes)
75  229       1       jdk.jfr.internal.jfc.model.XmlElement::setContent (6 bytes)
75  176       3       jdk.internal.util.xml.impl.Parser::ensureCapacity (96 bytes)   made not entrant: not used
75  263       4       jdk.internal.util.xml.impl.Parser::bappend (200 bytes)
75  266       3       jdk.internal.util.xml.impl.ParserSAX::bflash_ws (33 bytes)
76  267       3       jdk.jfr.internal.jfc.model.Constraint::any (12 bytes)
76  268       3       jdk.jfr.internal.jfc.model.Constraint::<init> (20 bytes)
76  265       3       java.lang.String::isEmpty (14 bytes)
76  264       3       java.util.ArrayDeque::push (6 bytes)
76  269       3       java.lang.ref.Reference::<init> (25 bytes)
76  182       3       jdk.internal.util.xml.impl.Parser::bappend (200 bytes)   made not entrant: not used
76  276       4       java.lang.StringUTF16::compress (47 bytes)
76  230       1       jdk.jfr.internal.jfc.model.XmlElement::getParent (5 bytes)
76  273       3       java.util.ImmutableCollections$ListItr::hasNext (17 bytes)
76  270       3       java.lang.AbstractStringBuilder::isLatin1 (8 bytes)
76  274       3       java.util.ImmutableCollections$AbstractImmutableList::<init> (5 bytes)
77  275       3       java.util.ImmutableCollections$List12::get (35 bytes)
77  277       3       jdk.jfr.internal.jfc.model.XmlElement::setAttribute (23 bytes)
77  278       3       jdk.internal.util.xml.impl.Attrs::getQName (25 bytes)
77  256       1       java.lang.String::value (5 bytes)
77  254       1       jdk.internal.constant.ClassOrInterfaceDescImpl::descriptorString (5 bytes)
77  281   !   3       java.util.ImmutableCollections$ListItr::next (34 bytes)
77  283       3       java.lang.StringLatin1::indexOfNonWhitespace (49 bytes)
77  279       3       java.util.ArrayDeque::inc (12 bytes)
77  290       3       jdk.internal.util.xml.impl.Parser::atype (290 bytes)
78  291       3       jdk.internal.util.xml.impl.Pair::qname (20 bytes)
78  282       3       java.util.ArrayDeque::pollFirst (36 bytes)
78  294       3       jdk.internal.util.xml.impl.Attrs::getValue (27 bytes)
78  295       3       java.lang.StringBuilder::toString (20 bytes)
78  296       3       java.lang.String::<init> (98 bytes)
78  286       3       java.util.ImmutableCollections$AbstractImmutableList::iterator (13 bytes)
79  287       3       java.util.ImmutableCollections$ListItr::<init> (25 bytes)
79  284       3       java.util.ArrayList::add (25 bytes)
79  285       3       java.util.ArrayList::add (23 bytes)
79  263       4       jdk.internal.util.xml.impl.Parser::bappend (200 bytes)   made not entrant: uncommon trap
79  288       3       java.util.ArrayDeque::addFirst (51 bytes)
79  253       4       jdk.internal.util.xml.impl.Parser::ensureCapacity (96 bytes)   made not entrant: uncommon trap
79  289       3       java.util.ArrayDeque::dec (13 bytes)
79  299       3       jdk.internal.util.xml.impl.Parser::bappend (200 bytes)
79  301     n 0       java.lang.Class::isAssignableFrom (native)   
79  192       3       java.lang.StringUTF16::compress (47 bytes)   made not entrant: not used
80  271       4       java.lang.CharacterDataLatin1::toLowerCase (44 bytes)
80  300       3       jdk.internal.util.xml.impl.Parser::ensureCapacity (96 bytes)
80  292       3       java.lang.ref.Reference::<init> (7 bytes)
80  184       3       java.lang.CharacterDataLatin1::toLowerCase (44 bytes)   made not entrant: not used
80  272       4       java.lang.CharacterDataLatin1::equalsIgnoreCase (63 bytes)
80  293       3       java.util.ArrayList::<init> (12 bytes)
80  297       3       java.lang.ref.WeakReference::<init> (6 bytes)
80  298       3       java.lang.reflect.Executable::<init> (5 bytes)
80  185       3       java.lang.CharacterDataLatin1::equalsIgnoreCase (63 bytes)   made not entrant: not used
80  303       3       java.util.ArrayList$Itr::hasNext (20 bytes)
81  305       3       java.util.ImmutableCollections$List12::size (16 bytes)
81  302       3       java.util.ImmutableCollections$List12::<init> (20 bytes)
81  306       3       java.util.ArrayList$Itr::next (66 bytes)
81  307       3       java.util.ArrayList$Itr::checkForComodification (23 bytes)
81  315       3       jdk.jfr.internal.jfc.model.XmlElement::validateAttributes (78 bytes)
81  317     n 0       java.lang.invoke.MethodHandle::linkToStatic(LL)V (native)   (static)
81  316       3       jdk.jfr.internal.jfc.model.XmlElement::validateChildren (37 bytes)
82  304       3       java.util.HashMap::containsKey (14 bytes)
82  308       3       java.util.List::of (9 bytes)
82  312       3       java.util.ArrayList::iterator (9 bytes)
82  313       3       java.util.ArrayList$Itr::<init> (31 bytes)
82  314       3       jdk.jfr.internal.jfc.model.XmlElement::validate (13 bytes)
82  310       1       jdk.jfr.internal.jfc.model.Constraint::min (5 bytes)
82  311       1       jdk.jfr.internal.jfc.model.Constraint::max (5 bytes)
82  309       1       jdk.jfr.internal.jfc.model.XmlElement::getChildren (5 bytes)
82  318       3       jdk.internal.classfile.impl.SplitConstantPool::map (161 bytes)
83  280       3       java.lang.StringBuilder::setLength (6 bytes)
83  319       1       jdk.internal.classfile.impl.BufWriterImpl::size (5 bytes)
83  320       3       java.util.ArrayList::grow (60 bytes)
83  321       3       java.lang.Math::max (11 bytes)
83  323       3       jdk.jfr.internal.jfc.model.XmlElement::elements (64 bytes)
83  237       4       java.util.HashMap::resize (356 bytes)   made not entrant: uncommon trap
84  322       3       java.util.Optional::isPresent (13 bytes)
84  325       4       java.util.ArrayList$Itr::hasNext (20 bytes)
84  271       4       java.lang.CharacterDataLatin1::toLowerCase (44 bytes)   made not entrant: uncommon trap
84  324       3       jdk.jfr.internal.jfc.model.XmlElement::addChild (12 bytes)
84  326       3       java.lang.CharacterDataLatin1::toLowerCase (44 bytes)
84  327       3       java.lang.StringBuilder::append (8 bytes)
84  328       3       java.lang.AbstractStringBuilder::append (100 bytes)
84  303       3       java.util.ArrayList$Itr::hasNext (20 bytes)   made not entrant: not used
84  330       4       jdk.internal.util.ArraysSupport::unsignedHashCode (36 bytes)
85  329       3       jdk.jfr.internal.jfc.model.XmlElement::attribute (14 bytes)
85  334       3       java.util.Arrays::copyOf (33 bytes)
85  337       3       java.lang.AbstractStringBuilder::ensureCapacityNewCoder (125 bytes)
85  338       3       java.lang.AbstractStringBuilder::<init> (39 bytes)
85  331       3       jdk.internal.util.ArraysSupport::newLength (27 bytes)
86  332       1       jdk.jfr.internal.jfc.model.XmlElement::getContent (5 bytes)
86  335       3       java.lang.AbstractStringBuilder::newCapacity (49 bytes)
86  336       3       java.util.LinkedHashMap::linkNodeAtEnd (76 bytes)
86  340       3       jdk.jfr.internal.jfc.model.XmlEvent::getName (7 bytes)
86  339       3       java.lang.StringBuilder::<init> (7 bytes)
86  341       3       jdk.jfr.internal.jfc.model.XmlSetting::getName (7 bytes)
86  343       3       jdk.jfr.internal.jfc.model.XmlEvent::getSettings (7 bytes)
87   45       3       jdk.internal.util.ArraysSupport::unsignedHashCode (36 bytes)   made not entrant: not used
87  333       4       java.util.HashMap::resize (356 bytes)
88  344       3       java.lang.invoke.MethodType::<init> (15 bytes)
88  345       3       java.lang.invoke.MethodType::makeImpl (109 bytes)
88  347     n 0       java.lang.invoke.MethodHandle::linkToStatic(LLIL)L (native)   (static)
89  348     n 0       java.lang.invoke.MethodHandle::linkToStatic(LLILLL)L (native)   (static)
89  346       1       jdk.internal.util.WeakReferenceKey::hashCode (5 bytes)
90  349     n 0       java.lang.invoke.MethodHandle::linkToStatic(LLIL)I (native)   (static)
90  350       3       java.lang.StringCoding::countPositives (33 bytes)
90  351       3       java.util.Objects::checkFromIndexSize (8 bytes)
90  352     n 0       jdk.internal.misc.Unsafe::getShort (native)   
90  353       3       java.io.BufferedInputStream::getBufIfOpen (6 bytes)
90  354       3       java.io.BufferedInputStream::getBufIfOpen (61 bytes)
90  355       3       java.io.DataInputStream::readFully (59 bytes)
91  356  s    3       java.io.BufferedInputStream::read (112 bytes)
91  357       3       java.io.BufferedInputStream::ensureOpen (18 bytes)
91  358       3       java.io.BufferedInputStream::read1 (121 bytes)
91  359       3       java.lang.invoke.VarHandle::checkAccessModeThenIsDirect (29 bytes)
92  360       3       java.lang.invoke.VarForm::getMemberName (38 bytes)
92  361       3       java.lang.invoke.VarHandleGuards::guard_LI_I (78 bytes)
92  342       4       java.util.ArrayList$Itr::next (66 bytes)
92  370     n 0       java.lang.invoke.MethodHandle::invokeBasic(LLI)I (native)   
93  362       3       java.lang.invoke.VarHandleByteArrayAsShorts$ArrayHandle::get (35 bytes)
93  306       3       java.util.ArrayList$Itr::next (66 bytes)   made not entrant: not used
93  363       3       java.lang.invoke.VarHandleByteArrayAsShorts$ArrayHandle::index (12 bytes)
93  368       3       java.io.DataInputStream::readShort (19 bytes)
93  369       3       jdk.internal.util.ByteArray::getShort (9 bytes)
93  364       3       jdk.internal.misc.Unsafe::getShortUnaligned (12 bytes)
94  365       3       jdk.internal.misc.Unsafe::getShortUnaligned (33 bytes)
94  371     n 0       java.lang.invoke.MethodHandle::linkToStatic(LLIL)J (native)   (static)
94  366       3       jdk.internal.misc.Unsafe::convEndian (16 bytes)
94  367       3       java.lang.Short::reverseBytes (14 bytes)
94  372       3       sun.util.calendar.ZoneInfoFile::indexOf (32 bytes)
95  373       4       jdk.internal.util.Preconditions::checkFromIndexSize (25 bytes)
95  374       3       java.util.zip.Checksum::update (11 bytes)
95  375       3       java.util.zip.CRC32::update (38 bytes)
95  191       3       jdk.internal.util.Preconditions::checkFromIndexSize (25 bytes)   made not entrant: not used
96  377       3       java.util.zip.CRC32::updateBytes (14 bytes)
96  378       3       java.util.zip.CRC32::updateBytesCheck (35 bytes)
96  388       4       java.lang.StringCoding::countPositives (33 bytes)
96  376       3       sun.util.calendar.ZoneInfoFile$Checksum::update (39 bytes)
96  379       3       java.io.DataInputStream::readUTF (5 bytes)
96  380       3       java.io.DataInputStream::readUTF (601 bytes)
97  391     n 0       jdk.internal.misc.Unsafe::putReferenceVolatile (native)   
98  392       3       jdk.internal.misc.Unsafe::putReferenceRelease (9 bytes)
98  393       3       java.util.concurrent.ConcurrentHashMap::setTabAt (19 bytes)
98  381       3       java.io.DataInputStream::readUnsignedShort (19 bytes)
98  382       3       jdk.internal.util.ByteArray::getUnsignedShort (12 bytes)
98  350       3       java.lang.StringCoding::countPositives (33 bytes)   made not entrant: not used
98  390       4       java.io.BufferedInputStream::getBufIfOpen (61 bytes)
98  383       3       java.lang.Short::toUnsignedInt (5 bytes)
98  384       3       java.lang.System$1::uncheckedCountPositives (7 bytes)
99  385       3       java.lang.System$1::uncheckedNewStringNoRepl (6 bytes)
99  386   !   3       java.lang.String::newStringNoRepl (33 bytes)
99  401       3       java.util.concurrent.ConcurrentHashMap$Traverser::advance (188 bytes)
99  402     n 0       jdk.internal.misc.Unsafe::compareAndSetInt (native)   
99  387   !   3       java.lang.String::newStringNoRepl1 (284 bytes)
99  354       3       java.io.BufferedInputStream::getBufIfOpen (61 bytes)   made not entrant: not used
99  398       4       java.util.concurrent.ConcurrentHashMap::tabAt (21 bytes)
100   26       3       java.util.concurrent.ConcurrentHashMap::tabAt (21 bytes)   made not entrant: not used
100  396       4       java.io.BufferedInputStream::read1 (121 bytes)
100  389       3       java.io.DataInputStream::readFully (9 bytes)
100  403     n 0       jdk.internal.misc.Unsafe::getByte (native)   
100  395       3       java.util.concurrent.ConcurrentHashMap$Node::<init> (20 bytes)
100  399       1       java.lang.Module::getDescriptor (5 bytes)
100  404       3       java.lang.ref.Reference::reachabilityFence (1 bytes)
100  405       3       java.util.concurrent.ConcurrentHashMap$BaseIterator::hasNext (13 bytes)
101  407       3       java.nio.Buffer::session (20 bytes)
101  408       3       java.nio.Buffer::checkIndex (12 bytes)
101  409   !   3       java.nio.DirectByteBuffer::get (34 bytes)
101  411       3       java.nio.DirectByteBuffer::ix (10 bytes)
101  412   !   3       jdk.internal.misc.ScopedMemoryAccess::getByte (16 bytes)
101  413   !   3       jdk.internal.misc.ScopedMemoryAccess::getByteInternal (34 bytes)
102  406       3       java.util.Optional::orElse (16 bytes)
102  410       1       java.nio.Buffer::limit (5 bytes)
102  416     n 0       jdk.internal.misc.Unsafe::getInt (native)   
102  400       3       java.util.ImmutableCollections$ListN::size (6 bytes)
102  397       3       java.util.concurrent.ConcurrentHashMap::put (8 bytes)
102  358       3       java.io.BufferedInputStream::read1 (121 bytes)   made not entrant: not used
102  414       4       java.lang.ref.Reference::reachabilityFence (1 bytes)
102  404       3       java.lang.ref.Reference::reachabilityFence (1 bytes)   made not entrant: not used
102  415       4       java.lang.String::charAt (25 bytes)
102  417       3       java.lang.Math::floorMod (28 bytes)
102  418       1       java.time.ZoneOffset::getTotalSeconds (5 bytes)
103  419       1       java.time.temporal.ChronoField::range (5 bytes)
103  420       1       java.time.temporal.ValueRange::getMinimum (5 bytes)
103  422     n 0       java.lang.invoke.MethodHandle::linkToStatic(ILL)L (native)   (static)
103  421       1       java.time.temporal.ValueRange::getMaximum (5 bytes)
103   33       3       java.lang.String::charAt (25 bytes)   made not entrant: not used
103  394       4       java.util.concurrent.ConcurrentHashMap::casTabAt (20 bytes)
103  424       3       jdk.internal.classfile.impl.AbstractPoolEntry::<init> (20 bytes)
103  426       3       jdk.internal.classfile.impl.SplitConstantPool::internalAdd (12 bytes)
103  134       3       java.util.concurrent.ConcurrentHashMap::casTabAt (20 bytes)   made not entrant: not used
103  428       3       jdk.internal.classfile.impl.AbstractPoolEntry::hashString (5 bytes)
103  427       3       jdk.internal.classfile.impl.SplitConstantPool::internalAdd (78 bytes)
104  430       3       java.lang.StringCoding::countNonZeroAsciiLatin1 (33 bytes)
104  431       3       jdk.internal.classfile.impl.SplitConstantPool::entryByIndex (59 bytes)
104  433     n 0       java.lang.invoke.MethodHandle::linkToSpecial(LIL)V (native)   (static)
104  435     n 0       java.lang.invoke.MethodHandle::invokeBasic(I)L (native)   
104  436     n 0       java.lang.invoke.MethodHandleNatives::resolve (native)   (static)
104  437     n 0       java.lang.invoke.MethodHandle::linkToSpecial(LIL)L (native)   (static)
104  432       3       jdk.internal.classfile.impl.RawBytecodeHelper::opcode (9 bytes)
104  434       3       java.lang.invoke.MethodType::parameterType (7 bytes)
104  423   !   3       java.lang.invoke.MemberName::getMethodType (213 bytes)
105  425       3       java.lang.invoke.MemberName::getReferenceKind (12 bytes)
105  439       3       java.lang.String::indexOf (41 bytes)
105  440     n 0       java.lang.invoke.MethodHandle::linkToStatic(IIL)I (native)   (static)
105  438       1       java.lang.invoke.MethodTypeForm::erasedType (5 bytes)
106  429       1       java.util.ArrayList::size (5 bytes)
106  441     n 0       java.lang.Class::desiredAssertionStatus0 (native)   (static)
106  443       3       java.util.HashMap$EntryIterator::next (5 bytes)
107  442       1       java.util.HashMap::size (5 bytes)
107  445       4       java.lang.String::isLatin1 (19 bytes)
107  444       1       java.lang.Class::getComponentType (5 bytes)
107  447     n 0       java.lang.Class::isHidden (native)   
107  446       3       java.lang.invoke.MemberName::allFlagsSet (16 bytes)
107   20       3       java.lang.String::isLatin1 (19 bytes)   made not entrant: not used
109  448       3       java.lang.StringLatin1::replace (197 bytes)
111  333       4       java.util.HashMap::resize (356 bytes)   made not entrant: uncommon trap
111  449       1       java.lang.invoke.MethodHandles$Lookup::lookupClass (5 bytes)
111  450       3       java.lang.StringLatin1::indexOfChar (33 bytes)
112  452       3       jdk.internal.classfile.impl.EntryMap::firstToken (50 bytes)
112  453       3       jdk.internal.classfile.impl.AbstractPoolEntry::maybeClone (26 bytes)
112  454       3       jdk.internal.classfile.impl.SplitConstantPool::canWriteDirect (24 bytes)
112  451       1       jdk.internal.classfile.impl.AbstractDirectBuilder::constantPool (5 bytes)
112  455       3       jdk.internal.misc.Unsafe::allocateUninitializedArray0 (90 bytes)
113  456       3       jdk.internal.classfile.impl.BufWriterImpl::cpIndex (33 bytes)
113  128       4       java.util.HashMap::putVal (300 bytes)   made not entrant: uncommon trap
113  458       3       java.lang.CharacterDataLatin1::getProperties (11 bytes)
113  457       3       java.util.HashSet::contains (9 bytes)
113  459       1       java.lang.module.ModuleDescriptor::isOpen (5 bytes)
113  461       3       jdk.internal.classfile.impl.EntryMap::put (186 bytes)
114  460       3       java.lang.Class::getName (18 bytes)
114  462       3       jdk.internal.classfile.impl.RawBytecodeHelper::getU1Unchecked (13 bytes)
114  463       1       jdk.internal.constant.ClassOrInterfaceDescImpl::isClassOrInterface (2 bytes)
114  464       3       jdk.internal.classfile.impl.SplitConstantPool::utf8Entry (45 bytes)
114  465       3       java.lang.invoke.MethodType::checkPtypes (76 bytes)
114  466       3       jdk.internal.classfile.impl.AbstractPoolEntry::hash1 (10 bytes)
115  467       3       jdk.internal.misc.Unsafe::allocateUninitializedArray (55 bytes)
115  468       3       jdk.internal.classfile.impl.AbstractPoolEntry::hash2 (15 bytes)
115  469       3       java.util.Arrays::copyOf (10 bytes)
115  470       1       jdk.internal.classfile.impl.AbstractPoolEntry::hashCode (5 bytes)
115  471       3       jdk.internal.classfile.impl.RawBytecodeHelper::next (81 bytes)
115  472       3       jdk.internal.classfile.impl.RawBytecodeHelper::endBci (8 bytes)
116  473       1       jdk.internal.classfile.impl.AbstractPoolEntry$ClassEntryImpl::tag (3 bytes)
116  474       3       java.lang.invoke.MethodType::equals (27 bytes)
116  476       3       java.lang.String::toString (2 bytes)
116  475       3       java.lang.ref.WeakReference::<init> (7 bytes)
116  477       3       java.lang.invoke.MethodType::methodType (69 bytes)
116  479     n 0       java.lang.reflect.Array::newArray (native)   (static)
116  478       1       java.lang.invoke.MethodTypeForm::basicType (5 bytes)
116  480   !   3       sun.invoke.util.VerifyAccess::ensureTypeVisible (99 bytes)
117  482       3       jdk.internal.classfile.impl.SplitConstantPool::tryFindUtf8 (103 bytes)
117  483     n 0       java.lang.Class::initClassName (native)   
117  481       3       jdk.internal.constant.ClassOrInterfaceDescImpl::ofValidated (64 bytes)
118  484       3       jdk.internal.classfile.impl.BufWriterImpl::writeU1U2 (50 bytes)
118  485       3       jdk.internal.classfile.impl.AbstractPoolEntry$Utf8EntryImpl::<init> (49 bytes)
118  486       3       jdk.internal.classfile.impl.AbstractPoolEntry$Utf8EntryImpl::writeTo (44 bytes)
118  487       3       jdk.internal.classfile.impl.BufWriterImpl::writeUtfEntry (144 bytes)
119  491       3       jdk.internal.util.ReferencedKeyMap::lookupKey (9 bytes)
119  492       3       jdk.internal.util.StrongReferenceKey::<init> (10 bytes)
119  488       3       java.lang.System$1::countNonZeroAscii (5 bytes)
120  489       3       java.lang.StringCoding::countNonZeroAscii (30 bytes)
120  490       3       jdk.internal.util.ModifiedUtf::utfLen (58 bytes)
120  497     n 0       java.lang.invoke.MethodHandle::invokeBasic(LL)L (native)   
120  493       1       jdk.internal.classfile.impl.AbstractDirectBuilder::setOriginal (6 bytes)
120  498     n 0       java.lang.invoke.MethodHandle::linkToSpecial(LLLL)L (native)   (static)
120  495       1       jdk.internal.classfile.impl.LabelImpl::labelContext (5 bytes)
120  496       1       jdk.internal.classfile.impl.LabelImpl::getBCI (5 bytes)
121  499     n 0       java.lang.invoke.MethodHandle::linkToStatic(LLLLL)L (native)   (static)
121  494       1       jdk.internal.classfile.impl.AbstractPoolEntry$Utf8EntryImpl::tag (2 bytes)
121  500       3       java.lang.invoke.MethodTypeForm::canonicalize (59 bytes)
121  503     n 0       java.lang.invoke.MethodHandle::invokeBasic(LLLL)L (native)   
121  501       3       jdk.internal.util.ReferencedKeyMap::existingKey (32 bytes)
121  505       3       java.lang.invoke.MemberName::initResolved (53 bytes)
121  502       3       java.lang.invoke.LambdaForm$Name::<init> (126 bytes)
121  504       1       jdk.internal.classfile.impl.DirectMethodBuilder::methodFlags (5 bytes)
122  507       3       java.lang.String::getBytes (60 bytes)
122  508       3       java.lang.StringLatin1::getBytes (12 bytes)
122  506       3       jdk.internal.classfile.impl.SplitConstantPool::maybeCloneUtf8Entry (65 bytes)
122  509       3       jdk.internal.classfile.impl.AbstractPoolEntry$Utf8EntryImpl::contentHash (19 bytes)
123  510       3       jdk.internal.classfile.impl.SplitConstantPool::findEntry (130 bytes)
123  514       3       jdk.internal.classfile.impl.BufWriterImpl::writeU2 (38 bytes)
123  516     n 0       jdk.internal.misc.Unsafe::getChar (native)   
123  515       3       jdk.internal.constant.MethodTypeDescImpl::parameterCount (6 bytes)
123  511       1       jdk.internal.classfile.impl.DirectMethodBuilder::methodType (5 bytes)
123  512       1       java.lang.classfile.Opcode::bytecode (5 bytes)
123  518       1       java.lang.reflect.Method::getName (5 bytes)
123  513       1       jdk.internal.classfile.impl.UnboundAttribute::attributeMapper (5 bytes)
123  517       1       jdk.internal.classfile.impl.AbstractPoolEntry$NameAndTypeEntryImpl::tag (3 bytes)
123  520     n 0       java.lang.String::intern (native)   
124  519       3       java.lang.reflect.Modifier::isStatic (13 bytes)
124  521       3       jdk.internal.classfile.impl.SplitConstantPool::utf8Entry (6 bytes)
124  522       3       jdk.internal.classfile.impl.SplitConstantPool::classEntry (68 bytes)
124  524       3       java.lang.invoke.DirectMethodHandle::allocateInstance (16 bytes)
124  525       3       java.lang.invoke.DirectMethodHandle::constructorMethod (10 bytes)
124  527       3       jdk.internal.classfile.impl.BufWriterImpl::writeU1 (24 bytes)
124  529       1       jdk.internal.classfile.impl.StackMapDecoder$StackMapFrameImpl::stack (5 bytes)
125  526       3       jdk.internal.classfile.impl.AbstractElement::<init> (5 bytes)
125  523       3       jdk.internal.classfile.impl.SplitConstantPool::classEntryForClassOrInterface (111 bytes)
125  536     n 0       java.lang.System::identityHashCode (native)   (static)
125  530       1       jdk.internal.constant.MethodTypeDescImpl::returnType (5 bytes)
125  531       3       java.util.BitSet::wordIndex (5 bytes)
125  532       3       java.util.BitSet::checkInvariants (111 bytes)
125  533       3       sun.reflect.generics.parser.SignatureParser::current (59 bytes)
126  535       1       java.lang.reflect.Method::getSharedParameterTypes (5 bytes)
126  542       3       java.util.BitSet::set (58 bytes)
126  544       4       jdk.internal.classfile.impl.RawBytecodeHelper::opcode (9 bytes)
126  528       1       jdk.internal.classfile.impl.AbstractAttributeMapper::allowMultiple (5 bytes)
126  432       3       jdk.internal.classfile.impl.RawBytecodeHelper::opcode (9 bytes)   made not entrant: not used
126  545       3       java.lang.CharacterData::of (136 bytes)
126  539       3       jdk.internal.classfile.impl.AbstractPoolEntry$Utf8EntryImpl::stringValue (5 bytes)
126  538       3       jdk.internal.classfile.impl.BufWriterImpl::writeIndex (11 bytes)
127  550       3       java.lang.StringConcatHelper::newArray (28 bytes)
127  540       1       jdk.internal.classfile.impl.StackMapDecoder$StackMapFrameImpl::locals (5 bytes)
127  552       3       jdk.internal.classfile.impl.StackCounter::addStackSlot (30 bytes)
127  541       1       jdk.internal.classfile.impl.StackMapDecoder$StackMapFrameImpl::target (5 bytes)
127  546       3       jdk.internal.reflect.ReflectionFactory::getExecutableSharedParameterTypes (11 bytes)
127  547       3       java.lang.reflect.ReflectAccess::getExecutableSharedParameterTypes (5 bytes)
127  543       1       jdk.internal.classfile.impl.AbstractPseudoInstruction$ExceptionCatchImpl::catchTypeEntry (5 bytes)
128  537       1       jdk.internal.classfile.impl.LabelImpl::setBCI (6 bytes)
128  551       1       java.lang.classfile.TypeKind::slotSize (5 bytes)
128  548       1       java.lang.reflect.Method::getModifiers (5 bytes)
128  549       1       java.lang.reflect.Method::getReturnType (5 bytes)
128  553       1       jdk.internal.classfile.impl.AbstractPoolEntry$MethodRefEntryImpl::tag (3 bytes)
128  534       1       java.util.LinkedHashMap::removeEldestEntry (2 bytes)
128  554       1       java.lang.invoke.MethodTypeForm::parameterSlotCount (5 bytes)
129  555       3       java.util.List::of (4 bytes)
129  556       3       java.util.HashMap::putVal (300 bytes)
129  559     n 0       java.lang.invoke.MethodHandle::linkToSpecial(LLLL)V (native)   (static)
129  557       3       jdk.internal.classfile.impl.ClassReaderImpl::checkType (23 bytes)
130  560       3       jdk.internal.classfile.impl.AbstractPoolEntry$AbstractRefsEntry::<init> (37 bytes)
130  561       3       jdk.internal.classfile.impl.AbstractPoolEntry$AbstractMemberRefEntry::nameAndType (5 bytes)
130  562       3       jdk.internal.classfile.impl.AbstractPoolEntry$AbstractMemberRefEntry::nameAndType (8 bytes)
130  564     n 0       java.lang.invoke.MethodHandle::linkToStatic(L)V (native)   (static)
130  558       3       java.util.ImmutableCollections$ListN::get (7 bytes)
130  563       1       java.lang.constant.ClassDesc::isPrimitive (2 bytes)
130  565       3       java.util.Arrays::copyOf (40 bytes)
130  566       3       jdk.internal.classfile.impl.LabelImpl::<init> (15 bytes)
130  569       3       jdk.internal.classfile.impl.AbstractPoolEntry$Utf8EntryImpl::toString (88 bytes)
131  570       3       jdk.internal.classfile.impl.AbstractPoolEntry$NameAndTypeEntryImpl::type (8 bytes)
131  572     n 0       java.lang.invoke.MethodHandle::linkToStatic(LLLL)V (native)   (static)
131  571       3       java.lang.invoke.MemberName::isResolved (13 bytes)
131  567       1       jdk.internal.classfile.impl.BufWriterImpl::thisClass (5 bytes)
131  568       1       jdk.internal.classfile.impl.DirectMethodBuilder::methodName (5 bytes)
131  573       3       jdk.internal.classfile.impl.RawBytecodeHelper::getIndexU2 (11 bytes)
131  574       3       jdk.internal.classfile.impl.RawBytecodeHelper::getU2Unchecked (21 bytes)
131  575       3       jdk.internal.misc.Unsafe::getCharUnaligned (12 bytes)
131  576       3       jdk.internal.misc.Unsafe::getCharUnaligned (34 bytes)
131  580     n 0       java.lang.invoke.MethodHandle::linkToStatic(LLL)V (native)   (static)
132  577       3       jdk.internal.misc.Unsafe::convEndian (16 bytes)
132  578       3       java.lang.StringBuilder::append (8 bytes)
132  582       3       jdk.internal.classfile.impl.Util::isDoubleSlot (20 bytes)
132  583       3       java.lang.StringConcatHelper::concat (24 bytes)
132  579       3       java.lang.AbstractStringBuilder::append (102 bytes)
133  581       3       jdk.internal.classfile.impl.StackMapGenerator$Type::<init> (20 bytes)
133  587       3       jdk.internal.classfile.impl.Util::methodTypeSymbol (8 bytes)
133  588       3       jdk.internal.classfile.impl.AbstractPoolEntry$Utf8EntryImpl::methodTypeSymbol (34 bytes)
133  590       4       java.lang.StringCoding::countNonZeroAsciiLatin1 (33 bytes)
133  584       3       java.lang.StringConcatHelper::stringOf (20 bytes)
133  585       3       java.lang.StringConcatHelper::concat0 (58 bytes)
134  589       3       java.lang.String::replace (42 bytes)
134  592       3       jdk.internal.classfile.impl.SplitConstantPool::tryFindClassOrInterface (138 bytes)
134  593       1       java.lang.classfile.Opcode::sizeIfFixed (5 bytes)
134  586       1       java.lang.Class::getModifiers (5 bytes)
134  591       1       java.lang.invoke.MethodHandles$Lookup::previousLookupClass (5 bytes)
135  594       1       java.lang.classfile.Opcode::kind (5 bytes)
135  595     n 0       java.lang.invoke.MethodHandle::linkToInterface(LL)L (native)   (static)
135  430       3       java.lang.StringCoding::countNonZeroAsciiLatin1 (33 bytes)   made not entrant: not used
135  596       3       jdk.internal.constant.MethodTypeDescImpl::parameterType (7 bytes)
135  597       3       jdk.internal.classfile.impl.DirectCodeBuilder::aload (32 bytes)
136  598       3       jdk.internal.classfile.impl.DirectCodeBuilder::constantPool (5 bytes)
136  599       3       jdk.internal.classfile.impl.StackMapGenerator::processBlock (2767 bytes)
137  604     n 0       java.lang.invoke.MethodHandle::linkToSpecial(LLLLL)V (native)   (static)
137  606       4       jdk.internal.classfile.impl.BufWriterImpl::reserveSpace (22 bytes)
137  608     n 0       java.lang.invoke.MethodHandle::invokeBasic(LLL)L (native)   
138  609     n 0       java.lang.invoke.MethodHandle::linkToSpecial(LLLLL)L (native)   (static)
138  169       3       jdk.internal.classfile.impl.BufWriterImpl::reserveSpace (22 bytes)   made not entrant: not used
143  313       3       java.util.ArrayList$Itr::<init> (31 bytes)   made not entrant: marked for deoptimization
144  624       4       jdk.internal.classfile.impl.SplitConstantPool::map (161 bytes)
146  602       3       java.lang.StringLatin1::lastIndexOf (40 bytes)
146  603       3       jdk.internal.classfile.impl.Util::parameterSlots (39 bytes)
146  611       1       jdk.jfr.internal.util.Bytecode$FieldDesc::type (5 bytes)
146  613       3       jdk.internal.classfile.impl.LineNumberImpl::<init> (10 bytes)
147  610       1       jdk.internal.constant.PrimitiveClassDescImpl::descriptorString (5 bytes)
147  621       3       jdk.internal.classfile.impl.DirectCodeBuilder::labelToBci (27 bytes)
147  612       1       jdk.internal.classfile.impl.AbstractInstruction::opcode (5 bytes)
147  622       1       jdk.jfr.internal.util.Bytecode$MethodDesc::descriptor (5 bytes)
147  623       3       jdk.internal.classfile.impl.AbstractPoolEntry$Utf8EntryImpl::hashCode (8 bytes)
147  625       1       jdk.jfr.internal.util.Bytecode$MethodDesc::name (5 bytes)
147  626       1       jdk.internal.classfile.impl.AbstractInstruction$UnboundInvokeInstruction::method (5 bytes)
147  607       3       jdk.internal.classfile.impl.BufWriterImpl::writeU1U2U2 (75 bytes)
147  627       1       jdk.jfr.internal.util.Bytecode$FieldDesc::name (5 bytes)
147  618       1       jdk.internal.classfile.impl.RawBytecodeHelper$CodeRange::length (5 bytes)
147  600       3       jdk.internal.classfile.impl.RawBytecodeHelper::isStoreIntoLocal (18 bytes)
148  620       1       jdk.internal.classfile.impl.AbstractPseudoInstruction$ExceptionCatchImpl::tryEnd (5 bytes)
148  628       1       jdk.jfr.internal.EventWriterMethod::method (5 bytes)
148  632       3       jdk.internal.constant.ClassOrInterfaceDescImpl::equals (33 bytes)
148  631       3       jdk.internal.classfile.impl.StackMapGenerator$Frame::pushStack (27 bytes)
148  619       1       jdk.internal.classfile.impl.AbstractPseudoInstruction$ExceptionCatchImpl::tryStart (5 bytes)
148  633       3       jdk.internal.classfile.impl.StackMapGenerator$Frame::checkStack (96 bytes)
148  634   !   3       jdk.internal.classfile.impl.ClassReaderImpl::readU2 (37 bytes)
148  635       3       sun.reflect.generics.parser.SignatureParser::advance (53 bytes)
149  614       1       jdk.internal.classfile.impl.BufWriterImpl::constantPool (5 bytes)
149  318       3       jdk.internal.classfile.impl.SplitConstantPool::map (161 bytes)   made not entrant: not used
149  605       3       jdk.internal.classfile.impl.AbstractPoolEntry$AbstractNamedEntry::<init> (10 bytes)
149  615       1       jdk.internal.classfile.impl.AbstractAttributeMapper::name (5 bytes)
149  601       3       jdk.internal.classfile.impl.AbstractPoolEntry$ClassEntryImpl::hashCode (37 bytes)
149  636       3       jdk.internal.classfile.impl.SplitConstantPool::utf8Entry (25 bytes)
149  638       4       jdk.internal.classfile.impl.SplitConstantPool::entryByIndex (59 bytes)
149  637       3       jdk.internal.constant.MethodTypeDescImpl::descriptorString (16 bytes)
149  639       3       java.util.Arrays::equals (57 bytes)
150  642       3       java.util.HashMap$HashIterator::<init> (84 bytes)
150  640       3       java.lang.Character::isWhitespace (5 bytes)
150  643       3       jdk.internal.classfile.impl.DirectCodeBuilder::with (9 bytes)
150  431       3       jdk.internal.classfile.impl.SplitConstantPool::entryByIndex (59 bytes)   made not entrant: not used
150  644       3       jdk.internal.classfile.impl.DirectCodeBuilder::with (33 bytes)
151  641       3       java.lang.Character::isWhitespace (9 bytes)
151  645       3       jdk.internal.classfile.impl.SplitConstantPool::methodRefEntry (72 bytes)
151  650       3       jdk.internal.classfile.impl.DirectCodeBuilder::curPc (8 bytes)
151  648       3       jdk.internal.classfile.impl.AbstractPoolEntry$AbstractRefsEntry::writeTo (27 bytes)
151  649       3       java.util.ArrayList::isEmpty (13 bytes)
151  646       3       java.lang.classfile.constantpool.ConstantPoolBuilder::nameAndTypeEntry (21 bytes)
152  647       1       jdk.internal.classfile.impl.AbstractPseudoInstruction$ExceptionCatchImpl::handler (5 bytes)
152  617       1       jdk.internal.classfile.impl.AbstractPoolEntry$FieldRefEntryImpl::tag (3 bytes)
152  630       1       jdk.internal.classfile.impl.DirectCodeBuilder::curTopLocal (5 bytes)
152  629       1       jdk.internal.constant.PrimitiveClassDescImpl::isPrimitive (2 bytes)
152  651       3       jdk.internal.classfile.impl.SplitConstantPool::utf8Entry (6 bytes)
152  616       1       java.lang.invoke.DirectMethodHandle::internalMemberName (5 bytes)
152  652       1       jdk.internal.classfile.impl.DirectCodeBuilder::startLabel (5 bytes)
152  654       3       jdk.internal.classfile.impl.DirectClassBuilder::constantPool (5 bytes)
152  653       3       jdk.internal.classfile.impl.AbstractPoolEntry$ClassEntryImpl::<init> (22 bytes)
152  656       3       java.util.ArrayDeque::poll (5 bytes)
152  657       3       jdk.internal.classfile.impl.BufWriterImpl::writeIndex (10 bytes)
153  660       4       java.lang.String::getBytes (44 bytes)
153  658       3       jdk.internal.classfile.impl.AbstractPoolEntry$AbstractRefEntry::writeTo (18 bytes)
153  664       3       jdk.internal.classfile.impl.AbstractDirectBuilder::<init> (26 bytes)
153  668       3       jdk.internal.classfile.impl.AbstractPoolEntry$AbstractRefEntry::<init> (24 bytes)
153  665       3       jdk.internal.classfile.impl.AttributeHolder::<init> (17 bytes)
153  655       3       jdk.internal.classfile.impl.AbstractPoolEntry$AbstractMemberRefEntry::<init> (12 bytes)
153  666       3       java.lang.Class::descriptorString (137 bytes)
153   66       3       java.lang.String::getBytes (44 bytes)   made not entrant: not used
154  661       4       jdk.internal.classfile.impl.EntryMap::firstToken (50 bytes)
154  452       3       jdk.internal.classfile.impl.EntryMap::firstToken (50 bytes)   made not entrant: not used
155  663       3       java.util.LinkedHashMap$LinkedHashIterator::hasNext (13 bytes)
155  674       3       jdk.internal.classfile.impl.AbstractInstruction$UnboundInstruction::<init> (6 bytes)
155  675       3       jdk.internal.classfile.impl.AbstractInstruction::<init> (10 bytes)
155  673       3       jdk.internal.classfile.impl.ClassReaderImpl::entryByIndex (809 bytes)
156  680       4       java.util.HashMap::put (13 bytes)
158  679       3       java.util.HashMap::resize (356 bytes)
158  681       3       jdk.internal.classfile.impl.BlockCodeBuilderImpl::with (9 bytes)
159  682       3       jdk.internal.classfile.impl.BlockCodeBuilderImpl::with (83 bytes)
159  683       3       jdk.internal.classfile.impl.Util::checkKind (15 bytes)
159  676       3       jdk.internal.classfile.impl.BytecodeHelpers::isUnconditionalBranch (64 bytes)
159  677       3       jdk.internal.classfile.impl.SplitConstantPool::nameAndTypeEntry (7 bytes)
159  678       3       jdk.internal.classfile.impl.SplitConstantPool::nameAndTypeEntry (60 bytes)
159  667       3       jdk.internal.classfile.impl.DirectCodeBuilder::setLabelTarget (47 bytes)
160  686       1       jdk.internal.classfile.impl.BoundAttribute::attributeMapper (5 bytes)
160  685       3       java.lang.Class::cast (27 bytes)
160  669       1       jdk.internal.classfile.impl.UnboundAttribute$UnboundStackMapTableAttribute::entries (5 bytes)
160  670       1       java.util.ImmutableCollections$List12::isEmpty (2 bytes)
160  684       1       jdk.internal.classfile.impl.RawBytecodeHelper$CodeRange::array (5 bytes)
160  688       3       java.util.Arrays::fill (21 bytes)
160  691       3       jdk.internal.classfile.impl.StackMapGenerator::addFrame (150 bytes)
160  695     n 0       jdk.internal.reflect.ConstantPool::getUTF8At0 (native)   
160  689       3       jdk.internal.classfile.impl.Util::writeAttribute (67 bytes)
161  696     n 0       java.lang.Class::forName0 (native)   (static)
161  690       1       jdk.internal.classfile.impl.BufWriterImpl::getMajorVersion (5 bytes)
161  692       1       jdk.internal.classfile.impl.StackMapGenerator::maxStack (5 bytes)
161  693       1       jdk.internal.classfile.impl.StackMapGenerator::maxLocals (5 bytes)
161  659       1       jdk.internal.classfile.impl.AbstractPoolEntry$StringEntryImpl::tag (3 bytes)
161  694       1       jdk.internal.loader.AbstractClassLoaderValue$Sub::parent (5 bytes)
161  698       1       java.util.Collections$1::hasNext (5 bytes)
161  697       1       java.lang.reflect.Method::getDeclaringClass (5 bytes)
161  699       3       jdk.internal.classfile.impl.AttributeHolder::withAttribute (124 bytes)
161  702       3       jdk.internal.classfile.impl.DirectMethodBuilder::methodTypeSymbol (8 bytes)
162  700       3       java.util.List::copyOf (5 bytes)
162  701       3       java.util.ImmutableCollections::listCopy (54 bytes)
162  705       3       jdk.internal.classfile.impl.ClassReaderImpl::readEntry (16 bytes)
162  703       3       java.lang.reflect.Array::newInstance (6 bytes)
162  704       3       java.util.LinkedHashMap$LinkedHashIterator::nextNode (68 bytes)
162  662       1       java.lang.reflect.Method::getSharedExceptionTypes (5 bytes)
162  671       1       jdk.internal.classfile.impl.StackMapDecoder$ObjectVerificationTypeInfoImpl::tag (3 bytes)
162  706       3       java.util.Collections$UnmodifiableCollection$1::hasNext (10 bytes)
162  707       3       jdk.jfr.internal.util.Bytecode::invokevirtual (17 bytes)
163  708       3       java.lang.classfile.constantpool.ConstantPoolBuilder::methodRefEntry (22 bytes)
163  709       3       java.lang.classfile.CodeBuilder::invoke (46 bytes)
163   84       3       java.util.HashMap::put (13 bytes)   made not entrant: not used
163  687       4       jdk.internal.classfile.impl.SplitConstantPool::canWriteDirect (24 bytes)
163  710       3       jdk.internal.classfile.impl.DirectCodeBuilder::writeInvokeNormal (13 bytes)
163  714   !   3       jdk.internal.classfile.impl.ClassReaderImpl::readU1 (17 bytes)
163  711       3       jdk.internal.classfile.impl.DirectCodeBuilder::newLabel (10 bytes)
163  454       3       jdk.internal.classfile.impl.SplitConstantPool::canWriteDirect (24 bytes)   made not entrant: not used
163  715       4       jdk.internal.classfile.impl.RawBytecodeHelper::next (81 bytes)
163  712       3       java.lang.classfile.CodeBuilder::invokevirtual (14 bytes)
163  716       3       jdk.internal.classfile.impl.StackMapGenerator$Frame::decStack (29 bytes)
164  721       3       java.util.ArrayList$Itr::<init> (31 bytes)
164  718       3       jdk.internal.classfile.impl.StackMapGenerator$Frame::trimAndCompress (61 bytes)
164  719       3       jdk.internal.classfile.impl.BufWriterImpl::skip (22 bytes)
164  471       3       jdk.internal.classfile.impl.RawBytecodeHelper::next (81 bytes)   made not entrant: not used
164  720       3       jdk.internal.classfile.impl.StackMapGenerator$Frame::checkLocal (97 bytes)
164  725       3       jdk.internal.classfile.impl.NonterminalCodeBuilder::constantPool (10 bytes)
165  727       3       jdk.internal.classfile.impl.DirectCodeBuilder::writeBytecode (33 bytes)
165  724       3       jdk.internal.classfile.impl.AbstractInstruction$UnboundInstruction::writeTo (9 bytes)
165  726       3       java.lang.classfile.CodeBuilder::invoke (15 bytes)
165  717       3       jdk.internal.classfile.impl.StackMapGenerator$Type::isCategory2_2nd (20 bytes)
165  723       3       jdk.internal.classfile.impl.ClassReaderImpl::entryByIndex (8 bytes)
165  713       1       jdk.internal.classfile.impl.BlockCodeBuilderImpl::startLabel (5 bytes)
165  728       3       jdk.internal.classfile.impl.AbstractDirectBuilder::writeAttribute (20 bytes)
165  730       3       jdk.internal.classfile.impl.AttributeHolder::writeTo (34 bytes)
166  729       3       jdk.internal.classfile.impl.Util::isAttributeAllowed (45 bytes)
166  732       3       jdk.internal.classfile.impl.StackMapGenerator$Frame::<init> (75 bytes)
166  733       3       java.util.Arrays::fill (28 bytes)
166  735       3       jdk.internal.classfile.impl.StackMapGenerator$Type::referenceType (12 bytes)
166  736     n 0       jdk.internal.misc.Unsafe::putByte (native)   
166  734       3       java.util.Objects::checkIndex (7 bytes)
166  731       3       jdk.internal.classfile.impl.BufWriterImpl::<init> (39 bytes)
167  722       1       jdk.internal.classfile.impl.AccessFlagsImpl::flagsMask (5 bytes)
167  672       1       jdk.internal.classfile.impl.StackMapDecoder$ObjectVerificationTypeInfoImpl::className (5 bytes)
167  737       1       java.lang.Class::getAnnotationType (5 bytes)
167  738       3       jdk.internal.classfile.impl.DirectCodeBuilder::setLabelTarget (10 bytes)
167  739       3       jdk.internal.constant.ConstantUtils::referenceClassDesc (20 bytes)
167  740       3       jdk.internal.classfile.impl.BufWriterImpl::writeU1U1 (39 bytes)
168  742       3       jdk.internal.classfile.impl.BufWriterImpl::writeU2U2U2 (89 bytes)
168  741       3       java.lang.classfile.Attributes::stackMapTable (4 bytes)
168  744       3       java.lang.constant.DynamicConstantDesc::equals (81 bytes)
168  745       3       java.util.Collections$UnmodifiableCollection::iterator (9 bytes)
168  746       3       java.util.Collections$UnmodifiableCollection$1::<init> (31 bytes)
168  748       3       jdk.internal.classfile.impl.MethodImpl::methodType (21 bytes)
169  747       3       jdk.internal.classfile.impl.DirectCodeBuilder::labelBinding (11 bytes)
169  749       3       jdk.internal.classfile.impl.AbstractPoolEntry$Utf8EntryImpl::equalsString (215 bytes)
169  756       3       jdk.internal.classfile.impl.AbstractInstruction$UnboundInvokeInstruction::writeTo (45 bytes)
170  755       3       java.lang.classfile.CodeBuilder::dup (16 bytes)
170  753       3       java.lang.invoke.Invokers$Holder::linkToTargetMethod (8 bytes)
170  754       3       java.lang.invoke.LambdaForm$Holder::constant_L (8 bytes)
170  759       3       java.util.Arrays::rangeCheck (74 bytes)
171  751       3       jdk.internal.classfile.impl.SplitConstantPool::fieldRefEntry (72 bytes)
171  757       3       java.lang.classfile.instruction.StackInstruction::of (16 bytes)
171  765       4       jdk.internal.misc.Unsafe::getShortUnaligned (12 bytes)
171  758       3       jdk.internal.classfile.impl.AbstractInstruction$UnboundStackInstruction::<init> (6 bytes)
171  750       3       java.lang.classfile.constantpool.ConstantPoolBuilder::nameAndTypeEntry (21 bytes)
172  752       3       jdk.internal.classfile.impl.AbstractPoolEntry$NameAndTypeEntryImpl::<init> (12 bytes)
172  760       1       jdk.internal.classfile.impl.ClassReaderImpl::classfileLength (5 bytes)
172  761       1       jdk.internal.classfile.impl.TransformImpl$ResolvedTransform::startHandler (5 bytes)
172  364       3       jdk.internal.misc.Unsafe::getShortUnaligned (12 bytes)   made not entrant: not used
172  766       3       java.util.LinkedHashMap$LinkedEntryIterator::next (5 bytes)
172  767       3       jdk.internal.classfile.impl.ClassReaderImpl::checkTag (217 bytes)
172  768       3       jdk.internal.classfile.impl.TransformImpl$$Lambda/0x000018000102c460::accept (16 bytes)
172  743       3       jdk.internal.access.SharedSecrets::getJavaLangAccess (4 bytes)
173  762       1       jdk.internal.classfile.impl.TransformImpl$ResolvedTransform::consumer (5 bytes)
173  771       3       jdk.internal.classfile.impl.SplitConstantPool::entryByIndex (11 bytes)
173  772       3       jdk.internal.classfile.impl.StackMapGenerator::processExceptionHandlerTargets (125 bytes)
173  773       3       jdk.internal.classfile.impl.StackMapGenerator$Frame::writeTo (299 bytes)
173  777       4       jdk.internal.classfile.impl.AbstractElement::<init> (5 bytes)
173  526       3       jdk.internal.classfile.impl.AbstractElement::<init> (5 bytes)   made not entrant: not used
174  775       3       java.lang.invoke.Invokers::checkExactType (17 bytes)
174  776       3       java.lang.invoke.Invokers::checkCustomized (23 bytes)
174  774       3       jdk.internal.classfile.impl.StackMapGenerator$Type::writeTo (82 bytes)
174  781       4       java.lang.CharacterDataLatin1::isWhitespace (23 bytes)
174  782       3       java.lang.reflect.Constructor::newInstance (34 bytes)
174  778       3       jdk.internal.classfile.impl.RawBytecodeHelper::dest (16 bytes)
174  673       3       jdk.internal.classfile.impl.ClassReaderImpl::entryByIndex (809 bytes)   made not entrant: C1 deoptimize for patching
174  779       3       jdk.internal.classfile.impl.RawBytecodeHelper::getShortUnchecked (21 bytes)
175  220       3       java.lang.CharacterDataLatin1::isWhitespace (23 bytes)   made not entrant: not used
175  783       3       java.lang.reflect.Constructor::newInstanceWithCaller (51 bytes)
175  786       3       jdk.internal.classfile.impl.ClassReaderImpl::entryByIndex (809 bytes)
176  788       4       jdk.internal.classfile.impl.SplitConstantPool::tryFindUtf8 (103 bytes)
177  790       3       jdk.internal.classfile.impl.StackMapGenerator$Frame::trimAndCompress (31 bytes)
178  780       3       jdk.internal.classfile.impl.UnboundAttribute::<init> (10 bytes)
178  787       3       jdk.internal.classfile.impl.BufWriterImpl::patchInt (41 bytes)
178  784   !   3       jdk.internal.reflect.DirectConstructorHandleAccessor::newInstance (130 bytes)
179  792       3       java.util.ArrayList::get (15 bytes)
179  791       3       java.lang.classfile.TypeKind::fromDescriptor (232 bytes)
179  794       3       jdk.jfr.internal.util.Bytecode$MethodDesc::matches (42 bytes)
179  786       3       jdk.internal.classfile.impl.ClassReaderImpl::entryByIndex (809 bytes)   made not entrant: C1 deoptimize for patching
180  797       3       jdk.internal.classfile.impl.ClassReaderImpl::entryByIndex (809 bytes)
182  795       3       jdk.internal.classfile.impl.MethodImpl::methodTypeSymbol (8 bytes)
182  796       3       jdk.internal.constant.MethodTypeDescImpl::equals (65 bytes)
182  800       3       jdk.internal.classfile.impl.StackMapGenerator$Frame::<init> (13 bytes)
182  799       3       jdk.jfr.internal.EventInstrumentation::isMethod (6 bytes)
183  798       3       java.lang.classfile.TypeKind::from (25 bytes)
183  793       3       jdk.internal.classfile.impl.AbstractInstruction$UnboundLoadInstruction::<init> (11 bytes)
183  785       3       jdk.internal.reflect.DirectConstructorHandleAccessor::invokeImpl (103 bytes)
183  801       3       jdk.internal.classfile.impl.StackMapGenerator::deadCodePatching (112 bytes)
184  764       1       jdk.internal.classfile.impl.TransformImpl$ResolvedTransform::endHandler (5 bytes)
184  763       1       jdk.internal.classfile.impl.ClassReaderImpl::customAttributes (5 bytes)
184  770       3       jdk.internal.classfile.impl.BufWriterImpl::writeU2U2 (61 bytes)
184  811     n 0       java.lang.Double::longBitsToDouble (native)   (static)
184  810       3       jdk.internal.classfile.impl.StackMapGenerator$Frame::equals (28 bytes)
184  769       1       jdk.internal.classfile.impl.ClassReaderImpl::context (5 bytes)
184  809       3       jdk.internal.classfile.impl.BufWriterImpl::setLabelContext (11 bytes)
184  812       3       jdk.internal.classfile.impl.Util::fieldTypeSymbol (8 bytes)
184  802       1       sun.reflect.generics.tree.ClassTypeSignature::getPath (5 bytes)
184  803       1       sun.reflect.generics.tree.SimpleClassTypeSignature::getName (5 bytes)
185  804       1       sun.reflect.generics.tree.SimpleClassTypeSignature::getDollar (5 bytes)
185  813       3       jdk.internal.reflect.ConstantPool::getUTF8At (10 bytes)
185  814       3       java.nio.Buffer::nextGetIndex (32 bytes)
185  815       3       java.nio.HeapByteBuffer::byteOffset (7 bytes)
185  817       3       java.util.Collections$UnmodifiableCollection$1::next (10 bytes)
185  818       3       sun.invoke.util.Wrapper::forPrimitiveType (122 bytes)
185  816       3       jdk.internal.classfile.impl.MethodImpl::flags (24 bytes)
185  822       3       jdk.internal.classfile.impl.AbstractPoolEntry$ClassEntryImpl::asSymbol (53 bytes)
186  823       3       jdk.internal.classfile.impl.StackMapGenerator::processInvokeInstructions (262 bytes)
186  482       3       jdk.internal.classfile.impl.SplitConstantPool::tryFindUtf8 (103 bytes)   made not entrant: not used
187  827       4       java.util.HashMap$Node::<init> (26 bytes)
187   85       3       java.util.HashMap$Node::<init> (26 bytes)   made not entrant: not used
187  807       4       jdk.internal.classfile.impl.ClassReaderImpl::checkType (23 bytes)
188  557       3       jdk.internal.classfile.impl.ClassReaderImpl::checkType (23 bytes)   made not entrant: not used
188  789       4       jdk.internal.classfile.impl.DirectCodeBuilder::labelToBci (27 bytes)
188  830       3       jdk.internal.classfile.impl.AbstractPoolEntry$Utf8EntryImpl::inflate (73 bytes)
188  824       3       java.nio.HeapByteBuffer::getShort (29 bytes)
188  621       3       jdk.internal.classfile.impl.DirectCodeBuilder::labelToBci (27 bytes)   made not entrant: not used
188  837   !   4       jdk.internal.classfile.impl.ClassReaderImpl::readU2 (37 bytes)
189  832       3       jdk.internal.classfile.impl.StackMapGenerator$Frame::pushStack (84 bytes)
189  634   !   3       jdk.internal.classfile.impl.ClassReaderImpl::readU2 (37 bytes)   made not entrant: not used
189  808       4       jdk.internal.constant.MethodTypeDescImpl::parameterCount (6 bytes)
189  825   !   3       jdk.internal.misc.ScopedMemoryAccess::getShortUnaligned (18 bytes)
189  515       3       jdk.internal.constant.MethodTypeDescImpl::parameterCount (6 bytes)   made not entrant: not used
189  838       4       jdk.internal.util.ArraysSupport::vectorizedHashCode (158 bytes)
189  826   !   3       jdk.internal.misc.ScopedMemoryAccess::getShortUnalignedInternal (36 bytes)
190  829       3       jdk.internal.classfile.impl.CodeImpl::attributes (35 bytes)
190  821       3       java.lang.classfile.CodeBuilder::checkcast (19 bytes)
190  819       3       java.util.ArrayList::contains (14 bytes)
190  767       3       jdk.internal.classfile.impl.ClassReaderImpl::checkTag (217 bytes)   made not entrant: C1 deoptimize for patching
190  820       3       java.util.ArrayList::indexOf (11 bytes)
190  797       3       jdk.internal.classfile.impl.ClassReaderImpl::entryByIndex (809 bytes)   made not entrant: C1 deoptimize for patching
190  805       1       sun.reflect.generics.visitor.Reifier::getFactory (5 bytes)
190  806       1       sun.reflect.generics.tree.SimpleClassTypeSignature::getTypeArguments (5 bytes)
190  833       1       sun.reflect.annotation.AnnotationType::memberTypes (5 bytes)
190  840       3       java.lang.invoke.DirectMethodHandle$Holder::newInvokeSpecial (21 bytes)
190  841       3       jdk.internal.classfile.impl.AbstractPoolEntry$Utf8EntryImpl::<init> (32 bytes)
191  843       3       jdk.internal.classfile.impl.DirectCodeBuilder::writeShortJump (92 bytes)
191  844       3       jdk.internal.classfile.impl.DirectCodeBuilder::writeParsedShortLabel (54 bytes)
191  846       3       java.lang.classfile.constantpool.ConstantPoolBuilder::fieldRefEntry (22 bytes)
191  845       3       java.lang.invoke.Invokers$Holder::linkToTargetMethod (9 bytes)
191  831       1       jdk.internal.classfile.impl.BoundAttribute::constantPool (5 bytes)
191  828       1       jdk.internal.classfile.impl.BoundAttribute$BoundCodeAttribute::codeLength (5 bytes)
192  848       3       jdk.internal.classfile.impl.ClassReaderImpl::checkTag (217 bytes)
192  175       3       jdk.internal.util.ArraysSupport::vectorizedHashCode (158 bytes)   made not entrant: not used
192  842       4       jdk.internal.classfile.impl.EntryMap::put (186 bytes)
192  849       3       jdk.internal.classfile.impl.LabelImpl::writeTo (6 bytes)
192  853       3       jdk.internal.classfile.impl.NonterminalCodeBuilder::findTerminal (24 bytes)
192  847       3       java.lang.classfile.Attributes::code (4 bytes)
192  855   !   3       jdk.internal.classfile.impl.ClassReaderImpl::readInt (77 bytes)
192  836       1       jdk.jfr.internal.ClassInspector::isJDK (5 bytes)
192  859       3       jdk.internal.classfile.impl.StackMapGenerator$Frame::merge (48 bytes)
193  861       3       jdk.internal.classfile.impl.StackMapGenerator::removeRangeFromExcTable (326 bytes)
193  860       3       jdk.internal.classfile.impl.StackMapGenerator$Type::mergeFrom (100 bytes)
194  864       3       jdk.internal.classfile.impl.Util::powerOctal (21 bytes)
194  862       3       java.util.ArrayList::listIterator (10 bytes)
194  461       3       jdk.internal.classfile.impl.EntryMap::put (186 bytes)   made not entrant: not used
194  857       4       jdk.internal.classfile.impl.StackMapGenerator::addFrame (150 bytes)
194  863       3       java.util.ArrayList$ListItr::<init> (21 bytes)
194  856       3       jdk.jfr.internal.EventInstrumentation::getEventConfiguration (61 bytes)
194  866       1       sun.invoke.util.Wrapper::basicClassDescriptor (5 bytes)
194  834       1       sun.reflect.annotation.AnnotationType::memberDefaults (5 bytes)
195  835       1       sun.reflect.annotation.AnnotationType::retention (5 bytes)
195  850       1       jdk.jfr.internal.ClassInspector::getFields (5 bytes)
195  851       1       jdk.internal.classfile.impl.BlockCodeBuilderImpl::reachable (5 bytes)
195  852       1       jdk.internal.classfile.impl.BlockCodeBuilderImpl::endLabel (5 bytes)
195  854       1       jdk.internal.classfile.impl.AbstractPoolEntry$LongEntryImpl::tag (2 bytes)
195  858       1       jdk.internal.classfile.impl.StackMapGenerator$RawExceptionCatch::handler (5 bytes)
195  867       1       java.lang.classfile.ClassFile::latestMajorVersion (3 bytes)
195  868       3       jdk.internal.classfile.impl.AbstractPoolEntry$FieldRefEntryImpl::<init> (12 bytes)
195  870       3       java.util.LinkedHashMap$LinkedValueIterator::next (8 bytes)
195  871       3       jdk.internal.classfile.impl.Util::slotSize (24 bytes)
196  872     n 0       java.lang.Class::getSuperclass (native)   
196  873       3       java.lang.Class::isInterface (8 bytes)
196  874       3       java.lang.reflect.Modifier::isInterface (14 bytes)
196  875     n 0       java.lang.invoke.MethodHandle::linkToSpecial(LLLLLL)V (native)   (static)
197  876       3       java.lang.invoke.LambdaForm::argument (27 bytes)
197  877     n 0       java.lang.invoke.MethodHandle::linkToSpecial(LLLLLL)L (native)   (static)
197  878       3       java.lang.invoke.MethodType::genericMethodType (95 bytes)
197  882       3       jdk.internal.classfile.impl.AbstractPoolEntry$MethodRefEntryImpl::<init> (12 bytes)
197  884       3       java.util.BitSet::get (69 bytes)
198  887       3       jdk.internal.classfile.impl.BufWriterImpl::writeBytes (30 bytes)
198  886       3       java.util.ArrayDeque::addLast (51 bytes)
198  888       3       java.util.ArrayDeque::add (7 bytes)
198  889       3       jdk.internal.classfile.impl.StackCounter$Target::<init> (15 bytes)
198  883       3       jdk.internal.classfile.impl.UnboundAttribute$AdHocAttribute::<init> (6 bytes)
198  879       3       java.lang.Module::isNamed (13 bytes)
199  893       3       java.lang.StringConcatHelper::prepend (62 bytes)
199  891       3       jdk.internal.classfile.impl.BufWriterImpl::writeInt (58 bytes)
199  890       3       jdk.internal.classfile.impl.UnboundAttribute$AdHocAttribute::writeTo (49 bytes)
199  881       3       jdk.internal.classfile.impl.DirectMethodBuilder::with (9 bytes)
199  892       1       java.lang.invoke.MethodType::rtype (5 bytes)
200  895       3       jdk.internal.classfile.impl.StackCounter::next (68 bytes)
200  898       3       jdk.internal.classfile.impl.BufWriterImpl::grow (33 bytes)
200  896       3       jdk.internal.classfile.impl.RawBytecodeHelper::reset (20 bytes)
200  902       3       sun.reflect.generics.parser.SignatureParser::skipIdentifier (67 bytes)
200  691       3       jdk.internal.classfile.impl.StackMapGenerator::addFrame (150 bytes)   made not entrant: not used
200  880       4       java.util.ImmutableCollections$ListN::size (6 bytes)
200  899       3       java.lang.PublicMethods$Key::matches (31 bytes)
200  400       3       java.util.ImmutableCollections$ListN::size (6 bytes)   made not entrant: not used
200  894       4       java.lang.String::toString (2 bytes)
201  903       3       jdk.internal.constant.MethodTypeDescImpl::buildDescriptorString (205 bytes)
201  476       3       java.lang.String::toString (2 bytes)   made not entrant: not used
201  865       4       java.lang.invoke.MethodType::parameterCount (6 bytes)
201  172       3       java.lang.invoke.MethodType::parameterCount (6 bytes)   made not entrant: not used
201  901       4       java.lang.invoke.MethodType::parameterType (7 bytes)
201  434       3       java.lang.invoke.MethodType::parameterType (7 bytes)   made not entrant: not used
202  839       4       jdk.internal.classfile.impl.ClassReaderImpl::entryByIndex (809 bytes)
202  906       3       jdk.internal.classfile.impl.BufWriterImpl::cpIndexOrZero (21 bytes)
203  900       3       java.lang.invoke.MemberName::isConstructor (8 bytes)
203  897       3       jdk.internal.classfile.impl.AbstractPoolEntry$Utf8EntryImpl::clone (6 bytes)
203  905       3       jdk.internal.classfile.impl.AbstractPseudoInstruction$ExceptionCatchImpl::<init> (44 bytes)
203  907       3       java.lang.Integer::numberOfLeadingZeros (79 bytes)
203  904       3       java.lang.classfile.constantpool.MemberRefEntry::type (12 bytes)
204  910       3       java.lang.Character::charCount (12 bytes)
204  909       3       sun.reflect.annotation.AnnotationInvocationHandler::invoke (182 bytes)
204  914       3       java.util.List::of (64 bytes)
205  913       3       java.lang.Character::codePointAt (51 bytes)
205  912       3       java.util.LinkedHashMap$LinkedHashIterator::<init> (52 bytes)
205  380       3       java.io.DataInputStream::readUTF (601 bytes)   made not entrant: C1 deoptimize for patching
205  915       3       java.lang.Class::getInterfaces (40 bytes)
206  920       3       java.io.DataInputStream::readUTF (601 bytes)
206  925     n 0       jdk.internal.misc.Unsafe::getLong (native)   
207  918       3       java.io.DataInputStream::readUnsignedByte (22 bytes)
207  919  s    3       java.io.ByteArrayInputStream::read (36 bytes)
207  917   !   3       java.lang.String::<init> (852 bytes)
208  922  s    2       java.io.ByteArrayInputStream::read (73 bytes)
209  923       3       java.io.DataInputStream::readBoolean (13 bytes)
209  921       3       java.lang.String::<init> (22 bytes)
209  927       3       jdk.jfr.internal.MetadataLoader$FieldElement::<init> (93 bytes)
210  929       3       jdk.internal.misc.Unsafe::getLongUnaligned (173 bytes)
210  930       3       jdk.internal.misc.Unsafe::getIntUnaligned (83 bytes)
210  931       3       java.lang.Character::isJavaIdentifierPart (9 bytes)
210  933       3       java.util.ArrayList::elementData (7 bytes)
211  932       3       java.lang.CharacterDataLatin1::isJavaIdentifierPart (20 bytes)
211  935       3       java.util.ImmutableCollections$ListN::<init> (15 bytes)
211  936       3       java.lang.String::indexOf (65 bytes)
211  938       3       java.util.ArrayList::toArray (12 bytes)
211  937       1       jdk.jfr.ValueDescriptor::isArray (5 bytes)
212  940       3       jdk.internal.module.Checks::isJavaIdentifier (76 bytes)
212  926       4       java.io.DataInputStream::readFully (59 bytes)
212  941       3       java.util.HashMap::putMapEntries (170 bytes)
213  942       1       jdk.jfr.internal.Type::getName (5 bytes)
213  939       3       java.lang.Class::privateGetDeclaredMethods (56 bytes)
213  943       3       java.lang.CharacterDataLatin1::isJavaIdentifierStart (23 bytes)
213  945       3       java.lang.Class::forName (8 bytes)
213  947       3       jdk.jfr.internal.Type::getFields (37 bytes)
213  680       4       java.util.HashMap::put (13 bytes)   made not entrant: uncommon trap
213  948       3       jdk.jfr.AnnotationElement::checkType (26 bytes)
213  949       3       jdk.jfr.internal.PrivateAccess::getInstance (15 bytes)
213  950       3       jdk.jfr.EventSettings$InternalAccess::newAnnotation (11 bytes)
214  944       3       jdk.internal.loader.AbstractClassLoaderValue::map (20 bytes)
214  951       3       java.lang.Number::<init> (5 bytes)
214  952       3       java.util.ArrayList::set (24 bytes)
214  954       3       sun.reflect.annotation.AnnotationType::getInstance (65 bytes)
214  955       3       java.lang.System$1::getAnnotationType (5 bytes)
214  953       3       jdk.jfr.internal.MetadataLoader::newAnnotation (25 bytes)
214  956       3       java.util.LinkedHashMap$LinkedKeyIterator::next (8 bytes)
215  957       3       jdk.jfr.internal.util.Utils::unboxType (82 bytes)
215  960       3       jdk.jfr.AnnotationElement::<init> (308 bytes)
215  963     n 0       jdk.jfr.internal.JVM::getTypeId (native)   (static)
216  962       3       java.util.ImmutableCollections::listFromArray (39 bytes)
216  958       3       java.util.Collections$UnmodifiableCollection::size (10 bytes)
216  959       3       java.util.Collections$UnmodifiableList::get (11 bytes)
216  961       3       jdk.jfr.internal.AnnotationConstruct::<init> (18 bytes)
216  965       3       jdk.jfr.internal.Type::add (17 bytes)
216  964       3       java.lang.invoke.DirectMethodHandle::internalMemberName (8 bytes)
216  966       3       jdk.jfr.internal.util.Utils::ensureJavaIdentifier (42 bytes)
217  972       3       java.util.HashMap::put (13 bytes)
217  967       3       jdk.jfr.EventSettings$InternalAccess::newValueDescriptor (17 bytes)
217  973       3       java.util.LinkedHashMap$LinkedKeyIterator::<init> (14 bytes)
217  974       3       jdk.jfr.internal.Type::getKnownType (51 bytes)
217  968       3       jdk.jfr.ValueDescriptor::<init> (101 bytes)
218  969       3       java.util.LinkedHashMap::keySet (5 bytes)
218  977     n 0       java.lang.invoke.MethodHandle::linkToVirtual(LL)J (native)   (static)
218  970       3       java.util.LinkedHashMap::sequencedKeySet (31 bytes)
218  971       3       java.util.LinkedHashMap$LinkedKeySet::iterator (16 bytes)
218  976       3       java.lang.invoke.MemberName::getModifiers (8 bytes)
218  978       3       java.util.Collections::emptyList (4 bytes)
218  979       3       jdk.internal.util.ReferencedKeyMap::entryKey (33 bytes)
219  985     n 0       java.lang.invoke.MethodHandle::linkToStatic(LLLL)I (native)   (static)
219  983       3       java.lang.invoke.MethodTypeForm::canonicalizeAll (63 bytes)
219  981   !   3       java.lang.invoke.MemberName::clone (14 bytes)
219  982       3       java.lang.invoke.LambdaForm$Name::withIndex (35 bytes)
219  986       3       java.lang.invoke.LambdaForm$BasicType::basicType (187 bytes)
219  988       3       jdk.internal.classfile.impl.BytecodeHelpers::ldcOpcode (41 bytes)
220  989       3       jdk.internal.classfile.impl.DirectCodeBuilder::writeDirectLoadConstant (77 bytes)
220  980       3       jdk.internal.util.WeakReferenceKey::<init> (15 bytes)
220  992       3       jdk.jfr.internal.TypeLibrary$$Lambda/0x0000180001071e50::applyAsLong (8 bytes)
220  993       3       java.util.Comparator$$Lambda/0x00001800010728f8::compare (10 bytes)
220  994       3       java.util.Comparator::lambda$comparingLong$6043328a$1 (18 bytes)
220  995       3       java.lang.Long::compare (22 bytes)
221  996       3       sun.invoke.util.VerifyAccess::isSamePackage (37 bytes)
221  998     n 0       java.lang.invoke.MethodHandle::linkToVirtual(LLL)V (native)   (static)
221  991       1       jdk.jfr.internal.Type::getId (5 bytes)
221  984       3       jdk.internal.util.ReferencedKeyMap::internKey (57 bytes)
221  997       3       jdk.internal.util.StrongReferenceKey::equals (28 bytes)
221 1001       1       jdk.jfr.internal.AnnotationConstruct::getUnmodifiableAnnotationElements (5 bytes)
221 1002       1       jdk.jfr.AnnotationElement::getType (5 bytes)
221  987       3       jdk.internal.constant.MethodTypeDescImpl::ofValidated (27 bytes)
222 1006       3       java.util.ArrayDeque::sub (14 bytes)
222 1007       3       java.util.ArrayDeque$$Lambda/0x0000180001073030::accept (9 bytes)
222 1003       3       java.util.ArrayDeque::size (17 bytes)
222 1009       3       java.util.ArrayDeque::copyElements (13 bytes)
222 1010       3       java.util.ArrayDeque$$Lambda/0x0000180001073030::<init> (10 bytes)
222 1005       3       java.util.ArrayDeque::isEmpty (17 bytes)
222 1014       3       java.lang.Iterable::forEach (39 bytes)
223 1008       3       jdk.jfr.internal.Type::getAnnotationElements (8 bytes)
223 1013       3       jdk.jfr.EventSettings$InternalAccess::getType (98 bytes)
223 1015       3       jdk.jfr.AnnotationElement::getAnnotationElements (8 bytes)
223 1016       3       java.util.ArrayDeque::addAll (50 bytes)
224 1011       3       java.util.LinkedHashMap::newNode (23 bytes)
224 1012       3       java.util.LinkedHashMap$Entry::<init> (10 bytes)
224 1017       1       jdk.jfr.ValueDescriptor::getType (5 bytes)
224  999       3       java.lang.invoke.MemberName::getName (25 bytes)
224 1019       3       jdk.jfr.internal.TypeLibrary::visitAnnotations (92 bytes)
224  355       3       java.io.DataInputStream::readFully (59 bytes)   made not entrant: not used
224  911       4       java.lang.StringLatin1::replace (197 bytes)
225 1018       3       java.util.ImmutableCollections$List12::forEach (31 bytes)
225 1020       3       java.util.ArrayDeque::<init> (35 bytes)
225 1023       3       java.util.ArrayDeque::<init> (16 bytes)
226 1027       3       java.util.ArrayDeque::grow (165 bytes)
226 1021       3       jdk.jfr.ValueDescriptor::getAnnotationElements (8 bytes)
226 1022       3       java.lang.Long::hashCode (8 bytes)
226 1024       3       java.util.Collections$UnmodifiableCollection::<init> (22 bytes)
226 1025       3       java.util.Collections$UnmodifiableRandomAccessList::<init> (6 bytes)
226 1026       3       java.util.Collections$UnmodifiableList::<init> (11 bytes)
226 1030       3       java.util.Collections::unmodifiableList (51 bytes)
227 1031       1       jdk.jfr.internal.PlatformEventType::getAllSettings (5 bytes)
227 1032       3       java.util.LinkedHashMap::afterNodeInsertion (40 bytes)
227 1034       3       java.lang.Long::hashCode (8 bytes)
227 1000       3       java.lang.invoke.InnerClassLambdaMetafactory::classDesc (25 bytes)
227 1035       3       java.lang.Long::valueOf (40 bytes)
228  990       1       jdk.internal.util.ClassFileDumper::isEnabled (5 bytes)
228 1038       3       jdk.jfr.internal.TypeLibrary$$Lambda/0x0000180001072ba0::test (8 bytes)
228 1039       3       jdk.jfr.internal.TypeLibrary::lambda$initialize$0 (24 bytes)
228 1037       3       java.lang.Long::equals (32 bytes)
228 1036       1       java.lang.Long::longValue (5 bytes)
229 1044       2       java.lang.invoke.Invokers::maybeCustomize (5 bytes)
229 1045       2       java.lang.invoke.MethodHandle::maybeCustomize (38 bytes)
229 1046       2       java.lang.Class::isAnnotation (17 bytes)
230 1047       2       jdk.internal.constant.ConstantUtils::referenceClassDesc (8 bytes)
230 1048       2       jdk.internal.classfile.impl.StackCounter::<init> (2420 bytes)
232  448       3       java.lang.StringLatin1::replace (197 bytes)   made not entrant: not used
232 1028       4       java.util.HashMap::getNode (150 bytes)
234 1054       2       java.util.LinkedHashMap::get (29 bytes)
234 1053       2       jdk.internal.reflect.ReflectionFactory::copyMethod (11 bytes)
234 1052       2       java.lang.invoke.LambdaForm::prepare (92 bytes)
234 1051       2       java.lang.invoke.MethodTypeForm::cachedLambdaForm (23 bytes)
234 1056       2       jdk.jfr.internal.Type::getKnownType (65 bytes)
234 1057       2       jdk.jfr.AnnotationElement::getTypeId (8 bytes)
234 1059       2       java.util.LinkedHashMap::sequencedEntrySet (31 bytes)
235 1060       2       java.util.LinkedHashMap$LinkedEntrySet::iterator (16 bytes)
235 1061       2       java.util.LinkedHashMap$LinkedEntryIterator::<init> (14 bytes)
235 1058       2       java.util.LinkedHashMap::entrySet (5 bytes)
235 1063       2       jdk.jfr.internal.Type::getTypeId (21 bytes)
235 1065       2       jdk.jfr.AnnotationElement::getTypeName (8 bytes)
235 1055       1       java.lang.Boolean::booleanValue (5 bytes)
235 1049       1       jdk.internal.classfile.impl.StackCounter::maxStack (5 bytes)
235 1050       1       jdk.internal.classfile.impl.StackCounter::maxLocals (5 bytes)
235 1067       3       jdk.jfr.AnnotationElement::getTypeId (8 bytes)
235 1057       2       jdk.jfr.AnnotationElement::getTypeId (8 bytes)   made not entrant: not used
235 1062       1       jdk.jfr.ValueDescriptor::getName (5 bytes)
236 1068       2       jdk.jfr.internal.AnnotationConstruct::getAnnotationElement (127 bytes)
236 1069       2       java.lang.StringLatin1::indexOf (121 bytes)
236   91       3       java.util.HashMap::getNode (150 bytes)   made not entrant: not used
236  924       4       java.util.Objects::checkFromIndexSize (8 bytes)
236 1070       2       jdk.jfr.internal.EventControl::remove (76 bytes)
236 1071       2       jdk.jfr.internal.Type::hasAnnotation (17 bytes)
237  351       3       java.util.Objects::checkFromIndexSize (8 bytes)   made not entrant: not used
237 1064       4       java.util.LinkedHashMap$LinkedHashIterator::hasNext (13 bytes)
237 1072       1       jdk.jfr.internal.PlatformEventType::hasPeriod (5 bytes)
237 1073       1       java.util.Collections$EmptyList::isEmpty (2 bytes)
237  663       3       java.util.LinkedHashMap$LinkedHashIterator::hasNext (13 bytes)   made not entrant: not used
237 1066       4       java.util.LinkedHashMap$LinkedHashIterator::nextNode (68 bytes)
237 1076       2       jdk.internal.util.DecimalDigits::uncheckedPutCharLatin1 (40 bytes)
237 1074       1       jdk.jfr.AnnotationElement::getValues (5 bytes)
237 1077 %     3       jdk.jfr.internal.Type::getKnownType @ 14 (65 bytes)
237  704       3       java.util.LinkedHashMap$LinkedHashIterator::nextNode (68 bytes)   made not entrant: not used
238 1029       4       java.util.ImmutableCollections$ListItr::hasNext (17 bytes)
238  273       3       java.util.ImmutableCollections$ListItr::hasNext (17 bytes)   made not entrant: not used
238  946       4       java.lang.CharacterData::of (136 bytes)
238 1079       1       jdk.jfr.internal.PlatformEventType::isJVM (5 bytes)
238  545       3       java.lang.CharacterData::of (136 bytes)   made not entrant: not used
238 1075       4       java.util.LinkedHashMap$LinkedEntryIterator::next (5 bytes)
238 1080       3       jdk.jfr.internal.Type::setAnnotations (9 bytes)
238 1082       3       jdk.jfr.internal.util.Utils::findField (44 bytes)
238 1083       3       java.util.ArrayList::remove (76 bytes)
239  766       3       java.util.LinkedHashMap$LinkedEntryIterator::next (5 bytes)   made not entrant: not used
239  934       4       java.lang.CharacterDataLatin1::getProperties (11 bytes)
239 1091       3       java.util.LinkedHashMap::sequencedEntrySet (31 bytes)
239 1094     n 0       jdk.internal.misc.Unsafe::getLongVolatile (native)   
239 1059       2       java.util.LinkedHashMap::sequencedEntrySet (31 bytes)   made not entrant: not used
239 1093       3       jdk.jfr.internal.Type::getKnownType (65 bytes)
239  458       3       java.lang.CharacterDataLatin1::getProperties (11 bytes)   made not entrant: not used
239 1078   !   4       java.util.ImmutableCollections$ListItr::next (34 bytes)
240 1056       2       jdk.jfr.internal.Type::getKnownType (65 bytes)   made not entrant: not used
240 1092       3       java.util.LinkedHashMap$LinkedEntrySet::iterator (16 bytes)
240 1060       2       java.util.LinkedHashMap$LinkedEntrySet::iterator (16 bytes)   made not entrant: not used
240 1081       3       jdk.jfr.internal.AnnotationConstruct::setAnnotationElements (9 bytes)
240 1084       1       jdk.jfr.internal.PlatformEventType::setHasCutoff (6 bytes)
240 1085       1       jdk.jfr.internal.PlatformEventType::setHasThrottle (6 bytes)
240 1086       1       jdk.jfr.internal.PlatformEventType::setHasLevel (6 bytes)
240 1087       1       jdk.jfr.internal.PlatformEventType::setHasPeriod (6 bytes)
240  281   !   3       java.util.ImmutableCollections$ListItr::next (34 bytes)   made not entrant: not used
240 1004       4       java.util.ImmutableCollections$ListN::get (7 bytes)
240 1095       3       sun.reflect.generics.parser.SignatureParser::parsePackageNameAndSimpleClassTypeSignature (119 bytes)
241  558       3       java.util.ImmutableCollections$ListN::get (7 bytes)   made not entrant: not used
241  916       4       java.lang.Math::min (11 bytes)
241 1088       1       jdk.jfr.internal.PlatformEventType::hasCutoff (5 bytes)
241  138       3       java.lang.Math::min (11 bytes)   made not entrant: not used
241 1041       4       java.util.ArrayDeque::pollFirst (36 bytes)
241 1089       1       jdk.jfr.internal.PlatformEventType::hasThrottle (5 bytes)
241 1096     n 0       java.lang.invoke.MethodHandle::linkToStatic(IL)L (native)   (static)
241 1090       1       jdk.jfr.internal.PlatformEventType::hasLevel (5 bytes)
241 1099     n 0       java.lang.invoke.MethodHandle::invokeBasic(L)I (native)   
241 1097       3       java.lang.invoke.MemberName::isCallerSensitive (8 bytes)
241 1100     n 0       java.lang.invoke.MethodHandle::linkToSpecial(LLL)I (native)   (static)
241 1098       3       java.lang.invoke.MemberName$Factory::resolveOrFail (83 bytes)
241  282       3       java.util.ArrayDeque::pollFirst (36 bytes)   made not entrant: not used
241 1042       4       java.util.ArrayDeque::isEmpty (17 bytes)
242 1005       3       java.util.ArrayDeque::isEmpty (17 bytes)   made not entrant: not used
242 1043       4       java.util.ArrayDeque::poll (5 bytes)
242 1101       3       jdk.internal.classfile.impl.RawBytecodeHelper$CodeRange::start (9 bytes)
242 1103     n 0       java.lang.invoke.MethodHandle::linkToStatic(LLLLLL)L (native)   (static)
242 1102       3       jdk.internal.classfile.impl.RawBytecodeHelper::<init> (10 bytes)
242 1104       3       java.lang.invoke.MemberName::isStatic (8 bytes)
242 1106     n 0       java.lang.invoke.MethodHandle::invokeBasic(LLLLL)L (native)   
242 1105       3       java.util.ArrayList::addAll (76 bytes)
242  656       3       java.util.ArrayDeque::poll (5 bytes)   made not entrant: not used
242 1033       4       java.util.ArrayDeque::addLast (51 bytes)
242 1110       3       jdk.internal.classfile.impl.DirectClassBuilder::withMethod (54 bytes)
243 1107       3       java.lang.invoke.MethodType::parameterSlotCount (8 bytes)
243 1108       1       java.lang.invoke.LambdaForm$Name::index (5 bytes)
243 1109       1       java.lang.invoke.LambdaForm$BasicType::basicTypeKind (5 bytes)
243  886       3       java.util.ArrayDeque::addLast (51 bytes)   made not entrant: not used
243  908       4       sun.reflect.generics.parser.SignatureParser::current (59 bytes)
244 1112       3       java.lang.Class::getAnnotation (22 bytes)
244  533       3       sun.reflect.generics.parser.SignatureParser::current (59 bytes)   made not entrant: not used
244  975       4       java.lang.Character::codePointAt (51 bytes)
244 1113       3       java.lang.WeakPairMap::expungeStaleAssociations (31 bytes)
244 1114       3       java.lang.WeakPairMap$Pair::hashCode (10 bytes)
245 1116       3       java.lang.reflect.Method::<init> (68 bytes)
245 1115       3       java.lang.PublicMethods$MethodList::getMostSpecific (63 bytes)
245  913       3       java.lang.Character::codePointAt (51 bytes)   made not entrant: not used
245 1117       4       sun.reflect.generics.parser.SignatureParser::advance (53 bytes)
245 1119       3       java.lang.reflect.ProxyGenerator$ProxyMethod::parameterTypes (8 bytes)
245 1121       3       java.util.ImmutableCollections$List12::<init> (21 bytes)
245  635       3       sun.reflect.generics.parser.SignatureParser::advance (53 bytes)   made not entrant: not used
245 1111       4       java.util.ArrayList::add (25 bytes)
245 1122       3       java.lang.CharSequence::isEmpty (15 bytes)
246 1123       3       jdk.internal.classfile.impl.AbstractPoolEntry$Utf8EntryImpl::charAt (62 bytes)
246 1118       3       sun.reflect.annotation.AnnotationParser::parseMemberValue (230 bytes)
247 1128       3       java.lang.Class::getMethodsRecursive (104 bytes)
247 1131     n 0       java.lang.Class::getConstantPool (native)   
247 1130       3       java.lang.reflect.Method::copy (92 bytes)
248 1126       3       java.lang.PublicMethods$MethodList::<init> (10 bytes)
248 1127       3       java.lang.invoke.LambdaForm$MH/0x0000180001041800::invoke (25 bytes)
248 1013       3       jdk.jfr.EventSettings$InternalAccess::getType (98 bytes)   made not entrant: C1 deoptimize for patching
248 1129       3       java.lang.invoke.LambdaForm::uncustomize (57 bytes)
248 1124       1       jdk.internal.classfile.impl.BufWriterImpl::labelContext (5 bytes)
248 1125       1       jdk.internal.classfile.impl.DirectCodeBuilder::methodInfo (5 bytes)
248 1133       3       java.lang.Class::getMethod (38 bytes)
248  284       3       java.util.ArrayList::add (25 bytes)   made not entrant: not used
248 1120       4       java.lang.invoke.Invokers$Holder::linkToTargetMethod (9 bytes)
248 1135       3       java.lang.Module::implIsExportedOrOpen (92 bytes)
249  845       3       java.lang.invoke.Invokers$Holder::linkToTargetMethod (9 bytes)   made not entrant: not used
249 1139       4       java.util.ImmutableCollections$AbstractImmutableList::iterator (13 bytes)
249 1136       3       java.lang.String::indexOf (64 bytes)
249 1137       3       java.lang.StringLatin1::indexOf (25 bytes)
249 1138       3       java.lang.reflect.Method::getParameterCount (6 bytes)
249 1134       3       java.lang.Class::getMethod0 (32 bytes)
249 1142       2       jdk.jfr.EventSettings$InternalAccess::getType (98 bytes)
250 1141       3       java.lang.WeakPairMap$Pair::lookup (10 bytes)
250  286       3       java.util.ImmutableCollections$AbstractImmutableList::iterator (13 bytes)   made not entrant: not used
250 1040       4       java.lang.Long::hashCode (8 bytes)
250 1132       1       java.lang.reflect.Method::getRoot (5 bytes)
250 1022       3       java.lang.Long::hashCode (8 bytes)   made not entrant: not used
250 1145       4       java.lang.Class::cast (27 bytes)
250 1140       1       java.util.Collections$EmptyMap::get (2 bytes)
250 1143       3       java.lang.WeakPairMap$Pair::equals (34 bytes)
250 1144       3       java.lang.WeakPairMap$Pair$Weak::second (8 bytes)
250 1147       3       java.lang.invoke.Invokers$Holder::invokeExact_MT (23 bytes)
251  685       3       java.lang.Class::cast (27 bytes)   made not entrant: not used
251  869       4       jdk.internal.classfile.impl.SplitConstantPool::utf8Entry (45 bytes)
251 1149       3       java.lang.PublicMethods$MethodList::filter (104 bytes)
251 1148       3       java.lang.Class::annotationData (44 bytes)
251 1150       3       java.lang.WeakPairMap::get (17 bytes)
252 1152  s    3       jdk.jfr.internal.TypeLibrary::createAnnotation (103 bytes)
252 1157   !   3       jdk.internal.loader.AbstractClassLoaderValue::computeIfAbsent (113 bytes)
253 1159       3       java.lang.WeakPairMap$Pair$Lookup::hashCode (12 bytes)
253 1160       3       java.lang.WeakPairMap$Pair$Weak::first (5 bytes)
253 1158       3       java.lang.Module::isExplicitlyExportedOrOpened (70 bytes)
253 1153       3       java.lang.invoke.DirectMethodHandle$Holder::invokeSpecial (15 bytes)
253 1146       1       java.lang.reflect.Field::getType (5 bytes)
253 1155       1       java.lang.reflect.Field::getModifiers (5 bytes)
253 1156       1       java.lang.reflect.Field::getName (5 bytes)
253 1162       3       java.util.ArrayList::fastRemove (44 bytes)
254 1168       3       sun.reflect.generics.visitor.Reifier::visitClassTypeSignature (381 bytes)
254 1163       3       sun.reflect.annotation.AnnotationParser::parseSig (62 bytes)
255 1164       3       sun.reflect.generics.parser.SignatureParser::make (8 bytes)
255 1172       3       java.lang.WeakPairMap$Pair$Lookup::equals (31 bytes)
256 1165       3       sun.reflect.generics.parser.SignatureParser::<init> (5 bytes)
256 1166       3       sun.reflect.generics.parser.SignatureParser::parseTypeSig (10 bytes)
256 1167       3       sun.reflect.generics.parser.SignatureParser::init (16 bytes)
256 1169       3       java.nio.HeapByteBuffer::get (14 bytes)
256 1170       3       java.nio.Buffer::nextGetIndex (30 bytes)
256 1171       3       java.nio.HeapByteBuffer::ix (7 bytes)
256 1176       3       jdk.internal.classfile.impl.ClassFileImpl::passDebugElements (23 bytes)
256 1175       3       sun.reflect.generics.tree.SimpleClassTypeSignature::make (11 bytes)
256 1174   !   3       java.lang.reflect.Executable::declaredAnnotations (85 bytes)
257 1177       1       java.lang.classfile.ClassFile::latestMinorVersion (2 bytes)
257 1178       1       jdk.internal.classfile.impl.DirectClassBuilder::setFlags (6 bytes)
257 1179       3       java.util.HashMap::<init> (98 bytes)
257 1182       3       jdk.internal.classfile.impl.BufWriterImpl::writeIndexOrZero (10 bytes)
258 1180       3       jdk.internal.classfile.impl.DirectCodeBuilder::checkcast (13 bytes)
258 1184       3       jdk.jfr.internal.TypeLibrary$$Lambda/0x0000180001077748::test (8 bytes)
258 1185       3       jdk.jfr.internal.TypeLibrary::lambda$addTypes$0 (24 bytes)
258 1181       3       java.lang.classfile.CodeBuilder::exceptionCatch (29 bytes)
258 1188       3       java.lang.reflect.Modifier::isTransient (14 bytes)
258 1189       3       jdk.jfr.internal.TypeLibrary::isDefined (16 bytes)
259 1190  s    3       jdk.jfr.internal.TypeLibrary::createAnnotationType (148 bytes)
260 1195       3       java.lang.Module::isReflectivelyExportedOrOpened (182 bytes)
261 1197       3       java.util.ArrayList::indexOfRange (71 bytes)
261 1194       3       java.lang.invoke.LambdaForm$MH/0x0000180001041c00::invoke (35 bytes)
261 1186       3       jdk.internal.loader.AbstractClassLoaderValue$Sub::equals (55 bytes)
261 1193       1       java.lang.reflect.Field::getDeclaringClass (5 bytes)
261 1196       3       jdk.internal.loader.AbstractClassLoaderValue$Sub::hashCode (19 bytes)
261 1191       3       jdk.jfr.EventSettings$InternalAccess::newSettingDescriptor (13 bytes)
262 1192       3       jdk.jfr.SettingDescriptor::<init> (59 bytes)
262 1187       1       java.util.Collections$SingletonList::size (2 bytes)
262 1199   !   3       sun.reflect.annotation.AnnotationParser::parseAnnotation2 (275 bytes)
263 1203       3       jdk.internal.classfile.impl.StackMapGenerator::processMethod (258 bytes)
263  464       3       jdk.internal.classfile.impl.SplitConstantPool::utf8Entry (45 bytes)   made not entrant: not used
263 1161       4       java.util.HashMap::containsKey (14 bytes)
263  869       4       jdk.internal.classfile.impl.SplitConstantPool::utf8Entry (45 bytes)   made not entrant: uncommon trap
263 1201       3       java.lang.invoke.MemberName::getMethodOrFieldType (72 bytes)
264 1198       3       java.lang.Class::getInterfaces (6 bytes)
264 1200   !   3       jdk.proxy1.$Proxy6::annotationType (28 bytes)
264 1205       3       jdk.internal.classfile.impl.DirectMethodBuilder::<init> (42 bytes)
264  839       4       jdk.internal.classfile.impl.ClassReaderImpl::entryByIndex (809 bytes)   made not entrant: uncommon trap
264 1207       3       jdk.internal.classfile.impl.ClassReaderImpl::skipAttributeHolder (113 bytes)
265 1202       3       java.lang.reflect.Method::getRoot (5 bytes)
265 1209       3       sun.reflect.generics.parser.SignatureParser::parseTypeSignature (130 bytes)
265 1210       3       sun.reflect.generics.parser.SignatureParser::parseFieldTypeSignature (6 bytes)
265 1211       3       sun.reflect.generics.parser.SignatureParser::parseFieldTypeSignature (73 bytes)
265 1212       3       sun.reflect.generics.parser.SignatureParser::parseClassTypeSignature (95 bytes)
266 1213       3       sun.reflect.generics.parser.SignatureParser::parseClassTypeSignatureSuffix (29 bytes)
266 1214       3       sun.reflect.generics.tree.ClassTypeSignature::make (9 bytes)
266 1215       3       sun.reflect.generics.tree.ClassTypeSignature::<init> (10 bytes)
266 1216       3       sun.reflect.generics.tree.ClassTypeSignature::accept (8 bytes)
266 1218       3       java.lang.Module::implAddExportsOrOpens (279 bytes)
267  304       3       java.util.HashMap::containsKey (14 bytes)   made not entrant: not used
267 1208       4       java.lang.Object::equals (11 bytes)
267  111       3       java.lang.Object::equals (11 bytes)   made not entrant: not used
267 1173       4       java.lang.CharacterDataLatin1::isJavaIdentifierPart (20 bytes)
267  932       3       java.lang.CharacterDataLatin1::isJavaIdentifierPart (20 bytes)   made not entrant: not used
267 1151       4       java.lang.Long::hashCode (8 bytes)
267 1219       3       jdk.internal.constant.ConstantUtils::skipOverFieldSignature (254 bytes)
268 1034       3       java.lang.Long::hashCode (8 bytes)   made not entrant: not used
268 1154       4       java.lang.Long::valueOf (40 bytes)
268 1221       3       java.lang.Module::isExported (18 bytes)
268 1035       3       java.lang.Long::valueOf (40 bytes)   made not entrant: not used
268 1217       4       jdk.internal.util.ArraysSupport::hashCodeOfUnsigned (55 bytes)
268 1223       3       jdk.internal.misc.VM::isSystemDomainLoader (17 bytes)
269 1224       3       jdk.internal.module.Modules::addExports (12 bytes)
269 1226     n 0       java.lang.invoke.MethodHandle::invokeBasic(I)V (native)   
269 1225       3       java.lang.System$1::addExports (7 bytes)
269 1206       3       jdk.internal.classfile.impl.DirectMethodBuilder::withCode (22 bytes)
269  187       3       jdk.internal.util.ArraysSupport::hashCodeOfUnsigned (55 bytes)   made not entrant: not used
269 1229       3       java.lang.invoke.LambdaForm$BasicType::basicType (8 bytes)
269 1220       4       java.util.Arrays::copyOfRange (82 bytes)
269 1231   !   3       jdk.internal.classfile.impl.StackMapGenerator::detectFrames (498 bytes)
270  920       3       java.io.DataInputStream::readUTF (601 bytes)   made not entrant: marked for deoptimization
270 1230       3       sun.invoke.util.Wrapper::basicTypeChar (18 bytes)
270 1227       3       jdk.internal.classfile.impl.DirectClassBuilder::with (9 bytes)
270 1228       3       jdk.internal.classfile.impl.DirectClassBuilder::with (33 bytes)
271 1235     n 0       java.lang.invoke.MethodHandle::linkToSpecial(LL)J (native)   (static)
271 1233       1       java.lang.invoke.LambdaForm$BasicType::basicTypeClass (5 bytes)
271 1236       3       java.lang.StrictMath::floorOrCeil (128 bytes)
271  178       3       java.util.Arrays::copyOfRange (82 bytes)   made not entrant: not used
271 1232       4       jdk.internal.classfile.impl.SplitConstantPool::utf8Entry (45 bytes)
271 1237       3       java.lang.Math::getExponent (17 bytes)
271 1222       1       jdk.internal.classfile.impl.AnnotationImpl::className (5 bytes)
271 1183       1       jdk.internal.classfile.impl.UnboundAttribute$UnboundExceptionsAttribute::exceptions (5 bytes)
271  993       3       java.util.Comparator$$Lambda/0x00001800010728f8::compare (10 bytes)   made not entrant: marked for deoptimization
271  994       3       java.util.Comparator::lambda$comparingLong$6043328a$1 (18 bytes)   made not entrant: marked for deoptimization
271 1019       3       jdk.jfr.internal.TypeLibrary::visitAnnotations (92 bytes)   made not entrant: marked for deoptimization
271 1048       2       jdk.internal.classfile.impl.StackCounter::<init> (2420 bytes)   made not entrant: marked for deoptimization
272 1204       1       java.lang.invoke.InfoFromMemberName::getReferenceKind (5 bytes)
272  895       3       jdk.internal.classfile.impl.StackCounter::next (68 bytes)   made not entrant: marked for deoptimization
272 1239       3       sun.nio.fs.UnixPath::checkNotNul (16 bytes)
274 1240       3       java.lang.invoke.MethodHandles$Lookup::isArrayClone (50 bytes)
274 1242       3       jdk.internal.classfile.impl.StackMapGenerator::processFieldInstructions (140 bytes)
275 1244       3       jdk.jfr.internal.Type::compareTo (9 bytes)
275 1245       3       jdk.jfr.internal.Type::compareTo (12 bytes)
275 1154       4       java.lang.Long::valueOf (40 bytes)   made not entrant: uncommon trap
275 1243       1       jdk.jfr.internal.Type::isVisible (5 bytes)
276 1247       3       jdk.internal.util.DecimalDigits::stringSize (55 bytes)
276 1249       3       java.lang.Long::valueOf (40 bytes)
276 1248       3       jdk.internal.util.DecimalDigits::uncheckedGetCharsLatin1 (160 bytes)
276 1254       3       jdk.internal.util.DecimalDigits::uncheckedPutCharLatin1 (40 bytes)
276 1076       2       jdk.internal.util.DecimalDigits::uncheckedPutCharLatin1 (40 bytes)   made not entrant: not used
276 1250       3       jdk.internal.util.DecimalDigits::uncheckedPutPairLatin1 (31 bytes)
276 1253       3       jdk.jfr.internal.MetadataDescriptor$Element::addAttribute (23 bytes)
277 1255       3       jdk.jfr.internal.MetadataDescriptor$Attribute::<init> (15 bytes)
277 1252       3       java.lang.String::valueOf (15 bytes)
277 1256       3       java.lang.Long::toString (55 bytes)
277 1257       3       jdk.jfr.internal.MetadataDescriptor$Element::<init> (32 bytes)
277 1258       3       jdk.jfr.internal.MetadataDescriptor$Element::newChild (22 bytes)
277 1263       3       jdk.jfr.internal.MetadataWriter::makeAnnotation (115 bytes)
278 1259       3       java.lang.Long::toString (8 bytes)
278 1264       3       jdk.jfr.AnnotationElement::getValueDescriptors (11 bytes)
278 1266       3       jdk.jfr.internal.MetadataWriter::makeFieldElement (114 bytes)
278 1260       1       jdk.jfr.ValueDescriptor::isConstantPool (5 bytes)
278 1267       3       jdk.jfr.ValueDescriptor::getTypeId (8 bytes)
279 1268       1       jdk.jfr.SettingDescriptor::getName (5 bytes)
279 1271       3       jdk.internal.util.DecimalDigits::stringSize (47 bytes)
279 1269       1       jdk.jfr.SettingDescriptor::getDefaultValue (5 bytes)
279 1270       3       jdk.jfr.EventSettings$InternalAccess::isConstantPool (5 bytes)
279 1276       3       jdk.jfr.SettingDescriptor::getTypeId (8 bytes)
279 1272       3       jdk.internal.util.DecimalDigits::uncheckedGetCharsLatin1 (105 bytes)
279 1241       3       java.lang.invoke.MethodHandles$Lookup::fixmods (28 bytes)
279 1277       3       java.util.ArrayList::elementAt (4 bytes)
279 1273       1       jdk.jfr.internal.Type::getSuperType (5 bytes)
279 1280       3       java.lang.Boolean::valueOf (14 bytes)
280 1278       3       java.lang.Boolean::toString (8 bytes)
280 1279       3       java.lang.String::valueOf (14 bytes)
280 1246       3       sun.invoke.util.VerifyAccess::isClassAccessible (230 bytes)
280 1282       3       jdk.jfr.internal.MetadataWriter::makeTypeElement (210 bytes)
281 1291       3       jdk.jfr.internal.MetadataWriter::buildStringPool (109 bytes)
281 1281       3       jdk.jfr.SettingDescriptor::getAnnotationElements (8 bytes)
281 1283       3       java.lang.StringBuilder::append (8 bytes)
281 1284       3       java.lang.AbstractStringBuilder::append (72 bytes)
282 1288       2       java.util.HashMap::afterNodeAccess (1 bytes)
282 1285       3       jdk.jfr.internal.util.Utils::isSettingVisible (45 bytes)
282 1286       1       jdk.jfr.internal.MetadataDescriptor$Attribute::name (5 bytes)
282 1287       1       jdk.jfr.internal.MetadataDescriptor$Attribute::value (5 bytes)
283 1293  s    3       java.io.ByteArrayOutputStream::write (32 bytes)
283 1295       3       java.io.DataOutputStream::incCount (20 bytes)
283 1296  s    3       java.io.DataOutputStream::write (14 bytes)
283 1297       3       jdk.jfr.internal.MetadataWriter::writeInt (148 bytes)
283 1294       3       java.io.ByteArrayOutputStream::ensureCapacity (32 bytes)
283 1298       3       jdk.jfr.internal.MetadataWriter::writeString (67 bytes)
283 1238       4       java.util.HashMap::putVal (300 bytes)
284 1299       1       jdk.jfr.internal.consumer.StringParser$Encoding::byteValue (5 bytes)
284 1300       3       java.lang.Integer::valueOf (32 bytes)
284 1301       3       java.io.DataOutputStream::writeByte (14 bytes)
284 1302       3       java.lang.Integer::<init> (10 bytes)
286 1307       3       java.util.LinkedHashMap::get (29 bytes)
286 1054       2       java.util.LinkedHashMap::get (29 bytes)   made not entrant: not used
286 1308       1       java.lang.Integer::intValue (5 bytes)
286 1309       2       jdk.jfr.internal.MetadataWriter::write (168 bytes)
287 1310       3       jdk.jfr.internal.MetadataWriter::write (168 bytes)
287 1309       2       jdk.jfr.internal.MetadataWriter::write (168 bytes)   made not entrant: not used
290 1312       2       java.lang.Math::ceil (5 bytes)
290 1313       2       java.lang.StrictMath::ceil (10 bytes)
290 1315       2       java.util.HashMap::<init> (8 bytes)
290 1314       2       java.util.HashMap::calculateHashMapCapacity (11 bytes)
290 1318 %     3       java.lang.StringLatin1::indexOf @ 30 (121 bytes)
291 1317       2       java.util.HashSet::<init> (17 bytes)
291 1319       2       java.util.HashSet::newHashSet (43 bytes)
291 1320       2       jdk.jfr.internal.SettingsManager$InternalSetting::addToMap (43 bytes)
291 1316       2       java.util.LinkedHashMap::<init> (16 bytes)
291 1321       2       java.lang.String::trim (35 bytes)
291 1322       1       jdk.jfr.internal.SettingsManager$InternalSetting::getSettingsId (5 bytes)
291 1323       1       jdk.jfr.internal.EventControl$NamedControl::name (5 bytes)
292 1324       1       jdk.jfr.internal.EventControl$NamedControl::control (5 bytes)
292 1325       1       jdk.jfr.internal.Control::getLastValue (5 bytes)
292 1329     n 0       jdk.jfr.internal.JVM::setEnabled (native)   (static)
292 1328       2       jdk.jfr.internal.settings.BooleanSetting::parse (28 bytes)
292 1326       2       java.util.HashSet::size (8 bytes)
292 1327       1       jdk.jfr.internal.settings.BooleanSetting::getValue (5 bytes)
292 1334       2       java.lang.String::strip (35 bytes)
292 1335       2       java.lang.StringLatin1::strip (52 bytes)
292 1330       1       jdk.jfr.internal.PlatformEventType::isEnabled (5 bytes)
292 1331       1       jdk.jfr.internal.EventControl::getEventType (5 bytes)
292 1332       1       jdk.jfr.internal.EventControl::getSettingsId (5 bytes)
293 1336   !   2       jdk.jfr.internal.Control::setValue (69 bytes)
293  556       3       java.util.HashMap::putVal (300 bytes)   made not entrant: not used
293 1290       4       java.util.HashMap::put (13 bytes)
293 1338     n 0       jdk.jfr.internal.JVM::getConfiguration (native)   (static)
293 1337       2       jdk.jfr.internal.SettingsManager$InternalSetting::getValues (35 bytes)
293 1340       2       jdk.internal.misc.Unsafe::putByte (8 bytes)
293 1341       2       jdk.jfr.internal.event.EventWriter::putUncheckedByte (22 bytes)
293 1339       2       jdk.jfr.internal.event.EventWriter::putUncheckedLong (278 bytes)
293  972       3       java.util.HashMap::put (13 bytes)   made not entrant: not used
293 1303  s    4       java.io.ByteArrayOutputStream::write (32 bytes)
294 1342       2       jdk.jfr.internal.event.EventWriter::putUncheckedChar (7 bytes)
294 1345       3       jdk.jfr.internal.event.EventWriter::putUncheckedByte (22 bytes)
294 1349     n 0       jdk.jfr.internal.JVM::getEventWriter (native)   (static)
294 1341       2       jdk.jfr.internal.event.EventWriter::putUncheckedByte (22 bytes)   made not entrant: not used
294 1343       1       jdk.jfr.internal.event.EventConfiguration::platformEventType (5 bytes)
294 1352     n 0       jdk.jfr.internal.JVM::commit (native)   (static)
294 1333       1       jdk.jfr.internal.EventControl::getNamedControls (5 bytes)
294 1344       2       jdk.jfr.internal.event.EventWriter::isValidForSize (44 bytes)
294 1347       3       jdk.jfr.internal.event.EventWriter::putLong (15 bytes)
294 1353       3       jdk.jfr.internal.event.EventWriter::putUncheckedLong (278 bytes)
295 1339       2       jdk.jfr.internal.event.EventWriter::putUncheckedLong (278 bytes)   made not entrant: not used
295 1357       3       jdk.jfr.internal.event.EventWriter::putUncheckedChar (7 bytes)
295 1342       2       jdk.jfr.internal.event.EventWriter::putUncheckedChar (7 bytes)   made not entrant: not used
295 1356       3       jdk.jfr.internal.event.EventWriter::putStringValue (56 bytes)
295 1293  s    3       java.io.ByteArrayOutputStream::write (32 bytes)   made not entrant: not used
295 1304       4       java.io.ByteArrayOutputStream::ensureCapacity (32 bytes)
295 1354       3       jdk.jfr.internal.Control::isType (17 bytes)
295 1294       3       java.io.ByteArrayOutputStream::ensureCapacity (32 bytes)   made not entrant: not used
296 1305  s    4       java.io.DataOutputStream::write (14 bytes)
296 1358       3       jdk.jfr.internal.event.EventWriter::putString (84 bytes)
296 1359       3       jdk.jfr.internal.event.EventWriter::putUncheckedInt (11 bytes)
296 1348       1       jdk.jfr.internal.PlatformEventType::hasEventHook (5 bytes)
296 1346       1       jdk.jfr.internal.PlatformEventType::isCommittable (5 bytes)
296 1350       1       jdk.jfr.internal.event.EventConfiguration::id (5 bytes)
296 1351       1       jdk.jfr.internal.PlatformEventType::isLargeSize (5 bytes)
296 1355       1       jdk.jfr.internal.PlatformEventType::isRegistered (5 bytes)
296 1360       1       jdk.jfr.internal.periodic.EventTask::getEventType (5 bytes)
296 1361       3       jdk.jfr.internal.event.EventConfiguration::isEnabled (8 bytes)
297 1362 %     3       java.util.Properties$LineReader::readLine @ 224 (584 bytes)
297 1363     n 0       java.lang.ref.Reference::refersTo0 (native)   
297 1296  s    3       java.io.DataOutputStream::write (14 bytes)   made not entrant: not used
297 1364     n 0       java.lang.Thread::currentCarrierThread (native)   (static)
297 1306       4       jdk.jfr.internal.MetadataWriter::writeInt (148 bytes)
[0.299s][info][jfr,startup] Started recording 1. No limit specified, using maxsize=250MB as default.
[0.299s][info][jfr,startup] 
[0.299s][info][jfr,startup] Use jcmd 1562 JFR.dump name=1 to copy recording data to file.
299  911       4       java.lang.StringLatin1::replace (197 bytes)   made not entrant: uncommon trap
299 1369       1       jdk.jfr.internal.periodic.PeriodicTask::getPeriod (5 bytes)
299 1365       3       jdk.jfr.internal.event.EventWriter::getEventWriter (14 bytes)
299 1366       3       jdk.jfr.internal.event.EventWriter::beginEvent (70 bytes)
300 1367       3       jdk.jfr.internal.event.EventWriter::reserveEventSizeField (60 bytes)
300 1368       3       jdk.jfr.internal.event.EventWriter::endEvent (134 bytes)
300 1370       2       Hot::f (14 bytes)
302 1372 %     3       Hot::main @ 4 (34 bytes)
302 1373       3       Hot::main (34 bytes)
302 1297       3       jdk.jfr.internal.MetadataWriter::writeInt (148 bytes)   made not entrant: not used
302 1289       4       java.util.HashSet::add (20 bytes)
303  114       3       java.util.HashSet::add (20 bytes)   made not entrant: not used
303 1374 %     4       Hot::main @ 4 (34 bytes)
303 1372 %     3       Hot::main @ 4 (34 bytes)   made not entrant: OSR invalidation of lower level
304 1261       4       java.util.ArrayList::iterator (9 bytes)
304  312       3       java.util.ArrayList::iterator (9 bytes)   made not entrant: not used
304 1311       4       java.util.LinkedHashMap::get (29 bytes)
308 1307       3       java.util.LinkedHashMap::get (29 bytes)   made not entrant: not used
308 1262       4       java.lang.String::<init> (15 bytes)
309  179       3       java.lang.String::<init> (15 bytes)   made not entrant: not used
309 1275       4       jdk.internal.util.DecimalDigits::uncheckedPutCharLatin1 (40 bytes)
309 1254       3       jdk.internal.util.DecimalDigits::uncheckedPutCharLatin1 (40 bytes)   made not entrant: not used
309 1234       4       jdk.internal.classfile.impl.AbstractPoolEntry::hashString (5 bytes)
309  428       3       jdk.internal.classfile.impl.AbstractPoolEntry::hashString (5 bytes)   made not entrant: not used
309 1274       4       java.util.Collections$UnmodifiableCollection$1::hasNext (10 bytes)
310  706       3       java.util.Collections$UnmodifiableCollection$1::hasNext (10 bytes)   made not entrant: not used
310 1265       4       jdk.jfr.internal.PrivateAccess::getInstance (15 bytes)
310  949       3       jdk.jfr.internal.PrivateAccess::getInstance (15 bytes)   made not entrant: not used
310  885       4       java.util.BitSet::wordIndex (5 bytes)
310  531       3       java.util.BitSet::wordIndex (5 bytes)   made not entrant: not used
310 1371       4       Hot::f (14 bytes)
311 1370       2       Hot::f (14 bytes)   made not entrant: not used
311 1292       4       java.util.HashMap::afterNodeAccess (1 bytes)
311 1288       2       java.util.HashMap::afterNodeAccess (1 bytes)   made not entrant: not used
311  928  s    4       java.io.ByteArrayInputStream::read (73 bytes)
312  922  s    2       java.io.ByteArrayInputStream::read (73 bytes)   made not entrant: not used
312 1251       4       java.lang.Long::<init> (10 bytes)
911 1374 %     4       Hot::main @ 4 (34 bytes)   made not entrant: uncommon trap
2494822943242782720
928 1375       3       jdk.jfr.internal.settings.BooleanSetting::setValue (27 bytes)
928 1376       3       jdk.internal.misc.Unsafe::getAndAddLong (27 bytes)
928 1377       3       jdk.internal.misc.Unsafe::weakCompareAndSetLong (11 bytes)
928 1378       3       java.util.concurrent.atomic.AtomicLong::incrementAndGet (14 bytes)
928 1379       3       jdk.jfr.internal.periodic.PeriodicEvents::setChanged (8 bytes)
929 1380       1       jdk.jfr.internal.Control::getDefaultValue (5 bytes)
929 1381       3       java.lang.invoke.MemberName::changeReferenceKind (46 bytes)
930 1382     n 0       java.lang.invoke.MethodHandle::linkToSpecial(LIJLLILL)V (native)   (static)
930 1383       1       java.lang.invoke.LambdaForm$Name::type (5 bytes)
930 1384     n 0       java.lang.invoke.MethodHandle::linkToStatic(LIL)I (native)   (static)
931 1385       3       java.lang.invoke.MethodHandle::<init> (37 bytes)
931 1387     n 0       java.lang.invoke.MethodHandle::invokeBasic(LI)I (native)   
931 1388     n 0       java.lang.invoke.MethodHandle::linkToSpecial(LLIL)I (native)   (static)
931 1386       3       java.lang.invoke.MethodHandles$Lookup::checkSymbolicClass (25 bytes)
932 1389       3       jdk.internal.classfile.impl.DirectCodeBuilder::loadLocal (126 bytes)
932 1390       3       java.lang.invoke.MethodHandles$Lookup::lookupClassOrNull (17 bytes)
932 1392     n 0       java.lang.invoke.MethodHandle::linkToStatic(LLLIL)L (native)   (static)
932 1391       3       java.lang.invoke.DirectMethodHandle::preparedLambdaForm (31 bytes)
932 1393       4       java.lang.Math::max (11 bytes)
933 1395       3       java.lang.invoke.MemberName::ensureTypeVisible (180 bytes)
933  321       3       java.lang.Math::max (11 bytes)   made not entrant: not used
933 1394       4       jdk.internal.classfile.impl.BufWriterImpl::cpIndex (33 bytes)
933 1396     n 0       java.lang.invoke.MethodHandle::invokeBasic(LLLI)L (native)   
933 1404     n 0       java.lang.invoke.MethodHandle::linkToStatic(LIL)J (native)   (static)
934 1401       3       java.lang.classfile.ClassBuilder::withMethod (34 bytes)
934 1405     n 0       java.lang.invoke.MethodHandle::invokeBasic(LI)J (native)   
934 1406     n 0       java.lang.invoke.MethodHandle::linkToSpecial(LLIL)J (native)   (static)
934 1402       3       jdk.internal.classfile.impl.DirectClassBuilder::withMethod (29 bytes)
934 1403       1       jdk.internal.classfile.impl.AnnotationImpl::elements (5 bytes)
934  456       3       jdk.internal.classfile.impl.BufWriterImpl::cpIndex (33 bytes)   made not entrant: not used
934 1400       4       jdk.internal.classfile.impl.SplitConstantPool::internalAdd (78 bytes)
934 1397       3       java.lang.String::concat (15 bytes)
935 1398       3       java.lang.StringConcatHelper::doConcat (62 bytes)
935 1408     n 0       java.lang.invoke.MethodHandle::invokeBasic(IJLLIL)L (native)   
935 1409     n 0       java.lang.invoke.MethodHandle::linkToSpecial(LIJLLILL)L (native)   (static)
935 1399       3       java.lang.StringConcatHelper::checkOverflow (16 bytes)
935 1407       3       java.lang.invoke.MethodType::basicType (8 bytes)
935 1410       3       java.lang.invoke.LambdaForm::internArgument (85 bytes)
936 1412       3       jdk.internal.classfile.impl.DirectCodeBuilder::fieldAccess (14 bytes)
936 1413     n 0       java.lang.invoke.MethodHandle::invokeBasic(L)J (native)   
936 1411       3       java.lang.invoke.LambdaForm::parameter (38 bytes)
936 1414     n 0       java.lang.invoke.MethodHandle::linkToSpecial(LLL)J (native)   (static)
936 1415       3       java.lang.invoke.LambdaForm::parameterType (9 bytes)
936 1417       3       java.lang.StringLatin1::replace (197 bytes)
937 1419       3       java.lang.invoke.InvokerBytecodeGenerator::classDesc (88 bytes)
937 1418       3       java.lang.invoke.MethodType::insertParameterTypes (121 bytes)
937 1424     n 0       java.lang.invoke.MethodHandle::linkToStatic(LLLLLLLL)L (native)   (static)
938 1425     n 0       java.lang.invoke.MethodHandle::invokeBasic(LLLLLLL)L (native)   
938 1421       3       java.lang.invoke.LambdaForm$NamedFunction::methodType (28 bytes)
938 1423       3       sun.invoke.util.VerifyType::isNullConversion (157 bytes)
939 1433     n 0       java.lang.invoke.MethodHandle::linkToStatic(LLLLLLLLL)L (native)   (static)
939 1427       3       jdk.internal.classfile.impl.StackMapGenerator$Type::equals (54 bytes)
939 1428   !   3       jdk.internal.classfile.impl.DirectCodeBuilder$4::tryGenerateStackMaps (48 bytes)
939 1435     n 0       java.lang.invoke.MethodHandle::invokeBasic(LLLLLLLL)L (native)   
939 1432       3       jdk.internal.classfile.impl.AbstractPoolEntry$Utf8EntryImpl::fieldTypeSymbol (34 bytes)
940 1422       3       java.lang.invoke.MemberName::getInvocationType (56 bytes)
940 1436     n 0       jdk.internal.misc.Unsafe::ensureClassInitialized0 (native)   
940 1434   !   3       java.lang.invoke.MemberName$Factory::resolve (159 bytes)
940 1441       3       jdk.internal.classfile.impl.StackMapGenerator$Frame::<init> (13 bytes)
940 1438       3       java.lang.String::endsWith (15 bytes)
940 1442     n 0       java.lang.invoke.MethodHandle::linkToStatic(LLLLLLLLLL)L (native)   (static)
941 1437       3       jdk.internal.classfile.impl.DirectClassBuilder::withField (54 bytes)
941 1440       1       java.lang.invoke.LambdaForm$BasicType::basicTypeWrapper (5 bytes)
941 1431       1       java.lang.constant.ClassDesc::isArray (2 bytes)
941 1444     n 0       java.lang.invoke.MethodHandle::invokeBasic(LLLLLLLLL)L (native)   
941 1443       3       java.lang.invoke.LambdaForm$Name::replaceNames (175 bytes)
941 1448       3       jdk.internal.classfile.impl.StackMapGenerator$Frame::getLocalRawInternal (13 bytes)
942 1445       3       java.lang.invoke.LambdaForm$BasicType::basicTypeSlots (8 bytes)
942 1446       3       sun.invoke.util.Wrapper::stackSlots (9 bytes)
942 1447       3       jdk.internal.classfile.impl.AbstractPoolEntry$Utf8EntryImpl::clone (65 bytes)
942 1420       3       jdk.internal.classfile.impl.DirectCodeBuilder::ldc (23 bytes)
942 1449     n 0       java.lang.invoke.MethodHandle::linkToStatic(LIL)L (native)   (static)
942 1450       3       java.lang.invoke.LambdaForm$NamedFunction::returnType (11 bytes)
942 1453     n 0       java.lang.invoke.MethodHandle::invokeBasic(LI)L (native)   
942 1454     n 0       java.lang.invoke.MethodHandle::linkToSpecial(LLIL)L (native)   (static)
942 1451       3       java.lang.invoke.MemberName::flagsMods (45 bytes)
943 1455     n 0       java.lang.invoke.MethodHandle::linkToStatic(LILL)V (native)   (static)
943 1452       3       java.lang.invoke.MemberName::init (53 bytes)
943 1456     n 0       java.lang.invoke.MethodHandle::invokeBasic(LIL)V (native)   
943 1457       3       java.lang.invoke.DirectMethodHandle::preparedLambdaForm (238 bytes)
943 1458     n 0       java.lang.invoke.MethodHandle::linkToSpecial(LLILL)V (native)   (static)
944 1459       3       java.lang.invoke.LambdaForm::useCount (107 bytes)
944 1460       3       java.lang.invoke.InvokerBytecodeGenerator::emitImplicitConversion (166 bytes)
944  784   !   3       jdk.internal.reflect.DirectConstructorHandleAccessor::newInstance (130 bytes)   made not entrant: C1 deoptimize for patching
944  427       3       jdk.internal.classfile.impl.SplitConstantPool::internalAdd (78 bytes)   made not entrant: not used
944 1426       4       java.lang.invoke.MemberName::getReferenceKind (12 bytes)
944 1461       3       jdk.internal.classfile.impl.AbstractAttributeMapper::writeAttribute (48 bytes)
945  425       3       java.lang.invoke.MemberName::getReferenceKind (12 bytes)   made not entrant: not used
945 1416       4       java.lang.Record::<init> (5 bytes)
945  240       3       java.lang.Record::<init> (5 bytes)   made not entrant: not used
945 1439       4       java.lang.AbstractStringBuilder::needsNewBuffer (33 bytes)
945  158       3       java.lang.AbstractStringBuilder::needsNewBuffer (33 bytes)   made not entrant: not used
945 1429       4       jdk.internal.classfile.impl.BufWriterImpl::writeU1 (24 bytes)
948  527       3       jdk.internal.classfile.impl.BufWriterImpl::writeU1 (24 bytes)   made not entrant: not used
949 1430       4       java.lang.AbstractStringBuilder::append (100 bytes)
950 1462       3       java.lang.ref.SoftReference::<init> (13 bytes)
