19    1       3       java.lang.Object::<init> (1 bytes)
19    2       3       java.lang.Byte::toUnsignedInt (6 bytes)
19    3       3       java.lang.String::hashCode (60 bytes)
19    4     n 0       jdk.internal.misc.Unsafe::getReferenceVolatile (native)   
20    6       3       java.util.ImmutableCollections$SetN::probe (56 bytes)
21    5       3       java.lang.Math::floorMod (20 bytes)
21    7       3       java.lang.String::equals (56 bytes)
21    8       3       java.util.Objects::requireNonNull (14 bytes)
21    9       3       java.lang.StringLatin1::equals (36 bytes)
21   12       4       java.lang.Object::<init> (1 bytes)
21   10       3       java.util.Objects::equals (23 bytes)
21    1       3       java.lang.Object::<init> (1 bytes)   made not entrant: not used
22   11       3       java.util.Set::of (4 bytes)
22   14       3       java.lang.module.ModuleDescriptor::modsHashCode (43 bytes)
22   13       3       java.util.AbstractCollection::<init> (5 bytes)
22   15       3       java.util.ImmutableCollections$AbstractImmutableCollection::<init> (5 bytes)
22   17     n 0       java.lang.System::arraycopy (native)   (static)
22   16       3       java.lang.String::coder (15 bytes)
22   19       3       java.lang.String::length (11 bytes)
22   20       3       java.lang.String::isLatin1 (19 bytes)
22   22       4       java.lang.Byte::toUnsignedInt (6 bytes)
23   21       1       java.lang.module.ModuleReference::descriptor (5 bytes)
23   24     n 0       jdk.internal.misc.Unsafe::compareAndSetLong (native)   
23    2       3       java.lang.Byte::toUnsignedInt (6 bytes)   made not entrant: not used
23   25     n 0       jdk.internal.misc.Unsafe::compareAndSetReference (native)   
23   18       1       java.lang.module.ModuleDescriptor::name (5 bytes)
23   23       3       java.util.ImmutableCollections$SetN$SetNIterator::hasNext (13 bytes)
23   27       3       java.util.ImmutableCollections$SetN$SetNIterator::next (90 bytes)
23   26       3       java.util.concurrent.ConcurrentHashMap::tabAt (21 bytes)
24   29   !   3       java.util.concurrent.ConcurrentHashMap::putVal (432 bytes)
25   34     n 0       java.lang.invoke.MethodHandle::linkToStatic(L)L (native)   (static)
25   30       3       jdk.internal.util.Preconditions::checkIndex (18 bytes)
25   31       3       java.lang.String::charAt (25 bytes)
25   28       3       java.util.concurrent.ConcurrentHashMap::addCount (280 bytes)
26   36     n 0       java.lang.Object::hashCode (native)   
26   38     n 0       java.lang.invoke.MethodHandle::linkToStatic(LLL)L (native)   (static)
26   37       1       java.lang.Class::isPrimitive (5 bytes)
26   39     n 0       java.lang.invoke.MethodHandle::linkToStatic(LLLL)L (native)   (static)
26   32       3       java.lang.StringLatin1::charAt (15 bytes)
27   35       1       java.lang.Enum::ordinal (5 bytes)
27   33       3       java.lang.String::checkIndex (10 bytes)
27   40     n 0       java.lang.invoke.MethodHandle::invokeBasic()L (native)   
27   41     n 0       java.lang.invoke.MethodHandle::linkToSpecial(LL)L (native)   (static)
28   42       3       java.lang.Enum::<init> (15 bytes)
28   43       3       jdk.internal.util.ArraysSupport::unsignedHashCode (36 bytes)
29   44     n 0       java.lang.invoke.MethodHandle::invokeBasic(L)L (native)   
29   45       1       jdk.internal.util.StrongReferenceKey::get (5 bytes)
29   46     n 0       java.lang.invoke.MethodHandle::linkToSpecial(LLL)L (native)   (static)
29   47     n 0       java.lang.Object::getClass (native)   
30   48       3       java.util.concurrent.ConcurrentHashMap::spread (10 bytes)
30   49     n 0       java.lang.invoke.MethodHandle::linkToStatic(LLLLLLL)L (native)   (static)
30   50     n 0       java.lang.Object::clone (native)   
30   51     n 0       java.lang.invoke.MethodHandle::linkToStatic(LL)I (native)   (static)
30   52       1       java.lang.Class::getClassLoader (5 bytes)
30   53       1       java.lang.invoke.MethodType::returnType (5 bytes)
30   54     n 0       java.lang.invoke.MethodHandle::invokeBasic(LLLLLL)L (native)   
31   55       1       jdk.internal.classfile.impl.AbstractPoolEntry::index (5 bytes)
31   56       3       java.util.concurrent.ConcurrentHashMap::putIfAbsent (8 bytes)
31   57     n 0       java.lang.invoke.MethodHandle::linkToSpecial(LL)V (native)   (static)
31   58       3       java.util.Objects::hashCode (13 bytes)
31   59   !   3       java.lang.ref.ReferenceQueue::poll (44 bytes)
31   61     n 0       java.lang.invoke.MethodHandle::linkToStatic(LLL)I (native)   (static)
31   60       3       jdk.internal.util.ReferencedKeyMap::removeStaleReferences (30 bytes)
32   62     n 0       java.lang.invoke.MethodHandle::linkToSpecial(LLL)V (native)   (static)
32   63       1       java.lang.invoke.MemberName::getDeclaringClass (5 bytes)
32   64       3       java.lang.String::getBytes (44 bytes)
32   66       3       java.lang.invoke.MethodType::hashCode (53 bytes)
32   67       3       java.lang.invoke.MemberName::isInvocable (8 bytes)
32   65       3       java.util.concurrent.ConcurrentHashMap::get (162 bytes)
32   68     n 0       java.lang.invoke.MethodHandle::linkToInterface(LLL)I (native)   (static)
33   69     n 0       java.lang.invoke.MethodHandle::linkToStatic(LL)L (native)   (static)
33   70       3       java.lang.Class::isArray (13 bytes)
33   71       3       java.util.ImmutableCollections$SetN::iterator (9 bytes)
33   72       3       java.util.ImmutableCollections$SetN$SetNIterator::<init> (41 bytes)
33   75     n 0       java.lang.invoke.MethodHandle::linkToSpecial(LL)I (native)   (static)
33   74       3       java.util.Objects::requireNonNull (15 bytes)
34   73       1       java.lang.invoke.MethodType::form (5 bytes)
34   76       3       jdk.internal.util.ReferencedKeyMap::get (10 bytes)
34   77       3       jdk.internal.util.ReferencedKeyMap::getNoCheckStale (22 bytes)
34   78       3       java.util.HashMap::hash (20 bytes)
34   79       1       java.util.stream.FindOps$FindSink::cancellationRequested (5 bytes)
35   80       3       java.util.HashMap::putVal (300 bytes)
35   85       3       java.util.HashMap::afterNodeInsertion (1 bytes)
35   80       3       java.util.HashMap::putVal (300 bytes)   made not entrant: marked for deoptimization
35   83       3       java.util.HashMap$Node::<init> (26 bytes)
36   81       3       java.util.HashMap::newNode (13 bytes)
36   89       3       java.util.HashMap::putVal (300 bytes)
36   88       3       java.util.HashMap::getNode (150 bytes)
37   95       3       java.util.HashMap$HashIterator::nextNode (100 bytes)
37   82       3       java.util.HashMap::put (13 bytes)
37   92       3       java.util.HashMap::get (19 bytes)
37   91       3       java.util.HashMap$HashIterator::hasNext (13 bytes)
37   87       1       java.lang.module.ModuleDescriptor$Requires::name (5 bytes)
37   86       1       java.lang.module.ModuleDescriptor$Requires::modifiers (5 bytes)
38   98       3       jdk.internal.module.ModuleReferenceImpl::hashCode (56 bytes)
38  104       4       java.util.HashMap::afterNodeInsertion (1 bytes)
38  101       1       java.lang.module.ModuleDescriptor$Exports::source (5 bytes)
38  100       1       java.util.ImmutableCollections$Set12::isEmpty (2 bytes)
38   85       3       java.util.HashMap::afterNodeInsertion (1 bytes)   made not entrant: not used
38  102       1       java.lang.module.ModuleDescriptor$Exports::targets (5 bytes)
38   94       1       java.lang.module.ModuleDescriptor::isAutomatic (5 bytes)
38  103       3       java.lang.module.ModuleDescriptor$Exports::isQualified (18 bytes)
38  108       4       java.lang.String::hashCode (60 bytes)
38   90       3       java.lang.module.ModuleDescriptor::hashCode (170 bytes)
39  105       3       java.util.ImmutableCollections$SetN::isEmpty (13 bytes)
39  106       3       java.util.HashMap::putIfAbsent (13 bytes)
39  107       3       java.util.ImmutableCollections$Set12::contains (28 bytes)
39  109       3       java.lang.Object::equals (11 bytes)
39    3       3       java.lang.String::hashCode (60 bytes)   made not entrant: not used
39  115       4       java.util.Objects::requireNonNull (14 bytes)
39  111       3       java.util.ImmutableCollections$SetN::contains (26 bytes)
39   99       3       java.lang.module.ResolvedModule::hashCode (16 bytes)
40    8       3       java.util.Objects::requireNonNull (14 bytes)   made not entrant: not used
40  117       4       java.util.ImmutableCollections$SetN$SetNIterator::hasNext (13 bytes)
40  114       3       java.util.ImmutableCollections$Set12$1::hasNext (13 bytes)
40  118       3       java.util.HashMap::resize (356 bytes)
40   23       3       java.util.ImmutableCollections$SetN$SetNIterator::hasNext (13 bytes)   made not entrant: not used
40  119       4       java.util.ImmutableCollections$SetN$SetNIterator::next (90 bytes)
40  112       3       java.util.HashSet::add (20 bytes)
41  110       3       java.util.HashMap$KeyIterator::next (8 bytes)
41   93       1       java.lang.module.ModuleDescriptor::requires (5 bytes)
41  116       1       java.lang.module.ModuleDescriptor::exports (5 bytes)
41   96       1       java.util.HashMap$Node::getKey (5 bytes)
41  122       3       java.util.HashMap::keySet (25 bytes)
41   27       3       java.util.ImmutableCollections$SetN$SetNIterator::next (90 bytes)   made not entrant: not used
41  120       4       java.lang.module.ModuleDescriptor$Exports::isQualified (18 bytes)
41  123       3       java.util.HashMap$KeySet::iterator (12 bytes)
41  124       3       java.util.HashMap$KeyIterator::<init> (13 bytes)
41  125       3       java.util.HashSet::iterator (13 bytes)
41   97       1       java.util.HashMap$Node::getValue (5 bytes)
41  103       3       java.lang.module.ModuleDescriptor$Exports::isQualified (18 bytes)   made not entrant: not used
42  126       4       java.util.HashMap::putVal (300 bytes)
42  127       1       java.util.KeyValueHolder::getKey (5 bytes)
42  131       3       java.util.concurrent.ConcurrentHashMap::casTabAt (20 bytes)
42  113       1       java.lang.module.ModuleDescriptor::provides (5 bytes)
42  133       3       java.util.ImmutableCollections$Set12::iterator (9 bytes)
42  121       1       java.lang.module.ModuleDescriptor::uses (5 bytes)
42   84       1       jdk.internal.module.ModuleReferenceImpl::moduleResolution (5 bytes)
42  128       1       java.util.KeyValueHolder::getValue (5 bytes)
42  135       3       java.util.Optional::<init> (10 bytes)
42  136       3       java.lang.Math::min (11 bytes)
42  137       3       java.util.Optional::ofNullable (19 bytes)
43  132       1       java.lang.module.ModuleDescriptor::packages (5 bytes)
43  134       1       java.lang.module.ResolvedModule::reference (5 bytes)
43  138       1       java.lang.AbstractStringBuilder::length (5 bytes)
43  140       3       java.util.ImmutableCollections$Set12$1::next (95 bytes)
43  141       3       java.util.AbstractMap::<init> (5 bytes)
43  142       3       java.util.ImmutableCollections$AbstractImmutableSet::<init> (5 bytes)
43  143       3       java.util.HashMap::<init> (11 bytes)
43  145       3       java.util.AbstractSet::<init> (5 bytes)
43  146     n 0       java.lang.Double::doubleToRawLongBits (native)   (static)
43  144       3       java.util.Set::of (68 bytes)
43  147     n 0       java.lang.Module::addExports0 (native)   (static)
44  149     n 0       java.lang.Module::addExportsToAll0 (native)   (static)
44  148       3       java.util.ImmutableCollections$Set12$1::<init> (37 bytes)
44  152     n 0       java.lang.Module::addReads0 (native)   (static)
44  150       3       java.util.HashSet::<init> (16 bytes)
44  153       3       java.lang.module.ResolvedModule::name (11 bytes)
44  151       1       java.lang.module.ResolvedModule::configuration (5 bytes)
44  154       1       java.lang.module.ModuleDescriptor$Provides::service (5 bytes)
44  139       1       java.lang.module.ModuleDescriptor$Version::toString (5 bytes)
44  155     n 0       jdk.internal.vm.Continuation::enterSpecial (native)   (static)
44  156     n 0       jdk.internal.vm.Continuation::doYield (native)   (static)
46  157       3       java.lang.AbstractStringBuilder::needsNewBuffer (33 bytes)
46  158       3       jdk.jfr.internal.dcmd.ArgumentParser::currentChar (12 bytes)
46  159       3       java.lang.StringLatin1::canEncode (17 bytes)
46  160       1       jdk.internal.classfile.impl.AbstractPoolEntry::width (2 bytes)
46  161       1       jdk.internal.classfile.impl.SplitConstantPool::size (5 bytes)
47  162       1       java.lang.invoke.MethodType::ptypes (5 bytes)
47   89       3       java.util.HashMap::putVal (300 bytes)   made not entrant: not used
47  129       4       java.util.HashMap::newNode (13 bytes)
47  164       3       java.lang.StringLatin1::indexOfChar (33 bytes)
47  163       3       java.lang.StringLatin1::indexOf (17 bytes)
47   81       3       java.util.HashMap::newNode (13 bytes)   made not entrant: not used
47  130       4       java.lang.String::equals (56 bytes)
48    7       3       java.lang.String::equals (56 bytes)   made not entrant: not used
50  165       3       java.lang.String::indexOf (41 bytes)
52  166       3       java.lang.String::checkBoundsBeginEnd (11 bytes)
52  168       3       java.lang.invoke.MethodTypeForm::canonicalize (74 bytes)
52  167       3       jdk.internal.util.Preconditions::checkFromToIndex (24 bytes)
52  169       3       jdk.internal.util.StrongReferenceKey::hashCode (8 bytes)
55  170 %     3       java.lang.StringCoding::countPositives @ 7 (33 bytes)
58  171       3       jdk.internal.util.xml.impl.Parser::ensureCapacity (96 bytes)
58  172       3       jdk.internal.util.xml.impl.Parser::bappend (26 bytes)
58  174       3       jdk.internal.util.ArraysSupport::vectorizedHashCode (158 bytes)
59  173       3       jdk.internal.util.xml.impl.Parser::bappend (200 bytes)
59  177       3       java.lang.CharacterDataLatin1::getPropertiesEx (11 bytes)
59  176       3       java.lang.CharacterDataLatin1::isUpperCase (16 bytes)
59  178       3       jdk.internal.util.ArraysSupport::hashCodeOfUnsigned (55 bytes)
59  182       3       jdk.internal.util.xml.impl.Parser::wsskip (66 bytes)
59  175       1       java.lang.AbstractStringBuilder::getValue (5 bytes)
59  184       3       java.lang.StringUTF16::compress (47 bytes)
60  185       3       jdk.internal.util.xml.impl.Parser::step (891 bytes)
61  180       3       jdk.internal.util.xml.impl.Parser::bkch (24 bytes)
61  187       3       jdk.internal.util.xml.impl.Parser::getch (118 bytes)
61  181       3       jdk.internal.util.Preconditions::checkFromIndexSize (25 bytes)
62  186       3       java.lang.String::checkBoundsOffCount (10 bytes)
62  188       3       java.lang.String::<init> (14 bytes)
62  197       3       jdk.internal.util.xml.impl.Parser::bname (354 bytes)
62  189       3       java.lang.String::rangeCheck (10 bytes)
63  190       3       java.lang.String::<init> (74 bytes)
63  191       3       java.lang.StringUTF16::compress (59 bytes)
63  192       3       java.lang.StringUTF16::coderFromArrayLen (9 bytes)
63  194       3       jdk.internal.util.xml.impl.Parser::bcopy (41 bytes)
63  205       4       jdk.internal.util.xml.impl.Parser::ensureCapacity (96 bytes)
63  204       3       java.lang.StringLatin1::toLowerCase (155 bytes)
64  171       3       jdk.internal.util.xml.impl.Parser::ensureCapacity (96 bytes)   made not entrant: not used
64  208       4       jdk.internal.util.xml.impl.Parser::bappend (200 bytes)
64  206       3       jdk.internal.util.xml.impl.Parser::bqstr (462 bytes)
64  173       3       jdk.internal.util.xml.impl.Parser::bappend (200 bytes)   made not entrant: not used
64  211       4       jdk.internal.util.ArraysSupport::unsignedHashCode (36 bytes)
64  193       3       jdk.internal.util.xml.impl.Parser::pair (38 bytes)
65  199       3       jdk.internal.util.xml.impl.Parser::del (40 bytes)
65  183       3       java.lang.StringBuilder::length (5 bytes)
65  179       3       java.lang.AbstractStringBuilder::isLatin1 (16 bytes)
65  196       3       java.lang.AbstractStringBuilder::append (100 bytes)
65  195       3       java.lang.StringBuilder::append (8 bytes)
65  200       3       jdk.internal.util.xml.impl.Parser::qname (37 bytes)
65  201       3       jdk.internal.util.xml.impl.Parser::attr (500 bytes)
66  208       4       jdk.internal.util.xml.impl.Parser::bappend (200 bytes)   made not entrant: uncommon trap
66  205       4       jdk.internal.util.xml.impl.Parser::ensureCapacity (96 bytes)   made not entrant: uncommon trap
66  221       3       jdk.internal.util.xml.impl.Parser::bappend (200 bytes)
66   43       3       jdk.internal.util.ArraysSupport::unsignedHashCode (36 bytes)   made not entrant: not used
66  213       4       java.lang.StringUTF16::compress (47 bytes)
67  222       3       jdk.internal.util.xml.impl.Parser::ensureCapacity (96 bytes)
67  207       3       jdk.internal.util.xml.impl.Pair::local (63 bytes)
67  202       3       java.lang.String::toLowerCase (29 bytes)
67  203       3       java.lang.String::toLowerCase (8 bytes)
67  209       3       java.util.Locale::getDefault (4 bytes)
67  210       3       jdk.jfr.internal.jfc.JFCParserHandler::characters (19 bytes)
67  212       3       java.lang.AbstractStringBuilder::ensureCapacitySameCoder (26 bytes)
67  219       3       jdk.internal.util.xml.impl.Parser::atype (290 bytes)
68  220       3       jdk.internal.util.xml.impl.Pair::qname (20 bytes)
68  218       3       jdk.internal.util.xml.impl.ParserSAX::bflash_ws (33 bytes)
68  198       3       java.util.Arrays::copyOfRange (82 bytes)
68  225       3       java.util.LinkedHashMap::linkNodeAtEnd (76 bytes)
68  229       3       java.util.LinkedHashMap$LinkedEntryIterator::next (5 bytes)
69  228       3       java.util.LinkedHashMap$LinkedHashIterator::hasNext (13 bytes)
69  230       3       java.util.LinkedHashMap$LinkedEntryIterator::next (5 bytes)
69  231       3       java.util.LinkedHashMap$LinkedHashIterator::nextNode (68 bytes)
69  223       1       jdk.internal.classfile.impl.RawBytecodeHelper::bci (5 bytes)
69  215       3       java.lang.StringBuilder::toString (20 bytes)
69  214       3       java.lang.AbstractStringBuilder::isLatin1 (8 bytes)
69  216       3       java.lang.String::<init> (98 bytes)
69  224       1       jdk.internal.classfile.impl.AbstractPoolEntry::constantPool (5 bytes)
70  227       1       java.util.HashMap::size (5 bytes)
70  184       3       java.lang.StringUTF16::compress (47 bytes)   made not entrant: not used
70  226       4       java.util.HashMap::hash (20 bytes)
70  232     n 0       java.lang.invoke.MethodHandle::linkToStatic(LLIL)L (native)   (static)
70  233       3       java.lang.invoke.MethodType::parameterType (7 bytes)
70  234     n 0       java.lang.invoke.MethodHandle::linkToStatic(LLILLL)L (native)   (static)
71   78       3       java.util.HashMap::hash (20 bytes)   made not entrant: not used
71  217       4       jdk.internal.util.xml.impl.Parser::bappend (26 bytes)
71  235       1       jdk.internal.util.WeakReferenceKey::hashCode (5 bytes)
71  236       3       java.lang.invoke.MethodType::<init> (15 bytes)
71  237       3       java.lang.invoke.MethodType::makeImpl (109 bytes)
71  240     n 0       java.lang.invoke.MethodHandle::linkToStatic(LLIL)I (native)   (static)
72  172       3       jdk.internal.util.xml.impl.Parser::bappend (26 bytes)   made not entrant: not used
72  241       3       java.lang.String::<init> (15 bytes)
72  242     n 0       jdk.internal.misc.Unsafe::getShort (native)   
72  238       3       jdk.internal.util.ReferencedKeySet::get (27 bytes)
73  247       3       java.lang.StringCoding::countPositives (33 bytes)
73  246       3       java.io.DataInputStream::readFully (59 bytes)
73  243       3       java.io.BufferedInputStream::getBufIfOpen (6 bytes)
73  244       3       java.util.Objects::checkFromIndexSize (8 bytes)
73  245       3       java.io.BufferedInputStream::getBufIfOpen (61 bytes)
73  248  s    3       java.io.BufferedInputStream::read (112 bytes)
74  250       3       java.io.BufferedInputStream::read1 (121 bytes)
74  249       3       java.io.BufferedInputStream::ensureOpen (18 bytes)
74  251       3       java.lang.invoke.VarHandle::checkAccessModeThenIsDirect (29 bytes)
74  252       3       java.lang.invoke.VarForm::getMemberName (38 bytes)
74  253       3       java.lang.invoke.VarHandleGuards::guard_LI_I (78 bytes)
75  262     n 0       java.lang.invoke.MethodHandle::invokeBasic(LLI)I (native)   
75  254       3       java.lang.invoke.VarHandleByteArrayAsShorts$ArrayHandle::get (35 bytes)
75  260       3       java.io.DataInputStream::readShort (19 bytes)
76  261       3       jdk.internal.util.ByteArray::getShort (9 bytes)
76  255       3       java.lang.invoke.VarHandleByteArrayAsShorts$ArrayHandle::index (12 bytes)
76  256       3       jdk.internal.misc.Unsafe::getShortUnaligned (12 bytes)
76  257       3       jdk.internal.misc.Unsafe::getShortUnaligned (33 bytes)
76  264     n 0       java.lang.invoke.MethodHandle::linkToStatic(LLIL)J (native)   (static)
76  258       3       jdk.internal.misc.Unsafe::convEndian (16 bytes)
76  259       3       java.lang.Short::reverseBytes (14 bytes)
77  263       3       java.lang.invoke.MethodType::checkSlotCount (33 bytes)
77  265       3       sun.util.calendar.ZoneInfoFile::indexOf (32 bytes)
77  239       3       java.lang.invoke.MethodType::methodType (69 bytes)
78  266       3       java.util.zip.Checksum::update (11 bytes)
78  268       4       jdk.internal.util.Preconditions::checkFromIndexSize (25 bytes)
78  270       3       java.util.zip.CRC32::updateBytes (14 bytes)
78  271       3       java.util.zip.CRC32::updateBytesCheck (35 bytes)
78  181       3       jdk.internal.util.Preconditions::checkFromIndexSize (25 bytes)   made not entrant: not used
78  267       3       java.util.zip.CRC32::update (38 bytes)
79  269       3       sun.util.calendar.ZoneInfoFile$Checksum::update (39 bytes)
79  272       3       java.io.DataInputStream::readUTF (5 bytes)
79  281       4       java.lang.StringCoding::countPositives (33 bytes)
79  273       3       java.io.DataInputStream::readUTF (601 bytes)
79  284     n 0       jdk.internal.misc.Unsafe::putReferenceVolatile (native)   
80  274       3       java.io.DataInputStream::readUnsignedShort (19 bytes)
80  275       3       jdk.internal.util.ByteArray::getUnsignedShort (12 bytes)
81  286       3       jdk.internal.misc.Unsafe::putReferenceRelease (9 bytes)
81  287       3       java.util.concurrent.ConcurrentHashMap::setTabAt (19 bytes)
81  276       3       java.lang.Short::toUnsignedInt (5 bytes)
81  277       3       java.lang.System$1::uncheckedCountPositives (7 bytes)
81  247       3       java.lang.StringCoding::countPositives (33 bytes)   made not entrant: not used
81  283       4       java.io.BufferedInputStream::getBufIfOpen (61 bytes)
81  291       3       java.util.concurrent.ConcurrentHashMap$Traverser::advance (188 bytes)
81  278       3       java.lang.System$1::uncheckedNewStringNoRepl (6 bytes)
82  279   !   3       java.lang.String::newStringNoRepl (33 bytes)
82  295     n 0       jdk.internal.misc.Unsafe::compareAndSetInt (native)   
82  280   !   3       java.lang.String::newStringNoRepl1 (284 bytes)
82  245       3       java.io.BufferedInputStream::getBufIfOpen (61 bytes)   made not entrant: not used
82  294       4       java.util.concurrent.ConcurrentHashMap::tabAt (21 bytes)
82   26       3       java.util.concurrent.ConcurrentHashMap::tabAt (21 bytes)   made not entrant: not used
82  289       4       java.io.BufferedInputStream::read1 (121 bytes)
82  282       3       java.io.DataInputStream::readFully (9 bytes)
83  285       3       java.util.concurrent.ConcurrentHashMap$Node::<init> (20 bytes)
83  292       3       java.util.concurrent.ConcurrentHashMap$BaseIterator::hasNext (13 bytes)
83  293       1       java.lang.Module::getDescriptor (5 bytes)
83  296       3       jdk.internal.util.ArraysSupport::newLength (27 bytes)
83  297     n 0       jdk.internal.misc.Unsafe::getByte (native)   
83  298       3       java.lang.ref.Reference::reachabilityFence (1 bytes)
83  299       3       java.nio.Buffer::session (20 bytes)
83  300       3       java.util.Optional::orElse (16 bytes)
83  301       3       java.nio.Buffer::checkIndex (12 bytes)
83  302   !   3       java.nio.DirectByteBuffer::get (34 bytes)
84  303       3       java.nio.DirectByteBuffer::ix (10 bytes)
84  304   !   3       jdk.internal.misc.ScopedMemoryAccess::getByte (16 bytes)
84  305   !   3       jdk.internal.misc.ScopedMemoryAccess::getByteInternal (34 bytes)
84  306       1       java.nio.Buffer::limit (5 bytes)
84  290       3       java.util.concurrent.ConcurrentHashMap::put (8 bytes)
84  308       3       java.io.DataInputStream::readByte (6 bytes)
84  310     n 0       jdk.internal.misc.Unsafe::getInt (native)   
84  309       3       java.io.DataInputStream::readUnsignedByte (22 bytes)
85  311     n 0       java.lang.Class::isInstance (native)   
85  250       3       java.io.BufferedInputStream::read1 (121 bytes)   made not entrant: not used
85  307       4       java.lang.ref.Reference::reachabilityFence (1 bytes)
85  298       3       java.lang.ref.Reference::reachabilityFence (1 bytes)   made not entrant: not used
85  288       4       java.util.concurrent.ConcurrentHashMap::casTabAt (20 bytes)
85  131       3       java.util.concurrent.ConcurrentHashMap::casTabAt (20 bytes)   made not entrant: not used
85  312       3       java.lang.Math::floorMod (28 bytes)
85  313       1       java.time.ZoneOffset::getTotalSeconds (5 bytes)
86  314       1       java.time.temporal.ChronoField::range (5 bytes)
86  315       1       java.time.temporal.ValueRange::getMinimum (5 bytes)
86  316       1       java.time.temporal.ValueRange::getMaximum (5 bytes)
86  317     n 0       java.lang.invoke.MethodHandle::linkToStatic(ILL)L (native)   (static)
86  318       3       java.lang.String::substring (58 bytes)
86  319       3       java.lang.AbstractStringBuilder::<init> (39 bytes)
86  322       3       jdk.internal.classfile.impl.BufWriterImpl::reserveSpace (22 bytes)
87  321       3       jdk.internal.classfile.impl.SplitConstantPool::map (161 bytes)
87  324     n 0       java.lang.invoke.MethodHandle::linkToSpecial(LIL)V (native)   (static)
87  320       3       java.lang.invoke.MemberName::allFlagsSet (16 bytes)
87  325     n 0       java.lang.invoke.MethodHandle::invokeBasic(I)L (native)   
87  323       3       jdk.internal.classfile.impl.EntryMap::firstToken (50 bytes)
87  326     n 0       java.lang.invoke.MethodHandle::linkToSpecial(LIL)L (native)   (static)
88  327       3       java.lang.invoke.MethodType::parameterCount (6 bytes)
88  328       4       java.lang.String::checkIndex (10 bytes)
88  329       3       java.lang.invoke.MemberName::initResolved (53 bytes)
88  330     n 0       java.lang.invoke.MethodHandle::linkToStatic(IIL)I (native)   (static)
88  331       1       jdk.internal.constant.ClassOrInterfaceDescImpl::descriptorString (5 bytes)
88   33       3       java.lang.String::checkIndex (10 bytes)   made not entrant: not used
88  332     n 0       java.lang.invoke.MethodHandleNatives::resolve (native)   (static)
88  333       1       java.lang.invoke.MethodTypeForm::erasedType (5 bytes)
89  334       4       java.lang.String::charAt (25 bytes)
89  335       1       java.util.ArrayList::size (5 bytes)
89  336     n 0       java.lang.Class::desiredAssertionStatus0 (native)   (static)
89   31       3       java.lang.String::charAt (25 bytes)   made not entrant: not used
90  337       3       java.util.HashMap$EntryIterator::next (5 bytes)
90  338       3       java.util.HashMap$EntryIterator::next (5 bytes)
90  339       3       java.lang.ref.Reference::<init> (25 bytes)
90  341     n 0       java.lang.Class::isHidden (native)   
90  340   !   3       java.lang.invoke.MemberName::getMethodType (213 bytes)
92  342       3       java.lang.StringLatin1::replace (197 bytes)
94  343       3       java.lang.invoke.MemberName::getReferenceKind (12 bytes)
94  344       3       jdk.internal.classfile.impl.AbstractPoolEntry::<init> (20 bytes)
95  345       3       java.util.Arrays::copyOf (40 bytes)
95  347       3       java.lang.StringCoding::countNonZeroAsciiLatin1 (33 bytes)
95  346       1       java.lang.String::value (5 bytes)
95  348       1       java.lang.module.ModuleDescriptor::isOpen (5 bytes)
95  349       1       java.lang.invoke.MethodHandles$Lookup::lookupClass (5 bytes)
95  350       3       jdk.internal.classfile.impl.SplitConstantPool::internalAdd (12 bytes)
96  351       3       jdk.internal.classfile.impl.SplitConstantPool::internalAdd (78 bytes)
96  352       1       jdk.internal.classfile.impl.BufWriterImpl::size (5 bytes)
96  353       1       java.lang.invoke.MethodHandle::type (5 bytes)
96  354       3       jdk.internal.misc.Unsafe::allocateUninitializedArray0 (90 bytes)
96  126       4       java.util.HashMap::putVal (300 bytes)   made not entrant: uncommon trap
96  355       3       java.lang.Class::getPackageName (81 bytes)
97  356       3       java.util.HashMap::putVal (300 bytes)
97  358       4       java.lang.String::length (11 bytes)
97  357       3       jdk.internal.classfile.impl.AbstractPoolEntry::hashString (5 bytes)
97  359       3       jdk.internal.classfile.impl.AbstractPoolEntry::maybeClone (26 bytes)
97  362       3       java.lang.StringBuilder::<init> (7 bytes)
97   19       3       java.lang.String::length (11 bytes)   made not entrant: not used
98  361       3       jdk.internal.classfile.impl.EntryMap::put (186 bytes)
98  360       3       jdk.internal.classfile.impl.SplitConstantPool::canWriteDirect (24 bytes)
98  364       3       jdk.internal.classfile.impl.SplitConstantPool::entryByIndex (59 bytes)
98  365       3       jdk.internal.classfile.impl.AbstractPoolEntry$Utf8EntryImpl::contentHash (19 bytes)
99  366       3       java.lang.StringConcatHelper::newArray (28 bytes)
99  368       3       jdk.internal.util.ReferencedKeyMap::lookupKey (9 bytes)
99  369       3       jdk.internal.util.StrongReferenceKey::<init> (10 bytes)
99  367       3       jdk.internal.misc.Unsafe::allocateUninitializedArray (55 bytes)
99  363       3       java.lang.StringBuilder::append (8 bytes)
99  370       1       jdk.internal.classfile.impl.AbstractDirectBuilder::constantPool (5 bytes)
99  371       3       jdk.internal.classfile.impl.RawBytecodeHelper::next (81 bytes)
100  372       3       jdk.internal.classfile.impl.RawBytecodeHelper::endBci (8 bytes)
100  373       3       jdk.internal.classfile.impl.SplitConstantPool::utf8Entry (45 bytes)
100  375       3       jdk.internal.classfile.impl.BufWriterImpl::cpIndex (33 bytes)
100  377       3       jdk.internal.classfile.impl.RawBytecodeHelper::opcode (9 bytes)
101  374       1       jdk.internal.constant.ClassOrInterfaceDescImpl::isClassOrInterface (2 bytes)
101  376       3       jdk.internal.constant.ClassOrInterfaceDescImpl::ofValidated (64 bytes)
101  378       1       jdk.internal.classfile.impl.AbstractPoolEntry::hashCode (5 bytes)
101  379     n 0       java.lang.Class::isAssignableFrom (native)   
101  380       3       java.lang.Class::cast (27 bytes)
101  382   !   3       sun.invoke.util.VerifyAccess::ensureTypeVisible (99 bytes)
101  383     n 0       java.lang.reflect.Array::newArray (native)   (static)
102  381       3       jdk.internal.classfile.impl.BufWriterImpl::writeU2 (38 bytes)
102  384       1       jdk.internal.classfile.impl.LabelImpl::labelContext (5 bytes)
102  387       3       java.lang.Record::<init> (5 bytes)
103  385       1       jdk.internal.classfile.impl.LabelImpl::getBCI (5 bytes)
103  386       1       jdk.internal.classfile.impl.AbstractPoolEntry$ClassEntryImpl::tag (3 bytes)
103  388       3       java.lang.ref.WeakReference::<init> (7 bytes)
103  389     n 0       java.lang.invoke.MethodHandle::invokeBasic(LL)L (native)   
103  390       3       java.lang.invoke.MethodType::equals (27 bytes)
103  391     n 0       java.lang.invoke.MethodHandle::linkToSpecial(LLLL)L (native)   (static)
103  392       1       java.lang.invoke.MethodTypeForm::basicType (5 bytes)
103  393     n 0       java.lang.invoke.MethodHandle::linkToStatic(LLLLL)L (native)   (static)
104  394     n 0       java.lang.invoke.MethodHandle::invokeBasic(LLLL)L (native)   
104  395       3       jdk.internal.classfile.impl.SplitConstantPool::tryFindUtf8 (103 bytes)
104  396       3       java.lang.invoke.LambdaForm$Name::<init> (126 bytes)
104  397       3       jdk.internal.constant.MethodTypeDescImpl::parameterCount (6 bytes)
105  398       3       jdk.internal.classfile.impl.AbstractPoolEntry$Utf8EntryImpl::writeTo (44 bytes)
105  399       3       jdk.internal.classfile.impl.BufWriterImpl::writeUtfEntry (144 bytes)
106  405       3       jdk.internal.classfile.impl.AbstractPoolEntry$Utf8EntryImpl::hashCode (8 bytes)
106  400       3       java.lang.System$1::countNonZeroAscii (5 bytes)
106  401       3       java.lang.StringCoding::countNonZeroAscii (30 bytes)
106  402       3       jdk.internal.util.ModifiedUtf::utfLen (58 bytes)
107  410     n 0       java.lang.System::identityHashCode (native)   (static)
107  411       4       java.lang.String::coder (15 bytes)
107  409       1       java.lang.reflect.Method::getName (5 bytes)
107  406       1       jdk.internal.classfile.impl.AbstractPoolEntry$Utf8EntryImpl::tag (2 bytes)
107  408       1       jdk.internal.classfile.impl.DirectMethodBuilder::methodFlags (5 bytes)
107   16       3       java.lang.String::coder (15 bytes)   made not entrant: not used
107  413       3       java.lang.Math::max (11 bytes)
107  403       1       java.lang.Class::getModule (5 bytes)
107  404       3       java.lang.StringLatin1::newString (24 bytes)
107  416       3       jdk.internal.classfile.impl.AbstractPoolEntry$Utf8EntryImpl::<init> (49 bytes)
108  418       1       jdk.internal.classfile.impl.StackMapDecoder$StackMapFrameImpl::stack (5 bytes)
108  420     n 0       jdk.internal.misc.Unsafe::getChar (native)   
108  417       3       jdk.internal.classfile.impl.AbstractPoolEntry::hash2 (15 bytes)
108  415       1       java.lang.classfile.Opcode::bytecode (5 bytes)
108  414       1       jdk.internal.classfile.impl.UnboundAttribute::attributeMapper (5 bytes)
108  421       3       java.util.BitSet::wordIndex (5 bytes)
108  426       3       java.lang.String::getBytes (60 bytes)
108  422       3       java.util.BitSet::checkInvariants (111 bytes)
108  425       3       java.lang.StringLatin1::getBytes (12 bytes)
109  428       3       jdk.internal.classfile.impl.AbstractPoolEntry::hash1 (10 bytes)
109  427       1       java.lang.reflect.Method::getSharedParameterTypes (5 bytes)
109  412       1       jdk.internal.classfile.impl.DirectMethodBuilder::methodType (5 bytes)
109  407       1       jdk.internal.classfile.impl.AbstractDirectBuilder::setOriginal (6 bytes)
109  429       3       jdk.internal.classfile.impl.BufWriterImpl::writeU1U2 (50 bytes)
109  431       3       jdk.internal.classfile.impl.StackCounter::addStackSlot (30 bytes)
109  424       1       jdk.internal.classfile.impl.AbstractPoolEntry$NameAndTypeEntryImpl::tag (3 bytes)
109  434       3       java.util.BitSet::set (58 bytes)
109  435       3       java.util.BitSet::expandTo (23 bytes)
110  423       1       jdk.internal.constant.MethodTypeDescImpl::returnType (5 bytes)
110  432       1       jdk.internal.classfile.impl.StackMapDecoder$StackMapFrameImpl::locals (5 bytes)
110  437       3       sun.reflect.generics.parser.SignatureParser::current (59 bytes)
110  438       3       java.lang.CharacterData::of (136 bytes)
110  433       1       jdk.internal.classfile.impl.StackMapDecoder$StackMapFrameImpl::target (5 bytes)
110  442       3       jdk.internal.classfile.impl.BufWriterImpl::writeU1 (24 bytes)
110  419       1       java.lang.Class::getComponentType (5 bytes)
110  430       1       jdk.internal.classfile.impl.AbstractAttributeMapper::allowMultiple (5 bytes)
110  444       3       java.util.ImmutableCollections$List12::size (16 bytes)
111  436       1       jdk.internal.classfile.impl.AbstractPseudoInstruction$ExceptionCatchImpl::catchTypeEntry (5 bytes)
111  446       3       jdk.internal.classfile.impl.DirectCodeBuilder::labelToBci (27 bytes)
111  447       3       java.util.ImmutableCollections$ListItr::hasNext (17 bytes)
111  448       3       sun.reflect.generics.parser.SignatureParser::advance (53 bytes)
111  449       3       java.lang.CharacterDataLatin1::getProperties (11 bytes)
111  441       1       jdk.internal.classfile.impl.LabelImpl::setBCI (6 bytes)
111  445       3       jdk.internal.classfile.impl.AbstractPoolEntry$Utf8EntryImpl::toString (88 bytes)
111  439       1       java.lang.reflect.Method::getModifiers (5 bytes)
111  443       1       java.lang.classfile.TypeKind::slotSize (5 bytes)
111  440       1       java.lang.reflect.Method::getReturnType (5 bytes)
112  450       3       java.util.HashSet::contains (9 bytes)
112  451     n 0       java.lang.Class::initClassName (native)   
112  452       1       java.util.LinkedHashMap::removeEldestEntry (2 bytes)
112  453       3       jdk.internal.classfile.impl.AbstractElement::<init> (5 bytes)
113  455       3       java.lang.invoke.MethodType::checkPtypes (76 bytes)
113  457     n 0       java.lang.invoke.MethodHandle::linkToSpecial(LLLL)V (native)   (static)
113  454       3       java.lang.invoke.MethodTypeForm::canonicalizeAll (63 bytes)
113  458       3       java.lang.Class::getName (18 bytes)
113  456   !   3       java.lang.invoke.MemberName::clone (14 bytes)
113  459     n 0       java.lang.invoke.MethodHandle::linkToStatic(L)V (native)   (static)
114  460       1       java.lang.invoke.MethodTypeForm::parameterSlotCount (5 bytes)
114  461       3       jdk.internal.classfile.impl.SplitConstantPool::utf8Entry (6 bytes)
114  463       4       jdk.internal.classfile.impl.RawBytecodeHelper::opcode (9 bytes)
114  462       3       jdk.internal.classfile.impl.Util::parameterSlots (39 bytes)
114  377       3       jdk.internal.classfile.impl.RawBytecodeHelper::opcode (9 bytes)   made not entrant: not used
114  464       3       jdk.internal.classfile.impl.Util::toInternalName (31 bytes)
114  467     n 0       java.lang.invoke.MethodHandle::linkToStatic(LLLL)V (native)   (static)
114  465       3       jdk.internal.constant.ClassOrInterfaceDescImpl::internalName (24 bytes)
115  469       3       jdk.internal.classfile.impl.SplitConstantPool::findEntry (130 bytes)
115  470       3       jdk.internal.classfile.impl.BufWriterImpl::writeU1U2U2 (75 bytes)
115  471     n 0       java.lang.invoke.MethodHandle::linkToStatic(LLL)V (native)   (static)
115  468       3       jdk.internal.classfile.impl.DirectClassBuilder::constantPool (5 bytes)
115  472       3       jdk.internal.classfile.impl.AbstractDirectBuilder::<init> (26 bytes)
115  473       3       jdk.internal.classfile.impl.AttributeHolder::writeTo (34 bytes)
116  474       4       java.lang.String::isLatin1 (19 bytes)
116  475       3       jdk.internal.constant.ConstantUtils::referenceClassDesc (20 bytes)
116   20       3       java.lang.String::isLatin1 (19 bytes)   made not entrant: not used
116  477     n 0       jdk.internal.misc.Unsafe::allocateInstance (native)   
116  466       1       jdk.internal.classfile.impl.AbstractPoolEntry$MethodRefEntryImpl::tag (3 bytes)
116  478       3       jdk.internal.classfile.impl.AbstractPoolEntry$AbstractRefsEntry::<init> (37 bytes)
116  482       3       jdk.internal.classfile.impl.AbstractPoolEntry$AbstractRefsEntry::writeTo (27 bytes)
116  479       3       sun.invoke.util.Wrapper::forPrimitiveType (122 bytes)
117  476       1       java.lang.constant.ClassDesc::isPrimitive (2 bytes)
117  480       1       jdk.internal.classfile.impl.BufWriterImpl::thisClass (5 bytes)
117  483       3       java.lang.String::toString (2 bytes)
117  484       3       java.lang.StringConcatHelper::concat (24 bytes)
117  489     n 0       java.lang.String::intern (native)   
118  485       3       java.lang.StringConcatHelper::stringOf (20 bytes)
118  486       3       java.lang.StringConcatHelper::concat0 (58 bytes)
118  492       4       java.lang.StringCoding::countNonZeroAsciiLatin1 (33 bytes)
118  487       3       java.lang.StringConcatHelper::newArrayWithSuffix (35 bytes)
118  491       3       jdk.internal.classfile.impl.Util::isDoubleSlot (20 bytes)
119  490       3       jdk.internal.classfile.impl.StackMapGenerator::processBlock (2767 bytes)
120  496     n 0       java.lang.invoke.MethodHandle::linkToInterface(LL)L (native)   (static)
120  347       3       java.lang.StringCoding::countNonZeroAsciiLatin1 (33 bytes)   made not entrant: not used
122  502     n 0       java.lang.invoke.MethodHandle::linkToSpecial(LLLLL)V (native)   (static)
122  503     n 0       java.lang.invoke.MethodHandle::invokeBasic(LLL)L (native)   
122  504     n 0       java.lang.invoke.MethodHandle::linkToSpecial(LLLLL)L (native)   (static)
123  505     n 0       java.lang.invoke.MethodHandle::linkToStatic(LL)V (native)   (static)
126  510       4       jdk.internal.classfile.impl.BufWriterImpl::reserveSpace (22 bytes)
127  322       3       jdk.internal.classfile.impl.BufWriterImpl::reserveSpace (22 bytes)   made not entrant: not used
129  500       3       jdk.internal.classfile.impl.EntryMap::getIndexByToken (9 bytes)
129  509       3       jdk.internal.classfile.impl.LineNumberImpl::<init> (10 bytes)
129  494       1       java.lang.classfile.Opcode::kind (5 bytes)
130  497       3       jdk.internal.classfile.impl.SplitConstantPool::maybeCloneUtf8Entry (65 bytes)
130  515       1       jdk.internal.classfile.impl.AbstractPseudoInstruction$ExceptionCatchImpl::tryStart (5 bytes)
130  516       1       jdk.internal.classfile.impl.AbstractPseudoInstruction$ExceptionCatchImpl::tryEnd (5 bytes)
130  517       3       java.util.ArrayList$Itr::hasNext (20 bytes)
130  498       3       jdk.internal.classfile.impl.Util::methodTypeSymbol (8 bytes)
130  499       3       jdk.internal.classfile.impl.AbstractPoolEntry$Utf8EntryImpl::methodTypeSymbol (34 bytes)
130  514       1       jdk.internal.classfile.impl.RawBytecodeHelper$CodeRange::length (5 bytes)
130  522       4       jdk.internal.classfile.impl.SplitConstantPool::map (161 bytes)
131  507       1       jdk.jfr.internal.util.Bytecode$FieldDesc::type (5 bytes)
131  506       1       jdk.internal.constant.PrimitiveClassDescImpl::descriptorString (5 bytes)
131  508       1       jdk.internal.classfile.impl.AbstractInstruction::opcode (5 bytes)
131  493       1       java.lang.classfile.Opcode::sizeIfFixed (5 bytes)
131  518       1       jdk.jfr.internal.util.Bytecode$MethodDesc::descriptor (5 bytes)
131  520       1       jdk.jfr.internal.util.Bytecode$MethodDesc::name (5 bytes)
131  526       3       jdk.internal.classfile.impl.BufWriterImpl::writeIndex (11 bytes)
131  527       3       jdk.internal.classfile.impl.DirectCodeBuilder::with (9 bytes)
132  528       3       jdk.internal.classfile.impl.DirectCodeBuilder::with (33 bytes)
132  530       3       jdk.internal.classfile.impl.BlockCodeBuilderImpl::with (9 bytes)
132  529       3       jdk.internal.classfile.impl.AbstractPoolEntry::hashClassFromDescriptor (7 bytes)
132  521       3       jdk.internal.classfile.impl.ClassReaderImpl::checkType (23 bytes)
132  523       1       jdk.internal.classfile.impl.AbstractInstruction$UnboundInvokeInstruction::method (5 bytes)
132  525       1       jdk.jfr.internal.EventWriterMethod::method (5 bytes)
132  524       1       jdk.jfr.internal.util.Bytecode$FieldDesc::name (5 bytes)
132  531       3       jdk.internal.classfile.impl.AbstractInstruction$UnboundInstruction::<init> (6 bytes)
133  532       3       jdk.internal.classfile.impl.AbstractInstruction::<init> (10 bytes)
133  495       3       java.util.AbstractList::<init> (10 bytes)
133  519       1       jdk.internal.classfile.impl.AbstractPoolEntry$FieldRefEntryImpl::tag (3 bytes)
133  488       3       jdk.internal.classfile.impl.AbstractPoolEntry$AbstractMemberRefEntry::nameAndType (5 bytes)
133  534       1       jdk.internal.constant.PrimitiveClassDescImpl::isPrimitive (2 bytes)
133  536       3       java.util.ArrayList$Itr::checkForComodification (23 bytes)
133  537       3       java.util.ArrayList$Itr::next (66 bytes)
133  535       1       jdk.internal.classfile.impl.DirectCodeBuilder::curTopLocal (5 bytes)
133  501       1       java.lang.invoke.MethodHandles$Lookup::previousLookupClass (5 bytes)
133  512       1       jdk.internal.classfile.impl.BufWriterImpl::constantPool (5 bytes)
133  538       3       jdk.internal.classfile.impl.StackMapGenerator$Frame::checkStack (96 bytes)
134  539       3       jdk.internal.classfile.impl.StackMapGenerator$Frame::pushStack (27 bytes)
134  543       3       jdk.internal.classfile.impl.SplitConstantPool::tryFindClassOrInterface (138 bytes)
134  541       3       jdk.internal.classfile.impl.SplitConstantPool::classEntry (68 bytes)
135  321       3       jdk.internal.classfile.impl.SplitConstantPool::map (161 bytes)   made not entrant: not used
135  533       4       jdk.internal.classfile.impl.EntryMap::getIndexByToken (9 bytes)
135  545       3       java.lang.Character::isWhitespace (5 bytes)
135  542       3       jdk.internal.classfile.impl.SplitConstantPool::classEntryForClassOrInterface (111 bytes)
135  500       3       jdk.internal.classfile.impl.EntryMap::getIndexByToken (9 bytes)   made not entrant: not used
136  544   !   3       jdk.internal.classfile.impl.ClassReaderImpl::readU2 (37 bytes)
136  540       3       jdk.internal.constant.ClassOrInterfaceDescImpl::equals (33 bytes)
136  546       3       jdk.internal.classfile.impl.SplitConstantPool::nameAndTypeEntry (7 bytes)
136  547       3       jdk.internal.classfile.impl.SplitConstantPool::nameAndTypeEntry (60 bytes)
136  550       3       java.util.HashMap$HashIterator::<init> (84 bytes)
136  549       3       java.lang.CharacterDataLatin1::isWhitespace (23 bytes)
137  548       3       java.lang.StringConcatHelper::prepend (62 bytes)
137  551       3       jdk.internal.classfile.impl.DirectCodeBuilder::constantPool (5 bytes)
137  556       4       jdk.internal.classfile.impl.SplitConstantPool::entryByIndex (59 bytes)
137  552       3       jdk.internal.classfile.impl.SplitConstantPool::utf8Entry (25 bytes)
137  553       3       jdk.internal.constant.MethodTypeDescImpl::descriptorString (16 bytes)
137  554       3       java.util.ImmutableCollections$List12::get (35 bytes)
138  557       3       java.lang.String::replace (42 bytes)
138  558       3       jdk.internal.classfile.impl.AbstractPoolEntry$AbstractRefEntry::<init> (24 bytes)
138  560       3       java.util.ArrayList::add (25 bytes)
138  561       3       java.util.ArrayList::add (23 bytes)
138  364       3       jdk.internal.classfile.impl.SplitConstantPool::entryByIndex (59 bytes)   made not entrant: not used
138  564       3       java.util.ArrayDeque::inc (12 bytes)
138  566       3       jdk.internal.misc.Unsafe::getCharUnaligned (12 bytes)
139  565       3       jdk.internal.misc.Unsafe::pickPos (14 bytes)
139  559       3       java.util.Arrays::copyOf (10 bytes)
139  562       3       jdk.internal.classfile.impl.SplitConstantPool::methodRefEntry (72 bytes)
139  571       3       jdk.internal.classfile.impl.DirectCodeBuilder::curPc (8 bytes)
139  568       3       jdk.internal.misc.Unsafe::convEndian (16 bytes)
139  569       3       java.lang.Character::reverseBytes (15 bytes)
140  570       3       jdk.internal.classfile.impl.LabelImpl::<init> (15 bytes)
140  573       3       java.util.ArrayList$Itr::<init> (31 bytes)
140  563       3       java.lang.classfile.constantpool.ConstantPoolBuilder::nameAndTypeEntry (21 bytes)
140  576       4       jdk.internal.classfile.impl.EntryMap::firstToken (50 bytes)
140  567       3       jdk.internal.misc.Unsafe::getCharUnaligned (34 bytes)
140  574       3       jdk.internal.classfile.impl.RawBytecodeHelper::getU1Unchecked (13 bytes)
140  481       1       jdk.internal.classfile.impl.DirectMethodBuilder::methodName (5 bytes)
140  555       1       jdk.internal.classfile.impl.AbstractPseudoInstruction$ExceptionCatchImpl::handler (5 bytes)
140  513       1       jdk.internal.classfile.impl.AbstractAttributeMapper::name (5 bytes)
140  511       1       java.lang.Class::getModifiers (5 bytes)
141  582       3       jdk.internal.classfile.impl.AbstractPoolEntry$AbstractRefEntry::writeTo (18 bytes)
141  323       3       jdk.internal.classfile.impl.EntryMap::firstToken (50 bytes)   made not entrant: not used
141  572       1       jdk.internal.classfile.impl.DirectCodeBuilder::startLabel (5 bytes)
141  575       1       jdk.internal.classfile.impl.AbstractPoolEntry$StringEntryImpl::tag (3 bytes)
141  578       1       jdk.internal.classfile.impl.UnboundAttribute$UnboundStackMapTableAttribute::entries (5 bytes)
141  579       1       java.util.ImmutableCollections$List12::isEmpty (2 bytes)
141  583       3       jdk.internal.classfile.impl.ClassReaderImpl::entryByIndex (809 bytes)
144  585       3       java.util.Arrays::equals (57 bytes)
144  590       3       java.util.ArrayList::iterator (9 bytes)
144  589       3       jdk.internal.classfile.impl.BytecodeHelpers::isUnconditionalBranch (64 bytes)
144  591       3       jdk.internal.classfile.impl.AbstractPoolEntry$NameAndTypeEntryImpl::type (8 bytes)
144  592       3       jdk.internal.classfile.impl.RawBytecodeHelper::getU2Unchecked (21 bytes)
144  584   !   3       java.util.ImmutableCollections$ListItr::next (34 bytes)
144  594       3       jdk.internal.classfile.impl.BlockCodeBuilderImpl::with (83 bytes)
145  595       3       jdk.internal.classfile.impl.Util::checkKind (15 bytes)
145  588       3       jdk.internal.classfile.impl.DirectCodeBuilder::setLabelTarget (47 bytes)
145  587       3       java.util.Arrays::copyOf (33 bytes)
145  593       3       jdk.internal.classfile.impl.RawBytecodeHelper::getIndexU2 (11 bytes)
145  597       3       jdk.internal.classfile.impl.ClassReaderImpl::readEntry (16 bytes)
145  598       3       jdk.internal.classfile.impl.StackMapGenerator::addFrame (150 bytes)
146  599       1       jdk.internal.classfile.impl.RawBytecodeHelper$CodeRange::array (5 bytes)
146  586       3       java.lang.Class::descriptorString (137 bytes)
146  608       4       jdk.internal.classfile.impl.SplitConstantPool::canWriteDirect (24 bytes)
147  360       3       jdk.internal.classfile.impl.SplitConstantPool::canWriteDirect (24 bytes)   made not entrant: not used
147  603   !   3       jdk.internal.classfile.impl.ClassReaderImpl::readU1 (17 bytes)
147  609       4       jdk.internal.util.Preconditions::checkIndex (18 bytes)
147  602       3       jdk.internal.classfile.impl.BufWriterImpl::skip (22 bytes)
147  600       3       jdk.internal.classfile.impl.SplitConstantPool::entryByIndex (11 bytes)
147   30       3       jdk.internal.util.Preconditions::checkIndex (18 bytes)   made not entrant: not used
147  611     n 0       jdk.internal.reflect.ConstantPool::getUTF8At0 (native)   
148  604       1       jdk.internal.classfile.impl.BoundAttribute::attributeMapper (5 bytes)
148  612     n 0       java.lang.Class::forName0 (native)   (static)
148  606       3       java.util.ImmutableCollections$AbstractImmutableList::iterator (13 bytes)
148  607       3       java.util.ImmutableCollections$ListItr::<init> (25 bytes)
148  605       3       java.lang.AbstractStringBuilder::ensureCapacityNewCoder (125 bytes)
148  601       3       jdk.internal.classfile.impl.BufWriterImpl::writeU2U2U2 (89 bytes)
148  616       3       java.lang.String::isEmpty (14 bytes)
149  615       3       jdk.internal.classfile.impl.AbstractPoolEntry$ClassEntryImpl::hashCode (37 bytes)
149  617       3       java.util.ArrayDeque::elementAt (4 bytes)
149  618       3       java.util.ArrayDeque::pollFirst (36 bytes)
149  619       3       java.util.ArrayDeque::poll (5 bytes)
149  596       3       jdk.internal.classfile.impl.AbstractPoolEntry$Utf8EntryImpl::stringValue (5 bytes)
149  620       3       jdk.internal.classfile.impl.StackMapGenerator$Frame::checkLocal (97 bytes)
150  577       1       java.lang.reflect.Method::getSharedExceptionTypes (5 bytes)
150  622       3       java.lang.invoke.DirectMethodHandle::allocateInstance (16 bytes)
150  624       3       java.lang.classfile.constantpool.ConstantPoolBuilder::methodRefEntry (22 bytes)
150  625       3       java.util.ImmutableCollections$ListN::size (6 bytes)
150  623       3       java.lang.invoke.DirectMethodHandle::constructorMethod (10 bytes)
150  621       3       jdk.internal.classfile.impl.DirectMethodBuilder::methodTypeSymbol (8 bytes)
150  614       1       java.util.Collections$1::hasNext (5 bytes)
150  580       1       jdk.internal.classfile.impl.StackMapDecoder$ObjectVerificationTypeInfoImpl::tag (3 bytes)
150  627       3       java.util.ImmutableCollections$ListN::get (7 bytes)
150  628       3       jdk.internal.classfile.impl.SplitConstantPool::utf8Entry (6 bytes)
150  626       1       jdk.internal.classfile.impl.BlockCodeBuilderImpl::startLabel (5 bytes)
151  629       4       jdk.internal.classfile.impl.RawBytecodeHelper::next (81 bytes)
151  581       1       jdk.internal.classfile.impl.StackMapDecoder$ObjectVerificationTypeInfoImpl::className (5 bytes)
151  631       3       java.util.Arrays::fill (21 bytes)
151  630       3       jdk.internal.classfile.impl.StackMapGenerator$Frame::decStack (29 bytes)
151  637       3       jdk.internal.classfile.impl.StackMapGenerator$Frame::trimAndCompress (61 bytes)
151  638       3       java.lang.AbstractStringBuilder::newCapacity (49 bytes)
151  633       3       jdk.internal.classfile.impl.StackMapGenerator$Type::isCategory2_2nd (20 bytes)
151  371       3       jdk.internal.classfile.impl.RawBytecodeHelper::next (81 bytes)   made not entrant: not used
152  632       3       java.util.Arrays::rangeCheck (74 bytes)
152  642       3       jdk.internal.classfile.impl.DirectCodeBuilder::writeBytecode (33 bytes)
152  643       3       jdk.internal.classfile.impl.NonterminalCodeBuilder::constantPool (10 bytes)
152  644       3       java.lang.classfile.CodeBuilder::invoke (46 bytes)
152  645       3       jdk.internal.classfile.impl.DirectCodeBuilder::writeInvokeNormal (13 bytes)
152  641       3       jdk.internal.classfile.impl.AbstractInstruction$UnboundInstruction::writeTo (9 bytes)
153  640       3       jdk.internal.classfile.impl.ClassReaderImpl::entryByIndex (8 bytes)
153  647       3       java.util.Collections$UnmodifiableCollection$1::hasNext (10 bytes)
153  648       3       jdk.internal.classfile.impl.AbstractPoolEntry$AbstractMemberRefEntry::<init> (12 bytes)
153  610       1       jdk.internal.loader.AbstractClassLoaderValue$Sub::parent (5 bytes)
153  639       1       jdk.internal.classfile.impl.AccessFlagsImpl::flagsMask (5 bytes)
153  634       1       jdk.internal.classfile.impl.BufWriterImpl::getMajorVersion (5 bytes)
153  635       1       jdk.internal.classfile.impl.StackMapGenerator::maxStack (5 bytes)
153  636       1       jdk.internal.classfile.impl.StackMapGenerator::maxLocals (5 bytes)
153  613       1       java.lang.reflect.Method::getDeclaringClass (5 bytes)
153  650       3       jdk.internal.classfile.impl.StackMapGenerator$Frame::<init> (13 bytes)
153  651       3       jdk.internal.classfile.impl.StackMapGenerator$Frame::<init> (75 bytes)
154  652       3       java.util.Arrays::fill (28 bytes)
154  654       3       jdk.internal.classfile.impl.StackMapGenerator$Type::<init> (20 bytes)
154  655       3       jdk.internal.classfile.impl.StackMapGenerator$Frame::trimAndCompress (31 bytes)
154  653       3       jdk.internal.classfile.impl.Util::writeAttribute (67 bytes)
154  649       3       jdk.internal.classfile.impl.BufWriterImpl::patchU2 (21 bytes)
154  657       3       java.lang.StringLatin1::lastIndexOf (40 bytes)
155  658       3       jdk.internal.classfile.impl.AbstractPoolEntry$MethodRefEntryImpl::<init> (12 bytes)
155  659       3       jdk.internal.classfile.impl.DirectCodeBuilder::newLabel (10 bytes)
155  662       3       jdk.internal.classfile.impl.AttributeHolder::withAttribute (124 bytes)
155  663       4       jdk.internal.classfile.impl.RawBytecodeHelper::endBci (8 bytes)
155  661       3       jdk.internal.classfile.impl.AbstractPoolEntry$AbstractNamedEntry::<init> (10 bytes)
155  372       3       jdk.internal.classfile.impl.RawBytecodeHelper::endBci (8 bytes)   made not entrant: not used
155  664       3       jdk.internal.classfile.impl.BufWriterImpl::writeIndex (10 bytes)
156  665       3       jdk.internal.classfile.impl.AbstractPoolEntry$Utf8EntryImpl::equalsString (215 bytes)
156  671       3       java.lang.classfile.CodeBuilder::invoke (15 bytes)
157  669       3       java.lang.classfile.CodeBuilder::invokevirtual (14 bytes)
157  672       3       java.lang.classfile.instruction.InvokeInstruction::of (17 bytes)
157  676       4       java.util.ArrayList$Itr::hasNext (20 bytes)
157  673       3       jdk.internal.classfile.impl.AbstractInstruction$UnboundInvokeInstruction::<init> (17 bytes)
157  674       3       jdk.internal.classfile.impl.AbstractInstruction$UnboundInvokeInstruction::writeTo (45 bytes)
157  517       3       java.util.ArrayList$Itr::hasNext (20 bytes)   made not entrant: not used
157  677     n 0       jdk.internal.misc.Unsafe::putByte (native)   
158  666       3       java.util.Collections$UnmodifiableCollection::iterator (9 bytes)
158  670       3       java.lang.classfile.CodeBuilder::dup (16 bytes)
158  668       3       jdk.internal.classfile.impl.StackMapGenerator$Type::referenceType (12 bytes)
158  667       3       jdk.internal.classfile.impl.DirectCodeBuilder::setLabelTarget (10 bytes)
158  660       3       jdk.internal.classfile.impl.BufWriterImpl::writeU1U1 (39 bytes)
159  675       3       java.lang.classfile.instruction.StackInstruction::of (16 bytes)
159  681       3       jdk.jfr.internal.util.Bytecode::invokevirtual (17 bytes)
159  680       3       java.lang.invoke.Invokers$Holder::linkToTargetMethod (8 bytes)
159  686       4       jdk.internal.misc.Unsafe::getShortUnaligned (12 bytes)
159  679       3       jdk.internal.classfile.impl.AbstractPoolEntry$NameAndTypeEntryImpl::<init> (12 bytes)
159  687       3       jdk.internal.classfile.impl.RawBytecodeHelper::reset (20 bytes)
159  688       3       jdk.internal.classfile.impl.BufWriterImpl::setLabelContext (11 bytes)
159  678       1       jdk.internal.classfile.impl.ClassReaderImpl::classfileLength (5 bytes)
159  256       3       jdk.internal.misc.Unsafe::getShortUnaligned (12 bytes)   made not entrant: not used
159  689       4       java.util.HashMap::resize (356 bytes)
159  656       1       java.lang.Class::getAnnotationType (5 bytes)
160  684       1       jdk.internal.classfile.impl.ClassReaderImpl::customAttributes (5 bytes)
160  691       3       jdk.internal.classfile.impl.MethodImpl::methodType (21 bytes)
160  690       3       jdk.internal.classfile.impl.TransformImpl$$Lambda/0x0000180001028a60::accept (16 bytes)
160  682       1       jdk.internal.classfile.impl.TransformImpl$ResolvedTransform::startHandler (5 bytes)
160  683       1       jdk.internal.classfile.impl.TransformImpl$ResolvedTransform::consumer (5 bytes)
160  685       1       jdk.internal.classfile.impl.TransformImpl$ResolvedTransform::endHandler (5 bytes)
160  693   !   3       jdk.internal.classfile.impl.StackMapGenerator::detectFrames (498 bytes)
161  694       3       jdk.internal.classfile.impl.StackMapGenerator::processExceptionHandlerTargets (125 bytes)
161  695       3       jdk.internal.classfile.impl.StackMapGenerator$Frame::writeTo (299 bytes)
162  583       3       jdk.internal.classfile.impl.ClassReaderImpl::entryByIndex (809 bytes)   made not entrant: C1 deoptimize for patching
162  697       3       jdk.internal.classfile.impl.RawBytecodeHelper::getShortUnchecked (21 bytes)
162  696       3       jdk.internal.classfile.impl.StackMapGenerator$Type::writeTo (82 bytes)
162  702       3       jdk.internal.classfile.impl.ClassReaderImpl::entryByIndex (809 bytes)
164  118       3       java.util.HashMap::resize (356 bytes)   made not entrant: not used
164  698       4       java.util.HashMap$Node::<init> (26 bytes)
165  699       3       jdk.jfr.internal.util.Bytecode$MethodDesc::matches (42 bytes)
165   83       3       java.util.HashMap$Node::<init> (26 bytes)   made not entrant: not used
165  706       4       jdk.internal.classfile.impl.AbstractPoolEntry::maybeClone (26 bytes)
165  702       3       jdk.internal.classfile.impl.ClassReaderImpl::entryByIndex (809 bytes)   made not entrant: C1 deoptimize for patching
165  709       3       jdk.internal.classfile.impl.ClassReaderImpl::entryByIndex (809 bytes)
166  359       3       jdk.internal.classfile.impl.AbstractPoolEntry::maybeClone (26 bytes)   made not entrant: not used
166  710       4       jdk.internal.classfile.impl.SplitConstantPool::utf8Entry (45 bytes)
167  703       3       jdk.internal.classfile.impl.ClassReaderImpl::checkTag (217 bytes)
168  713       3       java.util.Objects::checkIndex (7 bytes)
168  700       3       jdk.internal.classfile.impl.MethodImpl::methodTypeSymbol (8 bytes)
168  701       3       jdk.internal.constant.MethodTypeDescImpl::equals (65 bytes)
168  712       3       jdk.internal.classfile.impl.StackMapGenerator$Frame::equals (28 bytes)
168  717       3       jdk.internal.constant.MethodTypeDescImpl::parameterType (7 bytes)
168  714       3       java.lang.classfile.TypeKind::from (25 bytes)
168  719       3       jdk.internal.classfile.impl.StackMapGenerator::removeRangeFromExcTable (326 bytes)
169  715       3       jdk.jfr.internal.EventInstrumentation::isMethod (6 bytes)
169  707       3       java.util.ArrayList::<init> (61 bytes)
170  708       3       java.lang.invoke.LambdaForm$Holder::constant_L (8 bytes)
170  705       3       jdk.internal.classfile.impl.UnboundAttribute::<init> (10 bytes)
170  704       3       jdk.internal.classfile.impl.DirectCodeBuilder::labelBinding (11 bytes)
170  692       1       jdk.internal.classfile.impl.ClassReaderImpl::context (5 bytes)
170  728       3       jdk.internal.classfile.impl.AbstractPoolEntry$Utf8EntryImpl::inflate (73 bytes)
170  729       3       java.lang.constant.DynamicConstantDesc::equals (81 bytes)
171  730       3       java.lang.classfile.constantpool.ConstantPoolBuilder::nameAndTypeEntry (21 bytes)
171  731       3       jdk.internal.classfile.impl.SplitConstantPool::fieldRefEntry (72 bytes)
172  733       3       java.lang.reflect.Modifier::isStatic (13 bytes)
172  732       3       jdk.internal.classfile.impl.StackMapGenerator$Frame::pushStack (84 bytes)
172  718       3       jdk.internal.classfile.impl.StackMapGenerator::deadCodePatching (112 bytes)
172  734       3       jdk.internal.classfile.impl.BufWriterImpl::grow (33 bytes)
172  720       3       java.util.ArrayList::listIterator (10 bytes)
173  721       3       java.util.ArrayList$ListItr::<init> (21 bytes)
173  736       3       jdk.internal.classfile.impl.Util::powerOctal (21 bytes)
173  737       3       java.util.ArrayList::elementData (7 bytes)
173  735       3       jdk.internal.classfile.impl.AccessFlagsImpl::<init> (15 bytes)
173  738       3       jdk.internal.classfile.impl.StackMapGenerator::processInvokeInstructions (262 bytes)
173  741     n 0       java.lang.Double::longBitsToDouble (native)   (static)
175  744       3       java.nio.HeapByteBuffer::getShort (29 bytes)
175  745   !   3       jdk.internal.misc.ScopedMemoryAccess::getShortUnaligned (18 bytes)
175  739       3       java.nio.Buffer::nextGetIndex (32 bytes)
175  740       3       java.nio.HeapByteBuffer::byteOffset (7 bytes)
175  742       3       java.util.Collections$UnmodifiableCollection$1::next (10 bytes)
175  743       3       jdk.internal.classfile.impl.AbstractInstruction$UnboundLoadInstruction::<init> (11 bytes)
176  722       1       sun.reflect.generics.tree.ClassTypeSignature::getPath (5 bytes)
176  723       1       sun.reflect.generics.tree.SimpleClassTypeSignature::getName (5 bytes)
176  753       3       java.lang.classfile.CodeBuilder::loadLocal (15 bytes)
176  724       1       sun.reflect.generics.tree.SimpleClassTypeSignature::getDollar (5 bytes)
176  725       1       sun.reflect.generics.visitor.Reifier::getFactory (5 bytes)
176  726       1       sun.reflect.generics.tree.SimpleClassTypeSignature::getTypeArguments (5 bytes)
176  746       1       java.lang.invoke.MethodHandleImpl::isCompileConstant (2 bytes)
176  747       1       jdk.internal.classfile.impl.BoundAttribute$BoundCodeAttribute::codeLength (5 bytes)
176  748       1       jdk.internal.classfile.impl.BoundAttribute::constantPool (5 bytes)
176  749       1       sun.reflect.annotation.AnnotationType::memberTypes (5 bytes)
176  750       1       sun.reflect.annotation.AnnotationType::memberDefaults (5 bytes)
176  751       1       sun.reflect.annotation.AnnotationType::retention (5 bytes)
177  752       1       jdk.jfr.internal.ClassInspector::isJDK (5 bytes)
177  646       1       java.lang.invoke.DirectMethodHandle::internalMemberName (5 bytes)
177  754       3       jdk.internal.classfile.impl.DirectClassBuilder::withField (54 bytes)
177  756       3       java.util.Optional::empty (6 bytes)
177  757       3       java.lang.invoke.Invokers$Holder::linkToTargetMethod (10 bytes)
177  758       3       java.lang.invoke.DirectMethodHandle$Holder::newInvokeSpecial (24 bytes)
177  759       3       jdk.internal.classfile.impl.StackMapGenerator$Frame::checkAssignableTo (213 bytes)
178  762       3       jdk.internal.classfile.impl.DirectCodeBuilder$DeferredLabel::<init> (26 bytes)
178  763       3       jdk.internal.classfile.impl.DirectCodeBuilder::addLabel (53 bytes)
178  755       3       jdk.internal.classfile.impl.DirectClassBuilder::withMethod (54 bytes)
178  768       3       jdk.internal.classfile.impl.Util::fieldTypeSymbol (8 bytes)
178  703       3       jdk.internal.classfile.impl.ClassReaderImpl::checkTag (217 bytes)   made not entrant: C1 deoptimize for patching
178  709       3       jdk.internal.classfile.impl.ClassReaderImpl::entryByIndex (809 bytes)   made not entrant: C1 deoptimize for patching
178  769       3       jdk.internal.classfile.impl.AbstractPoolEntry$Utf8EntryImpl::fieldTypeSymbol (34 bytes)
179  771       3       jdk.internal.classfile.impl.AbstractPoolEntry$Utf8EntryImpl::<init> (32 bytes)
179  772       3       java.lang.invoke.DirectMethodHandle$Holder::newInvokeSpecial (21 bytes)
179  773       3       jdk.internal.classfile.impl.DirectCodeBuilder::writeShortJump (92 bytes)
179  774       3       jdk.internal.classfile.impl.DirectCodeBuilder::writeParsedShortLabel (54 bytes)
180  764       3       java.lang.classfile.CodeBuilder::branch (15 bytes)
180  780       3       jdk.internal.classfile.impl.ClassReaderImpl::checkTag (217 bytes)
181  781       3       jdk.internal.classfile.impl.LabelImpl::writeTo (6 bytes)
181  782       3       java.lang.classfile.TypeKind::fromDescriptor (232 bytes)
181  765       3       java.lang.classfile.instruction.BranchInstruction::of (17 bytes)
182  766       3       jdk.internal.classfile.impl.AbstractInstruction$UnboundBranchInstruction::<init> (17 bytes)
182  779       3       jdk.internal.classfile.impl.CodeImpl::attributes (35 bytes)
182  778       3       java.lang.classfile.constantpool.ConstantPoolBuilder::fieldRefEntry (22 bytes)
182  767       3       jdk.internal.classfile.impl.BufWriterImpl::<init> (39 bytes)
183  776       3       java.lang.invoke.Invokers$Holder::linkToTargetMethod (9 bytes)
183  777       3       jdk.internal.classfile.impl.DirectCodeBuilder::aload (32 bytes)
183  787       3       java.lang.invoke.MemberName::isResolved (13 bytes)
183  760       3       java.lang.String::lastIndexOf (12 bytes)
183  761       3       java.lang.String::lastIndexOf (29 bytes)
184  789       3       java.util.ArrayList::isEmpty (13 bytes)
184  788       1       sun.invoke.util.Wrapper::basicClassDescriptor (5 bytes)
184  783       1       jdk.jfr.internal.ClassInspector::getFields (5 bytes)
184  784       1       jdk.internal.classfile.impl.BlockCodeBuilderImpl::reachable (5 bytes)
184  785       1       jdk.internal.classfile.impl.BlockCodeBuilderImpl::endLabel (5 bytes)
184  786       1       jdk.internal.classfile.impl.AbstractPoolEntry$LongEntryImpl::tag (2 bytes)
185  791       3       java.util.ImmutableCollections$AbstractImmutableList::<init> (5 bytes)
185  793       3       java.util.List::copyOf (5 bytes)
185  794       3       java.util.ImmutableCollections::listCopy (54 bytes)
185  796       3       jdk.internal.classfile.impl.BufWriterImpl::writeU2U2 (61 bytes)
185  795       3       jdk.internal.classfile.impl.Util::slotSize (24 bytes)
186  797     n 0       java.lang.Class::getSuperclass (native)   
186  792       3       java.util.LinkedHashMap$LinkedValueIterator::next (8 bytes)
186  798       3       jdk.internal.classfile.impl.AbstractDirectBuilder::writeAttribute (20 bytes)
186  799       3       jdk.internal.classfile.impl.Util::isAttributeAllowed (45 bytes)
186  800     n 0       java.lang.invoke.MethodHandle::linkToSpecial(LLLLLL)V (native)   (static)
186  801       3       jdk.internal.classfile.impl.DirectMethodBuilder::<init> (42 bytes)
187  802       3       jdk.internal.classfile.impl.DirectMethodBuilder::withCode (22 bytes)
187  808     n 0       java.lang.invoke.MethodHandle::linkToSpecial(LLLLLL)L (native)   (static)
187  803   !   3       jdk.internal.classfile.impl.DirectCodeBuilder::build (78 bytes)
187  804       3       jdk.internal.classfile.impl.DirectCodeBuilder::<init> (187 bytes)
188  809       3       java.util.LinkedHashMap::newNode (23 bytes)
188  810       3       java.util.LinkedHashMap$Entry::<init> (10 bytes)
188  811       3       java.util.LinkedHashMap::afterNodeInsertion (40 bytes)
188  805       3       jdk.internal.classfile.impl.ClassFileImpl::fixShortJumps (23 bytes)
188  806       3       jdk.internal.classfile.impl.TerminalCodeBuilder::setupTopLocal (93 bytes)
189  812       3       java.util.BitSet::get (69 bytes)
189  814       3       java.util.ArrayDeque::addLast (51 bytes)
190  815       3       java.util.ArrayDeque::add (7 bytes)
190  816       3       jdk.internal.classfile.impl.StackCounter$Target::<init> (15 bytes)
190  819       3       java.lang.invoke.MemberName::getMethodOrFieldType (72 bytes)
191  818       3       java.lang.AbstractStringBuilder::append (102 bytes)
191  822       3       jdk.internal.classfile.impl.StackCounter::next (68 bytes)
191  825       3       jdk.internal.classfile.impl.BufWriterImpl::writeBytes (30 bytes)
191  827       3       sun.reflect.generics.parser.SignatureParser::skipIdentifier (67 bytes)
192  826       3       java.lang.PublicMethods$Key::matches (31 bytes)
192  373       3       jdk.internal.classfile.impl.SplitConstantPool::utf8Entry (45 bytes)   made not entrant: not used
192  807       4       java.lang.invoke.MethodType::parameterType (7 bytes)
192  710       4       jdk.internal.classfile.impl.SplitConstantPool::utf8Entry (45 bytes)   made not entrant: uncommon trap
192  828       3       jdk.internal.classfile.impl.AbstractPoolEntry$ClassEntryImpl::<init> (22 bytes)
193  233       3       java.lang.invoke.MethodType::parameterType (7 bytes)   made not entrant: not used
193  790       4       jdk.internal.classfile.impl.AbstractElement::<init> (5 bytes)
193  829       2       jdk.internal.classfile.impl.SplitConstantPool::utf8Entry (45 bytes)
193  453       3       jdk.internal.classfile.impl.AbstractElement::<init> (5 bytes)   made not entrant: not used
193  711       4       java.util.ArrayList$Itr::next (66 bytes)
193  823       3       jdk.internal.classfile.impl.AbstractPoolEntry$ClassEntryImpl::asSymbol (53 bytes)
194  537       3       java.util.ArrayList$Itr::next (66 bytes)   made not entrant: not used
194  775       4       jdk.internal.classfile.impl.ClassReaderImpl::checkType (23 bytes)
194  824       3       jdk.internal.classfile.impl.UnboundAttribute$AdHocAttribute::writeTo (49 bytes)
195  831       3       java.lang.ref.SoftReference::get (29 bytes)
195  833       3       jdk.internal.reflect.ConstantPool::getUTF8At (10 bytes)
195  521       3       jdk.internal.classfile.impl.ClassReaderImpl::checkType (23 bytes)   made not entrant: not used
195  716       4       jdk.internal.classfile.impl.DirectCodeBuilder::labelToBci (27 bytes)
195  832       3       jdk.internal.access.SharedSecrets::getJavaLangAccess (4 bytes)
196  830       3       jdk.internal.classfile.impl.BufWriterImpl::writeInt (58 bytes)
196  821       3       jdk.internal.classfile.impl.UnboundAttribute$AdHocAttribute::<init> (6 bytes)
196  446       3       jdk.internal.classfile.impl.DirectCodeBuilder::labelToBci (27 bytes)   made not entrant: not used
196  727       4       jdk.internal.classfile.impl.SplitConstantPool::tryFindUtf8 (103 bytes)
196  835       3       java.lang.reflect.Modifier::isProtected (12 bytes)
196  820       3       java.util.ArrayList::grow (60 bytes)
196  836       3       jdk.internal.constant.MethodTypeDescImpl::buildDescriptorString (205 bytes)
198  837       3       java.lang.Class::reflectionData (43 bytes)
198  838       3       java.util.ArrayList::get (15 bytes)
198  843       3       java.util.ArrayList::<init> (12 bytes)
198  834       3       java.lang.invoke.MethodHandles$Lookup::lookupClassOrNull (17 bytes)
199  841       3       java.lang.Character::charCount (12 bytes)
199  273       3       java.io.DataInputStream::readUTF (601 bytes)   made not entrant: C1 deoptimize for patching
199  842       3       java.lang.Module::isNamed (13 bytes)
199  817       1       java.lang.classfile.ClassFile::latestMajorVersion (3 bytes)
199  845       3       java.io.DataInputStream::readUTF (601 bytes)
200  844  s    3       java.io.ByteArrayInputStream::read (36 bytes)
201  849       3       java.io.DataInputStream::readBoolean (13 bytes)
201  846   !   3       java.lang.String::<init> (852 bytes)
201  851     n 0       jdk.internal.misc.Unsafe::getLong (native)   
202  848  s    2       java.io.ByteArrayInputStream::read (73 bytes)
202  847       3       java.lang.String::<init> (22 bytes)
203  853       3       jdk.jfr.internal.MetadataLoader$FieldElement::<init> (93 bytes)
203  855       3       jdk.internal.misc.Unsafe::getLongUnaligned (173 bytes)
203  856       3       jdk.internal.misc.Unsafe::getIntUnaligned (83 bytes)
204  857       3       java.lang.Character::codePointAt (51 bytes)
204  858       3       java.lang.Character::isHighSurrogate (18 bytes)
204  859       3       java.lang.Character::isJavaIdentifierPart (9 bytes)
204  860       3       java.lang.CharacterDataLatin1::isJavaIdentifierPart (20 bytes)
204  862       3       java.util.List::of (64 bytes)
205  863       3       java.util.List::of (4 bytes)
205  864       3       java.lang.String::indexOf (65 bytes)
205  866       3       java.lang.reflect.Method::getParameterCount (6 bytes)
205  867       3       jdk.internal.module.Checks::isJavaIdentifier (76 bytes)
206  868       3       java.util.HashMap::putMapEntries (170 bytes)
206  865       1       jdk.jfr.ValueDescriptor::isArray (5 bytes)
207  870       3       java.util.ArrayList::toArray (12 bytes)
207  869       1       jdk.jfr.internal.Type::getName (5 bytes)
207  871       3       java.lang.CharacterDataLatin1::isJavaIdentifierStart (23 bytes)
207  872       3       jdk.internal.loader.AbstractClassLoaderValue::map (20 bytes)
207  873       3       java.lang.Class::forName (8 bytes)
207  874       3       sun.reflect.annotation.AnnotationInvocationHandler::invoke (182 bytes)
207  395       3       jdk.internal.classfile.impl.SplitConstantPool::tryFindUtf8 (103 bytes)   made not entrant: not used
208  850       4       java.io.DataInputStream::readFully (59 bytes)
208  877       3       jdk.jfr.internal.Type::getFields (37 bytes)
208  878       3       jdk.jfr.internal.PrivateAccess::getInstance (15 bytes)
208  879       3       jdk.jfr.AnnotationElement::checkType (26 bytes)
209  880       3       jdk.jfr.internal.util.Utils::unboxType (82 bytes)
209  881       3       sun.reflect.annotation.AnnotationType::getInstance (65 bytes)
209  882       3       java.lang.System$1::getAnnotationType (5 bytes)
209  885       3       java.util.LinkedHashMap$LinkedKeyIterator::next (8 bytes)
209  887       3       jdk.jfr.AnnotationElement::<init> (308 bytes)
210  893     n 0       jdk.jfr.internal.JVM::getTypeId (native)   (static)
210  886       3       jdk.jfr.EventSettings$InternalAccess::newAnnotation (11 bytes)
210  888       3       java.util.Collections$UnmodifiableCollection::size (10 bytes)
210  889       3       java.util.Collections$UnmodifiableList::get (11 bytes)
211  890       3       java.util.ArrayList::set (24 bytes)
211  891       3       jdk.jfr.internal.MetadataLoader::newAnnotation (25 bytes)
211  895       3       java.util.ImmutableCollections::listFromArray (39 bytes)
211  875       3       java.util.ImmutableCollections$ListN::<init> (15 bytes)
211  884       3       java.util.LinkedHashMap$LinkedHashIterator::<init> (52 bytes)
211  898       3       jdk.jfr.internal.Type::getKnownType (51 bytes)
212  894       3       jdk.jfr.internal.AnnotationConstruct::<init> (18 bytes)
212  896       3       jdk.jfr.internal.Type::add (17 bytes)
212  897       3       jdk.jfr.internal.util.Utils::ensureJavaIdentifier (42 bytes)
212  883       3       java.lang.reflect.Modifier::isPublic (12 bytes)
212  904       3       java.util.LinkedHashMap::sequencedKeySet (31 bytes)
212  899       3       jdk.jfr.EventSettings$InternalAccess::newValueDescriptor (17 bytes)
212  906     n 0       java.lang.invoke.MethodHandle::linkToVirtual(LL)J (native)   (static)
213  900       3       jdk.jfr.ValueDescriptor::<init> (101 bytes)
213  901       3       java.util.LinkedHashMap$LinkedKeySet::iterator (16 bytes)
213  902       3       java.util.LinkedHashMap$LinkedKeyIterator::<init> (14 bytes)
213  905       3       sun.invoke.util.VerifyAccess::isClassAccessible (230 bytes)
213  910     n 0       java.lang.invoke.MethodHandle::linkToStatic(LLLL)I (native)   (static)
214  909       3       java.lang.invoke.LambdaForm::forceInterpretation (14 bytes)
214  911       3       java.lang.classfile.constantpool.MemberRefEntry::type (12 bytes)
214  912       3       java.lang.Class::isInterface (8 bytes)
214  913       3       java.lang.reflect.Modifier::isInterface (14 bytes)
214  914       3       jdk.internal.classfile.impl.BytecodeHelpers::ldcOpcode (41 bytes)
214  915       3       jdk.internal.classfile.impl.DirectCodeBuilder::writeDirectLoadConstant (77 bytes)
215  916       1       jdk.jfr.internal.Type::getId (5 bytes)
215  917       3       jdk.jfr.internal.TypeLibrary$$Lambda/0x000018000106d5c8::applyAsLong (8 bytes)
215  918       3       java.util.Comparator$$Lambda/0x000018000106e070::compare (10 bytes)
215  919       3       java.util.Comparator::lambda$comparingLong$6043328a$1 (18 bytes)
215  920       3       java.lang.Long::compare (22 bytes)
215  921       3       java.lang.invoke.MemberName::getModifiers (8 bytes)
215  908       3       java.lang.classfile.ClassBuilder::withMethod (34 bytes)
215  923     n 0       java.lang.invoke.MethodHandle::linkToVirtual(LLL)V (native)   (static)
215  925       3       java.lang.invoke.MemberName::isConstructor (8 bytes)
216  922       3       java.lang.invoke.LambdaForm::uncustomize (57 bytes)
216  924       3       java.lang.invoke.LambdaForm$BasicType::basicType (187 bytes)
216  926       3       java.util.ArrayDeque$$Lambda/0x000018000106e7a8::accept (9 bytes)
216  927       1       jdk.jfr.internal.AnnotationConstruct::getUnmodifiableAnnotationElements (5 bytes)
216  929       3       java.util.ArrayDeque::size (17 bytes)
216  930       3       java.util.ArrayDeque::sub (14 bytes)
216  932       3       java.util.ArrayDeque::isEmpty (17 bytes)
216  936       3       java.lang.Iterable::forEach (39 bytes)
217  928       1       jdk.jfr.AnnotationElement::getType (5 bytes)
217  933       3       java.util.ArrayDeque::copyElements (13 bytes)
217  934       3       java.util.ArrayDeque$$Lambda/0x000018000106e7a8::<init> (10 bytes)
217  935       3       jdk.jfr.EventSettings$InternalAccess::getType (98 bytes)
217  938       3       jdk.jfr.internal.Type::getAnnotationElements (8 bytes)
217  937       3       jdk.jfr.AnnotationElement::getAnnotationElements (8 bytes)
218  939       3       java.util.ArrayDeque::addAll (50 bytes)
218  941       1       jdk.jfr.ValueDescriptor::getType (5 bytes)
218  943       3       java.util.ImmutableCollections$List12::forEach (31 bytes)
218  942       3       java.util.ArrayDeque::<init> (35 bytes)
218  944       3       jdk.jfr.internal.TypeLibrary::visitAnnotations (92 bytes)
219  946       3       java.util.ArrayDeque::grow (165 bytes)
220  945       3       java.util.ArrayDeque::<init> (16 bytes)
220  947       3       jdk.jfr.ValueDescriptor::getAnnotationElements (8 bytes)
220  948       3       java.lang.Long::hashCode (8 bytes)
220  246       3       java.io.DataInputStream::readFully (59 bytes)   made not entrant: not used
220  840       4       java.lang.StringLatin1::replace (197 bytes)
220  949       3       java.util.Collections$UnmodifiableCollection::<init> (22 bytes)
220  950       3       java.util.Collections$UnmodifiableRandomAccessList::<init> (6 bytes)
220  953       3       java.util.Collections::unmodifiableList (51 bytes)
221  952       3       java.lang.Long::valueOf (40 bytes)
221  951       3       java.util.Collections$UnmodifiableList::<init> (11 bytes)
221  954       1       jdk.jfr.internal.PlatformEventType::getAllSettings (5 bytes)
221  956       3       java.lang.Long::hashCode (8 bytes)
222  957       2       java.util.HashMap::containsKey (14 bytes)
222  960       3       jdk.jfr.internal.TypeLibrary$$Lambda/0x000018000106e318::test (8 bytes)
222  962       3       jdk.jfr.internal.TypeLibrary::lambda$initialize$0 (24 bytes)
222  961       3       java.lang.Long::equals (32 bytes)
222  959       1       java.lang.Long::longValue (5 bytes)
224  966       2       java.lang.Class::isAnnotation (17 bytes)
224  968       2       java.util.Arrays::hashCode (15 bytes)
224  969       2       java.lang.reflect.AccessibleObject::<init> (5 bytes)
224  970       2       jdk.internal.classfile.impl.EntryMap::nextToken (37 bytes)
224  971       2       java.lang.reflect.Executable::<init> (5 bytes)
225  967       2       jdk.internal.loader.AbstractClassLoaderValue::sub (10 bytes)
225  972       2       jdk.internal.classfile.impl.BufWriterImpl::patchInt (41 bytes)
225  973       2       java.lang.classfile.Attributes::stackMapTable (4 bytes)
225  974       1       jdk.internal.classfile.impl.StackCounter::maxStack (5 bytes)
225  976       2       java.lang.invoke.LambdaForm$BasicType::basicType (8 bytes)
225  977       2       sun.invoke.util.Wrapper::basicTypeChar (18 bytes)
225  978       2       jdk.internal.reflect.ReflectionFactory::copyMethod (11 bytes)
225  979       2       java.lang.reflect.ReflectAccess::copyMethod (5 bytes)
226  980       2       java.lang.reflect.Method::copy (92 bytes)
226  981       2       java.lang.reflect.Method::<init> (68 bytes)
226  982       2       java.nio.HeapByteBuffer::get (14 bytes)
226  983       2       java.nio.Buffer::nextGetIndex (30 bytes)
226  985       2       jdk.internal.constant.MethodTypeDescImpl::ofValidated (27 bytes)
226  984       2       java.nio.HeapByteBuffer::ix (7 bytes)
226  986       2       jdk.internal.classfile.impl.RawBytecodeHelper::getIndexU1 (11 bytes)
226  975       1       jdk.internal.classfile.impl.StackCounter::maxLocals (5 bytes)
226  987       2       java.lang.invoke.MethodHandles$Lookup::checkAccess (200 bytes)
227  988       2       jdk.internal.module.Checks::isTypeName (49 bytes)
227  990       2       sun.reflect.annotation.AnnotationParser::parseSig (62 bytes)
228  991       2       sun.reflect.generics.parser.SignatureParser::make (8 bytes)
228  993       2       java.lang.Class::getInterfaces (40 bytes)
228  992       2       sun.reflect.generics.parser.SignatureParser::<init> (5 bytes)
228  996       2       java.util.LinkedHashMap::get (29 bytes)
228  994       2       java.util.LinkedHashMap::entrySet (5 bytes)
228  995       2       java.util.LinkedHashMap::sequencedEntrySet (31 bytes)
228  342       3       java.lang.StringLatin1::replace (197 bytes)   made not entrant: not used
228  997       2       java.lang.Class::getReflectionFactory (18 bytes)
228  964       4       java.util.HashMap::getNode (150 bytes)
228  998       1       java.lang.Boolean::booleanValue (5 bytes)
228  999       2       jdk.jfr.internal.Type::getTypeId (21 bytes)
229  989       1       java.lang.invoke.MethodType::rtype (5 bytes)
229 1000       2       jdk.jfr.AnnotationElement::getTypeId (8 bytes)
229 1001       2       java.lang.StringLatin1::indexOf (121 bytes)
229 1004       2       jdk.jfr.internal.Type::getKnownType (65 bytes)
229 1002       2       java.util.LinkedHashMap$LinkedEntrySet::iterator (16 bytes)
229 1003       2       java.util.LinkedHashMap$LinkedEntryIterator::<init> (14 bytes)
230 1006       2       jdk.jfr.AnnotationElement::getTypeName (8 bytes)
230 1005       1       jdk.jfr.ValueDescriptor::getName (5 bytes)
230 1008       2       jdk.internal.util.DecimalDigits::uncheckedPutCharLatin1 (40 bytes)
230 1010       2       jdk.jfr.internal.EventControl::remove (76 bytes)
230 1011       3       jdk.jfr.AnnotationElement::getTypeId (8 bytes)
230 1000       2       jdk.jfr.AnnotationElement::getTypeId (8 bytes)   made not entrant: not used
230 1012       2       jdk.jfr.internal.AnnotationConstruct::getAnnotationElement (127 bytes)
231 1013       2       jdk.jfr.internal.Type::hasAnnotation (17 bytes)
231 1014       1       jdk.jfr.internal.PlatformEventType::hasPeriod (5 bytes)
231 1016       2       java.util.Collections::emptyList (4 bytes)
231 1017       2       java.util.ArrayList::fastRemove (44 bytes)
231 1015       1       java.util.Collections$EmptyList::isEmpty (2 bytes)
231 1019       1       jdk.jfr.AnnotationElement::getValues (5 bytes)
232 1020 %     3       jdk.jfr.internal.Type::getKnownType @ 14 (65 bytes)
232   88       3       java.util.HashMap::getNode (150 bytes)   made not entrant: not used
232 1007       4       java.util.LinkedHashMap$LinkedHashIterator::hasNext (13 bytes)
232 1021       1       jdk.jfr.internal.PlatformEventType::isJVM (5 bytes)
232  228       3       java.util.LinkedHashMap$LinkedHashIterator::hasNext (13 bytes)   made not entrant: not used
232 1009       4       java.util.LinkedHashMap$LinkedHashIterator::nextNode (68 bytes)
232 1022       2       jdk.jfr.internal.Type::setAnnotations (9 bytes)
232 1023       2       jdk.jfr.internal.AnnotationConstruct::setAnnotationElements (9 bytes)
233 1024       2       jdk.jfr.internal.util.Utils::findField (44 bytes)
233 1033       3       java.util.LinkedHashMap::sequencedEntrySet (31 bytes)
233  231       3       java.util.LinkedHashMap$LinkedHashIterator::nextNode (68 bytes)   made not entrant: not used
233  852       4       java.util.Objects::checkFromIndexSize (8 bytes)
233  995       2       java.util.LinkedHashMap::sequencedEntrySet (31 bytes)   made not entrant: not used
233 1034       3       java.util.LinkedHashMap$LinkedEntrySet::iterator (16 bytes)
233  244       3       java.util.Objects::checkFromIndexSize (8 bytes)   made not entrant: not used
233 1018       4       java.util.LinkedHashMap$LinkedEntryIterator::next (5 bytes)
233 1036     n 0       jdk.internal.misc.Unsafe::getLongVolatile (native)   
233 1002       2       java.util.LinkedHashMap$LinkedEntrySet::iterator (16 bytes)   made not entrant: not used
233 1025       2       java.util.ArrayList::remove (76 bytes)
234 1037       3       jdk.jfr.internal.Type::getKnownType (65 bytes)
234 1004       2       jdk.jfr.internal.Type::getKnownType (65 bytes)   made not entrant: not used
234 1026       1       jdk.jfr.internal.PlatformEventType::setHasCutoff (6 bytes)
234  229       3       java.util.LinkedHashMap$LinkedEntryIterator::next (5 bytes)   made not entrant: not used
234  958       4       java.util.ImmutableCollections$ListItr::hasNext (17 bytes)
234 1027       1       jdk.jfr.internal.PlatformEventType::setHasThrottle (6 bytes)
234 1028       1       jdk.jfr.internal.PlatformEventType::setHasLevel (6 bytes)
234  447       3       java.util.ImmutableCollections$ListItr::hasNext (17 bytes)   made not entrant: not used
234  876       4       java.lang.CharacterData::of (136 bytes)
234 1029       1       jdk.jfr.internal.PlatformEventType::setHasPeriod (6 bytes)
234 1038       3       sun.reflect.generics.parser.SignatureParser::parsePackageNameAndSimpleClassTypeSignature (119 bytes)
235  438       3       java.lang.CharacterData::of (136 bytes)   made not entrant: not used
235  861       4       java.lang.CharacterDataLatin1::getProperties (11 bytes)
235  449       3       java.lang.CharacterDataLatin1::getProperties (11 bytes)   made not entrant: not used
235 1035   !   4       java.util.ImmutableCollections$ListItr::next (34 bytes)
235 1030       1       jdk.jfr.internal.PlatformEventType::hasCutoff (5 bytes)
235 1031       1       jdk.jfr.internal.PlatformEventType::hasThrottle (5 bytes)
235 1032       1       jdk.jfr.internal.PlatformEventType::hasLevel (5 bytes)
235 1039       3       java.lang.invoke.DirectMethodHandle::internalMemberName (8 bytes)
235 1040     n 0       java.lang.invoke.MethodHandle::linkToStatic(IL)L (native)   (static)
235 1041       3       java.lang.invoke.LambdaForm$Name::withIndex (35 bytes)
235 1042     n 0       java.lang.invoke.MethodHandle::invokeBasic(L)I (native)   
236 1043     n 0       java.lang.invoke.MethodHandle::linkToSpecial(LLL)I (native)   (static)
236  584   !   3       java.util.ImmutableCollections$ListItr::next (34 bytes)   made not entrant: not used
236  940       4       java.util.ImmutableCollections$ListN::get (7 bytes)
236 1044       3       jdk.internal.classfile.impl.AbstractPoolEntry$NameAndTypeEntryImpl::name (8 bytes)
236 1045       3       jdk.internal.classfile.impl.DirectCodeBuilder::fieldAccess (14 bytes)
236 1047     n 0       java.lang.invoke.MethodHandle::linkToStatic(LLLLLL)L (native)   (static)
236  627       3       java.util.ImmutableCollections$ListN::get (7 bytes)   made not entrant: not used
236  931       4       java.util.ImmutableCollections$ListN::size (6 bytes)
236 1046       3       jdk.internal.util.StrongReferenceKey::equals (28 bytes)
236 1049     n 0       java.lang.invoke.MethodHandle::invokeBasic(LLLLL)L (native)   
237  625       3       java.util.ImmutableCollections$ListN::size (6 bytes)   made not entrant: not used
237  965       4       java.util.ArrayDeque::isEmpty (17 bytes)
237 1048       3       java.lang.invoke.MemberName$Factory::resolveOrFail (83 bytes)
237  932       3       java.util.ArrayDeque::isEmpty (17 bytes)   made not entrant: not used
237  955       4       java.util.ArrayDeque::addLast (51 bytes)
237 1050       3       jdk.internal.classfile.impl.UnboundAttribute::writeTo (12 bytes)
237 1051       3       java.lang.invoke.MemberName::getName (25 bytes)
237 1052       3       java.lang.invoke.MemberName::isStatic (8 bytes)
237 1055       3       java.lang.invoke.MethodHandle::<init> (37 bytes)
238 1056       3       java.lang.invoke.LambdaForm::prepare (92 bytes)
238  814       3       java.util.ArrayDeque::addLast (51 bytes)   made not entrant: not used
238  907       4       java.lang.invoke.MethodType::parameterCount (6 bytes)
238 1054       3       java.lang.invoke.MethodTypeForm::cachedLambdaForm (23 bytes)
238  327       3       java.lang.invoke.MethodType::parameterCount (6 bytes)   made not entrant: not used
238  839       4       sun.reflect.generics.parser.SignatureParser::current (59 bytes)
238 1053       3       java.lang.invoke.MethodType::parameterSlotCount (8 bytes)
238 1057       3       java.lang.invoke.MethodType::basicType (8 bytes)
238 1058       1       jdk.internal.util.ClassFileDumper::isEnabled (5 bytes)
238 1059       3       java.lang.WeakPairMap::expungeStaleAssociations (31 bytes)
239 1060       3       java.lang.WeakPairMap$Pair::hashCode (10 bytes)
239 1062       3       java.lang.invoke.Invokers$Holder::invokeExact_MT (23 bytes)
239  437       3       sun.reflect.generics.parser.SignatureParser::current (59 bytes)   made not entrant: not used
239  903       4       java.lang.Character::codePointAt (51 bytes)
239 1063       3       java.lang.invoke.Invokers::checkExactType (17 bytes)
239 1069       3       java.util.ImmutableCollections$List12::<init> (21 bytes)
240 1061       3       java.lang.PublicMethods$MethodList::getMostSpecific (63 bytes)
240  857       3       java.lang.Character::codePointAt (51 bytes)   made not entrant: not used
240 1068       4       java.lang.String::toString (2 bytes)
240  483       3       java.lang.String::toString (2 bytes)   made not entrant: not used
240 1067       4       sun.reflect.generics.parser.SignatureParser::advance (53 bytes)
240 1064       3       java.lang.invoke.Invokers::checkCustomized (23 bytes)
240 1065       3       java.lang.invoke.Invokers::maybeCustomize (5 bytes)
240 1072       3       java.lang.PublicMethods$MethodList::<init> (10 bytes)
240 1073       3       java.lang.invoke.LambdaForm$MH/0x0000180001041000::invoke (35 bytes)
240  448       3       sun.reflect.generics.parser.SignatureParser::advance (53 bytes)   made not entrant: not used
240 1066       4       java.lang.CharacterDataLatin1::isWhitespace (23 bytes)
241 1074       3       jdk.internal.classfile.impl.AbstractPoolEntry$Utf8EntryImpl::charAt (62 bytes)
241  549       3       java.lang.CharacterDataLatin1::isWhitespace (23 bytes)   made not entrant: not used
241  963       4       java.lang.Long::hashCode (8 bytes)
241 1076       3       java.lang.PublicMethods$MethodList::filter (104 bytes)
241  948       3       java.lang.Long::hashCode (8 bytes)   made not entrant: not used
241  770       4       jdk.internal.classfile.impl.ClassReaderImpl::entryByIndex (809 bytes)
242 1075       3       java.lang.Class::getMethodsRecursive (104 bytes)
242 1077       3       java.lang.reflect.Array::newInstance (6 bytes)
242 1079       3       java.lang.Class::privateGetDeclaredMethods (56 bytes)
242 1080     n 0       java.lang.Class::getConstantPool (native)   
242 1078       3       jdk.internal.loader.AbstractClassLoaderValue$Sub::hashCode (19 bytes)
242 1070       1       jdk.internal.classfile.impl.BufWriterImpl::labelContext (5 bytes)
243 1071       1       jdk.internal.classfile.impl.DirectCodeBuilder::methodInfo (5 bytes)
243  935       3       jdk.jfr.EventSettings$InternalAccess::getType (98 bytes)   made not entrant: C1 deoptimize for patching
243 1082     n 0       jdk.internal.reflect.Reflection::getCallerClass (native)   (static)
243 1083       1       java.lang.reflect.Method::getRoot (5 bytes)
243 1084       3       java.lang.Class::getMethod (38 bytes)
243 1086       3       java.lang.Class::annotationData (44 bytes)
244 1085       3       java.lang.Class::getMethod0 (32 bytes)
244 1088       3       java.lang.String::indexOf (64 bytes)
244 1091   !   3       sun.reflect.annotation.AnnotationParser::parseAnnotation2 (275 bytes)
245 1094       2       jdk.jfr.EventSettings$InternalAccess::getType (98 bytes)
245 1092       3       java.lang.WeakPairMap$Pair::lookup (10 bytes)
245 1089       3       java.lang.StringLatin1::indexOf (25 bytes)
246 1095       3       java.lang.Module::implIsExportedOrOpen (92 bytes)
246 1093       3       java.lang.WeakPairMap$Pair$Weak::first (5 bytes)
246 1090       1       java.util.Collections$EmptyMap::get (2 bytes)
246 1096       1       java.lang.reflect.Field::getType (5 bytes)
246 1087       3       java.util.ArrayList::trimToSize (51 bytes)
246 1101       3       java.util.ImmutableCollections$List12::<init> (20 bytes)
246 1102  s    3       jdk.jfr.internal.TypeLibrary::createAnnotation (103 bytes)
247 1100       3       java.lang.WeakPairMap::get (17 bytes)
248 1108       3       java.lang.WeakPairMap$Pair$Lookup::hashCode (12 bytes)
248 1106       3       java.lang.invoke.MethodHandle::maybeCustomize (38 bytes)
248 1109       3       java.lang.WeakPairMap$Pair::equals (34 bytes)
248 1110       3       java.lang.WeakPairMap$Pair$Lookup::equals (31 bytes)
248 1103       3       java.lang.invoke.LambdaForm$MH/0x0000180001040c00::invoke (25 bytes)
248 1104       3       java.lang.invoke.DirectMethodHandle$Holder::invokeSpecial (15 bytes)
248 1105       1       java.lang.reflect.Field::getModifiers (5 bytes)
249 1107       1       java.lang.reflect.Field::getName (5 bytes)
249 1112       3       java.lang.reflect.Modifier::isPrivate (12 bytes)
249 1111       3       jdk.jfr.internal.TypeLibrary::defineType (110 bytes)
250 1122       3       java.lang.Module::isExplicitlyExportedOrOpened (70 bytes)
250 1114       3       sun.reflect.generics.parser.SignatureParser::parseFieldTypeSignature (6 bytes)
250 1115       3       sun.reflect.generics.parser.SignatureParser::parseFieldTypeSignature (73 bytes)
250 1116       3       sun.reflect.generics.parser.SignatureParser::parseClassTypeSignature (95 bytes)
251 1127       3       java.util.ArrayList::indexOfRange (71 bytes)
251 1128       3       java.lang.WeakPairMap$Pair$Weak::second (8 bytes)
251 1117       3       sun.reflect.generics.tree.SimpleClassTypeSignature::<init> (20 bytes)
251 1118       3       sun.reflect.generics.parser.SignatureParser::parseClassTypeSignatureSuffix (29 bytes)
251 1119       3       sun.reflect.generics.tree.ClassTypeSignature::make (9 bytes)
251 1120       3       sun.reflect.generics.tree.ClassTypeSignature::<init> (10 bytes)
252 1121       3       sun.reflect.generics.tree.ClassTypeSignature::accept (8 bytes)
252 1129       3       sun.reflect.generics.tree.SimpleClassTypeSignature::make (11 bytes)
252 1125       3       java.util.ArrayList::contains (14 bytes)
252 1126       3       java.util.ArrayList::indexOf (11 bytes)
252 1130       3       java.lang.Float::isNaN (12 bytes)
252 1131       3       jdk.internal.classfile.impl.ClassFileImpl::passDebugElements (23 bytes)
252 1134       3       jdk.internal.classfile.impl.StackCounter::<init> (2420 bytes)
253 1099       4       java.lang.Object::equals (11 bytes)
253  109       3       java.lang.Object::equals (11 bytes)   made not entrant: not used
253 1097       4       java.util.ArrayDeque::pollFirst (36 bytes)
254  618       3       java.util.ArrayDeque::pollFirst (36 bytes)   made not entrant: not used
254 1098       4       java.util.ArrayDeque::poll (5 bytes)
254  619       3       java.util.ArrayDeque::poll (5 bytes)   made not entrant: not used
254 1113       4       java.util.HashMap::put (13 bytes)
258 1106       3       java.lang.invoke.MethodHandle::maybeCustomize (38 bytes)   made not entrant: C1 deoptimize for patching
259 1139       3       jdk.jfr.internal.TypeLibrary$$Lambda/0x0000180001072ec0::test (8 bytes)
259 1140       3       jdk.jfr.internal.TypeLibrary::lambda$addTypes$0 (24 bytes)
259 1141       3       java.lang.Module::isReflectivelyExportedOrOpened (182 bytes)
261 1150       3       java.lang.invoke.MethodHandle::maybeCustomize (38 bytes)
261 1153       2       java.lang.Number::<init> (5 bytes)
261 1145       3       java.lang.Class::getAnnotation (22 bytes)
261 1147   !   3       java.lang.reflect.Executable::declaredAnnotations (85 bytes)
261 1138       3       jdk.internal.classfile.impl.BufWriterImpl::cpIndexOrZero (21 bytes)
262 1132       3       java.lang.classfile.Attributes::code (4 bytes)
262  770       4       jdk.internal.classfile.impl.ClassReaderImpl::entryByIndex (809 bytes)   made not entrant: uncommon trap
262 1133       3       jdk.internal.classfile.impl.StackCounter::ensureLocalSlot (16 bytes)
262 1136       3       jdk.internal.classfile.impl.BufWriterImpl::writeIndexOrZero (10 bytes)
263 1154       3       jdk.internal.loader.AbstractClassLoaderValue::extractValue (17 bytes)
263 1159       3       sun.reflect.generics.parser.SignatureParser::parseTypeSignature (130 bytes)
263 1155       3       sun.reflect.generics.visitor.Reifier::visitClassTypeSignature (381 bytes)
264 1156       3       java.lang.StringBuilder::<init> (6 bytes)
264 1157       3       java.lang.AbstractStringBuilder::<init> (68 bytes)
264   82       3       java.util.HashMap::put (13 bytes)   made not entrant: not used
264 1143       4       java.util.HashMap::putVal (300 bytes)
264 1158       3       java.lang.StringBuilder::append (6 bytes)
264 1144       1       java.lang.reflect.Field::getDeclaringClass (5 bytes)
264 1149       1       java.lang.invoke.LambdaForm$BasicType::basicTypeKind (5 bytes)
265 1148       1       java.lang.invoke.LambdaForm$Name::index (5 bytes)
265 1142       1       java.util.Collections$SingletonList::size (2 bytes)
265 1137       1       jdk.internal.classfile.impl.UnboundAttribute$UnboundExceptionsAttribute::exceptions (5 bytes)
265 1160       3       java.lang.reflect.Method::copy (92 bytes)
265  980       2       java.lang.reflect.Method::copy (92 bytes)   made not entrant: not used
265 1161       3       java.lang.reflect.Method::<init> (68 bytes)
265  981       2       java.lang.reflect.Method::<init> (68 bytes)   made not entrant: not used
265 1162       3       java.util.LinkedHashMap::get (29 bytes)
265  996       2       java.util.LinkedHashMap::get (29 bytes)   made not entrant: not used
265 1163       3       jdk.internal.loader.AbstractClassLoaderValue$Sub::equals (55 bytes)
266 1165       3       java.lang.Module::isExported (18 bytes)
266 1164   !   3       jdk.jfr.internal.TypeLibrary::invokeAnnotation (193 bytes)
267 1170     n 0       java.lang.invoke.MethodHandle::invokeBasic(I)V (native)   
267 1167       3       jdk.internal.module.Modules::addExports (12 bytes)
267 1168       3       java.lang.System$1::addExports (7 bytes)
268 1169       3       java.lang.Module::implAddExports (9 bytes)
268 1166       3       jdk.internal.misc.VM::isSystemDomainLoader (17 bytes)
268 1151       1       java.lang.classfile.ClassFile::latestMinorVersion (2 bytes)
268 1152       1       jdk.internal.classfile.impl.DirectClassBuilder::setFlags (6 bytes)
268 1171       1       jdk.internal.classfile.impl.AnnotationImpl::className (5 bytes)
268  845       3       java.io.DataInputStream::readUTF (601 bytes)   made not entrant: marked for deoptimization
269 1172     n 0       java.lang.invoke.MethodHandle::linkToSpecial(LL)J (native)   (static)
269 1173       3       jdk.internal.classfile.impl.DirectCodeBuilder::processDeferredLabels (109 bytes)
270  822       3       jdk.internal.classfile.impl.StackCounter::next (68 bytes)   made not entrant: marked for deoptimization
270  944       3       jdk.jfr.internal.TypeLibrary::visitAnnotations (92 bytes)   made not entrant: marked for deoptimization
270 1134       3       jdk.internal.classfile.impl.StackCounter::<init> (2420 bytes)   made not entrant: marked for deoptimization
270 1174       3       jdk.internal.classfile.impl.DirectCodeBuilder$4::<init> (16 bytes)
270  918       3       java.util.Comparator$$Lambda/0x000018000106e070::compare (10 bytes)   made not entrant: marked for deoptimization
270  919       3       java.util.Comparator::lambda$comparingLong$6043328a$1 (18 bytes)   made not entrant: marked for deoptimization
270 1175       3       jdk.internal.classfile.impl.DirectMethodBuilder::writeTo (33 bytes)
271 1182       3       sun.invoke.util.VerifyAccess::isSamePackage (37 bytes)
271 1176       3       jdk.internal.classfile.impl.DirectCodeBuilder$4::writeBody (243 bytes)
272 1177       3       jdk.internal.classfile.impl.ClassFileImpl::stackMapsWhenRequired (23 bytes)
273 1183       3       sun.nio.fs.UnixPath::checkNotNul (16 bytes)
273 1178       3       jdk.internal.classfile.impl.BufWriterImpl::bytecodeView (12 bytes)
273 1179       3       jdk.internal.classfile.impl.RawBytecodeHelper::of (10 bytes)
273 1186       3       jdk.jfr.internal.Type::compareTo (9 bytes)
273 1187       3       jdk.jfr.internal.Type::compareTo (12 bytes)
273 1180       3       jdk.internal.classfile.impl.RawBytecodeHelper$CodeRange::<init> (15 bytes)
274 1185       1       jdk.jfr.internal.Type::isVisible (5 bytes)
274 1181       3       jdk.internal.classfile.impl.BufWriterImpl::writeBytes (14 bytes)
274 1184       1       java.lang.invoke.InfoFromMemberName::getReferenceKind (5 bytes)
274 1188       3       jdk.internal.util.DecimalDigits::stringSize (55 bytes)
274  356       3       java.util.HashMap::putVal (300 bytes)   made not entrant: not used
274 1124       4       java.lang.CharacterDataLatin1::isJavaIdentifierPart (20 bytes)
274 1189       3       jdk.internal.util.DecimalDigits::uncheckedGetCharsLatin1 (160 bytes)
274 1191       3       jdk.internal.util.DecimalDigits::uncheckedPutPairLatin1 (31 bytes)
274  860       3       java.lang.CharacterDataLatin1::isJavaIdentifierPart (20 bytes)   made not entrant: not used
274 1081       4       java.util.ImmutableCollections$AbstractImmutableList::iterator (13 bytes)
275 1196       3       jdk.internal.util.DecimalDigits::uncheckedPutCharLatin1 (40 bytes)
275 1008       2       jdk.internal.util.DecimalDigits::uncheckedPutCharLatin1 (40 bytes)   made not entrant: not used
275 1193       3       java.lang.String::valueOf (15 bytes)
275 1194       3       jdk.jfr.internal.MetadataDescriptor$Element::addAttribute (23 bytes)
275 1195       3       jdk.jfr.internal.MetadataDescriptor$Attribute::<init> (15 bytes)
275 1190       3       java.lang.Boolean::toString (8 bytes)
275 1197       3       java.lang.Long::toString (55 bytes)
275 1202       3       jdk.jfr.internal.MetadataWriter::makeAnnotation (115 bytes)
276  606       3       java.util.ImmutableCollections$AbstractImmutableList::iterator (13 bytes)   made not entrant: not used
276 1192       4       java.util.ArrayList::add (25 bytes)
276 1198       3       jdk.jfr.internal.MetadataDescriptor$Element::<init> (32 bytes)
276 1199       3       jdk.jfr.internal.MetadataDescriptor$Element::newChild (22 bytes)
277 1205       3       jdk.jfr.internal.MetadataWriter::makeFieldElement (114 bytes)
277 1204       3       jdk.jfr.AnnotationElement::getValueDescriptors (11 bytes)
277 1201       1       jdk.jfr.ValueDescriptor::isConstantPool (5 bytes)
277 1200       3       java.lang.Long::toString (8 bytes)
278 1206       3       jdk.jfr.ValueDescriptor::getTypeId (8 bytes)
278 1207       1       jdk.jfr.SettingDescriptor::getName (5 bytes)
278 1211       3       jdk.internal.util.DecimalDigits::stringSize (47 bytes)
278 1208       1       jdk.jfr.SettingDescriptor::getDefaultValue (5 bytes)
278 1210       3       jdk.jfr.SettingDescriptor::getTypeId (8 bytes)
278 1212       3       jdk.internal.util.DecimalDigits::uncheckedGetCharsLatin1 (105 bytes)
278 1215       3       java.util.ArrayList::elementAt (4 bytes)
278 1216       3       jdk.jfr.internal.settings.PeriodSetting::isType (14 bytes)
278 1213       1       jdk.jfr.internal.Type::getSuperType (5 bytes)
279 1217       3       jdk.jfr.SettingDescriptor::getAnnotationElements (8 bytes)
279  560       3       java.util.ArrayList::add (25 bytes)   made not entrant: not used
279 1214       4       jdk.internal.util.DecimalDigits::uncheckedPutCharLatin1 (40 bytes)
279 1218       3       jdk.jfr.internal.MetadataWriter$$Lambda/0x000018000107c618::accept (12 bytes)
279 1220       3       jdk.jfr.internal.MetadataWriter::makeTypeElement (210 bytes)
279 1196       3       jdk.internal.util.DecimalDigits::uncheckedPutCharLatin1 (40 bytes)   made not entrant: not used
279 1203       4       java.lang.Long::valueOf (40 bytes)
280 1225       3       java.lang.Boolean::valueOf (14 bytes)
280 1230       3       jdk.jfr.internal.MetadataWriter::buildStringPool (109 bytes)
280  952       3       java.lang.Long::valueOf (40 bytes)   made not entrant: not used
280 1229       4       java.util.HashSet::add (20 bytes)
281 1219       3       jdk.jfr.internal.MetadataWriter::lambda$new$0 (10 bytes)
281 1223       3       java.lang.StringBuilder::append (8 bytes)
281 1224       3       java.lang.AbstractStringBuilder::append (72 bytes)
281  112       3       java.util.HashSet::add (20 bytes)   made not entrant: not used
281 1209       4       java.util.Collections$UnmodifiableCollection$1::hasNext (10 bytes)
281 1221       3       jdk.jfr.internal.util.Utils::isSettingVisible (45 bytes)
281 1222       3       jdk.jfr.internal.settings.ThresholdSetting::isType (14 bytes)
281  647       3       java.util.Collections$UnmodifiableCollection$1::hasNext (10 bytes)   made not entrant: not used
281 1228       4       java.util.ArrayList::iterator (9 bytes)
281 1226       1       jdk.jfr.internal.MetadataDescriptor$Attribute::name (5 bytes)
282 1227       1       jdk.jfr.internal.MetadataDescriptor$Attribute::value (5 bytes)
282 1233  s    3       java.io.ByteArrayOutputStream::write (32 bytes)
282 1235       3       java.io.DataOutputStream::incCount (20 bytes)
282  590       3       java.util.ArrayList::iterator (9 bytes)   made not entrant: not used
282 1231       4       jdk.internal.util.ArraysSupport::hashCodeOfUnsigned (55 bytes)
282 1236  s    3       java.io.DataOutputStream::write (14 bytes)
282 1237       3       jdk.jfr.internal.MetadataWriter::writeInt (148 bytes)
283 1238       3       jdk.jfr.internal.MetadataWriter::writeString (67 bytes)
283  178       3       jdk.internal.util.ArraysSupport::hashCodeOfUnsigned (55 bytes)   made not entrant: not used
283 1232       4       jdk.internal.util.ArraysSupport::vectorizedHashCode (158 bytes)
283 1234       2       java.io.ByteArrayOutputStream::ensureCapacity (32 bytes)
283 1240       3       java.lang.Integer::valueOf (32 bytes)
283 1242       3       java.io.DataOutputStream::writeByte (14 bytes)
284 1241       3       java.lang.Integer::<init> (10 bytes)
284 1239       1       jdk.jfr.internal.consumer.StringParser$Encoding::byteValue (5 bytes)
285 1249       1       java.lang.Integer::intValue (5 bytes)
286  174       3       jdk.internal.util.ArraysSupport::vectorizedHashCode (158 bytes)   made not entrant: not used
286 1248       4       jdk.jfr.internal.MetadataWriter::writeString (67 bytes)
286 1250       3       jdk.jfr.internal.MetadataWriter::write (168 bytes)
290 1252       3       java.lang.Math::ceil (5 bytes)
290 1255       3       java.lang.Integer::numberOfLeadingZeros (79 bytes)
290 1257       3       java.util.HashMap::tableSizeFor (32 bytes)
291 1254       3       java.util.HashMap::<init> (8 bytes)
291 1256       3       java.util.HashMap::<init> (98 bytes)
291 1261 %     3       java.lang.StringLatin1::indexOf @ 30 (121 bytes)
292 1264       3       jdk.internal.util.ArraysSupport::mismatch (103 bytes)
292 1253       3       java.lang.StrictMath::ceil (10 bytes)
292 1258       3       java.lang.StrictMath::floorOrCeil (128 bytes)
292 1259       3       java.lang.Math::getExponent (17 bytes)
292 1260       3       java.lang.String::substring (10 bytes)
292 1262       3       java.util.HashMap::calculateHashMapCapacity (11 bytes)
293 1266       1       jdk.jfr.internal.SettingsManager$InternalSetting::getSettingsId (5 bytes)
293 1263       3       java.lang.String::startsWith (123 bytes)
293 1271     n 0       jdk.jfr.internal.JVM::setEnabled (native)   (static)
293 1265       3       java.util.HashSet::<init> (17 bytes)
293 1267       1       jdk.jfr.internal.EventControl$NamedControl::name (5 bytes)
293 1268       1       jdk.jfr.internal.EventControl$NamedControl::control (5 bytes)
293 1269       1       jdk.jfr.internal.Control::getLastValue (5 bytes)
293 1270       1       jdk.jfr.internal.settings.BooleanSetting::getValue (5 bytes)
294 1272       1       jdk.jfr.internal.PlatformEventType::isEnabled (5 bytes)
294 1273       1       jdk.jfr.internal.EventControl::getEventType (5 bytes)
294 1274       1       jdk.jfr.internal.EventControl::getSettingsId (5 bytes)
294 1275       1       jdk.jfr.internal.EventControl::getNamedControls (5 bytes)
294 1278       3       jdk.jfr.internal.Logger::shouldLog (17 bytes)
294 1276   !   3       jdk.jfr.internal.Control::setValue (69 bytes)
294 1279     n 0       jdk.jfr.internal.JVM::getConfiguration (native)   (static)
294 1281       3       jdk.jfr.internal.event.EventWriter::putUncheckedByte (22 bytes)
295 1280       3       jdk.internal.misc.Unsafe::putByte (8 bytes)
295 1282       3       jdk.jfr.internal.event.EventWriter::putUncheckedLong (278 bytes)
295 1277       3       jdk.jfr.internal.SettingsManager$InternalSetting::getValues (35 bytes)
295 1289     n 0       jdk.jfr.internal.JVM::getEventWriter (native)   (static)
295 1283       3       jdk.jfr.internal.event.EventWriter::putUncheckedChar (7 bytes)
295 1292     n 0       jdk.jfr.internal.JVM::commit (native)   (static)
295 1285       3       jdk.jfr.internal.event.EventWriter::isValidForSize (44 bytes)
295 1287       3       jdk.jfr.internal.event.EventWriter::putLong (15 bytes)
296 1284       1       jdk.jfr.internal.event.EventConfiguration::platformEventType (5 bytes)
296 1286       1       jdk.jfr.internal.PlatformEventType::isCommittable (5 bytes)
296 1295       3       jdk.jfr.internal.event.EventWriter::putStringValue (56 bytes)
296 1288       1       jdk.jfr.internal.PlatformEventType::hasEventHook (5 bytes)
296 1290       1       jdk.jfr.internal.event.EventConfiguration::id (5 bytes)
296 1291       1       jdk.jfr.internal.PlatformEventType::isLargeSize (5 bytes)
296 1293       3       jdk.jfr.internal.Control::isType (17 bytes)
297 1238       3       jdk.jfr.internal.MetadataWriter::writeString (67 bytes)   made not entrant: not used
297 1244  s    4       java.io.ByteArrayOutputStream::write (32 bytes)
297 1296       3       jdk.jfr.internal.event.EventWriter::putString (84 bytes)
297 1297       3       jdk.jfr.internal.event.EventWriter::putUncheckedInt (11 bytes)
297 1294       1       jdk.jfr.internal.PlatformEventType::isRegistered (5 bytes)
297 1299       1       jdk.jfr.internal.periodic.EventTask::getEventType (5 bytes)
298 1233  s    3       java.io.ByteArrayOutputStream::write (32 bytes)   made not entrant: not used
298 1245       4       java.io.DataOutputStream::incCount (20 bytes)
298 1300       3       jdk.jfr.internal.event.EventConfiguration::isEnabled (8 bytes)
298 1235       3       java.io.DataOutputStream::incCount (20 bytes)   made not entrant: not used
298 1246  s    4       java.io.DataOutputStream::write (14 bytes)
299 1301 %     3       java.util.Properties$LineReader::readLine @ 224 (584 bytes)
299 1302     n 0       java.lang.ref.Reference::refersTo0 (native)   
299 1236  s    3       java.io.DataOutputStream::write (14 bytes)   made not entrant: not used
299 1247       4       jdk.jfr.internal.MetadataWriter::writeInt (148 bytes)
300 1209       4       java.util.Collections$UnmodifiableCollection$1::hasNext (10 bytes)   made not entrant: uncommon trap
[0.300s][info][jfr,startup] Started recording 1. No limit specified, using maxsize=250MB as default.
[0.300s][info][jfr,startup] 
[0.300s][info][jfr,startup] Use jcmd 1547 JFR.dump name=1 to copy recording data to file.
300  840       4       java.lang.StringLatin1::replace (197 bytes)   made not entrant: uncommon trap
301 1310       1       jdk.jfr.internal.periodic.PeriodicTask::getPeriod (5 bytes)
301 1303       3       jdk.jfr.internal.event.EventWriter::getEventWriter (14 bytes)
301 1304       3       jdk.jfr.internal.event.EventWriter::beginEvent (70 bytes)
302 1305       3       jdk.jfr.internal.event.EventWriter::reserveEventSizeField (60 bytes)
302 1306       3       jdk.jfr.internal.event.EventWriter::endEvent (134 bytes)
302 1311       2       Hot::f (14 bytes)
302 1308       3       jdk.jfr.internal.event.EventWriter::usedSize (11 bytes)
303 1237       3       jdk.jfr.internal.MetadataWriter::writeInt (148 bytes)   made not entrant: not used
303 1309       4       java.util.Collections$UnmodifiableCollection$1::hasNext (10 bytes)
304 1251       4       java.util.LinkedHashMap::get (29 bytes)
304 1313 %     3       Hot::main @ 4 (34 bytes)
304 1314       3       Hot::main (34 bytes)
308 1162       3       java.util.LinkedHashMap::get (29 bytes)   made not entrant: not used
308 1315 %     4       Hot::main @ 4 (34 bytes)
309 1313 %     3       Hot::main @ 4 (34 bytes)   made not entrant: OSR invalidation of lower level
309 1123       4       jdk.jfr.internal.PrivateAccess::getInstance (15 bytes)
309  878       3       jdk.jfr.internal.PrivateAccess::getInstance (15 bytes)   made not entrant: not used
309 1298       4       jdk.internal.misc.Unsafe::putByte (8 bytes)
309 1280       3       jdk.internal.misc.Unsafe::putByte (8 bytes)   made not entrant: not used
310 1307       4       jdk.jfr.internal.event.EventWriter::putUncheckedByte (22 bytes)
310 1281       3       jdk.jfr.internal.event.EventWriter::putUncheckedByte (22 bytes)   made not entrant: not used
310  892       4       java.util.ArrayList::elementData (7 bytes)
310  737       3       java.util.ArrayList::elementData (7 bytes)   made not entrant: not used
310  813       4       java.util.BitSet::wordIndex (5 bytes)
310  421       3       java.util.BitSet::wordIndex (5 bytes)   made not entrant: not used
310 1135       4       jdk.internal.constant.MethodTypeDescImpl::parameterType (7 bytes)
311  717       3       jdk.internal.constant.MethodTypeDescImpl::parameterType (7 bytes)   made not entrant: not used
311 1312       4       Hot::f (14 bytes)
311 1311       2       Hot::f (14 bytes)   made not entrant: not used
311 1243       4       java.io.ByteArrayOutputStream::ensureCapacity (32 bytes)
311 1234       2       java.io.ByteArrayOutputStream::ensureCapacity (32 bytes)   made not entrant: not used
311 1146       4       java.util.HashMap::containsKey (14 bytes)
315  957       2       java.util.HashMap::containsKey (14 bytes)   made not entrant: not used
315  854  s    4       java.io.ByteArrayInputStream::read (73 bytes)
317  848  s    2       java.io.ByteArrayInputStream::read (73 bytes)   made not entrant: not used
866 1315 %     4       Hot::main @ 4 (34 bytes)   made not entrant: uncommon trap
2494822943242782720
867 1316     n 0       java.lang.Thread::currentCarrierThread (native)   (static)
872 1317       3       java.lang.reflect.Modifier::isAbstract (14 bytes)
873 1318       3       jdk.jfr.internal.settings.BooleanSetting::setValue (27 bytes)
873 1319       3       jdk.jfr.internal.settings.BooleanSetting::parse (28 bytes)
873 1320       3       jdk.internal.misc.Unsafe::getAndAddLong (27 bytes)
873 1321       3       jdk.internal.misc.Unsafe::weakCompareAndSetLong (11 bytes)
873 1322       3       java.util.concurrent.atomic.AtomicLong::incrementAndGet (14 bytes)
873 1323       3       jdk.jfr.internal.periodic.PeriodicEvents::setChanged (8 bytes)
873 1324       1       jdk.jfr.internal.Control::getDefaultValue (5 bytes)
874 1325     n 0       java.lang.invoke.MethodHandle::linkToSpecial(LIJLLILL)V (native)   (static)
875 1326       1       java.lang.invoke.LambdaForm$BasicType::basicTypeClass (5 bytes)
875 1327     n 0       java.lang.invoke.MethodHandle::linkToStatic(LIL)I (native)   (static)
875 1328     n 0       java.lang.invoke.MethodHandle::invokeBasic(LI)I (native)   
875 1329     n 0       java.lang.invoke.MethodHandle::linkToSpecial(LLIL)I (native)   (static)
875 1330       3       java.lang.invoke.LambdaForm::argument (27 bytes)
876 1331       4       java.lang.AbstractStringBuilder::needsNewBuffer (33 bytes)
876 1332       3       jdk.internal.classfile.impl.StackMapGenerator::processMethod (258 bytes)
877 1333     n 0       java.lang.invoke.MethodHandle::linkToStatic(LLLIL)L (native)   (static)
877  157       3       java.lang.AbstractStringBuilder::needsNewBuffer (33 bytes)   made not entrant: not used
877 1335       4       jdk.internal.classfile.impl.SplitConstantPool::internalAdd (78 bytes)
877 1334       1       java.lang.invoke.LambdaForm$Name::type (5 bytes)
877 1336     n 0       java.lang.invoke.MethodHandle::invokeBasic(LLLI)L (native)   
877 1337       3       jdk.internal.classfile.impl.DirectCodeBuilder::loadLocal (126 bytes)
877 1338     n 0       java.lang.invoke.MethodHandle::linkToStatic(LIL)J (native)   (static)
878 1339       3       java.lang.invoke.MemberName::ensureTypeVisible (180 bytes)
878 1340     n 0       java.lang.invoke.MethodHandle::invokeBasic(LI)J (native)   
878 1341     n 0       java.lang.invoke.MethodHandle::linkToSpecial(LLIL)J (native)   (static)
879 1348       3       java.lang.StringLatin1::replace (197 bytes)
879 1350     n 0       java.lang.invoke.MethodHandle::invokeBasic(IJLLIL)L (native)   
879 1351     n 0       java.lang.invoke.MethodHandle::linkToSpecial(LIJLLILL)L (native)   (static)
879 1345       3       java.lang.invoke.InvokerBytecodeGenerator::classDesc (88 bytes)
880 1346       1       jdk.internal.classfile.impl.AnnotationImpl::elements (5 bytes)
880 1342       3       java.lang.String::concat (15 bytes)
880 1354     n 0       java.lang.invoke.MethodHandle::invokeBasic(L)J (native)   
880 1355     n 0       java.lang.invoke.MethodHandle::linkToSpecial(LLL)J (native)   (static)
880 1343       3       java.lang.StringConcatHelper::doConcat (62 bytes)
880 1344       3       java.lang.StringConcatHelper::checkOverflow (16 bytes)
881 1356       3       java.lang.invoke.LambdaForm$NamedFunction::methodType (28 bytes)
881 1353       3       jdk.internal.classfile.impl.AbstractPoolEntry$FieldRefEntryImpl::<init> (12 bytes)
881 1359       3       jdk.internal.classfile.impl.StackMapGenerator$Frame::getLocalRawInternal (13 bytes)
881 1360     n 0       java.lang.invoke.MethodHandle::linkToStatic(LLLLLLLL)L (native)   (static)
881 1357       3       jdk.internal.classfile.impl.DirectClassBuilder::withMethod (29 bytes)
881 1361       3       java.lang.invoke.LambdaForm$Name::replaceNames (175 bytes)
881 1362     n 0       java.lang.invoke.MethodHandle::invokeBasic(LLLLLLL)L (native)   
881 1363       3       sun.invoke.util.VerifyType::isNullConversion (157 bytes)
882 1366     n 0       java.lang.invoke.MethodHandle::linkToStatic(LLLLLLLLL)L (native)   (static)
882 1358       3       jdk.internal.classfile.impl.DirectCodeBuilder::ldc (23 bytes)
883 1365       3       jdk.internal.classfile.impl.StackMapGenerator$Type::equals (54 bytes)
883 1370     n 0       java.lang.invoke.MethodHandle::invokeBasic(LLLLLLLL)L (native)   
883 1368       3       jdk.internal.classfile.impl.StackMapGenerator::of (80 bytes)
883 1369       3       jdk.internal.classfile.impl.StackMapGenerator::<init> (137 bytes)
884 1372       3       java.lang.invoke.LambdaForm$BasicType::basicTypeSlots (8 bytes)
884 1379     n 0       java.lang.invoke.MethodHandle::linkToStatic(LLLLLLLLLL)L (native)   (static)
884 1373       3       sun.invoke.util.Wrapper::stackSlots (9 bytes)
884 1378       3       jdk.internal.classfile.impl.StackMapGenerator::processFieldInstructions (140 bytes)
884 1385     n 0       java.lang.invoke.MethodHandle::invokeBasic(LLLLLLLLL)L (native)   
885 1376       3       java.lang.String::endsWith (15 bytes)
885 1383   !   3       java.lang.invoke.MemberName$Factory::resolve (159 bytes)
885 1377       1       java.lang.invoke.LambdaForm$BasicType::basicTypeWrapper (5 bytes)
885 1380       3       jdk.internal.classfile.impl.AbstractPoolEntry$Utf8EntryImpl::clone (6 bytes)
885 1381       3       jdk.internal.classfile.impl.AbstractPoolEntry$Utf8EntryImpl::clone (65 bytes)
885 1386     n 0       java.lang.invoke.MethodHandle::linkToStatic(LIL)L (native)   (static)
885 1367       3       java.lang.classfile.constantpool.LoadableConstantEntry::typeKind (4 bytes)
885 1364       1       java.lang.constant.ClassDesc::isArray (2 bytes)
886 1387       3       java.lang.invoke.MemberName::isMethod (8 bytes)
886 1388     n 0       java.lang.invoke.MethodHandle::invokeBasic(LI)L (native)   
886 1391     n 0       java.lang.invoke.MethodHandle::linkToSpecial(LLIL)L (native)   (static)
886 1389       3       jdk.internal.util.ReferencedKeyMap::entryKey (33 bytes)
886 1393     n 0       java.lang.invoke.MethodHandle::linkToStatic(LILL)V (native)   (static)
886 1390       3       jdk.internal.util.WeakReferenceKey::<init> (15 bytes)
886 1392       3       java.lang.invoke.LambdaForm$NamedFunction::returnType (11 bytes)
886 1394     n 0       java.lang.invoke.MethodHandle::invokeBasic(LIL)V (native)   
886  351       3       jdk.internal.classfile.impl.SplitConstantPool::internalAdd (78 bytes)   made not entrant: not used
887 1395     n 0       java.lang.invoke.MethodHandle::linkToSpecial(LLILL)V (native)   (static)
887 1374       4       jdk.internal.classfile.impl.SplitConstantPool::utf8Entry (45 bytes)
887 1396       3       java.lang.invoke.MemberName::flagsMods (45 bytes)
887 1397       3       java.lang.invoke.MemberName::init (53 bytes)
887 1398       3       java.util.Arrays::fill (28 bytes)
887 1399       3       java.lang.invoke.LambdaForm::useCount (107 bytes)
889  829       2       jdk.internal.classfile.impl.SplitConstantPool::utf8Entry (45 bytes)   made not entrant: not used
889 1347       4       jdk.internal.classfile.impl.EntryMap::put (186 bytes)
891  361       3       jdk.internal.classfile.impl.EntryMap::put (186 bytes)   made not entrant: not used
893 1384       4       java.lang.invoke.MemberName::getReferenceKind (12 bytes)
893  343       3       java.lang.invoke.MemberName::getReferenceKind (12 bytes)   made not entrant: not used
893 1352       4       java.lang.String::getBytes (44 bytes)
894   64       3       java.lang.String::getBytes (44 bytes)   made not entrant: not used
894 1375       4       jdk.internal.classfile.impl.BufWriterImpl::cpIndex (33 bytes)
894 1375       4       jdk.internal.classfile.impl.BufWriterImpl::cpIndex (33 bytes)   blocked
