12    1       3       java.lang.Object::<init> (1 bytes)
13    2       3       java.lang.Byte::toUnsignedInt (6 bytes)
13    4     n 0       jdk.internal.misc.Unsafe::getReferenceVolatile (native)   
13    3       3       java.lang.String::hashCode (60 bytes)
14    6       3       java.util.ImmutableCollections$SetN::probe (56 bytes)
14    5       3       java.lang.Math::floorMod (20 bytes)
14    7       3       java.lang.String::equals (56 bytes)
14    8       3       java.util.Objects::requireNonNull (14 bytes)
14    9       3       java.lang.StringLatin1::equals (36 bytes)
14   12       4       java.lang.Object::<init> (1 bytes)
14   10       3       java.util.Objects::equals (23 bytes)
14    1       3       java.lang.Object::<init> (1 bytes)   made not entrant: not used
14   11       3       java.util.Set::of (4 bytes)
15   14       3       java.lang.module.ModuleDescriptor::modsHashCode (43 bytes)
15   15       3       java.util.ImmutableCollections$AbstractImmutableCollection::<init> (5 bytes)
15   16       3       java.lang.String::coder (15 bytes)
15   17     n 0       java.lang.System::arraycopy (native)   (static)
15   13       3       java.util.AbstractCollection::<init> (5 bytes)
15   19       3       java.lang.String::length (11 bytes)
15   20       3       java.lang.String::isLatin1 (19 bytes)
15   22       4       java.lang.Byte::toUnsignedInt (6 bytes)
15   21       1       java.lang.module.ModuleReference::descriptor (5 bytes)
15    2       3       java.lang.Byte::toUnsignedInt (6 bytes)   made not entrant: not used
15   24     n 0       jdk.internal.misc.Unsafe::compareAndSetLong (native)   
15   23       3       java.util.ImmutableCollections$SetN$SetNIterator::hasNext (13 bytes)
15   25     n 0       jdk.internal.misc.Unsafe::compareAndSetReference (native)   
15   18       1       java.lang.module.ModuleDescriptor::name (5 bytes)
15   26       3       java.util.concurrent.ConcurrentHashMap::tabAt (21 bytes)
16   28       3       java.util.ImmutableCollections$SetN$SetNIterator::next (90 bytes)
16   27       3       jdk.internal.misc.Unsafe::getReferenceAcquire (7 bytes)
16   30   !   3       java.util.concurrent.ConcurrentHashMap::putVal (432 bytes)
16   35     n 0       java.lang.invoke.MethodHandle::linkToStatic(L)L (native)   (static)
17   31       3       jdk.internal.util.Preconditions::checkIndex (18 bytes)
17   32       3       java.lang.String::charAt (25 bytes)
17   33       3       java.lang.StringLatin1::charAt (15 bytes)
17   34       3       java.lang.String::checkIndex (10 bytes)
17   29       3       java.util.concurrent.ConcurrentHashMap::addCount (280 bytes)
17   37     n 0       java.lang.Object::hashCode (native)   
17   39     n 0       java.lang.invoke.MethodHandle::linkToStatic(LLL)L (native)   (static)
17   38       1       java.lang.Class::isPrimitive (5 bytes)
17   40     n 0       java.lang.invoke.MethodHandle::linkToStatic(LLLL)L (native)   (static)
18   36       1       java.lang.Enum::ordinal (5 bytes)
18   41     n 0       java.lang.invoke.MethodHandle::invokeBasic()L (native)   
18   42     n 0       java.lang.invoke.MethodHandle::linkToSpecial(LL)L (native)   (static)
18   43       3       java.lang.Enum::<init> (15 bytes)
19   44       3       jdk.internal.util.ArraysSupport::unsignedHashCode (36 bytes)
19   45     n 0       java.lang.invoke.MethodHandle::invokeBasic(L)L (native)   
19   47     n 0       java.lang.invoke.MethodHandle::linkToSpecial(LLL)L (native)   (static)
19   46       1       jdk.internal.util.StrongReferenceKey::get (5 bytes)
19   48     n 0       java.lang.Object::getClass (native)   
20   49       3       java.util.concurrent.ConcurrentHashMap::spread (10 bytes)
20   50     n 0       java.lang.invoke.MethodHandle::linkToStatic(LLLLLLL)L (native)   (static)
20   51     n 0       java.lang.Object::clone (native)   
20   52     n 0       java.lang.invoke.MethodHandle::linkToStatic(LL)I (native)   (static)
20   54       1       java.lang.invoke.MethodType::returnType (5 bytes)
20   55     n 0       java.lang.invoke.MethodHandle::invokeBasic(LLLLLL)L (native)   
20   53       1       java.lang.Class::getClassLoader (5 bytes)
20   56       1       jdk.internal.classfile.impl.AbstractPoolEntry::index (5 bytes)
20   58     n 0       java.lang.invoke.MethodHandle::linkToSpecial(LL)V (native)   (static)
20   57       3       java.util.concurrent.ConcurrentHashMap::putIfAbsent (8 bytes)
20   59       3       java.util.Objects::hashCode (13 bytes)
20   60   !   3       java.lang.ref.ReferenceQueue::poll (44 bytes)
21   62     n 0       java.lang.invoke.MethodHandle::linkToStatic(LLL)I (native)   (static)
21   61       3       jdk.internal.util.ReferencedKeyMap::removeStaleReferences (30 bytes)
21   63     n 0       java.lang.invoke.MethodHandle::linkToSpecial(LLL)V (native)   (static)
21   65       3       java.lang.String::getBytes (44 bytes)
21   66       3       java.util.concurrent.ConcurrentHashMap::get (162 bytes)
21   67       3       java.lang.invoke.MemberName::isInvocable (8 bytes)
21   68     n 0       java.lang.invoke.MethodHandle::linkToInterface(LLL)I (native)   (static)
21   64       1       java.lang.invoke.MemberName::getDeclaringClass (5 bytes)
22   69     n 0       java.lang.invoke.MethodHandle::linkToStatic(LL)L (native)   (static)
22   70       3       java.lang.Class::isArray (13 bytes)
22   71       3       java.util.ImmutableCollections$SetN::iterator (9 bytes)
22   72       3       java.util.ImmutableCollections$SetN$SetNIterator::<init> (41 bytes)
22   74       3       java.util.Objects::requireNonNull (15 bytes)
22   75     n 0       java.lang.invoke.MethodHandle::linkToSpecial(LL)I (native)   (static)
22   73       1       java.lang.invoke.MethodType::form (5 bytes)
22   76       3       jdk.internal.util.ReferencedKeyMap::get (10 bytes)
23   77       3       jdk.internal.util.ReferencedKeyMap::getNoCheckStale (22 bytes)
23   78       3       java.util.HashMap::hash (20 bytes)
23   79       1       java.util.stream.FindOps$FindSink::cancellationRequested (5 bytes)
23   80       3       java.util.HashMap::putVal (300 bytes)
24   85       3       java.util.HashMap::afterNodeInsertion (1 bytes)
24   80       3       java.util.HashMap::putVal (300 bytes)   made not entrant: marked for deoptimization
24   83       3       java.util.HashMap$Node::<init> (26 bytes)
24   81       3       java.util.HashMap::newNode (13 bytes)
24   89       3       java.util.HashMap::putVal (300 bytes)
24   88       3       java.util.HashMap::getNode (150 bytes)
24   82       3       java.util.HashMap::put (13 bytes)
24   95       3       java.util.HashMap$HashIterator::nextNode (100 bytes)
25   87       1       java.lang.module.ModuleDescriptor$Requires::name (5 bytes)
25   91       3       java.util.HashMap$HashIterator::hasNext (13 bytes)
25   92       3       java.util.HashMap::get (19 bytes)
25   90       3       java.lang.module.ModuleDescriptor::hashCode (170 bytes)
25  104       4       java.util.HashMap::afterNodeInsertion (1 bytes)
25  101       1       java.lang.module.ModuleDescriptor$Exports::source (5 bytes)
25  102       1       java.lang.module.ModuleDescriptor$Exports::targets (5 bytes)
25   85       3       java.util.HashMap::afterNodeInsertion (1 bytes)   made not entrant: not used
25  100       1       java.util.ImmutableCollections$Set12::isEmpty (2 bytes)
25   98       3       jdk.internal.module.ModuleReferenceImpl::hashCode (56 bytes)
25  107       4       java.lang.String::hashCode (60 bytes)
25  103       3       java.lang.module.ModuleDescriptor$Exports::isQualified (18 bytes)
25  105       3       java.util.ImmutableCollections$SetN::isEmpty (13 bytes)
26  106       3       java.util.HashMap::putIfAbsent (13 bytes)
26   94       1       java.lang.module.ModuleDescriptor::isAutomatic (5 bytes)
26  108       3       java.util.ImmutableCollections$Set12::contains (28 bytes)
26  109       3       java.lang.Object::equals (11 bytes)
26   86       1       java.lang.module.ModuleDescriptor$Requires::modifiers (5 bytes)
26    3       3       java.lang.String::hashCode (60 bytes)   made not entrant: not used
26  113       4       java.util.Objects::requireNonNull (14 bytes)
26  111       3       java.util.ImmutableCollections$SetN::contains (26 bytes)
26  110       3       java.util.HashMap$KeyIterator::next (8 bytes)
26    8       3       java.util.Objects::requireNonNull (14 bytes)   made not entrant: not used
26  117       4       java.util.ImmutableCollections$SetN$SetNIterator::hasNext (13 bytes)
26  119       3       java.util.HashMap::resize (356 bytes)
26   23       3       java.util.ImmutableCollections$SetN$SetNIterator::hasNext (13 bytes)   made not entrant: not used
26  118       4       java.util.ImmutableCollections$SetN$SetNIterator::next (90 bytes)
27   99       3       java.lang.module.ResolvedModule::hashCode (16 bytes)
27   93       1       java.lang.module.ModuleDescriptor::requires (5 bytes)
27  112       3       java.util.HashSet::add (20 bytes)
27  115       3       java.util.ImmutableCollections$Set12$1::hasNext (13 bytes)
27  116       1       java.lang.module.ModuleDescriptor::exports (5 bytes)
27  122       3       java.util.HashMap::keySet (25 bytes)
27   28       3       java.util.ImmutableCollections$SetN$SetNIterator::next (90 bytes)   made not entrant: not used
27  120       4       java.lang.module.ModuleDescriptor$Exports::isQualified (18 bytes)
27  123       3       java.util.HashMap$KeySet::iterator (12 bytes)
27  124       3       java.util.HashMap$KeyIterator::<init> (13 bytes)
27   96       1       java.util.HashMap$Node::getKey (5 bytes)
27  103       3       java.lang.module.ModuleDescriptor$Exports::isQualified (18 bytes)   made not entrant: not used
27  125       4       java.lang.StringLatin1::equals (36 bytes)
27   97       1       java.util.HashMap$Node::getValue (5 bytes)
27  114       1       java.lang.module.ModuleDescriptor::provides (5 bytes)
27  132       3       java.util.concurrent.ConcurrentHashMap::casTabAt (20 bytes)
28   84       1       jdk.internal.module.ModuleReferenceImpl::moduleResolution (5 bytes)
28  133       3       java.util.ImmutableCollections$Set12::iterator (9 bytes)
28  131       1       java.lang.module.ModuleDescriptor::packages (5 bytes)
28  121       1       java.lang.module.ModuleDescriptor::uses (5 bytes)
28  127       1       java.util.KeyValueHolder::getKey (5 bytes)
28  135       3       java.util.Optional::<init> (10 bytes)
28  136       3       java.lang.Math::min (11 bytes)
28  137       3       java.util.Optional::ofNullable (19 bytes)
28  134       1       java.lang.module.ResolvedModule::reference (5 bytes)
28  128       1       java.util.KeyValueHolder::getValue (5 bytes)
28  140       3       java.util.ImmutableCollections$Set12$1::next (95 bytes)
28  141       3       java.util.AbstractMap::<init> (5 bytes)
28  138       1       java.lang.AbstractStringBuilder::length (5 bytes)
28  142       3       java.util.ImmutableCollections$AbstractImmutableSet::<init> (5 bytes)
28  143       3       java.util.HashMap::<init> (11 bytes)
28  145       3       java.util.AbstractSet::<init> (5 bytes)
28  146     n 0       java.lang.Double::doubleToRawLongBits (native)   (static)
28  144       3       java.util.Set::of (68 bytes)
29  148     n 0       java.lang.Module::addExportsToAll0 (native)   (static)
29  149     n 0       java.lang.Module::addExports0 (native)   (static)
29  147       3       java.util.ImmutableCollections$Set12$1::<init> (37 bytes)
29  152     n 0       java.lang.Module::addReads0 (native)   (static)
29  150       3       java.util.HashSet::<init> (16 bytes)
29    9       3       java.lang.StringLatin1::equals (36 bytes)   made not entrant: not used
29  126       4       java.util.HashMap::putVal (300 bytes)
29  153       3       java.lang.module.ResolvedModule::name (11 bytes)
29  151       1       java.lang.module.ResolvedModule::configuration (5 bytes)
29  154       1       java.lang.module.ModuleDescriptor$Provides::service (5 bytes)
29  139       1       java.lang.module.ModuleDescriptor$Version::toString (5 bytes)
29  155     n 0       jdk.internal.vm.Continuation::enterSpecial (native)   (static)
29  156     n 0       jdk.internal.vm.Continuation::doYield (native)   (static)
30  157       3       java.lang.AbstractStringBuilder::needsNewBuffer (33 bytes)
30  160       3       java.lang.invoke.MethodType::hashCode (53 bytes)
30  158       3       jdk.jfr.internal.dcmd.ArgumentParser::currentChar (12 bytes)
30  159       3       java.lang.StringLatin1::canEncode (17 bytes)
31  162       1       jdk.internal.classfile.impl.SplitConstantPool::size (5 bytes)
31  161       1       jdk.internal.classfile.impl.AbstractPoolEntry::width (2 bytes)
31  163       1       java.lang.invoke.MethodType::ptypes (5 bytes)
31  165       3       java.lang.StringLatin1::indexOfChar (33 bytes)
31  164       3       java.lang.StringLatin1::indexOf (17 bytes)
33  166       3       java.lang.String::indexOf (41 bytes)
33   89       3       java.util.HashMap::putVal (300 bytes)   made not entrant: not used
33  129       4       java.util.HashMap::newNode (13 bytes)
33   81       3       java.util.HashMap::newNode (13 bytes)   made not entrant: not used
33  130       4       java.lang.String::equals (56 bytes)
34    7       3       java.lang.String::equals (56 bytes)   made not entrant: not used
34  167       3       java.lang.String::checkBoundsBeginEnd (11 bytes)
34  168       3       jdk.internal.util.Preconditions::checkFromToIndex (24 bytes)
35  169       3       jdk.internal.util.StrongReferenceKey::hashCode (8 bytes)
37  170 %     3       java.lang.StringCoding::countPositives @ 7 (33 bytes)
37  171       3       java.lang.StringCoding::countPositives (33 bytes)
39  172       3       jdk.internal.util.xml.impl.Parser::ensureCapacity (96 bytes)
39  173       3       jdk.internal.util.xml.impl.Parser::bappend (26 bytes)
39  175       3       jdk.internal.util.ArraysSupport::vectorizedHashCode (158 bytes)
39  177       3       java.lang.CharacterDataLatin1::isUpperCase (16 bytes)
40  178       3       java.lang.CharacterDataLatin1::getPropertiesEx (11 bytes)
40  174       3       jdk.internal.util.xml.impl.Parser::bappend (200 bytes)
40  179       3       jdk.internal.util.ArraysSupport::hashCodeOfUnsigned (55 bytes)
40  181       3       jdk.internal.util.xml.impl.Parser::bkch (24 bytes)
40  182       3       jdk.internal.util.Preconditions::checkFromIndexSize (25 bytes)
40  185       3       java.lang.StringUTF16::compress (47 bytes)
40  187       3       jdk.internal.util.xml.impl.Parser::wsskip (66 bytes)
40  180       3       java.lang.AbstractStringBuilder::isLatin1 (16 bytes)
40  188       3       jdk.internal.util.xml.impl.Parser::bname (354 bytes)
41  192       3       jdk.internal.util.xml.impl.Parser::step (891 bytes)
42  186       3       jdk.internal.util.xml.impl.Parser::getch (118 bytes)
42  183       3       java.lang.String::checkBoundsOffCount (10 bytes)
42  189       3       java.lang.String::<init> (14 bytes)
42  196       3       jdk.internal.util.xml.impl.Parser::bcopy (41 bytes)
42  195       3       jdk.internal.util.xml.impl.Parser::pair (38 bytes)
42  197       3       jdk.internal.util.xml.impl.Parser::del (40 bytes)
42  202       3       java.lang.StringLatin1::toLowerCase (155 bytes)
42  203       4       java.lang.String::coder (15 bytes)
42   16       3       java.lang.String::coder (15 bytes)   made not entrant: not used
42  190       3       java.lang.String::rangeCheck (10 bytes)
42  206       4       jdk.internal.util.xml.impl.Parser::ensureCapacity (96 bytes)
42  191       3       java.lang.String::<init> (74 bytes)
43  210       3       jdk.internal.util.xml.impl.Parser::bqstr (462 bytes)
43  172       3       jdk.internal.util.xml.impl.Parser::ensureCapacity (96 bytes)   made not entrant: not used
43  209       4       jdk.internal.util.xml.impl.Parser::bappend (200 bytes)
43  174       3       jdk.internal.util.xml.impl.Parser::bappend (200 bytes)   made not entrant: not used
43  213       4       jdk.internal.util.ArraysSupport::unsignedHashCode (36 bytes)
43  184       3       java.lang.StringBuilder::length (5 bytes)
43  198       3       jdk.internal.util.xml.impl.Parser::qname (37 bytes)
43  199       3       jdk.internal.util.xml.impl.Pair::local (63 bytes)
44  200       3       java.lang.StringBuilder::append (8 bytes)
44  201       3       java.lang.AbstractStringBuilder::append (100 bytes)
44  207       3       jdk.internal.util.xml.impl.Parser::attr (500 bytes)
44  209       4       jdk.internal.util.xml.impl.Parser::bappend (200 bytes)   made not entrant: uncommon trap
44  206       4       jdk.internal.util.xml.impl.Parser::ensureCapacity (96 bytes)   made not entrant: uncommon trap
44  224       3       jdk.internal.util.xml.impl.Parser::bappend (200 bytes)
45   44       3       jdk.internal.util.ArraysSupport::unsignedHashCode (36 bytes)   made not entrant: not used
45  215       4       java.lang.StringUTF16::compress (47 bytes)
45  204       3       java.lang.String::toLowerCase (29 bytes)
45  205       3       java.lang.String::toLowerCase (8 bytes)
45  211       3       java.util.Locale::getDefault (4 bytes)
45  212       3       jdk.jfr.internal.jfc.JFCParserHandler::characters (19 bytes)
45  214       3       java.lang.AbstractStringBuilder::ensureCapacitySameCoder (26 bytes)
45  220       3       jdk.internal.util.xml.impl.ParserSAX::bflash_ws (33 bytes)
45  222       3       jdk.internal.util.xml.impl.Parser::atype (290 bytes)
45  223       3       jdk.internal.util.xml.impl.Pair::qname (20 bytes)
45  193       3       java.lang.StringUTF16::compress (59 bytes)
46  194       3       java.lang.StringUTF16::coderFromArrayLen (9 bytes)
46  208       3       java.util.Arrays::copyOfRange (82 bytes)
46  227       3       java.util.LinkedHashMap::linkNodeAtEnd (76 bytes)
46  230       3       java.util.LinkedHashMap$LinkedHashIterator::hasNext (13 bytes)
46  231       3       java.util.LinkedHashMap$LinkedEntryIterator::next (5 bytes)
46  232       3       java.util.LinkedHashMap$LinkedEntryIterator::next (5 bytes)
46  233       3       java.util.LinkedHashMap$LinkedHashIterator::nextNode (68 bytes)
46  225       1       jdk.internal.classfile.impl.RawBytecodeHelper::bci (5 bytes)
46  218       3       java.lang.StringBuilder::toString (20 bytes)
46  176       1       java.lang.AbstractStringBuilder::getValue (5 bytes)
46  217       3       java.lang.AbstractStringBuilder::isLatin1 (8 bytes)
46  219       3       java.lang.String::<init> (98 bytes)
47  226       1       jdk.internal.classfile.impl.AbstractPoolEntry::constantPool (5 bytes)
47  229       1       java.util.HashMap::size (5 bytes)
47  185       3       java.lang.StringUTF16::compress (47 bytes)   made not entrant: not used
47  228       4       java.util.HashMap::hash (20 bytes)
47   78       3       java.util.HashMap::hash (20 bytes)   made not entrant: not used
47  221       4       jdk.internal.util.xml.impl.Parser::bappend (26 bytes)
47  234     n 0       java.lang.invoke.MethodHandle::linkToStatic(LLIL)L (native)   (static)
47  236     n 0       java.lang.invoke.MethodHandle::linkToStatic(LLILLL)L (native)   (static)
47  235       3       java.lang.invoke.MethodType::parameterType (7 bytes)
48  237       3       java.lang.invoke.MethodTypeForm::canonicalize (74 bytes)
48  173       3       jdk.internal.util.xml.impl.Parser::bappend (26 bytes)   made not entrant: not used
48  216       4       jdk.internal.util.xml.impl.Parser::del (40 bytes)
48  238       1       jdk.internal.util.WeakReferenceKey::hashCode (5 bytes)
48  239       3       java.lang.invoke.MethodType::<init> (15 bytes)
48  197       3       jdk.internal.util.xml.impl.Parser::del (40 bytes)   made not entrant: not used
48  240     n 0       java.lang.invoke.MethodHandle::linkToStatic(LLIL)I (native)   (static)
48  241       3       java.lang.String::<init> (15 bytes)
48  242       3       java.util.Objects::checkFromIndexSize (8 bytes)
48  243     n 0       jdk.internal.misc.Unsafe::getShort (native)   
49  244       3       java.io.BufferedInputStream::getBufIfOpen (6 bytes)
49  245       3       java.io.BufferedInputStream::getBufIfOpen (61 bytes)
49  246       3       java.io.DataInputStream::readFully (59 bytes)
49  247  s    3       java.io.BufferedInputStream::read (112 bytes)
49  248       3       java.io.BufferedInputStream::ensureOpen (18 bytes)
49  249       3       java.io.BufferedInputStream::read1 (121 bytes)
49  258       3       jdk.internal.misc.Unsafe::convEndian (16 bytes)
49  259       3       java.lang.Short::reverseBytes (14 bytes)
49  253       3       java.lang.invoke.VarHandleByteArrayAsShorts$ArrayHandle::get (35 bytes)
50  254       3       java.lang.invoke.VarHandleByteArrayAsShorts$ArrayHandle::index (12 bytes)
50  255       3       jdk.internal.misc.Unsafe::getShortUnaligned (12 bytes)
50  256       3       jdk.internal.misc.Unsafe::getShortUnaligned (33 bytes)
50  250       3       java.lang.invoke.VarHandle::checkAccessModeThenIsDirect (29 bytes)
50  251       3       java.lang.invoke.VarForm::getMemberName (38 bytes)
50  252       3       java.lang.invoke.VarHandleGuards::guard_LI_I (78 bytes)
50  262     n 0       java.lang.invoke.MethodHandle::invokeBasic(LLI)I (native)   
51  264     n 0       java.lang.invoke.MethodHandle::linkToStatic(LLIL)J (native)   (static)
51  257       3       java.io.DataInputStream::readUTF (601 bytes)
51  263       3       java.lang.invoke.MethodType::checkSlotCount (33 bytes)
52  266       3       java.util.zip.Checksum::update (11 bytes)
52  265       4       jdk.internal.util.Preconditions::checkFromIndexSize (25 bytes)
52  269       3       java.util.zip.CRC32::updateBytesCheck (35 bytes)
52  267       3       java.util.zip.CRC32::update (38 bytes)
52  182       3       jdk.internal.util.Preconditions::checkFromIndexSize (25 bytes)   made not entrant: not used
52  268       3       java.util.zip.CRC32::updateBytes (14 bytes)
52  273       4       java.lang.StringCoding::countPositives (33 bytes)
52  270       3       java.io.DataInputStream::readUTF (5 bytes)
52  271   !   3       java.lang.String::newStringNoRepl (33 bytes)
52  272   !   3       java.lang.String::newStringNoRepl1 (284 bytes)
52  276     n 0       jdk.internal.misc.Unsafe::putReferenceVolatile (native)   
53  277       3       java.util.concurrent.ConcurrentHashMap$Node::<init> (20 bytes)
53  279       3       java.util.concurrent.ConcurrentHashMap::setTabAt (19 bytes)
53  278       3       jdk.internal.misc.Unsafe::putReferenceRelease (9 bytes)
53  274       3       java.io.DataInputStream::readFully (9 bytes)
53  281       3       java.util.concurrent.ConcurrentHashMap::put (8 bytes)
53  260       3       java.io.DataInputStream::readShort (19 bytes)
53  284       3       java.util.Arrays$ArrayItr::next (36 bytes)
53  283       3       java.util.Arrays$ArrayItr::hasNext (18 bytes)
53  261       3       jdk.internal.util.ByteArray::getShort (9 bytes)
53  171       3       java.lang.StringCoding::countPositives (33 bytes)   made not entrant: not used
53  275       4       java.io.BufferedInputStream::getBufIfOpen (61 bytes)
53  285       3       java.util.concurrent.ConcurrentHashMap$Traverser::advance (188 bytes)
54  287       3       java.util.concurrent.ConcurrentHashMap$KeyIterator::next (34 bytes)
54  286       3       java.util.concurrent.ConcurrentHashMap$BaseIterator::hasNext (13 bytes)
54  288       1       java.lang.Module::getDescriptor (5 bytes)
54  290     n 0       jdk.internal.misc.Unsafe::compareAndSetInt (native)   
54  245       3       java.io.BufferedInputStream::getBufIfOpen (61 bytes)   made not entrant: not used
54  289       4       java.util.concurrent.ConcurrentHashMap::tabAt (21 bytes)
54  291       3       jdk.internal.util.ArraysSupport::newLength (27 bytes)
54   26       3       java.util.concurrent.ConcurrentHashMap::tabAt (21 bytes)   made not entrant: not used
54  282       4       java.io.BufferedInputStream::read1 (121 bytes)
55  292       3       java.lang.ref.Reference::reachabilityFence (1 bytes)
55  293     n 0       jdk.internal.misc.Unsafe::getByte (native)   
55  294       3       java.nio.Buffer::session (20 bytes)
55  295       3       java.util.Optional::orElse (16 bytes)
55  296       3       java.nio.Buffer::checkIndex (12 bytes)
55  297   !   3       java.nio.DirectByteBuffer::get (34 bytes)
56  298       3       java.nio.DirectByteBuffer::ix (10 bytes)
56  299   !   3       jdk.internal.misc.ScopedMemoryAccess::getByte (16 bytes)
56  300   !   3       jdk.internal.misc.ScopedMemoryAccess::getByteInternal (34 bytes)
56  301       1       java.nio.Buffer::limit (5 bytes)
56  249       3       java.io.BufferedInputStream::read1 (121 bytes)   made not entrant: not used
56  302       4       java.lang.ref.Reference::reachabilityFence (1 bytes)
56  304       3       java.lang.StringConcatHelper::newArray (28 bytes)
56  292       3       java.lang.ref.Reference::reachabilityFence (1 bytes)   made not entrant: not used
56  303       4       java.lang.String::charAt (25 bytes)
56  305       3       jdk.internal.misc.Unsafe::allocateUninitializedArray (55 bytes)
56  308     n 0       jdk.internal.misc.Unsafe::getInt (native)   
56  306       3       java.io.DataInputStream::readByte (6 bytes)
56  309     n 0       java.lang.Class::isInstance (native)   
56  307       3       java.io.DataInputStream::readUnsignedByte (22 bytes)
56   32       3       java.lang.String::charAt (25 bytes)   made not entrant: not used
57  280       4       java.util.concurrent.ConcurrentHashMap::casTabAt (20 bytes)
57  132       3       java.util.concurrent.ConcurrentHashMap::casTabAt (20 bytes)   made not entrant: not used
57  310       3       java.lang.Math::floorMod (28 bytes)
57  311       1       java.time.ZoneOffset::getTotalSeconds (5 bytes)
57  312       1       java.time.temporal.ChronoField::range (5 bytes)
57  313       1       java.time.temporal.ValueRange::getMinimum (5 bytes)
57  314       1       java.time.temporal.ValueRange::getMaximum (5 bytes)
57  315     n 0       java.lang.invoke.MethodHandle::linkToStatic(ILL)L (native)   (static)
57  316       3       java.lang.String::substring (58 bytes)
58  317       3       java.lang.AbstractStringBuilder::<init> (39 bytes)
58  320       3       jdk.internal.classfile.impl.BufWriterImpl::reserveSpace (22 bytes)
58  319       3       jdk.internal.classfile.impl.SplitConstantPool::map (161 bytes)
58  322     n 0       java.lang.invoke.MethodHandle::linkToSpecial(LIL)V (native)   (static)
58  323     n 0       java.lang.invoke.MethodHandle::invokeBasic(I)L (native)   
58  318       3       java.lang.invoke.MemberName::allFlagsSet (16 bytes)
58  324     n 0       java.lang.invoke.MethodHandle::linkToSpecial(LIL)L (native)   (static)
58  321       3       jdk.internal.classfile.impl.EntryMap::firstToken (50 bytes)
58  325       3       java.lang.invoke.MethodType::checkPtypes (76 bytes)
59  327       4       java.lang.String::isLatin1 (19 bytes)
59  329     n 0       java.lang.invoke.MethodHandle::linkToStatic(IIL)I (native)   (static)
59  326       3       java.lang.invoke.MethodType::parameterCount (6 bytes)
59   20       3       java.lang.String::isLatin1 (19 bytes)   made not entrant: not used
59  331     n 0       java.lang.invoke.MethodHandleNatives::resolve (native)   (static)
59  328       3       java.lang.invoke.MemberName::initResolved (53 bytes)
59  330       1       jdk.internal.constant.ClassOrInterfaceDescImpl::descriptorString (5 bytes)
59  332       1       java.lang.invoke.MethodTypeForm::erasedType (5 bytes)
59  333       1       java.util.ArrayList::size (5 bytes)
59  334     n 0       java.lang.Class::desiredAssertionStatus0 (native)   (static)
60  335       3       java.util.HashMap$EntryIterator::next (5 bytes)
60  336       3       java.util.HashMap$EntryIterator::next (5 bytes)
60  337       3       java.lang.ref.Reference::<init> (25 bytes)
60  339     n 0       java.lang.Class::isHidden (native)   
60  338   !   3       java.lang.invoke.MemberName::getMethodType (213 bytes)
60  340       3       sun.nio.fs.UnixPath::checkNotNul (16 bytes)
61  341       3       java.lang.StringLatin1::replace (197 bytes)
62  342       3       java.lang.invoke.MemberName::getReferenceKind (12 bytes)
63  343       3       jdk.internal.classfile.impl.AbstractPoolEntry::<init> (20 bytes)
63  345       3       java.lang.StringCoding::countNonZeroAsciiLatin1 (33 bytes)
63  344       1       java.lang.String::value (5 bytes)
63  346       1       java.lang.module.ModuleDescriptor::isOpen (5 bytes)
63  347       1       java.lang.invoke.MethodHandles$Lookup::lookupClass (5 bytes)
63  348       3       jdk.internal.classfile.impl.SplitConstantPool::internalAdd (12 bytes)
63  349       3       jdk.internal.classfile.impl.SplitConstantPool::internalAdd (78 bytes)
63  350       1       jdk.internal.classfile.impl.BufWriterImpl::size (5 bytes)
63  352       3       jdk.internal.misc.Unsafe::allocateUninitializedArray0 (90 bytes)
64  353       3       java.lang.Class::getPackageName (81 bytes)
64  351       1       java.lang.invoke.MethodHandle::type (5 bytes)
64  354       3       jdk.internal.classfile.impl.AbstractPoolEntry::hashString (5 bytes)
64  355       3       java.lang.invoke.MethodType::makeImpl (109 bytes)
64  357       4       java.lang.String::length (11 bytes)
64   19       3       java.lang.String::length (11 bytes)   made not entrant: not used
65  360       3       java.lang.StringBuilder::<init> (7 bytes)
65  356       3       jdk.internal.util.ReferencedKeySet::get (27 bytes)
65  361       3       jdk.internal.classfile.impl.SplitConstantPool::entryByIndex (59 bytes)
65  359       3       jdk.internal.classfile.impl.EntryMap::put (186 bytes)
65  358       3       jdk.internal.classfile.impl.AbstractPoolEntry::maybeClone (26 bytes)
65  363       3       jdk.internal.util.ReferencedKeyMap::lookupKey (9 bytes)
65  364       3       jdk.internal.util.StrongReferenceKey::<init> (10 bytes)
66  366       3       jdk.internal.classfile.impl.SplitConstantPool::canWriteDirect (24 bytes)
66  362       1       java.lang.Class::getComponentType (5 bytes)
66  365       1       jdk.internal.classfile.impl.AbstractDirectBuilder::constantPool (5 bytes)
66  367       3       jdk.internal.classfile.impl.RawBytecodeHelper::next (81 bytes)
66  368       3       jdk.internal.classfile.impl.RawBytecodeHelper::endBci (8 bytes)
66  369       3       jdk.internal.classfile.impl.SplitConstantPool::utf8Entry (45 bytes)
66  371       3       jdk.internal.classfile.impl.BufWriterImpl::cpIndex (33 bytes)
67  373       3       jdk.internal.classfile.impl.RawBytecodeHelper::opcode (9 bytes)
67  372       3       jdk.internal.constant.ClassOrInterfaceDescImpl::ofValidated (64 bytes)
67  370       1       jdk.internal.constant.ClassOrInterfaceDescImpl::isClassOrInterface (2 bytes)
67  374       1       jdk.internal.classfile.impl.AbstractPoolEntry::hashCode (5 bytes)
67  375     n 0       java.lang.Class::isAssignableFrom (native)   
67  377       3       jdk.internal.classfile.impl.BufWriterImpl::writeU2 (38 bytes)
67  378   !   3       sun.invoke.util.VerifyAccess::ensureTypeVisible (99 bytes)
67  379     n 0       java.lang.reflect.Array::newArray (native)   (static)
67  376       3       java.lang.Class::cast (27 bytes)
68  380       1       jdk.internal.classfile.impl.LabelImpl::labelContext (5 bytes)
68  381       1       jdk.internal.classfile.impl.LabelImpl::getBCI (5 bytes)
68  383       3       java.lang.Record::<init> (5 bytes)
68  384       3       jdk.internal.classfile.impl.BufWriterImpl::writeU1U2 (50 bytes)
68  382       1       jdk.internal.classfile.impl.AbstractPoolEntry$ClassEntryImpl::tag (3 bytes)
68  385       3       java.lang.ref.WeakReference::<init> (7 bytes)
68  386     n 0       java.lang.invoke.MethodHandle::invokeBasic(LL)L (native)   
68  388     n 0       java.lang.invoke.MethodHandle::linkToSpecial(LLLL)L (native)   (static)
68  387       3       java.lang.invoke.MethodType::equals (27 bytes)
68  390     n 0       java.lang.invoke.MethodHandle::linkToStatic(LLLLL)L (native)   (static)
68  389       1       java.lang.invoke.MethodTypeForm::basicType (5 bytes)
68  391     n 0       java.lang.invoke.MethodHandle::invokeBasic(LLLL)L (native)   
69  392       3       jdk.internal.classfile.impl.SplitConstantPool::tryFindUtf8 (103 bytes)
69  393       3       java.lang.invoke.LambdaForm$Name::<init> (126 bytes)
69  394       3       jdk.internal.constant.MethodTypeDescImpl::parameterCount (6 bytes)
69  395       3       jdk.internal.classfile.impl.AbstractPoolEntry$Utf8EntryImpl::writeTo (44 bytes)
69  396       3       jdk.internal.classfile.impl.BufWriterImpl::writeUtfEntry (144 bytes)
70  402       3       jdk.internal.classfile.impl.AbstractPoolEntry$Utf8EntryImpl::hashCode (8 bytes)
70  397       3       java.lang.System$1::countNonZeroAscii (5 bytes)
70  398       3       java.lang.StringCoding::countNonZeroAscii (30 bytes)
70  407     n 0       java.lang.System::identityHashCode (native)   (static)
70  399       3       jdk.internal.util.ModifiedUtf::utfLen (58 bytes)
70  409       3       java.lang.Math::max (11 bytes)
70  403       1       jdk.internal.classfile.impl.AbstractPoolEntry$Utf8EntryImpl::tag (2 bytes)
70  401       3       java.lang.StringLatin1::newString (24 bytes)
70  412       3       jdk.internal.classfile.impl.AbstractPoolEntry$Utf8EntryImpl::<init> (49 bytes)
71  405       1       jdk.internal.classfile.impl.DirectMethodBuilder::methodFlags (5 bytes)
71  404       1       jdk.internal.classfile.impl.AbstractDirectBuilder::setOriginal (6 bytes)
71  400       1       java.lang.Class::getModule (5 bytes)
71  413       1       jdk.internal.classfile.impl.StackMapDecoder$StackMapFrameImpl::stack (5 bytes)
71  406       1       java.lang.reflect.Method::getName (5 bytes)
71  411       1       java.lang.classfile.Opcode::bytecode (5 bytes)
71  410       1       jdk.internal.classfile.impl.UnboundAttribute::attributeMapper (5 bytes)
71  408       1       jdk.internal.classfile.impl.DirectMethodBuilder::methodType (5 bytes)
71  414     n 0       jdk.internal.misc.Unsafe::getChar (native)   
71  417       3       java.util.BitSet::wordIndex (5 bytes)
71  420       3       java.util.BitSet::checkInvariants (111 bytes)
71  424       3       java.lang.String::getBytes (60 bytes)
71  423       3       java.lang.StringLatin1::getBytes (12 bytes)
71  418       3       java.util.BitSet::set (58 bytes)
72  426       3       jdk.internal.classfile.impl.AbstractPoolEntry::hash1 (10 bytes)
72  419       3       java.util.BitSet::expandTo (23 bytes)
72  415       3       jdk.internal.classfile.impl.AbstractPoolEntry$Utf8EntryImpl::stringValue (5 bytes)
72  416       3       jdk.internal.classfile.impl.AbstractPoolEntry$Utf8EntryImpl::toString (88 bytes)
72  425       1       java.lang.reflect.Method::getSharedParameterTypes (5 bytes)
72  428       3       java.util.ImmutableCollections$ListItr::hasNext (17 bytes)
72  421       1       jdk.internal.constant.MethodTypeDescImpl::returnType (5 bytes)
72  422       1       jdk.internal.classfile.impl.AbstractPoolEntry$NameAndTypeEntryImpl::tag (3 bytes)
72  427       1       jdk.internal.classfile.impl.AbstractAttributeMapper::allowMultiple (5 bytes)
72  429       1       jdk.internal.classfile.impl.StackMapDecoder$StackMapFrameImpl::locals (5 bytes)
72  430       1       jdk.internal.classfile.impl.StackMapDecoder$StackMapFrameImpl::target (5 bytes)
72  431       1       jdk.internal.classfile.impl.AbstractPseudoInstruction$ExceptionCatchImpl::catchTypeEntry (5 bytes)
73  435       3       sun.reflect.generics.parser.SignatureParser::current (59 bytes)
73  439       3       jdk.internal.classfile.impl.AbstractPoolEntry::hash2 (15 bytes)
73  432       3       java.lang.CharacterData::of (136 bytes)
73  434       3       sun.reflect.generics.parser.SignatureParser::advance (53 bytes)
73  433       3       java.lang.CharacterDataLatin1::getProperties (11 bytes)
73  437       3       java.lang.Character::isWhitespace (5 bytes)
73  436       3       java.util.ArrayList$Itr::hasNext (20 bytes)
73  443       3       jdk.internal.classfile.impl.StackCounter::addStackSlot (30 bytes)
73  445       3       java.util.ImmutableCollections$List12::size (16 bytes)
73  447       3       jdk.internal.classfile.impl.Util::isDoubleSlot (20 bytes)
73  442       3       jdk.internal.classfile.impl.BufWriterImpl::writeU1 (24 bytes)
73  126       4       java.util.HashMap::putVal (300 bytes)   made not entrant: uncommon trap
73  446       3       jdk.internal.classfile.impl.DirectCodeBuilder::labelToBci (27 bytes)
74  438       1       java.lang.reflect.Method::getModifiers (5 bytes)
74  441       1       jdk.internal.classfile.impl.LabelImpl::setBCI (6 bytes)
74  440       1       java.lang.reflect.Method::getReturnType (5 bytes)
74  444       1       java.lang.classfile.TypeKind::slotSize (5 bytes)
74  448       4       java.util.HashMap::putVal (300 bytes)
74  449       3       java.util.HashSet::contains (9 bytes)
74  450     n 0       java.lang.Class::initClassName (native)   
75  451       3       jdk.internal.classfile.impl.AbstractElement::<init> (5 bytes)
75  452       3       java.lang.invoke.MethodTypeForm::canonicalizeAll (63 bytes)
75  454     n 0       java.lang.invoke.MethodHandle::linkToSpecial(LLLL)V (native)   (static)
75  453   !   3       java.lang.invoke.MemberName::clone (14 bytes)
75  455       3       java.lang.Class::getName (18 bytes)
75  456       3       jdk.internal.classfile.impl.StackMapGenerator::processBlock (2767 bytes)
75  459     n 0       java.lang.invoke.MethodHandle::linkToStatic(L)V (native)   (static)
76  465     n 0       java.lang.invoke.MethodHandle::linkToStatic(LLLL)V (native)   (static)
76  467     n 0       java.lang.invoke.MethodHandle::linkToStatic(LLL)V (native)   (static)
77  469     n 0       jdk.internal.misc.Unsafe::allocateInstance (native)   
78  472     n 0       java.lang.String::intern (native)   
78  473       4       java.lang.StringCoding::countNonZeroAsciiLatin1 (33 bytes)
79  476     n 0       java.lang.invoke.MethodHandle::linkToInterface(LL)L (native)   (static)
80  345       3       java.lang.StringCoding::countNonZeroAsciiLatin1 (33 bytes)   made not entrant: not used
80  463       4       jdk.internal.classfile.impl.RawBytecodeHelper::opcode (9 bytes)
80  373       3       jdk.internal.classfile.impl.RawBytecodeHelper::opcode (9 bytes)   made not entrant: not used
80  478     n 0       java.lang.invoke.MethodHandle::linkToSpecial(LLLLL)V (native)   (static)
81  479     n 0       java.lang.invoke.MethodHandle::invokeBasic(LLL)L (native)   
81  480     n 0       java.lang.invoke.MethodHandle::linkToSpecial(LLLLL)L (native)   (static)
81  481     n 0       java.lang.invoke.MethodHandle::linkToStatic(LL)V (native)   (static)
82  462       3       jdk.internal.classfile.impl.Util::parameterSlots (39 bytes)
82  461       3       jdk.internal.classfile.impl.SplitConstantPool::utf8Entry (6 bytes)
82  466       3       jdk.internal.constant.MethodTypeDescImpl::parameterType (7 bytes)
82  457       3       jdk.internal.classfile.impl.RawBytecodeHelper::isStoreIntoLocal (18 bytes)
82  474       1       java.lang.classfile.Opcode::sizeIfFixed (5 bytes)
82  458       3       jdk.internal.util.ReferencedKeyMap::entryKey (33 bytes)
82  468       1       java.lang.constant.ClassDesc::isPrimitive (2 bytes)
82  475       1       java.lang.classfile.Opcode::kind (5 bytes)
82  464       1       jdk.internal.classfile.impl.AbstractPoolEntry$MethodRefEntryImpl::tag (3 bytes)
82  477       1       java.lang.invoke.MethodHandles$Lookup::previousLookupClass (5 bytes)
83  470       1       jdk.internal.classfile.impl.BufWriterImpl::thisClass (5 bytes)
83  471       1       jdk.internal.classfile.impl.DirectMethodBuilder::methodName (5 bytes)
83  460       1       java.lang.invoke.MethodTypeForm::parameterSlotCount (5 bytes)
83  482       3       sun.invoke.util.VerifyAccess::isClassAccessible (230 bytes)
83  483       3       java.lang.String::isEmpty (14 bytes)
83  485       3       jdk.internal.classfile.impl.SplitConstantPool::maybeCloneUtf8Entry (65 bytes)
83  486       1       jdk.jfr.internal.util.Bytecode$FieldDesc::type (5 bytes)
83  488       3       jdk.internal.classfile.impl.LineNumberImpl::<init> (10 bytes)
83  484       1       jdk.internal.constant.PrimitiveClassDescImpl::descriptorString (5 bytes)
84  487       1       jdk.internal.classfile.impl.AbstractInstruction::opcode (5 bytes)
84  490       3       jdk.internal.classfile.impl.SplitConstantPool::findEntry (130 bytes)
84  492       3       jdk.internal.classfile.impl.AbstractPoolEntry::hashClassFromDescriptor (7 bytes)
84  489       3       jdk.internal.classfile.impl.DirectCodeBuilder::curPc (8 bytes)
84  491       3       jdk.internal.classfile.impl.Util::checkKind (15 bytes)
84  495       4       jdk.internal.classfile.impl.BufWriterImpl::reserveSpace (22 bytes)
84  493       3       jdk.internal.classfile.impl.DirectCodeBuilder::with (9 bytes)
84  500       3       jdk.internal.classfile.impl.SplitConstantPool::tryFindClassOrInterface (138 bytes)
85  496       3       java.util.Arrays::copyOf (33 bytes)
85  320       3       jdk.internal.classfile.impl.BufWriterImpl::reserveSpace (22 bytes)   made not entrant: not used
85  498       3       jdk.internal.classfile.impl.SplitConstantPool::classEntry (68 bytes)
85  501       3       jdk.internal.classfile.impl.ClassReaderImpl::checkType (23 bytes)
85  499       3       jdk.internal.classfile.impl.SplitConstantPool::classEntryForClassOrInterface (111 bytes)
85  497       3       jdk.internal.classfile.impl.AbstractPoolEntry$AbstractNamedEntry::<init> (10 bytes)
85  502       3       jdk.internal.classfile.impl.BufWriterImpl::writeU1U2U2 (75 bytes)
86  509       3       java.util.ArrayList$Itr::next (66 bytes)
86  512       3       java.util.ArrayList$Itr::checkForComodification (23 bytes)
86  503       3       jdk.internal.classfile.impl.BufWriterImpl::writeIndex (11 bytes)
86  510       1       jdk.internal.classfile.impl.AbstractPseudoInstruction$ExceptionCatchImpl::tryStart (5 bytes)
86  511       1       jdk.internal.classfile.impl.AbstractPseudoInstruction$ExceptionCatchImpl::tryEnd (5 bytes)
86  508       1       jdk.internal.classfile.impl.RawBytecodeHelper$CodeRange::length (5 bytes)
86  513       3       java.lang.String::toString (2 bytes)
86  505       3       jdk.internal.classfile.impl.AbstractPoolEntry$AbstractRefsEntry::<init> (37 bytes)
86  515       3       java.lang.System$1::uncheckedCountPositives (7 bytes)
86  517       3       jdk.internal.classfile.impl.Util::methodTypeSymbol (8 bytes)
86  518       3       jdk.internal.classfile.impl.AbstractPoolEntry$Utf8EntryImpl::methodTypeSymbol (34 bytes)
87  514   !   3       jdk.internal.classfile.impl.ClassReaderImpl::readU2 (37 bytes)
87  506       1       jdk.internal.classfile.impl.BufWriterImpl::constantPool (5 bytes)
87  521       3       jdk.internal.classfile.impl.AbstractInstruction$UnboundInstruction::<init> (6 bytes)
87  523       4       jdk.internal.classfile.impl.SplitConstantPool::map (161 bytes)
87  522       3       jdk.internal.classfile.impl.AbstractInstruction::<init> (10 bytes)
87  494       3       jdk.internal.classfile.impl.DirectCodeBuilder::with (33 bytes)
87  516       1       jdk.jfr.internal.util.Bytecode$MethodDesc::descriptor (5 bytes)
87  520       1       jdk.jfr.internal.util.Bytecode$MethodDesc::name (5 bytes)
87  524       1       jdk.internal.classfile.impl.AbstractInstruction$UnboundInvokeInstruction::method (5 bytes)
87  528       3       jdk.internal.classfile.impl.BlockCodeBuilderImpl::with (9 bytes)
87  529       3       jdk.internal.classfile.impl.BlockCodeBuilderImpl::with (83 bytes)
87  530       3       jdk.internal.classfile.impl.BytecodeHelpers::isUnconditionalBranch (64 bytes)
87  531       3       jdk.internal.classfile.impl.LabelImpl::<init> (15 bytes)
88  525       3       jdk.internal.classfile.impl.ClassReaderImpl::entryByIndex (809 bytes)
90  534       3       jdk.internal.classfile.impl.StackMapGenerator$Frame::checkStack (96 bytes)
90  319       3       jdk.internal.classfile.impl.SplitConstantPool::map (161 bytes)   made not entrant: not used
90  535       3       jdk.internal.constant.ClassOrInterfaceDescImpl::equals (33 bytes)
90  539       3       java.util.HashMap$HashIterator::<init> (84 bytes)
90  538       3       java.lang.CharacterDataLatin1::isWhitespace (23 bytes)
90  536       3       jdk.internal.classfile.impl.SplitConstantPool::nameAndTypeEntry (7 bytes)
90  537       3       jdk.internal.classfile.impl.SplitConstantPool::nameAndTypeEntry (60 bytes)
90  526       1       jdk.jfr.internal.util.Bytecode$FieldDesc::name (5 bytes)
90  527       1       jdk.jfr.internal.EventWriterMethod::method (5 bytes)
90  545       4       jdk.internal.classfile.impl.SplitConstantPool::entryByIndex (59 bytes)
91  541       3       jdk.internal.classfile.impl.DirectCodeBuilder::constantPool (5 bytes)
91  542       3       jdk.internal.classfile.impl.SplitConstantPool::utf8Entry (25 bytes)
91  543       3       jdk.internal.constant.MethodTypeDescImpl::descriptorString (16 bytes)
91  540       3       java.util.Arrays::copyOf (40 bytes)
91  546       3       java.util.ArrayList::add (25 bytes)
91  547       3       java.util.ArrayList::add (23 bytes)
91  549       3       java.util.ArrayDeque::inc (12 bytes)
91  361       3       jdk.internal.classfile.impl.SplitConstantPool::entryByIndex (59 bytes)   made not entrant: not used
91  552       3       jdk.internal.classfile.impl.AbstractPoolEntry$AbstractMemberRefEntry::nameAndType (5 bytes)
91  553       3       jdk.internal.classfile.impl.AbstractPoolEntry$AbstractMemberRefEntry::nameAndType (8 bytes)
91  554       3       jdk.internal.misc.Unsafe::getCharUnaligned (12 bytes)
91  555       3       jdk.internal.misc.Unsafe::getCharUnaligned (34 bytes)
92  550       3       jdk.internal.misc.Unsafe::pickPos (14 bytes)
92  551       3       jdk.internal.misc.Unsafe::toUnsignedInt (6 bytes)
92  548       3       jdk.internal.classfile.impl.SplitConstantPool::methodRefEntry (72 bytes)
92  556       3       java.util.ArrayList::iterator (9 bytes)
92  558       3       java.util.ArrayList$Itr::<init> (31 bytes)
92  544       1       jdk.internal.classfile.impl.AbstractPseudoInstruction$ExceptionCatchImpl::handler (5 bytes)
92  560       3       jdk.internal.classfile.impl.RawBytecodeHelper::getU1Unchecked (13 bytes)
92  562       4       jdk.internal.classfile.impl.EntryMap::firstToken (50 bytes)
92  563       3       java.util.AbstractList::<init> (10 bytes)
92  507       1       jdk.internal.classfile.impl.AbstractAttributeMapper::name (5 bytes)
92  504       1       java.lang.Class::getModifiers (5 bytes)
92  566       3       java.util.ImmutableCollections$List12::get (35 bytes)
93  519       1       jdk.internal.classfile.impl.AbstractPoolEntry$FieldRefEntryImpl::tag (3 bytes)
93  569       3       jdk.internal.classfile.impl.RawBytecodeHelper::getU2Unchecked (21 bytes)
93  321       3       jdk.internal.classfile.impl.EntryMap::firstToken (50 bytes)   made not entrant: not used
93  570       3       jdk.internal.classfile.impl.RawBytecodeHelper::getIndexU2 (11 bytes)
93  532       1       jdk.internal.constant.PrimitiveClassDescImpl::isPrimitive (2 bytes)
93  559       3       jdk.internal.classfile.impl.AbstractPoolEntry$AbstractRefEntry::<init> (24 bytes)
93  561       1       jdk.internal.classfile.impl.AbstractPoolEntry$StringEntryImpl::tag (3 bytes)
93  557       1       jdk.internal.classfile.impl.DirectCodeBuilder::startLabel (5 bytes)
93  573   !   3       java.util.ImmutableCollections$ListItr::next (34 bytes)
93  574       3       java.util.Arrays::equals (57 bytes)
93  575       3       java.lang.Class::descriptorString (137 bytes)
94  579       3       jdk.internal.classfile.impl.AbstractPoolEntry$AbstractRefsEntry::writeTo (27 bytes)
94  578       3       jdk.internal.classfile.impl.AbstractPoolEntry$NameAndTypeEntryImpl::type (8 bytes)
94  576       3       jdk.internal.classfile.impl.AbstractDirectBuilder::<init> (26 bytes)
94  577       3       jdk.internal.classfile.impl.AbstractPoolEntry$ClassEntryImpl::hashCode (37 bytes)
95  567       1       jdk.internal.classfile.impl.UnboundAttribute$UnboundStackMapTableAttribute::entries (5 bytes)
95  568       1       java.util.ImmutableCollections$List12::isEmpty (2 bytes)
95  564       1       java.lang.reflect.Method::getSharedExceptionTypes (5 bytes)
95  565       1       java.util.LinkedHashMap::removeEldestEntry (2 bytes)
95  580       3       jdk.internal.classfile.impl.DirectCodeBuilder::writeBytecode (33 bytes)
95  581       3       jdk.internal.classfile.impl.NonterminalCodeBuilder::constantPool (10 bytes)
95  582       3       java.lang.classfile.CodeBuilder::invoke (46 bytes)
95  585       3       java.lang.classfile.constantpool.ConstantPoolBuilder::nameAndTypeEntry (21 bytes)
95  533       1       jdk.internal.classfile.impl.DirectCodeBuilder::curTopLocal (5 bytes)
95  584       3       java.lang.classfile.constantpool.ConstantPoolBuilder::methodRefEntry (22 bytes)
95  586       3       jdk.internal.classfile.impl.AbstractPoolEntry$ClassEntryImpl::<init> (22 bytes)
95  583       3       jdk.internal.classfile.impl.DirectCodeBuilder::newLabel (10 bytes)
95  587       3       sun.invoke.util.Wrapper::forPrimitiveType (122 bytes)
96  588       3       jdk.internal.classfile.impl.StackMapGenerator::addFrame (150 bytes)
96  591       3       jdk.internal.classfile.impl.StackMapGenerator$Frame::trimAndCompress (61 bytes)
96  589       3       jdk.internal.classfile.impl.StackMapGenerator$Frame::pushStack (27 bytes)
96  590       1       jdk.internal.classfile.impl.RawBytecodeHelper$CodeRange::array (5 bytes)
96  595       3       jdk.internal.classfile.impl.ClassReaderImpl::readEntry (16 bytes)
96  596       3       java.util.ImmutableCollections$AbstractImmutableList::iterator (13 bytes)
96  597       3       java.util.ImmutableCollections$ListItr::<init> (25 bytes)
96  598       3       jdk.internal.classfile.impl.DirectCodeBuilder::setLabelTarget (47 bytes)
96  593       3       jdk.internal.classfile.impl.BufWriterImpl::skip (22 bytes)
96  599       3       java.lang.AbstractStringBuilder::ensureCapacityNewCoder (125 bytes)
97  601       4       jdk.internal.classfile.impl.SplitConstantPool::canWriteDirect (24 bytes)
97  592       3       jdk.internal.classfile.impl.BufWriterImpl::writeU2U2U2 (89 bytes)
97  602       3       java.util.Arrays::fill (21 bytes)
97  366       3       jdk.internal.classfile.impl.SplitConstantPool::canWriteDirect (24 bytes)   made not entrant: not used
97  594       1       jdk.internal.classfile.impl.BoundAttribute::attributeMapper (5 bytes)
97  600       3       java.util.ArrayList::<init> (12 bytes)
97  603   !   3       jdk.internal.classfile.impl.ClassReaderImpl::readU1 (17 bytes)
97  605     n 0       jdk.internal.reflect.ConstantPool::getUTF8At0 (native)   
97  571       1       jdk.internal.classfile.impl.StackMapDecoder$ObjectVerificationTypeInfoImpl::tag (3 bytes)
97  604       1       jdk.internal.loader.AbstractClassLoaderValue$Sub::parent (5 bytes)
97  572       1       jdk.internal.classfile.impl.StackMapDecoder$ObjectVerificationTypeInfoImpl::className (5 bytes)
97  606     n 0       java.lang.Class::forName0 (native)   (static)
97  609       3       java.util.ArrayList::<init> (61 bytes)
98  612       3       java.lang.String::replace (42 bytes)
98  614       3       java.lang.StringConcatHelper::prepend (62 bytes)
98  617       3       java.util.ArrayDeque::elementAt (4 bytes)
98  618       3       java.util.ArrayDeque::pollFirst (36 bytes)
98  619       3       java.util.ArrayDeque::poll (5 bytes)
98  615       3       java.util.List::copyOf (5 bytes)
98  616       3       java.util.ImmutableCollections::listCopy (54 bytes)
98  613       3       java.lang.reflect.Modifier::isStatic (13 bytes)
98  620       3       jdk.internal.classfile.impl.StackMapGenerator$Type::referenceType (12 bytes)
98  621       3       jdk.internal.util.StrongReferenceKey::equals (28 bytes)
98  622       4       jdk.internal.classfile.impl.AbstractPoolEntry::maybeClone (26 bytes)
98  626       3       java.util.Collections$UnmodifiableCollection$1::hasNext (10 bytes)
99  624       3       java.lang.invoke.DirectMethodHandle::allocateInstance (16 bytes)
99  627       3       java.util.ImmutableCollections$ListN::size (6 bytes)
99  628       3       jdk.internal.classfile.impl.DirectCodeBuilder::writeInvokeNormal (13 bytes)
99  625       3       java.lang.invoke.DirectMethodHandle::constructorMethod (10 bytes)
99  623       3       jdk.internal.classfile.impl.DirectMethodBuilder::methodTypeSymbol (8 bytes)
99  611       1       java.util.Collections$1::hasNext (5 bytes)
99  630       3       jdk.internal.classfile.impl.SplitConstantPool::utf8Entry (6 bytes)
99  629       1       jdk.internal.classfile.impl.BlockCodeBuilderImpl::startLabel (5 bytes)
99  607       3       java.nio.HeapByteBuffer::getShort (29 bytes)
99  358       3       jdk.internal.classfile.impl.AbstractPoolEntry::maybeClone (26 bytes)   made not entrant: not used
99  631       4       jdk.internal.classfile.impl.RawBytecodeHelper::next (81 bytes)
99  637       3       java.lang.AbstractStringBuilder::newCapacity (49 bytes)
99  608   !   3       jdk.internal.misc.ScopedMemoryAccess::getShortUnaligned (18 bytes)
100  635       3       jdk.internal.classfile.impl.SplitConstantPool::entryByIndex (11 bytes)
100  367       3       jdk.internal.classfile.impl.RawBytecodeHelper::next (81 bytes)   made not entrant: not used
100  639       3       jdk.internal.classfile.impl.ClassReaderImpl::entryByIndex (8 bytes)
100  640       3       jdk.internal.classfile.impl.AbstractInstruction$UnboundInstruction::writeTo (9 bytes)
100  641       3       java.lang.classfile.instruction.StackInstruction::of (16 bytes)
100  642       3       jdk.jfr.internal.util.Bytecode::invokevirtual (17 bytes)
100  636       3       java.util.Arrays::rangeCheck (74 bytes)
100  644       3       jdk.internal.classfile.impl.AbstractPoolEntry$AbstractMemberRefEntry::<init> (12 bytes)
100  638       1       jdk.internal.classfile.impl.AccessFlagsImpl::flagsMask (5 bytes)
100  632       1       jdk.internal.classfile.impl.BufWriterImpl::getMajorVersion (5 bytes)
100  633       1       jdk.internal.classfile.impl.StackMapGenerator::maxStack (5 bytes)
100  634       1       jdk.internal.classfile.impl.StackMapGenerator::maxLocals (5 bytes)
100  643       1       java.lang.invoke.DirectMethodHandle::internalMemberName (5 bytes)
100  646       3       jdk.internal.classfile.impl.AttributeHolder::withAttribute (124 bytes)
101  649       3       jdk.internal.classfile.impl.StackMapGenerator$Frame::checkLocal (97 bytes)
101  648       3       jdk.internal.classfile.impl.StackMapGenerator$Frame::<init> (75 bytes)
101  647       3       jdk.internal.classfile.impl.StackMapGenerator$Frame::<init> (13 bytes)
101  650       3       jdk.internal.classfile.impl.StackMapGenerator$Frame::trimAndCompress (31 bytes)
101  652       3       java.lang.StringLatin1::lastIndexOf (40 bytes)
101  645       3       jdk.internal.classfile.impl.DirectCodeBuilder$DeferredLabel::<init> (26 bytes)
101  653       3       jdk.internal.classfile.impl.BufWriterImpl::writeU1U1 (39 bytes)
101  654       4       jdk.internal.classfile.impl.RawBytecodeHelper::endBci (8 bytes)
101  655       3       jdk.internal.classfile.impl.AttributeHolder::writeTo (34 bytes)
101  368       3       jdk.internal.classfile.impl.RawBytecodeHelper::endBci (8 bytes)   made not entrant: not used
102  656       3       jdk.internal.classfile.impl.BufWriterImpl::writeIndex (10 bytes)
102  659       3       java.util.Collections$UnmodifiableCollection::iterator (9 bytes)
102  660       3       jdk.internal.classfile.impl.MethodImpl::methodType (21 bytes)
102  661       3       jdk.internal.classfile.impl.AbstractPoolEntry$NameAndTypeEntryImpl::<init> (12 bytes)
102  663       3       java.lang.invoke.MethodType::methodType (69 bytes)
102  662       3       jdk.internal.classfile.impl.DirectCodeBuilder::setLabelTarget (10 bytes)
102  664       3       java.lang.classfile.CodeBuilder::invokevirtual (14 bytes)
102  666       3       java.lang.classfile.CodeBuilder::invoke (15 bytes)
103  667       3       java.lang.classfile.instruction.InvokeInstruction::of (17 bytes)
103  670       4       java.util.ArrayList$Itr::hasNext (20 bytes)
103  668       3       jdk.internal.classfile.impl.AbstractInstruction$UnboundInvokeInstruction::<init> (17 bytes)
103  669       3       jdk.internal.classfile.impl.AbstractInstruction$UnboundInvokeInstruction::writeTo (45 bytes)
103  436       3       java.util.ArrayList$Itr::hasNext (20 bytes)   made not entrant: not used
103  674     n 0       jdk.internal.misc.Unsafe::putByte (native)   
103  672       3       jdk.internal.classfile.impl.AbstractPoolEntry$Utf8EntryImpl::equalsString (215 bytes)
104  665       3       java.lang.classfile.CodeBuilder::dup (16 bytes)
104  657       3       jdk.internal.classfile.impl.RawBytecodeHelper$CodeRange::start (9 bytes)
104  658       3       jdk.internal.classfile.impl.RawBytecodeHelper::<init> (10 bytes)
104  671       3       java.util.ArrayList::isEmpty (13 bytes)
104  673       3       jdk.internal.classfile.impl.AbstractPoolEntry$AbstractRefEntry::writeTo (18 bytes)
104  680       4       jdk.internal.misc.Unsafe::getShortUnaligned (12 bytes)
104  651       1       java.lang.Class::getAnnotationType (5 bytes)
104  681       3       jdk.internal.classfile.impl.RawBytecodeHelper::reset (20 bytes)
104  682       3       jdk.internal.classfile.impl.BufWriterImpl::setLabelContext (11 bytes)
104  675       1       jdk.internal.classfile.impl.ClassReaderImpl::classfileLength (5 bytes)
104  255       3       jdk.internal.misc.Unsafe::getShortUnaligned (12 bytes)   made not entrant: not used
104  610       1       java.lang.reflect.Method::getDeclaringClass (5 bytes)
104  676       1       jdk.internal.classfile.impl.TransformImpl$ResolvedTransform::startHandler (5 bytes)
104  683       4       java.util.HashMap::resize (356 bytes)
104  678       1       jdk.internal.classfile.impl.ClassReaderImpl::customAttributes (5 bytes)
105  684       3       jdk.internal.classfile.impl.TransformImpl$$Lambda/0x00000fff01028a60::accept (16 bytes)
105  687       3       java.util.ImmutableCollections$ListN::get (7 bytes)
105  685       3       jdk.internal.classfile.impl.TransformImpl::lambda$resolve$0 (9 bytes)
105  689       3       jdk.internal.classfile.impl.AbstractInstruction$UnboundLoadInstruction::<init> (11 bytes)
105  688       3       java.lang.constant.DynamicConstantDesc::equals (81 bytes)
105  690   !   3       jdk.internal.classfile.impl.StackMapGenerator::detectFrames (498 bytes)
106  691       3       jdk.internal.classfile.impl.StackMapGenerator::processExceptionHandlerTargets (125 bytes)
106  692       3       jdk.internal.classfile.impl.StackMapGenerator$Frame::writeTo (299 bytes)
106  525       3       jdk.internal.classfile.impl.ClassReaderImpl::entryByIndex (809 bytes)   made not entrant: C1 deoptimize for patching
106  695       3       jdk.internal.classfile.impl.RawBytecodeHelper::dest (16 bytes)
106  699       3       jdk.internal.classfile.impl.ClassReaderImpl::entryByIndex (809 bytes)
108  119       3       java.util.HashMap::resize (356 bytes)   made not entrant: not used
108  697       4       java.lang.String::checkBoundsOffCount (10 bytes)
108  701       3       java.util.Arrays::fill (28 bytes)
108  698       3       jdk.jfr.internal.util.Bytecode$MethodDesc::matches (42 bytes)
108  699       3       jdk.internal.classfile.impl.ClassReaderImpl::entryByIndex (809 bytes)   made not entrant: C1 deoptimize for patching
108  183       3       java.lang.String::checkBoundsOffCount (10 bytes)   made not entrant: not used
109  705       3       jdk.internal.classfile.impl.ClassReaderImpl::entryByIndex (809 bytes)
109  706       4       jdk.internal.classfile.impl.SplitConstantPool::utf8Entry (45 bytes)
110  709       3       jdk.internal.classfile.impl.StackMapGenerator$Frame::decStack (29 bytes)
110  704       3       jdk.internal.classfile.impl.ClassReaderImpl::checkTag (217 bytes)
110  693       3       jdk.internal.classfile.impl.StackMapGenerator$Type::writeTo (82 bytes)
110  707       3       jdk.internal.constant.MethodTypeDescImpl::equals (65 bytes)
111  696       3       jdk.internal.classfile.impl.RawBytecodeHelper::getShortUnchecked (21 bytes)
111  702       3       java.lang.invoke.Invokers$Holder::linkToTargetMethod (8 bytes)
111  715       3       jdk.internal.classfile.impl.StackMapGenerator::removeRangeFromExcTable (326 bytes)
111  711       3       jdk.jfr.internal.EventInstrumentation::isMethod (6 bytes)
111  703       3       java.lang.invoke.LambdaForm$Holder::constant_L (8 bytes)
111  712       3       java.util.Arrays::copyOf (10 bytes)
112  700       3       jdk.internal.classfile.impl.DirectCodeBuilder::labelBinding (11 bytes)
112  694       3       jdk.internal.classfile.impl.AbstractPoolEntry$MethodRefEntryImpl::<init> (12 bytes)
112  679       1       jdk.internal.classfile.impl.TransformImpl$ResolvedTransform::endHandler (5 bytes)
112  677       1       jdk.internal.classfile.impl.TransformImpl$ResolvedTransform::consumer (5 bytes)
112  686       1       jdk.internal.classfile.impl.ClassReaderImpl::context (5 bytes)
112  723       3       java.lang.classfile.constantpool.ConstantPoolBuilder::nameAndTypeEntry (21 bytes)
112  724       3       jdk.internal.classfile.impl.SplitConstantPool::fieldRefEntry (72 bytes)
112  725       3       jdk.internal.classfile.impl.StackMapGenerator$Frame::pushStack (84 bytes)
112  726       3       jdk.internal.classfile.impl.BufWriterImpl::grow (33 bytes)
112  714       3       jdk.internal.classfile.impl.StackMapGenerator::deadCodePatching (112 bytes)
113  727       3       jdk.internal.classfile.impl.Util::writeAttribute (67 bytes)
113  716       3       java.util.ArrayList::listIterator (10 bytes)
113  717       3       java.util.ArrayList$ListItr::<init> (21 bytes)
113  728       3       jdk.internal.classfile.impl.AccessFlagsImpl::<init> (15 bytes)
113  729       3       jdk.internal.classfile.impl.Util::powerOctal (21 bytes)
113  731       3       jdk.internal.classfile.impl.StackMapGenerator$Frame::equals (28 bytes)
113  730       3       java.util.ArrayList::elementData (7 bytes)
113  718       1       sun.reflect.generics.tree.ClassTypeSignature::getPath (5 bytes)
113  719       1       sun.reflect.generics.tree.SimpleClassTypeSignature::getName (5 bytes)
113  720       1       sun.reflect.generics.tree.SimpleClassTypeSignature::getDollar (5 bytes)
113  721       1       sun.reflect.generics.visitor.Reifier::getFactory (5 bytes)
113  722       1       sun.reflect.generics.tree.SimpleClassTypeSignature::getTypeArguments (5 bytes)
113  732     n 0       java.lang.Double::longBitsToDouble (native)   (static)
114  733       3       jdk.internal.classfile.impl.Util::fieldTypeSymbol (8 bytes)
114  737       3       java.util.Collections$UnmodifiableCollection$1::next (10 bytes)
114  734       3       jdk.internal.classfile.impl.AbstractPoolEntry$Utf8EntryImpl::fieldTypeSymbol (34 bytes)
114  736       3       jdk.internal.classfile.impl.MethodImpl::flags (24 bytes)
114  738       3       jdk.jfr.internal.EventInstrumentation$$Lambda/0x00000fff01027370::accept (16 bytes)
114  740       3       sun.reflect.generics.parser.SignatureParser::skipIdentifier (67 bytes)
114  739   !   3       jdk.internal.classfile.impl.ClassReaderImpl::readInt (77 bytes)
114  744       3       jdk.internal.classfile.impl.AbstractPoolEntry$Utf8EntryImpl::inflate (73 bytes)
114  743       3       jdk.internal.classfile.impl.CodeImpl::attributes (35 bytes)
115  745       3       java.util.ArrayList::get (15 bytes)
115  749       3       jdk.internal.classfile.impl.BufWriterImpl::writeBytes (30 bytes)
115  747       3       jdk.internal.classfile.impl.StackMapGenerator$Frame::merge (48 bytes)
115  748       3       jdk.internal.classfile.impl.StackMapGenerator$Type::mergeFrom (100 bytes)
115  754       3       java.lang.StringConcatHelper::concat (24 bytes)
115  755       3       java.lang.StringConcatHelper::stringOf (20 bytes)
116  756       3       java.lang.StringConcatHelper::concat0 (58 bytes)
116  757       3       java.lang.StringConcatHelper::newArrayWithSuffix (35 bytes)
116  735       3       jdk.internal.constant.MethodTypeDescImpl::<init> (15 bytes)
116  758       3       java.lang.invoke.Invokers$Holder::linkToTargetMethod (10 bytes)
116  759       3       java.lang.invoke.DirectMethodHandle$Holder::newInvokeSpecial (24 bytes)
116  742       1       jdk.internal.classfile.impl.BoundAttribute$BoundCodeAttribute::codeLength (5 bytes)
116  746       1       jdk.internal.classfile.impl.BoundAttribute::constantPool (5 bytes)
116  760       3       jdk.internal.classfile.impl.DirectCodeBuilder::addLabel (53 bytes)
116  763       3       jdk.internal.classfile.impl.BufWriterImpl::patchU2 (21 bytes)
116  761       3       java.lang.classfile.CodeBuilder::branch (15 bytes)
117  704       3       jdk.internal.classfile.impl.ClassReaderImpl::checkTag (217 bytes)   made not entrant: C1 deoptimize for patching
117  705       3       jdk.internal.classfile.impl.ClassReaderImpl::entryByIndex (809 bytes)   made not entrant: C1 deoptimize for patching
117  762       3       java.lang.classfile.instruction.BranchInstruction::of (17 bytes)
117  708       4       jdk.internal.classfile.impl.ClassReaderImpl::checkType (23 bytes)
117  765       3       java.lang.invoke.DirectMethodHandle$Holder::newInvokeSpecial (21 bytes)
117  753       1       jdk.jfr.internal.ClassInspector::isJDK (5 bytes)
117  766       3       jdk.internal.classfile.impl.DirectCodeBuilder::writeShortJump (92 bytes)
117  767       3       jdk.internal.classfile.impl.DirectCodeBuilder::writeParsedShortLabel (54 bytes)
117  501       3       jdk.internal.classfile.impl.ClassReaderImpl::checkType (23 bytes)   made not entrant: not used
117  710       4       java.util.ArrayList$Itr::next (66 bytes)
117  771       3       java.lang.classfile.constantpool.ConstantPoolBuilder::fieldRefEntry (22 bytes)
118  770       3       jdk.internal.classfile.impl.UnboundAttribute::<init> (10 bytes)
118  773       3       jdk.internal.classfile.impl.ClassReaderImpl::checkTag (217 bytes)
118  772       3       jdk.internal.classfile.impl.StackMapGenerator::processInvokeInstructions (262 bytes)
118  509       3       java.util.ArrayList$Itr::next (66 bytes)   made not entrant: not used
118  713       4       jdk.internal.classfile.impl.DirectCodeBuilder::labelToBci (27 bytes)
118  446       3       jdk.internal.classfile.impl.DirectCodeBuilder::labelToBci (27 bytes)   made not entrant: not used
118  774   !   4       jdk.internal.classfile.impl.ClassReaderImpl::readU2 (37 bytes)
119  514   !   3       jdk.internal.classfile.impl.ClassReaderImpl::readU2 (37 bytes)   made not entrant: not used
119  764       4       jdk.internal.classfile.impl.ClassReaderImpl::entryByIndex (809 bytes)
119  768       3       java.lang.invoke.Invokers$Holder::linkToTargetMethod (9 bytes)
119  775       3       jdk.internal.classfile.impl.LabelImpl::writeTo (6 bytes)
119  777       3       java.lang.classfile.TypeKind::fromDescriptor (232 bytes)
119  769       3       jdk.internal.classfile.impl.DirectCodeBuilder::aload (32 bytes)
119  741       1       java.lang.invoke.MethodHandleImpl::isCompileConstant (2 bytes)
119  750       1       sun.reflect.annotation.AnnotationType::memberTypes (5 bytes)
119  751       1       sun.reflect.annotation.AnnotationType::memberDefaults (5 bytes)
119  782       3       java.lang.invoke.MemberName::isResolved (13 bytes)
120  752       1       sun.reflect.annotation.AnnotationType::retention (5 bytes)
120  783       1       sun.invoke.util.Wrapper::basicClassDescriptor (5 bytes)
120  778       1       jdk.jfr.internal.ClassInspector::getFields (5 bytes)
120  784       3       java.lang.reflect.Modifier::isPublic (12 bytes)
120  779       1       jdk.internal.classfile.impl.BlockCodeBuilderImpl::reachable (5 bytes)
120  780       1       jdk.internal.classfile.impl.BlockCodeBuilderImpl::endLabel (5 bytes)
120  781       1       jdk.internal.classfile.impl.AbstractPoolEntry$LongEntryImpl::tag (2 bytes)
120  786       3       jdk.internal.classfile.impl.DirectClassBuilder::constantPool (5 bytes)
120  787       3       jdk.internal.classfile.impl.AbstractDirectBuilder::writeAttribute (20 bytes)
120  788       3       jdk.internal.classfile.impl.Util::isAttributeAllowed (45 bytes)
121  789       3       java.util.ImmutableCollections$AbstractImmutableList::<init> (5 bytes)
121  792       3       jdk.internal.classfile.impl.BufWriterImpl::writeU2U2 (61 bytes)
121  790       3       jdk.internal.classfile.impl.AbstractPoolEntry$ClassEntryImpl::asSymbol (53 bytes)
121  793     n 0       java.lang.Class::getSuperclass (native)   
121  794     n 0       java.lang.invoke.MethodHandle::linkToSpecial(LLLLLL)V (native)   (static)
121  795       3       jdk.internal.classfile.impl.DirectMethodBuilder::<init> (42 bytes)
121  799       3       sun.invoke.util.VerifyAccess::isSamePackage (37 bytes)
122  801     n 0       java.lang.invoke.MethodHandle::linkToSpecial(LLLLLL)L (native)   (static)
122  796       3       jdk.internal.classfile.impl.DirectMethodBuilder::withCode (22 bytes)
122  797   !   3       jdk.internal.classfile.impl.DirectCodeBuilder::build (78 bytes)
122  791       3       jdk.internal.classfile.impl.Util::slotSize (24 bytes)
123  798       3       jdk.internal.classfile.impl.DirectCodeBuilder::<init> (187 bytes)
123  802       3       java.util.BitSet::get (69 bytes)
123  804       3       java.util.ArrayDeque::addLast (51 bytes)
123  809       3       java.lang.classfile.TypeKind::from (25 bytes)
124  805       3       java.util.ArrayDeque::add (7 bytes)
124  806       3       jdk.internal.classfile.impl.StackCounter$Target::<init> (15 bytes)
124  811       3       jdk.internal.classfile.impl.StackCounter::next (68 bytes)
124  813       3       java.lang.PublicMethods$Key::matches (31 bytes)
124  814       3       java.lang.Class::reflectionData (43 bytes)
124  810       3       jdk.internal.classfile.impl.UnboundAttribute$AdHocAttribute::<init> (6 bytes)
124  812       3       jdk.internal.classfile.impl.UnboundAttribute$AdHocAttribute::writeTo (49 bytes)
124  815       3       java.lang.classfile.constantpool.MemberRefEntry::type (12 bytes)
124  820       3       java.lang.reflect.Array::newInstance (6 bytes)
125  819       3       jdk.internal.classfile.impl.BufWriterImpl::writeInt (58 bytes)
125  816       3       jdk.internal.classfile.impl.AbstractPseudoInstruction$ExceptionCatchImpl::<init> (44 bytes)
125  821       3       java.lang.ref.SoftReference::get (29 bytes)
125  823       3       jdk.internal.reflect.ConstantPool::getUTF8At (10 bytes)
125  822       3       jdk.internal.access.SharedSecrets::getJavaLangAccess (4 bytes)
125  817       3       jdk.internal.classfile.impl.AbstractPseudoInstruction::<init> (5 bytes)
125  818       3       jdk.internal.classfile.impl.AbstractPseudoInstruction$ExceptionCatchImpl::writeTo (6 bytes)
125  369       3       jdk.internal.classfile.impl.SplitConstantPool::utf8Entry (45 bytes)   made not entrant: not used
125  808       4       java.lang.StringLatin1::replace (197 bytes)
125  825       3       java.lang.Integer::numberOfLeadingZeros (79 bytes)
126  800       4       java.lang.invoke.MethodType::parameterType (7 bytes)
126  824       3       java.util.ImmutableCollections$List12::<init> (20 bytes)
126  706       4       jdk.internal.classfile.impl.SplitConstantPool::utf8Entry (45 bytes)   made not entrant: uncommon trap
126  235       3       java.lang.invoke.MethodType::parameterType (7 bytes)   made not entrant: not used
126  785       4       jdk.internal.classfile.impl.AbstractElement::<init> (5 bytes)
126  828       3       java.lang.reflect.Modifier::isProtected (12 bytes)
126  451       3       jdk.internal.classfile.impl.AbstractElement::<init> (5 bytes)   made not entrant: not used
126  776       4       jdk.internal.classfile.impl.SplitConstantPool::tryFindUtf8 (103 bytes)
126  826       3       java.util.ImmutableCollections$MapN::get (35 bytes)
126  827       3       java.lang.invoke.MethodHandles$Lookup::lookupClassOrNull (17 bytes)
126  829       3       java.lang.Math::ceil (5 bytes)
127  807       1       java.lang.classfile.ClassFile::latestMajorVersion (3 bytes)
127  830       3       java.lang.Character::codePointAt (51 bytes)
127  832       3       java.util.List::of (64 bytes)
127  831       3       java.lang.Character::isHighSurrogate (18 bytes)
127  834       3       sun.reflect.annotation.AnnotationParser::parseSig (62 bytes)
127  836       3       java.lang.Character::charCount (12 bytes)
127  257       3       java.io.DataInputStream::readUTF (601 bytes)   made not entrant: C1 deoptimize for patching
128  838       3       java.lang.Module::isNamed (13 bytes)
128  837       3       java.lang.Character::isJavaIdentifierPart (9 bytes)
128  840       3       java.io.DataInputStream::readUTF (601 bytes)
129  839  s    3       java.io.ByteArrayInputStream::read (36 bytes)
129  846       3       java.lang.System$1::uncheckedNewStringNoRepl (6 bytes)
129  844   !   3       java.lang.String::<init> (852 bytes)
129  851     n 0       jdk.internal.misc.Unsafe::getLong (native)   
130  845       3       java.lang.String::<init> (22 bytes)
130  847  s    2       java.io.ByteArrayInputStream::read (73 bytes)
130  841       3       java.io.DataInputStream::readUnsignedShort (19 bytes)
130  842       2       jdk.internal.util.ByteArray::getUnsignedShort (12 bytes)
130  843       2       java.lang.Short::toUnsignedInt (5 bytes)
130  848       4       java.io.DataInputStream::readFully (59 bytes)
130  850       3       java.io.DataInputStream::readBoolean (13 bytes)
130  341       3       java.lang.StringLatin1::replace (197 bytes)   made not entrant: not used
130  849       4       java.util.Objects::checkFromIndexSize (8 bytes)
131  852       3       jdk.jfr.internal.MetadataLoader$FieldElement::<init> (93 bytes)
131  242       3       java.util.Objects::checkFromIndexSize (8 bytes)   made not entrant: not used
131  854       3       jdk.internal.misc.Unsafe::getIntUnaligned (12 bytes)
131  833       4       sun.reflect.generics.parser.SignatureParser::current (59 bytes)
131  855       3       java.util.Objects::checkIndex (7 bytes)
131  856       3       java.lang.CharacterDataLatin1::isJavaIdentifierPart (20 bytes)
132  435       3       sun.reflect.generics.parser.SignatureParser::current (59 bytes)   made not entrant: not used
132  857       4       java.lang.CharacterDataLatin1::getProperties (11 bytes)
132  858       3       java.util.List::of (4 bytes)
132  433       3       java.lang.CharacterDataLatin1::getProperties (11 bytes)   made not entrant: not used
132  835       4       sun.reflect.generics.parser.SignatureParser::advance (53 bytes)
132  860       3       java.lang.String::indexOf (65 bytes)
132  434       3       sun.reflect.generics.parser.SignatureParser::advance (53 bytes)   made not entrant: not used
132  863       4       java.lang.CharacterData::of (136 bytes)
132  432       3       java.lang.CharacterData::of (136 bytes)   made not entrant: not used
132  803       4       java.util.BitSet::wordIndex (5 bytes)
132  417       3       java.util.BitSet::wordIndex (5 bytes)   made not entrant: not used
132  853  s    4       java.io.ByteArrayInputStream::read (73 bytes)
133  859       3       java.util.ArrayList::grow (60 bytes)
133  861       1       jdk.jfr.ValueDescriptor::isArray (5 bytes)
133  862       3       java.lang.reflect.Method::getParameterCount (6 bytes)
133  865       3       java.util.ArrayList::toArray (12 bytes)
133  864       1       jdk.jfr.internal.Type::getName (5 bytes)
133  866       3       jdk.jfr.internal.Type::getFields (37 bytes)
133  392       3       jdk.internal.classfile.impl.SplitConstantPool::tryFindUtf8 (103 bytes)   made not entrant: not used
133  867       3       jdk.jfr.internal.PrivateAccess::getInstance (15 bytes)
133  868       3       jdk.jfr.internal.util.Utils::unboxType (82 bytes)
133  847  s    2       java.io.ByteArrayInputStream::read (73 bytes)   made not entrant: not used
133  870       3       jdk.internal.module.Checks::isJavaIdentifier (76 bytes)
134  871       3       java.lang.Character::isJavaIdentifierStart (9 bytes)
134  872       3       java.lang.CharacterDataLatin1::isJavaIdentifierStart (23 bytes)
134  875       3       jdk.jfr.AnnotationElement::checkType (26 bytes)
134  869       3       jdk.jfr.EventSettings$InternalAccess::newAnnotation (11 bytes)
134  878       4       java.lang.CharacterDataLatin1::isWhitespace (23 bytes)
134  874       3       sun.reflect.annotation.AnnotationInvocationHandler::invoke (182 bytes)
134  879       4       jdk.internal.util.ArraysSupport::hashCodeOfUnsigned (55 bytes)
134  538       3       java.lang.CharacterDataLatin1::isWhitespace (23 bytes)   made not entrant: not used
134  880       3       sun.reflect.annotation.AnnotationType::getInstance (65 bytes)
135  881       3       java.lang.System$1::getAnnotationType (5 bytes)
135  873       3       java.lang.Class::forName (8 bytes)
135  884       4       java.lang.Character::codePointAt (51 bytes)
135  179       3       jdk.internal.util.ArraysSupport::hashCodeOfUnsigned (55 bytes)   made not entrant: not used
135  883       3       java.util.LinkedHashMap$LinkedKeyIterator::next (8 bytes)
135  876       3       java.util.ArrayList::set (24 bytes)
135  887       3       jdk.jfr.AnnotationElement::<init> (308 bytes)
135  888       4       java.lang.CharacterDataLatin1::isJavaIdentifierPart (20 bytes)
135  830       3       java.lang.Character::codePointAt (51 bytes)   made not entrant: not used
135  889       4       java.util.LinkedHashMap$LinkedHashIterator::hasNext (13 bytes)
135  856       3       java.lang.CharacterDataLatin1::isJavaIdentifierPart (20 bytes)   made not entrant: not used
136  890     n 0       jdk.jfr.internal.JVM::getTypeId (native)   (static)
136  230       3       java.util.LinkedHashMap$LinkedHashIterator::hasNext (13 bytes)   made not entrant: not used
136  877       3       jdk.jfr.internal.MetadataLoader::newAnnotation (25 bytes)
136  891       4       java.util.LinkedHashMap$LinkedHashIterator::nextNode (68 bytes)
136  885       3       java.util.Collections$UnmodifiableCollection::size (10 bytes)
136  886       3       java.util.Collections$UnmodifiableList::get (11 bytes)
136  882       3       java.util.LinkedHashMap$LinkedHashIterator::<init> (52 bytes)
136  233       3       java.util.LinkedHashMap$LinkedHashIterator::nextNode (68 bytes)   made not entrant: not used
136  894       3       jdk.jfr.internal.AnnotationConstruct::<init> (18 bytes)
136  893       3       java.util.LinkedHashMap::get (29 bytes)
136  895       3       jdk.jfr.internal.Type::add (17 bytes)
136  896       3       java.util.ImmutableCollections$ListN::<init> (15 bytes)
137  897       3       jdk.jfr.internal.util.Utils::ensureJavaIdentifier (42 bytes)
137  900       3       jdk.jfr.internal.Type::getKnownType (51 bytes)
137  901       4       java.lang.String::isEmpty (14 bytes)
137  903       4       java.util.ArrayList::add (25 bytes)
137  902       3       java.util.ImmutableCollections::listFromArray (39 bytes)
137  483       3       java.lang.String::isEmpty (14 bytes)   made not entrant: not used
137  907       4       java.util.LinkedHashMap$LinkedKeyIterator::next (8 bytes)
137  898       3       jdk.jfr.EventSettings$InternalAccess::newValueDescriptor (17 bytes)
137  908     n 0       java.lang.invoke.MethodHandle::linkToVirtual(LL)J (native)   (static)
137  899       3       jdk.jfr.ValueDescriptor::<init> (101 bytes)
138  883       3       java.util.LinkedHashMap$LinkedKeyIterator::next (8 bytes)   made not entrant: not used
138  909       4       jdk.internal.classfile.impl.EntryMap::put (186 bytes)
138  904       3       java.util.LinkedHashMap$LinkedKeySet::iterator (16 bytes)
138  911     n 0       java.lang.invoke.MethodHandle::linkToStatic(LLLL)I (native)   (static)
138  906       3       java.util.LinkedHashMap::sequencedKeySet (31 bytes)
138  546       3       java.util.ArrayList::add (25 bytes)   made not entrant: not used
138  912       4       java.lang.invoke.MethodType::parameterCount (6 bytes)
138  326       3       java.lang.invoke.MethodType::parameterCount (6 bytes)   made not entrant: not used
138  905       3       java.util.LinkedHashMap$LinkedKeyIterator::<init> (14 bytes)
139  913       3       java.lang.Class::isInterface (8 bytes)
139  246       3       java.io.DataInputStream::readFully (59 bytes)   made not entrant: not used
139  916       4       jdk.internal.classfile.impl.SplitConstantPool::utf8Entry (45 bytes)
139  915       3       jdk.internal.classfile.impl.BufWriterImpl::<init> (39 bytes)
139  914       3       java.lang.reflect.Modifier::isInterface (14 bytes)
139  359       3       jdk.internal.classfile.impl.EntryMap::put (186 bytes)   made not entrant: not used
139  917       3       jdk.internal.classfile.impl.BytecodeHelpers::ldcOpcode (41 bytes)
140  910       3       java.lang.invoke.LambdaForm::forceInterpretation (14 bytes)
140  919       3       jdk.jfr.internal.TypeLibrary$$Lambda/0x00000fff0106d5c8::applyAsLong (8 bytes)
140  920       3       java.util.Comparator$$Lambda/0x00000fff0106e070::compare (10 bytes)
140  922       3       java.lang.Long::compare (22 bytes)
140  921       3       java.util.Comparator::lambda$comparingLong$6043328a$1 (18 bytes)
140  918       1       jdk.jfr.internal.Type::getId (5 bytes)
140  892       3       java.lang.invoke.DirectMethodHandle::internalMemberName (8 bytes)
140  923       3       java.lang.invoke.MemberName::getModifiers (8 bytes)
140  924       3       jdk.internal.constant.ConstantUtils::referenceClassDesc (20 bytes)
140  926     n 0       java.lang.invoke.MethodHandle::linkToVirtual(LLL)V (native)   (static)
140  928       3       java.lang.invoke.MemberName::isConstructor (8 bytes)
140  925       3       java.lang.invoke.LambdaForm::uncustomize (57 bytes)
141  927       3       java.lang.invoke.LambdaForm$BasicType::basicType (187 bytes)
141  929       3       java.util.ArrayDeque$$Lambda/0x00000fff0106e7a8::accept (9 bytes)
141  930       1       jdk.jfr.internal.AnnotationConstruct::getUnmodifiableAnnotationElements (5 bytes)
141  931       1       jdk.jfr.AnnotationElement::getType (5 bytes)
141  934       4       java.util.ImmutableCollections$ListN::size (6 bytes)
141  932       3       java.util.ArrayDeque::size (17 bytes)
141  933       3       java.util.ArrayDeque::sub (14 bytes)
141  627       3       java.util.ImmutableCollections$ListN::size (6 bytes)   made not entrant: not used
141  939       3       java.lang.Iterable::forEach (39 bytes)
141  941       4       java.util.HashMap::put (13 bytes)
141  935       3       java.util.ArrayDeque::isEmpty (17 bytes)
141  942       3       jdk.jfr.internal.Type::getAnnotationElements (8 bytes)
141  943       3       jdk.jfr.AnnotationElement::getAnnotationElements (8 bytes)
141  944       3       java.util.ArrayDeque::addAll (50 bytes)
142  946       4       java.util.AbstractCollection::<init> (5 bytes)
142  936       3       java.util.ArrayDeque::copyElements (13 bytes)
142  937       3       java.util.ArrayDeque$$Lambda/0x00000fff0106e7a8::<init> (10 bytes)
142   13       3       java.util.AbstractCollection::<init> (5 bytes)   made not entrant: not used
142  947       4       java.util.ImmutableCollections$ListN::get (7 bytes)
142  938       3       jdk.jfr.EventSettings$InternalAccess::getType (98 bytes)
142  687       3       java.util.ImmutableCollections$ListN::get (7 bytes)   made not entrant: not used
142  945       1       jdk.jfr.ValueDescriptor::getType (5 bytes)
142  949       4       java.util.ImmutableCollections$ListItr::hasNext (17 bytes)
143  950       3       jdk.jfr.internal.TypeLibrary::visitAnnotations (92 bytes)
143  428       3       java.util.ImmutableCollections$ListItr::hasNext (17 bytes)   made not entrant: not used
143  953       4       java.util.HashMap::getNode (150 bytes)
144  956       3       java.util.ArrayDeque::grow (165 bytes)
144  948       3       java.util.ImmutableCollections$List12::forEach (31 bytes)
145   88       3       java.util.HashMap::getNode (150 bytes)   made not entrant: not used
145  955       4       java.util.ArrayDeque::addLast (51 bytes)
145  954       3       jdk.jfr.ValueDescriptor::getAnnotationElements (8 bytes)
145  951       3       java.util.ArrayDeque::<init> (35 bytes)
145  952       3       java.util.ArrayDeque::<init> (16 bytes)
145  940       3       java.lang.Long::hashCode (8 bytes)
145  957       3       java.util.Collections$UnmodifiableCollection::<init> (22 bytes)
145  958       3       java.util.Collections$UnmodifiableRandomAccessList::<init> (6 bytes)
145  961       3       java.util.Collections::unmodifiableList (51 bytes)
145  953       4       java.util.HashMap::getNode (150 bytes)   made not entrant: uncommon trap
146  964       3       java.lang.Long::hashCode (8 bytes)
146  962       1       jdk.jfr.internal.PlatformEventType::getAllSettings (5 bytes)
146  967       3       java.lang.Number::<init> (5 bytes)
146  965       3       java.lang.Long::valueOf (40 bytes)
146   82       3       java.util.HashMap::put (13 bytes)   made not entrant: not used
146  974       4       java.util.HashMap::getNode (150 bytes)
146  804       3       java.util.ArrayDeque::addLast (51 bytes)   made not entrant: not used
146  972       4       java.util.ArrayDeque::isEmpty (17 bytes)
146  970       3       jdk.jfr.internal.TypeLibrary$$Lambda/0x00000fff0106e318::test (8 bytes)
146  935       3       java.util.ArrayDeque::isEmpty (17 bytes)   made not entrant: not used
146  963       4       java.util.ArrayDeque::pollFirst (36 bytes)
146  973       1       java.lang.Long::longValue (5 bytes)
146  968       3       java.util.Collections$UnmodifiableList::<init> (11 bytes)
146  969       3       java.lang.Long::<init> (10 bytes)
146  971       3       jdk.jfr.internal.TypeLibrary::lambda$initialize$0 (24 bytes)
146  976       3       java.lang.Long::equals (32 bytes)
146  618       3       java.util.ArrayDeque::pollFirst (36 bytes)   made not entrant: not used
146  977       4       java.util.ArrayDeque::poll (5 bytes)
147  619       3       java.util.ArrayDeque::poll (5 bytes)   made not entrant: not used
147  959       4       jdk.jfr.internal.PrivateAccess::getInstance (15 bytes)
147  960       4       java.util.HashSet::add (20 bytes)
147  867       3       jdk.jfr.internal.PrivateAccess::getInstance (15 bytes)   made not entrant: not used
147  975       4       java.lang.Long::hashCode (8 bytes)
147  940       3       java.lang.Long::hashCode (8 bytes)   made not entrant: not used
147  979       4       java.lang.Long::hashCode (8 bytes)
147  964       3       java.lang.Long::hashCode (8 bytes)   made not entrant: not used
147  980       4       java.lang.Long::valueOf (40 bytes)
148  981       3       java.lang.Class::isAnnotation (17 bytes)
148  965       3       java.lang.Long::valueOf (40 bytes)   made not entrant: not used
148  978       4       jdk.jfr.internal.TypeLibrary$$Lambda/0x00000fff0106e318::test (8 bytes)
148  985       3       java.util.HashSet::iterator (13 bytes)
148  983       3       java.util.Arrays::hashCode (15 bytes)
148  984       3       java.lang.reflect.AccessibleObject::<init> (5 bytes)
148  982       3       jdk.internal.loader.AbstractClassLoaderValue::sub (10 bytes)
148  986       3       jdk.internal.classfile.impl.EntryMap::nextToken (37 bytes)
148  987       3       java.lang.reflect.Executable::<init> (5 bytes)
148  966       4       java.util.HashMap::containsKey (14 bytes)
148  988       3       jdk.internal.constant.ConstantUtils::referenceClassDesc (8 bytes)
149  990       3       jdk.internal.classfile.impl.BufWriterImpl::patchInt (41 bytes)
149  991       3       java.lang.classfile.Attributes::stackMapTable (4 bytes)
149  994       3       java.lang.invoke.LambdaForm$BasicType::basicType (8 bytes)
149  992       1       jdk.internal.classfile.impl.StackCounter::maxStack (5 bytes)
149  995       3       java.nio.HeapByteBuffer::get (14 bytes)
149  996       3       java.nio.Buffer::nextGetIndex (30 bytes)
150  998       3       jdk.internal.constant.MethodTypeDescImpl::ofValidated (27 bytes)
150  970       3       jdk.jfr.internal.TypeLibrary$$Lambda/0x00000fff0106e318::test (8 bytes)   made not entrant: not used
150  989       4       jdk.internal.classfile.impl.BufWriterImpl::writeU1 (24 bytes)
150  997       3       java.nio.HeapByteBuffer::ix (7 bytes)
150  999       3       jdk.internal.classfile.impl.RawBytecodeHelper::getIndexU1 (11 bytes)
150 1002       3       sun.reflect.generics.parser.SignatureParser::parseFieldTypeSignature (6 bytes)
150 1003       3       sun.reflect.generics.parser.SignatureParser::parseFieldTypeSignature (73 bytes)
150  442       3       jdk.internal.classfile.impl.BufWriterImpl::writeU1 (24 bytes)   made not entrant: not used
151 1001       4       java.lang.Class::cast (27 bytes)
151 1004       3       sun.reflect.generics.parser.SignatureParser::parseClassTypeSignature (95 bytes)
151  376       3       java.lang.Class::cast (27 bytes)   made not entrant: not used
151 1005       3       java.util.LinkedHashMap::entrySet (5 bytes)
151 1006       3       java.util.LinkedHashMap::sequencedEntrySet (31 bytes)
151 1007       3       sun.reflect.generics.parser.SignatureParser::parseTypeSignature (130 bytes)
151 1009       4       java.util.ImmutableCollections$AbstractImmutableList::iterator (13 bytes)
151 1010       4       java.lang.Object::equals (11 bytes)
152  993       1       jdk.internal.classfile.impl.StackCounter::maxLocals (5 bytes)
152  109       3       java.lang.Object::equals (11 bytes)   made not entrant: not used
152 1011       4       java.util.LinkedHashMap$LinkedEntryIterator::next (5 bytes)
152 1012       3       jdk.jfr.internal.Type::getKnownType (65 bytes)
152 1013       3       jdk.jfr.AnnotationElement::getTypeId (8 bytes)
152 1014       3       java.util.LinkedHashMap$LinkedEntrySet::iterator (16 bytes)
152  596       3       java.util.ImmutableCollections$AbstractImmutableList::iterator (13 bytes)   made not entrant: not used
152  231       3       java.util.LinkedHashMap$LinkedEntryIterator::next (5 bytes)   made not entrant: not used
152  112       3       java.util.HashSet::add (20 bytes)   made not entrant: not used
152 1015       3       java.util.LinkedHashMap$LinkedEntryIterator::<init> (14 bytes)
152 1018   !   4       java.util.ImmutableCollections$ListItr::next (34 bytes)
152 1016       3       jdk.jfr.internal.Type::getTypeId (21 bytes)
152 1019       3       jdk.jfr.AnnotationElement::getTypeName (8 bytes)
153 1008       1       java.lang.Boolean::booleanValue (5 bytes)
153 1017       1       jdk.jfr.ValueDescriptor::getName (5 bytes)
153 1000       1       java.lang.invoke.MethodType::rtype (5 bytes)
153 1020       3       jdk.jfr.internal.EventControl::remove (76 bytes)
153 1021       3       jdk.jfr.internal.AnnotationConstruct::getAnnotationElement (127 bytes)
153  573   !   3       java.util.ImmutableCollections$ListItr::next (34 bytes)   made not entrant: not used
153 1022       3       java.lang.StringLatin1::indexOf (121 bytes)
153 1027       3       jdk.internal.util.DecimalDigits::uncheckedPutCharLatin1 (40 bytes)
154 1023       3       jdk.jfr.internal.Type::hasAnnotation (17 bytes)
154 1024       1       jdk.jfr.internal.PlatformEventType::hasPeriod (5 bytes)
154 1025       1       java.util.Collections$EmptyList::isEmpty (2 bytes)
154 1026       1       jdk.jfr.AnnotationElement::getValues (5 bytes)
154 1028       4       java.lang.String::getBytes (44 bytes)
154 1029       1       jdk.jfr.internal.PlatformEventType::isJVM (5 bytes)
154 1030       4       jdk.jfr.internal.Type::getKnownType (65 bytes)
154 1031       3       jdk.jfr.internal.Type::setAnnotations (9 bytes)
154 1033       3       jdk.jfr.internal.util.Utils::findField (44 bytes)
154   65       3       java.lang.String::getBytes (44 bytes)   made not entrant: not used
155 1034       3       java.util.ArrayList::remove (76 bytes)
155 1032       3       jdk.jfr.internal.AnnotationConstruct::setAnnotationElements (9 bytes)
155 1042       4       java.util.Arrays::copyOf (40 bytes)
155 1035       1       jdk.jfr.internal.PlatformEventType::setHasCutoff (6 bytes)
155 1043     n 0       jdk.internal.misc.Unsafe::getLongVolatile (native)   
155 1036       1       jdk.jfr.internal.PlatformEventType::setHasThrottle (6 bytes)
155 1037       1       jdk.jfr.internal.PlatformEventType::setHasLevel (6 bytes)
155 1038       1       jdk.jfr.internal.PlatformEventType::setHasPeriod (6 bytes)
155 1039       1       jdk.jfr.internal.PlatformEventType::hasCutoff (5 bytes)
155 1040       1       jdk.jfr.internal.PlatformEventType::hasThrottle (5 bytes)
155 1041       1       jdk.jfr.internal.PlatformEventType::hasLevel (5 bytes)
156 1012       3       jdk.jfr.internal.Type::getKnownType (65 bytes)   made not entrant: not used
156 1044     n 0       java.lang.invoke.MethodHandle::linkToStatic(IL)L (native)   (static)
156 1045       3       java.lang.invoke.LambdaForm$Name::withIndex (35 bytes)
156 1046     n 0       java.lang.invoke.MethodHandle::invokeBasic(L)I (native)   
156 1047     n 0       java.lang.invoke.MethodHandle::linkToSpecial(LLL)I (native)   (static)
156  540       3       java.util.Arrays::copyOf (40 bytes)   made not entrant: not used
157 1048       3       jdk.internal.classfile.impl.DirectCodeBuilder::fieldAccess (14 bytes)
157 1042       4       java.util.Arrays::copyOf (40 bytes)   made not entrant: uncommon trap
157 1049     n 0       java.lang.invoke.MethodHandle::linkToStatic(LLLLLL)L (native)   (static)
157 1050       3       java.lang.StringBuilder::append (8 bytes)
157 1052     n 0       java.lang.invoke.MethodHandle::invokeBasic(LLLLL)L (native)   
157 1051       3       java.lang.AbstractStringBuilder::append (102 bytes)
157 1053       3       jdk.internal.classfile.impl.StackMapGenerator::processFieldInstructions (140 bytes)
158 1058       3       java.lang.invoke.MethodHandle::<init> (37 bytes)
158 1056       3       java.lang.invoke.MemberName::isStatic (8 bytes)
158 1059       4       java.util.Arrays::copyOf (40 bytes)
158 1057       3       java.lang.invoke.MethodTypeForm::cachedLambdaForm (23 bytes)
158 1055       3       java.lang.invoke.MemberName::getName (25 bytes)
158 1060       3       java.lang.invoke.MethodHandleNatives::refKindIsField (32 bytes)
158 1030       4       jdk.jfr.internal.Type::getKnownType (65 bytes)   made not entrant: uncommon trap
158 1054       3       jdk.internal.classfile.impl.UnboundAttribute::writeTo (12 bytes)
159 1062       3       java.lang.WeakPairMap::expungeStaleAssociations (31 bytes)
159 1064       3       jdk.jfr.internal.Type::getKnownType (65 bytes)
159 1065       3       jdk.internal.reflect.ReflectionFactory::copyMethod (11 bytes)
159 1069       4       java.lang.String::toString (2 bytes)
159 1066       3       java.lang.reflect.ReflectAccess::copyMethod (5 bytes)
159  513       3       java.lang.String::toString (2 bytes)   made not entrant: not used
159 1067       3       java.lang.reflect.Method::copy (92 bytes)
159 1072       4       java.lang.invoke.Invokers$Holder::linkToTargetMethod (9 bytes)
159 1073       4       jdk.internal.classfile.impl.BufWriterImpl::writeU1U2 (50 bytes)
159 1068       3       java.lang.reflect.Method::<init> (68 bytes)
159  768       3       java.lang.invoke.Invokers$Holder::linkToTargetMethod (9 bytes)   made not entrant: not used
160 1071       3       jdk.internal.classfile.impl.DirectClassBuilder::withMethod (54 bytes)
160 1063       3       java.lang.PublicMethods$MethodList::getMostSpecific (63 bytes)
160 1070       3       java.util.ImmutableCollections$List12::<init> (21 bytes)
160 1077       3       jdk.internal.classfile.impl.AbstractPoolEntry$Utf8EntryImpl::charAt (62 bytes)
160 1078       3       java.lang.Class::getMethodsRecursive (104 bytes)
160  384       3       jdk.internal.classfile.impl.BufWriterImpl::writeU1U2 (50 bytes)   made not entrant: not used
160 1076       3       java.util.LinkedHashMap$LinkedValueIterator::next (8 bytes)
160 1074       1       jdk.internal.classfile.impl.BufWriterImpl::labelContext (5 bytes)
160 1075       1       jdk.internal.classfile.impl.DirectCodeBuilder::methodInfo (5 bytes)
161 1061       1       jdk.internal.util.ClassFileDumper::isEnabled (5 bytes)
161 1079       3       java.util.Collections::emptyList (4 bytes)
161 1080     n 0       java.lang.Class::getConstantPool (native)   
161 1081       3       jdk.internal.loader.AbstractClassLoaderValue::map (20 bytes)
161 1082       3       java.lang.Class::getReflectionFactory (18 bytes)
161  938       3       jdk.jfr.EventSettings$InternalAccess::getType (98 bytes)   made not entrant: C1 deoptimize for patching
161 1083     n 0       jdk.internal.reflect.Reflection::getCallerClass (native)   (static)
161 1084       1       java.lang.reflect.Method::getRoot (5 bytes)
161 1087       3       java.lang.Class::annotationData (44 bytes)
161 1085       3       java.lang.Class::getMethod (38 bytes)
162 1088       3       java.lang.String::indexOf (64 bytes)
162 1092   !   3       sun.reflect.annotation.AnnotationParser::parseAnnotation2 (275 bytes)
162 1095       4       jdk.jfr.EventSettings$InternalAccess::getType (98 bytes)
162 1086       3       java.lang.Class::getMethod0 (32 bytes)
162 1090       3       java.lang.WeakPairMap$Pair::hashCode (10 bytes)
162 1089       3       java.lang.StringLatin1::indexOf (25 bytes)
162 1093       3       java.lang.WeakPairMap$Pair::lookup (10 bytes)
163 1099       3       java.lang.PublicMethods$MethodList::filter (104 bytes)
163 1097       3       java.lang.Class::privateGetDeclaredMethods (56 bytes)
163 1096       3       java.lang.PublicMethods$MethodList::<init> (10 bytes)
163 1094       3       java.lang.Module::implIsExportedOrOpen (92 bytes)
163 1091       1       java.util.Collections$EmptyMap::get (2 bytes)
163 1101       3       java.lang.invoke.Invokers$Holder::invokeExact_MT (23 bytes)
163 1102       3       java.lang.invoke.Invokers::checkExactType (17 bytes)
163 1108       4       java.util.Collections$UnmodifiableCollection$1::hasNext (10 bytes)
164 1103       3       java.lang.invoke.Invokers::checkCustomized (23 bytes)
164 1110       4       java.lang.Iterable::forEach (39 bytes)
164 1104       3       java.lang.invoke.Invokers::maybeCustomize (5 bytes)
164 1105       3       java.lang.invoke.MethodHandle::maybeCustomize (38 bytes)
164  626       3       java.util.Collections$UnmodifiableCollection$1::hasNext (10 bytes)   made not entrant: not used
164 1100       3       java.lang.WeakPairMap::get (17 bytes)
164 1109       3       java.lang.WeakPairMap$Pair$Lookup::hashCode (12 bytes)
164 1111       3       java.lang.WeakPairMap$Pair::equals (34 bytes)
164 1098       1       java.lang.reflect.Field::getType (5 bytes)
164 1112       3       java.lang.WeakPairMap$Pair$Lookup::equals (31 bytes)
164 1106       1       java.lang.reflect.Field::getModifiers (5 bytes)
164 1114       3       java.util.ArrayList::fastRemove (44 bytes)
165 1116       3       sun.reflect.generics.parser.SignatureParser::mark (9 bytes)
165 1117       3       sun.reflect.generics.parser.SignatureParser::markToCurrent (16 bytes)
165 1107       1       java.lang.reflect.Field::getName (5 bytes)
165 1118       3       sun.reflect.generics.tree.SimpleClassTypeSignature::make (11 bytes)
165 1119       3       sun.reflect.generics.tree.SimpleClassTypeSignature::<init> (20 bytes)
165 1113       3       java.lang.invoke.LambdaForm$MH/0x00000fff01041000::invoke (35 bytes)
165 1124       4       java.lang.reflect.Method::getParameterCount (6 bytes)
165 1120       3       sun.reflect.generics.tree.ClassTypeSignature::accept (8 bytes)
165 1121       3       java.lang.Module::isExplicitlyExportedOrOpened (70 bytes)
165  862       3       java.lang.reflect.Method::getParameterCount (6 bytes)   made not entrant: not used
165 1115       3       java.lang.reflect.Modifier::isPrivate (12 bytes)
165 1127       3       java.lang.Class::getAnnotation (22 bytes)
165 1123       3       java.lang.Module::isReflectivelyExportedOrOpened (182 bytes)
166  939       3       java.lang.Iterable::forEach (39 bytes)   made not entrant: not used
166 1132       3       sun.reflect.generics.parser.SignatureParser::parsePackageNameAndSimpleClassTypeSignature (119 bytes)
166 1131       3       java.util.ArrayList::indexOfRange (71 bytes)
166 1122       3       java.lang.WeakPairMap$Pair$Weak::first (5 bytes)
166 1125       3       jdk.jfr.internal.TypeLibrary$$Lambda/0x00000fff01072ec0::test (8 bytes)
166 1133       3       java.lang.WeakPairMap$Pair$Weak::second (8 bytes)
167 1126       3       java.lang.reflect.Proxy::newProxyInstance (17 bytes)
167 1136       4       java.util.ArrayDeque::add (7 bytes)
167 1128       3       java.lang.String::substring (10 bytes)
167 1134       3       jdk.internal.classfile.impl.ClassFileImpl::passDebugElements (23 bytes)
167 1135       3       java.lang.classfile.Attributes::code (4 bytes)
167 1129       3       java.util.ArrayList::contains (14 bytes)
167 1130       3       java.util.ArrayList::indexOf (11 bytes)
167 1138       4       jdk.internal.classfile.impl.SplitConstantPool::maybeCloneUtf8Entry (65 bytes)
167 1137       3       java.lang.classfile.CodeBuilder::exceptionCatch (29 bytes)
167 1140       4       jdk.internal.constant.MethodTypeDescImpl::parameterType (7 bytes)
167 1143       3       jdk.internal.classfile.impl.BufWriterImpl::cpIndexOrZero (21 bytes)
167  805       3       java.util.ArrayDeque::add (7 bytes)   made not entrant: not used
168  466       3       jdk.internal.constant.MethodTypeDescImpl::parameterType (7 bytes)   made not entrant: not used
168 1144       3       jdk.internal.reflect.ReflectionFactory::getExecutableSharedParameterTypes (11 bytes)
168 1145       3       java.lang.reflect.ReflectAccess::getExecutableSharedParameterTypes (5 bytes)
168 1146       3       java.lang.invoke.LambdaForm$MH/0x00000fff01040c00::invoke (25 bytes)
168 1147       3       java.lang.invoke.DirectMethodHandle$Holder::invokeSpecial (15 bytes)
168 1150       4       java.lang.Class::getName (18 bytes)
168 1139       3       jdk.internal.classfile.impl.BufWriterImpl::writeIndexOrZero (10 bytes)
168 1142       3       jdk.internal.classfile.impl.AbstractPoolEntry$Utf8EntryImpl::length (19 bytes)
168  455       3       java.lang.Class::getName (18 bytes)   made not entrant: not used
168 1151  s    3       jdk.jfr.internal.TypeLibrary::createAnnotation (103 bytes)
168  485       3       jdk.internal.classfile.impl.SplitConstantPool::maybeCloneUtf8Entry (65 bytes)   made not entrant: not used
169 1149       3       jdk.jfr.internal.TypeLibrary::isDefined (16 bytes)
169 1152       3       jdk.jfr.EventSettings$InternalAccess::newSettingDescriptor (13 bytes)
169 1154       1       java.lang.reflect.Field::getDeclaringClass (5 bytes)
169 1153       3       jdk.jfr.SettingDescriptor::<init> (59 bytes)
169 1155       3       java.lang.Module::isExported (18 bytes)
169 1148       1       java.util.Collections$SingletonList::size (2 bytes)
169 1156       3       java.lang.Class::getInterfaces (40 bytes)
169 1157   !   3       java.lang.reflect.Executable::declaredAnnotations (85 bytes)
170 1161       3       jdk.internal.loader.AbstractClassLoaderValue$Sub::hashCode (19 bytes)
170 1158       3       jdk.internal.misc.VM::isSystemDomainLoader (17 bytes)
170 1164       4       java.util.Arrays::copyOfRange (82 bytes)
170 1159       3       jdk.jfr.internal.TypeLibrary::defineType (110 bytes)
170 1105       3       java.lang.invoke.MethodHandle::maybeCustomize (38 bytes)   made not entrant: C1 deoptimize for patching
170 1165       4       jdk.internal.classfile.impl.SplitConstantPool::internalAdd (78 bytes)
170 1160       3       jdk.jfr.internal.Type::getField (68 bytes)
171 1162       3       jdk.internal.module.Modules::addExports (12 bytes)
171 1167       4       java.util.List::of (4 bytes)
171 1163       3       java.lang.System$1::addExports (7 bytes)
171  858       3       java.util.List::of (4 bytes)   made not entrant: not used
171 1141       1       jdk.internal.classfile.impl.UnboundAttribute$UnboundExceptionsAttribute::exceptions (5 bytes)
171  208       3       java.util.Arrays::copyOfRange (82 bytes)   made not entrant: not used
171 1168       3       java.lang.invoke.MethodType::genericMethodType (95 bytes)
171 1169       3       java.lang.invoke.MethodHandle::maybeCustomize (38 bytes)
171 1173       3       jdk.internal.classfile.impl.StackMapGenerator$Frame::getLocalRawInternal (13 bytes)
171 1170   !   3       jdk.proxy1.$Proxy6::annotationType (28 bytes)
172 1171       3       jdk.internal.classfile.impl.AbstractPoolEntry$FieldRefEntryImpl::<init> (12 bytes)
172 1176       3       java.lang.invoke.InnerClassLambdaMetafactory::classDesc (25 bytes)
172 1166       1       java.lang.invoke.LambdaForm$Name::index (5 bytes)
172 1172       1       java.lang.invoke.LambdaForm$BasicType::basicTypeKind (5 bytes)
172 1174       1       java.lang.classfile.ClassFile::latestMinorVersion (2 bytes)
172 1175       1       jdk.internal.classfile.impl.DirectClassBuilder::setFlags (6 bytes)
172 1177       3       java.util.HashMap::putMapEntries (170 bytes)
173 1180       3       jdk.jfr.internal.TypeLibrary::shouldPersist (21 bytes)
173 1178   !   3       java.lang.reflect.Field::declaredAnnotations (82 bytes)
173  764       4       jdk.internal.classfile.impl.ClassReaderImpl::entryByIndex (809 bytes)   made not entrant: uncommon trap
173 1181       3       jdk.internal.classfile.impl.ClassReaderImpl::skipAttributeHolder (113 bytes)
173 1183       3       sun.reflect.generics.visitor.Reifier::visitClassTypeSignature (381 bytes)
174 1189   !   3       jdk.internal.loader.AbstractClassLoaderValue::computeIfAbsent (113 bytes)
174 1191       4       java.util.ArrayList::iterator (9 bytes)
174 1192  s    3       jdk.jfr.internal.TypeLibrary::createAnnotationType (148 bytes)
174 1194       4       java.lang.Record::<init> (5 bytes)
175  556       3       java.util.ArrayList::iterator (9 bytes)   made not entrant: not used
175  383       3       java.lang.Record::<init> (5 bytes)   made not entrant: not used
175 1193       3       jdk.internal.classfile.impl.AbstractPoolEntry$Utf8EntryImpl::<init> (32 bytes)
175 1190       3       java.lang.Module::implAddExportsOrOpens (279 bytes)
176 1184       3       java.lang.StringBuilder::<init> (6 bytes)
176 1196     n 0       java.lang.invoke.MethodHandle::invokeBasic(I)V (native)   
176 1185       3       java.lang.AbstractStringBuilder::<init> (68 bytes)
176 1186       3       java.lang.StringBuilder::append (6 bytes)
176 1187   !   3       sun.reflect.generics.factory.CoreReflectionFactory::makeNamedType (21 bytes)
177 1188       3       sun.reflect.generics.factory.CoreReflectionFactory::getDeclsLoader (87 bytes)
177  349       3       jdk.internal.classfile.impl.SplitConstantPool::internalAdd (78 bytes)   made not entrant: not used
177  840       3       java.io.DataInputStream::readUTF (601 bytes)   made not entrant: marked for deoptimization
177 1182       3       jdk.internal.loader.AbstractClassLoaderValue::extractValue (17 bytes)
177 1179       3       sun.reflect.annotation.AnnotationParser::annotationForMap (28 bytes)
177 1198       3       java.lang.invoke.MemberName::getMethodOrFieldType (72 bytes)
177 1195       3       java.lang.Module::implAddExports (9 bytes)
177 1199     n 0       java.lang.invoke.MethodHandle::linkToSpecial(LL)J (native)   (static)
178 1197       1       jdk.internal.classfile.impl.AnnotationImpl::className (5 bytes)
178 1201       3       jdk.internal.classfile.impl.DirectCodeBuilder::processDeferredLabels (109 bytes)
178  811       3       jdk.internal.classfile.impl.StackCounter::next (68 bytes)   made not entrant: marked for deoptimization
178  950       3       jdk.jfr.internal.TypeLibrary::visitAnnotations (92 bytes)   made not entrant: marked for deoptimization
178 1200       3       jdk.internal.classfile.impl.Util::maxLocals (18 bytes)
178  920       3       java.util.Comparator$$Lambda/0x00000fff0106e070::compare (10 bytes)   made not entrant: marked for deoptimization
178  921       3       java.util.Comparator::lambda$comparingLong$6043328a$1 (18 bytes)   made not entrant: marked for deoptimization
178 1202       3       jdk.internal.classfile.impl.DirectCodeBuilder$4::<init> (16 bytes)
178 1203       3       jdk.internal.classfile.impl.DirectMethodBuilder::writeTo (33 bytes)
179 1204       3       jdk.internal.classfile.impl.DirectCodeBuilder$4::writeBody (243 bytes)
179 1205       3       jdk.internal.classfile.impl.ClassFileImpl::stackMapsWhenRequired (23 bytes)
179 1206       3       jdk.internal.classfile.impl.BufWriterImpl::bytecodeView (12 bytes)
179 1210       3       jdk.internal.classfile.impl.DirectCodeBuilder::buildContent (145 bytes)
180 1212       3       jdk.jfr.internal.Type::compareTo (9 bytes)
180 1213       3       jdk.jfr.internal.Type::compareTo (12 bytes)
180 1207       3       jdk.internal.classfile.impl.RawBytecodeHelper::of (10 bytes)
180 1211       1       jdk.jfr.internal.Type::isVisible (5 bytes)
180 1208       3       jdk.internal.classfile.impl.RawBytecodeHelper$CodeRange::<init> (15 bytes)
180 1209       1       java.lang.invoke.InfoFromMemberName::getReferenceKind (5 bytes)
180  980       4       java.lang.Long::valueOf (40 bytes)   made not entrant: uncommon trap
180 1214       3       jdk.internal.util.DecimalDigits::stringSize (55 bytes)
180 1216       4       java.lang.AbstractStringBuilder::needsNewBuffer (33 bytes)
180 1219       3       java.lang.Long::valueOf (40 bytes)
181 1222       4       java.lang.String::<init> (15 bytes)
181 1215       3       jdk.internal.util.DecimalDigits::uncheckedGetCharsLatin1 (160 bytes)
181  241       3       java.lang.String::<init> (15 bytes)   made not entrant: not used
181 1218       3       jdk.internal.util.DecimalDigits::uncheckedPutPairLatin1 (31 bytes)
181  157       3       java.lang.AbstractStringBuilder::needsNewBuffer (33 bytes)   made not entrant: not used
181 1220       3       java.lang.String::valueOf (15 bytes)
181 1221       3       jdk.jfr.internal.MetadataDescriptor$Element::addAttribute (23 bytes)
181 1223       3       jdk.jfr.internal.MetadataDescriptor$Attribute::<init> (15 bytes)
181 1224       3       java.lang.Long::toString (55 bytes)
181 1217       3       java.lang.Boolean::toString (8 bytes)
181 1225       3       jdk.jfr.internal.MetadataDescriptor$Element::<init> (32 bytes)
181 1229       4       jdk.jfr.AnnotationElement::getTypeId (8 bytes)
181 1230       3       jdk.jfr.internal.MetadataWriter::makeAnnotation (115 bytes)
182 1013       3       jdk.jfr.AnnotationElement::getTypeId (8 bytes)   made not entrant: not used
182 1232       4       jdk.internal.util.DecimalDigits::uncheckedPutCharLatin1 (40 bytes)
182 1226       3       jdk.jfr.internal.MetadataDescriptor$Element::newChild (22 bytes)
182 1227       3       java.lang.Long::toString (8 bytes)
182 1027       3       jdk.internal.util.DecimalDigits::uncheckedPutCharLatin1 (40 bytes)   made not entrant: not used
182 1233       3       jdk.jfr.internal.MetadataWriter::makeFieldElement (114 bytes)
182 1238       4       java.util.Collections$UnmodifiableCollection$1::next (10 bytes)
182 1231       3       jdk.jfr.AnnotationElement::getValueDescriptors (11 bytes)
182 1239       4       java.lang.StringBuilder::append (8 bytes)
182 1228       1       jdk.jfr.ValueDescriptor::isConstantPool (5 bytes)
182 1240       4       jdk.jfr.internal.MetadataDescriptor$Element::addAttribute (23 bytes)
183 1241       3       jdk.internal.util.DecimalDigits::stringSize (47 bytes)
183  737       3       java.util.Collections$UnmodifiableCollection$1::next (10 bytes)   made not entrant: not used
183 1244       4       jdk.internal.util.DecimalDigits::uncheckedPutPairLatin1 (31 bytes)
183 1234       3       jdk.jfr.ValueDescriptor::getTypeId (8 bytes)
183 1218       3       jdk.internal.util.DecimalDigits::uncheckedPutPairLatin1 (31 bytes)   made not entrant: not used
183 1246       4       jdk.jfr.internal.Type::getFields (37 bytes)
183 1235       3       jdk.jfr.EventSettings$InternalAccess::isConstantPool (5 bytes)
183 1243       3       jdk.jfr.SettingDescriptor::getTypeId (8 bytes)
184  866       3       jdk.jfr.internal.Type::getFields (37 bytes)   made not entrant: not used
184 1248       4       java.util.Collections$UnmodifiableCollection::iterator (9 bytes)
184  200       3       java.lang.StringBuilder::append (8 bytes)   made not entrant: not used
184 1236       1       jdk.jfr.SettingDescriptor::getName (5 bytes)
184 1237       1       jdk.jfr.SettingDescriptor::getDefaultValue (5 bytes)
184 1245       3       java.lang.Boolean::valueOf (14 bytes)
184 1252       1       jdk.jfr.internal.MetadataDescriptor$Attribute::name (5 bytes)
184 1254       3       jdk.jfr.internal.MetadataWriter::buildStringPool (109 bytes)
184 1242       1       jdk.jfr.internal.Type::getSuperType (5 bytes)
184 1247       3       jdk.internal.util.DecimalDigits::uncheckedGetCharsLatin1 (105 bytes)
184 1251       3       java.util.ArrayList::elementAt (4 bytes)
184 1221       3       jdk.jfr.internal.MetadataDescriptor$Element::addAttribute (23 bytes)   made not entrant: not used
184  659       3       java.util.Collections$UnmodifiableCollection::iterator (9 bytes)   made not entrant: not used
184 1249       3       java.lang.StringBuilder::append (8 bytes)
185 1250       3       java.lang.AbstractStringBuilder::append (72 bytes)
185 1255       4       jdk.jfr.internal.MetadataWriter::buildStringPool (109 bytes)
185 1253       1       jdk.jfr.internal.MetadataDescriptor$Attribute::value (5 bytes)
185 1256  s    3       java.io.ByteArrayOutputStream::write (32 bytes)
185 1257       3       java.io.ByteArrayOutputStream::ensureCapacity (32 bytes)
185 1258       3       java.io.DataOutputStream::incCount (20 bytes)
185 1259  s    3       java.io.DataOutputStream::write (14 bytes)
185 1260       3       jdk.jfr.internal.MetadataWriter::writeInt (148 bytes)
185 1261       3       jdk.jfr.internal.MetadataWriter::writeString (67 bytes)
185 1264  s    4       java.io.ByteArrayOutputStream::write (32 bytes)
185 1265       4       java.io.DataOutputStream::incCount (20 bytes)
186 1263       3       java.lang.Integer::valueOf (32 bytes)
186 1269       3       java.io.DataOutputStream::writeByte (14 bytes)
186 1270       3       java.lang.Integer::<init> (10 bytes)
186 1262       1       jdk.jfr.internal.consumer.StringParser$Encoding::byteValue (5 bytes)
186 1256  s    3       java.io.ByteArrayOutputStream::write (32 bytes)   made not entrant: not used
186 1267       4       java.io.ByteArrayOutputStream::ensureCapacity (32 bytes)
186 1258       3       java.io.DataOutputStream::incCount (20 bytes)   made not entrant: not used
186 1266  s    4       java.io.DataOutputStream::write (14 bytes)
186 1257       3       java.io.ByteArrayOutputStream::ensureCapacity (32 bytes)   made not entrant: not used
186 1271       4       jdk.jfr.internal.MetadataWriter::writeString (67 bytes)
186 1264  s    4       java.io.ByteArrayOutputStream::write (32 bytes)   made not entrant: uncommon trap
187 1272  s    3       java.io.ByteArrayOutputStream::write (32 bytes)
187 1259  s    3       java.io.DataOutputStream::write (14 bytes)   made not entrant: not used
187 1268       4       jdk.jfr.internal.MetadataWriter::writeInt (148 bytes)
187 1274       1       java.lang.Integer::intValue (5 bytes)
187 1275       3       jdk.jfr.internal.MetadataWriter::write (168 bytes)
188 1266  s    4       java.io.DataOutputStream::write (14 bytes)   made not entrant: uncommon trap
188 1277  s    3       java.io.DataOutputStream::write (14 bytes)
189 1260       3       jdk.jfr.internal.MetadataWriter::writeInt (148 bytes)   made not entrant: not used
189 1279  s    4       java.io.DataOutputStream::write (14 bytes)
190 1261       3       jdk.jfr.internal.MetadataWriter::writeString (67 bytes)   made not entrant: not used
190 1278  s    4       java.io.ByteArrayOutputStream::write (32 bytes)
190 1280       3       java.util.HashMap::<init> (8 bytes)
190 1282       3       jdk.internal.util.ArraysSupport::mismatch (103 bytes)
191 1277  s    3       java.io.DataOutputStream::write (14 bytes)   made not entrant: not used
191 1276       4       java.util.LinkedHashMap::get (29 bytes)
191 1285       3       java.util.HashMap::tableSizeFor (32 bytes)
191 1283       3       java.lang.Float::isNaN (12 bytes)
191 1284       3       java.util.HashMap::<init> (98 bytes)
191 1272  s    3       java.io.ByteArrayOutputStream::write (32 bytes)   made not entrant: not used
191 1273       4       java.util.HashMap$HashIterator::hasNext (13 bytes)
191   91       3       java.util.HashMap$HashIterator::hasNext (13 bytes)   made not entrant: not used
191 1290       4       java.lang.StringLatin1::indexOf (121 bytes)
192 1286       3       java.lang.StrictMath::ceil (10 bytes)
192 1287       3       java.lang.StrictMath::floorOrCeil (128 bytes)
192 1299     n 0       jdk.jfr.internal.JVM::setEnabled (native)   (static)
192 1288       3       java.lang.Math::getExponent (17 bytes)
192 1281       3       java.lang.String::startsWith (123 bytes)
193 1289       3       java.util.HashMap::calculateHashMapCapacity (11 bytes)
193 1291       3       java.util.HashSet::<init> (17 bytes)
193 1295       1       jdk.jfr.internal.EventControl$NamedControl::name (5 bytes)
193 1296       1       jdk.jfr.internal.EventControl$NamedControl::control (5 bytes)
193 1294       1       jdk.jfr.internal.SettingsManager$InternalSetting::getSettingsId (5 bytes)
193 1297       1       jdk.jfr.internal.Control::getLastValue (5 bytes)
193 1304     n 0       jdk.jfr.internal.JVM::getConfiguration (native)   (static)
193 1292       3       java.util.HashSet::newHashSet (43 bytes)
193  893       3       java.util.LinkedHashMap::get (29 bytes)   made not entrant: not used
194 1293       3       jdk.jfr.internal.SettingsManager$InternalSetting::addToMap (43 bytes)
194 1305       3       jdk.internal.misc.Unsafe::putByte (8 bytes)
194 1306       3       jdk.jfr.internal.event.EventWriter::putUncheckedByte (22 bytes)
194 1307       3       jdk.jfr.internal.event.EventWriter::putUncheckedLong (278 bytes)
194 1313     n 0       jdk.jfr.internal.JVM::getEventWriter (native)   (static)
194 1316     n 0       jdk.jfr.internal.JVM::commit (native)   (static)
194 1309       3       jdk.jfr.internal.event.EventWriter::putUncheckedChar (7 bytes)
194 1310       3       jdk.jfr.internal.event.EventWriter::isValidForSize (44 bytes)
194 1308       1       jdk.jfr.internal.event.EventConfiguration::platformEventType (5 bytes)
194 1298       1       jdk.jfr.internal.settings.BooleanSetting::getValue (5 bytes)
194 1317       3       jdk.jfr.internal.event.EventWriter::putLong (15 bytes)
194 1319       4       jdk.jfr.internal.event.EventWriter::putUncheckedByte (22 bytes)
194 1320       3       jdk.jfr.internal.Control::isType (17 bytes)
194 1306       3       jdk.jfr.internal.event.EventWriter::putUncheckedByte (22 bytes)   made not entrant: not used
195 1322       4       jdk.jfr.internal.event.EventWriter::putUncheckedLong (278 bytes)
195 1321       3       jdk.jfr.internal.event.EventWriter::putStringValue (56 bytes)
195 1307       3       jdk.jfr.internal.event.EventWriter::putUncheckedLong (278 bytes)   made not entrant: not used
195 1323       3       jdk.jfr.internal.event.EventWriter::putString (84 bytes)
196 1324       3       jdk.jfr.internal.event.EventWriter::putUncheckedInt (11 bytes)
196 1312       1       jdk.jfr.internal.PlatformEventType::hasEventHook (5 bytes)
196 1022       3       java.lang.StringLatin1::indexOf (121 bytes)   made not entrant: not used
196 1311       1       jdk.jfr.internal.PlatformEventType::isCommittable (5 bytes)
196 1314       1       jdk.jfr.internal.event.EventConfiguration::id (5 bytes)
196 1315       1       jdk.jfr.internal.PlatformEventType::isLargeSize (5 bytes)
196 1300       1       jdk.jfr.internal.PlatformEventType::isEnabled (5 bytes)
196 1301       1       jdk.jfr.internal.EventControl::getEventType (5 bytes)
196 1318       1       jdk.jfr.internal.PlatformEventType::isRegistered (5 bytes)
196 1302       1       jdk.jfr.internal.EventControl::getSettingsId (5 bytes)
196 1303       1       jdk.jfr.internal.EventControl::getNamedControls (5 bytes)
196 1325       1       jdk.jfr.internal.periodic.EventTask::getEventType (5 bytes)
196 1326       3       jdk.jfr.internal.event.EventConfiguration::isEnabled (8 bytes)
197 1327 %     3       java.util.Properties$LineReader::readLine @ 224 (584 bytes)
198 1328     n 0       java.lang.ref.Reference::refersTo0 (native)   
198 1108       4       java.util.Collections$UnmodifiableCollection$1::hasNext (10 bytes)   made not entrant: uncommon trap
198 1238       4       java.util.Collections$UnmodifiableCollection$1::next (10 bytes)   made not entrant: uncommon trap
198 1329       4       java.util.Collections$UnmodifiableCollection$1::next (10 bytes)
[0.199s][info][jfr,startup] Started recording 1. No limit specified, using maxsize=250MB as default.
[0.199s][info][jfr,startup] 
[0.199s][info][jfr,startup] Use jcmd 9777 JFR.dump name=1 to copy recording data to file.
199 1330       3       jdk.jfr.internal.event.EventWriter::getEventWriter (14 bytes)
199  808       4       java.lang.StringLatin1::replace (197 bytes)   made not entrant: uncommon trap
199 1331       3       jdk.jfr.internal.event.EventWriter::beginEvent (70 bytes)
199 1334       1       jdk.jfr.internal.periodic.PeriodicTask::getPeriod (5 bytes)
199 1332       3       jdk.jfr.internal.event.EventWriter::reserveEventSizeField (60 bytes)
199 1333       3       jdk.jfr.internal.event.EventWriter::endEvent (134 bytes)
206 1335       3       Many::m0 (14 bytes)
206 1336       4       Many::m0 (14 bytes)
206 1335       3       Many::m0 (14 bytes)   made not entrant: not used
207 1337       3       Many::m1 (14 bytes)
207 1338       4       Many::m1 (14 bytes)
207 1337       3       Many::m1 (14 bytes)   made not entrant: not used
209 1339       3       Many::m2 (14 bytes)
209 1340       4       Many::m2 (14 bytes)
209 1339       3       Many::m2 (14 bytes)   made not entrant: not used
210 1341       3       Many::m3 (14 bytes)
210 1342       4       Many::m3 (14 bytes)
210 1341       3       Many::m3 (14 bytes)   made not entrant: not used
212 1343       3       Many::m4 (14 bytes)
212 1344       4       Many::m4 (14 bytes)
212 1343       3       Many::m4 (14 bytes)   made not entrant: not used
213 1345       3       Many::m5 (14 bytes)
213 1346       4       Many::m5 (14 bytes)
213 1345       3       Many::m5 (14 bytes)   made not entrant: not used
215 1347       3       Many::m6 (14 bytes)
215 1348       4       Many::m6 (14 bytes)
215 1347       3       Many::m6 (14 bytes)   made not entrant: not used
216 1349       3       Many::m7 (14 bytes)
216 1350       4       Many::m7 (14 bytes)
216 1349       3       Many::m7 (14 bytes)   made not entrant: not used
218 1351       3       Many::m8 (14 bytes)
218 1352       4       Many::m8 (14 bytes)
218 1351       3       Many::m8 (14 bytes)   made not entrant: not used
219 1353       3       Many::m9 (14 bytes)
219 1354       4       Many::m9 (14 bytes)
219 1353       3       Many::m9 (14 bytes)   made not entrant: not used
221 1355       3       Many::m10 (14 bytes)
221 1356       4       Many::m10 (14 bytes)
221 1355       3       Many::m10 (14 bytes)   made not entrant: not used
222 1357       3       Many::m11 (14 bytes)
222 1358       4       Many::m11 (14 bytes)
222 1357       3       Many::m11 (14 bytes)   made not entrant: not used
224 1359       3       Many::m12 (14 bytes)
224 1360       4       Many::m12 (14 bytes)
224 1359       3       Many::m12 (14 bytes)   made not entrant: not used
225 1361       3       Many::m13 (14 bytes)
225 1362       4       Many::m13 (14 bytes)
225 1361       3       Many::m13 (14 bytes)   made not entrant: not used
227 1363       3       Many::m14 (14 bytes)
227 1364       4       Many::m14 (14 bytes)
227 1363       3       Many::m14 (14 bytes)   made not entrant: not used
228 1365       3       Many::m15 (14 bytes)
228 1366       4       Many::m15 (14 bytes)
228 1365       3       Many::m15 (14 bytes)   made not entrant: not used
229 1367       3       Many::m16 (14 bytes)
230 1368       4       Many::m16 (14 bytes)
230 1367       3       Many::m16 (14 bytes)   made not entrant: not used
231 1369       3       Many::m17 (14 bytes)
231 1370       4       Many::m17 (14 bytes)
231 1369       3       Many::m17 (14 bytes)   made not entrant: not used
232 1371       3       Many::m18 (14 bytes)
232 1372       4       Many::m18 (14 bytes)
233 1371       3       Many::m18 (14 bytes)   made not entrant: not used
234 1373       3       Many::m19 (14 bytes)
234 1374       4       Many::m19 (14 bytes)
234 1373       3       Many::m19 (14 bytes)   made not entrant: not used
235 1375       3       Many::m20 (14 bytes)
235 1376       4       Many::m20 (14 bytes)
235 1375       3       Many::m20 (14 bytes)   made not entrant: not used
237 1377       3       Many::m21 (14 bytes)
237 1378       4       Many::m21 (14 bytes)
237 1377       3       Many::m21 (14 bytes)   made not entrant: not used
238 1379       3       Many::m22 (14 bytes)
238 1380       4       Many::m22 (14 bytes)
239 1379       3       Many::m22 (14 bytes)   made not entrant: not used
240 1381       3       Many::m23 (14 bytes)
240 1382       4       Many::m23 (14 bytes)
240 1381       3       Many::m23 (14 bytes)   made not entrant: not used
241 1254       3       jdk.jfr.internal.MetadataWriter::buildStringPool (109 bytes)   made not entrant: not used
241 1383       3       Many::m24 (14 bytes)
242 1384       4       Many::m24 (14 bytes)
242 1383       3       Many::m24 (14 bytes)   made not entrant: not used
243 1385       3       Many::m25 (14 bytes)
243 1386       4       Many::m25 (14 bytes)
243 1385       3       Many::m25 (14 bytes)   made not entrant: not used
244 1387       3       Many::m26 (14 bytes)
244 1388       4       Many::m26 (14 bytes)
245 1387       3       Many::m26 (14 bytes)   made not entrant: not used
246 1389       3       Many::m27 (14 bytes)
246 1390       4       Many::m27 (14 bytes)
246 1389       3       Many::m27 (14 bytes)   made not entrant: not used
247 1391       3       Many::m28 (14 bytes)
247 1392       4       Many::m28 (14 bytes)
247 1391       3       Many::m28 (14 bytes)   made not entrant: not used
249 1393       3       Many::m29 (14 bytes)
249 1394       4       Many::m29 (14 bytes)
249 1393       3       Many::m29 (14 bytes)   made not entrant: not used
250 1395       3       Many::m30 (14 bytes)
250 1396       4       Many::m30 (14 bytes)
250 1395       3       Many::m30 (14 bytes)   made not entrant: not used
251 1397       3       Many::m31 (14 bytes)
252 1398       4       Many::m31 (14 bytes)
252 1397       3       Many::m31 (14 bytes)   made not entrant: not used
253 1399       3       Many::m32 (14 bytes)
253 1400       4       Many::m32 (14 bytes)
253 1399       3       Many::m32 (14 bytes)   made not entrant: not used
254 1401       3       Many::m33 (14 bytes)
254 1402       4       Many::m33 (14 bytes)
255 1401       3       Many::m33 (14 bytes)   made not entrant: not used
256 1403       3       Many::m34 (14 bytes)
256 1404       4       Many::m34 (14 bytes)
256 1403       3       Many::m34 (14 bytes)   made not entrant: not used
257 1405       3       Many::m35 (14 bytes)
257 1406       4       Many::m35 (14 bytes)
258 1405       3       Many::m35 (14 bytes)   made not entrant: not used
259 1407       3       Many::m36 (14 bytes)
259 1408       4       Many::m36 (14 bytes)
259 1407       3       Many::m36 (14 bytes)   made not entrant: not used
260 1409       3       Many::m37 (14 bytes)
260 1410       4       Many::m37 (14 bytes)
260 1409       3       Many::m37 (14 bytes)   made not entrant: not used
262 1411       3       Many::m38 (14 bytes)
262 1412       4       Many::m38 (14 bytes)
262 1411       3       Many::m38 (14 bytes)   made not entrant: not used
263 1413       3       Many::m39 (14 bytes)
263 1414       4       Many::m39 (14 bytes)
263 1413       3       Many::m39 (14 bytes)   made not entrant: not used
265 1415       3       Many::m40 (14 bytes)
265 1416       4       Many::m40 (14 bytes)
265 1415       3       Many::m40 (14 bytes)   made not entrant: not used
266 1417       3       Many::m41 (14 bytes)
266 1418       4       Many::m41 (14 bytes)
266 1417       3       Many::m41 (14 bytes)   made not entrant: not used
268 1419       3       Many::m42 (14 bytes)
268 1420       4       Many::m42 (14 bytes)
268 1419       3       Many::m42 (14 bytes)   made not entrant: not used
269 1421       3       Many::m43 (14 bytes)
269 1422       4       Many::m43 (14 bytes)
269 1421       3       Many::m43 (14 bytes)   made not entrant: not used
270 1423       3       Many::m44 (14 bytes)
271 1424       4       Many::m44 (14 bytes)
271 1423       3       Many::m44 (14 bytes)   made not entrant: not used
272 1425       3       Many::m45 (14 bytes)
272 1426       4       Many::m45 (14 bytes)
272 1425       3       Many::m45 (14 bytes)   made not entrant: not used
273 1427       3       Many::m46 (14 bytes)
273 1428       4       Many::m46 (14 bytes)
274 1427       3       Many::m46 (14 bytes)   made not entrant: not used
275 1429       3       Many::m47 (14 bytes)
275 1430       4       Many::m47 (14 bytes)
275 1429       3       Many::m47 (14 bytes)   made not entrant: not used
276 1431       3       Many::m48 (14 bytes)
276 1432       4       Many::m48 (14 bytes)
276 1431       3       Many::m48 (14 bytes)   made not entrant: not used
278 1433       3       Many::m49 (14 bytes)
278 1434       4       Many::m49 (14 bytes)
278 1433       3       Many::m49 (14 bytes)   made not entrant: not used
279 1435       3       Many::m50 (14 bytes)
279 1436       4       Many::m50 (14 bytes)
279 1435       3       Many::m50 (14 bytes)   made not entrant: not used
281 1437       3       Many::m51 (14 bytes)
281 1438       4       Many::m51 (14 bytes)
281 1437       3       Many::m51 (14 bytes)   made not entrant: not used
282 1439       3       Many::m52 (14 bytes)
282 1440       4       Many::m52 (14 bytes)
282 1439       3       Many::m52 (14 bytes)   made not entrant: not used
283 1441       3       Many::m53 (14 bytes)
284 1442       4       Many::m53 (14 bytes)
284 1441       3       Many::m53 (14 bytes)   made not entrant: not used
285 1443       3       Many::m54 (14 bytes)
285 1444       4       Many::m54 (14 bytes)
285 1443       3       Many::m54 (14 bytes)   made not entrant: not used
286 1445       3       Many::m55 (14 bytes)
286 1446       4       Many::m55 (14 bytes)
287 1445       3       Many::m55 (14 bytes)   made not entrant: not used
288 1447       3       Many::m56 (14 bytes)
288 1448       4       Many::m56 (14 bytes)
288 1447       3       Many::m56 (14 bytes)   made not entrant: not used
289 1449       3       Many::m57 (14 bytes)
289 1450       4       Many::m57 (14 bytes)
289 1449       3       Many::m57 (14 bytes)   made not entrant: not used
291 1451       3       Many::m58 (14 bytes)
291 1452       4       Many::m58 (14 bytes)
291 1451       3       Many::m58 (14 bytes)   made not entrant: not used
292 1453       3       Many::m59 (14 bytes)
292 1454       4       Many::m59 (14 bytes)
292 1453       3       Many::m59 (14 bytes)   made not entrant: not used
294 1455       3       Many::m60 (14 bytes)
294 1456       4       Many::m60 (14 bytes)
294 1455       3       Many::m60 (14 bytes)   made not entrant: not used
295 1457       3       Many::m61 (14 bytes)
295 1458       4       Many::m61 (14 bytes)
295 1457       3       Many::m61 (14 bytes)   made not entrant: not used
296 1459       3       Many::m62 (14 bytes)
297 1460       4       Many::m62 (14 bytes)
297 1459       3       Many::m62 (14 bytes)   made not entrant: not used
298 1461       3       Many::m63 (14 bytes)
298 1462       4       Many::m63 (14 bytes)
298 1461       3       Many::m63 (14 bytes)   made not entrant: not used
299 1463       3       Many::m64 (14 bytes)
300 1464       4       Many::m64 (14 bytes)
300 1463       3       Many::m64 (14 bytes)   made not entrant: not used
301 1465       3       Many::m65 (14 bytes)
301 1466       4       Many::m65 (14 bytes)
301 1465       3       Many::m65 (14 bytes)   made not entrant: not used
302 1467       3       Many::m66 (14 bytes)
302 1468       4       Many::m66 (14 bytes)
302 1467       3       Many::m66 (14 bytes)   made not entrant: not used
304 1469       3       Many::m67 (14 bytes)
304 1470       4       Many::m67 (14 bytes)
304 1469       3       Many::m67 (14 bytes)   made not entrant: not used
305 1471       3       Many::m68 (14 bytes)
305 1472       4       Many::m68 (14 bytes)
305 1471       3       Many::m68 (14 bytes)   made not entrant: not used
307 1473       3       Many::m69 (14 bytes)
307 1474       4       Many::m69 (14 bytes)
307 1473       3       Many::m69 (14 bytes)   made not entrant: not used
308 1475       3       Many::m70 (14 bytes)
308 1476       4       Many::m70 (14 bytes)
308 1475       3       Many::m70 (14 bytes)   made not entrant: not used
310 1477       3       Many::m71 (14 bytes)
310 1478       4       Many::m71 (14 bytes)
310 1477       3       Many::m71 (14 bytes)   made not entrant: not used
311 1479       3       Many::m72 (14 bytes)
311 1480       4       Many::m72 (14 bytes)
311 1479       3       Many::m72 (14 bytes)   made not entrant: not used
312 1481       3       Many::m73 (14 bytes)
313 1482       4       Many::m73 (14 bytes)
313 1481       3       Many::m73 (14 bytes)   made not entrant: not used
314 1483       3       Many::m74 (14 bytes)
314 1484       4       Many::m74 (14 bytes)
314 1483       3       Many::m74 (14 bytes)   made not entrant: not used
315 1485       3       Many::m75 (14 bytes)
315 1486       4       Many::m75 (14 bytes)
316 1485       3       Many::m75 (14 bytes)   made not entrant: not used
317 1487       3       Many::m76 (14 bytes)
317 1488       4       Many::m76 (14 bytes)
317 1487       3       Many::m76 (14 bytes)   made not entrant: not used
318 1489       3       Many::m77 (14 bytes)
318 1490       4       Many::m77 (14 bytes)
318 1489       3       Many::m77 (14 bytes)   made not entrant: not used
320 1491       3       Many::m78 (14 bytes)
320 1492       4       Many::m78 (14 bytes)
320 1491       3       Many::m78 (14 bytes)   made not entrant: not used
321 1493       3       Many::m79 (14 bytes)
321 1494       4       Many::m79 (14 bytes)
321 1493       3       Many::m79 (14 bytes)   made not entrant: not used
323 1495       3       Many::m80 (14 bytes)
323 1496       4       Many::m80 (14 bytes)
323 1495       3       Many::m80 (14 bytes)   made not entrant: not used
324 1497       3       Many::m81 (14 bytes)
324 1498       4       Many::m81 (14 bytes)
324 1497       3       Many::m81 (14 bytes)   made not entrant: not used
325 1499       3       Many::m82 (14 bytes)
326 1500       4       Many::m82 (14 bytes)
326 1499       3       Many::m82 (14 bytes)   made not entrant: not used
327 1501       3       Many::m83 (14 bytes)
327 1502       4       Many::m83 (14 bytes)
327 1501       3       Many::m83 (14 bytes)   made not entrant: not used
328 1503       3       Many::m84 (14 bytes)
328 1504       4       Many::m84 (14 bytes)
329 1503       3       Many::m84 (14 bytes)   made not entrant: not used
330 1505       3       Many::m85 (14 bytes)
330 1506       4       Many::m85 (14 bytes)
330 1505       3       Many::m85 (14 bytes)   made not entrant: not used
331 1507       3       Many::m86 (14 bytes)
331 1508       4       Many::m86 (14 bytes)
331 1507       3       Many::m86 (14 bytes)   made not entrant: not used
333 1509       3       Many::m87 (14 bytes)
333 1510       4       Many::m87 (14 bytes)
333 1509       3       Many::m87 (14 bytes)   made not entrant: not used
334 1511       3       Many::m88 (14 bytes)
334 1512       4       Many::m88 (14 bytes)
334 1511       3       Many::m88 (14 bytes)   made not entrant: not used
335 1513       3       Many::m89 (14 bytes)
336 1514       4       Many::m89 (14 bytes)
336 1513       3       Many::m89 (14 bytes)   made not entrant: not used
337 1515       3       Many::m90 (14 bytes)
337 1516       4       Many::m90 (14 bytes)
337 1515       3       Many::m90 (14 bytes)   made not entrant: not used
338 1517       3       Many::m91 (14 bytes)
338 1518       4       Many::m91 (14 bytes)
339 1517       3       Many::m91 (14 bytes)   made not entrant: not used
340 1519       3       Many::m92 (14 bytes)
340 1520       4       Many::m92 (14 bytes)
340 1519       3       Many::m92 (14 bytes)   made not entrant: not used
341 1521       3       Many::m93 (14 bytes)
341 1522       4       Many::m93 (14 bytes)
342 1521       3       Many::m93 (14 bytes)   made not entrant: not used
343 1523       3       Many::m94 (14 bytes)
343 1524       4       Many::m94 (14 bytes)
343 1523       3       Many::m94 (14 bytes)   made not entrant: not used
344 1525       3       Many::m95 (14 bytes)
344 1526       4       Many::m95 (14 bytes)
344 1525       3       Many::m95 (14 bytes)   made not entrant: not used
346 1527       3       Many::m96 (14 bytes)
346 1528       4       Many::m96 (14 bytes)
346 1527       3       Many::m96 (14 bytes)   made not entrant: not used
347 1529       3       Many::m97 (14 bytes)
347 1530       4       Many::m97 (14 bytes)
347 1529       3       Many::m97 (14 bytes)   made not entrant: not used
349 1531       3       Many::m98 (14 bytes)
349 1532       4       Many::m98 (14 bytes)
349 1531       3       Many::m98 (14 bytes)   made not entrant: not used
350 1533       3       Many::m99 (14 bytes)
350 1534       4       Many::m99 (14 bytes)
350 1533       3       Many::m99 (14 bytes)   made not entrant: not used
351 1535       3       Many::m100 (14 bytes)
352 1536       4       Many::m100 (14 bytes)
352 1535       3       Many::m100 (14 bytes)   made not entrant: not used
353 1537       3       Many::m101 (14 bytes)
353 1538       4       Many::m101 (14 bytes)
353 1537       3       Many::m101 (14 bytes)   made not entrant: not used
354 1539       3       Many::m102 (14 bytes)
354 1540       4       Many::m102 (14 bytes)
355 1539       3       Many::m102 (14 bytes)   made not entrant: not used
356 1541       3       Many::m103 (14 bytes)
356 1542       4       Many::m103 (14 bytes)
356 1541       3       Many::m103 (14 bytes)   made not entrant: not used
357 1543       3       Many::m104 (14 bytes)
357 1544       4       Many::m104 (14 bytes)
357 1543       3       Many::m104 (14 bytes)   made not entrant: not used
359 1545       3       Many::m105 (14 bytes)
359 1546       4       Many::m105 (14 bytes)
359 1545       3       Many::m105 (14 bytes)   made not entrant: not used
360 1547       3       Many::m106 (14 bytes)
360 1548       4       Many::m106 (14 bytes)
360 1547       3       Many::m106 (14 bytes)   made not entrant: not used
362 1549       3       Many::m107 (14 bytes)
362 1550       4       Many::m107 (14 bytes)
362 1549       3       Many::m107 (14 bytes)   made not entrant: not used
363 1551       3       Many::m108 (14 bytes)
363 1552       4       Many::m108 (14 bytes)
363 1551       3       Many::m108 (14 bytes)   made not entrant: not used
365 1553       3       Many::m109 (14 bytes)
365 1554       4       Many::m109 (14 bytes)
365 1553       3       Many::m109 (14 bytes)   made not entrant: not used
366 1555       3       Many::m110 (14 bytes)
366 1556       4       Many::m110 (14 bytes)
366 1555       3       Many::m110 (14 bytes)   made not entrant: not used
367 1557       3       Many::m111 (14 bytes)
368 1558       4       Many::m111 (14 bytes)
368 1557       3       Many::m111 (14 bytes)   made not entrant: not used
369 1559       3       Many::m112 (14 bytes)
369 1560       4       Many::m112 (14 bytes)
369 1559       3       Many::m112 (14 bytes)   made not entrant: not used
370 1561       3       Many::m113 (14 bytes)
370 1562       4       Many::m113 (14 bytes)
370 1561       3       Many::m113 (14 bytes)   made not entrant: not used
372 1563       3       Many::m114 (14 bytes)
372 1564       4       Many::m114 (14 bytes)
372 1563       3       Many::m114 (14 bytes)   made not entrant: not used
373 1565       3       Many::m115 (14 bytes)
373 1566       4       Many::m115 (14 bytes)
374 1565       3       Many::m115 (14 bytes)   made not entrant: not used
375 1567       3       Many::m116 (14 bytes)
375 1568       4       Many::m116 (14 bytes)
375 1567       3       Many::m116 (14 bytes)   made not entrant: not used
376 1569       3       Many::m117 (14 bytes)
376 1570       4       Many::m117 (14 bytes)
376 1569       3       Many::m117 (14 bytes)   made not entrant: not used
378 1571       3       Many::m118 (14 bytes)
378 1572       4       Many::m118 (14 bytes)
378 1571       3       Many::m118 (14 bytes)   made not entrant: not used
379 1573       3       Many::m119 (14 bytes)
379 1574       4       Many::m119 (14 bytes)
379 1573       3       Many::m119 (14 bytes)   made not entrant: not used
381 1575       3       Many::m120 (14 bytes)
381 1576       4       Many::m120 (14 bytes)
381 1575       3       Many::m120 (14 bytes)   made not entrant: not used
382 1577       3       Many::m121 (14 bytes)
382 1578       4       Many::m121 (14 bytes)
382 1577       3       Many::m121 (14 bytes)   made not entrant: not used
383 1579       3       Many::m122 (14 bytes)
384 1580       4       Many::m122 (14 bytes)
384 1579       3       Many::m122 (14 bytes)   made not entrant: not used
385 1581       3       Many::m123 (14 bytes)
385 1582       4       Many::m123 (14 bytes)
385 1581       3       Many::m123 (14 bytes)   made not entrant: not used
386 1583       3       Many::m124 (14 bytes)
386 1584       4       Many::m124 (14 bytes)
387 1583       3       Many::m124 (14 bytes)   made not entrant: not used
388 1585       3       Many::m125 (14 bytes)
388 1586       4       Many::m125 (14 bytes)
388 1585       3       Many::m125 (14 bytes)   made not entrant: not used
389 1587       3       Many::m126 (14 bytes)
389 1588       4       Many::m126 (14 bytes)
390 1587       3       Many::m126 (14 bytes)   made not entrant: not used
391 1589       3       Many::m127 (14 bytes)
391 1590       4       Many::m127 (14 bytes)
391 1589       3       Many::m127 (14 bytes)   made not entrant: not used
392 1591       3       Many::m128 (14 bytes)
392 1592       4       Many::m128 (14 bytes)
392 1591       3       Many::m128 (14 bytes)   made not entrant: not used
394 1593       3       Many::m129 (14 bytes)
394 1594       4       Many::m129 (14 bytes)
394 1593       3       Many::m129 (14 bytes)   made not entrant: not used
395 1595       3       Many::m130 (14 bytes)
395 1596       4       Many::m130 (14 bytes)
395 1595       3       Many::m130 (14 bytes)   made not entrant: not used
397 1597       3       Many::m131 (14 bytes)
397 1598       4       Many::m131 (14 bytes)
397 1597       3       Many::m131 (14 bytes)   made not entrant: not used
398 1599       3       Many::m132 (14 bytes)
398 1600       4       Many::m132 (14 bytes)
398 1599       3       Many::m132 (14 bytes)   made not entrant: not used
399 1601       3       Many::m133 (14 bytes)
399 1602       4       Many::m133 (14 bytes)
400 1601       3       Many::m133 (14 bytes)   made not entrant: not used
401 1603       3       Many::m134 (14 bytes)
401 1604       4       Many::m134 (14 bytes)
401 1603       3       Many::m134 (14 bytes)   made not entrant: not used
402 1605       3       Many::m135 (14 bytes)
402 1606       4       Many::m135 (14 bytes)
402 1605       3       Many::m135 (14 bytes)   made not entrant: not used
404 1607       3       Many::m136 (14 bytes)
404 1608       4       Many::m136 (14 bytes)
404 1607       3       Many::m136 (14 bytes)   made not entrant: not used
405 1609       3       Many::m137 (14 bytes)
405 1610       4       Many::m137 (14 bytes)
406 1609       3       Many::m137 (14 bytes)   made not entrant: not used
407 1611       3       Many::m138 (14 bytes)
407 1612       4       Many::m138 (14 bytes)
407 1611       3       Many::m138 (14 bytes)   made not entrant: not used
408 1613       3       Many::m139 (14 bytes)
408 1614       4       Many::m139 (14 bytes)
408 1613       3       Many::m139 (14 bytes)   made not entrant: not used
410 1615       3       Many::m140 (14 bytes)
410 1616       4       Many::m140 (14 bytes)
410 1615       3       Many::m140 (14 bytes)   made not entrant: not used
411 1617       3       Many::m141 (14 bytes)
411 1618       4       Many::m141 (14 bytes)
411 1617       3       Many::m141 (14 bytes)   made not entrant: not used
412 1619       3       Many::m142 (14 bytes)
413 1620       4       Many::m142 (14 bytes)
413 1619       3       Many::m142 (14 bytes)   made not entrant: not used
414 1621       3       Many::m143 (14 bytes)
414 1622       4       Many::m143 (14 bytes)
414 1621       3       Many::m143 (14 bytes)   made not entrant: not used
415 1623       3       Many::m144 (14 bytes)
415 1624       4       Many::m144 (14 bytes)
415 1623       3       Many::m144 (14 bytes)   made not entrant: not used
417 1625       3       Many::m145 (14 bytes)
417 1626       4       Many::m145 (14 bytes)
417 1625       3       Many::m145 (14 bytes)   made not entrant: not used
418 1627       3       Many::m146 (14 bytes)
418 1628       4       Many::m146 (14 bytes)
418 1627       3       Many::m146 (14 bytes)   made not entrant: not used
420 1629       3       Many::m147 (14 bytes)
420 1630       4       Many::m147 (14 bytes)
420 1629       3       Many::m147 (14 bytes)   made not entrant: not used
421 1631       3       Many::m148 (14 bytes)
421 1632       4       Many::m148 (14 bytes)
421 1631       3       Many::m148 (14 bytes)   made not entrant: not used
423 1633       3       Many::m149 (14 bytes)
423 1634       4       Many::m149 (14 bytes)
423 1633       3       Many::m149 (14 bytes)   made not entrant: not used
424 1635       3       Many::m150 (14 bytes)
424 1636       4       Many::m150 (14 bytes)
424 1635       3       Many::m150 (14 bytes)   made not entrant: not used
426 1637       3       Many::m151 (14 bytes)
426 1638       4       Many::m151 (14 bytes)
426 1637       3       Many::m151 (14 bytes)   made not entrant: not used
427 1639       3       Many::m152 (14 bytes)
427 1640       4       Many::m152 (14 bytes)
427 1639       3       Many::m152 (14 bytes)   made not entrant: not used
428 1641       3       Many::m153 (14 bytes)
429 1642       4       Many::m153 (14 bytes)
429 1641       3       Many::m153 (14 bytes)   made not entrant: not used
430 1643       3       Many::m154 (14 bytes)
430 1644       4       Many::m154 (14 bytes)
430 1643       3       Many::m154 (14 bytes)   made not entrant: not used
431 1645       3       Many::m155 (14 bytes)
431 1646       4       Many::m155 (14 bytes)
432 1645       3       Many::m155 (14 bytes)   made not entrant: not used
433 1647       3       Many::m156 (14 bytes)
433 1648       4       Many::m156 (14 bytes)
433 1647       3       Many::m156 (14 bytes)   made not entrant: not used
434 1649       3       Many::m157 (14 bytes)
434 1650       4       Many::m157 (14 bytes)
434 1649       3       Many::m157 (14 bytes)   made not entrant: not used
436 1651       3       Many::m158 (14 bytes)
436 1652       4       Many::m158 (14 bytes)
436 1651       3       Many::m158 (14 bytes)   made not entrant: not used
437 1653       3       Many::m159 (14 bytes)
437 1654       4       Many::m159 (14 bytes)
437 1653       3       Many::m159 (14 bytes)   made not entrant: not used
439 1655       3       Many::m160 (14 bytes)
439 1656       4       Many::m160 (14 bytes)
439 1655       3       Many::m160 (14 bytes)   made not entrant: not used
440 1657       3       Many::m161 (14 bytes)
440 1658       4       Many::m161 (14 bytes)
440 1657       3       Many::m161 (14 bytes)   made not entrant: not used
442 1659       3       Many::m162 (14 bytes)
442 1660       4       Many::m162 (14 bytes)
442 1659       3       Many::m162 (14 bytes)   made not entrant: not used
443 1661       3       Many::m163 (14 bytes)
443 1662       4       Many::m163 (14 bytes)
443 1661       3       Many::m163 (14 bytes)   made not entrant: not used
444 1663       3       Many::m164 (14 bytes)
445 1664       4       Many::m164 (14 bytes)
445 1663       3       Many::m164 (14 bytes)   made not entrant: not used
446 1665       3       Many::m165 (14 bytes)
446 1666       4       Many::m165 (14 bytes)
446 1665       3       Many::m165 (14 bytes)   made not entrant: not used
447 1667       3       Many::m166 (14 bytes)
447 1668       4       Many::m166 (14 bytes)
448 1667       3       Many::m166 (14 bytes)   made not entrant: not used
449 1669       3       Many::m167 (14 bytes)
449 1670       4       Many::m167 (14 bytes)
449 1669       3       Many::m167 (14 bytes)   made not entrant: not used
450 1671       3       Many::m168 (14 bytes)
450 1672       4       Many::m168 (14 bytes)
450 1671       3       Many::m168 (14 bytes)   made not entrant: not used
452 1673       3       Many::m169 (14 bytes)
452 1674       4       Many::m169 (14 bytes)
452 1673       3       Many::m169 (14 bytes)   made not entrant: not used
453 1675       3       Many::m170 (14 bytes)
453 1676       4       Many::m170 (14 bytes)
453 1675       3       Many::m170 (14 bytes)   made not entrant: not used
455 1677       3       Many::m171 (14 bytes)
455 1678       4       Many::m171 (14 bytes)
455 1677       3       Many::m171 (14 bytes)   made not entrant: not used
456 1679       3       Many::m172 (14 bytes)
456 1680       4       Many::m172 (14 bytes)
456 1679       3       Many::m172 (14 bytes)   made not entrant: not used
457 1681       3       Many::m173 (14 bytes)
458 1682       4       Many::m173 (14 bytes)
458 1681       3       Many::m173 (14 bytes)   made not entrant: not used
459 1683       3       Many::m174 (14 bytes)
459 1684       4       Many::m174 (14 bytes)
459 1683       3       Many::m174 (14 bytes)   made not entrant: not used
460 1685       3       Many::m175 (14 bytes)
460 1686       4       Many::m175 (14 bytes)
461 1685       3       Many::m175 (14 bytes)   made not entrant: not used
462 1687       3       Many::m176 (14 bytes)
462 1688       4       Many::m176 (14 bytes)
462 1687       3       Many::m176 (14 bytes)   made not entrant: not used
463 1689       3       Many::m177 (14 bytes)
463 1690       4       Many::m177 (14 bytes)
463 1689       3       Many::m177 (14 bytes)   made not entrant: not used
465 1691       3       Many::m178 (14 bytes)
465 1692       4       Many::m178 (14 bytes)
465 1691       3       Many::m178 (14 bytes)   made not entrant: not used
466 1693       3       Many::m179 (14 bytes)
466 1694       4       Many::m179 (14 bytes)
466 1693       3       Many::m179 (14 bytes)   made not entrant: not used
468 1695       3       Many::m180 (14 bytes)
468 1696       4       Many::m180 (14 bytes)
468 1695       3       Many::m180 (14 bytes)   made not entrant: not used
469 1697       3       Many::m181 (14 bytes)
469 1698       4       Many::m181 (14 bytes)
469 1697       3       Many::m181 (14 bytes)   made not entrant: not used
470 1699       3       Many::m182 (14 bytes)
471 1700       4       Many::m182 (14 bytes)
471 1699       3       Many::m182 (14 bytes)   made not entrant: not used
472 1701       3       Many::m183 (14 bytes)
472 1702       4       Many::m183 (14 bytes)
472 1701       3       Many::m183 (14 bytes)   made not entrant: not used
473 1703       3       Many::m184 (14 bytes)
473 1704       4       Many::m184 (14 bytes)
474 1703       3       Many::m184 (14 bytes)   made not entrant: not used
475 1705       3       Many::m185 (14 bytes)
475 1706       4       Many::m185 (14 bytes)
475 1705       3       Many::m185 (14 bytes)   made not entrant: not used
476 1707       3       Many::m186 (14 bytes)
476 1708       4       Many::m186 (14 bytes)
476 1707       3       Many::m186 (14 bytes)   made not entrant: not used
478 1709       3       Many::m187 (14 bytes)
478 1710       4       Many::m187 (14 bytes)
478 1709       3       Many::m187 (14 bytes)   made not entrant: not used
479 1711       3       Many::m188 (14 bytes)
479 1712       4       Many::m188 (14 bytes)
479 1711       3       Many::m188 (14 bytes)   made not entrant: not used
481 1713       3       Many::m189 (14 bytes)
481 1714       4       Many::m189 (14 bytes)
481 1713       3       Many::m189 (14 bytes)   made not entrant: not used
482 1715       3       Many::m190 (14 bytes)
482 1716       4       Many::m190 (14 bytes)
482 1715       3       Many::m190 (14 bytes)   made not entrant: not used
483 1717       3       Many::m191 (14 bytes)
484 1718       4       Many::m191 (14 bytes)
484 1717       3       Many::m191 (14 bytes)   made not entrant: not used
485 1719       3       Many::m192 (14 bytes)
485 1720       4       Many::m192 (14 bytes)
485 1719       3       Many::m192 (14 bytes)   made not entrant: not used
486 1721       3       Many::m193 (14 bytes)
486 1722       4       Many::m193 (14 bytes)
486 1721       3       Many::m193 (14 bytes)   made not entrant: not used
488 1723       3       Many::m194 (14 bytes)
488 1724       4       Many::m194 (14 bytes)
488 1723       3       Many::m194 (14 bytes)   made not entrant: not used
489 1725       3       Many::m195 (14 bytes)
489 1726       4       Many::m195 (14 bytes)
490 1725       3       Many::m195 (14 bytes)   made not entrant: not used
491 1727       3       Many::m196 (14 bytes)
491 1728       4       Many::m196 (14 bytes)
491 1727       3       Many::m196 (14 bytes)   made not entrant: not used
492 1729       3       Many::m197 (14 bytes)
492 1730       4       Many::m197 (14 bytes)
492 1729       3       Many::m197 (14 bytes)   made not entrant: not used
494 1731       3       Many::m198 (14 bytes)
494 1732       4       Many::m198 (14 bytes)
494 1731       3       Many::m198 (14 bytes)   made not entrant: not used
495 1733       3       Many::m199 (14 bytes)
495 1734       4       Many::m199 (14 bytes)
495 1733       3       Many::m199 (14 bytes)   made not entrant: not used
496 1735       3       Many::m200 (14 bytes)
497 1736       4       Many::m200 (14 bytes)
497 1735       3       Many::m200 (14 bytes)   made not entrant: not used
498 1737       3       Many::m201 (14 bytes)
498 1738       4       Many::m201 (14 bytes)
498 1737       3       Many::m201 (14 bytes)   made not entrant: not used
499 1739       3       Many::m202 (14 bytes)
500 1740       4       Many::m202 (14 bytes)
500 1739       3       Many::m202 (14 bytes)   made not entrant: not used
501 1741       3       Many::m203 (14 bytes)
501 1742       4       Many::m203 (14 bytes)
501 1741       3       Many::m203 (14 bytes)   made not entrant: not used
502 1743       3       Many::m204 (14 bytes)
502 1744       4       Many::m204 (14 bytes)
502 1743       3       Many::m204 (14 bytes)   made not entrant: not used
504 1745       3       Many::m205 (14 bytes)
504 1746       4       Many::m205 (14 bytes)
504 1745       3       Many::m205 (14 bytes)   made not entrant: not used
505 1747       3       Many::m206 (14 bytes)
505 1748       4       Many::m206 (14 bytes)
505 1747       3       Many::m206 (14 bytes)   made not entrant: not used
507 1749       3       Many::m207 (14 bytes)
507 1750       4       Many::m207 (14 bytes)
507 1749       3       Many::m207 (14 bytes)   made not entrant: not used
508 1751       3       Many::m208 (14 bytes)
508 1752       4       Many::m208 (14 bytes)
508 1751       3       Many::m208 (14 bytes)   made not entrant: not used
510 1753       3       Many::m209 (14 bytes)
510 1754       4       Many::m209 (14 bytes)
510 1753       3       Many::m209 (14 bytes)   made not entrant: not used
511 1755       3       Many::m210 (14 bytes)
511 1756       4       Many::m210 (14 bytes)
511 1755       3       Many::m210 (14 bytes)   made not entrant: not used
512 1757       3       Many::m211 (14 bytes)
513 1758       4       Many::m211 (14 bytes)
513 1757       3       Many::m211 (14 bytes)   made not entrant: not used
514 1759       3       Many::m212 (14 bytes)
514 1760       4       Many::m212 (14 bytes)
514 1759       3       Many::m212 (14 bytes)   made not entrant: not used
515 1761       3       Many::m213 (14 bytes)
515 1762       4       Many::m213 (14 bytes)
515 1761       3       Many::m213 (14 bytes)   made not entrant: not used
517 1763       3       Many::m214 (14 bytes)
517 1764       4       Many::m214 (14 bytes)
517 1763       3       Many::m214 (14 bytes)   made not entrant: not used
518 1765       3       Many::m215 (14 bytes)
518 1766       4       Many::m215 (14 bytes)
518 1765       3       Many::m215 (14 bytes)   made not entrant: not used
520 1767       3       Many::m216 (14 bytes)
520 1768       4       Many::m216 (14 bytes)
520 1767       3       Many::m216 (14 bytes)   made not entrant: not used
521 1769       3       Many::m217 (14 bytes)
521 1770       4       Many::m217 (14 bytes)
521 1769       3       Many::m217 (14 bytes)   made not entrant: not used
523 1771       3       Many::m218 (14 bytes)
523 1772       4       Many::m218 (14 bytes)
523 1771       3       Many::m218 (14 bytes)   made not entrant: not used
524 1773       3       Many::m219 (14 bytes)
524 1774       4       Many::m219 (14 bytes)
524 1773       3       Many::m219 (14 bytes)   made not entrant: not used
525 1775       3       Many::m220 (14 bytes)
525 1776       4       Many::m220 (14 bytes)
526 1775       3       Many::m220 (14 bytes)   made not entrant: not used
527 1777       3       Many::m221 (14 bytes)
527 1778       4       Many::m221 (14 bytes)
527 1777       3       Many::m221 (14 bytes)   made not entrant: not used
528 1779       3       Many::m222 (14 bytes)
528 1780       4       Many::m222 (14 bytes)
528 1779       3       Many::m222 (14 bytes)   made not entrant: not used
530 1781       3       Many::m223 (14 bytes)
530 1782       4       Many::m223 (14 bytes)
530 1781       3       Many::m223 (14 bytes)   made not entrant: not used
531 1783       3       Many::m224 (14 bytes)
531 1784       4       Many::m224 (14 bytes)
531 1783       3       Many::m224 (14 bytes)   made not entrant: not used
533 1785       3       Many::m225 (14 bytes)
533 1786       4       Many::m225 (14 bytes)
533 1785       3       Many::m225 (14 bytes)   made not entrant: not used
534 1787       3       Many::m226 (14 bytes)
534 1788       4       Many::m226 (14 bytes)
534 1787       3       Many::m226 (14 bytes)   made not entrant: not used
535 1789       3       Many::m227 (14 bytes)
536 1790       4       Many::m227 (14 bytes)
536 1789       3       Many::m227 (14 bytes)   made not entrant: not used
537 1791       3       Many::m228 (14 bytes)
537 1792       4       Many::m228 (14 bytes)
537 1791       3       Many::m228 (14 bytes)   made not entrant: not used
538 1793       3       Many::m229 (14 bytes)
538 1794       4       Many::m229 (14 bytes)
539 1793       3       Many::m229 (14 bytes)   made not entrant: not used
540 1795       3       Many::m230 (14 bytes)
540 1796       4       Many::m230 (14 bytes)
540 1795       3       Many::m230 (14 bytes)   made not entrant: not used
541 1797       3       Many::m231 (14 bytes)
541 1798       4       Many::m231 (14 bytes)
542 1797       3       Many::m231 (14 bytes)   made not entrant: not used
543 1799       3       Many::m232 (14 bytes)
543 1800       4       Many::m232 (14 bytes)
543 1799       3       Many::m232 (14 bytes)   made not entrant: not used
544 1801       3       Many::m233 (14 bytes)
544 1802       4       Many::m233 (14 bytes)
544 1801       3       Many::m233 (14 bytes)   made not entrant: not used
546 1803       3       Many::m234 (14 bytes)
546 1804       4       Many::m234 (14 bytes)
546 1803       3       Many::m234 (14 bytes)   made not entrant: not used
547 1805       3       Many::m235 (14 bytes)
547 1806       4       Many::m235 (14 bytes)
547 1805       3       Many::m235 (14 bytes)   made not entrant: not used
548 1807       3       Many::m236 (14 bytes)
548 1808       4       Many::m236 (14 bytes)
549 1807       3       Many::m236 (14 bytes)   made not entrant: not used
550 1809       3       Many::m237 (14 bytes)
550 1810       4       Many::m237 (14 bytes)
550 1809       3       Many::m237 (14 bytes)   made not entrant: not used
551 1811       3       Many::m238 (14 bytes)
551 1812       4       Many::m238 (14 bytes)
552 1811       3       Many::m238 (14 bytes)   made not entrant: not used
553 1813       3       Many::m239 (14 bytes)
553 1814       4       Many::m239 (14 bytes)
553 1813       3       Many::m239 (14 bytes)   made not entrant: not used
554 1815       3       Many::m240 (14 bytes)
554 1816       4       Many::m240 (14 bytes)
554 1815       3       Many::m240 (14 bytes)   made not entrant: not used
556 1817       3       Many::m241 (14 bytes)
556 1818       4       Many::m241 (14 bytes)
556 1817       3       Many::m241 (14 bytes)   made not entrant: not used
557 1819       3       Many::m242 (14 bytes)
557 1820       4       Many::m242 (14 bytes)
557 1819       3       Many::m242 (14 bytes)   made not entrant: not used
559 1821       3       Many::m243 (14 bytes)
559 1822       4       Many::m243 (14 bytes)
559 1821       3       Many::m243 (14 bytes)   made not entrant: not used
560 1823       3       Many::m244 (14 bytes)
560 1824       4       Many::m244 (14 bytes)
560 1823       3       Many::m244 (14 bytes)   made not entrant: not used
562 1825       3       Many::m245 (14 bytes)
562 1826       4       Many::m245 (14 bytes)
562 1825       3       Many::m245 (14 bytes)   made not entrant: not used
563 1827       3       Many::m246 (14 bytes)
563 1828       4       Many::m246 (14 bytes)
563 1827       3       Many::m246 (14 bytes)   made not entrant: not used
564 1829       3       Many::m247 (14 bytes)
565 1830       4       Many::m247 (14 bytes)
565 1829       3       Many::m247 (14 bytes)   made not entrant: not used
566 1831       3       Many::m248 (14 bytes)
566 1832       4       Many::m248 (14 bytes)
566 1831       3       Many::m248 (14 bytes)   made not entrant: not used
567 1833       3       Many::m249 (14 bytes)
567 1834       4       Many::m249 (14 bytes)
567 1833       3       Many::m249 (14 bytes)   made not entrant: not used
569 1835       3       Many::m250 (14 bytes)
569 1836       4       Many::m250 (14 bytes)
569 1835       3       Many::m250 (14 bytes)   made not entrant: not used
570 1837       3       Many::m251 (14 bytes)
570 1838       4       Many::m251 (14 bytes)
570 1837       3       Many::m251 (14 bytes)   made not entrant: not used
572 1839       3       Many::m252 (14 bytes)
572 1840       4       Many::m252 (14 bytes)
572 1839       3       Many::m252 (14 bytes)   made not entrant: not used
573 1841       3       Many::m253 (14 bytes)
573 1842       4       Many::m253 (14 bytes)
573 1841       3       Many::m253 (14 bytes)   made not entrant: not used
575 1843       3       Many::m254 (14 bytes)
575 1844       4       Many::m254 (14 bytes)
575 1843       3       Many::m254 (14 bytes)   made not entrant: not used
576 1845       3       Many::m255 (14 bytes)
576 1846       4       Many::m255 (14 bytes)
576 1845       3       Many::m255 (14 bytes)   made not entrant: not used
577 1847       3       Many::m256 (14 bytes)
578 1848       4       Many::m256 (14 bytes)
578 1847       3       Many::m256 (14 bytes)   made not entrant: not used
579 1849       3       Many::m257 (14 bytes)
579 1850       4       Many::m257 (14 bytes)
579 1849       3       Many::m257 (14 bytes)   made not entrant: not used
580 1851       3       Many::m258 (14 bytes)
580 1852       4       Many::m258 (14 bytes)
581 1851       3       Many::m258 (14 bytes)   made not entrant: not used
582 1853       3       Many::m259 (14 bytes)
582 1854       4       Many::m259 (14 bytes)
582 1853       3       Many::m259 (14 bytes)   made not entrant: not used
583 1855       3       Many::m260 (14 bytes)
583 1856       4       Many::m260 (14 bytes)
583 1855       3       Many::m260 (14 bytes)   made not entrant: not used
585 1857       3       Many::m261 (14 bytes)
585 1858       4       Many::m261 (14 bytes)
585 1857       3       Many::m261 (14 bytes)   made not entrant: not used
586 1859       3       Many::m262 (14 bytes)
586 1860       4       Many::m262 (14 bytes)
586 1859       3       Many::m262 (14 bytes)   made not entrant: not used
588 1861       3       Many::m263 (14 bytes)
588 1862       4       Many::m263 (14 bytes)
588 1861       3       Many::m263 (14 bytes)   made not entrant: not used
589 1863       3       Many::m264 (14 bytes)
589 1864       4       Many::m264 (14 bytes)
589 1863       3       Many::m264 (14 bytes)   made not entrant: not used
591 1865       3       Many::m265 (14 bytes)
591 1866       4       Many::m265 (14 bytes)
591 1865       3       Many::m265 (14 bytes)   made not entrant: not used
592 1867       3       Many::m266 (14 bytes)
592 1868       4       Many::m266 (14 bytes)
592 1867       3       Many::m266 (14 bytes)   made not entrant: not used
593 1869       3       Many::m267 (14 bytes)
594 1870       4       Many::m267 (14 bytes)
594 1869       3       Many::m267 (14 bytes)   made not entrant: not used
595 1871       3       Many::m268 (14 bytes)
595 1872       4       Many::m268 (14 bytes)
595 1871       3       Many::m268 (14 bytes)   made not entrant: not used
596 1873       3       Many::m269 (14 bytes)
596 1874       4       Many::m269 (14 bytes)
596 1873       3       Many::m269 (14 bytes)   made not entrant: not used
598 1875       3       Many::m270 (14 bytes)
598 1876       4       Many::m270 (14 bytes)
598 1875       3       Many::m270 (14 bytes)   made not entrant: not used
599 1877       3       Many::m271 (14 bytes)
599 1878       4       Many::m271 (14 bytes)
599 1877       3       Many::m271 (14 bytes)   made not entrant: not used
601 1879       3       Many::m272 (14 bytes)
601 1880       4       Many::m272 (14 bytes)
601 1879       3       Many::m272 (14 bytes)   made not entrant: not used
602 1881       3       Many::m273 (14 bytes)
602 1882       4       Many::m273 (14 bytes)
602 1881       3       Many::m273 (14 bytes)   made not entrant: not used
604 1883       3       Many::m274 (14 bytes)
604 1884       4       Many::m274 (14 bytes)
604 1883       3       Many::m274 (14 bytes)   made not entrant: not used
605 1885       3       Many::m275 (14 bytes)
605 1886       4       Many::m275 (14 bytes)
605 1885       3       Many::m275 (14 bytes)   made not entrant: not used
607 1887       3       Many::m276 (14 bytes)
607 1888       4       Many::m276 (14 bytes)
607 1887       3       Many::m276 (14 bytes)   made not entrant: not used
608 1889       3       Many::m277 (14 bytes)
608 1890       4       Many::m277 (14 bytes)
608 1889       3       Many::m277 (14 bytes)   made not entrant: not used
609 1891       3       Many::m278 (14 bytes)
610 1892       4       Many::m278 (14 bytes)
610 1891       3       Many::m278 (14 bytes)   made not entrant: not used
611 1893       3       Many::m279 (14 bytes)
611 1894       4       Many::m279 (14 bytes)
611 1893       3       Many::m279 (14 bytes)   made not entrant: not used
612 1895       3       Many::m280 (14 bytes)
612 1896       4       Many::m280 (14 bytes)
612 1895       3       Many::m280 (14 bytes)   made not entrant: not used
614 1897       3       Many::m281 (14 bytes)
614 1898       4       Many::m281 (14 bytes)
614 1897       3       Many::m281 (14 bytes)   made not entrant: not used
615 1899       3       Many::m282 (14 bytes)
615 1900       4       Many::m282 (14 bytes)
615 1899       3       Many::m282 (14 bytes)   made not entrant: not used
617 1901       3       Many::m283 (14 bytes)
617 1902       4       Many::m283 (14 bytes)
617 1901       3       Many::m283 (14 bytes)   made not entrant: not used
618 1903       3       Many::m284 (14 bytes)
618 1904       4       Many::m284 (14 bytes)
618 1903       3       Many::m284 (14 bytes)   made not entrant: not used
619 1905       3       Many::m285 (14 bytes)
620 1906       4       Many::m285 (14 bytes)
620 1905       3       Many::m285 (14 bytes)   made not entrant: not used
621 1907       3       Many::m286 (14 bytes)
621 1908       4       Many::m286 (14 bytes)
621 1907       3       Many::m286 (14 bytes)   made not entrant: not used
622 1909       3       Many::m287 (14 bytes)
623 1910       4       Many::m287 (14 bytes)
623 1909       3       Many::m287 (14 bytes)   made not entrant: not used
624 1911       3       Many::m288 (14 bytes)
624 1912       4       Many::m288 (14 bytes)
624 1911       3       Many::m288 (14 bytes)   made not entrant: not used
625 1913       3       Many::m289 (14 bytes)
625 1914       4       Many::m289 (14 bytes)
626 1913       3       Many::m289 (14 bytes)   made not entrant: not used
627 1915       3       Many::m290 (14 bytes)
627 1916       4       Many::m290 (14 bytes)
627 1915       3       Many::m290 (14 bytes)   made not entrant: not used
628 1917       3       Many::m291 (14 bytes)
628 1918       4       Many::m291 (14 bytes)
628 1917       3       Many::m291 (14 bytes)   made not entrant: not used
630 1919       3       Many::m292 (14 bytes)
630 1920       4       Many::m292 (14 bytes)
630 1919       3       Many::m292 (14 bytes)   made not entrant: not used
631 1921       3       Many::m293 (14 bytes)
631 1922       4       Many::m293 (14 bytes)
631 1921       3       Many::m293 (14 bytes)   made not entrant: not used
633 1923       3       Many::m294 (14 bytes)
633 1924       4       Many::m294 (14 bytes)
633 1923       3       Many::m294 (14 bytes)   made not entrant: not used
634 1925       3       Many::m295 (14 bytes)
634 1926       4       Many::m295 (14 bytes)
634 1925       3       Many::m295 (14 bytes)   made not entrant: not used
635 1927       3       Many::m296 (14 bytes)
636 1928       4       Many::m296 (14 bytes)
636 1927       3       Many::m296 (14 bytes)   made not entrant: not used
637 1929       3       Many::m297 (14 bytes)
637 1930       4       Many::m297 (14 bytes)
637 1929       3       Many::m297 (14 bytes)   made not entrant: not used
638 1931       3       Many::m298 (14 bytes)
638 1932       4       Many::m298 (14 bytes)
639 1931       3       Many::m298 (14 bytes)   made not entrant: not used
640 1933       3       Many::m299 (14 bytes)
640 1934       4       Many::m299 (14 bytes)
640 1933       3       Many::m299 (14 bytes)   made not entrant: not used
641 1935       3       Many::m300 (14 bytes)
641 1936       4       Many::m300 (14 bytes)
641 1935       3       Many::m300 (14 bytes)   made not entrant: not used
643 1937       3       Many::m301 (14 bytes)
643 1938       4       Many::m301 (14 bytes)
643 1937       3       Many::m301 (14 bytes)   made not entrant: not used
644 1939       3       Many::m302 (14 bytes)
644 1940       4       Many::m302 (14 bytes)
644 1939       3       Many::m302 (14 bytes)   made not entrant: not used
646 1941       3       Many::m303 (14 bytes)
646 1942       4       Many::m303 (14 bytes)
646 1941       3       Many::m303 (14 bytes)   made not entrant: not used
647 1943       3       Many::m304 (14 bytes)
647 1944       4       Many::m304 (14 bytes)
647 1943       3       Many::m304 (14 bytes)   made not entrant: not used
649 1945       3       Many::m305 (14 bytes)
649 1946       4       Many::m305 (14 bytes)
649 1945       3       Many::m305 (14 bytes)   made not entrant: not used
650 1947       3       Many::m306 (14 bytes)
650 1948       4       Many::m306 (14 bytes)
650 1947       3       Many::m306 (14 bytes)   made not entrant: not used
651 1949       3       Many::m307 (14 bytes)
652 1950       4       Many::m307 (14 bytes)
652 1949       3       Many::m307 (14 bytes)   made not entrant: not used
653 1951       3       Many::m308 (14 bytes)
653 1952       4       Many::m308 (14 bytes)
653 1951       3       Many::m308 (14 bytes)   made not entrant: not used
654 1953       3       Many::m309 (14 bytes)
654 1954       4       Many::m309 (14 bytes)
655 1953       3       Many::m309 (14 bytes)   made not entrant: not used
656 1955       3       Many::m310 (14 bytes)
656 1956       4       Many::m310 (14 bytes)
656 1955       3       Many::m310 (14 bytes)   made not entrant: not used
657 1957       3       Many::m311 (14 bytes)
657 1958       4       Many::m311 (14 bytes)
657 1957       3       Many::m311 (14 bytes)   made not entrant: not used
659 1959       3       Many::m312 (14 bytes)
659 1960       4       Many::m312 (14 bytes)
659 1959       3       Many::m312 (14 bytes)   made not entrant: not used
660 1961       3       Many::m313 (14 bytes)
660 1962       4       Many::m313 (14 bytes)
660 1961       3       Many::m313 (14 bytes)   made not entrant: not used
662 1963       3       Many::m314 (14 bytes)
662 1964       4       Many::m314 (14 bytes)
662 1963       3       Many::m314 (14 bytes)   made not entrant: not used
663 1965       3       Many::m315 (14 bytes)
663 1966       4       Many::m315 (14 bytes)
663 1965       3       Many::m315 (14 bytes)   made not entrant: not used
665 1967       3       Many::m316 (14 bytes)
665 1968       4       Many::m316 (14 bytes)
665 1967       3       Many::m316 (14 bytes)   made not entrant: not used
666 1969       3       Many::m317 (14 bytes)
666 1970       4       Many::m317 (14 bytes)
666 1969       3       Many::m317 (14 bytes)   made not entrant: not used
667 1971       3       Many::m318 (14 bytes)
667 1972       4       Many::m318 (14 bytes)
668 1971       3       Many::m318 (14 bytes)   made not entrant: not used
669 1973       3       Many::m319 (14 bytes)
669 1974       4       Many::m319 (14 bytes)
669 1973       3       Many::m319 (14 bytes)   made not entrant: not used
670 1975       3       Many::m320 (14 bytes)
670 1976       4       Many::m320 (14 bytes)
670 1975       3       Many::m320 (14 bytes)   made not entrant: not used
672 1977       3       Many::m321 (14 bytes)
672 1978       4       Many::m321 (14 bytes)
672 1977       3       Many::m321 (14 bytes)   made not entrant: not used
673 1979       3       Many::m322 (14 bytes)
673 1980       4       Many::m322 (14 bytes)
673 1979       3       Many::m322 (14 bytes)   made not entrant: not used
675 1981       3       Many::m323 (14 bytes)
675 1982       4       Many::m323 (14 bytes)
675 1981       3       Many::m323 (14 bytes)   made not entrant: not used
676 1983       3       Many::m324 (14 bytes)
676 1984       4       Many::m324 (14 bytes)
676 1983       3       Many::m324 (14 bytes)   made not entrant: not used
677 1985       3       Many::m325 (14 bytes)
678 1986       4       Many::m325 (14 bytes)
678 1985       3       Many::m325 (14 bytes)   made not entrant: not used
679 1987       3       Many::m326 (14 bytes)
679 1988       4       Many::m326 (14 bytes)
679 1987       3       Many::m326 (14 bytes)   made not entrant: not used
680 1989       3       Many::m327 (14 bytes)
680 1990       4       Many::m327 (14 bytes)
681 1989       3       Many::m327 (14 bytes)   made not entrant: not used
682 1991       3       Many::m328 (14 bytes)
682 1992       4       Many::m328 (14 bytes)
682 1991       3       Many::m328 (14 bytes)   made not entrant: not used
683 1993       3       Many::m329 (14 bytes)
683 1994       4       Many::m329 (14 bytes)
683 1993       3       Many::m329 (14 bytes)   made not entrant: not used
685 1995       3       Many::m330 (14 bytes)
685 1996       4       Many::m330 (14 bytes)
685 1995       3       Many::m330 (14 bytes)   made not entrant: not used
686 1997       3       Many::m331 (14 bytes)
686 1998       4       Many::m331 (14 bytes)
686 1997       3       Many::m331 (14 bytes)   made not entrant: not used
688 1999       3       Many::m332 (14 bytes)
688 2000       4       Many::m332 (14 bytes)
688 1999       3       Many::m332 (14 bytes)   made not entrant: not used
689 2001       3       Many::m333 (14 bytes)
689 2002       4       Many::m333 (14 bytes)
689 2001       3       Many::m333 (14 bytes)   made not entrant: not used
691 2003       3       Many::m334 (14 bytes)
691 2004       4       Many::m334 (14 bytes)
691 2003       3       Many::m334 (14 bytes)   made not entrant: not used
692 2005       3       Many::m335 (14 bytes)
692 2006       4       Many::m335 (14 bytes)
692 2005       3       Many::m335 (14 bytes)   made not entrant: not used
693 2007       3       Many::m336 (14 bytes)
693 2008       4       Many::m336 (14 bytes)
694 2007       3       Many::m336 (14 bytes)   made not entrant: not used
695 2009       3       Many::m337 (14 bytes)
695 2010       4       Many::m337 (14 bytes)
695 2009       3       Many::m337 (14 bytes)   made not entrant: not used
696 2011       3       Many::m338 (14 bytes)
696 2012       4       Many::m338 (14 bytes)
696 2011       3       Many::m338 (14 bytes)   made not entrant: not used
698 2013       3       Many::m339 (14 bytes)
698 2014       4       Many::m339 (14 bytes)
698 2013       3       Many::m339 (14 bytes)   made not entrant: not used
699 2015       3       Many::m340 (14 bytes)
699 2016       4       Many::m340 (14 bytes)
699 2015       3       Many::m340 (14 bytes)   made not entrant: not used
700 2017       3       Many::m341 (14 bytes)
701 2018       4       Many::m341 (14 bytes)
701 2017       3       Many::m341 (14 bytes)   made not entrant: not used
702 2019       3       Many::m342 (14 bytes)
702 2020       4       Many::m342 (14 bytes)
702 2019       3       Many::m342 (14 bytes)   made not entrant: not used
703 2021       3       Many::m343 (14 bytes)
703 2022       4       Many::m343 (14 bytes)
704 2021       3       Many::m343 (14 bytes)   made not entrant: not used
705 2023       3       Many::m344 (14 bytes)
705 2024       4       Many::m344 (14 bytes)
705 2023       3       Many::m344 (14 bytes)   made not entrant: not used
706 2025       3       Many::m345 (14 bytes)
707 2026       4       Many::m345 (14 bytes)
707 2025       3       Many::m345 (14 bytes)   made not entrant: not used
708 2027       3       Many::m346 (14 bytes)
708 2028       4       Many::m346 (14 bytes)
708 2027       3       Many::m346 (14 bytes)   made not entrant: not used
709 2029       3       Many::m347 (14 bytes)
709 2030       4       Many::m347 (14 bytes)
709 2029       3       Many::m347 (14 bytes)   made not entrant: not used
711 2031       3       Many::m348 (14 bytes)
711 2032       4       Many::m348 (14 bytes)
711 2031       3       Many::m348 (14 bytes)   made not entrant: not used
712 2033       3       Many::m349 (14 bytes)
712 2034       4       Many::m349 (14 bytes)
712 2033       3       Many::m349 (14 bytes)   made not entrant: not used
714 2035       3       Many::m350 (14 bytes)
714 2036       4       Many::m350 (14 bytes)
714 2035       3       Many::m350 (14 bytes)   made not entrant: not used
715 2037       3       Many::m351 (14 bytes)
715 2038       4       Many::m351 (14 bytes)
715 2037       3       Many::m351 (14 bytes)   made not entrant: not used
717 2039       3       Many::m352 (14 bytes)
717 2040       4       Many::m352 (14 bytes)
717 2039       3       Many::m352 (14 bytes)   made not entrant: not used
718 2041       3       Many::m353 (14 bytes)
718 2042       4       Many::m353 (14 bytes)
718 2041       3       Many::m353 (14 bytes)   made not entrant: not used
719 2043       3       Many::m354 (14 bytes)
720 2044       4       Many::m354 (14 bytes)
720 2043       3       Many::m354 (14 bytes)   made not entrant: not used
721 2045       3       Many::m355 (14 bytes)
721 2046       4       Many::m355 (14 bytes)
721 2045       3       Many::m355 (14 bytes)   made not entrant: not used
722 2047       3       Many::m356 (14 bytes)
723 2048       4       Many::m356 (14 bytes)
723 2047       3       Many::m356 (14 bytes)   made not entrant: not used
724 2049       3       Many::m357 (14 bytes)
724 2050       4       Many::m357 (14 bytes)
724 2049       3       Many::m357 (14 bytes)   made not entrant: not used
725 2051       3       Many::m358 (14 bytes)
726 2052       4       Many::m358 (14 bytes)
726 2051       3       Many::m358 (14 bytes)   made not entrant: not used
727 2053       3       Many::m359 (14 bytes)
727 2054       4       Many::m359 (14 bytes)
727 2053       3       Many::m359 (14 bytes)   made not entrant: not used
728 2055       3       Many::m360 (14 bytes)
729 2056       4       Many::m360 (14 bytes)
729 2055       3       Many::m360 (14 bytes)   made not entrant: not used
730 2057       3       Many::m361 (14 bytes)
730 2058       4       Many::m361 (14 bytes)
730 2057       3       Many::m361 (14 bytes)   made not entrant: not used
731 2059       3       Many::m362 (14 bytes)
731 2060       4       Many::m362 (14 bytes)
731 2059       3       Many::m362 (14 bytes)   made not entrant: not used
733 2061       3       Many::m363 (14 bytes)
733 2062       4       Many::m363 (14 bytes)
733 2061       3       Many::m363 (14 bytes)   made not entrant: not used
734 2063       3       Many::m364 (14 bytes)
734 2064       4       Many::m364 (14 bytes)
734 2063       3       Many::m364 (14 bytes)   made not entrant: not used
735 2065       3       Many::m365 (14 bytes)
736 2066       4       Many::m365 (14 bytes)
736 2065       3       Many::m365 (14 bytes)   made not entrant: not used
737 2067       3       Many::m366 (14 bytes)
737 2068       4       Many::m366 (14 bytes)
737 2067       3       Many::m366 (14 bytes)   made not entrant: not used
738 2069       3       Many::m367 (14 bytes)
738 2070       4       Many::m367 (14 bytes)
739 2069       3       Many::m367 (14 bytes)   made not entrant: not used
740 2071       3       Many::m368 (14 bytes)
740 2072       4       Many::m368 (14 bytes)
740 2071       3       Many::m368 (14 bytes)   made not entrant: not used
741 2073       3       Many::m369 (14 bytes)
741 2074       4       Many::m369 (14 bytes)
742 2073       3       Many::m369 (14 bytes)   made not entrant: not used
743 2075       3       Many::m370 (14 bytes)
743 2076       4       Many::m370 (14 bytes)
743 2075       3       Many::m370 (14 bytes)   made not entrant: not used
744 2077       3       Many::m371 (14 bytes)
744 2078       4       Many::m371 (14 bytes)
744 2077       3       Many::m371 (14 bytes)   made not entrant: not used
746 2079       3       Many::m372 (14 bytes)
746 2080       4       Many::m372 (14 bytes)
746 2079       3       Many::m372 (14 bytes)   made not entrant: not used
747 2081       3       Many::m373 (14 bytes)
747 2082       4       Many::m373 (14 bytes)
747 2081       3       Many::m373 (14 bytes)   made not entrant: not used
749 2083       3       Many::m374 (14 bytes)
749 2084       4       Many::m374 (14 bytes)
749 2083       3       Many::m374 (14 bytes)   made not entrant: not used
750 2085       3       Many::m375 (14 bytes)
750 2086       4       Many::m375 (14 bytes)
750 2085       3       Many::m375 (14 bytes)   made not entrant: not used
752 2087       3       Many::m376 (14 bytes)
752 2088       4       Many::m376 (14 bytes)
752 2087       3       Many::m376 (14 bytes)   made not entrant: not used
753 2089       3       Many::m377 (14 bytes)
753 2090       4       Many::m377 (14 bytes)
753 2089       3       Many::m377 (14 bytes)   made not entrant: not used
754 2091       3       Many::m378 (14 bytes)
755 2092       4       Many::m378 (14 bytes)
755 2091       3       Many::m378 (14 bytes)   made not entrant: not used
756 2093       3       Many::m379 (14 bytes)
756 2094       4       Many::m379 (14 bytes)
756 2093       3       Many::m379 (14 bytes)   made not entrant: not used
757 2095       3       Many::m380 (14 bytes)
758 2096       4       Many::m380 (14 bytes)
758 2095       3       Many::m380 (14 bytes)   made not entrant: not used
759 2097       3       Many::m381 (14 bytes)
759 2098       4       Many::m381 (14 bytes)
759 2097       3       Many::m381 (14 bytes)   made not entrant: not used
760 2099       3       Many::m382 (14 bytes)
760 2100       4       Many::m382 (14 bytes)
761 2099       3       Many::m382 (14 bytes)   made not entrant: not used
762 2101       3       Many::m383 (14 bytes)
762 2102       4       Many::m383 (14 bytes)
762 2101       3       Many::m383 (14 bytes)   made not entrant: not used
763 2103       3       Many::m384 (14 bytes)
763 2104       4       Many::m384 (14 bytes)
763 2103       3       Many::m384 (14 bytes)   made not entrant: not used
765 2105       3       Many::m385 (14 bytes)
765 2106       4       Many::m385 (14 bytes)
765 2105       3       Many::m385 (14 bytes)   made not entrant: not used
766 2107       3       Many::m386 (14 bytes)
766 2108       4       Many::m386 (14 bytes)
766 2107       3       Many::m386 (14 bytes)   made not entrant: not used
768 2109       3       Many::m387 (14 bytes)
768 2110       4       Many::m387 (14 bytes)
768 2109       3       Many::m387 (14 bytes)   made not entrant: not used
769 2111       3       Many::m388 (14 bytes)
769 2112       4       Many::m388 (14 bytes)
769 2111       3       Many::m388 (14 bytes)   made not entrant: not used
770 2113       3       Many::m389 (14 bytes)
771 2114       4       Many::m389 (14 bytes)
771 2113       3       Many::m389 (14 bytes)   made not entrant: not used
772 2115       3       Many::m390 (14 bytes)
772 2116       4       Many::m390 (14 bytes)
772 2115       3       Many::m390 (14 bytes)   made not entrant: not used
773 2117       3       Many::m391 (14 bytes)
774 2118       4       Many::m391 (14 bytes)
774 2117       3       Many::m391 (14 bytes)   made not entrant: not used
775 2119       3       Many::m392 (14 bytes)
775 2120       4       Many::m392 (14 bytes)
775 2119       3       Many::m392 (14 bytes)   made not entrant: not used
776 2121       3       Many::m393 (14 bytes)
776 2122       4       Many::m393 (14 bytes)
776 2121       3       Many::m393 (14 bytes)   made not entrant: not used
778 2123       3       Many::m394 (14 bytes)
778 2124       4       Many::m394 (14 bytes)
778 2123       3       Many::m394 (14 bytes)   made not entrant: not used
779 2125       3       Many::m395 (14 bytes)
779 2126       4       Many::m395 (14 bytes)
779 2125       3       Many::m395 (14 bytes)   made not entrant: not used
781 2127       3       Many::m396 (14 bytes)
781 2128       4       Many::m396 (14 bytes)
781 2127       3       Many::m396 (14 bytes)   made not entrant: not used
782 2129       3       Many::m397 (14 bytes)
782 2130       4       Many::m397 (14 bytes)
782 2129       3       Many::m397 (14 bytes)   made not entrant: not used
784 2131       3       Many::m398 (14 bytes)
784 2132       4       Many::m398 (14 bytes)
784 2131       3       Many::m398 (14 bytes)   made not entrant: not used
785 2133       3       Many::m399 (14 bytes)
785 2134       4       Many::m399 (14 bytes)
785 2133       3       Many::m399 (14 bytes)   made not entrant: not used
787 2135       3       Many::m400 (14 bytes)
787 2136       4       Many::m400 (14 bytes)
787 2135       3       Many::m400 (14 bytes)   made not entrant: not used
788 2137       3       Many::m401 (14 bytes)
788 2138       4       Many::m401 (14 bytes)
788 2137       3       Many::m401 (14 bytes)   made not entrant: not used
790 2139       3       Many::m402 (14 bytes)
790 2140       4       Many::m402 (14 bytes)
790 2139       3       Many::m402 (14 bytes)   made not entrant: not used
791 2141       3       Many::m403 (14 bytes)
791 2142       4       Many::m403 (14 bytes)
791 2141       3       Many::m403 (14 bytes)   made not entrant: not used
793 2143       3       Many::m404 (14 bytes)
793 2144       4       Many::m404 (14 bytes)
793 2143       3       Many::m404 (14 bytes)   made not entrant: not used
794 2145       3       Many::m405 (14 bytes)
794 2146       4       Many::m405 (14 bytes)
794 2145       3       Many::m405 (14 bytes)   made not entrant: not used
795 2147       3       Many::m406 (14 bytes)
795 2148       4       Many::m406 (14 bytes)
796 2147       3       Many::m406 (14 bytes)   made not entrant: not used
797 2149       3       Many::m407 (14 bytes)
797 2150       4       Many::m407 (14 bytes)
797 2149       3       Many::m407 (14 bytes)   made not entrant: not used
798 2151       3       Many::m408 (14 bytes)
798 2152       4       Many::m408 (14 bytes)
798 2151       3       Many::m408 (14 bytes)   made not entrant: not used
800 2153       3       Many::m409 (14 bytes)
800 2154       4       Many::m409 (14 bytes)
800 2153       3       Many::m409 (14 bytes)   made not entrant: not used
801 2155       3       Many::m410 (14 bytes)
801 2156       4       Many::m410 (14 bytes)
801 2155       3       Many::m410 (14 bytes)   made not entrant: not used
803 2157       3       Many::m411 (14 bytes)
803 2158       4       Many::m411 (14 bytes)
803 2157       3       Many::m411 (14 bytes)   made not entrant: not used
804 2159       3       Many::m412 (14 bytes)
804 2160       4       Many::m412 (14 bytes)
804 2159       3       Many::m412 (14 bytes)   made not entrant: not used
805 2161       3       Many::m413 (14 bytes)
806 2162       4       Many::m413 (14 bytes)
806 2161       3       Many::m413 (14 bytes)   made not entrant: not used
807 2163       3       Many::m414 (14 bytes)
807 2164       4       Many::m414 (14 bytes)
807 2163       3       Many::m414 (14 bytes)   made not entrant: not used
808 2165       3       Many::m415 (14 bytes)
808 2166       4       Many::m415 (14 bytes)
808 2165       3       Many::m415 (14 bytes)   made not entrant: not used
810 2167       3       Many::m416 (14 bytes)
810 2168       4       Many::m416 (14 bytes)
810 2167       3       Many::m416 (14 bytes)   made not entrant: not used
811 2169       3       Many::m417 (14 bytes)
811 2170       4       Many::m417 (14 bytes)
811 2169       3       Many::m417 (14 bytes)   made not entrant: not used
813 2171       3       Many::m418 (14 bytes)
813 2172       4       Many::m418 (14 bytes)
813 2171       3       Many::m418 (14 bytes)   made not entrant: not used
814 2173       3       Many::m419 (14 bytes)
814 2174       4       Many::m419 (14 bytes)
814 2173       3       Many::m419 (14 bytes)   made not entrant: not used
815 2175       3       Many::m420 (14 bytes)
815 2176       4       Many::m420 (14 bytes)
816 2175       3       Many::m420 (14 bytes)   made not entrant: not used
817 2177       3       Many::m421 (14 bytes)
817 2178       4       Many::m421 (14 bytes)
817 2177       3       Many::m421 (14 bytes)   made not entrant: not used
818 2179       3       Many::m422 (14 bytes)
818 2180       4       Many::m422 (14 bytes)
818 2179       3       Many::m422 (14 bytes)   made not entrant: not used
820 2181       3       Many::m423 (14 bytes)
820 2182       4       Many::m423 (14 bytes)
820 2181       3       Many::m423 (14 bytes)   made not entrant: not used
821 2183       3       Many::m424 (14 bytes)
821 2184       4       Many::m424 (14 bytes)
821 2183       3       Many::m424 (14 bytes)   made not entrant: not used
823 2185       3       Many::m425 (14 bytes)
823 2186       4       Many::m425 (14 bytes)
823 2185       3       Many::m425 (14 bytes)   made not entrant: not used
824 2187       3       Many::m426 (14 bytes)
824 2188       4       Many::m426 (14 bytes)
824 2187       3       Many::m426 (14 bytes)   made not entrant: not used
825 2189       3       Many::m427 (14 bytes)
826 2190       4       Many::m427 (14 bytes)
826 2189       3       Many::m427 (14 bytes)   made not entrant: not used
827 2191       3       Many::m428 (14 bytes)
827 2192       4       Many::m428 (14 bytes)
827 2191       3       Many::m428 (14 bytes)   made not entrant: not used
828 2193       3       Many::m429 (14 bytes)
828 2194       4       Many::m429 (14 bytes)
829 2193       3       Many::m429 (14 bytes)   made not entrant: not used
830 2195       3       Many::m430 (14 bytes)
830 2196       4       Many::m430 (14 bytes)
830 2195       3       Many::m430 (14 bytes)   made not entrant: not used
831 2197       3       Many::m431 (14 bytes)
831 2198       4       Many::m431 (14 bytes)
831 2197       3       Many::m431 (14 bytes)   made not entrant: not used
833 2199       3       Many::m432 (14 bytes)
833 2200       4       Many::m432 (14 bytes)
833 2199       3       Many::m432 (14 bytes)   made not entrant: not used
834 2201       3       Many::m433 (14 bytes)
834 2202       4       Many::m433 (14 bytes)
834 2201       3       Many::m433 (14 bytes)   made not entrant: not used
835 2203       3       Many::m434 (14 bytes)
836 2204       4       Many::m434 (14 bytes)
836 2203       3       Many::m434 (14 bytes)   made not entrant: not used
837 2205       3       Many::m435 (14 bytes)
837 2206       4       Many::m435 (14 bytes)
837 2205       3       Many::m435 (14 bytes)   made not entrant: not used
838 2207       3       Many::m436 (14 bytes)
838 2208       4       Many::m436 (14 bytes)
839 2207       3       Many::m436 (14 bytes)   made not entrant: not used
840 2209       3       Many::m437 (14 bytes)
840 2210       4       Many::m437 (14 bytes)
840 2209       3       Many::m437 (14 bytes)   made not entrant: not used
841 2211       3       Many::m438 (14 bytes)
841 2212       4       Many::m438 (14 bytes)
842 2211       3       Many::m438 (14 bytes)   made not entrant: not used
843 2213       3       Many::m439 (14 bytes)
843 2214       4       Many::m439 (14 bytes)
843 2213       3       Many::m439 (14 bytes)   made not entrant: not used
844 2215       3       Many::m440 (14 bytes)
844 2216       4       Many::m440 (14 bytes)
844 2215       3       Many::m440 (14 bytes)   made not entrant: not used
846 2217       3       Many::m441 (14 bytes)
846 2218       4       Many::m441 (14 bytes)
846 2217       3       Many::m441 (14 bytes)   made not entrant: not used
847 2219       3       Many::m442 (14 bytes)
847 2220       4       Many::m442 (14 bytes)
847 2219       3       Many::m442 (14 bytes)   made not entrant: not used
849 2221       3       Many::m443 (14 bytes)
849 2222       4       Many::m443 (14 bytes)
849 2221       3       Many::m443 (14 bytes)   made not entrant: not used
850 2223       3       Many::m444 (14 bytes)
850 2224       4       Many::m444 (14 bytes)
850 2223       3       Many::m444 (14 bytes)   made not entrant: not used
852 2225       3       Many::m445 (14 bytes)
852 2226       4       Many::m445 (14 bytes)
852 2225       3       Many::m445 (14 bytes)   made not entrant: not used
853 2227       3       Many::m446 (14 bytes)
853 2228       4       Many::m446 (14 bytes)
853 2227       3       Many::m446 (14 bytes)   made not entrant: not used
854 2229       3       Many::m447 (14 bytes)
855 2230       4       Many::m447 (14 bytes)
855 2229       3       Many::m447 (14 bytes)   made not entrant: not used
856 2231       3       Many::m448 (14 bytes)
856 2232       4       Many::m448 (14 bytes)
856 2231       3       Many::m448 (14 bytes)   made not entrant: not used
857 2233       3       Many::m449 (14 bytes)
858 2234       4       Many::m449 (14 bytes)
858 2233       3       Many::m449 (14 bytes)   made not entrant: not used
859 2235       3       Many::m450 (14 bytes)
859 2236       4       Many::m450 (14 bytes)
859 2235       3       Many::m450 (14 bytes)   made not entrant: not used
860 2237       3       Many::m451 (14 bytes)
861 2238       4       Many::m451 (14 bytes)
861 2237       3       Many::m451 (14 bytes)   made not entrant: not used
862 2239       3       Many::m452 (14 bytes)
862 2240       4       Many::m452 (14 bytes)
862 2239       3       Many::m452 (14 bytes)   made not entrant: not used
863 2241       3       Many::m453 (14 bytes)
863 2242       4       Many::m453 (14 bytes)
864 2241       3       Many::m453 (14 bytes)   made not entrant: not used
865 2243       3       Many::m454 (14 bytes)
865 2244       4       Many::m454 (14 bytes)
865 2243       3       Many::m454 (14 bytes)   made not entrant: not used
866 2245       3       Many::m455 (14 bytes)
866 2246       4       Many::m455 (14 bytes)
867 2245       3       Many::m455 (14 bytes)   made not entrant: not used
868 2247       3       Many::m456 (14 bytes)
868 2248       4       Many::m456 (14 bytes)
868 2247       3       Many::m456 (14 bytes)   made not entrant: not used
869 2249       3       Many::m457 (14 bytes)
869 2250       4       Many::m457 (14 bytes)
870 2249       3       Many::m457 (14 bytes)   made not entrant: not used
871 2251       3       Many::m458 (14 bytes)
871 2252       4       Many::m458 (14 bytes)
871 2251       3       Many::m458 (14 bytes)   made not entrant: not used
872 2253       3       Many::m459 (14 bytes)
872 2254       4       Many::m459 (14 bytes)
873 2253       3       Many::m459 (14 bytes)   made not entrant: not used
874 2255       3       Many::m460 (14 bytes)
874 2256       4       Many::m460 (14 bytes)
874 2255       3       Many::m460 (14 bytes)   made not entrant: not used
875 2257       3       Many::m461 (14 bytes)
875 2258       4       Many::m461 (14 bytes)
876 2257       3       Many::m461 (14 bytes)   made not entrant: not used
877 2259       3       Many::m462 (14 bytes)
877 2260       4       Many::m462 (14 bytes)
877 2259       3       Many::m462 (14 bytes)   made not entrant: not used
878 2261       3       Many::m463 (14 bytes)
878 2262       4       Many::m463 (14 bytes)
878 2261       3       Many::m463 (14 bytes)   made not entrant: not used
880 2263       3       Many::m464 (14 bytes)
880 2264       4       Many::m464 (14 bytes)
880 2263       3       Many::m464 (14 bytes)   made not entrant: not used
881 2265       3       Many::m465 (14 bytes)
881 2266       4       Many::m465 (14 bytes)
881 2265       3       Many::m465 (14 bytes)   made not entrant: not used
883 2267       3       Many::m466 (14 bytes)
883 2268       4       Many::m466 (14 bytes)
883 2267       3       Many::m466 (14 bytes)   made not entrant: not used
884 2269       3       Many::m467 (14 bytes)
884 2270       4       Many::m467 (14 bytes)
884 2269       3       Many::m467 (14 bytes)   made not entrant: not used
886 2271       3       Many::m468 (14 bytes)
886 2272       4       Many::m468 (14 bytes)
886 2271       3       Many::m468 (14 bytes)   made not entrant: not used
887 2273       3       Many::m469 (14 bytes)
887 2274       4       Many::m469 (14 bytes)
887 2273       3       Many::m469 (14 bytes)   made not entrant: not used
889 2275       3       Many::m470 (14 bytes)
889 2276       4       Many::m470 (14 bytes)
889 2275       3       Many::m470 (14 bytes)   made not entrant: not used
890 2277       3       Many::m471 (14 bytes)
890 2278       4       Many::m471 (14 bytes)
891 2277       3       Many::m471 (14 bytes)   made not entrant: not used
892 2279       3       Many::m472 (14 bytes)
892 2280       4       Many::m472 (14 bytes)
892 2279       3       Many::m472 (14 bytes)   made not entrant: not used
893 2281       3       Many::m473 (14 bytes)
893 2282       4       Many::m473 (14 bytes)
894 2281       3       Many::m473 (14 bytes)   made not entrant: not used
895 2283       3       Many::m474 (14 bytes)
895 2284       4       Many::m474 (14 bytes)
895 2283       3       Many::m474 (14 bytes)   made not entrant: not used
896 2285       3       Many::m475 (14 bytes)
896 2286       4       Many::m475 (14 bytes)
896 2285       3       Many::m475 (14 bytes)   made not entrant: not used
898 2287       3       Many::m476 (14 bytes)
898 2288       4       Many::m476 (14 bytes)
898 2287       3       Many::m476 (14 bytes)   made not entrant: not used
899 2289       3       Many::m477 (14 bytes)
899 2290       4       Many::m477 (14 bytes)
899 2289       3       Many::m477 (14 bytes)   made not entrant: not used
901 2291       3       Many::m478 (14 bytes)
901 2292       4       Many::m478 (14 bytes)
901 2291       3       Many::m478 (14 bytes)   made not entrant: not used
902 2293       3       Many::m479 (14 bytes)
902 2294       4       Many::m479 (14 bytes)
902 2293       3       Many::m479 (14 bytes)   made not entrant: not used
904 2295       3       Many::m480 (14 bytes)
904 2296       4       Many::m480 (14 bytes)
904 2295       3       Many::m480 (14 bytes)   made not entrant: not used
905 2297       3       Many::m481 (14 bytes)
905 2298       4       Many::m481 (14 bytes)
905 2297       3       Many::m481 (14 bytes)   made not entrant: not used
907 2299       3       Many::m482 (14 bytes)
907 2300       4       Many::m482 (14 bytes)
907 2299       3       Many::m482 (14 bytes)   made not entrant: not used
908 2301       3       Many::m483 (14 bytes)
908 2302       4       Many::m483 (14 bytes)
908 2301       3       Many::m483 (14 bytes)   made not entrant: not used
910 2303       3       Many::m484 (14 bytes)
910 2304       4       Many::m484 (14 bytes)
910 2303       3       Many::m484 (14 bytes)   made not entrant: not used
911 2305       3       Many::m485 (14 bytes)
911 2306       4       Many::m485 (14 bytes)
911 2305       3       Many::m485 (14 bytes)   made not entrant: not used
912 2307       3       Many::m486 (14 bytes)
913 2308       4       Many::m486 (14 bytes)
913 2307       3       Many::m486 (14 bytes)   made not entrant: not used
914 2309       3       Many::m487 (14 bytes)
914 2310       4       Many::m487 (14 bytes)
914 2309       3       Many::m487 (14 bytes)   made not entrant: not used
915 2311       3       Many::m488 (14 bytes)
915 2312       4       Many::m488 (14 bytes)
916 2311       3       Many::m488 (14 bytes)   made not entrant: not used
917 2313       3       Many::m489 (14 bytes)
917 2314       4       Many::m489 (14 bytes)
917 2313       3       Many::m489 (14 bytes)   made not entrant: not used
918 2315       3       Many::m490 (14 bytes)
918 2316       4       Many::m490 (14 bytes)
919 2315       3       Many::m490 (14 bytes)   made not entrant: not used
920 2317       3       Many::m491 (14 bytes)
920 2318       4       Many::m491 (14 bytes)
920 2317       3       Many::m491 (14 bytes)   made not entrant: not used
921 2319       3       Many::m492 (14 bytes)
921 2320       4       Many::m492 (14 bytes)
922 2319       3       Many::m492 (14 bytes)   made not entrant: not used
923 2321       3       Many::m493 (14 bytes)
923 2322       4       Many::m493 (14 bytes)
923 2321       3       Many::m493 (14 bytes)   made not entrant: not used
924 2323       3       Many::m494 (14 bytes)
925 2324       4       Many::m494 (14 bytes)
925 2323       3       Many::m494 (14 bytes)   made not entrant: not used
926 2325       3       Many::m495 (14 bytes)
926 2326       4       Many::m495 (14 bytes)
926 2325       3       Many::m495 (14 bytes)   made not entrant: not used
927 2327       3       Many::m496 (14 bytes)
928 2328       4       Many::m496 (14 bytes)
928 2327       3       Many::m496 (14 bytes)   made not entrant: not used
929 2329       3       Many::m497 (14 bytes)
929 2330       4       Many::m497 (14 bytes)
929 2329       3       Many::m497 (14 bytes)   made not entrant: not used
930 2331       3       Many::m498 (14 bytes)
931 2332       4       Many::m498 (14 bytes)
931 2331       3       Many::m498 (14 bytes)   made not entrant: not used
932 2333       3       Many::m499 (14 bytes)
932 2334       4       Many::m499 (14 bytes)
932 2333       3       Many::m499 (14 bytes)   made not entrant: not used
933 2335       3       Many::m500 (14 bytes)
934 2336       4       Many::m500 (14 bytes)
934 2335       3       Many::m500 (14 bytes)   made not entrant: not used
935 2337       3       Many::m501 (14 bytes)
935 2338       4       Many::m501 (14 bytes)
935 2337       3       Many::m501 (14 bytes)   made not entrant: not used
937 2339       3       Many::m502 (14 bytes)
937 2340       4       Many::m502 (14 bytes)
937 2339       3       Many::m502 (14 bytes)   made not entrant: not used
938 2341       3       Many::m503 (14 bytes)
938 2342       4       Many::m503 (14 bytes)
938 2341       3       Many::m503 (14 bytes)   made not entrant: not used
940 2343       3       Many::m504 (14 bytes)
940 2344       4       Many::m504 (14 bytes)
940 2343       3       Many::m504 (14 bytes)   made not entrant: not used
941 2345       3       Many::m505 (14 bytes)
941 2346       4       Many::m505 (14 bytes)
941 2345       3       Many::m505 (14 bytes)   made not entrant: not used
943 2347       3       Many::m506 (14 bytes)
943 2348       4       Many::m506 (14 bytes)
943 2347       3       Many::m506 (14 bytes)   made not entrant: not used
944 2349       3       Many::m507 (14 bytes)
944 2350       4       Many::m507 (14 bytes)
944 2349       3       Many::m507 (14 bytes)   made not entrant: not used
946 2351       3       Many::m508 (14 bytes)
946 2352       4       Many::m508 (14 bytes)
946 2351       3       Many::m508 (14 bytes)   made not entrant: not used
947 2353       3       Many::m509 (14 bytes)
947 2354       4       Many::m509 (14 bytes)
947 2353       3       Many::m509 (14 bytes)   made not entrant: not used
949 2355       3       Many::m510 (14 bytes)
949 2356       4       Many::m510 (14 bytes)
949 2355       3       Many::m510 (14 bytes)   made not entrant: not used
950 2357       3       Many::m511 (14 bytes)
950 2358       4       Many::m511 (14 bytes)
950 2357       3       Many::m511 (14 bytes)   made not entrant: not used
952 2359       3       Many::m512 (14 bytes)
952 2360       4       Many::m512 (14 bytes)
952 2359       3       Many::m512 (14 bytes)   made not entrant: not used
953 2361       3       Many::m513 (14 bytes)
953 2362       4       Many::m513 (14 bytes)
953 2361       3       Many::m513 (14 bytes)   made not entrant: not used
954 2363       3       Many::m514 (14 bytes)
955 2364       4       Many::m514 (14 bytes)
955 2363       3       Many::m514 (14 bytes)   made not entrant: not used
956 2365       3       Many::m515 (14 bytes)
956 2366       4       Many::m515 (14 bytes)
956 2365       3       Many::m515 (14 bytes)   made not entrant: not used
957 2367       3       Many::m516 (14 bytes)
958 2368       4       Many::m516 (14 bytes)
958 2367       3       Many::m516 (14 bytes)   made not entrant: not used
959 2369       3       Many::m517 (14 bytes)
959 2370       4       Many::m517 (14 bytes)
959 2369       3       Many::m517 (14 bytes)   made not entrant: not used
960 2371       3       Many::m518 (14 bytes)
960 2372       4       Many::m518 (14 bytes)
961 2371       3       Many::m518 (14 bytes)   made not entrant: not used
962 2373       3       Many::m519 (14 bytes)
962 2374       4       Many::m519 (14 bytes)
962 2373       3       Many::m519 (14 bytes)   made not entrant: not used
963 2375       3       Many::m520 (14 bytes)
963 2376       4       Many::m520 (14 bytes)
963 2375       3       Many::m520 (14 bytes)   made not entrant: not used
965 2377       3       Many::m521 (14 bytes)
965 2378       4       Many::m521 (14 bytes)
965 2377       3       Many::m521 (14 bytes)   made not entrant: not used
966 2379       3       Many::m522 (14 bytes)
966 2380       4       Many::m522 (14 bytes)
966 2379       3       Many::m522 (14 bytes)   made not entrant: not used
968 2381       3       Many::m523 (14 bytes)
968 2382       4       Many::m523 (14 bytes)
968 2381       3       Many::m523 (14 bytes)   made not entrant: not used
969 2383       3       Many::m524 (14 bytes)
969 2384       4       Many::m524 (14 bytes)
969 2383       3       Many::m524 (14 bytes)   made not entrant: not used
970 2385       3       Many::m525 (14 bytes)
971 2386       4       Many::m525 (14 bytes)
971 2385       3       Many::m525 (14 bytes)   made not entrant: not used
972 2387       3       Many::m526 (14 bytes)
972 2388       4       Many::m526 (14 bytes)
972 2387       3       Many::m526 (14 bytes)   made not entrant: not used
973 2389       3       Many::m527 (14 bytes)
974 2390       4       Many::m527 (14 bytes)
974 2389       3       Many::m527 (14 bytes)   made not entrant: not used
975 2391       3       Many::m528 (14 bytes)
975 2392       4       Many::m528 (14 bytes)
975 2391       3       Many::m528 (14 bytes)   made not entrant: not used
976 2393       3       Many::m529 (14 bytes)
976 2394       4       Many::m529 (14 bytes)
977 2393       3       Many::m529 (14 bytes)   made not entrant: not used
978 2395       3       Many::m530 (14 bytes)
978 2396       4       Many::m530 (14 bytes)
978 2395       3       Many::m530 (14 bytes)   made not entrant: not used
979 2397       3       Many::m531 (14 bytes)
979 2398       4       Many::m531 (14 bytes)
979 2397       3       Many::m531 (14 bytes)   made not entrant: not used
981 2399       3       Many::m532 (14 bytes)
981 2400       4       Many::m532 (14 bytes)
981 2399       3       Many::m532 (14 bytes)   made not entrant: not used
982 2401       3       Many::m533 (14 bytes)
982 2402       4       Many::m533 (14 bytes)
982 2401       3       Many::m533 (14 bytes)   made not entrant: not used
984 2403       3       Many::m534 (14 bytes)
984 2404       4       Many::m534 (14 bytes)
984 2403       3       Many::m534 (14 bytes)   made not entrant: not used
985 2405       3       Many::m535 (14 bytes)
985 2406       4       Many::m535 (14 bytes)
985 2405       3       Many::m535 (14 bytes)   made not entrant: not used
986 2407       3       Many::m536 (14 bytes)
987 2408       4       Many::m536 (14 bytes)
987 2407       3       Many::m536 (14 bytes)   made not entrant: not used
988 2409       3       Many::m537 (14 bytes)
988 2410       4       Many::m537 (14 bytes)
988 2409       3       Many::m537 (14 bytes)   made not entrant: not used
989 2411       3       Many::m538 (14 bytes)
990 2412       4       Many::m538 (14 bytes)
990 2411       3       Many::m538 (14 bytes)   made not entrant: not used
991 2413       3       Many::m539 (14 bytes)
991 2414       4       Many::m539 (14 bytes)
991 2413       3       Many::m539 (14 bytes)   made not entrant: not used
992 2415       3       Many::m540 (14 bytes)
992 2416       4       Many::m540 (14 bytes)
992 2415       3       Many::m540 (14 bytes)   made not entrant: not used
994 2417       3       Many::m541 (14 bytes)
994 2418       4       Many::m541 (14 bytes)
994 2417       3       Many::m541 (14 bytes)   made not entrant: not used
995 2419       3       Many::m542 (14 bytes)
995 2420       4       Many::m542 (14 bytes)
995 2419       3       Many::m542 (14 bytes)   made not entrant: not used
997 2421       3       Many::m543 (14 bytes)
997 2422       4       Many::m543 (14 bytes)
997 2421       3       Many::m543 (14 bytes)   made not entrant: not used
998 2423       3       Many::m544 (14 bytes)
998 2424       4       Many::m544 (14 bytes)
998 2423       3       Many::m544 (14 bytes)   made not entrant: not used
1000 2425       3       Many::m545 (14 bytes)
1000 2426       4       Many::m545 (14 bytes)
1000 2425       3       Many::m545 (14 bytes)   made not entrant: not used
1001 2427       3       Many::m546 (14 bytes)
1001 2428       4       Many::m546 (14 bytes)
1001 2427       3       Many::m546 (14 bytes)   made not entrant: not used
1002 2429       3       Many::m547 (14 bytes)
1003 2430       4       Many::m547 (14 bytes)
1003 2429       3       Many::m547 (14 bytes)   made not entrant: not used
1004 2431       3       Many::m548 (14 bytes)
1004 2432       4       Many::m548 (14 bytes)
1004 2431       3       Many::m548 (14 bytes)   made not entrant: not used
1005 2433       3       Many::m549 (14 bytes)
1006 2434       4       Many::m549 (14 bytes)
1006 2433       3       Many::m549 (14 bytes)   made not entrant: not used
1007 2435       3       Many::m550 (14 bytes)
1007 2436       4       Many::m550 (14 bytes)
1007 2435       3       Many::m550 (14 bytes)   made not entrant: not used
1008 2437       3       Many::m551 (14 bytes)
1008 2438       4       Many::m551 (14 bytes)
1009 2437       3       Many::m551 (14 bytes)   made not entrant: not used
1010 2439       3       Many::m552 (14 bytes)
1010 2440       4       Many::m552 (14 bytes)
1010 2439       3       Many::m552 (14 bytes)   made not entrant: not used
1011 2441       3       Many::m553 (14 bytes)
1011 2442       4       Many::m553 (14 bytes)
1012 2441       3       Many::m553 (14 bytes)   made not entrant: not used
1013 2443       3       Many::m554 (14 bytes)
1013 2444       4       Many::m554 (14 bytes)
1013 2443       3       Many::m554 (14 bytes)   made not entrant: not used
1014 2445       3       Many::m555 (14 bytes)
1014 2446       4       Many::m555 (14 bytes)
1014 2445       3       Many::m555 (14 bytes)   made not entrant: not used
1016 2447       3       Many::m556 (14 bytes)
1016 2448       4       Many::m556 (14 bytes)
1016 2447       3       Many::m556 (14 bytes)   made not entrant: not used
1017 2449       3       Many::m557 (14 bytes)
1017 2450       4       Many::m557 (14 bytes)
1017 2449       3       Many::m557 (14 bytes)   made not entrant: not used
1019 2451       3       Many::m558 (14 bytes)
1019 2452       4       Many::m558 (14 bytes)
1019 2451       3       Many::m558 (14 bytes)   made not entrant: not used
1020 2453       3       Many::m559 (14 bytes)
1020 2454       4       Many::m559 (14 bytes)
1020 2453       3       Many::m559 (14 bytes)   made not entrant: not used
1021 2455       3       Many::m560 (14 bytes)
1022 2456       4       Many::m560 (14 bytes)
1022 2455       3       Many::m560 (14 bytes)   made not entrant: not used
1023 2457       3       Many::m561 (14 bytes)
1023 2458       4       Many::m561 (14 bytes)
1023 2457       3       Many::m561 (14 bytes)   made not entrant: not used
1024 2459       3       Many::m562 (14 bytes)
1025 2460       4       Many::m562 (14 bytes)
1025 2459       3       Many::m562 (14 bytes)   made not entrant: not used
1026 2461       3       Many::m563 (14 bytes)
1026 2462       4       Many::m563 (14 bytes)
1026 2461       3       Many::m563 (14 bytes)   made not entrant: not used
1027 2463       3       Many::m564 (14 bytes)
1027 2464       4       Many::m564 (14 bytes)
1027 2463       3       Many::m564 (14 bytes)   made not entrant: not used
1029 2465       3       Many::m565 (14 bytes)
1029 2466       4       Many::m565 (14 bytes)
1029 2465       3       Many::m565 (14 bytes)   made not entrant: not used
1030 2467       3       Many::m566 (14 bytes)
1030 2468       4       Many::m566 (14 bytes)
1030 2467       3       Many::m566 (14 bytes)   made not entrant: not used
1032 2469       3       Many::m567 (14 bytes)
1032 2470       4       Many::m567 (14 bytes)
1032 2469       3       Many::m567 (14 bytes)   made not entrant: not used
1033 2471       3       Many::m568 (14 bytes)
1033 2472       4       Many::m568 (14 bytes)
1033 2471       3       Many::m568 (14 bytes)   made not entrant: not used
1035 2473       3       Many::m569 (14 bytes)
1035 2474       4       Many::m569 (14 bytes)
1035 2473       3       Many::m569 (14 bytes)   made not entrant: not used
1036 2475       3       Many::m570 (14 bytes)
1036 2476       4       Many::m570 (14 bytes)
1036 2475       3       Many::m570 (14 bytes)   made not entrant: not used
1037 2477       3       Many::m571 (14 bytes)
1037 2478       4       Many::m571 (14 bytes)
1038 2477       3       Many::m571 (14 bytes)   made not entrant: not used
1039 2479       3       Many::m572 (14 bytes)
1039 2480       4       Many::m572 (14 bytes)
1039 2479       3       Many::m572 (14 bytes)   made not entrant: not used
1040 2481       3       Many::m573 (14 bytes)
1040 2482       4       Many::m573 (14 bytes)
1040 2481       3       Many::m573 (14 bytes)   made not entrant: not used
1042 2483       3       Many::m574 (14 bytes)
1042 2484       4       Many::m574 (14 bytes)
1042 2483       3       Many::m574 (14 bytes)   made not entrant: not used
1043 2485       3       Many::m575 (14 bytes)
1043 2486       4       Many::m575 (14 bytes)
1043 2485       3       Many::m575 (14 bytes)   made not entrant: not used
1045 2487       3       Many::m576 (14 bytes)
1045 2488       4       Many::m576 (14 bytes)
1045 2487       3       Many::m576 (14 bytes)   made not entrant: not used
1046 2489       3       Many::m577 (14 bytes)
1046 2490       4       Many::m577 (14 bytes)
1046 2489       3       Many::m577 (14 bytes)   made not entrant: not used
1048 2491       3       Many::m578 (14 bytes)
1048 2492       4       Many::m578 (14 bytes)
1048 2491       3       Many::m578 (14 bytes)   made not entrant: not used
1049 2493       3       Many::m579 (14 bytes)
1049 2494       4       Many::m579 (14 bytes)
1049 2493       3       Many::m579 (14 bytes)   made not entrant: not used
1050 2495       3       Many::m580 (14 bytes)
1051 2496       4       Many::m580 (14 bytes)
1051 2495       3       Many::m580 (14 bytes)   made not entrant: not used
1052 2497       3       Many::m581 (14 bytes)
1052 2498       4       Many::m581 (14 bytes)
1052 2497       3       Many::m581 (14 bytes)   made not entrant: not used
1053 2499       3       Many::m582 (14 bytes)
1053 2500       4       Many::m582 (14 bytes)
1053 2499       3       Many::m582 (14 bytes)   made not entrant: not used
1055 2501       3       Many::m583 (14 bytes)
1055 2502       4       Many::m583 (14 bytes)
1055 2501       3       Many::m583 (14 bytes)   made not entrant: not used
1056 2503       3       Many::m584 (14 bytes)
1056 2504       4       Many::m584 (14 bytes)
1056 2503       3       Many::m584 (14 bytes)   made not entrant: not used
1058 2505       3       Many::m585 (14 bytes)
1058 2506       4       Many::m585 (14 bytes)
1058 2505       3       Many::m585 (14 bytes)   made not entrant: not used
1059 2507       3       Many::m586 (14 bytes)
1059 2508       4       Many::m586 (14 bytes)
1059 2507       3       Many::m586 (14 bytes)   made not entrant: not used
1061 2509       3       Many::m587 (14 bytes)
1061 2510       4       Many::m587 (14 bytes)
1061 2509       3       Many::m587 (14 bytes)   made not entrant: not used
1062 2511       3       Many::m588 (14 bytes)
1062 2512       4       Many::m588 (14 bytes)
1062 2511       3       Many::m588 (14 bytes)   made not entrant: not used
1064 2513       3       Many::m589 (14 bytes)
1064 2514       4       Many::m589 (14 bytes)
1064 2513       3       Many::m589 (14 bytes)   made not entrant: not used
1065 2515       3       Many::m590 (14 bytes)
1065 2516       4       Many::m590 (14 bytes)
1065 2515       3       Many::m590 (14 bytes)   made not entrant: not used
1066 2517       3       Many::m591 (14 bytes)
1067 2518       4       Many::m591 (14 bytes)
1067 2517       3       Many::m591 (14 bytes)   made not entrant: not used
1068 2519       3       Many::m592 (14 bytes)
1068 2520       4       Many::m592 (14 bytes)
1068 2519       3       Many::m592 (14 bytes)   made not entrant: not used
1069 2521       3       Many::m593 (14 bytes)
1069 2522       4       Many::m593 (14 bytes)
1069 2521       3       Many::m593 (14 bytes)   made not entrant: not used
1071 2523       3       Many::m594 (14 bytes)
1071 2524       4       Many::m594 (14 bytes)
1071 2523       3       Many::m594 (14 bytes)   made not entrant: not used
1072 2525       3       Many::m595 (14 bytes)
1073 2526       4       Many::m595 (14 bytes)
1073 2525       3       Many::m595 (14 bytes)   made not entrant: not used
1074 2527       3       Many::m596 (14 bytes)
1074 2528       4       Many::m596 (14 bytes)
1074 2527       3       Many::m596 (14 bytes)   made not entrant: not used
1075 2529       3       Many::m597 (14 bytes)
1075 2530       4       Many::m597 (14 bytes)
1075 2529       3       Many::m597 (14 bytes)   made not entrant: not used
1077 2531       3       Many::m598 (14 bytes)
1077 2532       4       Many::m598 (14 bytes)
1077 2531       3       Many::m598 (14 bytes)   made not entrant: not used
1078 2533       3       Many::m599 (14 bytes)
1078 2534       4       Many::m599 (14 bytes)
1078 2533       3       Many::m599 (14 bytes)   made not entrant: not used
1080 2535       3       Many::m600 (14 bytes)
1080 2536       4       Many::m600 (14 bytes)
1080 2535       3       Many::m600 (14 bytes)   made not entrant: not used
1081 2537       3       Many::m601 (14 bytes)
1081 2538       4       Many::m601 (14 bytes)
1081 2537       3       Many::m601 (14 bytes)   made not entrant: not used
1083 2539       3       Many::m602 (14 bytes)
1083 2540       4       Many::m602 (14 bytes)
1083 2539       3       Many::m602 (14 bytes)   made not entrant: not used
1084 2541       3       Many::m603 (14 bytes)
1084 2542       4       Many::m603 (14 bytes)
1084 2541       3       Many::m603 (14 bytes)   made not entrant: not used
1085 2543       3       Many::m604 (14 bytes)
1086 2544       4       Many::m604 (14 bytes)
1086 2543       3       Many::m604 (14 bytes)   made not entrant: not used
1087 2545       3       Many::m605 (14 bytes)
1087 2546       4       Many::m605 (14 bytes)
1087 2545       3       Many::m605 (14 bytes)   made not entrant: not used
1088 2547       3       Many::m606 (14 bytes)
1088 2548       4       Many::m606 (14 bytes)
1089 2547       3       Many::m606 (14 bytes)   made not entrant: not used
1090 2549       3       Many::m607 (14 bytes)
1090 2550       4       Many::m607 (14 bytes)
1090 2549       3       Many::m607 (14 bytes)   made not entrant: not used
1091 2551       3       Many::m608 (14 bytes)
1092 2552       4       Many::m608 (14 bytes)
1092 2551       3       Many::m608 (14 bytes)   made not entrant: not used
1093 2553       3       Many::m609 (14 bytes)
1093 2554       4       Many::m609 (14 bytes)
1093 2553       3       Many::m609 (14 bytes)   made not entrant: not used
1094 2555       3       Many::m610 (14 bytes)
1094 2556       4       Many::m610 (14 bytes)
1094 2555       3       Many::m610 (14 bytes)   made not entrant: not used
1096 2557       3       Many::m611 (14 bytes)
1096 2558       4       Many::m611 (14 bytes)
1096 2557       3       Many::m611 (14 bytes)   made not entrant: not used
1097 2559       3       Many::m612 (14 bytes)
1097 2560       4       Many::m612 (14 bytes)
1097 2559       3       Many::m612 (14 bytes)   made not entrant: not used
1099 2561       3       Many::m613 (14 bytes)
1099 2562       4       Many::m613 (14 bytes)
1099 2561       3       Many::m613 (14 bytes)   made not entrant: not used
1100 2563       3       Many::m614 (14 bytes)
1100 2564       4       Many::m614 (14 bytes)
1100 2563       3       Many::m614 (14 bytes)   made not entrant: not used
1101 2565       3       Many::m615 (14 bytes)
1101 2566       4       Many::m615 (14 bytes)
1102 2565       3       Many::m615 (14 bytes)   made not entrant: not used
1103 2567       3       Many::m616 (14 bytes)
1103 2568       4       Many::m616 (14 bytes)
1103 2567       3       Many::m616 (14 bytes)   made not entrant: not used
1104 2569       3       Many::m617 (14 bytes)
1104 2570       4       Many::m617 (14 bytes)
1104 2569       3       Many::m617 (14 bytes)   made not entrant: not used
1106 2571       3       Many::m618 (14 bytes)
1106 2572       4       Many::m618 (14 bytes)
1106 2571       3       Many::m618 (14 bytes)   made not entrant: not used
1107 2573       3       Many::m619 (14 bytes)
1107 2574       4       Many::m619 (14 bytes)
1107 2573       3       Many::m619 (14 bytes)   made not entrant: not used
1109 2575       3       Many::m620 (14 bytes)
1109 2576       4       Many::m620 (14 bytes)
1109 2575       3       Many::m620 (14 bytes)   made not entrant: not used
1110 2577       3       Many::m621 (14 bytes)
1110 2578       4       Many::m621 (14 bytes)
1110 2577       3       Many::m621 (14 bytes)   made not entrant: not used
1111 2579       3       Many::m622 (14 bytes)
1112 2580       4       Many::m622 (14 bytes)
1112 2579       3       Many::m622 (14 bytes)   made not entrant: not used
1113 2581       3       Many::m623 (14 bytes)
1113 2582       4       Many::m623 (14 bytes)
1113 2581       3       Many::m623 (14 bytes)   made not entrant: not used
1114 2583       3       Many::m624 (14 bytes)
1114 2584       4       Many::m624 (14 bytes)
1114 2583       3       Many::m624 (14 bytes)   made not entrant: not used
1116 2585       3       Many::m625 (14 bytes)
1116 2586       4       Many::m625 (14 bytes)
1116 2585       3       Many::m625 (14 bytes)   made not entrant: not used
1117 2587       3       Many::m626 (14 bytes)
1117 2588       4       Many::m626 (14 bytes)
1117 2587       3       Many::m626 (14 bytes)   made not entrant: not used
1119 2589       3       Many::m627 (14 bytes)
1119 2590       4       Many::m627 (14 bytes)
1119 2589       3       Many::m627 (14 bytes)   made not entrant: not used
1120 2591       3       Many::m628 (14 bytes)
1120 2592       4       Many::m628 (14 bytes)
1120 2591       3       Many::m628 (14 bytes)   made not entrant: not used
1122 2593       3       Many::m629 (14 bytes)
1122 2594       4       Many::m629 (14 bytes)
1122 2593       3       Many::m629 (14 bytes)   made not entrant: not used
1123 2595       3       Many::m630 (14 bytes)
1123 2596       4       Many::m630 (14 bytes)
1123 2595       3       Many::m630 (14 bytes)   made not entrant: not used
1124 2597       3       Many::m631 (14 bytes)
1125 2598       4       Many::m631 (14 bytes)
1125 2597       3       Many::m631 (14 bytes)   made not entrant: not used
1126 2599       3       Many::m632 (14 bytes)
1126 2600       4       Many::m632 (14 bytes)
1126 2599       3       Many::m632 (14 bytes)   made not entrant: not used
1127 2601       3       Many::m633 (14 bytes)
1128 2602       4       Many::m633 (14 bytes)
1128 2601       3       Many::m633 (14 bytes)   made not entrant: not used
1129 2603       3       Many::m634 (14 bytes)
1129 2604       4       Many::m634 (14 bytes)
1129 2603       3       Many::m634 (14 bytes)   made not entrant: not used
1130 2605       3       Many::m635 (14 bytes)
1130 2606       4       Many::m635 (14 bytes)
1130 2605       3       Many::m635 (14 bytes)   made not entrant: not used
1132 2607       3       Many::m636 (14 bytes)
1132 2608       4       Many::m636 (14 bytes)
1132 2607       3       Many::m636 (14 bytes)   made not entrant: not used
1133 2609       3       Many::m637 (14 bytes)
1133 2610       4       Many::m637 (14 bytes)
1133 2609       3       Many::m637 (14 bytes)   made not entrant: not used
1135 2611       3       Many::m638 (14 bytes)
1135 2612       4       Many::m638 (14 bytes)
1135 2611       3       Many::m638 (14 bytes)   made not entrant: not used
1136 2613       3       Many::m639 (14 bytes)
1136 2614       4       Many::m639 (14 bytes)
1136 2613       3       Many::m639 (14 bytes)   made not entrant: not used
1138 2615       3       Many::m640 (14 bytes)
1138 2616       4       Many::m640 (14 bytes)
1138 2615       3       Many::m640 (14 bytes)   made not entrant: not used
1139 2617       3       Many::m641 (14 bytes)
1139 2618       4       Many::m641 (14 bytes)
1139 2617       3       Many::m641 (14 bytes)   made not entrant: not used
1141 2619       3       Many::m642 (14 bytes)
1141 2620       4       Many::m642 (14 bytes)
1141 2619       3       Many::m642 (14 bytes)   made not entrant: not used
1142 2621       3       Many::m643 (14 bytes)
1142 2622       4       Many::m643 (14 bytes)
1142 2621       3       Many::m643 (14 bytes)   made not entrant: not used
1143 2623       3       Many::m644 (14 bytes)
1144 2624       4       Many::m644 (14 bytes)
1144 2623       3       Many::m644 (14 bytes)   made not entrant: not used
1145 2625       3       Many::m645 (14 bytes)
1145 2626       4       Many::m645 (14 bytes)
1145 2625       3       Many::m645 (14 bytes)   made not entrant: not used
1146 2627       3       Many::m646 (14 bytes)
1146 2628       4       Many::m646 (14 bytes)
1146 2627       3       Many::m646 (14 bytes)   made not entrant: not used
1148 2629       3       Many::m647 (14 bytes)
1148 2630       4       Many::m647 (14 bytes)
1148 2629       3       Many::m647 (14 bytes)   made not entrant: not used
1149 2631       3       Many::m648 (14 bytes)
1149 2632       4       Many::m648 (14 bytes)
1149 2631       3       Many::m648 (14 bytes)   made not entrant: not used
1151 2633       3       Many::m649 (14 bytes)
1151 2634       4       Many::m649 (14 bytes)
1151 2633       3       Many::m649 (14 bytes)   made not entrant: not used
1152 2635       3       Many::m650 (14 bytes)
1152 2636       4       Many::m650 (14 bytes)
1152 2635       3       Many::m650 (14 bytes)   made not entrant: not used
1154 2637       3       Many::m651 (14 bytes)
1154 2638       4       Many::m651 (14 bytes)
1154 2637       3       Many::m651 (14 bytes)   made not entrant: not used
1155 2639       3       Many::m652 (14 bytes)
1155 2640       4       Many::m652 (14 bytes)
1155 2639       3       Many::m652 (14 bytes)   made not entrant: not used
1157 2641       3       Many::m653 (14 bytes)
1157 2642       4       Many::m653 (14 bytes)
1157 2641       3       Many::m653 (14 bytes)   made not entrant: not used
1158 2643       3       Many::m654 (14 bytes)
1158 2644       4       Many::m654 (14 bytes)
1158 2643       3       Many::m654 (14 bytes)   made not entrant: not used
1159 2645       3       Many::m655 (14 bytes)
1160 2646       4       Many::m655 (14 bytes)
1160 2645       3       Many::m655 (14 bytes)   made not entrant: not used
1161 2647       3       Many::m656 (14 bytes)
1161 2648       4       Many::m656 (14 bytes)
1161 2647       3       Many::m656 (14 bytes)   made not entrant: not used
1162 2649       3       Many::m657 (14 bytes)
1162 2650       4       Many::m657 (14 bytes)
1163 2649       3       Many::m657 (14 bytes)   made not entrant: not used
1164 2651       3       Many::m658 (14 bytes)
1164 2652       4       Many::m658 (14 bytes)
1164 2651       3       Many::m658 (14 bytes)   made not entrant: not used
1165 2653       3       Many::m659 (14 bytes)
1165 2654       4       Many::m659 (14 bytes)
1165 2653       3       Many::m659 (14 bytes)   made not entrant: not used
1167 2655       3       Many::m660 (14 bytes)
1167 2656       4       Many::m660 (14 bytes)
1167 2655       3       Many::m660 (14 bytes)   made not entrant: not used
1168 2657       3       Many::m661 (14 bytes)
1168 2658       4       Many::m661 (14 bytes)
1168 2657       3       Many::m661 (14 bytes)   made not entrant: not used
1170 2659       3       Many::m662 (14 bytes)
1170 2660       4       Many::m662 (14 bytes)
1170 2659       3       Many::m662 (14 bytes)   made not entrant: not used
1171 2661       3       Many::m663 (14 bytes)
1171 2662       4       Many::m663 (14 bytes)
1171 2661       3       Many::m663 (14 bytes)   made not entrant: not used
1173 2663       3       Many::m664 (14 bytes)
1173 2664       4       Many::m664 (14 bytes)
1173 2663       3       Many::m664 (14 bytes)   made not entrant: not used
1174 2665       3       Many::m665 (14 bytes)
1174 2666       4       Many::m665 (14 bytes)
1174 2665       3       Many::m665 (14 bytes)   made not entrant: not used
1175 2667       3       Many::m666 (14 bytes)
1176 2668       4       Many::m666 (14 bytes)
1176 2667       3       Many::m666 (14 bytes)   made not entrant: not used
1177 2669       3       Many::m667 (14 bytes)
1177 2670       4       Many::m667 (14 bytes)
1177 2669       3       Many::m667 (14 bytes)   made not entrant: not used
1178 2671       3       Many::m668 (14 bytes)
1178 2672       4       Many::m668 (14 bytes)
1179 2671       3       Many::m668 (14 bytes)   made not entrant: not used
1180 2673       3       Many::m669 (14 bytes)
1180 2674       4       Many::m669 (14 bytes)
1180 2673       3       Many::m669 (14 bytes)   made not entrant: not used
1180 1322       4       jdk.jfr.internal.event.EventWriter::putUncheckedLong (278 bytes)   made not entrant: uncommon trap
1181 2675       3       Many::m670 (14 bytes)
1181 2676       4       Many::m670 (14 bytes)
1182 2675       3       Many::m670 (14 bytes)   made not entrant: not used
1183 2677       3       Many::m671 (14 bytes)
1183 2678       4       Many::m671 (14 bytes)
1183 2677       3       Many::m671 (14 bytes)   made not entrant: not used
1184 2679       3       Many::m672 (14 bytes)
1184 2680       4       Many::m672 (14 bytes)
1184 2679       3       Many::m672 (14 bytes)   made not entrant: not used
1186 2681       3       Many::m673 (14 bytes)
1186 2682       4       Many::m673 (14 bytes)
1186 2681       3       Many::m673 (14 bytes)   made not entrant: not used
1187 2683       3       Many::m674 (14 bytes)
1187 2684       4       Many::m674 (14 bytes)
1187 2683       3       Many::m674 (14 bytes)   made not entrant: not used
1188 2685       3       Many::m675 (14 bytes)
1189 2686       4       Many::m675 (14 bytes)
1189 2685       3       Many::m675 (14 bytes)   made not entrant: not used
1190 2687       3       Many::m676 (14 bytes)
1190 2688       4       Many::m676 (14 bytes)
1190 2687       3       Many::m676 (14 bytes)   made not entrant: not used
1192 2689       3       Many::m677 (14 bytes)
1192 2690       4       Many::m677 (14 bytes)
1192 2689       3       Many::m677 (14 bytes)   made not entrant: not used
1193 2691       3       Many::m678 (14 bytes)
1193 2692       4       Many::m678 (14 bytes)
1193 2691       3       Many::m678 (14 bytes)   made not entrant: not used
1194 2693       3       Many::m679 (14 bytes)
1194 2694       4       Many::m679 (14 bytes)
1195 2693       3       Many::m679 (14 bytes)   made not entrant: not used
1196 2695       3       Many::m680 (14 bytes)
1196 2696       4       Many::m680 (14 bytes)
1196 2695       3       Many::m680 (14 bytes)   made not entrant: not used
1197 2697       3       Many::m681 (14 bytes)
1197 2698       4       Many::m681 (14 bytes)
1197 2697       3       Many::m681 (14 bytes)   made not entrant: not used
1199 2699       3       Many::m682 (14 bytes)
1199 2700       4       Many::m682 (14 bytes)
1199 2699       3       Many::m682 (14 bytes)   made not entrant: not used
1200 2701       3       Many::m683 (14 bytes)
1200 2702       4       Many::m683 (14 bytes)
1200 2701       3       Many::m683 (14 bytes)   made not entrant: not used
1202 2703       3       Many::m684 (14 bytes)
1202 2704       4       Many::m684 (14 bytes)
1202 2703       3       Many::m684 (14 bytes)   made not entrant: not used
1203 2705       3       Many::m685 (14 bytes)
1203 2706       4       Many::m685 (14 bytes)
1203 2705       3       Many::m685 (14 bytes)   made not entrant: not used
1204 2707       3       Many::m686 (14 bytes)
1204 2708       4       Many::m686 (14 bytes)
1205 2707       3       Many::m686 (14 bytes)   made not entrant: not used
1206 2709       3       Many::m687 (14 bytes)
1206 2710       4       Many::m687 (14 bytes)
1206 2709       3       Many::m687 (14 bytes)   made not entrant: not used
1207 2711       3       Many::m688 (14 bytes)
1207 2712       4       Many::m688 (14 bytes)
1208 2711       3       Many::m688 (14 bytes)   made not entrant: not used
1209 2713       3       Many::m689 (14 bytes)
1209 2714       4       Many::m689 (14 bytes)
1209 2713       3       Many::m689 (14 bytes)   made not entrant: not used
1210 2715       3       Many::m690 (14 bytes)
1210 2716       4       Many::m690 (14 bytes)
1210 2715       3       Many::m690 (14 bytes)   made not entrant: not used
1212 2717       3       Many::m691 (14 bytes)
1212 2718       4       Many::m691 (14 bytes)
1212 2717       3       Many::m691 (14 bytes)   made not entrant: not used
1213 2719       3       Many::m692 (14 bytes)
1213 2720       4       Many::m692 (14 bytes)
1213 2719       3       Many::m692 (14 bytes)   made not entrant: not used
1215 2721       3       Many::m693 (14 bytes)
1215 2722       4       Many::m693 (14 bytes)
1215 2721       3       Many::m693 (14 bytes)   made not entrant: not used
1216 2723       3       Many::m694 (14 bytes)
1216 2724       4       Many::m694 (14 bytes)
1216 2723       3       Many::m694 (14 bytes)   made not entrant: not used
1217 2725       3       Many::m695 (14 bytes)
1218 2726       4       Many::m695 (14 bytes)
1218 2725       3       Many::m695 (14 bytes)   made not entrant: not used
1219 2727       3       Many::m696 (14 bytes)
1219 2728       4       Many::m696 (14 bytes)
1219 2727       3       Many::m696 (14 bytes)   made not entrant: not used
1220 2729       3       Many::m697 (14 bytes)
1220 2730       4       Many::m697 (14 bytes)
1221 2729       3       Many::m697 (14 bytes)   made not entrant: not used
1222 2731       3       Many::m698 (14 bytes)
1222 2732       4       Many::m698 (14 bytes)
1222 2731       3       Many::m698 (14 bytes)   made not entrant: not used
1223 2733       3       Many::m699 (14 bytes)
1223 2734       4       Many::m699 (14 bytes)
1224 2733       3       Many::m699 (14 bytes)   made not entrant: not used
1225 2735       3       Many::m700 (14 bytes)
1225 2736       4       Many::m700 (14 bytes)
1225 2735       3       Many::m700 (14 bytes)   made not entrant: not used
1226 2737       3       Many::m701 (14 bytes)
1226 2738       4       Many::m701 (14 bytes)
1226 2737       3       Many::m701 (14 bytes)   made not entrant: not used
1228 2739       3       Many::m702 (14 bytes)
1228 2740       4       Many::m702 (14 bytes)
1228 2739       3       Many::m702 (14 bytes)   made not entrant: not used
1229 2741       3       Many::m703 (14 bytes)
1229 2742       4       Many::m703 (14 bytes)
1229 2741       3       Many::m703 (14 bytes)   made not entrant: not used
1231 2743       3       Many::m704 (14 bytes)
1231 2744       4       Many::m704 (14 bytes)
1231 2743       3       Many::m704 (14 bytes)   made not entrant: not used
1232 2745       3       Many::m705 (14 bytes)
1232 2746       4       Many::m705 (14 bytes)
1232 2745       3       Many::m705 (14 bytes)   made not entrant: not used
1234 2747       3       Many::m706 (14 bytes)
1234 2748       4       Many::m706 (14 bytes)
1234 2747       3       Many::m706 (14 bytes)   made not entrant: not used
1235 2749       3       Many::m707 (14 bytes)
1235 2750       4       Many::m707 (14 bytes)
1235 2749       3       Many::m707 (14 bytes)   made not entrant: not used
1236 2751       3       Many::m708 (14 bytes)
1236 2752       4       Many::m708 (14 bytes)
1237 2751       3       Many::m708 (14 bytes)   made not entrant: not used
1238 2753       3       Many::m709 (14 bytes)
1238 2754       4       Many::m709 (14 bytes)
1238 2753       3       Many::m709 (14 bytes)   made not entrant: not used
1239 2755       3       Many::m710 (14 bytes)
1239 2756       4       Many::m710 (14 bytes)
1240 2755       3       Many::m710 (14 bytes)   made not entrant: not used
1241 2757       3       Many::m711 (14 bytes)
1241 2758       4       Many::m711 (14 bytes)
1241 2757       3       Many::m711 (14 bytes)   made not entrant: not used
1242 2759       3       Many::m712 (14 bytes)
1242 2760       4       Many::m712 (14 bytes)
1242 2759       3       Many::m712 (14 bytes)   made not entrant: not used
1244 2761       3       Many::m713 (14 bytes)
1244 2762       4       Many::m713 (14 bytes)
1244 2761       3       Many::m713 (14 bytes)   made not entrant: not used
1245 2763       3       Many::m714 (14 bytes)
1245 2764       4       Many::m714 (14 bytes)
1245 2763       3       Many::m714 (14 bytes)   made not entrant: not used
1247 2765       3       Many::m715 (14 bytes)
1247 2766       4       Many::m715 (14 bytes)
1247 2765       3       Many::m715 (14 bytes)   made not entrant: not used
1248 2767       3       Many::m716 (14 bytes)
1248 2768       4       Many::m716 (14 bytes)
1248 2767       3       Many::m716 (14 bytes)   made not entrant: not used
1249 2769       3       Many::m717 (14 bytes)
1249 2770       4       Many::m717 (14 bytes)
1250 2769       3       Many::m717 (14 bytes)   made not entrant: not used
1251 2771       3       Many::m718 (14 bytes)
1251 2772       4       Many::m718 (14 bytes)
1251 2771       3       Many::m718 (14 bytes)   made not entrant: not used
1252 2773       3       Many::m719 (14 bytes)
1252 2774       4       Many::m719 (14 bytes)
1252 2773       3       Many::m719 (14 bytes)   made not entrant: not used
1254 2775       3       Many::m720 (14 bytes)
1254 2776       4       Many::m720 (14 bytes)
1254 2775       3       Many::m720 (14 bytes)   made not entrant: not used
1255 2777       3       Many::m721 (14 bytes)
1255 2778       4       Many::m721 (14 bytes)
1255 2777       3       Many::m721 (14 bytes)   made not entrant: not used
1257 2779       3       Many::m722 (14 bytes)
1257 2780       4       Many::m722 (14 bytes)
1257 2779       3       Many::m722 (14 bytes)   made not entrant: not used
1258 2781       3       Many::m723 (14 bytes)
1258 2782       4       Many::m723 (14 bytes)
1258 2781       3       Many::m723 (14 bytes)   made not entrant: not used
1259 2783       3       Many::m724 (14 bytes)
1259 2784       4       Many::m724 (14 bytes)
1260 2783       3       Many::m724 (14 bytes)   made not entrant: not used
1261 2785       3       Many::m725 (14 bytes)
1261 2786       4       Many::m725 (14 bytes)
1261 2785       3       Many::m725 (14 bytes)   made not entrant: not used
1262 2787       3       Many::m726 (14 bytes)
1262 2788       4       Many::m726 (14 bytes)
1262 2787       3       Many::m726 (14 bytes)   made not entrant: not used
1264 2789       3       Many::m727 (14 bytes)
1264 2790       4       Many::m727 (14 bytes)
1264 2789       3       Many::m727 (14 bytes)   made not entrant: not used
1265 2791       3       Many::m728 (14 bytes)
1265 2792       4       Many::m728 (14 bytes)
1265 2791       3       Many::m728 (14 bytes)   made not entrant: not used
1266 2793       3       Many::m729 (14 bytes)
1267 2794       4       Many::m729 (14 bytes)
1267 2793       3       Many::m729 (14 bytes)   made not entrant: not used
1268 2795       3       Many::m730 (14 bytes)
1268 2796       4       Many::m730 (14 bytes)
1268 2795       3       Many::m730 (14 bytes)   made not entrant: not used
1269 2797       3       Many::m731 (14 bytes)
1269 2798       4       Many::m731 (14 bytes)
1269 2797       3       Many::m731 (14 bytes)   made not entrant: not used
1271 2799       3       Many::m732 (14 bytes)
1271 2800       4       Many::m732 (14 bytes)
1271 2799       3       Many::m732 (14 bytes)   made not entrant: not used
1272 2801       3       Many::m733 (14 bytes)
1272 2802       4       Many::m733 (14 bytes)
1272 2801       3       Many::m733 (14 bytes)   made not entrant: not used
1274 2803       3       Many::m734 (14 bytes)
1274 2804       4       Many::m734 (14 bytes)
1274 2803       3       Many::m734 (14 bytes)   made not entrant: not used
1275 2805       3       Many::m735 (14 bytes)
1275 2806       4       Many::m735 (14 bytes)
1275 2805       3       Many::m735 (14 bytes)   made not entrant: not used
1276 2807       3       Many::m736 (14 bytes)
1276 2808       4       Many::m736 (14 bytes)
1277 2807       3       Many::m736 (14 bytes)   made not entrant: not used
1278 2809       3       Many::m737 (14 bytes)
1278 2810       4       Many::m737 (14 bytes)
1278 2809       3       Many::m737 (14 bytes)   made not entrant: not used
1279 2811       3       Many::m738 (14 bytes)
1279 2812       4       Many::m738 (14 bytes)
1279 2811       3       Many::m738 (14 bytes)   made not entrant: not used
1281 2813       3       Many::m739 (14 bytes)
1281 2814       4       Many::m739 (14 bytes)
1281 2813       3       Many::m739 (14 bytes)   made not entrant: not used
1282 2815       3       Many::m740 (14 bytes)
1282 2816       4       Many::m740 (14 bytes)
1282 2815       3       Many::m740 (14 bytes)   made not entrant: not used
1284 2817       3       Many::m741 (14 bytes)
1284 2818       4       Many::m741 (14 bytes)
1284 2817       3       Many::m741 (14 bytes)   made not entrant: not used
1285 2819       3       Many::m742 (14 bytes)
1285 2820       4       Many::m742 (14 bytes)
1285 2819       3       Many::m742 (14 bytes)   made not entrant: not used
1287 2821       3       Many::m743 (14 bytes)
1287 2822       4       Many::m743 (14 bytes)
1287 2821       3       Many::m743 (14 bytes)   made not entrant: not used
1288 2823       3       Many::m744 (14 bytes)
1288 2824       4       Many::m744 (14 bytes)
1288 2823       3       Many::m744 (14 bytes)   made not entrant: not used
1290 2825       3       Many::m745 (14 bytes)
1290 2826       4       Many::m745 (14 bytes)
1290 2825       3       Many::m745 (14 bytes)   made not entrant: not used
1291 2827       3       Many::m746 (14 bytes)
1291 2828       4       Many::m746 (14 bytes)
1291 2827       3       Many::m746 (14 bytes)   made not entrant: not used
1292 2829       3       Many::m747 (14 bytes)
1293 2830       4       Many::m747 (14 bytes)
1293 2829       3       Many::m747 (14 bytes)   made not entrant: not used
1294 2831       3       Many::m748 (14 bytes)
1294 2832       4       Many::m748 (14 bytes)
1294 2831       3       Many::m748 (14 bytes)   made not entrant: not used
1295 2833       3       Many::m749 (14 bytes)
1295 2834       4       Many::m749 (14 bytes)
1296 2833       3       Many::m749 (14 bytes)   made not entrant: not used
1297 2835       3       Many::m750 (14 bytes)
1297 2836       4       Many::m750 (14 bytes)
1297 2835       3       Many::m750 (14 bytes)   made not entrant: not used
1298 2837       3       Many::m751 (14 bytes)
1298 2838       4       Many::m751 (14 bytes)
1298 2837       3       Many::m751 (14 bytes)   made not entrant: not used
1300 2839       3       Many::m752 (14 bytes)
1300 2840       4       Many::m752 (14 bytes)
1300 2839       3       Many::m752 (14 bytes)   made not entrant: not used
1301 2841       3       Many::m753 (14 bytes)
1301 2842       4       Many::m753 (14 bytes)
1301 2841       3       Many::m753 (14 bytes)   made not entrant: not used
1302 2843       3       Many::m754 (14 bytes)
1303 2844       4       Many::m754 (14 bytes)
1303 2843       3       Many::m754 (14 bytes)   made not entrant: not used
1304 2845       3       Many::m755 (14 bytes)
1304 2846       4       Many::m755 (14 bytes)
1304 2845       3       Many::m755 (14 bytes)   made not entrant: not used
1305 2847       3       Many::m756 (14 bytes)
1305 2848       4       Many::m756 (14 bytes)
1306 2847       3       Many::m756 (14 bytes)   made not entrant: not used
1307 2849       3       Many::m757 (14 bytes)
1307 2850       4       Many::m757 (14 bytes)
1307 2849       3       Many::m757 (14 bytes)   made not entrant: not used
1308 2851       3       Many::m758 (14 bytes)
1308 2852       4       Many::m758 (14 bytes)
1308 2851       3       Many::m758 (14 bytes)   made not entrant: not used
1310 2853       3       Many::m759 (14 bytes)
1310 2854       4       Many::m759 (14 bytes)
1310 2853       3       Many::m759 (14 bytes)   made not entrant: not used
1311 2855       3       Many::m760 (14 bytes)
1311 2856       4       Many::m760 (14 bytes)
1311 2855       3       Many::m760 (14 bytes)   made not entrant: not used
1313 2857       3       Many::m761 (14 bytes)
1313 2858       4       Many::m761 (14 bytes)
1313 2857       3       Many::m761 (14 bytes)   made not entrant: not used
1314 2859       3       Many::m762 (14 bytes)
1314 2860       4       Many::m762 (14 bytes)
1314 2859       3       Many::m762 (14 bytes)   made not entrant: not used
1315 2861       3       Many::m763 (14 bytes)
1315 2862       4       Many::m763 (14 bytes)
1316 2861       3       Many::m763 (14 bytes)   made not entrant: not used
1317 2863       3       Many::m764 (14 bytes)
1317 2864       4       Many::m764 (14 bytes)
1317 2863       3       Many::m764 (14 bytes)   made not entrant: not used
1318 2865       3       Many::m765 (14 bytes)
1318 2866       4       Many::m765 (14 bytes)
1318 2865       3       Many::m765 (14 bytes)   made not entrant: not used
1320 2867       3       Many::m766 (14 bytes)
1320 2868       4       Many::m766 (14 bytes)
1320 2867       3       Many::m766 (14 bytes)   made not entrant: not used
1321 2869       3       Many::m767 (14 bytes)
1321 2870       4       Many::m767 (14 bytes)
1321 2869       3       Many::m767 (14 bytes)   made not entrant: not used
1323 2871       3       Many::m768 (14 bytes)
1323 2872       4       Many::m768 (14 bytes)
1323 2871       3       Many::m768 (14 bytes)   made not entrant: not used
1324 2873       3       Many::m769 (14 bytes)
1324 2874       4       Many::m769 (14 bytes)
1324 2873       3       Many::m769 (14 bytes)   made not entrant: not used
1326 2875       3       Many::m770 (14 bytes)
1326 2876       4       Many::m770 (14 bytes)
1326 2875       3       Many::m770 (14 bytes)   made not entrant: not used
1327 2877       3       Many::m771 (14 bytes)
1327 2878       4       Many::m771 (14 bytes)
1327 2877       3       Many::m771 (14 bytes)   made not entrant: not used
1328 2879       3       Many::m772 (14 bytes)
1329 2880       4       Many::m772 (14 bytes)
1329 2879       3       Many::m772 (14 bytes)   made not entrant: not used
1330 2881       3       Many::m773 (14 bytes)
1330 2882       4       Many::m773 (14 bytes)
1330 2881       3       Many::m773 (14 bytes)   made not entrant: not used
1331 2883       3       Many::m774 (14 bytes)
1331 2884       4       Many::m774 (14 bytes)
1332 2883       3       Many::m774 (14 bytes)   made not entrant: not used
1333 2885       3       Many::m775 (14 bytes)
1333 2886       4       Many::m775 (14 bytes)
1333 2885       3       Many::m775 (14 bytes)   made not entrant: not used
1334 2887       3       Many::m776 (14 bytes)
1334 2888       4       Many::m776 (14 bytes)
1334 2887       3       Many::m776 (14 bytes)   made not entrant: not used
1336 2889       3       Many::m777 (14 bytes)
1336 2890       4       Many::m777 (14 bytes)
1336 2889       3       Many::m777 (14 bytes)   made not entrant: not used
1337 2891       3       Many::m778 (14 bytes)
1337 2892       4       Many::m778 (14 bytes)
1337 2891       3       Many::m778 (14 bytes)   made not entrant: not used
1339 2893       3       Many::m779 (14 bytes)
1339 2894       4       Many::m779 (14 bytes)
1339 2893       3       Many::m779 (14 bytes)   made not entrant: not used
1340 2895       3       Many::m780 (14 bytes)
1340 2896       4       Many::m780 (14 bytes)
1340 2895       3       Many::m780 (14 bytes)   made not entrant: not used
1342 2897       3       Many::m781 (14 bytes)
1342 2898       4       Many::m781 (14 bytes)
1342 2897       3       Many::m781 (14 bytes)   made not entrant: not used
1343 2899       3       Many::m782 (14 bytes)
1343 2900       4       Many::m782 (14 bytes)
1343 2899       3       Many::m782 (14 bytes)   made not entrant: not used
1344 2901       3       Many::m783 (14 bytes)
1345 2902       4       Many::m783 (14 bytes)
1345 2901       3       Many::m783 (14 bytes)   made not entrant: not used
1346 2903       3       Many::m784 (14 bytes)
1346 2904       4       Many::m784 (14 bytes)
1346 2903       3       Many::m784 (14 bytes)   made not entrant: not used
1347 2905       3       Many::m785 (14 bytes)
1347 2906       4       Many::m785 (14 bytes)
1347 2905       3       Many::m785 (14 bytes)   made not entrant: not used
1349 2907       3       Many::m786 (14 bytes)
1349 2908       4       Many::m786 (14 bytes)
1349 2907       3       Many::m786 (14 bytes)   made not entrant: not used
1350 2909       3       Many::m787 (14 bytes)
1350 2910       4       Many::m787 (14 bytes)
1350 2909       3       Many::m787 (14 bytes)   made not entrant: not used
1352 2911       3       Many::m788 (14 bytes)
1352 2912       4       Many::m788 (14 bytes)
1352 2911       3       Many::m788 (14 bytes)   made not entrant: not used
1353 2913       3       Many::m789 (14 bytes)
1353 2914       4       Many::m789 (14 bytes)
1353 2913       3       Many::m789 (14 bytes)   made not entrant: not used
1354 2915       3       Many::m790 (14 bytes)
1355 2916       4       Many::m790 (14 bytes)
1355 2915       3       Many::m790 (14 bytes)   made not entrant: not used
1356 2917       3       Many::m791 (14 bytes)
1356 2918       4       Many::m791 (14 bytes)
1356 2917       3       Many::m791 (14 bytes)   made not entrant: not used
1357 2919       3       Many::m792 (14 bytes)
1357 2920       4       Many::m792 (14 bytes)
1357 2919       3       Many::m792 (14 bytes)   made not entrant: not used
1359 2921       3       Many::m793 (14 bytes)
1359 2922       4       Many::m793 (14 bytes)
1359 2921       3       Many::m793 (14 bytes)   made not entrant: not used
1360 2923       3       Many::m794 (14 bytes)
1360 2924       4       Many::m794 (14 bytes)
1360 2923       3       Many::m794 (14 bytes)   made not entrant: not used
1362 2925       3       Many::m795 (14 bytes)
1362 2926       4       Many::m795 (14 bytes)
1362 2925       3       Many::m795 (14 bytes)   made not entrant: not used
1363 2927       3       Many::m796 (14 bytes)
1363 2928       4       Many::m796 (14 bytes)
1363 2927       3       Many::m796 (14 bytes)   made not entrant: not used
1365 2929       3       Many::m797 (14 bytes)
1365 2930       4       Many::m797 (14 bytes)
1365 2929       3       Many::m797 (14 bytes)   made not entrant: not used
1366 2931       3       Many::m798 (14 bytes)
1366 2932       4       Many::m798 (14 bytes)
1366 2931       3       Many::m798 (14 bytes)   made not entrant: not used
1367 2933       3       Many::m799 (14 bytes)
1368 2934       4       Many::m799 (14 bytes)
1368 2933       3       Many::m799 (14 bytes)   made not entrant: not used
1369 2935       3       Many::m800 (14 bytes)
1369 2936       4       Many::m800 (14 bytes)
1369 2935       3       Many::m800 (14 bytes)   made not entrant: not used
1370 2937       3       Many::m801 (14 bytes)
1370 2938       4       Many::m801 (14 bytes)
1371 2937       3       Many::m801 (14 bytes)   made not entrant: not used
1372 2939       3       Many::m802 (14 bytes)
1372 2940       4       Many::m802 (14 bytes)
1372 2939       3       Many::m802 (14 bytes)   made not entrant: not used
1373 2941       3       Many::m803 (14 bytes)
1373 2942       4       Many::m803 (14 bytes)
1374 2941       3       Many::m803 (14 bytes)   made not entrant: not used
1375 2943       3       Many::m804 (14 bytes)
1375 2944       4       Many::m804 (14 bytes)
1375 2943       3       Many::m804 (14 bytes)   made not entrant: not used
1376 2945       3       Many::m805 (14 bytes)
1376 2946       4       Many::m805 (14 bytes)
1376 2945       3       Many::m805 (14 bytes)   made not entrant: not used
1378 2947       3       Many::m806 (14 bytes)
1378 2948       4       Many::m806 (14 bytes)
1378 2947       3       Many::m806 (14 bytes)   made not entrant: not used
1379 2949       3       Many::m807 (14 bytes)
1379 2950       4       Many::m807 (14 bytes)
1379 2949       3       Many::m807 (14 bytes)   made not entrant: not used
1381 2951       3       Many::m808 (14 bytes)
1381 2952       4       Many::m808 (14 bytes)
1381 2951       3       Many::m808 (14 bytes)   made not entrant: not used
1382 2953       3       Many::m809 (14 bytes)
1382 2954       4       Many::m809 (14 bytes)
1382 2953       3       Many::m809 (14 bytes)   made not entrant: not used
1383 2955       3       Many::m810 (14 bytes)
1384 2956       4       Many::m810 (14 bytes)
1384 2955       3       Many::m810 (14 bytes)   made not entrant: not used
1385 2957       3       Many::m811 (14 bytes)
1385 2958       4       Many::m811 (14 bytes)
1385 2957       3       Many::m811 (14 bytes)   made not entrant: not used
1386 2959       3       Many::m812 (14 bytes)
1386 2960       4       Many::m812 (14 bytes)
1387 2959       3       Many::m812 (14 bytes)   made not entrant: not used
1388 2961       3       Many::m813 (14 bytes)
1388 2962       4       Many::m813 (14 bytes)
1388 2961       3       Many::m813 (14 bytes)   made not entrant: not used
1389 2963       3       Many::m814 (14 bytes)
1389 2964       4       Many::m814 (14 bytes)
1390 2963       3       Many::m814 (14 bytes)   made not entrant: not used
1391 2965       3       Many::m815 (14 bytes)
1391 2966       4       Many::m815 (14 bytes)
1391 2965       3       Many::m815 (14 bytes)   made not entrant: not used
1392 2967       3       Many::m816 (14 bytes)
1392 2968       4       Many::m816 (14 bytes)
1392 2967       3       Many::m816 (14 bytes)   made not entrant: not used
1394 2969       3       Many::m817 (14 bytes)
1394 2970       4       Many::m817 (14 bytes)
1394 2969       3       Many::m817 (14 bytes)   made not entrant: not used
1395 2971       3       Many::m818 (14 bytes)
1395 2972       4       Many::m818 (14 bytes)
1395 2971       3       Many::m818 (14 bytes)   made not entrant: not used
1397 2973       3       Many::m819 (14 bytes)
1397 2974       4       Many::m819 (14 bytes)
1397 2973       3       Many::m819 (14 bytes)   made not entrant: not used
1398 2975       3       Many::m820 (14 bytes)
1398 2976       4       Many::m820 (14 bytes)
1398 2975       3       Many::m820 (14 bytes)   made not entrant: not used
1399 2977       3       Many::m821 (14 bytes)
1400 2978       4       Many::m821 (14 bytes)
1400 2977       3       Many::m821 (14 bytes)   made not entrant: not used
1401 2979       3       Many::m822 (14 bytes)
1401 2980       4       Many::m822 (14 bytes)
1401 2979       3       Many::m822 (14 bytes)   made not entrant: not used
1402 2981       3       Many::m823 (14 bytes)
1402 2982       4       Many::m823 (14 bytes)
1402 2981       3       Many::m823 (14 bytes)   made not entrant: not used
1404 2983       3       Many::m824 (14 bytes)
1404 2984       4       Many::m824 (14 bytes)
1404 2983       3       Many::m824 (14 bytes)   made not entrant: not used
1405 2985       3       Many::m825 (14 bytes)
1405 2986       4       Many::m825 (14 bytes)
1405 2985       3       Many::m825 (14 bytes)   made not entrant: not used
1407 2987       3       Many::m826 (14 bytes)
1407 2988       4       Many::m826 (14 bytes)
1407 2987       3       Many::m826 (14 bytes)   made not entrant: not used
1408 2989       3       Many::m827 (14 bytes)
1408 2990       4       Many::m827 (14 bytes)
1408 2989       3       Many::m827 (14 bytes)   made not entrant: not used
1410 2991       3       Many::m828 (14 bytes)
1410 2992       4       Many::m828 (14 bytes)
1410 2991       3       Many::m828 (14 bytes)   made not entrant: not used
1411 2993       3       Many::m829 (14 bytes)
1411 2994       4       Many::m829 (14 bytes)
1411 2993       3       Many::m829 (14 bytes)   made not entrant: not used
1412 2995       3       Many::m830 (14 bytes)
1413 2996       4       Many::m830 (14 bytes)
1413 2995       3       Many::m830 (14 bytes)   made not entrant: not used
1414 2997       3       Many::m831 (14 bytes)
1414 2998       4       Many::m831 (14 bytes)
1414 2997       3       Many::m831 (14 bytes)   made not entrant: not used
1415 2999       3       Many::m832 (14 bytes)
1415 3000       4       Many::m832 (14 bytes)
1415 2999       3       Many::m832 (14 bytes)   made not entrant: not used
1417 3001       3       Many::m833 (14 bytes)
1417 3002       4       Many::m833 (14 bytes)
1417 3001       3       Many::m833 (14 bytes)   made not entrant: not used
1418 3003       3       Many::m834 (14 bytes)
1418 3004       4       Many::m834 (14 bytes)
1418 3003       3       Many::m834 (14 bytes)   made not entrant: not used
1420 3005       3       Many::m835 (14 bytes)
1420 3006       4       Many::m835 (14 bytes)
1420 3005       3       Many::m835 (14 bytes)   made not entrant: not used
1421 3007       3       Many::m836 (14 bytes)
1421 3008       4       Many::m836 (14 bytes)
1421 3007       3       Many::m836 (14 bytes)   made not entrant: not used
1423 3009       3       Many::m837 (14 bytes)
1423 3010       4       Many::m837 (14 bytes)
1423 3009       3       Many::m837 (14 bytes)   made not entrant: not used
1424 3011       3       Many::m838 (14 bytes)
1424 3012       4       Many::m838 (14 bytes)
1424 3011       3       Many::m838 (14 bytes)   made not entrant: not used
1425 3013       3       Many::m839 (14 bytes)
1426 3014       4       Many::m839 (14 bytes)
1426 3013       3       Many::m839 (14 bytes)   made not entrant: not used
1427 3015       3       Many::m840 (14 bytes)
1427 3016       4       Many::m840 (14 bytes)
1427 3015       3       Many::m840 (14 bytes)   made not entrant: not used
1428 3017       3       Many::m841 (14 bytes)
1428 3018       4       Many::m841 (14 bytes)
1428 3017       3       Many::m841 (14 bytes)   made not entrant: not used
1430 3019       3       Many::m842 (14 bytes)
1430 3020       4       Many::m842 (14 bytes)
1430 3019       3       Many::m842 (14 bytes)   made not entrant: not used
1431 3021       3       Many::m843 (14 bytes)
1431 3022       4       Many::m843 (14 bytes)
1431 3021       3       Many::m843 (14 bytes)   made not entrant: not used
1433 3023       3       Many::m844 (14 bytes)
1433 3024       4       Many::m844 (14 bytes)
1433 3023       3       Many::m844 (14 bytes)   made not entrant: not used
1434 3025       3       Many::m845 (14 bytes)
1434 3026       4       Many::m845 (14 bytes)
1434 3025       3       Many::m845 (14 bytes)   made not entrant: not used
1435 3027       3       Many::m846 (14 bytes)
1436 3028       4       Many::m846 (14 bytes)
1436 3027       3       Many::m846 (14 bytes)   made not entrant: not used
1437 3029       3       Many::m847 (14 bytes)
1437 3030       4       Many::m847 (14 bytes)
1437 3029       3       Many::m847 (14 bytes)   made not entrant: not used
1438 3031       3       Many::m848 (14 bytes)
1438 3032       4       Many::m848 (14 bytes)
1439 3031       3       Many::m848 (14 bytes)   made not entrant: not used
1440 3033       3       Many::m849 (14 bytes)
1440 3034       4       Many::m849 (14 bytes)
1440 3033       3       Many::m849 (14 bytes)   made not entrant: not used
1441 3035       3       Many::m850 (14 bytes)
1441 3036       4       Many::m850 (14 bytes)
1441 3035       3       Many::m850 (14 bytes)   made not entrant: not used
1443 3037       3       Many::m851 (14 bytes)
1443 3038       4       Many::m851 (14 bytes)
1443 3037       3       Many::m851 (14 bytes)   made not entrant: not used
1444 3039       3       Many::m852 (14 bytes)
1444 3040       4       Many::m852 (14 bytes)
1444 3039       3       Many::m852 (14 bytes)   made not entrant: not used
1446 3041       3       Many::m853 (14 bytes)
1446 3042       4       Many::m853 (14 bytes)
1446 3041       3       Many::m853 (14 bytes)   made not entrant: not used
1447 3043       3       Many::m854 (14 bytes)
1447 3044       4       Many::m854 (14 bytes)
1447 3043       3       Many::m854 (14 bytes)   made not entrant: not used
1448 3045       3       Many::m855 (14 bytes)
1448 3046       4       Many::m855 (14 bytes)
1449 3045       3       Many::m855 (14 bytes)   made not entrant: not used
1450 3047       3       Many::m856 (14 bytes)
1450 3048       4       Many::m856 (14 bytes)
1450 3047       3       Many::m856 (14 bytes)   made not entrant: not used
1451 3049       3       Many::m857 (14 bytes)
1451 3050       4       Many::m857 (14 bytes)
1451 3049       3       Many::m857 (14 bytes)   made not entrant: not used
1453 3051       3       Many::m858 (14 bytes)
1453 3052       4       Many::m858 (14 bytes)
1453 3051       3       Many::m858 (14 bytes)   made not entrant: not used
1454 3053       3       Many::m859 (14 bytes)
1454 3054       4       Many::m859 (14 bytes)
1454 3053       3       Many::m859 (14 bytes)   made not entrant: not used
1456 3055       3       Many::m860 (14 bytes)
1456 3056       4       Many::m860 (14 bytes)
1456 3055       3       Many::m860 (14 bytes)   made not entrant: not used
1457 3057       3       Many::m861 (14 bytes)
1457 3058       4       Many::m861 (14 bytes)
1457 3057       3       Many::m861 (14 bytes)   made not entrant: not used
1458 3059       3       Many::m862 (14 bytes)
1459 3060       4       Many::m862 (14 bytes)
1459 3059       3       Many::m862 (14 bytes)   made not entrant: not used
1460 3061       3       Many::m863 (14 bytes)
1460 3062       4       Many::m863 (14 bytes)
1460 3061       3       Many::m863 (14 bytes)   made not entrant: not used
1461 3063       3       Many::m864 (14 bytes)
1461 3064       4       Many::m864 (14 bytes)
1461 3063       3       Many::m864 (14 bytes)   made not entrant: not used
1463 3065       3       Many::m865 (14 bytes)
1463 3066       4       Many::m865 (14 bytes)
1463 3065       3       Many::m865 (14 bytes)   made not entrant: not used
1464 3067       3       Many::m866 (14 bytes)
1464 3068       4       Many::m866 (14 bytes)
1464 3067       3       Many::m866 (14 bytes)   made not entrant: not used
1466 3069       3       Many::m867 (14 bytes)
1466 3070       4       Many::m867 (14 bytes)
1466 3069       3       Many::m867 (14 bytes)   made not entrant: not used
1467 3071       3       Many::m868 (14 bytes)
1467 3072       4       Many::m868 (14 bytes)
1467 3071       3       Many::m868 (14 bytes)   made not entrant: not used
1468 3073       3       Many::m869 (14 bytes)
1469 3074       4       Many::m869 (14 bytes)
1469 3073       3       Many::m869 (14 bytes)   made not entrant: not used
1470 3075       3       Many::m870 (14 bytes)
1470 3076       4       Many::m870 (14 bytes)
1470 3075       3       Many::m870 (14 bytes)   made not entrant: not used
1471 3077       3       Many::m871 (14 bytes)
1471 3078       4       Many::m871 (14 bytes)
1471 3077       3       Many::m871 (14 bytes)   made not entrant: not used
1473 3079       3       Many::m872 (14 bytes)
1473 3080       4       Many::m872 (14 bytes)
1473 3079       3       Many::m872 (14 bytes)   made not entrant: not used
1474 3081       3       Many::m873 (14 bytes)
1474 3082       4       Many::m873 (14 bytes)
1474 3081       3       Many::m873 (14 bytes)   made not entrant: not used
1476 3083       3       Many::m874 (14 bytes)
1476 3084       4       Many::m874 (14 bytes)
1476 3083       3       Many::m874 (14 bytes)   made not entrant: not used
1477 3085       3       Many::m875 (14 bytes)
1477 3086       4       Many::m875 (14 bytes)
1477 3085       3       Many::m875 (14 bytes)   made not entrant: not used
1478 3087       3       Many::m876 (14 bytes)
1479 3088       4       Many::m876 (14 bytes)
1479 3087       3       Many::m876 (14 bytes)   made not entrant: not used
1480 3089       3       Many::m877 (14 bytes)
1480 3090       4       Many::m877 (14 bytes)
1480 3089       3       Many::m877 (14 bytes)   made not entrant: not used
1481 3091       3       Many::m878 (14 bytes)
1481 3092       4       Many::m878 (14 bytes)
1482 3091       3       Many::m878 (14 bytes)   made not entrant: not used
1483 3093       3       Many::m879 (14 bytes)
1483 3094       4       Many::m879 (14 bytes)
1483 3093       3       Many::m879 (14 bytes)   made not entrant: not used
1484 3095       3       Many::m880 (14 bytes)
1484 3096       4       Many::m880 (14 bytes)
1484 3095       3       Many::m880 (14 bytes)   made not entrant: not used
1486 3097       3       Many::m881 (14 bytes)
1486 3098       4       Many::m881 (14 bytes)
1486 3097       3       Many::m881 (14 bytes)   made not entrant: not used
1487 3099       3       Many::m882 (14 bytes)
1487 3100       4       Many::m882 (14 bytes)
1487 3099       3       Many::m882 (14 bytes)   made not entrant: not used
1489 3101       3       Many::m883 (14 bytes)
1489 3102       4       Many::m883 (14 bytes)
1489 3101       3       Many::m883 (14 bytes)   made not entrant: not used
1490 3103       3       Many::m884 (14 bytes)
1490 3104       4       Many::m884 (14 bytes)
1490 3103       3       Many::m884 (14 bytes)   made not entrant: not used
1492 3105       3       Many::m885 (14 bytes)
1492 3106       4       Many::m885 (14 bytes)
1492 3105       3       Many::m885 (14 bytes)   made not entrant: not used
1493 3107       3       Many::m886 (14 bytes)
1493 3108       4       Many::m886 (14 bytes)
1493 3107       3       Many::m886 (14 bytes)   made not entrant: not used
1494 3109       3       Many::m887 (14 bytes)
1495 3110       4       Many::m887 (14 bytes)
1495 3109       3       Many::m887 (14 bytes)   made not entrant: not used
1496 3111       3       Many::m888 (14 bytes)
1496 3112       4       Many::m888 (14 bytes)
1496 3111       3       Many::m888 (14 bytes)   made not entrant: not used
1497 3113       3       Many::m889 (14 bytes)
1497 3114       4       Many::m889 (14 bytes)
1497 3113       3       Many::m889 (14 bytes)   made not entrant: not used
1499 3115       3       Many::m890 (14 bytes)
1499 3116       4       Many::m890 (14 bytes)
1499 3115       3       Many::m890 (14 bytes)   made not entrant: not used
1500 3117       3       Many::m891 (14 bytes)
1500 3118       4       Many::m891 (14 bytes)
1500 3117       3       Many::m891 (14 bytes)   made not entrant: not used
1502 3119       3       Many::m892 (14 bytes)
1502 3120       4       Many::m892 (14 bytes)
1502 3119       3       Many::m892 (14 bytes)   made not entrant: not used
1503 3121       3       Many::m893 (14 bytes)
1503 3122       4       Many::m893 (14 bytes)
1503 3121       3       Many::m893 (14 bytes)   made not entrant: not used
1505 3123       3       Many::m894 (14 bytes)
1505 3124       4       Many::m894 (14 bytes)
1505 3123       3       Many::m894 (14 bytes)   made not entrant: not used
1506 3125       3       Many::m895 (14 bytes)
1506 3126       4       Many::m895 (14 bytes)
1506 3125       3       Many::m895 (14 bytes)   made not entrant: not used
1508 3127       3       Many::m896 (14 bytes)
1508 3128       4       Many::m896 (14 bytes)
1508 3127       3       Many::m896 (14 bytes)   made not entrant: not used
1509 3129       3       Many::m897 (14 bytes)
1509 3130       4       Many::m897 (14 bytes)
1509 3129       3       Many::m897 (14 bytes)   made not entrant: not used
1511 3131       3       Many::m898 (14 bytes)
1511 3132       4       Many::m898 (14 bytes)
1511 3131       3       Many::m898 (14 bytes)   made not entrant: not used
1512 3133       3       Many::m899 (14 bytes)
1512 3134       4       Many::m899 (14 bytes)
1512 3133       3       Many::m899 (14 bytes)   made not entrant: not used
1513 3135       3       Many::m900 (14 bytes)
1514 3136       4       Many::m900 (14 bytes)
1514 3135       3       Many::m900 (14 bytes)   made not entrant: not used
1515 3137       3       Many::m901 (14 bytes)
1515 3138       4       Many::m901 (14 bytes)
1515 3137       3       Many::m901 (14 bytes)   made not entrant: not used
1516 3139       3       Many::m902 (14 bytes)
1516 3140       4       Many::m902 (14 bytes)
1516 3139       3       Many::m902 (14 bytes)   made not entrant: not used
1518 3141       3       Many::m903 (14 bytes)
1518 3142       4       Many::m903 (14 bytes)
1518 3141       3       Many::m903 (14 bytes)   made not entrant: not used
1519 3143       3       Many::m904 (14 bytes)
1519 3144       4       Many::m904 (14 bytes)
1519 3143       3       Many::m904 (14 bytes)   made not entrant: not used
1521 3145       3       Many::m905 (14 bytes)
1521 3146       4       Many::m905 (14 bytes)
1521 3145       3       Many::m905 (14 bytes)   made not entrant: not used
1522 3147       3       Many::m906 (14 bytes)
1522 3148       4       Many::m906 (14 bytes)
1522 3147       3       Many::m906 (14 bytes)   made not entrant: not used
1524 3149       3       Many::m907 (14 bytes)
1524 3150       4       Many::m907 (14 bytes)
1524 3149       3       Many::m907 (14 bytes)   made not entrant: not used
1525 3151       3       Many::m908 (14 bytes)
1525 3152       4       Many::m908 (14 bytes)
1525 3151       3       Many::m908 (14 bytes)   made not entrant: not used
1526 3153       3       Many::m909 (14 bytes)
1527 3154       4       Many::m909 (14 bytes)
1527 3153       3       Many::m909 (14 bytes)   made not entrant: not used
1528 3155       3       Many::m910 (14 bytes)
1528 3156       4       Many::m910 (14 bytes)
1528 3155       3       Many::m910 (14 bytes)   made not entrant: not used
1529 3157       3       Many::m911 (14 bytes)
1530 3158       4       Many::m911 (14 bytes)
1530 3157       3       Many::m911 (14 bytes)   made not entrant: not used
1531 3159       3       Many::m912 (14 bytes)
1531 3160       4       Many::m912 (14 bytes)
1531 3159       3       Many::m912 (14 bytes)   made not entrant: not used
1532 3161       3       Many::m913 (14 bytes)
1532 3162       4       Many::m913 (14 bytes)
1532 3161       3       Many::m913 (14 bytes)   made not entrant: not used
1534 3163       3       Many::m914 (14 bytes)
1534 3164       4       Many::m914 (14 bytes)
1534 3163       3       Many::m914 (14 bytes)   made not entrant: not used
1535 3165       3       Many::m915 (14 bytes)
1535 3166       4       Many::m915 (14 bytes)
1535 3165       3       Many::m915 (14 bytes)   made not entrant: not used
1537 3167       3       Many::m916 (14 bytes)
1537 3168       4       Many::m916 (14 bytes)
1537 3167       3       Many::m916 (14 bytes)   made not entrant: not used
1538 3169       3       Many::m917 (14 bytes)
1538 3170       4       Many::m917 (14 bytes)
1538 3169       3       Many::m917 (14 bytes)   made not entrant: not used
1540 3171       3       Many::m918 (14 bytes)
1540 3172       4       Many::m918 (14 bytes)
1540 3171       3       Many::m918 (14 bytes)   made not entrant: not used
1541 3173       3       Many::m919 (14 bytes)
1541 3174       4       Many::m919 (14 bytes)
1541 3173       3       Many::m919 (14 bytes)   made not entrant: not used
1542 3175       3       Many::m920 (14 bytes)
1543 3176       4       Many::m920 (14 bytes)
1543 3175       3       Many::m920 (14 bytes)   made not entrant: not used
1544 3177       3       Many::m921 (14 bytes)
1544 3178       4       Many::m921 (14 bytes)
1544 3177       3       Many::m921 (14 bytes)   made not entrant: not used
1545 3179       3       Many::m922 (14 bytes)
1545 3180       4       Many::m922 (14 bytes)
1545 3179       3       Many::m922 (14 bytes)   made not entrant: not used
1547 3181       3       Many::m923 (14 bytes)
1547 3182       4       Many::m923 (14 bytes)
1547 3181       3       Many::m923 (14 bytes)   made not entrant: not used
1548 3183       3       Many::m924 (14 bytes)
1548 3184       4       Many::m924 (14 bytes)
1548 3183       3       Many::m924 (14 bytes)   made not entrant: not used
1550 3185       3       Many::m925 (14 bytes)
1550 3186       4       Many::m925 (14 bytes)
1550 3185       3       Many::m925 (14 bytes)   made not entrant: not used
1551 3187       3       Many::m926 (14 bytes)
1551 3188       4       Many::m926 (14 bytes)
1551 3187       3       Many::m926 (14 bytes)   made not entrant: not used
1553 3189       3       Many::m927 (14 bytes)
1553 3190       4       Many::m927 (14 bytes)
1553 3189       3       Many::m927 (14 bytes)   made not entrant: not used
1554 3191       3       Many::m928 (14 bytes)
1554 3192       4       Many::m928 (14 bytes)
1554 3191       3       Many::m928 (14 bytes)   made not entrant: not used
1556 3193       3       Many::m929 (14 bytes)
1556 3194       4       Many::m929 (14 bytes)
1556 3193       3       Many::m929 (14 bytes)   made not entrant: not used
1557 3195       3       Many::m930 (14 bytes)
1557 3196       4       Many::m930 (14 bytes)
1557 3195       3       Many::m930 (14 bytes)   made not entrant: not used
1559 3197       3       Many::m931 (14 bytes)
1559 3198       4       Many::m931 (14 bytes)
1559 3197       3       Many::m931 (14 bytes)   made not entrant: not used
1560 3199       3       Many::m932 (14 bytes)
1560 3200       4       Many::m932 (14 bytes)
1560 3199       3       Many::m932 (14 bytes)   made not entrant: not used
1562 3201       3       Many::m933 (14 bytes)
1562 3202       4       Many::m933 (14 bytes)
1562 3201       3       Many::m933 (14 bytes)   made not entrant: not used
1564 3203       3       Many::m934 (14 bytes)
1564 3204       4       Many::m934 (14 bytes)
1564 3203       3       Many::m934 (14 bytes)   made not entrant: not used
1565 3205       3       Many::m935 (14 bytes)
1565 3206       4       Many::m935 (14 bytes)
1566 3205       3       Many::m935 (14 bytes)   made not entrant: not used
1567 3207       3       Many::m936 (14 bytes)
1567 3208       4       Many::m936 (14 bytes)
1567 3207       3       Many::m936 (14 bytes)   made not entrant: not used
1568 3209       3       Many::m937 (14 bytes)
1568 3210       4       Many::m937 (14 bytes)
1568 3209       3       Many::m937 (14 bytes)   made not entrant: not used
1570 3211       3       Many::m938 (14 bytes)
1570 3212       4       Many::m938 (14 bytes)
1570 3211       3       Many::m938 (14 bytes)   made not entrant: not used
1571 3213       3       Many::m939 (14 bytes)
1571 3214       4       Many::m939 (14 bytes)
1571 3213       3       Many::m939 (14 bytes)   made not entrant: not used
1573 3215       3       Many::m940 (14 bytes)
1573 3216       4       Many::m940 (14 bytes)
1573 3215       3       Many::m940 (14 bytes)   made not entrant: not used
1574 3217       3       Many::m941 (14 bytes)
1574 3218       4       Many::m941 (14 bytes)
1575 3217       3       Many::m941 (14 bytes)   made not entrant: not used
1576 3219       3       Many::m942 (14 bytes)
1576 3220       4       Many::m942 (14 bytes)
1576 3219       3       Many::m942 (14 bytes)   made not entrant: not used
1577 3221       3       Many::m943 (14 bytes)
1577 3222       4       Many::m943 (14 bytes)
1577 3221       3       Many::m943 (14 bytes)   made not entrant: not used
1579 3223       3       Many::m944 (14 bytes)
1579 3224       4       Many::m944 (14 bytes)
1579 3223       3       Many::m944 (14 bytes)   made not entrant: not used
1580 3225       3       Many::m945 (14 bytes)
1580 3226       4       Many::m945 (14 bytes)
1580 3225       3       Many::m945 (14 bytes)   made not entrant: not used
1581 3227       3       Many::m946 (14 bytes)
1582 3228       4       Many::m946 (14 bytes)
1582 3227       3       Many::m946 (14 bytes)   made not entrant: not used
1583 3229       3       Many::m947 (14 bytes)
1583 3230       4       Many::m947 (14 bytes)
1583 3229       3       Many::m947 (14 bytes)   made not entrant: not used
1584 3231       3       Many::m948 (14 bytes)
1585 3232       4       Many::m948 (14 bytes)
1585 3231       3       Many::m948 (14 bytes)   made not entrant: not used
1586 3233       3       Many::m949 (14 bytes)
1586 3234       4       Many::m949 (14 bytes)
1586 3233       3       Many::m949 (14 bytes)   made not entrant: not used
1587 3235       3       Many::m950 (14 bytes)
1588 3236       4       Many::m950 (14 bytes)
1588 3235       3       Many::m950 (14 bytes)   made not entrant: not used
1589 3237       3       Many::m951 (14 bytes)
1590 3238       4       Many::m951 (14 bytes)
1590 3237       3       Many::m951 (14 bytes)   made not entrant: not used
1591 3239       3       Many::m952 (14 bytes)
1591 3240       4       Many::m952 (14 bytes)
1591 3239       3       Many::m952 (14 bytes)   made not entrant: not used
1592 3241       3       Many::m953 (14 bytes)
1592 3242       4       Many::m953 (14 bytes)
1592 3241       3       Many::m953 (14 bytes)   made not entrant: not used
1594 3243       3       Many::m954 (14 bytes)
1594 3244       4       Many::m954 (14 bytes)
1594 3243       3       Many::m954 (14 bytes)   made not entrant: not used
1595 3245       3       Many::m955 (14 bytes)
1595 3246       4       Many::m955 (14 bytes)
1595 3245       3       Many::m955 (14 bytes)   made not entrant: not used
1597 3247       3       Many::m956 (14 bytes)
1597 3248       4       Many::m956 (14 bytes)
1597 3247       3       Many::m956 (14 bytes)   made not entrant: not used
1598 3249       3       Many::m957 (14 bytes)
1598 3250       4       Many::m957 (14 bytes)
1598 3249       3       Many::m957 (14 bytes)   made not entrant: not used
1600 3251       3       Many::m958 (14 bytes)
1600 3252       4       Many::m958 (14 bytes)
1600 3251       3       Many::m958 (14 bytes)   made not entrant: not used
1601 3253       3       Many::m959 (14 bytes)
1601 3254       4       Many::m959 (14 bytes)
1601 3253       3       Many::m959 (14 bytes)   made not entrant: not used
1602 3255       3       Many::m960 (14 bytes)
1602 3256       4       Many::m960 (14 bytes)
1603 3255       3       Many::m960 (14 bytes)   made not entrant: not used
1604 3257       3       Many::m961 (14 bytes)
1604 3258       4       Many::m961 (14 bytes)
1604 3257       3       Many::m961 (14 bytes)   made not entrant: not used
1605 3259       3       Many::m962 (14 bytes)
1605 3260       4       Many::m962 (14 bytes)
1606 3259       3       Many::m962 (14 bytes)   made not entrant: not used
1607 3261       3       Many::m963 (14 bytes)
1607 3262       4       Many::m963 (14 bytes)
1607 3261       3       Many::m963 (14 bytes)   made not entrant: not used
1608 3263       3       Many::m964 (14 bytes)
1608 3264       4       Many::m964 (14 bytes)
1609 3263       3       Many::m964 (14 bytes)   made not entrant: not used
1610 3265       3       Many::m965 (14 bytes)
1610 3266       4       Many::m965 (14 bytes)
1610 3265       3       Many::m965 (14 bytes)   made not entrant: not used
1611 3267       3       Many::m966 (14 bytes)
1611 3268       4       Many::m966 (14 bytes)
1611 3267       3       Many::m966 (14 bytes)   made not entrant: not used
1613 3269       3       Many::m967 (14 bytes)
1613 3270       4       Many::m967 (14 bytes)
1613 3269       3       Many::m967 (14 bytes)   made not entrant: not used
1614 3271       3       Many::m968 (14 bytes)
1614 3272       4       Many::m968 (14 bytes)
1614 3271       3       Many::m968 (14 bytes)   made not entrant: not used
1615 3273       3       Many::m969 (14 bytes)
1616 3274       4       Many::m969 (14 bytes)
1616 3273       3       Many::m969 (14 bytes)   made not entrant: not used
1617 3275       3       Many::m970 (14 bytes)
1617 3276       4       Many::m970 (14 bytes)
1617 3275       3       Many::m970 (14 bytes)   made not entrant: not used
1618 3277       3       Many::m971 (14 bytes)
1618 3278       4       Many::m971 (14 bytes)
1619 3277       3       Many::m971 (14 bytes)   made not entrant: not used
1620 3279       3       Many::m972 (14 bytes)
1620 3280       4       Many::m972 (14 bytes)
1620 3279       3       Many::m972 (14 bytes)   made not entrant: not used
1621 3281       3       Many::m973 (14 bytes)
1621 3282       4       Many::m973 (14 bytes)
1621 3281       3       Many::m973 (14 bytes)   made not entrant: not used
1623 3283       3       Many::m974 (14 bytes)
1623 3284       4       Many::m974 (14 bytes)
1623 3283       3       Many::m974 (14 bytes)   made not entrant: not used
1624 3285       3       Many::m975 (14 bytes)
1624 3286       4       Many::m975 (14 bytes)
1624 3285       3       Many::m975 (14 bytes)   made not entrant: not used
1626 3287       3       Many::m976 (14 bytes)
1626 3288       4       Many::m976 (14 bytes)
1626 3287       3       Many::m976 (14 bytes)   made not entrant: not used
1627 3289       3       Many::m977 (14 bytes)
1627 3290       4       Many::m977 (14 bytes)
1627 3289       3       Many::m977 (14 bytes)   made not entrant: not used
1629 3291       3       Many::m978 (14 bytes)
1629 3292       4       Many::m978 (14 bytes)
1629 3291       3       Many::m978 (14 bytes)   made not entrant: not used
1630 3293       3       Many::m979 (14 bytes)
1630 3294       4       Many::m979 (14 bytes)
1630 3293       3       Many::m979 (14 bytes)   made not entrant: not used
1631 3295       3       Many::m980 (14 bytes)
1632 3296       4       Many::m980 (14 bytes)
1632 3295       3       Many::m980 (14 bytes)   made not entrant: not used
1633 3297       3       Many::m981 (14 bytes)
1633 3298       4       Many::m981 (14 bytes)
1633 3297       3       Many::m981 (14 bytes)   made not entrant: not used
1634 3299       3       Many::m982 (14 bytes)
1634 3300       4       Many::m982 (14 bytes)
1635 3299       3       Many::m982 (14 bytes)   made not entrant: not used
1636 3301       3       Many::m983 (14 bytes)
1636 3302       4       Many::m983 (14 bytes)
1636 3301       3       Many::m983 (14 bytes)   made not entrant: not used
1637 3303       3       Many::m984 (14 bytes)
1637 3304       4       Many::m984 (14 bytes)
1637 3303       3       Many::m984 (14 bytes)   made not entrant: not used
1639 3305       3       Many::m985 (14 bytes)
1639 3306       4       Many::m985 (14 bytes)
1639 3305       3       Many::m985 (14 bytes)   made not entrant: not used
1640 3307       3       Many::m986 (14 bytes)
1640 3308       4       Many::m986 (14 bytes)
1640 3307       3       Many::m986 (14 bytes)   made not entrant: not used
1642 3309       3       Many::m987 (14 bytes)
1642 3310       4       Many::m987 (14 bytes)
1642 3309       3       Many::m987 (14 bytes)   made not entrant: not used
1643 3311       3       Many::m988 (14 bytes)
1643 3312       4       Many::m988 (14 bytes)
1643 3311       3       Many::m988 (14 bytes)   made not entrant: not used
1645 3313       3       Many::m989 (14 bytes)
1645 3314       4       Many::m989 (14 bytes)
1645 3313       3       Many::m989 (14 bytes)   made not entrant: not used
1646 3315       3       Many::m990 (14 bytes)
1646 3316       4       Many::m990 (14 bytes)
1646 3315       3       Many::m990 (14 bytes)   made not entrant: not used
1647 3317       3       Many::m991 (14 bytes)
1648 3318       4       Many::m991 (14 bytes)
1648 3317       3       Many::m991 (14 bytes)   made not entrant: not used
1649 3319       3       Many::m992 (14 bytes)
1649 3320       4       Many::m992 (14 bytes)
1649 3319       3       Many::m992 (14 bytes)   made not entrant: not used
1650 3321       3       Many::m993 (14 bytes)
1650 3322       4       Many::m993 (14 bytes)
1651 3321       3       Many::m993 (14 bytes)   made not entrant: not used
1652 3323       3       Many::m994 (14 bytes)
1652 3324       4       Many::m994 (14 bytes)
1652 3323       3       Many::m994 (14 bytes)   made not entrant: not used
1653 3325       3       Many::m995 (14 bytes)
1653 3326       4       Many::m995 (14 bytes)
1653 3325       3       Many::m995 (14 bytes)   made not entrant: not used
1655 3327       3       Many::m996 (14 bytes)
1655 3328       4       Many::m996 (14 bytes)
1655 3327       3       Many::m996 (14 bytes)   made not entrant: not used
1656 3329       3       Many::m997 (14 bytes)
1656 3330       4       Many::m997 (14 bytes)
1656 3329       3       Many::m997 (14 bytes)   made not entrant: not used
1658 3331       3       Many::m998 (14 bytes)
1658 3332       4       Many::m998 (14 bytes)
1658 3331       3       Many::m998 (14 bytes)   made not entrant: not used
1659 3333       3       Many::m999 (14 bytes)
1659 3334       4       Many::m999 (14 bytes)
1659 3333       3       Many::m999 (14 bytes)   made not entrant: not used
1661 3335       3       Many::m1000 (14 bytes)
1661 3336       4       Many::m1000 (14 bytes)
1661 3335       3       Many::m1000 (14 bytes)   made not entrant: not used
1662 3337       3       Many::m1001 (14 bytes)
1662 3338       4       Many::m1001 (14 bytes)
1662 3337       3       Many::m1001 (14 bytes)   made not entrant: not used
1663 3339       3       Many::m1002 (14 bytes)
1663 3340       4       Many::m1002 (14 bytes)
1664 3339       3       Many::m1002 (14 bytes)   made not entrant: not used
1665 3341       3       Many::m1003 (14 bytes)
1665 3342       4       Many::m1003 (14 bytes)
1665 3341       3       Many::m1003 (14 bytes)   made not entrant: not used
1666 3343       3       Many::m1004 (14 bytes)
1666 3344       4       Many::m1004 (14 bytes)
1666 3343       3       Many::m1004 (14 bytes)   made not entrant: not used
1668 3345       3       Many::m1005 (14 bytes)
1668 3346       4       Many::m1005 (14 bytes)
1668 3345       3       Many::m1005 (14 bytes)   made not entrant: not used
1669 3347       3       Many::m1006 (14 bytes)
1669 3348       4       Many::m1006 (14 bytes)
1669 3347       3       Many::m1006 (14 bytes)   made not entrant: not used
1670 3349       3       Many::m1007 (14 bytes)
1671 3350       4       Many::m1007 (14 bytes)
1671 3349       3       Many::m1007 (14 bytes)   made not entrant: not used
1672 3351       3       Many::m1008 (14 bytes)
1672 3352       4       Many::m1008 (14 bytes)
1672 3351       3       Many::m1008 (14 bytes)   made not entrant: not used
1673 3353       3       Many::m1009 (14 bytes)
1674 3354       4       Many::m1009 (14 bytes)
1674 3353       3       Many::m1009 (14 bytes)   made not entrant: not used
1675 3355       3       Many::m1010 (14 bytes)
1675 3356       4       Many::m1010 (14 bytes)
1675 3355       3       Many::m1010 (14 bytes)   made not entrant: not used
1676 3357       3       Many::m1011 (14 bytes)
1676 3358       4       Many::m1011 (14 bytes)
1676 3357       3       Many::m1011 (14 bytes)   made not entrant: not used
1678 3359       3       Many::m1012 (14 bytes)
1678 3360       4       Many::m1012 (14 bytes)
1678 3359       3       Many::m1012 (14 bytes)   made not entrant: not used
1679 3361       3       Many::m1013 (14 bytes)
1679 3362       4       Many::m1013 (14 bytes)
1679 3361       3       Many::m1013 (14 bytes)   made not entrant: not used
1681 3363       3       Many::m1014 (14 bytes)
1681 3364       4       Many::m1014 (14 bytes)
1681 3363       3       Many::m1014 (14 bytes)   made not entrant: not used
1682 3365       3       Many::m1015 (14 bytes)
1682 3366       4       Many::m1015 (14 bytes)
1682 3365       3       Many::m1015 (14 bytes)   made not entrant: not used
1683 3367       3       Many::m1016 (14 bytes)
1684 3368       4       Many::m1016 (14 bytes)
1684 3367       3       Many::m1016 (14 bytes)   made not entrant: not used
1685 3369       3       Many::m1017 (14 bytes)
1685 3370       4       Many::m1017 (14 bytes)
1685 3369       3       Many::m1017 (14 bytes)   made not entrant: not used
1686 3371       3       Many::m1018 (14 bytes)
1686 3372       4       Many::m1018 (14 bytes)
1687 3371       3       Many::m1018 (14 bytes)   made not entrant: not used
1688 3373       3       Many::m1019 (14 bytes)
1688 3374       4       Many::m1019 (14 bytes)
1688 3373       3       Many::m1019 (14 bytes)   made not entrant: not used
1689 3375       3       Many::m1020 (14 bytes)
1689 3376       4       Many::m1020 (14 bytes)
1690 3375       3       Many::m1020 (14 bytes)   made not entrant: not used
1691 3377       3       Many::m1021 (14 bytes)
1691 3378       4       Many::m1021 (14 bytes)
1691 3377       3       Many::m1021 (14 bytes)   made not entrant: not used
1692 3379       3       Many::m1022 (14 bytes)
1692 3380       4       Many::m1022 (14 bytes)
1692 3379       3       Many::m1022 (14 bytes)   made not entrant: not used
1694 3381       3       Many::m1023 (14 bytes)
1694 3382       4       Many::m1023 (14 bytes)
1694 3381       3       Many::m1023 (14 bytes)   made not entrant: not used
1695 3383       3       Many::m1024 (14 bytes)
1695 3384       4       Many::m1024 (14 bytes)
1695 3383       3       Many::m1024 (14 bytes)   made not entrant: not used
1697 3385       3       Many::m1025 (14 bytes)
1697 3386       4       Many::m1025 (14 bytes)
1697 3385       3       Many::m1025 (14 bytes)   made not entrant: not used
1698 3387       3       Many::m1026 (14 bytes)
1698 3388       4       Many::m1026 (14 bytes)
1698 3387       3       Many::m1026 (14 bytes)   made not entrant: not used
1699 3389       3       Many::m1027 (14 bytes)
1700 3390       4       Many::m1027 (14 bytes)
1700 3389       3       Many::m1027 (14 bytes)   made not entrant: not used
1701 3391       3       Many::m1028 (14 bytes)
1701 3392       4       Many::m1028 (14 bytes)
1701 3391       3       Many::m1028 (14 bytes)   made not entrant: not used
1702 3393       3       Many::m1029 (14 bytes)
1702 3394       4       Many::m1029 (14 bytes)
1703 3393       3       Many::m1029 (14 bytes)   made not entrant: not used
1704 3395       3       Many::m1030 (14 bytes)
1704 3396       4       Many::m1030 (14 bytes)
1704 3395       3       Many::m1030 (14 bytes)   made not entrant: not used
1705 3397       3       Many::m1031 (14 bytes)
1705 3398       4       Many::m1031 (14 bytes)
1706 3397       3       Many::m1031 (14 bytes)   made not entrant: not used
1707 3399       3       Many::m1032 (14 bytes)
1707 3400       4       Many::m1032 (14 bytes)
1707 3399       3       Many::m1032 (14 bytes)   made not entrant: not used
1708 3401       3       Many::m1033 (14 bytes)
1708 3402       4       Many::m1033 (14 bytes)
1708 3401       3       Many::m1033 (14 bytes)   made not entrant: not used
1710 3403       3       Many::m1034 (14 bytes)
1710 3404       4       Many::m1034 (14 bytes)
1710 3403       3       Many::m1034 (14 bytes)   made not entrant: not used
1711 3405       3       Many::m1035 (14 bytes)
1711 3406       4       Many::m1035 (14 bytes)
1712 3405       3       Many::m1035 (14 bytes)   made not entrant: not used
1713 3407       3       Many::m1036 (14 bytes)
1713 3408       4       Many::m1036 (14 bytes)
1713 3407       3       Many::m1036 (14 bytes)   made not entrant: not used
1714 3409       3       Many::m1037 (14 bytes)
1714 3410       4       Many::m1037 (14 bytes)
1714 3409       3       Many::m1037 (14 bytes)   made not entrant: not used
1716 3411       3       Many::m1038 (14 bytes)
1716 3412       4       Many::m1038 (14 bytes)
1716 3411       3       Many::m1038 (14 bytes)   made not entrant: not used
1717 3413       3       Many::m1039 (14 bytes)
1717 3414       4       Many::m1039 (14 bytes)
1717 3413       3       Many::m1039 (14 bytes)   made not entrant: not used
1719 3415       3       Many::m1040 (14 bytes)
1719 3416       4       Many::m1040 (14 bytes)
1719 3415       3       Many::m1040 (14 bytes)   made not entrant: not used
1720 3417       3       Many::m1041 (14 bytes)
1720 3418       4       Many::m1041 (14 bytes)
1720 3417       3       Many::m1041 (14 bytes)   made not entrant: not used
1721 3419       3       Many::m1042 (14 bytes)
1722 3420       4       Many::m1042 (14 bytes)
1722 3419       3       Many::m1042 (14 bytes)   made not entrant: not used
1723 3421       3       Many::m1043 (14 bytes)
1723 3422       4       Many::m1043 (14 bytes)
1723 3421       3       Many::m1043 (14 bytes)   made not entrant: not used
1725 3423       3       Many::m1044 (14 bytes)
1725 3424       4       Many::m1044 (14 bytes)
1725 3423       3       Many::m1044 (14 bytes)   made not entrant: not used
1726 3425       3       Many::m1045 (14 bytes)
1726 3426       4       Many::m1045 (14 bytes)
1726 3425       3       Many::m1045 (14 bytes)   made not entrant: not used
1728 3427       3       Many::m1046 (14 bytes)
1728 3428       4       Many::m1046 (14 bytes)
1728 3427       3       Many::m1046 (14 bytes)   made not entrant: not used
1729 3429       3       Many::m1047 (14 bytes)
1729 3430       4       Many::m1047 (14 bytes)
1729 3429       3       Many::m1047 (14 bytes)   made not entrant: not used
1730 3431       3       Many::m1048 (14 bytes)
1731 3432       4       Many::m1048 (14 bytes)
1731 3431       3       Many::m1048 (14 bytes)   made not entrant: not used
1732 3433       3       Many::m1049 (14 bytes)
1732 3434       4       Many::m1049 (14 bytes)
1732 3433       3       Many::m1049 (14 bytes)   made not entrant: not used
1733 3435       3       Many::m1050 (14 bytes)
1733 3436       4       Many::m1050 (14 bytes)
1734 3435       3       Many::m1050 (14 bytes)   made not entrant: not used
1735 3437       3       Many::m1051 (14 bytes)
1735 3438       4       Many::m1051 (14 bytes)
1735 3437       3       Many::m1051 (14 bytes)   made not entrant: not used
1736 3439       3       Many::m1052 (14 bytes)
1736 3440       4       Many::m1052 (14 bytes)
1736 3439       3       Many::m1052 (14 bytes)   made not entrant: not used
1738 3441       3       Many::m1053 (14 bytes)
1738 3442       4       Many::m1053 (14 bytes)
1738 3441       3       Many::m1053 (14 bytes)   made not entrant: not used
1739 3443       3       Many::m1054 (14 bytes)
1739 3444       4       Many::m1054 (14 bytes)
1740 3443       3       Many::m1054 (14 bytes)   made not entrant: not used
1741 3445       3       Many::m1055 (14 bytes)
1741 3446       4       Many::m1055 (14 bytes)
1741 3445       3       Many::m1055 (14 bytes)   made not entrant: not used
1742 3447       3       Many::m1056 (14 bytes)
1742 3448       4       Many::m1056 (14 bytes)
1742 3447       3       Many::m1056 (14 bytes)   made not entrant: not used
1744 3449       3       Many::m1057 (14 bytes)
1744 3450       4       Many::m1057 (14 bytes)
1744 3449       3       Many::m1057 (14 bytes)   made not entrant: not used
1745 3451       3       Many::m1058 (14 bytes)
1745 3452       4       Many::m1058 (14 bytes)
1745 3451       3       Many::m1058 (14 bytes)   made not entrant: not used
1746 3453       3       Many::m1059 (14 bytes)
1747 3454       4       Many::m1059 (14 bytes)
1747 3453       3       Many::m1059 (14 bytes)   made not entrant: not used
1748 3455       3       Many::m1060 (14 bytes)
1748 3456       4       Many::m1060 (14 bytes)
1748 3455       3       Many::m1060 (14 bytes)   made not entrant: not used
1749 3457       3       Many::m1061 (14 bytes)
1749 3458       4       Many::m1061 (14 bytes)
1749 3457       3       Many::m1061 (14 bytes)   made not entrant: not used
1751 3459       3       Many::m1062 (14 bytes)
1751 3460       4       Many::m1062 (14 bytes)
1751 3459       3       Many::m1062 (14 bytes)   made not entrant: not used
1752 3461       3       Many::m1063 (14 bytes)
1752 3462       4       Many::m1063 (14 bytes)
1752 3461       3       Many::m1063 (14 bytes)   made not entrant: not used
1754 3463       3       Many::m1064 (14 bytes)
1754 3464       4       Many::m1064 (14 bytes)
1754 3463       3       Many::m1064 (14 bytes)   made not entrant: not used
1755 3465       3       Many::m1065 (14 bytes)
1755 3466       4       Many::m1065 (14 bytes)
1755 3465       3       Many::m1065 (14 bytes)   made not entrant: not used
1757 3467       3       Many::m1066 (14 bytes)
1757 3468       4       Many::m1066 (14 bytes)
1757 3467       3       Many::m1066 (14 bytes)   made not entrant: not used
1758 3469       3       Many::m1067 (14 bytes)
1758 3470       4       Many::m1067 (14 bytes)
1758 3469       3       Many::m1067 (14 bytes)   made not entrant: not used
1759 3471       3       Many::m1068 (14 bytes)
1759 3472       4       Many::m1068 (14 bytes)
1760 3471       3       Many::m1068 (14 bytes)   made not entrant: not used
1761 3473       3       Many::m1069 (14 bytes)
1761 3474       4       Many::m1069 (14 bytes)
1761 3473       3       Many::m1069 (14 bytes)   made not entrant: not used
1762 3475       3       Many::m1070 (14 bytes)
1762 3476       4       Many::m1070 (14 bytes)
1762 3475       3       Many::m1070 (14 bytes)   made not entrant: not used
1764 3477       3       Many::m1071 (14 bytes)
1764 3478       4       Many::m1071 (14 bytes)
1764 3477       3       Many::m1071 (14 bytes)   made not entrant: not used
1765 3479       3       Many::m1072 (14 bytes)
1765 3480       4       Many::m1072 (14 bytes)
1765 3479       3       Many::m1072 (14 bytes)   made not entrant: not used
1767 3481       3       Many::m1073 (14 bytes)
1767 3482       4       Many::m1073 (14 bytes)
1767 3481       3       Many::m1073 (14 bytes)   made not entrant: not used
1768 3483       3       Many::m1074 (14 bytes)
1768 3484       4       Many::m1074 (14 bytes)
1768 3483       3       Many::m1074 (14 bytes)   made not entrant: not used
1770 3485       3       Many::m1075 (14 bytes)
1770 3486       4       Many::m1075 (14 bytes)
1770 3485       3       Many::m1075 (14 bytes)   made not entrant: not used
1771 3487       3       Many::m1076 (14 bytes)
1771 3488       4       Many::m1076 (14 bytes)
1771 3487       3       Many::m1076 (14 bytes)   made not entrant: not used
1773 3489       3       Many::m1077 (14 bytes)
1773 3490       4       Many::m1077 (14 bytes)
1773 3489       3       Many::m1077 (14 bytes)   made not entrant: not used
1774 3491       3       Many::m1078 (14 bytes)
1774 3492       4       Many::m1078 (14 bytes)
1774 3491       3       Many::m1078 (14 bytes)   made not entrant: not used
1775 3493       3       Many::m1079 (14 bytes)
1776 3494       4       Many::m1079 (14 bytes)
1776 3493       3       Many::m1079 (14 bytes)   made not entrant: not used
1777 3495       3       Many::m1080 (14 bytes)
1777 3496       4       Many::m1080 (14 bytes)
1777 3495       3       Many::m1080 (14 bytes)   made not entrant: not used
1778 3497       3       Many::m1081 (14 bytes)
1778 3498       4       Many::m1081 (14 bytes)
1778 3497       3       Many::m1081 (14 bytes)   made not entrant: not used
1780 3499       3       Many::m1082 (14 bytes)
1780 3500       4       Many::m1082 (14 bytes)
1780 3499       3       Many::m1082 (14 bytes)   made not entrant: not used
1781 3501       3       Many::m1083 (14 bytes)
1781 3502       4       Many::m1083 (14 bytes)
1781 3501       3       Many::m1083 (14 bytes)   made not entrant: not used
1783 3503       3       Many::m1084 (14 bytes)
1783 3504       4       Many::m1084 (14 bytes)
1783 3503       3       Many::m1084 (14 bytes)   made not entrant: not used
1784 3505       3       Many::m1085 (14 bytes)
1784 3506       4       Many::m1085 (14 bytes)
1784 3505       3       Many::m1085 (14 bytes)   made not entrant: not used
1785 3507       3       Many::m1086 (14 bytes)
1786 3508       4       Many::m1086 (14 bytes)
1786 3507       3       Many::m1086 (14 bytes)   made not entrant: not used
1787 3509       3       Many::m1087 (14 bytes)
1787 3510       4       Many::m1087 (14 bytes)
1787 3509       3       Many::m1087 (14 bytes)   made not entrant: not used
1788 3511       3       Many::m1088 (14 bytes)
1789 3512       4       Many::m1088 (14 bytes)
1789 3511       3       Many::m1088 (14 bytes)   made not entrant: not used
1790 3513       3       Many::m1089 (14 bytes)
1790 3514       4       Many::m1089 (14 bytes)
1790 3513       3       Many::m1089 (14 bytes)   made not entrant: not used
1791 3515       3       Many::m1090 (14 bytes)
1792 3516       4       Many::m1090 (14 bytes)
1792 3515       3       Many::m1090 (14 bytes)   made not entrant: not used
1793 3517       3       Many::m1091 (14 bytes)
1793 3518       4       Many::m1091 (14 bytes)
1793 3517       3       Many::m1091 (14 bytes)   made not entrant: not used
1794 3519       3       Many::m1092 (14 bytes)
1794 3520       4       Many::m1092 (14 bytes)
1794 3519       3       Many::m1092 (14 bytes)   made not entrant: not used
1796 3521       3       Many::m1093 (14 bytes)
1796 3522       4       Many::m1093 (14 bytes)
1796 3521       3       Many::m1093 (14 bytes)   made not entrant: not used
1797 3523       3       Many::m1094 (14 bytes)
1797 3524       4       Many::m1094 (14 bytes)
1797 3523       3       Many::m1094 (14 bytes)   made not entrant: not used
1799 3525       3       Many::m1095 (14 bytes)
1799 3526       4       Many::m1095 (14 bytes)
1799 3525       3       Many::m1095 (14 bytes)   made not entrant: not used
1800 3527       3       Many::m1096 (14 bytes)
1800 3528       4       Many::m1096 (14 bytes)
1800 3527       3       Many::m1096 (14 bytes)   made not entrant: not used
1802 3529       3       Many::m1097 (14 bytes)
1802 3530       4       Many::m1097 (14 bytes)
1802 3529       3       Many::m1097 (14 bytes)   made not entrant: not used
1803 3531       3       Many::m1098 (14 bytes)
1803 3532       4       Many::m1098 (14 bytes)
1803 3531       3       Many::m1098 (14 bytes)   made not entrant: not used
1804 3533       3       Many::m1099 (14 bytes)
1805 3534       4       Many::m1099 (14 bytes)
1805 3533       3       Many::m1099 (14 bytes)   made not entrant: not used
1806 3535       3       Many::m1100 (14 bytes)
1806 3536       4       Many::m1100 (14 bytes)
1806 3535       3       Many::m1100 (14 bytes)   made not entrant: not used
1807 3537       3       Many::m1101 (14 bytes)
1807 3538       4       Many::m1101 (14 bytes)
1808 3537       3       Many::m1101 (14 bytes)   made not entrant: not used
1809 3539       3       Many::m1102 (14 bytes)
1809 3540       4       Many::m1102 (14 bytes)
1809 3539       3       Many::m1102 (14 bytes)   made not entrant: not used
1810 3541       3       Many::m1103 (14 bytes)
1810 3542       4       Many::m1103 (14 bytes)
1810 3541       3       Many::m1103 (14 bytes)   made not entrant: not used
1812 3543       3       Many::m1104 (14 bytes)
1812 3544       4       Many::m1104 (14 bytes)
1812 3543       3       Many::m1104 (14 bytes)   made not entrant: not used
1813 3545       3       Many::m1105 (14 bytes)
1813 3546       4       Many::m1105 (14 bytes)
1813 3545       3       Many::m1105 (14 bytes)   made not entrant: not used
1814 3547       3       Many::m1106 (14 bytes)
1815 3548       4       Many::m1106 (14 bytes)
1815 3547       3       Many::m1106 (14 bytes)   made not entrant: not used
1816 3549       3       Many::m1107 (14 bytes)
1816 3550       4       Many::m1107 (14 bytes)
1816 3549       3       Many::m1107 (14 bytes)   made not entrant: not used
1817 3551       3       Many::m1108 (14 bytes)
1817 3552       4       Many::m1108 (14 bytes)
1817 3551       3       Many::m1108 (14 bytes)   made not entrant: not used
1819 3553       3       Many::m1109 (14 bytes)
1819 3554       4       Many::m1109 (14 bytes)
1819 3553       3       Many::m1109 (14 bytes)   made not entrant: not used
1820 3555       3       Many::m1110 (14 bytes)
1820 3556       4       Many::m1110 (14 bytes)
1820 3555       3       Many::m1110 (14 bytes)   made not entrant: not used
1822 3557       3       Many::m1111 (14 bytes)
1822 3558       4       Many::m1111 (14 bytes)
1822 3557       3       Many::m1111 (14 bytes)   made not entrant: not used
1823 3559       3       Many::m1112 (14 bytes)
1823 3560       4       Many::m1112 (14 bytes)
1823 3559       3       Many::m1112 (14 bytes)   made not entrant: not used
1825 3561       3       Many::m1113 (14 bytes)
1825 3562       4       Many::m1113 (14 bytes)
1825 3561       3       Many::m1113 (14 bytes)   made not entrant: not used
1826 3563       3       Many::m1114 (14 bytes)
1826 3564       4       Many::m1114 (14 bytes)
1826 3563       3       Many::m1114 (14 bytes)   made not entrant: not used
1827 3565       3       Many::m1115 (14 bytes)
1827 3566       4       Many::m1115 (14 bytes)
1828 3565       3       Many::m1115 (14 bytes)   made not entrant: not used
1829 3567       3       Many::m1116 (14 bytes)
1829 3568       4       Many::m1116 (14 bytes)
1829 3567       3       Many::m1116 (14 bytes)   made not entrant: not used
1830 3569       3       Many::m1117 (14 bytes)
1830 3570       4       Many::m1117 (14 bytes)
1830 3569       3       Many::m1117 (14 bytes)   made not entrant: not used
1832 3571       3       Many::m1118 (14 bytes)
1832 3572       4       Many::m1118 (14 bytes)
1832 3571       3       Many::m1118 (14 bytes)   made not entrant: not used
1833 3573       3       Many::m1119 (14 bytes)
1833 3574       4       Many::m1119 (14 bytes)
1833 3573       3       Many::m1119 (14 bytes)   made not entrant: not used
1835 3575       3       Many::m1120 (14 bytes)
1835 3576       4       Many::m1120 (14 bytes)
1835 3575       3       Many::m1120 (14 bytes)   made not entrant: not used
1836 3577       3       Many::m1121 (14 bytes)
1836 3578       4       Many::m1121 (14 bytes)
1836 3577       3       Many::m1121 (14 bytes)   made not entrant: not used
1837 3579       3       Many::m1122 (14 bytes)
1838 3580       4       Many::m1122 (14 bytes)
1838 3579       3       Many::m1122 (14 bytes)   made not entrant: not used
1839 3581       3       Many::m1123 (14 bytes)
1839 3582       4       Many::m1123 (14 bytes)
1839 3581       3       Many::m1123 (14 bytes)   made not entrant: not used
1840 3583       3       Many::m1124 (14 bytes)
1841 3584       4       Many::m1124 (14 bytes)
1841 3583       3       Many::m1124 (14 bytes)   made not entrant: not used
1842 3585       3       Many::m1125 (14 bytes)
1842 3586       4       Many::m1125 (14 bytes)
1842 3585       3       Many::m1125 (14 bytes)   made not entrant: not used
1843 3587       3       Many::m1126 (14 bytes)
1843 3588       4       Many::m1126 (14 bytes)
1844 3587       3       Many::m1126 (14 bytes)   made not entrant: not used
1845 3589       3       Many::m1127 (14 bytes)
1845 3590       4       Many::m1127 (14 bytes)
1845 3589       3       Many::m1127 (14 bytes)   made not entrant: not used
1846 3591       3       Many::m1128 (14 bytes)
1846 3592       4       Many::m1128 (14 bytes)
1846 3591       3       Many::m1128 (14 bytes)   made not entrant: not used
1848 3593       3       Many::m1129 (14 bytes)
1848 3594       4       Many::m1129 (14 bytes)
1848 3593       3       Many::m1129 (14 bytes)   made not entrant: not used
1849 3595       3       Many::m1130 (14 bytes)
1849 3596       4       Many::m1130 (14 bytes)
1849 3595       3       Many::m1130 (14 bytes)   made not entrant: not used
1851 3597       3       Many::m1131 (14 bytes)
1851 3598       4       Many::m1131 (14 bytes)
1851 3597       3       Many::m1131 (14 bytes)   made not entrant: not used
1852 3599       3       Many::m1132 (14 bytes)
1852 3600       4       Many::m1132 (14 bytes)
1852 3599       3       Many::m1132 (14 bytes)   made not entrant: not used
1853 3601       3       Many::m1133 (14 bytes)
1853 3602       4       Many::m1133 (14 bytes)
1854 3601       3       Many::m1133 (14 bytes)   made not entrant: not used
1855 3603       3       Many::m1134 (14 bytes)
1855 3604       4       Many::m1134 (14 bytes)
1855 3603       3       Many::m1134 (14 bytes)   made not entrant: not used
1856 3605       3       Many::m1135 (14 bytes)
1856 3606       4       Many::m1135 (14 bytes)
1857 3605       3       Many::m1135 (14 bytes)   made not entrant: not used
1858 3607       3       Many::m1136 (14 bytes)
1858 3608       4       Many::m1136 (14 bytes)
1858 3607       3       Many::m1136 (14 bytes)   made not entrant: not used
1859 3609       3       Many::m1137 (14 bytes)
1859 3610       4       Many::m1137 (14 bytes)
1859 3609       3       Many::m1137 (14 bytes)   made not entrant: not used
1861 3611       3       Many::m1138 (14 bytes)
1861 3612       4       Many::m1138 (14 bytes)
1861 3611       3       Many::m1138 (14 bytes)   made not entrant: not used
1862 3613       3       Many::m1139 (14 bytes)
1862 3614       4       Many::m1139 (14 bytes)
1862 3613       3       Many::m1139 (14 bytes)   made not entrant: not used
1864 3615       3       Many::m1140 (14 bytes)
1864 3616       4       Many::m1140 (14 bytes)
1864 3615       3       Many::m1140 (14 bytes)   made not entrant: not used
1865 3617       3       Many::m1141 (14 bytes)
1865 3618       4       Many::m1141 (14 bytes)
1865 3617       3       Many::m1141 (14 bytes)   made not entrant: not used
1866 3619       3       Many::m1142 (14 bytes)
1867 3620       4       Many::m1142 (14 bytes)
1867 3619       3       Many::m1142 (14 bytes)   made not entrant: not used
1868 3621       3       Many::m1143 (14 bytes)
1868 3622       4       Many::m1143 (14 bytes)
1868 3621       3       Many::m1143 (14 bytes)   made not entrant: not used
1869 3623       3       Many::m1144 (14 bytes)
1869 3624       4       Many::m1144 (14 bytes)
1869 3623       3       Many::m1144 (14 bytes)   made not entrant: not used
1871 3625       3       Many::m1145 (14 bytes)
1871 3626       4       Many::m1145 (14 bytes)
1871 3625       3       Many::m1145 (14 bytes)   made not entrant: not used
1872 3627       3       Many::m1146 (14 bytes)
1872 3628       4       Many::m1146 (14 bytes)
1872 3627       3       Many::m1146 (14 bytes)   made not entrant: not used
1874 3629       3       Many::m1147 (14 bytes)
1874 3630       4       Many::m1147 (14 bytes)
1874 3629       3       Many::m1147 (14 bytes)   made not entrant: not used
1875 3631       3       Many::m1148 (14 bytes)
1875 3632       4       Many::m1148 (14 bytes)
1875 3631       3       Many::m1148 (14 bytes)   made not entrant: not used
1877 3633       3       Many::m1149 (14 bytes)
1877 3634       4       Many::m1149 (14 bytes)
1877 3633       3       Many::m1149 (14 bytes)   made not entrant: not used
1878 3635       3       Many::m1150 (14 bytes)
1878 3636       4       Many::m1150 (14 bytes)
1878 3635       3       Many::m1150 (14 bytes)   made not entrant: not used
1879 3637       3       Many::m1151 (14 bytes)
1880 3638       4       Many::m1151 (14 bytes)
1880 3637       3       Many::m1151 (14 bytes)   made not entrant: not used
1881 3639       3       Many::m1152 (14 bytes)
1881 3640       4       Many::m1152 (14 bytes)
1881 3639       3       Many::m1152 (14 bytes)   made not entrant: not used
1882 3641       3       Many::m1153 (14 bytes)
1882 3642       4       Many::m1153 (14 bytes)
1882 3641       3       Many::m1153 (14 bytes)   made not entrant: not used
1884 3643       3       Many::m1154 (14 bytes)
1884 3644       4       Many::m1154 (14 bytes)
1884 3643       3       Many::m1154 (14 bytes)   made not entrant: not used
1885 3645       3       Many::m1155 (14 bytes)
1885 3646       4       Many::m1155 (14 bytes)
1885 3645       3       Many::m1155 (14 bytes)   made not entrant: not used
1887 3647       3       Many::m1156 (14 bytes)
1887 3648       4       Many::m1156 (14 bytes)
1887 3647       3       Many::m1156 (14 bytes)   made not entrant: not used
1888 3649       3       Many::m1157 (14 bytes)
1888 3650       4       Many::m1157 (14 bytes)
1888 3649       3       Many::m1157 (14 bytes)   made not entrant: not used
1890 3651       3       Many::m1158 (14 bytes)
1890 3652       4       Many::m1158 (14 bytes)
1890 3651       3       Many::m1158 (14 bytes)   made not entrant: not used
1891 3653       3       Many::m1159 (14 bytes)
1891 3654       4       Many::m1159 (14 bytes)
1891 3653       3       Many::m1159 (14 bytes)   made not entrant: not used
1893 3655       3       Many::m1160 (14 bytes)
1893 3656       4       Many::m1160 (14 bytes)
1893 3655       3       Many::m1160 (14 bytes)   made not entrant: not used
1894 3657       3       Many::m1161 (14 bytes)
1894 3658       4       Many::m1161 (14 bytes)
1894 3657       3       Many::m1161 (14 bytes)   made not entrant: not used
1895 3659       3       Many::m1162 (14 bytes)
1896 3660       4       Many::m1162 (14 bytes)
1896 3659       3       Many::m1162 (14 bytes)   made not entrant: not used
1897 3661       3       Many::m1163 (14 bytes)
1897 3662       4       Many::m1163 (14 bytes)
1897 3661       3       Many::m1163 (14 bytes)   made not entrant: not used
1898 3663       3       Many::m1164 (14 bytes)
1898 3664       4       Many::m1164 (14 bytes)
1898 3663       3       Many::m1164 (14 bytes)   made not entrant: not used
1900 3665       3       Many::m1165 (14 bytes)
1900 3666       4       Many::m1165 (14 bytes)
1900 3665       3       Many::m1165 (14 bytes)   made not entrant: not used
1901 3667       3       Many::m1166 (14 bytes)
1901 3668       4       Many::m1166 (14 bytes)
1901 3667       3       Many::m1166 (14 bytes)   made not entrant: not used
1903 3669       3       Many::m1167 (14 bytes)
1903 3670       4       Many::m1167 (14 bytes)
1903 3669       3       Many::m1167 (14 bytes)   made not entrant: not used
1904 3671       3       Many::m1168 (14 bytes)
1904 3672       4       Many::m1168 (14 bytes)
1904 3671       3       Many::m1168 (14 bytes)   made not entrant: not used
1906 3673       3       Many::m1169 (14 bytes)
1906 3674       4       Many::m1169 (14 bytes)
1906 3673       3       Many::m1169 (14 bytes)   made not entrant: not used
1907 3675       3       Many::m1170 (14 bytes)
1907 3676       4       Many::m1170 (14 bytes)
1907 3675       3       Many::m1170 (14 bytes)   made not entrant: not used
1909 3677       3       Many::m1171 (14 bytes)
1909 3678       4       Many::m1171 (14 bytes)
1909 3677       3       Many::m1171 (14 bytes)   made not entrant: not used
1910 3679       3       Many::m1172 (14 bytes)
1910 3680       4       Many::m1172 (14 bytes)
1910 3679       3       Many::m1172 (14 bytes)   made not entrant: not used
1911 3681       3       Many::m1173 (14 bytes)
1911 3682       4       Many::m1173 (14 bytes)
1912 3681       3       Many::m1173 (14 bytes)   made not entrant: not used
1913 3683       3       Many::m1174 (14 bytes)
1913 3684       4       Many::m1174 (14 bytes)
1913 3683       3       Many::m1174 (14 bytes)   made not entrant: not used
1914 3685       3       Many::m1175 (14 bytes)
1914 3686       4       Many::m1175 (14 bytes)
1914 3685       3       Many::m1175 (14 bytes)   made not entrant: not used
1916 3687       3       Many::m1176 (14 bytes)
1916 3688       4       Many::m1176 (14 bytes)
1916 3687       3       Many::m1176 (14 bytes)   made not entrant: not used
1917 3689       3       Many::m1177 (14 bytes)
1917 3690       4       Many::m1177 (14 bytes)
1917 3689       3       Many::m1177 (14 bytes)   made not entrant: not used
1919 3691       3       Many::m1178 (14 bytes)
1919 3692       4       Many::m1178 (14 bytes)
1919 3691       3       Many::m1178 (14 bytes)   made not entrant: not used
1920 3693       3       Many::m1179 (14 bytes)
1920 3694       4       Many::m1179 (14 bytes)
1920 3693       3       Many::m1179 (14 bytes)   made not entrant: not used
1921 3695       3       Many::m1180 (14 bytes)
1922 3696       4       Many::m1180 (14 bytes)
1922 3695       3       Many::m1180 (14 bytes)   made not entrant: not used
1923 3697       3       Many::m1181 (14 bytes)
1923 3698       4       Many::m1181 (14 bytes)
1923 3697       3       Many::m1181 (14 bytes)   made not entrant: not used
1924 3699       3       Many::m1182 (14 bytes)
1924 3700       4       Many::m1182 (14 bytes)
1925 3699       3       Many::m1182 (14 bytes)   made not entrant: not used
1926 3701       3       Many::m1183 (14 bytes)
1926 3702       4       Many::m1183 (14 bytes)
1926 3701       3       Many::m1183 (14 bytes)   made not entrant: not used
1927 3703       3       Many::m1184 (14 bytes)
1927 3704       4       Many::m1184 (14 bytes)
1927 3703       3       Many::m1184 (14 bytes)   made not entrant: not used
1929 3705       3       Many::m1185 (14 bytes)
1929 3706       4       Many::m1185 (14 bytes)
1929 3705       3       Many::m1185 (14 bytes)   made not entrant: not used
1930 3707       3       Many::m1186 (14 bytes)
1930 3708       4       Many::m1186 (14 bytes)
1930 3707       3       Many::m1186 (14 bytes)   made not entrant: not used
1932 3709       3       Many::m1187 (14 bytes)
1932 3710       4       Many::m1187 (14 bytes)
1932 3709       3       Many::m1187 (14 bytes)   made not entrant: not used
1933 3711       3       Many::m1188 (14 bytes)
1933 3712       4       Many::m1188 (14 bytes)
1933 3711       3       Many::m1188 (14 bytes)   made not entrant: not used
1934 3713       3       Many::m1189 (14 bytes)
1935 3714       4       Many::m1189 (14 bytes)
1935 3713       3       Many::m1189 (14 bytes)   made not entrant: not used
1936 3715       3       Many::m1190 (14 bytes)
1936 3716       4       Many::m1190 (14 bytes)
1936 3715       3       Many::m1190 (14 bytes)   made not entrant: not used
1937 3717       3       Many::m1191 (14 bytes)
1937 3718       4       Many::m1191 (14 bytes)
1937 3717       3       Many::m1191 (14 bytes)   made not entrant: not used
1939 3719       3       Many::m1192 (14 bytes)
1939 3720       4       Many::m1192 (14 bytes)
1939 3719       3       Many::m1192 (14 bytes)   made not entrant: not used
1940 3721       3       Many::m1193 (14 bytes)
1940 3722       4       Many::m1193 (14 bytes)
1940 3721       3       Many::m1193 (14 bytes)   made not entrant: not used
1942 3723       3       Many::m1194 (14 bytes)
1942 3724       4       Many::m1194 (14 bytes)
1942 3723       3       Many::m1194 (14 bytes)   made not entrant: not used
1943 3725       3       Many::m1195 (14 bytes)
1943 3726       4       Many::m1195 (14 bytes)
1943 3725       3       Many::m1195 (14 bytes)   made not entrant: not used
1945 3727       3       Many::m1196 (14 bytes)
1945 3728       4       Many::m1196 (14 bytes)
1945 3727       3       Many::m1196 (14 bytes)   made not entrant: not used
1946 3729       3       Many::m1197 (14 bytes)
1946 3730       4       Many::m1197 (14 bytes)
1946 3729       3       Many::m1197 (14 bytes)   made not entrant: not used
1947 3731       3       Many::m1198 (14 bytes)
1947 3732       4       Many::m1198 (14 bytes)
1948 3731       3       Many::m1198 (14 bytes)   made not entrant: not used
1949 3733       3       Many::m1199 (14 bytes)
1949 3734       4       Many::m1199 (14 bytes)
1949 3733       3       Many::m1199 (14 bytes)   made not entrant: not used
1950 3735       3       Many::m1200 (14 bytes)
1950 3736       4       Many::m1200 (14 bytes)
1950 3735       3       Many::m1200 (14 bytes)   made not entrant: not used
1952 3737       3       Many::m1201 (14 bytes)
1952 3738       4       Many::m1201 (14 bytes)
1952 3737       3       Many::m1201 (14 bytes)   made not entrant: not used
1953 3739       3       Many::m1202 (14 bytes)
1953 3740       4       Many::m1202 (14 bytes)
1953 3739       3       Many::m1202 (14 bytes)   made not entrant: not used
1955 3741       3       Many::m1203 (14 bytes)
1955 3742       4       Many::m1203 (14 bytes)
1955 3741       3       Many::m1203 (14 bytes)   made not entrant: not used
1956 3743       3       Many::m1204 (14 bytes)
1956 3744       4       Many::m1204 (14 bytes)
1956 3743       3       Many::m1204 (14 bytes)   made not entrant: not used
1957 3745       3       Many::m1205 (14 bytes)
1958 3746       4       Many::m1205 (14 bytes)
1958 3745       3       Many::m1205 (14 bytes)   made not entrant: not used
1959 3747       3       Many::m1206 (14 bytes)
1959 3748       4       Many::m1206 (14 bytes)
1959 3747       3       Many::m1206 (14 bytes)   made not entrant: not used
1960 3749       3       Many::m1207 (14 bytes)
1960 3750       4       Many::m1207 (14 bytes)
1961 3749       3       Many::m1207 (14 bytes)   made not entrant: not used
1962 3751       3       Many::m1208 (14 bytes)
1962 3752       4       Many::m1208 (14 bytes)
1962 3751       3       Many::m1208 (14 bytes)   made not entrant: not used
1963 3753       3       Many::m1209 (14 bytes)
1963 3754       4       Many::m1209 (14 bytes)
1963 3753       3       Many::m1209 (14 bytes)   made not entrant: not used
1965 3755       3       Many::m1210 (14 bytes)
1965 3756       4       Many::m1210 (14 bytes)
1965 3755       3       Many::m1210 (14 bytes)   made not entrant: not used
1966 3757       3       Many::m1211 (14 bytes)
1966 3758       4       Many::m1211 (14 bytes)
1966 3757       3       Many::m1211 (14 bytes)   made not entrant: not used
1967 3759       3       Many::m1212 (14 bytes)
1968 3760       4       Many::m1212 (14 bytes)
1968 3759       3       Many::m1212 (14 bytes)   made not entrant: not used
1969 3761       3       Many::m1213 (14 bytes)
1969 3762       4       Many::m1213 (14 bytes)
1969 3761       3       Many::m1213 (14 bytes)   made not entrant: not used
1970 3763       3       Many::m1214 (14 bytes)
1971 3764       4       Many::m1214 (14 bytes)
1971 3763       3       Many::m1214 (14 bytes)   made not entrant: not used
1972 3765       3       Many::m1215 (14 bytes)
1972 3766       4       Many::m1215 (14 bytes)
1972 3765       3       Many::m1215 (14 bytes)   made not entrant: not used
1973 3767       3       Many::m1216 (14 bytes)
1974 3768       4       Many::m1216 (14 bytes)
1974 3767       3       Many::m1216 (14 bytes)   made not entrant: not used
1975 3769       3       Many::m1217 (14 bytes)
1975 3770       4       Many::m1217 (14 bytes)
1975 3769       3       Many::m1217 (14 bytes)   made not entrant: not used
1976 3771       3       Many::m1218 (14 bytes)
1976 3772       4       Many::m1218 (14 bytes)
1977 3771       3       Many::m1218 (14 bytes)   made not entrant: not used
1978 3773       3       Many::m1219 (14 bytes)
1978 3774       4       Many::m1219 (14 bytes)
1978 3773       3       Many::m1219 (14 bytes)   made not entrant: not used
1979 3775       3       Many::m1220 (14 bytes)
1979 3776       4       Many::m1220 (14 bytes)
1979 3775       3       Many::m1220 (14 bytes)   made not entrant: not used
1981 3777       3       Many::m1221 (14 bytes)
1981 3778       4       Many::m1221 (14 bytes)
1981 3777       3       Many::m1221 (14 bytes)   made not entrant: not used
1982 3779       3       Many::m1222 (14 bytes)
1982 3780       4       Many::m1222 (14 bytes)
1982 3779       3       Many::m1222 (14 bytes)   made not entrant: not used
1983 3781       3       Many::m1223 (14 bytes)
1984 3782       4       Many::m1223 (14 bytes)
1984 3781       3       Many::m1223 (14 bytes)   made not entrant: not used
1985 3783       3       Many::m1224 (14 bytes)
1985 3784       4       Many::m1224 (14 bytes)
1985 3783       3       Many::m1224 (14 bytes)   made not entrant: not used
1986 3785       3       Many::m1225 (14 bytes)
1986 3786       4       Many::m1225 (14 bytes)
1987 3785       3       Many::m1225 (14 bytes)   made not entrant: not used
1988 3787       3       Many::m1226 (14 bytes)
1988 3788       4       Many::m1226 (14 bytes)
1988 3787       3       Many::m1226 (14 bytes)   made not entrant: not used
1989 3789       3       Many::m1227 (14 bytes)
1989 3790       4       Many::m1227 (14 bytes)
1990 3789       3       Many::m1227 (14 bytes)   made not entrant: not used
1991 3791       3       Many::m1228 (14 bytes)
1991 3792       4       Many::m1228 (14 bytes)
1991 3791       3       Many::m1228 (14 bytes)   made not entrant: not used
1992 3793       3       Many::m1229 (14 bytes)
1992 3794       4       Many::m1229 (14 bytes)
1992 3793       3       Many::m1229 (14 bytes)   made not entrant: not used
1994 3795       3       Many::m1230 (14 bytes)
1994 3796       4       Many::m1230 (14 bytes)
1994 3795       3       Many::m1230 (14 bytes)   made not entrant: not used
1995 3797       3       Many::m1231 (14 bytes)
1995 3798       4       Many::m1231 (14 bytes)
1995 3797       3       Many::m1231 (14 bytes)   made not entrant: not used
1996 3799       3       Many::m1232 (14 bytes)
1997 3800       4       Many::m1232 (14 bytes)
1997 3799       3       Many::m1232 (14 bytes)   made not entrant: not used
1998 3801       3       Many::m1233 (14 bytes)
1998 3802       4       Many::m1233 (14 bytes)
1998 3801       3       Many::m1233 (14 bytes)   made not entrant: not used
1999 3803       3       Many::m1234 (14 bytes)
2000 3804       4       Many::m1234 (14 bytes)
2000 3803       3       Many::m1234 (14 bytes)   made not entrant: not used
2001 3805       3       Many::m1235 (14 bytes)
2001 3806       4       Many::m1235 (14 bytes)
2001 3805       3       Many::m1235 (14 bytes)   made not entrant: not used
2002 3807       3       Many::m1236 (14 bytes)
2002 3808       4       Many::m1236 (14 bytes)
2002 3807       3       Many::m1236 (14 bytes)   made not entrant: not used
2004 3809       3       Many::m1237 (14 bytes)
2004 3810       4       Many::m1237 (14 bytes)
2004 3809       3       Many::m1237 (14 bytes)   made not entrant: not used
2005 3811       3       Many::m1238 (14 bytes)
2005 3812       4       Many::m1238 (14 bytes)
2005 3811       3       Many::m1238 (14 bytes)   made not entrant: not used
2007 3813       3       Many::m1239 (14 bytes)
2007 3814       4       Many::m1239 (14 bytes)
2007 3813       3       Many::m1239 (14 bytes)   made not entrant: not used
2008 3815       3       Many::m1240 (14 bytes)
2008 3816       4       Many::m1240 (14 bytes)
2008 3815       3       Many::m1240 (14 bytes)   made not entrant: not used
2010 3817       3       Many::m1241 (14 bytes)
2010 3818       4       Many::m1241 (14 bytes)
2010 3817       3       Many::m1241 (14 bytes)   made not entrant: not used
2011 3819       3       Many::m1242 (14 bytes)
2011 3820       4       Many::m1242 (14 bytes)
2011 3819       3       Many::m1242 (14 bytes)   made not entrant: not used
2013 3821       3       Many::m1243 (14 bytes)
2013 3822       4       Many::m1243 (14 bytes)
2013 3821       3       Many::m1243 (14 bytes)   made not entrant: not used
2014 3823       3       Many::m1244 (14 bytes)
2014 3824       4       Many::m1244 (14 bytes)
2014 3823       3       Many::m1244 (14 bytes)   made not entrant: not used
2015 3825       3       Many::m1245 (14 bytes)
2015 3826       4       Many::m1245 (14 bytes)
2016 3825       3       Many::m1245 (14 bytes)   made not entrant: not used
2017 3827       3       Many::m1246 (14 bytes)
2017 3828       4       Many::m1246 (14 bytes)
2017 3827       3       Many::m1246 (14 bytes)   made not entrant: not used
2018 3829       3       Many::m1247 (14 bytes)
2018 3830       4       Many::m1247 (14 bytes)
2018 3829       3       Many::m1247 (14 bytes)   made not entrant: not used
2020 3831       3       Many::m1248 (14 bytes)
2020 3832       4       Many::m1248 (14 bytes)
2020 3831       3       Many::m1248 (14 bytes)   made not entrant: not used
2021 3833       3       Many::m1249 (14 bytes)
2021 3834       4       Many::m1249 (14 bytes)
2021 3833       3       Many::m1249 (14 bytes)   made not entrant: not used
2023 3835       3       Many::m1250 (14 bytes)
2023 3836       4       Many::m1250 (14 bytes)
2023 3835       3       Many::m1250 (14 bytes)   made not entrant: not used
2024 3837       3       Many::m1251 (14 bytes)
2024 3838       4       Many::m1251 (14 bytes)
2024 3837       3       Many::m1251 (14 bytes)   made not entrant: not used
2026 3839       3       Many::m1252 (14 bytes)
2026 3840       4       Many::m1252 (14 bytes)
2026 3839       3       Many::m1252 (14 bytes)   made not entrant: not used
2027 3841       3       Many::m1253 (14 bytes)
2027 3842       4       Many::m1253 (14 bytes)
2027 3841       3       Many::m1253 (14 bytes)   made not entrant: not used
2028 3843       3       Many::m1254 (14 bytes)
2029 3844       4       Many::m1254 (14 bytes)
2029 3843       3       Many::m1254 (14 bytes)   made not entrant: not used
2030 3845       3       Many::m1255 (14 bytes)
2030 3846       4       Many::m1255 (14 bytes)
2030 3845       3       Many::m1255 (14 bytes)   made not entrant: not used
2031 3847       3       Many::m1256 (14 bytes)
2032 3848       4       Many::m1256 (14 bytes)
2032 3847       3       Many::m1256 (14 bytes)   made not entrant: not used
2033 3849       3       Many::m1257 (14 bytes)
2033 3850       4       Many::m1257 (14 bytes)
2033 3849       3       Many::m1257 (14 bytes)   made not entrant: not used
2034 3851       3       Many::m1258 (14 bytes)
2035 3852       4       Many::m1258 (14 bytes)
2035 3851       3       Many::m1258 (14 bytes)   made not entrant: not used
2036 3853       3       Many::m1259 (14 bytes)
2036 3854       4       Many::m1259 (14 bytes)
2036 3853       3       Many::m1259 (14 bytes)   made not entrant: not used
2037 3855       3       Many::m1260 (14 bytes)
2037 3856       4       Many::m1260 (14 bytes)
2038 3855       3       Many::m1260 (14 bytes)   made not entrant: not used
2039 3857       3       Many::m1261 (14 bytes)
2039 3858       4       Many::m1261 (14 bytes)
2039 3857       3       Many::m1261 (14 bytes)   made not entrant: not used
2040 3859       3       Many::m1262 (14 bytes)
2041 3860       4       Many::m1262 (14 bytes)
2041 3859       3       Many::m1262 (14 bytes)   made not entrant: not used
2042 3861       3       Many::m1263 (14 bytes)
2042 3862       4       Many::m1263 (14 bytes)
2042 3861       3       Many::m1263 (14 bytes)   made not entrant: not used
2043 3863       3       Many::m1264 (14 bytes)
2043 3864       4       Many::m1264 (14 bytes)
2044 3863       3       Many::m1264 (14 bytes)   made not entrant: not used
2045 3865       3       Many::m1265 (14 bytes)
2045 3866       4       Many::m1265 (14 bytes)
2045 3865       3       Many::m1265 (14 bytes)   made not entrant: not used
2046 3867       3       Many::m1266 (14 bytes)
2046 3868       4       Many::m1266 (14 bytes)
2046 3867       3       Many::m1266 (14 bytes)   made not entrant: not used
2048 3869       3       Many::m1267 (14 bytes)
2048 3870       4       Many::m1267 (14 bytes)
2048 3869       3       Many::m1267 (14 bytes)   made not entrant: not used
2049 3871       3       Many::m1268 (14 bytes)
2049 3872       4       Many::m1268 (14 bytes)
2049 3871       3       Many::m1268 (14 bytes)   made not entrant: not used
2051 3873       3       Many::m1269 (14 bytes)
2051 3874       4       Many::m1269 (14 bytes)
2051 3873       3       Many::m1269 (14 bytes)   made not entrant: not used
2052 3875       3       Many::m1270 (14 bytes)
2052 3876       4       Many::m1270 (14 bytes)
2052 3875       3       Many::m1270 (14 bytes)   made not entrant: not used
2053 3877       3       Many::m1271 (14 bytes)
2054 3878       4       Many::m1271 (14 bytes)
2054 3877       3       Many::m1271 (14 bytes)   made not entrant: not used
2055 3879       3       Many::m1272 (14 bytes)
2055 3880       4       Many::m1272 (14 bytes)
2055 3879       3       Many::m1272 (14 bytes)   made not entrant: not used
2057 3881       3       Many::m1273 (14 bytes)
2057 3882       4       Many::m1273 (14 bytes)
2057 3881       3       Many::m1273 (14 bytes)   made not entrant: not used
2058 3883       3       Many::m1274 (14 bytes)
2058 3884       4       Many::m1274 (14 bytes)
2059 3883       3       Many::m1274 (14 bytes)   made not entrant: not used
2060 3885       3       Many::m1275 (14 bytes)
2060 3886       4       Many::m1275 (14 bytes)
2060 3885       3       Many::m1275 (14 bytes)   made not entrant: not used
2061 3887       3       Many::m1276 (14 bytes)
2061 3888       4       Many::m1276 (14 bytes)
2061 3887       3       Many::m1276 (14 bytes)   made not entrant: not used
2063 3889       3       Many::m1277 (14 bytes)
2063 3890       4       Many::m1277 (14 bytes)
2063 3889       3       Many::m1277 (14 bytes)   made not entrant: not used
2064 3891       3       Many::m1278 (14 bytes)
2064 3892       4       Many::m1278 (14 bytes)
2064 3891       3       Many::m1278 (14 bytes)   made not entrant: not used
2065 3893       3       Many::m1279 (14 bytes)
2066 3894       4       Many::m1279 (14 bytes)
2066 3893       3       Many::m1279 (14 bytes)   made not entrant: not used
2067 3895       3       Many::m1280 (14 bytes)
2067 3896       4       Many::m1280 (14 bytes)
2067 3895       3       Many::m1280 (14 bytes)   made not entrant: not used
2068 3897       3       Many::m1281 (14 bytes)
2069 3898       4       Many::m1281 (14 bytes)
2069 3897       3       Many::m1281 (14 bytes)   made not entrant: not used
2070 3899       3       Many::m1282 (14 bytes)
2070 3900       4       Many::m1282 (14 bytes)
2070 3899       3       Many::m1282 (14 bytes)   made not entrant: not used
2071 3901       3       Many::m1283 (14 bytes)
2071 3902       4       Many::m1283 (14 bytes)
2071 3901       3       Many::m1283 (14 bytes)   made not entrant: not used
2073 3903       3       Many::m1284 (14 bytes)
2073 3904       4       Many::m1284 (14 bytes)
2073 3903       3       Many::m1284 (14 bytes)   made not entrant: not used
2074 3905       3       Many::m1285 (14 bytes)
2075 3906       4       Many::m1285 (14 bytes)
2075 3905       3       Many::m1285 (14 bytes)   made not entrant: not used
2076 3907       3       Many::m1286 (14 bytes)
2076 3908       4       Many::m1286 (14 bytes)
2076 3907       3       Many::m1286 (14 bytes)   made not entrant: not used
2077 3909       3       Many::m1287 (14 bytes)
2077 3910       4       Many::m1287 (14 bytes)
2077 3909       3       Many::m1287 (14 bytes)   made not entrant: not used
2079 3911       3       Many::m1288 (14 bytes)
2079 3912       4       Many::m1288 (14 bytes)
2079 3911       3       Many::m1288 (14 bytes)   made not entrant: not used
2080 3913       3       Many::m1289 (14 bytes)
2080 3914       4       Many::m1289 (14 bytes)
2080 3913       3       Many::m1289 (14 bytes)   made not entrant: not used
2082 3915       3       Many::m1290 (14 bytes)
2082 3916       4       Many::m1290 (14 bytes)
2082 3915       3       Many::m1290 (14 bytes)   made not entrant: not used
2083 3917       3       Many::m1291 (14 bytes)
2083 3918       4       Many::m1291 (14 bytes)
2083 3917       3       Many::m1291 (14 bytes)   made not entrant: not used
2085 3919       3       Many::m1292 (14 bytes)
2085 3920       4       Many::m1292 (14 bytes)
2085 3919       3       Many::m1292 (14 bytes)   made not entrant: not used
2086 3921       3       Many::m1293 (14 bytes)
2086 3922       4       Many::m1293 (14 bytes)
2086 3921       3       Many::m1293 (14 bytes)   made not entrant: not used
2087 3923       3       Many::m1294 (14 bytes)
2088 3924       4       Many::m1294 (14 bytes)
2088 3923       3       Many::m1294 (14 bytes)   made not entrant: not used
2089 3925       3       Many::m1295 (14 bytes)
2089 3926       4       Many::m1295 (14 bytes)
2089 3925       3       Many::m1295 (14 bytes)   made not entrant: not used
2090 3927       3       Many::m1296 (14 bytes)
2091 3928       4       Many::m1296 (14 bytes)
2091 3927       3       Many::m1296 (14 bytes)   made not entrant: not used
2092 3929       3       Many::m1297 (14 bytes)
2092 3930       4       Many::m1297 (14 bytes)
2092 3929       3       Many::m1297 (14 bytes)   made not entrant: not used
2094 3931       3       Many::m1298 (14 bytes)
2094 3932       4       Many::m1298 (14 bytes)
2094 3931       3       Many::m1298 (14 bytes)   made not entrant: not used
2095 3933       3       Many::m1299 (14 bytes)
2095 3934       4       Many::m1299 (14 bytes)
2095 3933       3       Many::m1299 (14 bytes)   made not entrant: not used
2096 3935       3       Many::m1300 (14 bytes)
2097 3936       4       Many::m1300 (14 bytes)
2097 3935       3       Many::m1300 (14 bytes)   made not entrant: not used
2098 3937       3       Many::m1301 (14 bytes)
2098 3938       4       Many::m1301 (14 bytes)
2098 3937       3       Many::m1301 (14 bytes)   made not entrant: not used
2099 3939       3       Many::m1302 (14 bytes)
2099 3940       4       Many::m1302 (14 bytes)
2100 3939       3       Many::m1302 (14 bytes)   made not entrant: not used
2101 3941       3       Many::m1303 (14 bytes)
2101 3942       4       Many::m1303 (14 bytes)
2101 3941       3       Many::m1303 (14 bytes)   made not entrant: not used
2102 3943       3       Many::m1304 (14 bytes)
2102 3944       4       Many::m1304 (14 bytes)
2102 3943       3       Many::m1304 (14 bytes)   made not entrant: not used
2104 3945       3       Many::m1305 (14 bytes)
2104 3946       4       Many::m1305 (14 bytes)
2104 3945       3       Many::m1305 (14 bytes)   made not entrant: not used
2105 3947       3       Many::m1306 (14 bytes)
2105 3948       4       Many::m1306 (14 bytes)
2105 3947       3       Many::m1306 (14 bytes)   made not entrant: not used
2107 3949       3       Many::m1307 (14 bytes)
2107 3950       4       Many::m1307 (14 bytes)
2107 3949       3       Many::m1307 (14 bytes)   made not entrant: not used
2108 3951       3       Many::m1308 (14 bytes)
2108 3952       4       Many::m1308 (14 bytes)
2109 3951       3       Many::m1308 (14 bytes)   made not entrant: not used
2110 3953       3       Many::m1309 (14 bytes)
2110 3954       4       Many::m1309 (14 bytes)
2110 3953       3       Many::m1309 (14 bytes)   made not entrant: not used
2111 3955       3       Many::m1310 (14 bytes)
2111 3956       4       Many::m1310 (14 bytes)
2111 3955       3       Many::m1310 (14 bytes)   made not entrant: not used
2113 3957       3       Many::m1311 (14 bytes)
2113 3958       4       Many::m1311 (14 bytes)
2113 3957       3       Many::m1311 (14 bytes)   made not entrant: not used
2114 3959       3       Many::m1312 (14 bytes)
2114 3960       4       Many::m1312 (14 bytes)
2114 3959       3       Many::m1312 (14 bytes)   made not entrant: not used
2115 3961       3       Many::m1313 (14 bytes)
2116 3962       4       Many::m1313 (14 bytes)
2116 3961       3       Many::m1313 (14 bytes)   made not entrant: not used
2117 3963       3       Many::m1314 (14 bytes)
2117 3964       4       Many::m1314 (14 bytes)
2117 3963       3       Many::m1314 (14 bytes)   made not entrant: not used
2118 3965       3       Many::m1315 (14 bytes)
2118 3966       4       Many::m1315 (14 bytes)
2118 3965       3       Many::m1315 (14 bytes)   made not entrant: not used
2120 3967       3       Many::m1316 (14 bytes)
2120 3968       4       Many::m1316 (14 bytes)
2120 3967       3       Many::m1316 (14 bytes)   made not entrant: not used
2121 3969       3       Many::m1317 (14 bytes)
2121 3970       4       Many::m1317 (14 bytes)
2121 3969       3       Many::m1317 (14 bytes)   made not entrant: not used
2123 3971       3       Many::m1318 (14 bytes)
2123 3972       4       Many::m1318 (14 bytes)
2123 3971       3       Many::m1318 (14 bytes)   made not entrant: not used
2124 3973       3       Many::m1319 (14 bytes)
2124 3974       4       Many::m1319 (14 bytes)
2125 3973       3       Many::m1319 (14 bytes)   made not entrant: not used
2126 3975       3       Many::m1320 (14 bytes)
2126 3976       4       Many::m1320 (14 bytes)
2126 3975       3       Many::m1320 (14 bytes)   made not entrant: not used
2127 3977       3       Many::m1321 (14 bytes)
2127 3978       4       Many::m1321 (14 bytes)
2127 3977       3       Many::m1321 (14 bytes)   made not entrant: not used
2129 3979       3       Many::m1322 (14 bytes)
2129 3980       4       Many::m1322 (14 bytes)
2129 3979       3       Many::m1322 (14 bytes)   made not entrant: not used
2130 3981       3       Many::m1323 (14 bytes)
2130 3982       4       Many::m1323 (14 bytes)
2130 3981       3       Many::m1323 (14 bytes)   made not entrant: not used
2132 3983       3       Many::m1324 (14 bytes)
2132 3984       4       Many::m1324 (14 bytes)
2132 3983       3       Many::m1324 (14 bytes)   made not entrant: not used
2133 3985       3       Many::m1325 (14 bytes)
2133 3986       4       Many::m1325 (14 bytes)
2133 3985       3       Many::m1325 (14 bytes)   made not entrant: not used
2134 3987       3       Many::m1326 (14 bytes)
2135 3988       4       Many::m1326 (14 bytes)
2135 3987       3       Many::m1326 (14 bytes)   made not entrant: not used
2136 3989       3       Many::m1327 (14 bytes)
2136 3990       4       Many::m1327 (14 bytes)
2136 3989       3       Many::m1327 (14 bytes)   made not entrant: not used
2137 3991       3       Many::m1328 (14 bytes)
2137 3992       4       Many::m1328 (14 bytes)
2137 3991       3       Many::m1328 (14 bytes)   made not entrant: not used
2139 3993       3       Many::m1329 (14 bytes)
2139 3994       4       Many::m1329 (14 bytes)
2139 3993       3       Many::m1329 (14 bytes)   made not entrant: not used
2140 3995       3       Many::m1330 (14 bytes)
2141 3996       4       Many::m1330 (14 bytes)
2141 3995       3       Many::m1330 (14 bytes)   made not entrant: not used
2142 3997       3       Many::m1331 (14 bytes)
2142 3998       4       Many::m1331 (14 bytes)
2142 3997       3       Many::m1331 (14 bytes)   made not entrant: not used
2143 3999       3       Many::m1332 (14 bytes)
2143 4000       4       Many::m1332 (14 bytes)
2144 3999       3       Many::m1332 (14 bytes)   made not entrant: not used
2145 4001       3       Many::m1333 (14 bytes)
2145 4002       4       Many::m1333 (14 bytes)
2145 4001       3       Many::m1333 (14 bytes)   made not entrant: not used
2146 4003       3       Many::m1334 (14 bytes)
2146 4004       4       Many::m1334 (14 bytes)
2146 4003       3       Many::m1334 (14 bytes)   made not entrant: not used
2148 4005       3       Many::m1335 (14 bytes)
2148 4006       4       Many::m1335 (14 bytes)
2148 4005       3       Many::m1335 (14 bytes)   made not entrant: not used
2149 4007       3       Many::m1336 (14 bytes)
2149 4008       4       Many::m1336 (14 bytes)
2149 4007       3       Many::m1336 (14 bytes)   made not entrant: not used
2150 4009       3       Many::m1337 (14 bytes)
2151 4010       4       Many::m1337 (14 bytes)
2151 4009       3       Many::m1337 (14 bytes)   made not entrant: not used
2152 4011       3       Many::m1338 (14 bytes)
2152 4012       4       Many::m1338 (14 bytes)
2152 4011       3       Many::m1338 (14 bytes)   made not entrant: not used
2153 4013       3       Many::m1339 (14 bytes)
2153 4014       4       Many::m1339 (14 bytes)
2154 4013       3       Many::m1339 (14 bytes)   made not entrant: not used
2155 4015       3       Many::m1340 (14 bytes)
2155 4016       4       Many::m1340 (14 bytes)
2155 4015       3       Many::m1340 (14 bytes)   made not entrant: not used
2156 4017       3       Many::m1341 (14 bytes)
2157 4018       4       Many::m1341 (14 bytes)
2157 4017       3       Many::m1341 (14 bytes)   made not entrant: not used
2158 4019       3       Many::m1342 (14 bytes)
2158 4020       4       Many::m1342 (14 bytes)
2158 4019       3       Many::m1342 (14 bytes)   made not entrant: not used
2159 4021       3       Many::m1343 (14 bytes)
2159 4022       4       Many::m1343 (14 bytes)
2160 4021       3       Many::m1343 (14 bytes)   made not entrant: not used
2161 4023       3       Many::m1344 (14 bytes)
2161 4024       4       Many::m1344 (14 bytes)
2161 4023       3       Many::m1344 (14 bytes)   made not entrant: not used
2162 4025       3       Many::m1345 (14 bytes)
2162 4026       4       Many::m1345 (14 bytes)
2162 4025       3       Many::m1345 (14 bytes)   made not entrant: not used
2164 4027       3       Many::m1346 (14 bytes)
2164 4028       4       Many::m1346 (14 bytes)
2164 4027       3       Many::m1346 (14 bytes)   made not entrant: not used
2165 4029       3       Many::m1347 (14 bytes)
2165 4030       4       Many::m1347 (14 bytes)
2165 4029       3       Many::m1347 (14 bytes)   made not entrant: not used
2167 4031       3       Many::m1348 (14 bytes)
2167 4032       4       Many::m1348 (14 bytes)
2167 4031       3       Many::m1348 (14 bytes)   made not entrant: not used
2168 4033       3       Many::m1349 (14 bytes)
2168 4034       4       Many::m1349 (14 bytes)
2168 4033       3       Many::m1349 (14 bytes)   made not entrant: not used
2169 4035       3       Many::m1350 (14 bytes)
2170 4036       4       Many::m1350 (14 bytes)
2170 4035       3       Many::m1350 (14 bytes)   made not entrant: not used
2171 4037       3       Many::m1351 (14 bytes)
2171 4038       4       Many::m1351 (14 bytes)
2171 4037       3       Many::m1351 (14 bytes)   made not entrant: not used
2172 4039       3       Many::m1352 (14 bytes)
2173 4040       4       Many::m1352 (14 bytes)
2173 4039       3       Many::m1352 (14 bytes)   made not entrant: not used
2174 4041       3       Many::m1353 (14 bytes)
2174 4042       4       Many::m1353 (14 bytes)
2174 4041       3       Many::m1353 (14 bytes)   made not entrant: not used
2176 4043       3       Many::m1354 (14 bytes)
2176 4044       4       Many::m1354 (14 bytes)
2176 4043       3       Many::m1354 (14 bytes)   made not entrant: not used
2177 4045       3       Many::m1355 (14 bytes)
2177 4046       4       Many::m1355 (14 bytes)
2177 4045       3       Many::m1355 (14 bytes)   made not entrant: not used
2179 4047       3       Many::m1356 (14 bytes)
2179 4048       4       Many::m1356 (14 bytes)
2179 4047       3       Many::m1356 (14 bytes)   made not entrant: not used
2180 4049       3       Many::m1357 (14 bytes)
2180 4050       4       Many::m1357 (14 bytes)
2180 4049       3       Many::m1357 (14 bytes)   made not entrant: not used
2181 4051       3       Many::m1358 (14 bytes)
2182 4052       4       Many::m1358 (14 bytes)
2182 4051       3       Many::m1358 (14 bytes)   made not entrant: not used
2183 4053       3       Many::m1359 (14 bytes)
2183 4054       4       Many::m1359 (14 bytes)
2183 4053       3       Many::m1359 (14 bytes)   made not entrant: not used
2184 4055       3       Many::m1360 (14 bytes)
2184 4056       4       Many::m1360 (14 bytes)
2184 4055       3       Many::m1360 (14 bytes)   made not entrant: not used
2186 4057       3       Many::m1361 (14 bytes)
2186 4058       4       Many::m1361 (14 bytes)
2186 4057       3       Many::m1361 (14 bytes)   made not entrant: not used
2187 4059       3       Many::m1362 (14 bytes)
2187 4060       4       Many::m1362 (14 bytes)
2187 4059       3       Many::m1362 (14 bytes)   made not entrant: not used
2189 4061       3       Many::m1363 (14 bytes)
2189 4062       4       Many::m1363 (14 bytes)
2189 4061       3       Many::m1363 (14 bytes)   made not entrant: not used
2190 4063       3       Many::m1364 (14 bytes)
2191 4064       4       Many::m1364 (14 bytes)
2191 4063       3       Many::m1364 (14 bytes)   made not entrant: not used
2192 4065       3       Many::m1365 (14 bytes)
2192 4066       4       Many::m1365 (14 bytes)
2192 4065       3       Many::m1365 (14 bytes)   made not entrant: not used
2193 4067       3       Many::m1366 (14 bytes)
2194 4068       4       Many::m1366 (14 bytes)
2194 4067       3       Many::m1366 (14 bytes)   made not entrant: not used
2195 4069       3       Many::m1367 (14 bytes)
2195 4070       4       Many::m1367 (14 bytes)
2195 4069       3       Many::m1367 (14 bytes)   made not entrant: not used
2196 4071       3       Many::m1368 (14 bytes)
2196 4072       4       Many::m1368 (14 bytes)
2196 4071       3       Many::m1368 (14 bytes)   made not entrant: not used
2198 4073       3       Many::m1369 (14 bytes)
2198 4074       4       Many::m1369 (14 bytes)
2198 4073       3       Many::m1369 (14 bytes)   made not entrant: not used
2199 4075       3       Many::m1370 (14 bytes)
2199 4076       4       Many::m1370 (14 bytes)
2199 4075       3       Many::m1370 (14 bytes)   made not entrant: not used
2201 4077       3       Many::m1371 (14 bytes)
2201 4078       4       Many::m1371 (14 bytes)
2201 4077       3       Many::m1371 (14 bytes)   made not entrant: not used
2202 4079       3       Many::m1372 (14 bytes)
2202 4080       4       Many::m1372 (14 bytes)
2202 4079       3       Many::m1372 (14 bytes)   made not entrant: not used
2203 4081       3       Many::m1373 (14 bytes)
2206 4082       3       Many::m1374 (14 bytes)
2206 4083       4       Many::m1374 (14 bytes)
2206 4082       3       Many::m1374 (14 bytes)   made not entrant: not used
2207 4084       3       Many::m1375 (14 bytes)
2208 4085       4       Many::m1375 (14 bytes)
2208 4084       3       Many::m1375 (14 bytes)   made not entrant: not used
2209 4086       3       Many::m1376 (14 bytes)
2209 4087       4       Many::m1376 (14 bytes)
2209 4086       3       Many::m1376 (14 bytes)   made not entrant: not used
2210 4088       3       Many::m1377 (14 bytes)
2210 4089       4       Many::m1377 (14 bytes)
2211 4088       3       Many::m1377 (14 bytes)   made not entrant: not used
2212 4090       3       Many::m1378 (14 bytes)
2212 4091       4       Many::m1378 (14 bytes)
2212 4090       3       Many::m1378 (14 bytes)   made not entrant: not used
2213 4092       3       Many::m1379 (14 bytes)
2213 4093       4       Many::m1379 (14 bytes)
2213 4092       3       Many::m1379 (14 bytes)   made not entrant: not used
2215 4094       3       Many::m1380 (14 bytes)
2215 4095       4       Many::m1380 (14 bytes)
2215 4094       3       Many::m1380 (14 bytes)   made not entrant: not used
2216 4096       3       Many::m1381 (14 bytes)
2216 4097       4       Many::m1381 (14 bytes)
2216 4096       3       Many::m1381 (14 bytes)   made not entrant: not used
2218 4098       3       Many::m1382 (14 bytes)
2218 4099       4       Many::m1382 (14 bytes)
2218 4098       3       Many::m1382 (14 bytes)   made not entrant: not used
2219 4100       3       Many::m1383 (14 bytes)
2219 4101       4       Many::m1383 (14 bytes)
2219 4100       3       Many::m1383 (14 bytes)   made not entrant: not used
2220 4102       3       Many::m1384 (14 bytes)
2221 4103       4       Many::m1384 (14 bytes)
2221 4102       3       Many::m1384 (14 bytes)   made not entrant: not used
2222 4104       3       Many::m1385 (14 bytes)
2222 4105       4       Many::m1385 (14 bytes)
2222 4104       3       Many::m1385 (14 bytes)   made not entrant: not used
2224 4106       3       Many::m1386 (14 bytes)
2224 4107       4       Many::m1386 (14 bytes)
2224 4106       3       Many::m1386 (14 bytes)   made not entrant: not used
2225 4108       3       Many::m1387 (14 bytes)
2225 4109       4       Many::m1387 (14 bytes)
2225 4108       3       Many::m1387 (14 bytes)   made not entrant: not used
2226 4110       3       Many::m1388 (14 bytes)
2227 4111       4       Many::m1388 (14 bytes)
2227 4110       3       Many::m1388 (14 bytes)   made not entrant: not used
2228 4112       3       Many::m1389 (14 bytes)
2228 4113       4       Many::m1389 (14 bytes)
2228 4112       3       Many::m1389 (14 bytes)   made not entrant: not used
2229 4114       3       Many::m1390 (14 bytes)
2229 4115       4       Many::m1390 (14 bytes)
2230 4114       3       Many::m1390 (14 bytes)   made not entrant: not used
2231 4116       3       Many::m1391 (14 bytes)
2231 4117       4       Many::m1391 (14 bytes)
2231 4116       3       Many::m1391 (14 bytes)   made not entrant: not used
2232 4118       3       Many::m1392 (14 bytes)
2232 4119       4       Many::m1392 (14 bytes)
2232 4118       3       Many::m1392 (14 bytes)   made not entrant: not used
2234 4120       3       Many::m1393 (14 bytes)
2234 4121       4       Many::m1393 (14 bytes)
2234 4120       3       Many::m1393 (14 bytes)   made not entrant: not used
2235 4122       3       Many::m1394 (14 bytes)
2235 4123       4       Many::m1394 (14 bytes)
2235 4122       3       Many::m1394 (14 bytes)   made not entrant: not used
2236 4124       3       Many::m1395 (14 bytes)
2237 4125       4       Many::m1395 (14 bytes)
2237 4124       3       Many::m1395 (14 bytes)   made not entrant: not used
2238 4126       3       Many::m1396 (14 bytes)
2238 4127       4       Many::m1396 (14 bytes)
2238 4126       3       Many::m1396 (14 bytes)   made not entrant: not used
2239 4128       3       Many::m1397 (14 bytes)
2240 4129       4       Many::m1397 (14 bytes)
2240 4128       3       Many::m1397 (14 bytes)   made not entrant: not used
2241 4130       3       Many::m1398 (14 bytes)
2241 4131       4       Many::m1398 (14 bytes)
2241 4130       3       Many::m1398 (14 bytes)   made not entrant: not used
2242 4132       3       Many::m1399 (14 bytes)
2242 4133       4       Many::m1399 (14 bytes)
2242 4132       3       Many::m1399 (14 bytes)   made not entrant: not used
2244 4134       3       Many::m1400 (14 bytes)
2244 4135       4       Many::m1400 (14 bytes)
2244 4134       3       Many::m1400 (14 bytes)   made not entrant: not used
2245 4136       3       Many::m1401 (14 bytes)
2245 4137       4       Many::m1401 (14 bytes)
2245 4136       3       Many::m1401 (14 bytes)   made not entrant: not used
2247 4138       3       Many::m1402 (14 bytes)
2247 4139       4       Many::m1402 (14 bytes)
2247 4138       3       Many::m1402 (14 bytes)   made not entrant: not used
2248 4140       3       Many::m1403 (14 bytes)
2248 4141       4       Many::m1403 (14 bytes)
2248 4140       3       Many::m1403 (14 bytes)   made not entrant: not used
2249 4142       3       Many::m1404 (14 bytes)
2250 4143       4       Many::m1404 (14 bytes)
2250 4142       3       Many::m1404 (14 bytes)   made not entrant: not used
2251 4144       3       Many::m1405 (14 bytes)
2251 4145       4       Many::m1405 (14 bytes)
2251 4144       3       Many::m1405 (14 bytes)   made not entrant: not used
2252 4146       3       Many::m1406 (14 bytes)
2252 4147       4       Many::m1406 (14 bytes)
2252 4146       3       Many::m1406 (14 bytes)   made not entrant: not used
2254 4148       3       Many::m1407 (14 bytes)
2254 4149       4       Many::m1407 (14 bytes)
2254 4148       3       Many::m1407 (14 bytes)   made not entrant: not used
2255 4150       3       Many::m1408 (14 bytes)
2255 4151       4       Many::m1408 (14 bytes)
2255 4150       3       Many::m1408 (14 bytes)   made not entrant: not used
2257 4152       3       Many::m1409 (14 bytes)
2257 4153       4       Many::m1409 (14 bytes)
2257 4152       3       Many::m1409 (14 bytes)   made not entrant: not used
2258 4154       3       Many::m1410 (14 bytes)
2258 4155       4       Many::m1410 (14 bytes)
2258 4154       3       Many::m1410 (14 bytes)   made not entrant: not used
2259 4156       3       Many::m1411 (14 bytes)
2260 4157       4       Many::m1411 (14 bytes)
2260 4156       3       Many::m1411 (14 bytes)   made not entrant: not used
2261 4158       3       Many::m1412 (14 bytes)
2261 4159       4       Many::m1412 (14 bytes)
2261 4158       3       Many::m1412 (14 bytes)   made not entrant: not used
2262 4160       3       Many::m1413 (14 bytes)
2262 4161       4       Many::m1413 (14 bytes)
2263 4160       3       Many::m1413 (14 bytes)   made not entrant: not used
2264 4162       3       Many::m1414 (14 bytes)
2264 4163       4       Many::m1414 (14 bytes)
2264 4162       3       Many::m1414 (14 bytes)   made not entrant: not used
2265 4164       3       Many::m1415 (14 bytes)
2265 4165       4       Many::m1415 (14 bytes)
2265 4164       3       Many::m1415 (14 bytes)   made not entrant: not used
2267 4166       3       Many::m1416 (14 bytes)
2267 4167       4       Many::m1416 (14 bytes)
2267 4166       3       Many::m1416 (14 bytes)   made not entrant: not used
2268 4168       3       Many::m1417 (14 bytes)
2268 4169       4       Many::m1417 (14 bytes)
2268 4168       3       Many::m1417 (14 bytes)   made not entrant: not used
2269 4170       3       Many::m1418 (14 bytes)
2270 4171       4       Many::m1418 (14 bytes)
2270 4170       3       Many::m1418 (14 bytes)   made not entrant: not used
2271 4172       3       Many::m1419 (14 bytes)
2271 4173       4       Many::m1419 (14 bytes)
2271 4172       3       Many::m1419 (14 bytes)   made not entrant: not used
2272 4174       3       Many::m1420 (14 bytes)
2273 4175       4       Many::m1420 (14 bytes)
2273 4174       3       Many::m1420 (14 bytes)   made not entrant: not used
2274 4176       3       Many::m1421 (14 bytes)
2274 4177       4       Many::m1421 (14 bytes)
2274 4176       3       Many::m1421 (14 bytes)   made not entrant: not used
2275 4178       3       Many::m1422 (14 bytes)
2275 4179       4       Many::m1422 (14 bytes)
2275 4178       3       Many::m1422 (14 bytes)   made not entrant: not used
2277 4180       3       Many::m1423 (14 bytes)
2277 4181       4       Many::m1423 (14 bytes)
2277 4180       3       Many::m1423 (14 bytes)   made not entrant: not used
2278 4182       3       Many::m1424 (14 bytes)
2278 4183       4       Many::m1424 (14 bytes)
2278 4182       3       Many::m1424 (14 bytes)   made not entrant: not used
2280 4184       3       Many::m1425 (14 bytes)
2280 4185       4       Many::m1425 (14 bytes)
2280 4184       3       Many::m1425 (14 bytes)   made not entrant: not used
2281 4186       3       Many::m1426 (14 bytes)
2281 4187       4       Many::m1426 (14 bytes)
2281 4186       3       Many::m1426 (14 bytes)   made not entrant: not used
2282 4188       3       Many::m1427 (14 bytes)
2283 4189       4       Many::m1427 (14 bytes)
2283 4188       3       Many::m1427 (14 bytes)   made not entrant: not used
2284 4190       3       Many::m1428 (14 bytes)
2284 4191       4       Many::m1428 (14 bytes)
2284 4190       3       Many::m1428 (14 bytes)   made not entrant: not used
2285 4192       3       Many::m1429 (14 bytes)
2286 4193       4       Many::m1429 (14 bytes)
2286 4192       3       Many::m1429 (14 bytes)   made not entrant: not used
2287 4194       3       Many::m1430 (14 bytes)
2287 4195       4       Many::m1430 (14 bytes)
2287 4194       3       Many::m1430 (14 bytes)   made not entrant: not used
2288 4196       3       Many::m1431 (14 bytes)
2288 4197       4       Many::m1431 (14 bytes)
2289 4196       3       Many::m1431 (14 bytes)   made not entrant: not used
2290 4198       3       Many::m1432 (14 bytes)
2290 4199       4       Many::m1432 (14 bytes)
2290 4198       3       Many::m1432 (14 bytes)   made not entrant: not used
2291 4200       3       Many::m1433 (14 bytes)
2291 4201       4       Many::m1433 (14 bytes)
2291 4200       3       Many::m1433 (14 bytes)   made not entrant: not used
2293 4202       3       Many::m1434 (14 bytes)
2293 4203       4       Many::m1434 (14 bytes)
2293 4202       3       Many::m1434 (14 bytes)   made not entrant: not used
2294 4204       3       Many::m1435 (14 bytes)
2294 4205       4       Many::m1435 (14 bytes)
2294 4204       3       Many::m1435 (14 bytes)   made not entrant: not used
2296 4206       3       Many::m1436 (14 bytes)
2296 4207       4       Many::m1436 (14 bytes)
2296 4206       3       Many::m1436 (14 bytes)   made not entrant: not used
2297 4208       3       Many::m1437 (14 bytes)
2297 4209       4       Many::m1437 (14 bytes)
2297 4208       3       Many::m1437 (14 bytes)   made not entrant: not used
2298 4210       3       Many::m1438 (14 bytes)
2298 4211       4       Many::m1438 (14 bytes)
2299 4210       3       Many::m1438 (14 bytes)   made not entrant: not used
2300 4212       3       Many::m1439 (14 bytes)
2300 4213       4       Many::m1439 (14 bytes)
2300 4212       3       Many::m1439 (14 bytes)   made not entrant: not used
2301 4214       3       Many::m1440 (14 bytes)
2301 4215       4       Many::m1440 (14 bytes)
2301 4214       3       Many::m1440 (14 bytes)   made not entrant: not used
2303 4216       3       Many::m1441 (14 bytes)
2303 4217       4       Many::m1441 (14 bytes)
2303 4216       3       Many::m1441 (14 bytes)   made not entrant: not used
2304 4218       3       Many::m1442 (14 bytes)
2304 4219       4       Many::m1442 (14 bytes)
2304 4218       3       Many::m1442 (14 bytes)   made not entrant: not used
2306 4220       3       Many::m1443 (14 bytes)
2306 4221       4       Many::m1443 (14 bytes)
2306 4220       3       Many::m1443 (14 bytes)   made not entrant: not used
2307 4222       3       Many::m1444 (14 bytes)
2307 4223       4       Many::m1444 (14 bytes)
2307 4222       3       Many::m1444 (14 bytes)   made not entrant: not used
2308 4224       3       Many::m1445 (14 bytes)
2308 4225       4       Many::m1445 (14 bytes)
2309 4224       3       Many::m1445 (14 bytes)   made not entrant: not used
2310 4226       3       Many::m1446 (14 bytes)
2310 4227       4       Many::m1446 (14 bytes)
2310 4226       3       Many::m1446 (14 bytes)   made not entrant: not used
2311 4228       3       Many::m1447 (14 bytes)
2311 4229       4       Many::m1447 (14 bytes)
2311 4228       3       Many::m1447 (14 bytes)   made not entrant: not used
2313 4230       3       Many::m1448 (14 bytes)
2313 4231       4       Many::m1448 (14 bytes)
2313 4230       3       Many::m1448 (14 bytes)   made not entrant: not used
2314 4232       3       Many::m1449 (14 bytes)
2314 4233       4       Many::m1449 (14 bytes)
2314 4232       3       Many::m1449 (14 bytes)   made not entrant: not used
2316 4234       3       Many::m1450 (14 bytes)
2316 4235       4       Many::m1450 (14 bytes)
2316 4234       3       Many::m1450 (14 bytes)   made not entrant: not used
2317 4236       3       Many::m1451 (14 bytes)
2317 4237       4       Many::m1451 (14 bytes)
2317 4236       3       Many::m1451 (14 bytes)   made not entrant: not used
2318 4238       3       Many::m1452 (14 bytes)
2318 4239       4       Many::m1452 (14 bytes)
2319 4238       3       Many::m1452 (14 bytes)   made not entrant: not used
2320 4240       3       Many::m1453 (14 bytes)
2320 4241       4       Many::m1453 (14 bytes)
2320 4240       3       Many::m1453 (14 bytes)   made not entrant: not used
2321 4242       3       Many::m1454 (14 bytes)
2321 4243       4       Many::m1454 (14 bytes)
2321 4242       3       Many::m1454 (14 bytes)   made not entrant: not used
2323 4244       3       Many::m1455 (14 bytes)
2323 4245       4       Many::m1455 (14 bytes)
2323 4244       3       Many::m1455 (14 bytes)   made not entrant: not used
2324 4246       3       Many::m1456 (14 bytes)
2324 4247       4       Many::m1456 (14 bytes)
2324 4246       3       Many::m1456 (14 bytes)   made not entrant: not used
2326 4248       3       Many::m1457 (14 bytes)
2326 4249       4       Many::m1457 (14 bytes)
2326 4248       3       Many::m1457 (14 bytes)   made not entrant: not used
2327 4250       3       Many::m1458 (14 bytes)
2327 4251       4       Many::m1458 (14 bytes)
2327 4250       3       Many::m1458 (14 bytes)   made not entrant: not used
2329 4252       3       Many::m1459 (14 bytes)
2329 4253       4       Many::m1459 (14 bytes)
2329 4252       3       Many::m1459 (14 bytes)   made not entrant: not used
2330 4254       3       Many::m1460 (14 bytes)
2330 4255       4       Many::m1460 (14 bytes)
2330 4254       3       Many::m1460 (14 bytes)   made not entrant: not used
2331 4256       3       Many::m1461 (14 bytes)
2332 4257       4       Many::m1461 (14 bytes)
2332 4256       3       Many::m1461 (14 bytes)   made not entrant: not used
2333 4258       3       Many::m1462 (14 bytes)
2333 4259       4       Many::m1462 (14 bytes)
2333 4258       3       Many::m1462 (14 bytes)   made not entrant: not used
2334 4260       3       Many::m1463 (14 bytes)
2334 4261       4       Many::m1463 (14 bytes)
2334 4260       3       Many::m1463 (14 bytes)   made not entrant: not used
2336 4262       3       Many::m1464 (14 bytes)
2336 4263       4       Many::m1464 (14 bytes)
2336 4262       3       Many::m1464 (14 bytes)   made not entrant: not used
2337 4264       3       Many::m1465 (14 bytes)
2337 4265       4       Many::m1465 (14 bytes)
2337 4264       3       Many::m1465 (14 bytes)   made not entrant: not used
2339 4266       3       Many::m1466 (14 bytes)
2339 4267       4       Many::m1466 (14 bytes)
2339 4266       3       Many::m1466 (14 bytes)   made not entrant: not used
2340 4268       3       Many::m1467 (14 bytes)
2340 4269       4       Many::m1467 (14 bytes)
2340 4268       3       Many::m1467 (14 bytes)   made not entrant: not used
2341 4270       3       Many::m1468 (14 bytes)
2342 4271       4       Many::m1468 (14 bytes)
2342 4270       3       Many::m1468 (14 bytes)   made not entrant: not used
2343 4272       3       Many::m1469 (14 bytes)
2343 4273       4       Many::m1469 (14 bytes)
2343 4272       3       Many::m1469 (14 bytes)   made not entrant: not used
2344 4274       3       Many::m1470 (14 bytes)
2344 4275       4       Many::m1470 (14 bytes)
2345 4274       3       Many::m1470 (14 bytes)   made not entrant: not used
2346 4276       3       Many::m1471 (14 bytes)
2346 4277       4       Many::m1471 (14 bytes)
2346 4276       3       Many::m1471 (14 bytes)   made not entrant: not used
2347 4278       3       Many::m1472 (14 bytes)
2347 4279       4       Many::m1472 (14 bytes)
2347 4278       3       Many::m1472 (14 bytes)   made not entrant: not used
2349 4280       3       Many::m1473 (14 bytes)
2349 4281       4       Many::m1473 (14 bytes)
2349 4280       3       Many::m1473 (14 bytes)   made not entrant: not used
2350 4282       3       Many::m1474 (14 bytes)
2350 4283       4       Many::m1474 (14 bytes)
2350 4282       3       Many::m1474 (14 bytes)   made not entrant: not used
2351 4284       3       Many::m1475 (14 bytes)
2352 4285       4       Many::m1475 (14 bytes)
2352 4284       3       Many::m1475 (14 bytes)   made not entrant: not used
2353 4286       3       Many::m1476 (14 bytes)
2353 4287       4       Many::m1476 (14 bytes)
2353 4286       3       Many::m1476 (14 bytes)   made not entrant: not used
2354 4288       3       Many::m1477 (14 bytes)
2354 4289       4       Many::m1477 (14 bytes)
2354 4288       3       Many::m1477 (14 bytes)   made not entrant: not used
2356 4290       3       Many::m1478 (14 bytes)
2356 4291       4       Many::m1478 (14 bytes)
2356 4290       3       Many::m1478 (14 bytes)   made not entrant: not used
2357 4292       3       Many::m1479 (14 bytes)
2357 4293       4       Many::m1479 (14 bytes)
2357 4292       3       Many::m1479 (14 bytes)   made not entrant: not used
2359 4294       3       Many::m1480 (14 bytes)
2359 4295       4       Many::m1480 (14 bytes)
2359 4294       3       Many::m1480 (14 bytes)   made not entrant: not used
2360 4296       3       Many::m1481 (14 bytes)
2360 4297       4       Many::m1481 (14 bytes)
2360 4296       3       Many::m1481 (14 bytes)   made not entrant: not used
2361 4298       3       Many::m1482 (14 bytes)
2362 4299       4       Many::m1482 (14 bytes)
2362 4298       3       Many::m1482 (14 bytes)   made not entrant: not used
2363 4300       3       Many::m1483 (14 bytes)
2363 4301       4       Many::m1483 (14 bytes)
2363 4300       3       Many::m1483 (14 bytes)   made not entrant: not used
2364 4302       3       Many::m1484 (14 bytes)
2364 4303       4       Many::m1484 (14 bytes)
2364 4302       3       Many::m1484 (14 bytes)   made not entrant: not used
2366 4304       3       Many::m1485 (14 bytes)
2366 4305       4       Many::m1485 (14 bytes)
2366 4304       3       Many::m1485 (14 bytes)   made not entrant: not used
2367 4306       3       Many::m1486 (14 bytes)
2367 4307       4       Many::m1486 (14 bytes)
2367 4306       3       Many::m1486 (14 bytes)   made not entrant: not used
2369 4308       3       Many::m1487 (14 bytes)
2369 4309       4       Many::m1487 (14 bytes)
2369 4308       3       Many::m1487 (14 bytes)   made not entrant: not used
2370 4310       3       Many::m1488 (14 bytes)
2370 4311       4       Many::m1488 (14 bytes)
2370 4310       3       Many::m1488 (14 bytes)   made not entrant: not used
2371 4312       3       Many::m1489 (14 bytes)
2371 4313       4       Many::m1489 (14 bytes)
2372 4312       3       Many::m1489 (14 bytes)   made not entrant: not used
2373 4314       3       Many::m1490 (14 bytes)
2373 4315       4       Many::m1490 (14 bytes)
2373 4314       3       Many::m1490 (14 bytes)   made not entrant: not used
2374 4316       3       Many::m1491 (14 bytes)
2374 4317       4       Many::m1491 (14 bytes)
2374 4316       3       Many::m1491 (14 bytes)   made not entrant: not used
2376 4318       3       Many::m1492 (14 bytes)
2376 4319       4       Many::m1492 (14 bytes)
2376 4318       3       Many::m1492 (14 bytes)   made not entrant: not used
2377 4320       3       Many::m1493 (14 bytes)
2377 4321       4       Many::m1493 (14 bytes)
2377 4320       3       Many::m1493 (14 bytes)   made not entrant: not used
2379 4322       3       Many::m1494 (14 bytes)
2379 4323       4       Many::m1494 (14 bytes)
2379 4322       3       Many::m1494 (14 bytes)   made not entrant: not used
2380 4324       3       Many::m1495 (14 bytes)
2380 4325       4       Many::m1495 (14 bytes)
2380 4324       3       Many::m1495 (14 bytes)   made not entrant: not used
2381 4326       3       Many::m1496 (14 bytes)
2382 4327       4       Many::m1496 (14 bytes)
2382 4326       3       Many::m1496 (14 bytes)   made not entrant: not used
2383 4328       3       Many::m1497 (14 bytes)
2383 4329       4       Many::m1497 (14 bytes)
2383 4328       3       Many::m1497 (14 bytes)   made not entrant: not used
2384 4330       3       Many::m1498 (14 bytes)
2384 4331       4       Many::m1498 (14 bytes)
2384 4330       3       Many::m1498 (14 bytes)   made not entrant: not used
2386 4332       3       Many::m1499 (14 bytes)
2386 4333       4       Many::m1499 (14 bytes)
2386 4332       3       Many::m1499 (14 bytes)   made not entrant: not used
2387 4334       3       Many::m1500 (14 bytes)
2387 4335       4       Many::m1500 (14 bytes)
2387 4334       3       Many::m1500 (14 bytes)   made not entrant: not used
2388 4336       3       Many::m1501 (14 bytes)
2389 4337       4       Many::m1501 (14 bytes)
2389 4336       3       Many::m1501 (14 bytes)   made not entrant: not used
2390 4338       3       Many::m1502 (14 bytes)
2390 4339       4       Many::m1502 (14 bytes)
2390 4338       3       Many::m1502 (14 bytes)   made not entrant: not used
2391 4340       3       Many::m1503 (14 bytes)
2391 4341       4       Many::m1503 (14 bytes)
2392 4340       3       Many::m1503 (14 bytes)   made not entrant: not used
2393 4342       3       Many::m1504 (14 bytes)
2393 4343       4       Many::m1504 (14 bytes)
2393 4342       3       Many::m1504 (14 bytes)   made not entrant: not used
2394 4344       3       Many::m1505 (14 bytes)
2394 4345       4       Many::m1505 (14 bytes)
2394 4344       3       Many::m1505 (14 bytes)   made not entrant: not used
2396 4346       3       Many::m1506 (14 bytes)
2396 4347       4       Many::m1506 (14 bytes)
2396 4346       3       Many::m1506 (14 bytes)   made not entrant: not used
2397 4348       3       Many::m1507 (14 bytes)
2397 4349       4       Many::m1507 (14 bytes)
2397 4348       3       Many::m1507 (14 bytes)   made not entrant: not used
2398 4350       3       Many::m1508 (14 bytes)
2399 4351       4       Many::m1508 (14 bytes)
2399 4350       3       Many::m1508 (14 bytes)   made not entrant: not used
2400 4352       3       Many::m1509 (14 bytes)
2400 4353       4       Many::m1509 (14 bytes)
2400 4352       3       Many::m1509 (14 bytes)   made not entrant: not used
2401 4354       3       Many::m1510 (14 bytes)
2401 4355       4       Many::m1510 (14 bytes)
2402 4354       3       Many::m1510 (14 bytes)   made not entrant: not used
2403 4356       3       Many::m1511 (14 bytes)
2403 4357       4       Many::m1511 (14 bytes)
2403 4356       3       Many::m1511 (14 bytes)   made not entrant: not used
2404 4358       3       Many::m1512 (14 bytes)
2404 4359       4       Many::m1512 (14 bytes)
2404 4358       3       Many::m1512 (14 bytes)   made not entrant: not used
2406 4360       3       Many::m1513 (14 bytes)
2406 4361       4       Many::m1513 (14 bytes)
2406 4360       3       Many::m1513 (14 bytes)   made not entrant: not used
2407 4362       3       Many::m1514 (14 bytes)
2407 4363       4       Many::m1514 (14 bytes)
2407 4362       3       Many::m1514 (14 bytes)   made not entrant: not used
2409 4364       3       Many::m1515 (14 bytes)
2409 4365       4       Many::m1515 (14 bytes)
2409 4364       3       Many::m1515 (14 bytes)   made not entrant: not used
2410 4366       3       Many::m1516 (14 bytes)
2410 4367       4       Many::m1516 (14 bytes)
2410 4366       3       Many::m1516 (14 bytes)   made not entrant: not used
2411 4368       3       Many::m1517 (14 bytes)
2412 4369       4       Many::m1517 (14 bytes)
2412 4368       3       Many::m1517 (14 bytes)   made not entrant: not used
2413 4370       3       Many::m1518 (14 bytes)
2413 4371       4       Many::m1518 (14 bytes)
2413 4370       3       Many::m1518 (14 bytes)   made not entrant: not used
2414 4372       3       Many::m1519 (14 bytes)
2414 4373       4       Many::m1519 (14 bytes)
2414 4372       3       Many::m1519 (14 bytes)   made not entrant: not used
2416 4374       3       Many::m1520 (14 bytes)
2416 4375       4       Many::m1520 (14 bytes)
2416 4374       3       Many::m1520 (14 bytes)   made not entrant: not used
2417 4376       3       Many::m1521 (14 bytes)
2417 4377       4       Many::m1521 (14 bytes)
2417 4376       3       Many::m1521 (14 bytes)   made not entrant: not used
2419 4378       3       Many::m1522 (14 bytes)
2419 4379       4       Many::m1522 (14 bytes)
2419 4378       3       Many::m1522 (14 bytes)   made not entrant: not used
2420 4380       3       Many::m1523 (14 bytes)
2420 4381       4       Many::m1523 (14 bytes)
2420 4380       3       Many::m1523 (14 bytes)   made not entrant: not used
2421 4382       3       Many::m1524 (14 bytes)
2422 4383       4       Many::m1524 (14 bytes)
2422 4382       3       Many::m1524 (14 bytes)   made not entrant: not used
2423 4384       3       Many::m1525 (14 bytes)
2423 4385       4       Many::m1525 (14 bytes)
2423 4384       3       Many::m1525 (14 bytes)   made not entrant: not used
2424 4386       3       Many::m1526 (14 bytes)
2424 4387       4       Many::m1526 (14 bytes)
2424 4386       3       Many::m1526 (14 bytes)   made not entrant: not used
2426 4388       3       Many::m1527 (14 bytes)
2426 4389       4       Many::m1527 (14 bytes)
2426 4388       3       Many::m1527 (14 bytes)   made not entrant: not used
2427 4390       3       Many::m1528 (14 bytes)
2427 4391       4       Many::m1528 (14 bytes)
2427 4390       3       Many::m1528 (14 bytes)   made not entrant: not used
2429 4392       3       Many::m1529 (14 bytes)
2429 4393       4       Many::m1529 (14 bytes)
2429 4392       3       Many::m1529 (14 bytes)   made not entrant: not used
2430 4394       3       Many::m1530 (14 bytes)
2430 4395       4       Many::m1530 (14 bytes)
2430 4394       3       Many::m1530 (14 bytes)   made not entrant: not used
2432 4396       3       Many::m1531 (14 bytes)
2432 4397       4       Many::m1531 (14 bytes)
2432 4396       3       Many::m1531 (14 bytes)   made not entrant: not used
2433 4398       3       Many::m1532 (14 bytes)
2433 4399       4       Many::m1532 (14 bytes)
2433 4398       3       Many::m1532 (14 bytes)   made not entrant: not used
2434 4400       3       Many::m1533 (14 bytes)
2435 4401       4       Many::m1533 (14 bytes)
2435 4400       3       Many::m1533 (14 bytes)   made not entrant: not used
2436 4402       3       Many::m1534 (14 bytes)
2436 4403       4       Many::m1534 (14 bytes)
2436 4402       3       Many::m1534 (14 bytes)   made not entrant: not used
2437 4404       3       Many::m1535 (14 bytes)
2437 4405       4       Many::m1535 (14 bytes)
2437 4404       3       Many::m1535 (14 bytes)   made not entrant: not used
2439 4406       3       Many::m1536 (14 bytes)
2439 4407       4       Many::m1536 (14 bytes)
2439 4406       3       Many::m1536 (14 bytes)   made not entrant: not used
2440 4408       3       Many::m1537 (14 bytes)
2440 4409       4       Many::m1537 (14 bytes)
2440 4408       3       Many::m1537 (14 bytes)   made not entrant: not used
2442 4410       3       Many::m1538 (14 bytes)
2442 4411       4       Many::m1538 (14 bytes)
2442 4410       3       Many::m1538 (14 bytes)   made not entrant: not used
2443 4412       3       Many::m1539 (14 bytes)
2443 4413       4       Many::m1539 (14 bytes)
2443 4412       3       Many::m1539 (14 bytes)   made not entrant: not used
2444 4414       3       Many::m1540 (14 bytes)
2445 4415       4       Many::m1540 (14 bytes)
2445 4414       3       Many::m1540 (14 bytes)   made not entrant: not used
2446 4416       3       Many::m1541 (14 bytes)
2446 4417       4       Many::m1541 (14 bytes)
2446 4416       3       Many::m1541 (14 bytes)   made not entrant: not used
2447 4418       3       Many::m1542 (14 bytes)
2447 4419       4       Many::m1542 (14 bytes)
2448 4418       3       Many::m1542 (14 bytes)   made not entrant: not used
2449 4420       3       Many::m1543 (14 bytes)
2449 4421       4       Many::m1543 (14 bytes)
2449 4420       3       Many::m1543 (14 bytes)   made not entrant: not used
2450 4422       3       Many::m1544 (14 bytes)
2450 4423       4       Many::m1544 (14 bytes)
2450 4422       3       Many::m1544 (14 bytes)   made not entrant: not used
2452 4424       3       Many::m1545 (14 bytes)
2452 4425       4       Many::m1545 (14 bytes)
2452 4424       3       Many::m1545 (14 bytes)   made not entrant: not used
2453 4426       3       Many::m1546 (14 bytes)
2453 4427       4       Many::m1546 (14 bytes)
2453 4426       3       Many::m1546 (14 bytes)   made not entrant: not used
2455 4428       3       Many::m1547 (14 bytes)
2455 4429       4       Many::m1547 (14 bytes)
2455 4428       3       Many::m1547 (14 bytes)   made not entrant: not used
2456 4430       3       Many::m1548 (14 bytes)
2456 4431       4       Many::m1548 (14 bytes)
2456 4430       3       Many::m1548 (14 bytes)   made not entrant: not used
2457 4432       3       Many::m1549 (14 bytes)
2458 4433       4       Many::m1549 (14 bytes)
2458 4432       3       Many::m1549 (14 bytes)   made not entrant: not used
2459 4434       3       Many::m1550 (14 bytes)
2459 4435       4       Many::m1550 (14 bytes)
2459 4434       3       Many::m1550 (14 bytes)   made not entrant: not used
2460 4436       3       Many::m1551 (14 bytes)
2460 4437       4       Many::m1551 (14 bytes)
2460 4436       3       Many::m1551 (14 bytes)   made not entrant: not used
2462 4438       3       Many::m1552 (14 bytes)
2462 4439       4       Many::m1552 (14 bytes)
2462 4438       3       Many::m1552 (14 bytes)   made not entrant: not used
2463 4440       3       Many::m1553 (14 bytes)
2463 4441       4       Many::m1553 (14 bytes)
2463 4440       3       Many::m1553 (14 bytes)   made not entrant: not used
2465 4442       3       Many::m1554 (14 bytes)
2465 4443       4       Many::m1554 (14 bytes)
2465 4442       3       Many::m1554 (14 bytes)   made not entrant: not used
2466 4444       3       Many::m1555 (14 bytes)
2466 4445       4       Many::m1555 (14 bytes)
2466 4444       3       Many::m1555 (14 bytes)   made not entrant: not used
2467 4446       3       Many::m1556 (14 bytes)
2468 4447       4       Many::m1556 (14 bytes)
2468 4446       3       Many::m1556 (14 bytes)   made not entrant: not used
2469 4448       3       Many::m1557 (14 bytes)
2469 4449       4       Many::m1557 (14 bytes)
2469 4448       3       Many::m1557 (14 bytes)   made not entrant: not used
2470 4450       3       Many::m1558 (14 bytes)
2471 4451       4       Many::m1558 (14 bytes)
2471 4450       3       Many::m1558 (14 bytes)   made not entrant: not used
2472 4452       3       Many::m1559 (14 bytes)
2472 4453       4       Many::m1559 (14 bytes)
2472 4452       3       Many::m1559 (14 bytes)   made not entrant: not used
2473 4454       3       Many::m1560 (14 bytes)
2473 4455       4       Many::m1560 (14 bytes)
2473 4454       3       Many::m1560 (14 bytes)   made not entrant: not used
2475 4456       3       Many::m1561 (14 bytes)
2475 4457       4       Many::m1561 (14 bytes)
2475 4456       3       Many::m1561 (14 bytes)   made not entrant: not used
2476 4458       3       Many::m1562 (14 bytes)
2476 4459       4       Many::m1562 (14 bytes)
2476 4458       3       Many::m1562 (14 bytes)   made not entrant: not used
2478 4460       3       Many::m1563 (14 bytes)
2478 4461       4       Many::m1563 (14 bytes)
2478 4460       3       Many::m1563 (14 bytes)   made not entrant: not used
2479 4462       3       Many::m1564 (14 bytes)
2479 4463       4       Many::m1564 (14 bytes)
2479 4462       3       Many::m1564 (14 bytes)   made not entrant: not used
2480 4464       3       Many::m1565 (14 bytes)
2481 4465       4       Many::m1565 (14 bytes)
2481 4464       3       Many::m1565 (14 bytes)   made not entrant: not used
2482 4466       3       Many::m1566 (14 bytes)
2482 4467       4       Many::m1566 (14 bytes)
2482 4466       3       Many::m1566 (14 bytes)   made not entrant: not used
2483 4468       3       Many::m1567 (14 bytes)
2483 4469       4       Many::m1567 (14 bytes)
2483 4468       3       Many::m1567 (14 bytes)   made not entrant: not used
2485 4470       3       Many::m1568 (14 bytes)
2485 4471       4       Many::m1568 (14 bytes)
2485 4470       3       Many::m1568 (14 bytes)   made not entrant: not used
2486 4472       3       Many::m1569 (14 bytes)
2486 4473       4       Many::m1569 (14 bytes)
2486 4472       3       Many::m1569 (14 bytes)   made not entrant: not used
2488 4474       3       Many::m1570 (14 bytes)
2488 4475       4       Many::m1570 (14 bytes)
2488 4474       3       Many::m1570 (14 bytes)   made not entrant: not used
2489 4476       3       Many::m1571 (14 bytes)
2489 4477       4       Many::m1571 (14 bytes)
2489 4476       3       Many::m1571 (14 bytes)   made not entrant: not used
2490 4478       3       Many::m1572 (14 bytes)
2491 4479       4       Many::m1572 (14 bytes)
2491 4478       3       Many::m1572 (14 bytes)   made not entrant: not used
2492 4480       3       Many::m1573 (14 bytes)
2492 4481       4       Many::m1573 (14 bytes)
2492 4480       3       Many::m1573 (14 bytes)   made not entrant: not used
2493 4482       3       Many::m1574 (14 bytes)
2493 4483       4       Many::m1574 (14 bytes)
2494 4482       3       Many::m1574 (14 bytes)   made not entrant: not used
2495 4484       3       Many::m1575 (14 bytes)
2495 4485       4       Many::m1575 (14 bytes)
2495 4484       3       Many::m1575 (14 bytes)   made not entrant: not used
2496 4486       3       Many::m1576 (14 bytes)
2496 4487       4       Many::m1576 (14 bytes)
2496 4486       3       Many::m1576 (14 bytes)   made not entrant: not used
2498 4488       3       Many::m1577 (14 bytes)
2498 4489       4       Many::m1577 (14 bytes)
2498 4488       3       Many::m1577 (14 bytes)   made not entrant: not used
2499 4490       3       Many::m1578 (14 bytes)
2499 4491       4       Many::m1578 (14 bytes)
2499 4490       3       Many::m1578 (14 bytes)   made not entrant: not used
2501 4492       3       Many::m1579 (14 bytes)
2501 4493       4       Many::m1579 (14 bytes)
2501 4492       3       Many::m1579 (14 bytes)   made not entrant: not used
2502 4494       3       Many::m1580 (14 bytes)
2502 4495       4       Many::m1580 (14 bytes)
2502 4494       3       Many::m1580 (14 bytes)   made not entrant: not used
2503 4496       3       Many::m1581 (14 bytes)
2504 4497       4       Many::m1581 (14 bytes)
2504 4496       3       Many::m1581 (14 bytes)   made not entrant: not used
2505 4498       3       Many::m1582 (14 bytes)
2505 4499       4       Many::m1582 (14 bytes)
2505 4498       3       Many::m1582 (14 bytes)   made not entrant: not used
2506 4500       3       Many::m1583 (14 bytes)
2507 4501       4       Many::m1583 (14 bytes)
2507 4500       3       Many::m1583 (14 bytes)   made not entrant: not used
2508 4502       3       Many::m1584 (14 bytes)
2508 4503       4       Many::m1584 (14 bytes)
2508 4502       3       Many::m1584 (14 bytes)   made not entrant: not used
2509 4504       3       Many::m1585 (14 bytes)
2509 4505       4       Many::m1585 (14 bytes)
2509 4504       3       Many::m1585 (14 bytes)   made not entrant: not used
2511 4506       3       Many::m1586 (14 bytes)
2511 4507       4       Many::m1586 (14 bytes)
2511 4506       3       Many::m1586 (14 bytes)   made not entrant: not used
2512 4508       3       Many::m1587 (14 bytes)
2512 4509       4       Many::m1587 (14 bytes)
2512 4508       3       Many::m1587 (14 bytes)   made not entrant: not used
2514 4510       3       Many::m1588 (14 bytes)
2514 4511       4       Many::m1588 (14 bytes)
2514 4510       3       Many::m1588 (14 bytes)   made not entrant: not used
2515 4512       3       Many::m1589 (14 bytes)
2515 4513       4       Many::m1589 (14 bytes)
2515 4512       3       Many::m1589 (14 bytes)   made not entrant: not used
2516 4514       3       Many::m1590 (14 bytes)
2517 4515       4       Many::m1590 (14 bytes)
2517 4514       3       Many::m1590 (14 bytes)   made not entrant: not used
2518 4516       3       Many::m1591 (14 bytes)
2518 4517       4       Many::m1591 (14 bytes)
2518 4516       3       Many::m1591 (14 bytes)   made not entrant: not used
2519 4518       3       Many::m1592 (14 bytes)
2519 4519       4       Many::m1592 (14 bytes)
2520 4518       3       Many::m1592 (14 bytes)   made not entrant: not used
2521 4520       3       Many::m1593 (14 bytes)
2521 4521       4       Many::m1593 (14 bytes)
2521 4520       3       Many::m1593 (14 bytes)   made not entrant: not used
2522 4522       3       Many::m1594 (14 bytes)
2522 4523       4       Many::m1594 (14 bytes)
2523 4522       3       Many::m1594 (14 bytes)   made not entrant: not used
2524 4524       3       Many::m1595 (14 bytes)
2524 4525       4       Many::m1595 (14 bytes)
2524 4524       3       Many::m1595 (14 bytes)   made not entrant: not used
2525 4526       3       Many::m1596 (14 bytes)
2525 4527       4       Many::m1596 (14 bytes)
2525 4526       3       Many::m1596 (14 bytes)   made not entrant: not used
2527 4528       3       Many::m1597 (14 bytes)
2527 4529       4       Many::m1597 (14 bytes)
2527 4528       3       Many::m1597 (14 bytes)   made not entrant: not used
2528 4530       3       Many::m1598 (14 bytes)
2528 4531       4       Many::m1598 (14 bytes)
2528 4530       3       Many::m1598 (14 bytes)   made not entrant: not used
2529 4532       3       Many::m1599 (14 bytes)
2530 4533       4       Many::m1599 (14 bytes)
2530 4532       3       Many::m1599 (14 bytes)   made not entrant: not used
2531 4534       3       Many::m1600 (14 bytes)
2531 4535       4       Many::m1600 (14 bytes)
2531 4534       3       Many::m1600 (14 bytes)   made not entrant: not used
2532 4536       3       Many::m1601 (14 bytes)
2532 4537       4       Many::m1601 (14 bytes)
2533 4536       3       Many::m1601 (14 bytes)   made not entrant: not used
2534 4538       3       Many::m1602 (14 bytes)
2534 4539       4       Many::m1602 (14 bytes)
2534 4538       3       Many::m1602 (14 bytes)   made not entrant: not used
2535 4540       3       Many::m1603 (14 bytes)
2535 4541       4       Many::m1603 (14 bytes)
2535 4540       3       Many::m1603 (14 bytes)   made not entrant: not used
2537 4542       3       Many::m1604 (14 bytes)
2537 4543       4       Many::m1604 (14 bytes)
2537 4542       3       Many::m1604 (14 bytes)   made not entrant: not used
2538 4544       3       Many::m1605 (14 bytes)
2538 4545       4       Many::m1605 (14 bytes)
2538 4544       3       Many::m1605 (14 bytes)   made not entrant: not used
2540 4546       3       Many::m1606 (14 bytes)
2540 4547       4       Many::m1606 (14 bytes)
2540 4546       3       Many::m1606 (14 bytes)   made not entrant: not used
2541 4548       3       Many::m1607 (14 bytes)
2541 4549       4       Many::m1607 (14 bytes)
2541 4548       3       Many::m1607 (14 bytes)   made not entrant: not used
2543 4550       3       Many::m1608 (14 bytes)
2543 4551       4       Many::m1608 (14 bytes)
2543 4550       3       Many::m1608 (14 bytes)   made not entrant: not used
2544 4552       3       Many::m1609 (14 bytes)
2544 4553       4       Many::m1609 (14 bytes)
2544 4552       3       Many::m1609 (14 bytes)   made not entrant: not used
2545 4554       3       Many::m1610 (14 bytes)
2546 4555       4       Many::m1610 (14 bytes)
2546 4554       3       Many::m1610 (14 bytes)   made not entrant: not used
2547 4556       3       Many::m1611 (14 bytes)
2547 4557       4       Many::m1611 (14 bytes)
2547 4556       3       Many::m1611 (14 bytes)   made not entrant: not used
2548 4558       3       Many::m1612 (14 bytes)
2548 4559       4       Many::m1612 (14 bytes)
2548 4558       3       Many::m1612 (14 bytes)   made not entrant: not used
2550 4560       3       Many::m1613 (14 bytes)
2550 4561       4       Many::m1613 (14 bytes)
2550 4560       3       Many::m1613 (14 bytes)   made not entrant: not used
2551 4562       3       Many::m1614 (14 bytes)
2551 4563       4       Many::m1614 (14 bytes)
2551 4562       3       Many::m1614 (14 bytes)   made not entrant: not used
2553 4564       3       Many::m1615 (14 bytes)
2553 4565       4       Many::m1615 (14 bytes)
2553 4564       3       Many::m1615 (14 bytes)   made not entrant: not used
2554 4566       3       Many::m1616 (14 bytes)
2554 4567       4       Many::m1616 (14 bytes)
2554 4566       3       Many::m1616 (14 bytes)   made not entrant: not used
2556 4568       3       Many::m1617 (14 bytes)
2556 4569       4       Many::m1617 (14 bytes)
2556 4568       3       Many::m1617 (14 bytes)   made not entrant: not used
2557 4570       3       Many::m1618 (14 bytes)
2557 4571       4       Many::m1618 (14 bytes)
2557 4570       3       Many::m1618 (14 bytes)   made not entrant: not used
2559 4572       3       Many::m1619 (14 bytes)
2559 4573       4       Many::m1619 (14 bytes)
2559 4572       3       Many::m1619 (14 bytes)   made not entrant: not used
2560 4574       3       Many::m1620 (14 bytes)
2560 4575       4       Many::m1620 (14 bytes)
2560 4574       3       Many::m1620 (14 bytes)   made not entrant: not used
2561 4576       3       Many::m1621 (14 bytes)
2562 4577       4       Many::m1621 (14 bytes)
2562 4576       3       Many::m1621 (14 bytes)   made not entrant: not used
2563 4578       3       Many::m1622 (14 bytes)
2563 4579       4       Many::m1622 (14 bytes)
2563 4578       3       Many::m1622 (14 bytes)   made not entrant: not used
2564 4580       3       Many::m1623 (14 bytes)
2564 4581       4       Many::m1623 (14 bytes)
2564 4580       3       Many::m1623 (14 bytes)   made not entrant: not used
2566 4582       3       Many::m1624 (14 bytes)
2566 4583       4       Many::m1624 (14 bytes)
2566 4582       3       Many::m1624 (14 bytes)   made not entrant: not used
2567 4584       3       Many::m1625 (14 bytes)
2567 4585       4       Many::m1625 (14 bytes)
2567 4584       3       Many::m1625 (14 bytes)   made not entrant: not used
2569 4586       3       Many::m1626 (14 bytes)
2569 4587       4       Many::m1626 (14 bytes)
2569 4586       3       Many::m1626 (14 bytes)   made not entrant: not used
2570 4588       3       Many::m1627 (14 bytes)
2570 4589       4       Many::m1627 (14 bytes)
2570 4588       3       Many::m1627 (14 bytes)   made not entrant: not used
2571 4590       3       Many::m1628 (14 bytes)
2571 4591       4       Many::m1628 (14 bytes)
2572 4590       3       Many::m1628 (14 bytes)   made not entrant: not used
2573 4592       3       Many::m1629 (14 bytes)
2573 4593       4       Many::m1629 (14 bytes)
2573 4592       3       Many::m1629 (14 bytes)   made not entrant: not used
2574 4594       3       Many::m1630 (14 bytes)
2574 4595       4       Many::m1630 (14 bytes)
2575 4594       3       Many::m1630 (14 bytes)   made not entrant: not used
2576 4596       3       Many::m1631 (14 bytes)
2576 4597       4       Many::m1631 (14 bytes)
2576 4596       3       Many::m1631 (14 bytes)   made not entrant: not used
2577 4598       3       Many::m1632 (14 bytes)
2577 4599       4       Many::m1632 (14 bytes)
2577 4598       3       Many::m1632 (14 bytes)   made not entrant: not used
2579 4600       3       Many::m1633 (14 bytes)
2579 4601       4       Many::m1633 (14 bytes)
2579 4600       3       Many::m1633 (14 bytes)   made not entrant: not used
2580 4602       3       Many::m1634 (14 bytes)
2580 4603       4       Many::m1634 (14 bytes)
2580 4602       3       Many::m1634 (14 bytes)   made not entrant: not used
2581 4604       3       Many::m1635 (14 bytes)
2581 4605       4       Many::m1635 (14 bytes)
2582 4604       3       Many::m1635 (14 bytes)   made not entrant: not used
2583 4606       3       Many::m1636 (14 bytes)
2583 4607       4       Many::m1636 (14 bytes)
2583 4606       3       Many::m1636 (14 bytes)   made not entrant: not used
2584 4608       3       Many::m1637 (14 bytes)
2584 4609       4       Many::m1637 (14 bytes)
2584 4608       3       Many::m1637 (14 bytes)   made not entrant: not used
2586 4610       3       Many::m1638 (14 bytes)
2586 4611       4       Many::m1638 (14 bytes)
2586 4610       3       Many::m1638 (14 bytes)   made not entrant: not used
2587 4612       3       Many::m1639 (14 bytes)
2587 4613       4       Many::m1639 (14 bytes)
2587 4612       3       Many::m1639 (14 bytes)   made not entrant: not used
2589 4614       3       Many::m1640 (14 bytes)
2589 4615       4       Many::m1640 (14 bytes)
2589 4614       3       Many::m1640 (14 bytes)   made not entrant: not used
2590 4616       3       Many::m1641 (14 bytes)
2590 4617       4       Many::m1641 (14 bytes)
2590 4616       3       Many::m1641 (14 bytes)   made not entrant: not used
2591 4618       3       Many::m1642 (14 bytes)
2592 4619       4       Many::m1642 (14 bytes)
2592 4618       3       Many::m1642 (14 bytes)   made not entrant: not used
2593 4620       3       Many::m1643 (14 bytes)
2593 4621       4       Many::m1643 (14 bytes)
2593 4620       3       Many::m1643 (14 bytes)   made not entrant: not used
2594 4622       3       Many::m1644 (14 bytes)
2594 4623       4       Many::m1644 (14 bytes)
2594 4622       3       Many::m1644 (14 bytes)   made not entrant: not used
2596 4624       3       Many::m1645 (14 bytes)
2596 4625       4       Many::m1645 (14 bytes)
2596 4624       3       Many::m1645 (14 bytes)   made not entrant: not used
2597 4626       3       Many::m1646 (14 bytes)
2597 4627       4       Many::m1646 (14 bytes)
2597 4626       3       Many::m1646 (14 bytes)   made not entrant: not used
2599 4628       3       Many::m1647 (14 bytes)
2599 4629       4       Many::m1647 (14 bytes)
2599 4628       3       Many::m1647 (14 bytes)   made not entrant: not used
2600 4630       3       Many::m1648 (14 bytes)
2600 4631       4       Many::m1648 (14 bytes)
2600 4630       3       Many::m1648 (14 bytes)   made not entrant: not used
2601 4632       3       Many::m1649 (14 bytes)
2602 4633       4       Many::m1649 (14 bytes)
2602 4632       3       Many::m1649 (14 bytes)   made not entrant: not used
2603 4634       3       Many::m1650 (14 bytes)
2603 4635       4       Many::m1650 (14 bytes)
2603 4634       3       Many::m1650 (14 bytes)   made not entrant: not used
2604 4636       3       Many::m1651 (14 bytes)
2604 4637       4       Many::m1651 (14 bytes)
2604 4636       3       Many::m1651 (14 bytes)   made not entrant: not used
2606 4638       3       Many::m1652 (14 bytes)
2606 4639       4       Many::m1652 (14 bytes)
2606 4638       3       Many::m1652 (14 bytes)   made not entrant: not used
2607 4640       3       Many::m1653 (14 bytes)
2607 4641       4       Many::m1653 (14 bytes)
2607 4640       3       Many::m1653 (14 bytes)   made not entrant: not used
2609 4642       3       Many::m1654 (14 bytes)
2609 4643       4       Many::m1654 (14 bytes)
2609 4642       3       Many::m1654 (14 bytes)   made not entrant: not used
2610 4644       3       Many::m1655 (14 bytes)
2610 4645       4       Many::m1655 (14 bytes)
2610 4644       3       Many::m1655 (14 bytes)   made not entrant: not used
2611 4646       3       Many::m1656 (14 bytes)
2612 4647       4       Many::m1656 (14 bytes)
2612 4646       3       Many::m1656 (14 bytes)   made not entrant: not used
2613 4648       3       Many::m1657 (14 bytes)
2613 4649       4       Many::m1657 (14 bytes)
2613 4648       3       Many::m1657 (14 bytes)   made not entrant: not used
2614 4650       3       Many::m1658 (14 bytes)
2614 4651       4       Many::m1658 (14 bytes)
2614 4650       3       Many::m1658 (14 bytes)   made not entrant: not used
2616 4652       3       Many::m1659 (14 bytes)
2616 4653       4       Many::m1659 (14 bytes)
2616 4652       3       Many::m1659 (14 bytes)   made not entrant: not used
2617 4654       3       Many::m1660 (14 bytes)
2617 4655       4       Many::m1660 (14 bytes)
2617 4654       3       Many::m1660 (14 bytes)   made not entrant: not used
2619 4656       3       Many::m1661 (14 bytes)
2619 4657       4       Many::m1661 (14 bytes)
2619 4656       3       Many::m1661 (14 bytes)   made not entrant: not used
2620 4658       3       Many::m1662 (14 bytes)
2620 4659       4       Many::m1662 (14 bytes)
2620 4658       3       Many::m1662 (14 bytes)   made not entrant: not used
2621 4660       3       Many::m1663 (14 bytes)
2622 4661       4       Many::m1663 (14 bytes)
2622 4660       3       Many::m1663 (14 bytes)   made not entrant: not used
2623 4662       3       Many::m1664 (14 bytes)
2623 4663       4       Many::m1664 (14 bytes)
2623 4662       3       Many::m1664 (14 bytes)   made not entrant: not used
2624 4664       3       Many::m1665 (14 bytes)
2624 4665       4       Many::m1665 (14 bytes)
2625 4664       3       Many::m1665 (14 bytes)   made not entrant: not used
2626 4666       3       Many::m1666 (14 bytes)
2626 4667       4       Many::m1666 (14 bytes)
2626 4666       3       Many::m1666 (14 bytes)   made not entrant: not used
2627 4668       3       Many::m1667 (14 bytes)
2627 4669       4       Many::m1667 (14 bytes)
2627 4668       3       Many::m1667 (14 bytes)   made not entrant: not used
2629 4670       3       Many::m1668 (14 bytes)
2629 4671       4       Many::m1668 (14 bytes)
2629 4670       3       Many::m1668 (14 bytes)   made not entrant: not used
2630 4672       3       Many::m1669 (14 bytes)
2630 4673       4       Many::m1669 (14 bytes)
2630 4672       3       Many::m1669 (14 bytes)   made not entrant: not used
2632 4674       3       Many::m1670 (14 bytes)
2632 4675       4       Many::m1670 (14 bytes)
2632 4674       3       Many::m1670 (14 bytes)   made not entrant: not used
2633 4676       3       Many::m1671 (14 bytes)
2633 4677       4       Many::m1671 (14 bytes)
2633 4676       3       Many::m1671 (14 bytes)   made not entrant: not used
2634 4678       3       Many::m1672 (14 bytes)
2635 4679       4       Many::m1672 (14 bytes)
2635 4678       3       Many::m1672 (14 bytes)   made not entrant: not used
2636 4680       3       Many::m1673 (14 bytes)
2636 4681       4       Many::m1673 (14 bytes)
2636 4680       3       Many::m1673 (14 bytes)   made not entrant: not used
2637 4682       3       Many::m1674 (14 bytes)
2637 4683       4       Many::m1674 (14 bytes)
2638 4682       3       Many::m1674 (14 bytes)   made not entrant: not used
2639 4684       3       Many::m1675 (14 bytes)
2639 4685       4       Many::m1675 (14 bytes)
2639 4684       3       Many::m1675 (14 bytes)   made not entrant: not used
2640 4686       3       Many::m1676 (14 bytes)
2640 4687       4       Many::m1676 (14 bytes)
2640 4686       3       Many::m1676 (14 bytes)   made not entrant: not used
2642 4688       3       Many::m1677 (14 bytes)
2642 4689       4       Many::m1677 (14 bytes)
2642 4688       3       Many::m1677 (14 bytes)   made not entrant: not used
2643 4690       3       Many::m1678 (14 bytes)
2643 4691       4       Many::m1678 (14 bytes)
2643 4690       3       Many::m1678 (14 bytes)   made not entrant: not used
2645 4692       3       Many::m1679 (14 bytes)
2645 4693       4       Many::m1679 (14 bytes)
2645 4692       3       Many::m1679 (14 bytes)   made not entrant: not used
2646 4694       3       Many::m1680 (14 bytes)
2646 4695       4       Many::m1680 (14 bytes)
2646 4694       3       Many::m1680 (14 bytes)   made not entrant: not used
2648 4696       3       Many::m1681 (14 bytes)
2648 4697       4       Many::m1681 (14 bytes)
2648 4696       3       Many::m1681 (14 bytes)   made not entrant: not used
2649 4698       3       Many::m1682 (14 bytes)
2649 4699       4       Many::m1682 (14 bytes)
2649 4698       3       Many::m1682 (14 bytes)   made not entrant: not used
2650 4700       3       Many::m1683 (14 bytes)
2651 4701       4       Many::m1683 (14 bytes)
2651 4700       3       Many::m1683 (14 bytes)   made not entrant: not used
2652 4702       3       Many::m1684 (14 bytes)
2652 4703       4       Many::m1684 (14 bytes)
2652 4702       3       Many::m1684 (14 bytes)   made not entrant: not used
2653 4704       3       Many::m1685 (14 bytes)
2653 4705       4       Many::m1685 (14 bytes)
2653 4704       3       Many::m1685 (14 bytes)   made not entrant: not used
2655 4706       3       Many::m1686 (14 bytes)
2655 4707       4       Many::m1686 (14 bytes)
2655 4706       3       Many::m1686 (14 bytes)   made not entrant: not used
2656 4708       3       Many::m1687 (14 bytes)
2656 4709       4       Many::m1687 (14 bytes)
2656 4708       3       Many::m1687 (14 bytes)   made not entrant: not used
2658 4710       3       Many::m1688 (14 bytes)
2658 4711       4       Many::m1688 (14 bytes)
2658 4710       3       Many::m1688 (14 bytes)   made not entrant: not used
2659 4712       3       Many::m1689 (14 bytes)
2659 4713       4       Many::m1689 (14 bytes)
2659 4712       3       Many::m1689 (14 bytes)   made not entrant: not used
2661 4714       3       Many::m1690 (14 bytes)
2661 4715       4       Many::m1690 (14 bytes)
2661 4714       3       Many::m1690 (14 bytes)   made not entrant: not used
2662 4716       3       Many::m1691 (14 bytes)
2662 4717       4       Many::m1691 (14 bytes)
2662 4716       3       Many::m1691 (14 bytes)   made not entrant: not used
2663 4718       3       Many::m1692 (14 bytes)
2663 4719       4       Many::m1692 (14 bytes)
2664 4718       3       Many::m1692 (14 bytes)   made not entrant: not used
2665 4720       3       Many::m1693 (14 bytes)
2665 4721       4       Many::m1693 (14 bytes)
2665 4720       3       Many::m1693 (14 bytes)   made not entrant: not used
2666 4722       3       Many::m1694 (14 bytes)
2666 4723       4       Many::m1694 (14 bytes)
2666 4722       3       Many::m1694 (14 bytes)   made not entrant: not used
2668 4724       3       Many::m1695 (14 bytes)
2668 4725       4       Many::m1695 (14 bytes)
2668 4724       3       Many::m1695 (14 bytes)   made not entrant: not used
2669 4726       3       Many::m1696 (14 bytes)
2669 4727       4       Many::m1696 (14 bytes)
2669 4726       3       Many::m1696 (14 bytes)   made not entrant: not used
2671 4728       3       Many::m1697 (14 bytes)
2671 4729       4       Many::m1697 (14 bytes)
2671 4728       3       Many::m1697 (14 bytes)   made not entrant: not used
2672 4730       3       Many::m1698 (14 bytes)
2672 4731       4       Many::m1698 (14 bytes)
2672 4730       3       Many::m1698 (14 bytes)   made not entrant: not used
2674 4732       3       Many::m1699 (14 bytes)
2674 4733       4       Many::m1699 (14 bytes)
2674 4732       3       Many::m1699 (14 bytes)   made not entrant: not used
2675 4734       3       Many::m1700 (14 bytes)
2675 4735       4       Many::m1700 (14 bytes)
2675 4734       3       Many::m1700 (14 bytes)   made not entrant: not used
2676 4736       3       Many::m1701 (14 bytes)
2677 4737       4       Many::m1701 (14 bytes)
2677 4736       3       Many::m1701 (14 bytes)   made not entrant: not used
2678 4738       3       Many::m1702 (14 bytes)
2678 4739       4       Many::m1702 (14 bytes)
2678 4738       3       Many::m1702 (14 bytes)   made not entrant: not used
2679 4740       3       Many::m1703 (14 bytes)
2679 4741       4       Many::m1703 (14 bytes)
2679 4740       3       Many::m1703 (14 bytes)   made not entrant: not used
2681 4742       3       Many::m1704 (14 bytes)
2681 4743       4       Many::m1704 (14 bytes)
2681 4742       3       Many::m1704 (14 bytes)   made not entrant: not used
2682 4744       3       Many::m1705 (14 bytes)
2682 4745       4       Many::m1705 (14 bytes)
2682 4744       3       Many::m1705 (14 bytes)   made not entrant: not used
2684 4746       3       Many::m1706 (14 bytes)
2684 4747       4       Many::m1706 (14 bytes)
2684 4746       3       Many::m1706 (14 bytes)   made not entrant: not used
2685 4748       3       Many::m1707 (14 bytes)
2685 4749       4       Many::m1707 (14 bytes)
2685 4748       3       Many::m1707 (14 bytes)   made not entrant: not used
2687 4750       3       Many::m1708 (14 bytes)
2687 4751       4       Many::m1708 (14 bytes)
2687 4750       3       Many::m1708 (14 bytes)   made not entrant: not used
2688 4752       3       Many::m1709 (14 bytes)
2688 4753       4       Many::m1709 (14 bytes)
2688 4752       3       Many::m1709 (14 bytes)   made not entrant: not used
2689 4754       3       Many::m1710 (14 bytes)
2690 4755       4       Many::m1710 (14 bytes)
2690 4754       3       Many::m1710 (14 bytes)   made not entrant: not used
2691 4756       3       Many::m1711 (14 bytes)
2691 4757       4       Many::m1711 (14 bytes)
2691 4756       3       Many::m1711 (14 bytes)   made not entrant: not used
2692 4758       3       Many::m1712 (14 bytes)
2692 4759       4       Many::m1712 (14 bytes)
2693 4758       3       Many::m1712 (14 bytes)   made not entrant: not used
2694 4760       3       Many::m1713 (14 bytes)
2694 4761       4       Many::m1713 (14 bytes)
2694 4760       3       Many::m1713 (14 bytes)   made not entrant: not used
2695 4762       3       Many::m1714 (14 bytes)
2695 4763       4       Many::m1714 (14 bytes)
2695 4762       3       Many::m1714 (14 bytes)   made not entrant: not used
2697 4764       3       Many::m1715 (14 bytes)
2697 4765       4       Many::m1715 (14 bytes)
2697 4764       3       Many::m1715 (14 bytes)   made not entrant: not used
2698 4766       3       Many::m1716 (14 bytes)
2698 4767       4       Many::m1716 (14 bytes)
2698 4766       3       Many::m1716 (14 bytes)   made not entrant: not used
2700 4768       3       Many::m1717 (14 bytes)
2700 4769       4       Many::m1717 (14 bytes)
2700 4768       3       Many::m1717 (14 bytes)   made not entrant: not used
2701 4770       3       Many::m1718 (14 bytes)
2701 4771       4       Many::m1718 (14 bytes)
2701 4770       3       Many::m1718 (14 bytes)   made not entrant: not used
2702 4772       3       Many::m1719 (14 bytes)
2703 4773       4       Many::m1719 (14 bytes)
2703 4772       3       Many::m1719 (14 bytes)   made not entrant: not used
2704 4774       3       Many::m1720 (14 bytes)
2704 4775       4       Many::m1720 (14 bytes)
2704 4774       3       Many::m1720 (14 bytes)   made not entrant: not used
2705 4776       3       Many::m1721 (14 bytes)
2705 4777       4       Many::m1721 (14 bytes)
2706 4776       3       Many::m1721 (14 bytes)   made not entrant: not used
2707 4778       3       Many::m1722 (14 bytes)
2707 4779       4       Many::m1722 (14 bytes)
2707 4778       3       Many::m1722 (14 bytes)   made not entrant: not used
2708 4780       3       Many::m1723 (14 bytes)
2708 4781       4       Many::m1723 (14 bytes)
2708 4780       3       Many::m1723 (14 bytes)   made not entrant: not used
2710 4782       3       Many::m1724 (14 bytes)
2710 4783       4       Many::m1724 (14 bytes)
2710 4782       3       Many::m1724 (14 bytes)   made not entrant: not used
2711 4784       3       Many::m1725 (14 bytes)
2711 4785       4       Many::m1725 (14 bytes)
2711 4784       3       Many::m1725 (14 bytes)   made not entrant: not used
2713 4786       3       Many::m1726 (14 bytes)
2713 4787       4       Many::m1726 (14 bytes)
2713 4786       3       Many::m1726 (14 bytes)   made not entrant: not used
2714 4788       3       Many::m1727 (14 bytes)
2714 4789       4       Many::m1727 (14 bytes)
2714 4788       3       Many::m1727 (14 bytes)   made not entrant: not used
2716 4790       3       Many::m1728 (14 bytes)
2716 4791       4       Many::m1728 (14 bytes)
2716 4790       3       Many::m1728 (14 bytes)   made not entrant: not used
2717 4792       3       Many::m1729 (14 bytes)
2717 4793       4       Many::m1729 (14 bytes)
2717 4792       3       Many::m1729 (14 bytes)   made not entrant: not used
2718 4794       3       Many::m1730 (14 bytes)
2718 4795       4       Many::m1730 (14 bytes)
2719 4794       3       Many::m1730 (14 bytes)   made not entrant: not used
2720 4796       3       Many::m1731 (14 bytes)
2720 4797       4       Many::m1731 (14 bytes)
2720 4796       3       Many::m1731 (14 bytes)   made not entrant: not used
2721 4798       3       Many::m1732 (14 bytes)
2722 4799       4       Many::m1732 (14 bytes)
2722 4798       3       Many::m1732 (14 bytes)   made not entrant: not used
2723 4800       3       Many::m1733 (14 bytes)
2723 4801       4       Many::m1733 (14 bytes)
2723 4800       3       Many::m1733 (14 bytes)   made not entrant: not used
2724 4802       3       Many::m1734 (14 bytes)
2724 4803       4       Many::m1734 (14 bytes)
2725 4802       3       Many::m1734 (14 bytes)   made not entrant: not used
2726 4804       3       Many::m1735 (14 bytes)
2726 4805       4       Many::m1735 (14 bytes)
2726 4804       3       Many::m1735 (14 bytes)   made not entrant: not used
2727 4806       3       Many::m1736 (14 bytes)
2727 4807       4       Many::m1736 (14 bytes)
2727 4806       3       Many::m1736 (14 bytes)   made not entrant: not used
2729 4808       3       Many::m1737 (14 bytes)
2729 4809       4       Many::m1737 (14 bytes)
2729 4808       3       Many::m1737 (14 bytes)   made not entrant: not used
2730 4810       3       Many::m1738 (14 bytes)
2730 4811       4       Many::m1738 (14 bytes)
2730 4810       3       Many::m1738 (14 bytes)   made not entrant: not used
2731 4812       3       Many::m1739 (14 bytes)
2732 4813       4       Many::m1739 (14 bytes)
2732 4812       3       Many::m1739 (14 bytes)   made not entrant: not used
2733 4814       3       Many::m1740 (14 bytes)
2733 4815       4       Many::m1740 (14 bytes)
2733 4814       3       Many::m1740 (14 bytes)   made not entrant: not used
2734 4816       3       Many::m1741 (14 bytes)
2734 4817       4       Many::m1741 (14 bytes)
2734 4816       3       Many::m1741 (14 bytes)   made not entrant: not used
2736 4818       3       Many::m1742 (14 bytes)
2736 4819       4       Many::m1742 (14 bytes)
2736 4818       3       Many::m1742 (14 bytes)   made not entrant: not used
2737 4820       3       Many::m1743 (14 bytes)
2737 4821       4       Many::m1743 (14 bytes)
2737 4820       3       Many::m1743 (14 bytes)   made not entrant: not used
2739 4822       3       Many::m1744 (14 bytes)
2739 4823       4       Many::m1744 (14 bytes)
2739 4822       3       Many::m1744 (14 bytes)   made not entrant: not used
2740 4824       3       Many::m1745 (14 bytes)
2740 4825       4       Many::m1745 (14 bytes)
2740 4824       3       Many::m1745 (14 bytes)   made not entrant: not used
2742 4826       3       Many::m1746 (14 bytes)
2742 4827       4       Many::m1746 (14 bytes)
2742 4826       3       Many::m1746 (14 bytes)   made not entrant: not used
2743 4828       3       Many::m1747 (14 bytes)
2743 4829       4       Many::m1747 (14 bytes)
2743 4828       3       Many::m1747 (14 bytes)   made not entrant: not used
2744 4830       3       Many::m1748 (14 bytes)
2744 4831       4       Many::m1748 (14 bytes)
2745 4830       3       Many::m1748 (14 bytes)   made not entrant: not used
2746 4832       3       Many::m1749 (14 bytes)
2746 4833       4       Many::m1749 (14 bytes)
2746 4832       3       Many::m1749 (14 bytes)   made not entrant: not used
2747 4834       3       Many::m1750 (14 bytes)
2747 4835       4       Many::m1750 (14 bytes)
2747 4834       3       Many::m1750 (14 bytes)   made not entrant: not used
2749 4836       3       Many::m1751 (14 bytes)
2749 4837       4       Many::m1751 (14 bytes)
2749 4836       3       Many::m1751 (14 bytes)   made not entrant: not used
2750 4838       3       Many::m1752 (14 bytes)
2750 4839       4       Many::m1752 (14 bytes)
2750 4838       3       Many::m1752 (14 bytes)   made not entrant: not used
2752 4840       3       Many::m1753 (14 bytes)
2752 4841       4       Many::m1753 (14 bytes)
2752 4840       3       Many::m1753 (14 bytes)   made not entrant: not used
2753 4842       3       Many::m1754 (14 bytes)
2753 4843       4       Many::m1754 (14 bytes)
2753 4842       3       Many::m1754 (14 bytes)   made not entrant: not used
2754 4844       3       Many::m1755 (14 bytes)
2755 4845       4       Many::m1755 (14 bytes)
2755 4844       3       Many::m1755 (14 bytes)   made not entrant: not used
2756 4846       3       Many::m1756 (14 bytes)
2756 4847       4       Many::m1756 (14 bytes)
2756 4846       3       Many::m1756 (14 bytes)   made not entrant: not used
2757 4848       3       Many::m1757 (14 bytes)
2757 4849       4       Many::m1757 (14 bytes)
2758 4848       3       Many::m1757 (14 bytes)   made not entrant: not used
2759 4850       3       Many::m1758 (14 bytes)
2759 4851       4       Many::m1758 (14 bytes)
2759 4850       3       Many::m1758 (14 bytes)   made not entrant: not used
2760 4852       3       Many::m1759 (14 bytes)
2760 4853       4       Many::m1759 (14 bytes)
2760 4852       3       Many::m1759 (14 bytes)   made not entrant: not used
2762 4854       3       Many::m1760 (14 bytes)
2762 4855       4       Many::m1760 (14 bytes)
2762 4854       3       Many::m1760 (14 bytes)   made not entrant: not used
2763 4856       3       Many::m1761 (14 bytes)
2763 4857       4       Many::m1761 (14 bytes)
2763 4856       3       Many::m1761 (14 bytes)   made not entrant: not used
2765 4858       3       Many::m1762 (14 bytes)
2765 4859       4       Many::m1762 (14 bytes)
2765 4858       3       Many::m1762 (14 bytes)   made not entrant: not used
2766 4860       3       Many::m1763 (14 bytes)
2766 4861       4       Many::m1763 (14 bytes)
2766 4860       3       Many::m1763 (14 bytes)   made not entrant: not used
2767 4862       3       Many::m1764 (14 bytes)
2768 4863       4       Many::m1764 (14 bytes)
2768 4862       3       Many::m1764 (14 bytes)   made not entrant: not used
2769 4864       3       Many::m1765 (14 bytes)
2769 4865       4       Many::m1765 (14 bytes)
2769 4864       3       Many::m1765 (14 bytes)   made not entrant: not used
2770 4866       3       Many::m1766 (14 bytes)
2770 4867       4       Many::m1766 (14 bytes)
2770 4866       3       Many::m1766 (14 bytes)   made not entrant: not used
2772 4868       3       Many::m1767 (14 bytes)
2772 4869       4       Many::m1767 (14 bytes)
2772 4868       3       Many::m1767 (14 bytes)   made not entrant: not used
2773 4870       3       Many::m1768 (14 bytes)
2773 4871       4       Many::m1768 (14 bytes)
2773 4870       3       Many::m1768 (14 bytes)   made not entrant: not used
2775 4872       3       Many::m1769 (14 bytes)
2775 4873       4       Many::m1769 (14 bytes)
2775 4872       3       Many::m1769 (14 bytes)   made not entrant: not used
2776 4874       3       Many::m1770 (14 bytes)
2776 4875       4       Many::m1770 (14 bytes)
2776 4874       3       Many::m1770 (14 bytes)   made not entrant: not used
2778 4876       3       Many::m1771 (14 bytes)
2778 4877       4       Many::m1771 (14 bytes)
2778 4876       3       Many::m1771 (14 bytes)   made not entrant: not used
2779 4878       3       Many::m1772 (14 bytes)
2779 4879       4       Many::m1772 (14 bytes)
2779 4878       3       Many::m1772 (14 bytes)   made not entrant: not used
2780 4880       3       Many::m1773 (14 bytes)
2781 4881       4       Many::m1773 (14 bytes)
2781 4880       3       Many::m1773 (14 bytes)   made not entrant: not used
2782 4882       3       Many::m1774 (14 bytes)
2782 4883       4       Many::m1774 (14 bytes)
2782 4882       3       Many::m1774 (14 bytes)   made not entrant: not used
2783 4884       3       Many::m1775 (14 bytes)
2783 4885       4       Many::m1775 (14 bytes)
2784 4884       3       Many::m1775 (14 bytes)   made not entrant: not used
2785 4886       3       Many::m1776 (14 bytes)
2785 4887       4       Many::m1776 (14 bytes)
2785 4886       3       Many::m1776 (14 bytes)   made not entrant: not used
2786 4888       3       Many::m1777 (14 bytes)
2786 4889       4       Many::m1777 (14 bytes)
2786 4888       3       Many::m1777 (14 bytes)   made not entrant: not used
2788 4890       3       Many::m1778 (14 bytes)
2788 4891       4       Many::m1778 (14 bytes)
2788 4890       3       Many::m1778 (14 bytes)   made not entrant: not used
2789 4892       3       Many::m1779 (14 bytes)
2789 4893       4       Many::m1779 (14 bytes)
2789 4892       3       Many::m1779 (14 bytes)   made not entrant: not used
2791 4894       3       Many::m1780 (14 bytes)
2791 4895       4       Many::m1780 (14 bytes)
2791 4894       3       Many::m1780 (14 bytes)   made not entrant: not used
2792 4896       3       Many::m1781 (14 bytes)
2792 4897       4       Many::m1781 (14 bytes)
2792 4896       3       Many::m1781 (14 bytes)   made not entrant: not used
2793 4898       3       Many::m1782 (14 bytes)
2794 4899       4       Many::m1782 (14 bytes)
2794 4898       3       Many::m1782 (14 bytes)   made not entrant: not used
2795 4900       3       Many::m1783 (14 bytes)
2795 4901       4       Many::m1783 (14 bytes)
2795 4900       3       Many::m1783 (14 bytes)   made not entrant: not used
2796 4902       3       Many::m1784 (14 bytes)
2796 4903       4       Many::m1784 (14 bytes)
2796 4902       3       Many::m1784 (14 bytes)   made not entrant: not used
2798 4904       3       Many::m1785 (14 bytes)
2798 4905       4       Many::m1785 (14 bytes)
2798 4904       3       Many::m1785 (14 bytes)   made not entrant: not used
2799 4906       3       Many::m1786 (14 bytes)
2799 4907       4       Many::m1786 (14 bytes)
2799 4906       3       Many::m1786 (14 bytes)   made not entrant: not used
2801 4908       3       Many::m1787 (14 bytes)
2801 4909       4       Many::m1787 (14 bytes)
2801 4908       3       Many::m1787 (14 bytes)   made not entrant: not used
2802 4910       3       Many::m1788 (14 bytes)
2802 4911       4       Many::m1788 (14 bytes)
2802 4910       3       Many::m1788 (14 bytes)   made not entrant: not used
2803 4912       3       Many::m1789 (14 bytes)
2803 4913       4       Many::m1789 (14 bytes)
2804 4912       3       Many::m1789 (14 bytes)   made not entrant: not used
2805 4914       3       Many::m1790 (14 bytes)
2805 4915       4       Many::m1790 (14 bytes)
2805 4914       3       Many::m1790 (14 bytes)   made not entrant: not used
2806 4916       3       Many::m1791 (14 bytes)
2806 4917       4       Many::m1791 (14 bytes)
2806 4916       3       Many::m1791 (14 bytes)   made not entrant: not used
2808 4918       3       Many::m1792 (14 bytes)
2808 4919       4       Many::m1792 (14 bytes)
2808 4918       3       Many::m1792 (14 bytes)   made not entrant: not used
2809 4920       3       Many::m1793 (14 bytes)
2809 4921       4       Many::m1793 (14 bytes)
2809 4920       3       Many::m1793 (14 bytes)   made not entrant: not used
2811 4922       3       Many::m1794 (14 bytes)
2811 4923       4       Many::m1794 (14 bytes)
2811 4922       3       Many::m1794 (14 bytes)   made not entrant: not used
2812 4924       3       Many::m1795 (14 bytes)
2812 4925       4       Many::m1795 (14 bytes)
2812 4924       3       Many::m1795 (14 bytes)   made not entrant: not used
2813 4926       3       Many::m1796 (14 bytes)
2814 4927       4       Many::m1796 (14 bytes)
2814 4926       3       Many::m1796 (14 bytes)   made not entrant: not used
2815 4928       3       Many::m1797 (14 bytes)
2815 4929       4       Many::m1797 (14 bytes)
2815 4928       3       Many::m1797 (14 bytes)   made not entrant: not used
2816 4930       3       Many::m1798 (14 bytes)
2816 4931       4       Many::m1798 (14 bytes)
2816 4930       3       Many::m1798 (14 bytes)   made not entrant: not used
2818 4932       3       Many::m1799 (14 bytes)
2818 4933       4       Many::m1799 (14 bytes)
2818 4932       3       Many::m1799 (14 bytes)   made not entrant: not used
2819 4934       3       Many::m1800 (14 bytes)
2819 4935       4       Many::m1800 (14 bytes)
2819 4934       3       Many::m1800 (14 bytes)   made not entrant: not used
2821 4936       3       Many::m1801 (14 bytes)
2821 4937       4       Many::m1801 (14 bytes)
2821 4936       3       Many::m1801 (14 bytes)   made not entrant: not used
2822 4938       3       Many::m1802 (14 bytes)
2822 4939       4       Many::m1802 (14 bytes)
2822 4938       3       Many::m1802 (14 bytes)   made not entrant: not used
2824 4940       3       Many::m1803 (14 bytes)
2824 4941       4       Many::m1803 (14 bytes)
2824 4940       3       Many::m1803 (14 bytes)   made not entrant: not used
2825 4942       3       Many::m1804 (14 bytes)
2825 4943       4       Many::m1804 (14 bytes)
2825 4942       3       Many::m1804 (14 bytes)   made not entrant: not used
2826 4944       3       Many::m1805 (14 bytes)
2826 4945       4       Many::m1805 (14 bytes)
2827 4944       3       Many::m1805 (14 bytes)   made not entrant: not used
2828 4946       3       Many::m1806 (14 bytes)
2828 4947       4       Many::m1806 (14 bytes)
2828 4946       3       Many::m1806 (14 bytes)   made not entrant: not used
2829 4948       3       Many::m1807 (14 bytes)
2829 4949       4       Many::m1807 (14 bytes)
2829 4948       3       Many::m1807 (14 bytes)   made not entrant: not used
2831 4950       3       Many::m1808 (14 bytes)
2831 4951       4       Many::m1808 (14 bytes)
2831 4950       3       Many::m1808 (14 bytes)   made not entrant: not used
2832 4952       3       Many::m1809 (14 bytes)
2832 4953       4       Many::m1809 (14 bytes)
2832 4952       3       Many::m1809 (14 bytes)   made not entrant: not used
2834 4954       3       Many::m1810 (14 bytes)
2834 4955       4       Many::m1810 (14 bytes)
2834 4954       3       Many::m1810 (14 bytes)   made not entrant: not used
2835 4956       3       Many::m1811 (14 bytes)
2835 4957       4       Many::m1811 (14 bytes)
2835 4956       3       Many::m1811 (14 bytes)   made not entrant: not used
2836 4958       3       Many::m1812 (14 bytes)
2837 4959       4       Many::m1812 (14 bytes)
2837 4958       3       Many::m1812 (14 bytes)   made not entrant: not used
2838 4960       3       Many::m1813 (14 bytes)
2838 4961       4       Many::m1813 (14 bytes)
2838 4960       3       Many::m1813 (14 bytes)   made not entrant: not used
2839 4962       3       Many::m1814 (14 bytes)
2839 4963       4       Many::m1814 (14 bytes)
2840 4962       3       Many::m1814 (14 bytes)   made not entrant: not used
2841 4964       3       Many::m1815 (14 bytes)
2841 4965       4       Many::m1815 (14 bytes)
2841 4964       3       Many::m1815 (14 bytes)   made not entrant: not used
2842 4966       3       Many::m1816 (14 bytes)
2842 4967       4       Many::m1816 (14 bytes)
2842 4966       3       Many::m1816 (14 bytes)   made not entrant: not used
2844 4968       3       Many::m1817 (14 bytes)
2844 4969       4       Many::m1817 (14 bytes)
2844 4968       3       Many::m1817 (14 bytes)   made not entrant: not used
2845 4970       3       Many::m1818 (14 bytes)
2845 4971       4       Many::m1818 (14 bytes)
2845 4970       3       Many::m1818 (14 bytes)   made not entrant: not used
2847 4972       3       Many::m1819 (14 bytes)
2847 4973       4       Many::m1819 (14 bytes)
2847 4972       3       Many::m1819 (14 bytes)   made not entrant: not used
2848 4974       3       Many::m1820 (14 bytes)
2848 4975       4       Many::m1820 (14 bytes)
2848 4974       3       Many::m1820 (14 bytes)   made not entrant: not used
2849 4976       3       Many::m1821 (14 bytes)
2849 4977       4       Many::m1821 (14 bytes)
2850 4976       3       Many::m1821 (14 bytes)   made not entrant: not used
2851 4978       3       Many::m1822 (14 bytes)
2851 4979       4       Many::m1822 (14 bytes)
2851 4978       3       Many::m1822 (14 bytes)   made not entrant: not used
2852 4980       3       Many::m1823 (14 bytes)
2852 4981       4       Many::m1823 (14 bytes)
2852 4980       3       Many::m1823 (14 bytes)   made not entrant: not used
2854 4982       3       Many::m1824 (14 bytes)
2854 4983       4       Many::m1824 (14 bytes)
2854 4982       3       Many::m1824 (14 bytes)   made not entrant: not used
2855 4984       3       Many::m1825 (14 bytes)
2855 4985       4       Many::m1825 (14 bytes)
2855 4984       3       Many::m1825 (14 bytes)   made not entrant: not used
2857 4986       3       Many::m1826 (14 bytes)
2857 4987       4       Many::m1826 (14 bytes)
2857 4986       3       Many::m1826 (14 bytes)   made not entrant: not used
2858 4988       3       Many::m1827 (14 bytes)
2858 4989       4       Many::m1827 (14 bytes)
2858 4988       3       Many::m1827 (14 bytes)   made not entrant: not used
2859 4990       3       Many::m1828 (14 bytes)
2859 4991       4       Many::m1828 (14 bytes)
2860 4990       3       Many::m1828 (14 bytes)   made not entrant: not used
2861 4992       3       Many::m1829 (14 bytes)
2861 4993       4       Many::m1829 (14 bytes)
2861 4992       3       Many::m1829 (14 bytes)   made not entrant: not used
2862 4994       3       Many::m1830 (14 bytes)
2862 4995       4       Many::m1830 (14 bytes)
2862 4994       3       Many::m1830 (14 bytes)   made not entrant: not used
2864 4996       3       Many::m1831 (14 bytes)
2864 4997       4       Many::m1831 (14 bytes)
2864 4996       3       Many::m1831 (14 bytes)   made not entrant: not used
2865 4998       3       Many::m1832 (14 bytes)
2865 4999       4       Many::m1832 (14 bytes)
2865 4998       3       Many::m1832 (14 bytes)   made not entrant: not used
2867 5000       3       Many::m1833 (14 bytes)
2867 5001       4       Many::m1833 (14 bytes)
2867 5000       3       Many::m1833 (14 bytes)   made not entrant: not used
2868 5002       3       Many::m1834 (14 bytes)
2868 5003       4       Many::m1834 (14 bytes)
2868 5002       3       Many::m1834 (14 bytes)   made not entrant: not used
2869 5004       3       Many::m1835 (14 bytes)
2870 5005       4       Many::m1835 (14 bytes)
2870 5004       3       Many::m1835 (14 bytes)   made not entrant: not used
2871 5006       3       Many::m1836 (14 bytes)
2871 5007       4       Many::m1836 (14 bytes)
2871 5006       3       Many::m1836 (14 bytes)   made not entrant: not used
2872 5008       3       Many::m1837 (14 bytes)
2873 5009       4       Many::m1837 (14 bytes)
2873 5008       3       Many::m1837 (14 bytes)   made not entrant: not used
2874 5010       3       Many::m1838 (14 bytes)
2874 5011       4       Many::m1838 (14 bytes)
2874 5010       3       Many::m1838 (14 bytes)   made not entrant: not used
2875 5012       3       Many::m1839 (14 bytes)
2875 5013       4       Many::m1839 (14 bytes)
2875 5012       3       Many::m1839 (14 bytes)   made not entrant: not used
2877 5014       3       Many::m1840 (14 bytes)
2877 5015       4       Many::m1840 (14 bytes)
2877 5014       3       Many::m1840 (14 bytes)   made not entrant: not used
2878 5016       3       Many::m1841 (14 bytes)
2878 5017       4       Many::m1841 (14 bytes)
2878 5016       3       Many::m1841 (14 bytes)   made not entrant: not used
2880 5018       3       Many::m1842 (14 bytes)
2880 5019       4       Many::m1842 (14 bytes)
2880 5018       3       Many::m1842 (14 bytes)   made not entrant: not used
2881 5020       3       Many::m1843 (14 bytes)
2881 5021       4       Many::m1843 (14 bytes)
2881 5020       3       Many::m1843 (14 bytes)   made not entrant: not used
2882 5022       3       Many::m1844 (14 bytes)
2883 5023       4       Many::m1844 (14 bytes)
2883 5022       3       Many::m1844 (14 bytes)   made not entrant: not used
2884 5024       3       Many::m1845 (14 bytes)
2884 5025       4       Many::m1845 (14 bytes)
2884 5024       3       Many::m1845 (14 bytes)   made not entrant: not used
2885 5026       3       Many::m1846 (14 bytes)
2885 5027       4       Many::m1846 (14 bytes)
2886 5026       3       Many::m1846 (14 bytes)   made not entrant: not used
2887 5028       3       Many::m1847 (14 bytes)
2887 5029       4       Many::m1847 (14 bytes)
2887 5028       3       Many::m1847 (14 bytes)   made not entrant: not used
2888 5030       3       Many::m1848 (14 bytes)
2888 5031       4       Many::m1848 (14 bytes)
2888 5030       3       Many::m1848 (14 bytes)   made not entrant: not used
2890 5032       3       Many::m1849 (14 bytes)
2890 5033       4       Many::m1849 (14 bytes)
2890 5032       3       Many::m1849 (14 bytes)   made not entrant: not used
2891 5034       3       Many::m1850 (14 bytes)
2891 5035       4       Many::m1850 (14 bytes)
2891 5034       3       Many::m1850 (14 bytes)   made not entrant: not used
2893 5036       3       Many::m1851 (14 bytes)
2893 5037       4       Many::m1851 (14 bytes)
2893 5036       3       Many::m1851 (14 bytes)   made not entrant: not used
2894 5038       3       Many::m1852 (14 bytes)
2894 5039       4       Many::m1852 (14 bytes)
2894 5038       3       Many::m1852 (14 bytes)   made not entrant: not used
2895 5040       3       Many::m1853 (14 bytes)
2896 5041       4       Many::m1853 (14 bytes)
2896 5040       3       Many::m1853 (14 bytes)   made not entrant: not used
2897 5042       3       Many::m1854 (14 bytes)
2897 5043       4       Many::m1854 (14 bytes)
2897 5042       3       Many::m1854 (14 bytes)   made not entrant: not used
2898 5044       3       Many::m1855 (14 bytes)
2898 5045       4       Many::m1855 (14 bytes)
2898 5044       3       Many::m1855 (14 bytes)   made not entrant: not used
2900 5046       3       Many::m1856 (14 bytes)
2900 5047       4       Many::m1856 (14 bytes)
2900 5046       3       Many::m1856 (14 bytes)   made not entrant: not used
2901 5048       3       Many::m1857 (14 bytes)
2901 5049       4       Many::m1857 (14 bytes)
2901 5048       3       Many::m1857 (14 bytes)   made not entrant: not used
2903 5050       3       Many::m1858 (14 bytes)
2903 5051       4       Many::m1858 (14 bytes)
2903 5050       3       Many::m1858 (14 bytes)   made not entrant: not used
2904 5052       3       Many::m1859 (14 bytes)
2904 5053       4       Many::m1859 (14 bytes)
2904 5052       3       Many::m1859 (14 bytes)   made not entrant: not used
2906 5054       3       Many::m1860 (14 bytes)
2906 5055       4       Many::m1860 (14 bytes)
2906 5054       3       Many::m1860 (14 bytes)   made not entrant: not used
2907 5056       3       Many::m1861 (14 bytes)
2907 5057       4       Many::m1861 (14 bytes)
2907 5056       3       Many::m1861 (14 bytes)   made not entrant: not used
2908 5058       3       Many::m1862 (14 bytes)
2908 5059       4       Many::m1862 (14 bytes)
2909 5058       3       Many::m1862 (14 bytes)   made not entrant: not used
2910 5060       3       Many::m1863 (14 bytes)
2910 5061       4       Many::m1863 (14 bytes)
2910 5060       3       Many::m1863 (14 bytes)   made not entrant: not used
2911 5062       3       Many::m1864 (14 bytes)
2911 5063       4       Many::m1864 (14 bytes)
2911 5062       3       Many::m1864 (14 bytes)   made not entrant: not used
2913 5064       3       Many::m1865 (14 bytes)
2913 5065       4       Many::m1865 (14 bytes)
2913 5064       3       Many::m1865 (14 bytes)   made not entrant: not used
2914 5066       3       Many::m1866 (14 bytes)
2914 5067       4       Many::m1866 (14 bytes)
2914 5066       3       Many::m1866 (14 bytes)   made not entrant: not used
2915 5068       3       Many::m1867 (14 bytes)
2916 5069       4       Many::m1867 (14 bytes)
2916 5068       3       Many::m1867 (14 bytes)   made not entrant: not used
2917 5070       3       Many::m1868 (14 bytes)
2917 5071       4       Many::m1868 (14 bytes)
2917 5070       3       Many::m1868 (14 bytes)   made not entrant: not used
2918 5072       3       Many::m1869 (14 bytes)
2918 5073       4       Many::m1869 (14 bytes)
2918 5072       3       Many::m1869 (14 bytes)   made not entrant: not used
2920 5074       3       Many::m1870 (14 bytes)
2920 5075       4       Many::m1870 (14 bytes)
2920 5074       3       Many::m1870 (14 bytes)   made not entrant: not used
2921 5076       3       Many::m1871 (14 bytes)
2921 5077       4       Many::m1871 (14 bytes)
2921 5076       3       Many::m1871 (14 bytes)   made not entrant: not used
2923 5078       3       Many::m1872 (14 bytes)
2923 5079       4       Many::m1872 (14 bytes)
2923 5078       3       Many::m1872 (14 bytes)   made not entrant: not used
2924 5080       3       Many::m1873 (14 bytes)
2924 5081       4       Many::m1873 (14 bytes)
2924 5080       3       Many::m1873 (14 bytes)   made not entrant: not used
2925 5082       3       Many::m1874 (14 bytes)
2926 5083       4       Many::m1874 (14 bytes)
2926 5082       3       Many::m1874 (14 bytes)   made not entrant: not used
2927 5084       3       Many::m1875 (14 bytes)
2927 5085       4       Many::m1875 (14 bytes)
2927 5084       3       Many::m1875 (14 bytes)   made not entrant: not used
2928 5086       3       Many::m1876 (14 bytes)
2928 5087       4       Many::m1876 (14 bytes)
2928 5086       3       Many::m1876 (14 bytes)   made not entrant: not used
2930 5088       3       Many::m1877 (14 bytes)
2930 5089       4       Many::m1877 (14 bytes)
2930 5088       3       Many::m1877 (14 bytes)   made not entrant: not used
2931 5090       3       Many::m1878 (14 bytes)
2931 5091       4       Many::m1878 (14 bytes)
2931 5090       3       Many::m1878 (14 bytes)   made not entrant: not used
2932 5092       3       Many::m1879 (14 bytes)
2933 5093       4       Many::m1879 (14 bytes)
2933 5092       3       Many::m1879 (14 bytes)   made not entrant: not used
2934 5094       3       Many::m1880 (14 bytes)
2934 5095       4       Many::m1880 (14 bytes)
2934 5094       3       Many::m1880 (14 bytes)   made not entrant: not used
2935 5096       3       Many::m1881 (14 bytes)
2935 5097       4       Many::m1881 (14 bytes)
2935 5096       3       Many::m1881 (14 bytes)   made not entrant: not used
2937 5098       3       Many::m1882 (14 bytes)
2937 5099       4       Many::m1882 (14 bytes)
2937 5098       3       Many::m1882 (14 bytes)   made not entrant: not used
2938 5100       3       Many::m1883 (14 bytes)
2938 5101       4       Many::m1883 (14 bytes)
2938 5100       3       Many::m1883 (14 bytes)   made not entrant: not used
2940 5102       3       Many::m1884 (14 bytes)
2940 5103       4       Many::m1884 (14 bytes)
2940 5102       3       Many::m1884 (14 bytes)   made not entrant: not used
2941 5104       3       Many::m1885 (14 bytes)
2941 5105       4       Many::m1885 (14 bytes)
2941 5104       3       Many::m1885 (14 bytes)   made not entrant: not used
2943 5106       3       Many::m1886 (14 bytes)
2943 5107       4       Many::m1886 (14 bytes)
2943 5106       3       Many::m1886 (14 bytes)   made not entrant: not used
2944 5108       3       Many::m1887 (14 bytes)
2944 5109       4       Many::m1887 (14 bytes)
2944 5108       3       Many::m1887 (14 bytes)   made not entrant: not used
2945 5110       3       Many::m1888 (14 bytes)
2945 5111       4       Many::m1888 (14 bytes)
2946 5110       3       Many::m1888 (14 bytes)   made not entrant: not used
2947 5112       3       Many::m1889 (14 bytes)
2947 5113       4       Many::m1889 (14 bytes)
2947 5112       3       Many::m1889 (14 bytes)   made not entrant: not used
2948 5114       3       Many::m1890 (14 bytes)
2948 5115       4       Many::m1890 (14 bytes)
2948 5114       3       Many::m1890 (14 bytes)   made not entrant: not used
2950 5116       3       Many::m1891 (14 bytes)
2950 5117       4       Many::m1891 (14 bytes)
2950 5116       3       Many::m1891 (14 bytes)   made not entrant: not used
2951 5118       3       Many::m1892 (14 bytes)
2951 5119       4       Many::m1892 (14 bytes)
2951 5118       3       Many::m1892 (14 bytes)   made not entrant: not used
2952 5120       3       Many::m1893 (14 bytes)
2953 5121       4       Many::m1893 (14 bytes)
2953 5120       3       Many::m1893 (14 bytes)   made not entrant: not used
2954 5122       3       Many::m1894 (14 bytes)
2954 5123       4       Many::m1894 (14 bytes)
2954 5122       3       Many::m1894 (14 bytes)   made not entrant: not used
2955 5124       3       Many::m1895 (14 bytes)
2956 5125       4       Many::m1895 (14 bytes)
2956 5124       3       Many::m1895 (14 bytes)   made not entrant: not used
2957 5126       3       Many::m1896 (14 bytes)
2957 5127       4       Many::m1896 (14 bytes)
2957 5126       3       Many::m1896 (14 bytes)   made not entrant: not used
2958 5128       3       Many::m1897 (14 bytes)
2958 5129       4       Many::m1897 (14 bytes)
2958 5128       3       Many::m1897 (14 bytes)   made not entrant: not used
2960 5130       3       Many::m1898 (14 bytes)
2960 5131       4       Many::m1898 (14 bytes)
2960 5130       3       Many::m1898 (14 bytes)   made not entrant: not used
2961 5132       3       Many::m1899 (14 bytes)
2961 5133       4       Many::m1899 (14 bytes)
2961 5132       3       Many::m1899 (14 bytes)   made not entrant: not used
2963 5134       3       Many::m1900 (14 bytes)
2963 5135       4       Many::m1900 (14 bytes)
2963 5134       3       Many::m1900 (14 bytes)   made not entrant: not used
2964 5136       3       Many::m1901 (14 bytes)
2964 5137       4       Many::m1901 (14 bytes)
2964 5136       3       Many::m1901 (14 bytes)   made not entrant: not used
2965 5138       3       Many::m1902 (14 bytes)
2966 5139       4       Many::m1902 (14 bytes)
2966 5138       3       Many::m1902 (14 bytes)   made not entrant: not used
2967 5140       3       Many::m1903 (14 bytes)
2967 5141       4       Many::m1903 (14 bytes)
2967 5140       3       Many::m1903 (14 bytes)   made not entrant: not used
2968 5142       3       Many::m1904 (14 bytes)
2968 5143       4       Many::m1904 (14 bytes)
2969 5142       3       Many::m1904 (14 bytes)   made not entrant: not used
2970 5144       3       Many::m1905 (14 bytes)
2970 5145       4       Many::m1905 (14 bytes)
2970 5144       3       Many::m1905 (14 bytes)   made not entrant: not used
2971 5146       3       Many::m1906 (14 bytes)
2971 5147       4       Many::m1906 (14 bytes)
2971 5146       3       Many::m1906 (14 bytes)   made not entrant: not used
2973 5148       3       Many::m1907 (14 bytes)
2973 5149       4       Many::m1907 (14 bytes)
2973 5148       3       Many::m1907 (14 bytes)   made not entrant: not used
2974 5150       3       Many::m1908 (14 bytes)
2974 5151       4       Many::m1908 (14 bytes)
2974 5150       3       Many::m1908 (14 bytes)   made not entrant: not used
2976 5152       3       Many::m1909 (14 bytes)
2976 5153       4       Many::m1909 (14 bytes)
2976 5152       3       Many::m1909 (14 bytes)   made not entrant: not used
2977 5154       3       Many::m1910 (14 bytes)
2977 5155       4       Many::m1910 (14 bytes)
2977 5154       3       Many::m1910 (14 bytes)   made not entrant: not used
2978 5156       3       Many::m1911 (14 bytes)
2979 5157       4       Many::m1911 (14 bytes)
2979 5156       3       Many::m1911 (14 bytes)   made not entrant: not used
2980 5158       3       Many::m1912 (14 bytes)
2980 5159       4       Many::m1912 (14 bytes)
2980 5158       3       Many::m1912 (14 bytes)   made not entrant: not used
2981 5160       3       Many::m1913 (14 bytes)
2981 5161       4       Many::m1913 (14 bytes)
2981 5160       3       Many::m1913 (14 bytes)   made not entrant: not used
2983 5162       3       Many::m1914 (14 bytes)
2983 5163       4       Many::m1914 (14 bytes)
2983 5162       3       Many::m1914 (14 bytes)   made not entrant: not used
2984 5164       3       Many::m1915 (14 bytes)
2984 5165       4       Many::m1915 (14 bytes)
2984 5164       3       Many::m1915 (14 bytes)   made not entrant: not used
2986 5166       3       Many::m1916 (14 bytes)
2986 5167       4       Many::m1916 (14 bytes)
2986 5166       3       Many::m1916 (14 bytes)   made not entrant: not used
2987 5168       3       Many::m1917 (14 bytes)
2987 5169       4       Many::m1917 (14 bytes)
2987 5168       3       Many::m1917 (14 bytes)   made not entrant: not used
2988 5170       3       Many::m1918 (14 bytes)
2989 5171       4       Many::m1918 (14 bytes)
2989 5170       3       Many::m1918 (14 bytes)   made not entrant: not used
2990 5172       3       Many::m1919 (14 bytes)
2990 5173       4       Many::m1919 (14 bytes)
2990 5172       3       Many::m1919 (14 bytes)   made not entrant: not used
2991 5174       3       Many::m1920 (14 bytes)
2991 5175       4       Many::m1920 (14 bytes)
2992 5174       3       Many::m1920 (14 bytes)   made not entrant: not used
2993 5176       3       Many::m1921 (14 bytes)
2993 5177       4       Many::m1921 (14 bytes)
2993 5176       3       Many::m1921 (14 bytes)   made not entrant: not used
2994 5178       3       Many::m1922 (14 bytes)
2994 5179       4       Many::m1922 (14 bytes)
2994 5178       3       Many::m1922 (14 bytes)   made not entrant: not used
2996 5180       3       Many::m1923 (14 bytes)
2996 5181       4       Many::m1923 (14 bytes)
2996 5180       3       Many::m1923 (14 bytes)   made not entrant: not used
2997 5182       3       Many::m1924 (14 bytes)
2997 5183       4       Many::m1924 (14 bytes)
2997 5182       3       Many::m1924 (14 bytes)   made not entrant: not used
2999 5184       3       Many::m1925 (14 bytes)
2999 5185       4       Many::m1925 (14 bytes)
2999 5184       3       Many::m1925 (14 bytes)   made not entrant: not used
3000 5186       3       Many::m1926 (14 bytes)
3000 5187       4       Many::m1926 (14 bytes)
3000 5186       3       Many::m1926 (14 bytes)   made not entrant: not used
3001 5188       3       Many::m1927 (14 bytes)
3001 5189       4       Many::m1927 (14 bytes)
3002 5188       3       Many::m1927 (14 bytes)   made not entrant: not used
3003 5190       3       Many::m1928 (14 bytes)
3003 5191       4       Many::m1928 (14 bytes)
3003 5190       3       Many::m1928 (14 bytes)   made not entrant: not used
3004 5192       3       Many::m1929 (14 bytes)
3004 5193       4       Many::m1929 (14 bytes)
3004 5192       3       Many::m1929 (14 bytes)   made not entrant: not used
3006 5194       3       Many::m1930 (14 bytes)
3006 5195       4       Many::m1930 (14 bytes)
3006 5194       3       Many::m1930 (14 bytes)   made not entrant: not used
3007 5196       3       Many::m1931 (14 bytes)
3007 5197       4       Many::m1931 (14 bytes)
3007 5196       3       Many::m1931 (14 bytes)   made not entrant: not used
3009 5198       3       Many::m1932 (14 bytes)
3009 5199       4       Many::m1932 (14 bytes)
3009 5198       3       Many::m1932 (14 bytes)   made not entrant: not used
3010 5200       3       Many::m1933 (14 bytes)
3010 5201       4       Many::m1933 (14 bytes)
3010 5200       3       Many::m1933 (14 bytes)   made not entrant: not used
3012 5202       3       Many::m1934 (14 bytes)
3012 5203       4       Many::m1934 (14 bytes)
3012 5202       3       Many::m1934 (14 bytes)   made not entrant: not used
3013 5204       3       Many::m1935 (14 bytes)
3013 5205       4       Many::m1935 (14 bytes)
3013 5204       3       Many::m1935 (14 bytes)   made not entrant: not used
3014 5206       3       Many::m1936 (14 bytes)
3014 5207       4       Many::m1936 (14 bytes)
3015 5206       3       Many::m1936 (14 bytes)   made not entrant: not used
3016 5208       3       Many::m1937 (14 bytes)
3016 5209       4       Many::m1937 (14 bytes)
3016 5208       3       Many::m1937 (14 bytes)   made not entrant: not used
3017 5210       3       Many::m1938 (14 bytes)
3017 5211       4       Many::m1938 (14 bytes)
3017 5210       3       Many::m1938 (14 bytes)   made not entrant: not used
3019 5212       3       Many::m1939 (14 bytes)
3019 5213       4       Many::m1939 (14 bytes)
3019 5212       3       Many::m1939 (14 bytes)   made not entrant: not used
3020 5214       3       Many::m1940 (14 bytes)
3020 5215       4       Many::m1940 (14 bytes)
3020 5214       3       Many::m1940 (14 bytes)   made not entrant: not used
3022 5216       3       Many::m1941 (14 bytes)
3022 5217       4       Many::m1941 (14 bytes)
3022 5216       3       Many::m1941 (14 bytes)   made not entrant: not used
3023 5218       3       Many::m1942 (14 bytes)
3023 5219       4       Many::m1942 (14 bytes)
3023 5218       3       Many::m1942 (14 bytes)   made not entrant: not used
3024 5220       3       Many::m1943 (14 bytes)
3025 5221       4       Many::m1943 (14 bytes)
3025 5220       3       Many::m1943 (14 bytes)   made not entrant: not used
3026 5222       3       Many::m1944 (14 bytes)
3026 5223       4       Many::m1944 (14 bytes)
3026 5222       3       Many::m1944 (14 bytes)   made not entrant: not used
3027 5224       3       Many::m1945 (14 bytes)
3027 5225       4       Many::m1945 (14 bytes)
3028 5224       3       Many::m1945 (14 bytes)   made not entrant: not used
3029 5226       3       Many::m1946 (14 bytes)
3029 5227       4       Many::m1946 (14 bytes)
3029 5226       3       Many::m1946 (14 bytes)   made not entrant: not used
3030 5228       3       Many::m1947 (14 bytes)
3030 5229       4       Many::m1947 (14 bytes)
3030 5228       3       Many::m1947 (14 bytes)   made not entrant: not used
3032 5230       3       Many::m1948 (14 bytes)
3032 5231       4       Many::m1948 (14 bytes)
3032 5230       3       Many::m1948 (14 bytes)   made not entrant: not used
3033 5232       3       Many::m1949 (14 bytes)
3033 5233       4       Many::m1949 (14 bytes)
3033 5232       3       Many::m1949 (14 bytes)   made not entrant: not used
3035 5234       3       Many::m1950 (14 bytes)
3035 5235       4       Many::m1950 (14 bytes)
3035 5234       3       Many::m1950 (14 bytes)   made not entrant: not used
3036 5236       3       Many::m1951 (14 bytes)
3036 5237       4       Many::m1951 (14 bytes)
3036 5236       3       Many::m1951 (14 bytes)   made not entrant: not used
3038 5238       3       Many::m1952 (14 bytes)
3038 5239       4       Many::m1952 (14 bytes)
3038 5238       3       Many::m1952 (14 bytes)   made not entrant: not used
3039 5240       3       Many::m1953 (14 bytes)
3039 5241       4       Many::m1953 (14 bytes)
3039 5240       3       Many::m1953 (14 bytes)   made not entrant: not used
3041 5242       3       Many::m1954 (14 bytes)
3041 5243       4       Many::m1954 (14 bytes)
3041 5242       3       Many::m1954 (14 bytes)   made not entrant: not used
3042 5244       3       Many::m1955 (14 bytes)
3042 5245       4       Many::m1955 (14 bytes)
3042 5244       3       Many::m1955 (14 bytes)   made not entrant: not used
3043 5246       3       Many::m1956 (14 bytes)
3044 5247       4       Many::m1956 (14 bytes)
3044 5246       3       Many::m1956 (14 bytes)   made not entrant: not used
3045 5248       3       Many::m1957 (14 bytes)
3045 5249       4       Many::m1957 (14 bytes)
3045 5248       3       Many::m1957 (14 bytes)   made not entrant: not used
3046 5250       3       Many::m1958 (14 bytes)
3046 5251       4       Many::m1958 (14 bytes)
3046 5250       3       Many::m1958 (14 bytes)   made not entrant: not used
3048 5252       3       Many::m1959 (14 bytes)
3048 5253       4       Many::m1959 (14 bytes)
3048 5252       3       Many::m1959 (14 bytes)   made not entrant: not used
3049 5254       3       Many::m1960 (14 bytes)
3049 5255       4       Many::m1960 (14 bytes)
3049 5254       3       Many::m1960 (14 bytes)   made not entrant: not used
3051 5256       3       Many::m1961 (14 bytes)
3051 5257       4       Many::m1961 (14 bytes)
3051 5256       3       Many::m1961 (14 bytes)   made not entrant: not used
3052 5258       3       Many::m1962 (14 bytes)
3052 5259       4       Many::m1962 (14 bytes)
3052 5258       3       Many::m1962 (14 bytes)   made not entrant: not used
3053 5260       3       Many::m1963 (14 bytes)
3054 5261       4       Many::m1963 (14 bytes)
3054 5260       3       Many::m1963 (14 bytes)   made not entrant: not used
3055 5262       3       Many::m1964 (14 bytes)
3055 5263       4       Many::m1964 (14 bytes)
3055 5262       3       Many::m1964 (14 bytes)   made not entrant: not used
3056 5264       3       Many::m1965 (14 bytes)
3056 5265       4       Many::m1965 (14 bytes)
3056 5264       3       Many::m1965 (14 bytes)   made not entrant: not used
3058 5266       3       Many::m1966 (14 bytes)
3058 5267       4       Many::m1966 (14 bytes)
3058 5266       3       Many::m1966 (14 bytes)   made not entrant: not used
3059 5268       3       Many::m1967 (14 bytes)
3059 5269       4       Many::m1967 (14 bytes)
3059 5268       3       Many::m1967 (14 bytes)   made not entrant: not used
3061 5270       3       Many::m1968 (14 bytes)
3061 5271       4       Many::m1968 (14 bytes)
3061 5270       3       Many::m1968 (14 bytes)   made not entrant: not used
3062 5272       3       Many::m1969 (14 bytes)
3062 5273       4       Many::m1969 (14 bytes)
3062 5272       3       Many::m1969 (14 bytes)   made not entrant: not used
3063 5274       3       Many::m1970 (14 bytes)
3063 5275       4       Many::m1970 (14 bytes)
3064 5274       3       Many::m1970 (14 bytes)   made not entrant: not used
3065 5276       3       Many::m1971 (14 bytes)
3065 5277       4       Many::m1971 (14 bytes)
3065 5276       3       Many::m1971 (14 bytes)   made not entrant: not used
3066 5278       3       Many::m1972 (14 bytes)
3066 5279       4       Many::m1972 (14 bytes)
3066 5278       3       Many::m1972 (14 bytes)   made not entrant: not used
3068 5280       3       Many::m1973 (14 bytes)
3068 5281       4       Many::m1973 (14 bytes)
3068 5280       3       Many::m1973 (14 bytes)   made not entrant: not used
3069 5282       3       Many::m1974 (14 bytes)
3069 5283       4       Many::m1974 (14 bytes)
3069 5282       3       Many::m1974 (14 bytes)   made not entrant: not used
3070 5284       3       Many::m1975 (14 bytes)
3071 5285       4       Many::m1975 (14 bytes)
3071 5284       3       Many::m1975 (14 bytes)   made not entrant: not used
3072 5286       3       Many::m1976 (14 bytes)
3072 5287       4       Many::m1976 (14 bytes)
3072 5286       3       Many::m1976 (14 bytes)   made not entrant: not used
3073 5288       3       Many::m1977 (14 bytes)
3073 5289       4       Many::m1977 (14 bytes)
3074 5288       3       Many::m1977 (14 bytes)   made not entrant: not used
3075 5290       3       Many::m1978 (14 bytes)
3075 5291       4       Many::m1978 (14 bytes)
3075 5290       3       Many::m1978 (14 bytes)   made not entrant: not used
3076 5292       3       Many::m1979 (14 bytes)
3076 5293       4       Many::m1979 (14 bytes)
3076 5292       3       Many::m1979 (14 bytes)   made not entrant: not used
3078 5294       3       Many::m1980 (14 bytes)
3078 5295       4       Many::m1980 (14 bytes)
3078 5294       3       Many::m1980 (14 bytes)   made not entrant: not used
3079 5296       3       Many::m1981 (14 bytes)
3079 5297       4       Many::m1981 (14 bytes)
3079 5296       3       Many::m1981 (14 bytes)   made not entrant: not used
3081 5298       3       Many::m1982 (14 bytes)
3081 5299       4       Many::m1982 (14 bytes)
3081 5298       3       Many::m1982 (14 bytes)   made not entrant: not used
3082 5300       3       Many::m1983 (14 bytes)
3082 5301       4       Many::m1983 (14 bytes)
3082 5300       3       Many::m1983 (14 bytes)   made not entrant: not used
3083 5302       3       Many::m1984 (14 bytes)
3083 5303       4       Many::m1984 (14 bytes)
3084 5302       3       Many::m1984 (14 bytes)   made not entrant: not used
3085 5304       3       Many::m1985 (14 bytes)
3085 5305       4       Many::m1985 (14 bytes)
3085 5304       3       Many::m1985 (14 bytes)   made not entrant: not used
3086 5306       3       Many::m1986 (14 bytes)
3086 5307       4       Many::m1986 (14 bytes)
3086 5306       3       Many::m1986 (14 bytes)   made not entrant: not used
3088 5308       3       Many::m1987 (14 bytes)
3088 5309       4       Many::m1987 (14 bytes)
3088 5308       3       Many::m1987 (14 bytes)   made not entrant: not used
3089 5310       3       Many::m1988 (14 bytes)
3089 5311       4       Many::m1988 (14 bytes)
3089 5310       3       Many::m1988 (14 bytes)   made not entrant: not used
3091 5312       3       Many::m1989 (14 bytes)
3091 5313       4       Many::m1989 (14 bytes)
3091 5312       3       Many::m1989 (14 bytes)   made not entrant: not used
3092 5314       3       Many::m1990 (14 bytes)
3092 5315       4       Many::m1990 (14 bytes)
3092 5314       3       Many::m1990 (14 bytes)   made not entrant: not used
3093 5316       3       Many::m1991 (14 bytes)
3094 5317       4       Many::m1991 (14 bytes)
3094 5316       3       Many::m1991 (14 bytes)   made not entrant: not used
3095 5318       3       Many::m1992 (14 bytes)
3095 5319       4       Many::m1992 (14 bytes)
3095 5318       3       Many::m1992 (14 bytes)   made not entrant: not used
3096 5320       3       Many::m1993 (14 bytes)
3096 5321       4       Many::m1993 (14 bytes)
3096 5320       3       Many::m1993 (14 bytes)   made not entrant: not used
3098 5322       3       Many::m1994 (14 bytes)
3098 5323       4       Many::m1994 (14 bytes)
3098 5322       3       Many::m1994 (14 bytes)   made not entrant: not used
3099 5324       3       Many::m1995 (14 bytes)
3099 5325       4       Many::m1995 (14 bytes)
3099 5324       3       Many::m1995 (14 bytes)   made not entrant: not used
3101 5326       3       Many::m1996 (14 bytes)
3101 5327       4       Many::m1996 (14 bytes)
3101 5326       3       Many::m1996 (14 bytes)   made not entrant: not used
3102 5328       3       Many::m1997 (14 bytes)
3102 5329       4       Many::m1997 (14 bytes)
3102 5328       3       Many::m1997 (14 bytes)   made not entrant: not used
3103 5330       3       Many::m1998 (14 bytes)
3104 5331       4       Many::m1998 (14 bytes)
3104 5330       3       Many::m1998 (14 bytes)   made not entrant: not used
3105 5332       3       Many::m1999 (14 bytes)
3105 5333       4       Many::m1999 (14 bytes)
3105 5332       3       Many::m1999 (14 bytes)   made not entrant: not used
3106 5334       3       Many::m2000 (14 bytes)
3106 5335       4       Many::m2000 (14 bytes)
3107 5334       3       Many::m2000 (14 bytes)   made not entrant: not used
3108 5336       3       Many::m2001 (14 bytes)
3108 5337       4       Many::m2001 (14 bytes)
3108 5336       3       Many::m2001 (14 bytes)   made not entrant: not used
3109 5338       3       Many::m2002 (14 bytes)
3109 5339       4       Many::m2002 (14 bytes)
3109 5338       3       Many::m2002 (14 bytes)   made not entrant: not used
3111 5340       3       Many::m2003 (14 bytes)
3111 5341       4       Many::m2003 (14 bytes)
3111 5340       3       Many::m2003 (14 bytes)   made not entrant: not used
3112 5342       3       Many::m2004 (14 bytes)
3112 5343       4       Many::m2004 (14 bytes)
3112 5342       3       Many::m2004 (14 bytes)   made not entrant: not used
3113 5344       3       Many::m2005 (14 bytes)
3114 5345       4       Many::m2005 (14 bytes)
3114 5344       3       Many::m2005 (14 bytes)   made not entrant: not used
3115 5346       3       Many::m2006 (14 bytes)
3115 5347       4       Many::m2006 (14 bytes)
3115 5346       3       Many::m2006 (14 bytes)   made not entrant: not used
3116 5348       3       Many::m2007 (14 bytes)
3116 5349       4       Many::m2007 (14 bytes)
3116 5348       3       Many::m2007 (14 bytes)   made not entrant: not used
3118 5350       3       Many::m2008 (14 bytes)
3118 5351       4       Many::m2008 (14 bytes)
3118 5350       3       Many::m2008 (14 bytes)   made not entrant: not used
3119 5352       3       Many::m2009 (14 bytes)
3119 5353       4       Many::m2009 (14 bytes)
3119 5352       3       Many::m2009 (14 bytes)   made not entrant: not used
3121 5354       3       Many::m2010 (14 bytes)
3121 5355       4       Many::m2010 (14 bytes)
3121 5354       3       Many::m2010 (14 bytes)   made not entrant: not used
3122 5356       3       Many::m2011 (14 bytes)
3122 5357       4       Many::m2011 (14 bytes)
3122 5356       3       Many::m2011 (14 bytes)   made not entrant: not used
3124 5358       3       Many::m2012 (14 bytes)
3124 5359       4       Many::m2012 (14 bytes)
3124 5358       3       Many::m2012 (14 bytes)   made not entrant: not used
3125 5360       3       Many::m2013 (14 bytes)
3125 5361       4       Many::m2013 (14 bytes)
3125 5360       3       Many::m2013 (14 bytes)   made not entrant: not used
3126 5362       3       Many::m2014 (14 bytes)
3127 5363       4       Many::m2014 (14 bytes)
3127 5362       3       Many::m2014 (14 bytes)   made not entrant: not used
3128 5364       3       Many::m2015 (14 bytes)
3128 5365       4       Many::m2015 (14 bytes)
3128 5364       3       Many::m2015 (14 bytes)   made not entrant: not used
3129 5366       3       Many::m2016 (14 bytes)
3130 5367       4       Many::m2016 (14 bytes)
3130 5366       3       Many::m2016 (14 bytes)   made not entrant: not used
3131 5368       3       Many::m2017 (14 bytes)
3131 5369       4       Many::m2017 (14 bytes)
3131 5368       3       Many::m2017 (14 bytes)   made not entrant: not used
3132 5370       3       Many::m2018 (14 bytes)
3132 5371       4       Many::m2018 (14 bytes)
3133 5370       3       Many::m2018 (14 bytes)   made not entrant: not used
3134 5372       3       Many::m2019 (14 bytes)
3134 5373       4       Many::m2019 (14 bytes)
3134 5372       3       Many::m2019 (14 bytes)   made not entrant: not used
3135 5374       3       Many::m2020 (14 bytes)
3135 5375       4       Many::m2020 (14 bytes)
3135 5374       3       Many::m2020 (14 bytes)   made not entrant: not used
3137 5376       3       Many::m2021 (14 bytes)
3137 5377       4       Many::m2021 (14 bytes)
3137 5376       3       Many::m2021 (14 bytes)   made not entrant: not used
3138 5378       3       Many::m2022 (14 bytes)
3138 5379       4       Many::m2022 (14 bytes)
3138 5378       3       Many::m2022 (14 bytes)   made not entrant: not used
3140 5380       3       Many::m2023 (14 bytes)
3140 5381       4       Many::m2023 (14 bytes)
3140 5380       3       Many::m2023 (14 bytes)   made not entrant: not used
3141 5382       3       Many::m2024 (14 bytes)
3141 5383       4       Many::m2024 (14 bytes)
3141 5382       3       Many::m2024 (14 bytes)   made not entrant: not used
3143 5384       3       Many::m2025 (14 bytes)
3143 5385       4       Many::m2025 (14 bytes)
3143 5384       3       Many::m2025 (14 bytes)   made not entrant: not used
3144 5386       3       Many::m2026 (14 bytes)
3144 5387       4       Many::m2026 (14 bytes)
3144 5386       3       Many::m2026 (14 bytes)   made not entrant: not used
3145 5388       3       Many::m2027 (14 bytes)
3146 5389       4       Many::m2027 (14 bytes)
3146 5388       3       Many::m2027 (14 bytes)   made not entrant: not used
3147 5390       3       Many::m2028 (14 bytes)
3147 5391       4       Many::m2028 (14 bytes)
3147 5390       3       Many::m2028 (14 bytes)   made not entrant: not used
3148 5392       3       Many::m2029 (14 bytes)
3148 5393       4       Many::m2029 (14 bytes)
3148 5392       3       Many::m2029 (14 bytes)   made not entrant: not used
3150 5394       3       Many::m2030 (14 bytes)
3150 5395       4       Many::m2030 (14 bytes)
3150 5394       3       Many::m2030 (14 bytes)   made not entrant: not used
3151 5396       3       Many::m2031 (14 bytes)
3151 5397       4       Many::m2031 (14 bytes)
3151 5396       3       Many::m2031 (14 bytes)   made not entrant: not used
3153 5398       3       Many::m2032 (14 bytes)
3153 5399       4       Many::m2032 (14 bytes)
3153 5398       3       Many::m2032 (14 bytes)   made not entrant: not used
3154 5400       3       Many::m2033 (14 bytes)
3154 5401       4       Many::m2033 (14 bytes)
3154 5400       3       Many::m2033 (14 bytes)   made not entrant: not used
3156 5402       3       Many::m2034 (14 bytes)
3156 5403       4       Many::m2034 (14 bytes)
3156 5402       3       Many::m2034 (14 bytes)   made not entrant: not used
3157 5404       3       Many::m2035 (14 bytes)
3157 5405       4       Many::m2035 (14 bytes)
3157 5404       3       Many::m2035 (14 bytes)   made not entrant: not used
3158 5406       3       Many::m2036 (14 bytes)
3158 5407       4       Many::m2036 (14 bytes)
3159 5406       3       Many::m2036 (14 bytes)   made not entrant: not used
3160 5408       3       Many::m2037 (14 bytes)
3160 5409       4       Many::m2037 (14 bytes)
3160 5408       3       Many::m2037 (14 bytes)   made not entrant: not used
3161 5410       3       Many::m2038 (14 bytes)
3161 5411       4       Many::m2038 (14 bytes)
3161 5410       3       Many::m2038 (14 bytes)   made not entrant: not used
3163 5412       3       Many::m2039 (14 bytes)
3163 5413       4       Many::m2039 (14 bytes)
3163 5412       3       Many::m2039 (14 bytes)   made not entrant: not used
3164 5414       3       Many::m2040 (14 bytes)
3164 5415       4       Many::m2040 (14 bytes)
3164 5414       3       Many::m2040 (14 bytes)   made not entrant: not used
3165 5416       3       Many::m2041 (14 bytes)
3166 5417       4       Many::m2041 (14 bytes)
3166 5416       3       Many::m2041 (14 bytes)   made not entrant: not used
3167 5418       3       Many::m2042 (14 bytes)
3167 5419       4       Many::m2042 (14 bytes)
3167 5418       3       Many::m2042 (14 bytes)   made not entrant: not used
3168 5420       3       Many::m2043 (14 bytes)
3168 5421       4       Many::m2043 (14 bytes)
3168 5420       3       Many::m2043 (14 bytes)   made not entrant: not used
3170 5422       3       Many::m2044 (14 bytes)
3170 5423       4       Many::m2044 (14 bytes)
3170 5422       3       Many::m2044 (14 bytes)   made not entrant: not used
3171 5424       3       Many::m2045 (14 bytes)
3171 5425       4       Many::m2045 (14 bytes)
3171 5424       3       Many::m2045 (14 bytes)   made not entrant: not used
3173 5426       3       Many::m2046 (14 bytes)
3173 5427       4       Many::m2046 (14 bytes)
3173 5426       3       Many::m2046 (14 bytes)   made not entrant: not used
3174 5428       3       Many::m2047 (14 bytes)
3174 5429       4       Many::m2047 (14 bytes)
3174 5428       3       Many::m2047 (14 bytes)   made not entrant: not used
3175 5430       3       Many::m2048 (14 bytes)
3176 5431       4       Many::m2048 (14 bytes)
3176 5430       3       Many::m2048 (14 bytes)   made not entrant: not used
3177 5432       3       Many::m2049 (14 bytes)
3177 5433       4       Many::m2049 (14 bytes)
3177 5432       3       Many::m2049 (14 bytes)   made not entrant: not used
3178 5434       3       Many::m2050 (14 bytes)
3178 5435       4       Many::m2050 (14 bytes)
3179 5434       3       Many::m2050 (14 bytes)   made not entrant: not used
3180 5436       3       Many::m2051 (14 bytes)
3180 5437       4       Many::m2051 (14 bytes)
3180 5436       3       Many::m2051 (14 bytes)   made not entrant: not used
3181 5438       3       Many::m2052 (14 bytes)
3181 5439       4       Many::m2052 (14 bytes)
3181 5438       3       Many::m2052 (14 bytes)   made not entrant: not used
3183 5440       3       Many::m2053 (14 bytes)
3183 5441       4       Many::m2053 (14 bytes)
3183 5440       3       Many::m2053 (14 bytes)   made not entrant: not used
3184 5442       3       Many::m2054 (14 bytes)
3184 5443       4       Many::m2054 (14 bytes)
3184 5442       3       Many::m2054 (14 bytes)   made not entrant: not used
3186 5444       3       Many::m2055 (14 bytes)
3186 5445       4       Many::m2055 (14 bytes)
3186 5444       3       Many::m2055 (14 bytes)   made not entrant: not used
3187 5446       3       Many::m2056 (14 bytes)
3187 5447       4       Many::m2056 (14 bytes)
3187 5446       3       Many::m2056 (14 bytes)   made not entrant: not used
3188 5448       3       Many::m2057 (14 bytes)
3189 5449       4       Many::m2057 (14 bytes)
3189 5448       3       Many::m2057 (14 bytes)   made not entrant: not used
3190 5450       3       Many::m2058 (14 bytes)
3190 5451       4       Many::m2058 (14 bytes)
3190 5450       3       Many::m2058 (14 bytes)   made not entrant: not used
3191 5452       3       Many::m2059 (14 bytes)
3192 5453       4       Many::m2059 (14 bytes)
3192 5452       3       Many::m2059 (14 bytes)   made not entrant: not used
3193 5454       3       Many::m2060 (14 bytes)
3193 5455       4       Many::m2060 (14 bytes)
3193 5454       3       Many::m2060 (14 bytes)   made not entrant: not used
3194 5456       3       Many::m2061 (14 bytes)
3194 5457       4       Many::m2061 (14 bytes)
3195 5456       3       Many::m2061 (14 bytes)   made not entrant: not used
3196 5458       3       Many::m2062 (14 bytes)
3196 5459       4       Many::m2062 (14 bytes)
3196 5458       3       Many::m2062 (14 bytes)   made not entrant: not used
3197 5460       3       Many::m2063 (14 bytes)
3197 5461       4       Many::m2063 (14 bytes)
3197 5460       3       Many::m2063 (14 bytes)   made not entrant: not used
3199 5462       3       Many::m2064 (14 bytes)
3199 5463       4       Many::m2064 (14 bytes)
3199 5462       3       Many::m2064 (14 bytes)   made not entrant: not used
3200 5464       3       Many::m2065 (14 bytes)
3200 5465       4       Many::m2065 (14 bytes)
3200 5464       3       Many::m2065 (14 bytes)   made not entrant: not used
3201 5466       3       Many::m2066 (14 bytes)
3202 5467       4       Many::m2066 (14 bytes)
3202 5466       3       Many::m2066 (14 bytes)   made not entrant: not used
3203 5468       3       Many::m2067 (14 bytes)
3203 5469       4       Many::m2067 (14 bytes)
3203 5468       3       Many::m2067 (14 bytes)   made not entrant: not used
3204 5470       3       Many::m2068 (14 bytes)
3204 5471       4       Many::m2068 (14 bytes)
3205 5470       3       Many::m2068 (14 bytes)   made not entrant: not used
3206 5472       3       Many::m2069 (14 bytes)
3206 5473       4       Many::m2069 (14 bytes)
3206 5472       3       Many::m2069 (14 bytes)   made not entrant: not used
3207 5474       3       Many::m2070 (14 bytes)
3207 5475       4       Many::m2070 (14 bytes)
3207 5474       3       Many::m2070 (14 bytes)   made not entrant: not used
3209 5476       3       Many::m2071 (14 bytes)
3209 5477       4       Many::m2071 (14 bytes)
3209 5476       3       Many::m2071 (14 bytes)   made not entrant: not used
3210 5478       3       Many::m2072 (14 bytes)
3210 5479       4       Many::m2072 (14 bytes)
3210 5478       3       Many::m2072 (14 bytes)   made not entrant: not used
3212 5480       3       Many::m2073 (14 bytes)
3212 5481       4       Many::m2073 (14 bytes)
3212 5480       3       Many::m2073 (14 bytes)   made not entrant: not used
3213 5482       3       Many::m2074 (14 bytes)
3213 5483       4       Many::m2074 (14 bytes)
3213 5482       3       Many::m2074 (14 bytes)   made not entrant: not used
3214 5484       3       Many::m2075 (14 bytes)
3215 5485       4       Many::m2075 (14 bytes)
3215 5484       3       Many::m2075 (14 bytes)   made not entrant: not used
3216 5486       3       Many::m2076 (14 bytes)
3216 5487       4       Many::m2076 (14 bytes)
3216 5486       3       Many::m2076 (14 bytes)   made not entrant: not used
3217 5488       3       Many::m2077 (14 bytes)
3217 5489       4       Many::m2077 (14 bytes)
3218 5488       3       Many::m2077 (14 bytes)   made not entrant: not used
3219 5490       3       Many::m2078 (14 bytes)
3219 5491       4       Many::m2078 (14 bytes)
3219 5490       3       Many::m2078 (14 bytes)   made not entrant: not used
3220 5492       3       Many::m2079 (14 bytes)
3220 5493       4       Many::m2079 (14 bytes)
3220 5492       3       Many::m2079 (14 bytes)   made not entrant: not used
3222 5494       3       Many::m2080 (14 bytes)
3222 5495       4       Many::m2080 (14 bytes)
3222 5494       3       Many::m2080 (14 bytes)   made not entrant: not used
3223 5496       3       Many::m2081 (14 bytes)
3223 5497       4       Many::m2081 (14 bytes)
3223 5496       3       Many::m2081 (14 bytes)   made not entrant: not used
3225 5498       3       Many::m2082 (14 bytes)
3225 5499       4       Many::m2082 (14 bytes)
3225 5498       3       Many::m2082 (14 bytes)   made not entrant: not used
3226 5500       3       Many::m2083 (14 bytes)
3226 5501       4       Many::m2083 (14 bytes)
3226 5500       3       Many::m2083 (14 bytes)   made not entrant: not used
3228 5502       3       Many::m2084 (14 bytes)
3228 5503       4       Many::m2084 (14 bytes)
3228 5502       3       Many::m2084 (14 bytes)   made not entrant: not used
3229 5504       3       Many::m2085 (14 bytes)
3229 5505       4       Many::m2085 (14 bytes)
3229 5504       3       Many::m2085 (14 bytes)   made not entrant: not used
3230 5506       3       Many::m2086 (14 bytes)
3231 5507       4       Many::m2086 (14 bytes)
3231 5506       3       Many::m2086 (14 bytes)   made not entrant: not used
3232 5508       3       Many::m2087 (14 bytes)
3232 5509       4       Many::m2087 (14 bytes)
3232 5508       3       Many::m2087 (14 bytes)   made not entrant: not used
3233 5510       3       Many::m2088 (14 bytes)
3233 5511       4       Many::m2088 (14 bytes)
3233 5510       3       Many::m2088 (14 bytes)   made not entrant: not used
3235 5512       3       Many::m2089 (14 bytes)
3235 5513       4       Many::m2089 (14 bytes)
3235 5512       3       Many::m2089 (14 bytes)   made not entrant: not used
3236 5514       3       Many::m2090 (14 bytes)
3236 5515       4       Many::m2090 (14 bytes)
3236 5514       3       Many::m2090 (14 bytes)   made not entrant: not used
3238 5516       3       Many::m2091 (14 bytes)
3238 5517       4       Many::m2091 (14 bytes)
3238 5516       3       Many::m2091 (14 bytes)   made not entrant: not used
3239 5518       3       Many::m2092 (14 bytes)
3239 5519       4       Many::m2092 (14 bytes)
3239 5518       3       Many::m2092 (14 bytes)   made not entrant: not used
3241 5520       3       Many::m2093 (14 bytes)
3241 5521       4       Many::m2093 (14 bytes)
3241 5520       3       Many::m2093 (14 bytes)   made not entrant: not used
3242 5522       3       Many::m2094 (14 bytes)
3242 5523       4       Many::m2094 (14 bytes)
3242 5522       3       Many::m2094 (14 bytes)   made not entrant: not used
3244 5524       3       Many::m2095 (14 bytes)
3244 5525       4       Many::m2095 (14 bytes)
3244 5524       3       Many::m2095 (14 bytes)   made not entrant: not used
3245 5526       3       Many::m2096 (14 bytes)
3245 5527       4       Many::m2096 (14 bytes)
3245 5526       3       Many::m2096 (14 bytes)   made not entrant: not used
3246 5528       3       Many::m2097 (14 bytes)
3247 5529       4       Many::m2097 (14 bytes)
3247 5528       3       Many::m2097 (14 bytes)   made not entrant: not used
3248 5530       3       Many::m2098 (14 bytes)
3248 5531       4       Many::m2098 (14 bytes)
3248 5530       3       Many::m2098 (14 bytes)   made not entrant: not used
3249 5532       3       Many::m2099 (14 bytes)
3249 5533       4       Many::m2099 (14 bytes)
3249 5532       3       Many::m2099 (14 bytes)   made not entrant: not used
3251 5534       3       Many::m2100 (14 bytes)
3251 5535       4       Many::m2100 (14 bytes)
3251 5534       3       Many::m2100 (14 bytes)   made not entrant: not used
3252 5536       3       Many::m2101 (14 bytes)
3252 5537       4       Many::m2101 (14 bytes)
3252 5536       3       Many::m2101 (14 bytes)   made not entrant: not used
3254 5538       3       Many::m2102 (14 bytes)
3254 5539       4       Many::m2102 (14 bytes)
3254 5538       3       Many::m2102 (14 bytes)   made not entrant: not used
3255 5540       3       Many::m2103 (14 bytes)
3255 5541       4       Many::m2103 (14 bytes)
3255 5540       3       Many::m2103 (14 bytes)   made not entrant: not used
3257 5542       3       Many::m2104 (14 bytes)
3257 5543       4       Many::m2104 (14 bytes)
3257 5542       3       Many::m2104 (14 bytes)   made not entrant: not used
3258 5544       3       Many::m2105 (14 bytes)
3258 5545       4       Many::m2105 (14 bytes)
3258 5544       3       Many::m2105 (14 bytes)   made not entrant: not used
3259 5546       3       Many::m2106 (14 bytes)
3260 5547       4       Many::m2106 (14 bytes)
3260 5546       3       Many::m2106 (14 bytes)   made not entrant: not used
3261 5548       3       Many::m2107 (14 bytes)
3261 5549       4       Many::m2107 (14 bytes)
3261 5548       3       Many::m2107 (14 bytes)   made not entrant: not used
3262 5550       3       Many::m2108 (14 bytes)
3262 5551       4       Many::m2108 (14 bytes)
3262 5550       3       Many::m2108 (14 bytes)   made not entrant: not used
3264 5552       3       Many::m2109 (14 bytes)
3264 5553       4       Many::m2109 (14 bytes)
3264 5552       3       Many::m2109 (14 bytes)   made not entrant: not used
3265 5554       3       Many::m2110 (14 bytes)
3265 5555       4       Many::m2110 (14 bytes)
3265 5554       3       Many::m2110 (14 bytes)   made not entrant: not used
3267 5556       3       Many::m2111 (14 bytes)
3267 5557       4       Many::m2111 (14 bytes)
3267 5556       3       Many::m2111 (14 bytes)   made not entrant: not used
3268 5558       3       Many::m2112 (14 bytes)
3268 5559       4       Many::m2112 (14 bytes)
3268 5558       3       Many::m2112 (14 bytes)   made not entrant: not used
3269 5560       3       Many::m2113 (14 bytes)
3269 5561       4       Many::m2113 (14 bytes)
3270 5560       3       Many::m2113 (14 bytes)   made not entrant: not used
3271 5562       3       Many::m2114 (14 bytes)
3271 5563       4       Many::m2114 (14 bytes)
3271 5562       3       Many::m2114 (14 bytes)   made not entrant: not used
3272 5564       3       Many::m2115 (14 bytes)
3273 5565       4       Many::m2115 (14 bytes)
3273 5564       3       Many::m2115 (14 bytes)   made not entrant: not used
3274 5566       3       Many::m2116 (14 bytes)
3274 5567       4       Many::m2116 (14 bytes)
3274 5566       3       Many::m2116 (14 bytes)   made not entrant: not used
3275 5568       3       Many::m2117 (14 bytes)
3275 5569       4       Many::m2117 (14 bytes)
3275 5568       3       Many::m2117 (14 bytes)   made not entrant: not used
3277 5570       3       Many::m2118 (14 bytes)
3277 5571       4       Many::m2118 (14 bytes)
3277 5570       3       Many::m2118 (14 bytes)   made not entrant: not used
3278 5572       3       Many::m2119 (14 bytes)
3278 5573       4       Many::m2119 (14 bytes)
3278 5572       3       Many::m2119 (14 bytes)   made not entrant: not used
3279 5574       3       Many::m2120 (14 bytes)
3280 5575       4       Many::m2120 (14 bytes)
3280 5574       3       Many::m2120 (14 bytes)   made not entrant: not used
3281 5576       3       Many::m2121 (14 bytes)
3281 5577       4       Many::m2121 (14 bytes)
3281 5576       3       Many::m2121 (14 bytes)   made not entrant: not used
3282 5578       3       Many::m2122 (14 bytes)
3282 5579       4       Many::m2122 (14 bytes)
3283 5578       3       Many::m2122 (14 bytes)   made not entrant: not used
3284 5580       3       Many::m2123 (14 bytes)
3284 5581       4       Many::m2123 (14 bytes)
3284 5580       3       Many::m2123 (14 bytes)   made not entrant: not used
3285 5582       3       Many::m2124 (14 bytes)
3285 5583       4       Many::m2124 (14 bytes)
3285 5582       3       Many::m2124 (14 bytes)   made not entrant: not used
3287 5584       3       Many::m2125 (14 bytes)
3287 5585       4       Many::m2125 (14 bytes)
3287 5584       3       Many::m2125 (14 bytes)   made not entrant: not used
3288 5586       3       Many::m2126 (14 bytes)
3288 5587       4       Many::m2126 (14 bytes)
3288 5586       3       Many::m2126 (14 bytes)   made not entrant: not used
3290 5588       3       Many::m2127 (14 bytes)
3290 5589       4       Many::m2127 (14 bytes)
3290 5588       3       Many::m2127 (14 bytes)   made not entrant: not used
3291 5590       3       Many::m2128 (14 bytes)
3291 5591       4       Many::m2128 (14 bytes)
3291 5590       3       Many::m2128 (14 bytes)   made not entrant: not used
3292 5592       3       Many::m2129 (14 bytes)
3293 5593       4       Many::m2129 (14 bytes)
3293 5592       3       Many::m2129 (14 bytes)   made not entrant: not used
3294 5594       3       Many::m2130 (14 bytes)
3294 5595       4       Many::m2130 (14 bytes)
3294 5594       3       Many::m2130 (14 bytes)   made not entrant: not used
3295 5596       3       Many::m2131 (14 bytes)
3295 5597       4       Many::m2131 (14 bytes)
3295 5596       3       Many::m2131 (14 bytes)   made not entrant: not used
3297 5598       3       Many::m2132 (14 bytes)
3297 5599       4       Many::m2132 (14 bytes)
3297 5598       3       Many::m2132 (14 bytes)   made not entrant: not used
3298 5600       3       Many::m2133 (14 bytes)
3298 5601       4       Many::m2133 (14 bytes)
3298 5600       3       Many::m2133 (14 bytes)   made not entrant: not used
3300 5602       3       Many::m2134 (14 bytes)
3300 5603       4       Many::m2134 (14 bytes)
3300 5602       3       Many::m2134 (14 bytes)   made not entrant: not used
3301 5604       3       Many::m2135 (14 bytes)
3301 5605       4       Many::m2135 (14 bytes)
3301 5604       3       Many::m2135 (14 bytes)   made not entrant: not used
3302 5606       3       Many::m2136 (14 bytes)
3303 5607       4       Many::m2136 (14 bytes)
3303 5606       3       Many::m2136 (14 bytes)   made not entrant: not used
3304 5608       3       Many::m2137 (14 bytes)
3304 5609       4       Many::m2137 (14 bytes)
3304 5608       3       Many::m2137 (14 bytes)   made not entrant: not used
3305 5610       3       Many::m2138 (14 bytes)
3306 5611       4       Many::m2138 (14 bytes)
3306 5610       3       Many::m2138 (14 bytes)   made not entrant: not used
3307 5612       3       Many::m2139 (14 bytes)
3307 5613       4       Many::m2139 (14 bytes)
3307 5612       3       Many::m2139 (14 bytes)   made not entrant: not used
3308 5614       3       Many::m2140 (14 bytes)
3308 5615       4       Many::m2140 (14 bytes)
3308 5614       3       Many::m2140 (14 bytes)   made not entrant: not used
3310 5616       3       Many::m2141 (14 bytes)
3310 5617       4       Many::m2141 (14 bytes)
3310 5616       3       Many::m2141 (14 bytes)   made not entrant: not used
3311 5618       3       Many::m2142 (14 bytes)
3311 5619       4       Many::m2142 (14 bytes)
3311 5618       3       Many::m2142 (14 bytes)   made not entrant: not used
3313 5620       3       Many::m2143 (14 bytes)
3313 5621       4       Many::m2143 (14 bytes)
3313 5620       3       Many::m2143 (14 bytes)   made not entrant: not used
3314 5622       3       Many::m2144 (14 bytes)
3314 5623       4       Many::m2144 (14 bytes)
3314 5622       3       Many::m2144 (14 bytes)   made not entrant: not used
3316 5624       3       Many::m2145 (14 bytes)
3316 5625       4       Many::m2145 (14 bytes)
3316 5624       3       Many::m2145 (14 bytes)   made not entrant: not used
3317 5626       3       Many::m2146 (14 bytes)
3317 5627       4       Many::m2146 (14 bytes)
3317 5626       3       Many::m2146 (14 bytes)   made not entrant: not used
3318 5628       3       Many::m2147 (14 bytes)
3319 5629       4       Many::m2147 (14 bytes)
3319 5628       3       Many::m2147 (14 bytes)   made not entrant: not used
3320 5630       3       Many::m2148 (14 bytes)
3320 5631       4       Many::m2148 (14 bytes)
3320 5630       3       Many::m2148 (14 bytes)   made not entrant: not used
3321 5632       3       Many::m2149 (14 bytes)
3321 5633       4       Many::m2149 (14 bytes)
3321 5632       3       Many::m2149 (14 bytes)   made not entrant: not used
3323 5634       3       Many::m2150 (14 bytes)
3323 5635       4       Many::m2150 (14 bytes)
3323 5634       3       Many::m2150 (14 bytes)   made not entrant: not used
3324 5636       3       Many::m2151 (14 bytes)
3324 5637       4       Many::m2151 (14 bytes)
3324 5636       3       Many::m2151 (14 bytes)   made not entrant: not used
3326 5638       3       Many::m2152 (14 bytes)
3326 5639       4       Many::m2152 (14 bytes)
3326 5638       3       Many::m2152 (14 bytes)   made not entrant: not used
3327 5640       3       Many::m2153 (14 bytes)
3327 5641       4       Many::m2153 (14 bytes)
3327 5640       3       Many::m2153 (14 bytes)   made not entrant: not used
3329 5642       3       Many::m2154 (14 bytes)
3329 5643       4       Many::m2154 (14 bytes)
3329 5642       3       Many::m2154 (14 bytes)   made not entrant: not used
3330 5644       3       Many::m2155 (14 bytes)
3330 5645       4       Many::m2155 (14 bytes)
3330 5644       3       Many::m2155 (14 bytes)   made not entrant: not used
3331 5646       3       Many::m2156 (14 bytes)
3332 5647       4       Many::m2156 (14 bytes)
3332 5646       3       Many::m2156 (14 bytes)   made not entrant: not used
3333 5648       3       Many::m2157 (14 bytes)
3333 5649       4       Many::m2157 (14 bytes)
3333 5648       3       Many::m2157 (14 bytes)   made not entrant: not used
3334 5650       3       Many::m2158 (14 bytes)
3334 5651       4       Many::m2158 (14 bytes)
3335 5650       3       Many::m2158 (14 bytes)   made not entrant: not used
3336 5652       3       Many::m2159 (14 bytes)
3336 5653       4       Many::m2159 (14 bytes)
3336 5652       3       Many::m2159 (14 bytes)   made not entrant: not used
3337 5654       3       Many::m2160 (14 bytes)
3337 5655       4       Many::m2160 (14 bytes)
3337 5654       3       Many::m2160 (14 bytes)   made not entrant: not used
3339 5656       3       Many::m2161 (14 bytes)
3339 5657       4       Many::m2161 (14 bytes)
3339 5656       3       Many::m2161 (14 bytes)   made not entrant: not used
3340 5658       3       Many::m2162 (14 bytes)
3340 5659       4       Many::m2162 (14 bytes)
3340 5658       3       Many::m2162 (14 bytes)   made not entrant: not used
3342 5660       3       Many::m2163 (14 bytes)
3342 5661       4       Many::m2163 (14 bytes)
3342 5660       3       Many::m2163 (14 bytes)   made not entrant: not used
3343 5662       3       Many::m2164 (14 bytes)
3343 5663       4       Many::m2164 (14 bytes)
3343 5662       3       Many::m2164 (14 bytes)   made not entrant: not used
3344 5664       3       Many::m2165 (14 bytes)
3345 5665       4       Many::m2165 (14 bytes)
3345 5664       3       Many::m2165 (14 bytes)   made not entrant: not used
3346 5666       3       Many::m2166 (14 bytes)
3346 5667       4       Many::m2166 (14 bytes)
3346 5666       3       Many::m2166 (14 bytes)   made not entrant: not used
3347 5668       3       Many::m2167 (14 bytes)
3347 5669       4       Many::m2167 (14 bytes)
3348 5668       3       Many::m2167 (14 bytes)   made not entrant: not used
3349 5670       3       Many::m2168 (14 bytes)
3349 5671       4       Many::m2168 (14 bytes)
3349 5670       3       Many::m2168 (14 bytes)   made not entrant: not used
3350 5672       3       Many::m2169 (14 bytes)
3350 5673       4       Many::m2169 (14 bytes)
3350 5672       3       Many::m2169 (14 bytes)   made not entrant: not used
3352 5674       3       Many::m2170 (14 bytes)
3352 5675       4       Many::m2170 (14 bytes)
3352 5674       3       Many::m2170 (14 bytes)   made not entrant: not used
3353 5676       3       Many::m2171 (14 bytes)
3353 5677       4       Many::m2171 (14 bytes)
3353 5676       3       Many::m2171 (14 bytes)   made not entrant: not used
3355 5678       3       Many::m2172 (14 bytes)
3355 5679       4       Many::m2172 (14 bytes)
3355 5678       3       Many::m2172 (14 bytes)   made not entrant: not used
3356 5680       3       Many::m2173 (14 bytes)
3356 5681       4       Many::m2173 (14 bytes)
3356 5680       3       Many::m2173 (14 bytes)   made not entrant: not used
3357 5682       3       Many::m2174 (14 bytes)
3358 5683       4       Many::m2174 (14 bytes)
3358 5682       3       Many::m2174 (14 bytes)   made not entrant: not used
3359 5684       3       Many::m2175 (14 bytes)
3359 5685       4       Many::m2175 (14 bytes)
3359 5684       3       Many::m2175 (14 bytes)   made not entrant: not used
3360 5686       3       Many::m2176 (14 bytes)
3360 5687       4       Many::m2176 (14 bytes)
3361 5686       3       Many::m2176 (14 bytes)   made not entrant: not used
3362 5688       3       Many::m2177 (14 bytes)
3362 5689       4       Many::m2177 (14 bytes)
3362 5688       3       Many::m2177 (14 bytes)   made not entrant: not used
3363 5690       3       Many::m2178 (14 bytes)
3363 5691       4       Many::m2178 (14 bytes)
3363 5690       3       Many::m2178 (14 bytes)   made not entrant: not used
3365 5692       3       Many::m2179 (14 bytes)
3365 5693       4       Many::m2179 (14 bytes)
3365 5692       3       Many::m2179 (14 bytes)   made not entrant: not used
3366 5694       3       Many::m2180 (14 bytes)
3366 5695       4       Many::m2180 (14 bytes)
3366 5694       3       Many::m2180 (14 bytes)   made not entrant: not used
3367 5696       3       Many::m2181 (14 bytes)
3368 5697       4       Many::m2181 (14 bytes)
3368 5696       3       Many::m2181 (14 bytes)   made not entrant: not used
3369 5698       3       Many::m2182 (14 bytes)
3369 5699       4       Many::m2182 (14 bytes)
3369 5698       3       Many::m2182 (14 bytes)   made not entrant: not used
3370 5700       3       Many::m2183 (14 bytes)
3370 5701       4       Many::m2183 (14 bytes)
3370 5700       3       Many::m2183 (14 bytes)   made not entrant: not used
3372 5702       3       Many::m2184 (14 bytes)
3372 5703       4       Many::m2184 (14 bytes)
3372 5702       3       Many::m2184 (14 bytes)   made not entrant: not used
3373 5704       3       Many::m2185 (14 bytes)
3373 5705       4       Many::m2185 (14 bytes)
3373 5704       3       Many::m2185 (14 bytes)   made not entrant: not used
3375 5706       3       Many::m2186 (14 bytes)
3375 5707       4       Many::m2186 (14 bytes)
3375 5706       3       Many::m2186 (14 bytes)   made not entrant: not used
3376 5708       3       Many::m2187 (14 bytes)
3376 5709       4       Many::m2187 (14 bytes)
3376 5708       3       Many::m2187 (14 bytes)   made not entrant: not used
3378 5710       3       Many::m2188 (14 bytes)
3378 5711       4       Many::m2188 (14 bytes)
3378 5710       3       Many::m2188 (14 bytes)   made not entrant: not used
3379 5712       3       Many::m2189 (14 bytes)
3379 5713       4       Many::m2189 (14 bytes)
3379 5712       3       Many::m2189 (14 bytes)   made not entrant: not used
3380 5714       3       Many::m2190 (14 bytes)
3380 5715       4       Many::m2190 (14 bytes)
3381 5714       3       Many::m2190 (14 bytes)   made not entrant: not used
3382 5716       3       Many::m2191 (14 bytes)
3382 5717       4       Many::m2191 (14 bytes)
3382 5716       3       Many::m2191 (14 bytes)   made not entrant: not used
3383 5718       3       Many::m2192 (14 bytes)
3383 5719       4       Many::m2192 (14 bytes)
3383 5718       3       Many::m2192 (14 bytes)   made not entrant: not used
3385 5720       3       Many::m2193 (14 bytes)
3385 5721       4       Many::m2193 (14 bytes)
3385 5720       3       Many::m2193 (14 bytes)   made not entrant: not used
3386 5722       3       Many::m2194 (14 bytes)
3386 5723       4       Many::m2194 (14 bytes)
3386 5722       3       Many::m2194 (14 bytes)   made not entrant: not used
3387 5724       3       Many::m2195 (14 bytes)
3388 5725       4       Many::m2195 (14 bytes)
3388 5724       3       Many::m2195 (14 bytes)   made not entrant: not used
3389 5726       3       Many::m2196 (14 bytes)
3389 5727       4       Many::m2196 (14 bytes)
3389 5726       3       Many::m2196 (14 bytes)   made not entrant: not used
3390 5728       3       Many::m2197 (14 bytes)
3391 5729       4       Many::m2197 (14 bytes)
3391 5728       3       Many::m2197 (14 bytes)   made not entrant: not used
3392 5730       3       Many::m2198 (14 bytes)
3392 5731       4       Many::m2198 (14 bytes)
3392 5730       3       Many::m2198 (14 bytes)   made not entrant: not used
3393 5732       3       Many::m2199 (14 bytes)
3393 5733       4       Many::m2199 (14 bytes)
3393 5732       3       Many::m2199 (14 bytes)   made not entrant: not used
3395 5734       3       Many::m2200 (14 bytes)
3395 5735       4       Many::m2200 (14 bytes)
3395 5734       3       Many::m2200 (14 bytes)   made not entrant: not used
3396 5736       3       Many::m2201 (14 bytes)
3396 5737       4       Many::m2201 (14 bytes)
3396 5736       3       Many::m2201 (14 bytes)   made not entrant: not used
3398 5738       3       Many::m2202 (14 bytes)
3398 5739       4       Many::m2202 (14 bytes)
3398 5738       3       Many::m2202 (14 bytes)   made not entrant: not used
3399 5740       3       Many::m2203 (14 bytes)
3399 5741       4       Many::m2203 (14 bytes)
3399 5740       3       Many::m2203 (14 bytes)   made not entrant: not used
3400 5742       3       Many::m2204 (14 bytes)
3401 5743       4       Many::m2204 (14 bytes)
3401 5742       3       Many::m2204 (14 bytes)   made not entrant: not used
3402 5744       3       Many::m2205 (14 bytes)
3402 5745       4       Many::m2205 (14 bytes)
3402 5744       3       Many::m2205 (14 bytes)   made not entrant: not used
3403 5746       3       Many::m2206 (14 bytes)
3403 5747       4       Many::m2206 (14 bytes)
3404 5746       3       Many::m2206 (14 bytes)   made not entrant: not used
3405 5748       3       Many::m2207 (14 bytes)
3405 5749       4       Many::m2207 (14 bytes)
3405 5748       3       Many::m2207 (14 bytes)   made not entrant: not used
3406 5750       3       Many::m2208 (14 bytes)
3406 5751       4       Many::m2208 (14 bytes)
3406 5750       3       Many::m2208 (14 bytes)   made not entrant: not used
3408 5752       3       Many::m2209 (14 bytes)
3408 5753       4       Many::m2209 (14 bytes)
3408 5752       3       Many::m2209 (14 bytes)   made not entrant: not used
3409 5754       3       Many::m2210 (14 bytes)
3409 5755       4       Many::m2210 (14 bytes)
3409 5754       3       Many::m2210 (14 bytes)   made not entrant: not used
3411 5756       3       Many::m2211 (14 bytes)
3411 5757       4       Many::m2211 (14 bytes)
3411 5756       3       Many::m2211 (14 bytes)   made not entrant: not used
3412 5758       3       Many::m2212 (14 bytes)
3412 5759       4       Many::m2212 (14 bytes)
3412 5758       3       Many::m2212 (14 bytes)   made not entrant: not used
3413 5760       3       Many::m2213 (14 bytes)
3414 5761       4       Many::m2213 (14 bytes)
3414 5760       3       Many::m2213 (14 bytes)   made not entrant: not used
3415 5762       3       Many::m2214 (14 bytes)
3415 5763       4       Many::m2214 (14 bytes)
3415 5762       3       Many::m2214 (14 bytes)   made not entrant: not used
3416 5764       3       Many::m2215 (14 bytes)
3416 5765       4       Many::m2215 (14 bytes)
3416 5764       3       Many::m2215 (14 bytes)   made not entrant: not used
3418 5766       3       Many::m2216 (14 bytes)
3418 5767       4       Many::m2216 (14 bytes)
3418 5766       3       Many::m2216 (14 bytes)   made not entrant: not used
3419 5768       3       Many::m2217 (14 bytes)
3419 5769       4       Many::m2217 (14 bytes)
3419 5768       3       Many::m2217 (14 bytes)   made not entrant: not used
3421 5770       3       Many::m2218 (14 bytes)
3421 5771       4       Many::m2218 (14 bytes)
3421 5770       3       Many::m2218 (14 bytes)   made not entrant: not used
3422 5772       3       Many::m2219 (14 bytes)
3422 5773       4       Many::m2219 (14 bytes)
3422 5772       3       Many::m2219 (14 bytes)   made not entrant: not used
3423 5774       3       Many::m2220 (14 bytes)
3424 5775       4       Many::m2220 (14 bytes)
3424 5774       3       Many::m2220 (14 bytes)   made not entrant: not used
3425 5776       3       Many::m2221 (14 bytes)
3425 5777       4       Many::m2221 (14 bytes)
3425 5776       3       Many::m2221 (14 bytes)   made not entrant: not used
3426 5778       3       Many::m2222 (14 bytes)
3426 5779       4       Many::m2222 (14 bytes)
3427 5778       3       Many::m2222 (14 bytes)   made not entrant: not used
3428 5780       3       Many::m2223 (14 bytes)
3428 5781       4       Many::m2223 (14 bytes)
3428 5780       3       Many::m2223 (14 bytes)   made not entrant: not used
3429 5782       3       Many::m2224 (14 bytes)
3429 5783       4       Many::m2224 (14 bytes)
3429 5782       3       Many::m2224 (14 bytes)   made not entrant: not used
3431 5784       3       Many::m2225 (14 bytes)
3431 5785       4       Many::m2225 (14 bytes)
3431 5784       3       Many::m2225 (14 bytes)   made not entrant: not used
3432 5786       3       Many::m2226 (14 bytes)
3432 5787       4       Many::m2226 (14 bytes)
3432 5786       3       Many::m2226 (14 bytes)   made not entrant: not used
3433 5788       3       Many::m2227 (14 bytes)
3434 5789       4       Many::m2227 (14 bytes)
3434 5788       3       Many::m2227 (14 bytes)   made not entrant: not used
3435 5790       3       Many::m2228 (14 bytes)
3435 5791       4       Many::m2228 (14 bytes)
3435 5790       3       Many::m2228 (14 bytes)   made not entrant: not used
3436 5792       3       Many::m2229 (14 bytes)
3436 5793       4       Many::m2229 (14 bytes)
3436 5792       3       Many::m2229 (14 bytes)   made not entrant: not used
3438 5794       3       Many::m2230 (14 bytes)
3438 5795       4       Many::m2230 (14 bytes)
3438 5794       3       Many::m2230 (14 bytes)   made not entrant: not used
3439 5796       3       Many::m2231 (14 bytes)
3439 5797       4       Many::m2231 (14 bytes)
3439 5796       3       Many::m2231 (14 bytes)   made not entrant: not used
3441 5798       3       Many::m2232 (14 bytes)
3441 5799       4       Many::m2232 (14 bytes)
3441 5798       3       Many::m2232 (14 bytes)   made not entrant: not used
3442 5800       3       Many::m2233 (14 bytes)
3442 5801       4       Many::m2233 (14 bytes)
3442 5800       3       Many::m2233 (14 bytes)   made not entrant: not used
3444 5802       3       Many::m2234 (14 bytes)
3444 5803       4       Many::m2234 (14 bytes)
3444 5802       3       Many::m2234 (14 bytes)   made not entrant: not used
3445 5804       3       Many::m2235 (14 bytes)
3445 5805       4       Many::m2235 (14 bytes)
3445 5804       3       Many::m2235 (14 bytes)   made not entrant: not used
3446 5806       3       Many::m2236 (14 bytes)
3447 5807       4       Many::m2236 (14 bytes)
3447 5806       3       Many::m2236 (14 bytes)   made not entrant: not used
3448 5808       3       Many::m2237 (14 bytes)
3448 5809       4       Many::m2237 (14 bytes)
3448 5808       3       Many::m2237 (14 bytes)   made not entrant: not used
3449 5810       3       Many::m2238 (14 bytes)
3449 5811       4       Many::m2238 (14 bytes)
3449 5810       3       Many::m2238 (14 bytes)   made not entrant: not used
3451 5812       3       Many::m2239 (14 bytes)
3451 5813       4       Many::m2239 (14 bytes)
3451 5812       3       Many::m2239 (14 bytes)   made not entrant: not used
3452 5814       3       Many::m2240 (14 bytes)
3452 5815       4       Many::m2240 (14 bytes)
3452 5814       3       Many::m2240 (14 bytes)   made not entrant: not used
3454 5816       3       Many::m2241 (14 bytes)
3454 5817       4       Many::m2241 (14 bytes)
3454 5816       3       Many::m2241 (14 bytes)   made not entrant: not used
3455 5818       3       Many::m2242 (14 bytes)
3455 5819       4       Many::m2242 (14 bytes)
3455 5818       3       Many::m2242 (14 bytes)   made not entrant: not used
3456 5820       3       Many::m2243 (14 bytes)
3457 5821       4       Many::m2243 (14 bytes)
3457 5820       3       Many::m2243 (14 bytes)   made not entrant: not used
3458 5822       3       Many::m2244 (14 bytes)
3458 5823       4       Many::m2244 (14 bytes)
3458 5822       3       Many::m2244 (14 bytes)   made not entrant: not used
3459 5824       3       Many::m2245 (14 bytes)
3459 5825       4       Many::m2245 (14 bytes)
3460 5824       3       Many::m2245 (14 bytes)   made not entrant: not used
3461 5826       3       Many::m2246 (14 bytes)
3461 5827       4       Many::m2246 (14 bytes)
3461 5826       3       Many::m2246 (14 bytes)   made not entrant: not used
3462 5828       3       Many::m2247 (14 bytes)
3462 5829       4       Many::m2247 (14 bytes)
3462 5828       3       Many::m2247 (14 bytes)   made not entrant: not used
3464 5830       3       Many::m2248 (14 bytes)
3464 5831       4       Many::m2248 (14 bytes)
3464 5830       3       Many::m2248 (14 bytes)   made not entrant: not used
3465 5832       3       Many::m2249 (14 bytes)
3465 5833       4       Many::m2249 (14 bytes)
3465 5832       3       Many::m2249 (14 bytes)   made not entrant: not used
3466 5834       3       Many::m2250 (14 bytes)
3467 5835       4       Many::m2250 (14 bytes)
3467 5834       3       Many::m2250 (14 bytes)   made not entrant: not used
3468 5836       3       Many::m2251 (14 bytes)
3468 5837       4       Many::m2251 (14 bytes)
3468 5836       3       Many::m2251 (14 bytes)   made not entrant: not used
3469 5838       3       Many::m2252 (14 bytes)
3469 5839       4       Many::m2252 (14 bytes)
3470 5838       3       Many::m2252 (14 bytes)   made not entrant: not used
3471 5840       3       Many::m2253 (14 bytes)
3471 5841       4       Many::m2253 (14 bytes)
3471 5840       3       Many::m2253 (14 bytes)   made not entrant: not used
3472 5842       3       Many::m2254 (14 bytes)
3473 5843       4       Many::m2254 (14 bytes)
3473 5842       3       Many::m2254 (14 bytes)   made not entrant: not used
3474 5844       3       Many::m2255 (14 bytes)
3474 5845       4       Many::m2255 (14 bytes)
3474 5844       3       Many::m2255 (14 bytes)   made not entrant: not used
3475 5846       3       Many::m2256 (14 bytes)
3475 5847       4       Many::m2256 (14 bytes)
3475 5846       3       Many::m2256 (14 bytes)   made not entrant: not used
3477 5848       3       Many::m2257 (14 bytes)
3477 5849       4       Many::m2257 (14 bytes)
3477 5848       3       Many::m2257 (14 bytes)   made not entrant: not used
3478 5850       3       Many::m2258 (14 bytes)
3478 5851       4       Many::m2258 (14 bytes)
3478 5850       3       Many::m2258 (14 bytes)   made not entrant: not used
3480 5852       3       Many::m2259 (14 bytes)
3480 5853       4       Many::m2259 (14 bytes)
3480 5852       3       Many::m2259 (14 bytes)   made not entrant: not used
3481 5854       3       Many::m2260 (14 bytes)
3481 5855       4       Many::m2260 (14 bytes)
3481 5854       3       Many::m2260 (14 bytes)   made not entrant: not used
3482 5856       3       Many::m2261 (14 bytes)
3483 5857       4       Many::m2261 (14 bytes)
3483 5856       3       Many::m2261 (14 bytes)   made not entrant: not used
3484 5858       3       Many::m2262 (14 bytes)
3484 5859       4       Many::m2262 (14 bytes)
3484 5858       3       Many::m2262 (14 bytes)   made not entrant: not used
3485 5860       3       Many::m2263 (14 bytes)
3486 5861       4       Many::m2263 (14 bytes)
3486 5860       3       Many::m2263 (14 bytes)   made not entrant: not used
3487 5862       3       Many::m2264 (14 bytes)
3487 5863       4       Many::m2264 (14 bytes)
3487 5862       3       Many::m2264 (14 bytes)   made not entrant: not used
3488 5864       3       Many::m2265 (14 bytes)
3488 5865       4       Many::m2265 (14 bytes)
3489 5864       3       Many::m2265 (14 bytes)   made not entrant: not used
3490 5866       3       Many::m2266 (14 bytes)
3490 5867       4       Many::m2266 (14 bytes)
3490 5866       3       Many::m2266 (14 bytes)   made not entrant: not used
3491 5868       3       Many::m2267 (14 bytes)
3491 5869       4       Many::m2267 (14 bytes)
3492 5868       3       Many::m2267 (14 bytes)   made not entrant: not used
3493 5870       3       Many::m2268 (14 bytes)
3493 5871       4       Many::m2268 (14 bytes)
3493 5870       3       Many::m2268 (14 bytes)   made not entrant: not used
3494 5872       3       Many::m2269 (14 bytes)
3494 5873       4       Many::m2269 (14 bytes)
3494 5872       3       Many::m2269 (14 bytes)   made not entrant: not used
3496 5874       3       Many::m2270 (14 bytes)
3496 5875       4       Many::m2270 (14 bytes)
3496 5874       3       Many::m2270 (14 bytes)   made not entrant: not used
3497 5876       3       Many::m2271 (14 bytes)
3497 5877       4       Many::m2271 (14 bytes)
3497 5876       3       Many::m2271 (14 bytes)   made not entrant: not used
3499 5878       3       Many::m2272 (14 bytes)
3499 5879       4       Many::m2272 (14 bytes)
3499 5878       3       Many::m2272 (14 bytes)   made not entrant: not used
3500 5880       3       Many::m2273 (14 bytes)
3500 5881       4       Many::m2273 (14 bytes)
3500 5880       3       Many::m2273 (14 bytes)   made not entrant: not used
3501 5882       3       Many::m2274 (14 bytes)
3502 5883       4       Many::m2274 (14 bytes)
3502 5882       3       Many::m2274 (14 bytes)   made not entrant: not used
3503 5884       3       Many::m2275 (14 bytes)
3503 5885       4       Many::m2275 (14 bytes)
3503 5884       3       Many::m2275 (14 bytes)   made not entrant: not used
3504 5886       3       Many::m2276 (14 bytes)
3505 5887       4       Many::m2276 (14 bytes)
3505 5886       3       Many::m2276 (14 bytes)   made not entrant: not used
3506 5888       3       Many::m2277 (14 bytes)
3506 5889       4       Many::m2277 (14 bytes)
3506 5888       3       Many::m2277 (14 bytes)   made not entrant: not used
3507 5890       3       Many::m2278 (14 bytes)
3507 5891       4       Many::m2278 (14 bytes)
3507 5890       3       Many::m2278 (14 bytes)   made not entrant: not used
3509 5892       3       Many::m2279 (14 bytes)
3509 5893       4       Many::m2279 (14 bytes)
3509 5892       3       Many::m2279 (14 bytes)   made not entrant: not used
3510 5894       3       Many::m2280 (14 bytes)
3510 5895       4       Many::m2280 (14 bytes)
3510 5894       3       Many::m2280 (14 bytes)   made not entrant: not used
3512 5896       3       Many::m2281 (14 bytes)
3512 5897       4       Many::m2281 (14 bytes)
3512 5896       3       Many::m2281 (14 bytes)   made not entrant: not used
3513 5898       3       Many::m2282 (14 bytes)
3513 5899       4       Many::m2282 (14 bytes)
3513 5898       3       Many::m2282 (14 bytes)   made not entrant: not used
3514 5900       3       Many::m2283 (14 bytes)
3514 5901       4       Many::m2283 (14 bytes)
3515 5900       3       Many::m2283 (14 bytes)   made not entrant: not used
3516 5902       3       Many::m2284 (14 bytes)
3516 5903       4       Many::m2284 (14 bytes)
3516 5902       3       Many::m2284 (14 bytes)   made not entrant: not used
3517 5904       3       Many::m2285 (14 bytes)
3517 5905       4       Many::m2285 (14 bytes)
3517 5904       3       Many::m2285 (14 bytes)   made not entrant: not used
3519 5906       3       Many::m2286 (14 bytes)
3519 5907       4       Many::m2286 (14 bytes)
3519 5906       3       Many::m2286 (14 bytes)   made not entrant: not used
3520 5908       3       Many::m2287 (14 bytes)
3520 5909       4       Many::m2287 (14 bytes)
3520 5908       3       Many::m2287 (14 bytes)   made not entrant: not used
3522 5910       3       Many::m2288 (14 bytes)
3522 5911       4       Many::m2288 (14 bytes)
3522 5910       3       Many::m2288 (14 bytes)   made not entrant: not used
3523 5912       3       Many::m2289 (14 bytes)
3523 5913       4       Many::m2289 (14 bytes)
3523 5912       3       Many::m2289 (14 bytes)   made not entrant: not used
3525 5914       3       Many::m2290 (14 bytes)
3525 5915       4       Many::m2290 (14 bytes)
3525 5914       3       Many::m2290 (14 bytes)   made not entrant: not used
3526 5916       3       Many::m2291 (14 bytes)
3526 5917       4       Many::m2291 (14 bytes)
3526 5916       3       Many::m2291 (14 bytes)   made not entrant: not used
3527 5918       3       Many::m2292 (14 bytes)
3527 5919       4       Many::m2292 (14 bytes)
3528 5918       3       Many::m2292 (14 bytes)   made not entrant: not used
3529 5920       3       Many::m2293 (14 bytes)
3529 5921       4       Many::m2293 (14 bytes)
3529 5920       3       Many::m2293 (14 bytes)   made not entrant: not used
3530 5922       3       Many::m2294 (14 bytes)
3530 5923       4       Many::m2294 (14 bytes)
3530 5922       3       Many::m2294 (14 bytes)   made not entrant: not used
3532 5924       3       Many::m2295 (14 bytes)
3532 5925       4       Many::m2295 (14 bytes)
3532 5924       3       Many::m2295 (14 bytes)   made not entrant: not used
3533 5926       3       Many::m2296 (14 bytes)
3533 5927       4       Many::m2296 (14 bytes)
3533 5926       3       Many::m2296 (14 bytes)   made not entrant: not used
3535 5928       3       Many::m2297 (14 bytes)
3535 5929       4       Many::m2297 (14 bytes)
3535 5928       3       Many::m2297 (14 bytes)   made not entrant: not used
3536 5930       3       Many::m2298 (14 bytes)
3536 5931       4       Many::m2298 (14 bytes)
3536 5930       3       Many::m2298 (14 bytes)   made not entrant: not used
3537 5932       3       Many::m2299 (14 bytes)
3537 5933       4       Many::m2299 (14 bytes)
3538 5932       3       Many::m2299 (14 bytes)   made not entrant: not used
3539 5934       3       Many::m2300 (14 bytes)
3539 5935       4       Many::m2300 (14 bytes)
3539 5934       3       Many::m2300 (14 bytes)   made not entrant: not used
3540 5936       3       Many::m2301 (14 bytes)
3540 5937       4       Many::m2301 (14 bytes)
3541 5936       3       Many::m2301 (14 bytes)   made not entrant: not used
3542 5938       3       Many::m2302 (14 bytes)
3542 5939       4       Many::m2302 (14 bytes)
3542 5938       3       Many::m2302 (14 bytes)   made not entrant: not used
3543 5940       3       Many::m2303 (14 bytes)
3543 5941       4       Many::m2303 (14 bytes)
3543 5940       3       Many::m2303 (14 bytes)   made not entrant: not used
3545 5942       3       Many::m2304 (14 bytes)
3545 5943       4       Many::m2304 (14 bytes)
3545 5942       3       Many::m2304 (14 bytes)   made not entrant: not used
3546 5944       3       Many::m2305 (14 bytes)
3546 5945       4       Many::m2305 (14 bytes)
3546 5944       3       Many::m2305 (14 bytes)   made not entrant: not used
3548 5946       3       Many::m2306 (14 bytes)
3548 5947       4       Many::m2306 (14 bytes)
3548 5946       3       Many::m2306 (14 bytes)   made not entrant: not used
3549 5948       3       Many::m2307 (14 bytes)
3549 5949       4       Many::m2307 (14 bytes)
3549 5948       3       Many::m2307 (14 bytes)   made not entrant: not used
3551 5950       3       Many::m2308 (14 bytes)
3551 5951       4       Many::m2308 (14 bytes)
3551 5950       3       Many::m2308 (14 bytes)   made not entrant: not used
3552 5952       3       Many::m2309 (14 bytes)
3552 5953       4       Many::m2309 (14 bytes)
3552 5952       3       Many::m2309 (14 bytes)   made not entrant: not used
3553 5954       3       Many::m2310 (14 bytes)
3553 5955       4       Many::m2310 (14 bytes)
3554 5954       3       Many::m2310 (14 bytes)   made not entrant: not used
3555 5956       3       Many::m2311 (14 bytes)
3555 5957       4       Many::m2311 (14 bytes)
3555 5956       3       Many::m2311 (14 bytes)   made not entrant: not used
3556 5958       3       Many::m2312 (14 bytes)
3557 5959       4       Many::m2312 (14 bytes)
3557 5958       3       Many::m2312 (14 bytes)   made not entrant: not used
3558 5960       3       Many::m2313 (14 bytes)
3558 5961       4       Many::m2313 (14 bytes)
3558 5960       3       Many::m2313 (14 bytes)   made not entrant: not used
3559 5962       3       Many::m2314 (14 bytes)
3559 5963       4       Many::m2314 (14 bytes)
3560 5962       3       Many::m2314 (14 bytes)   made not entrant: not used
3561 5964       3       Many::m2315 (14 bytes)
3561 5965       4       Many::m2315 (14 bytes)
3561 5964       3       Many::m2315 (14 bytes)   made not entrant: not used
3562 5966       3       Many::m2316 (14 bytes)
3562 5967       4       Many::m2316 (14 bytes)
3562 5966       3       Many::m2316 (14 bytes)   made not entrant: not used
3564 5968       3       Many::m2317 (14 bytes)
3564 5969       4       Many::m2317 (14 bytes)
3564 5968       3       Many::m2317 (14 bytes)   made not entrant: not used
3565 5970       3       Many::m2318 (14 bytes)
3565 5971       4       Many::m2318 (14 bytes)
3565 5970       3       Many::m2318 (14 bytes)   made not entrant: not used
3567 5972       3       Many::m2319 (14 bytes)
3567 5973       4       Many::m2319 (14 bytes)
3567 5972       3       Many::m2319 (14 bytes)   made not entrant: not used
3568 5974       3       Many::m2320 (14 bytes)
3568 5975       4       Many::m2320 (14 bytes)
3568 5974       3       Many::m2320 (14 bytes)   made not entrant: not used
3570 5976       3       Many::m2321 (14 bytes)
3570 5977       4       Many::m2321 (14 bytes)
3570 5976       3       Many::m2321 (14 bytes)   made not entrant: not used
3571 5978       3       Many::m2322 (14 bytes)
3571 5979       4       Many::m2322 (14 bytes)
3571 5978       3       Many::m2322 (14 bytes)   made not entrant: not used
3573 5980       3       Many::m2323 (14 bytes)
3573 5981       4       Many::m2323 (14 bytes)
3573 5980       3       Many::m2323 (14 bytes)   made not entrant: not used
3574 5982       3       Many::m2324 (14 bytes)
3574 5983       4       Many::m2324 (14 bytes)
3574 5982       3       Many::m2324 (14 bytes)   made not entrant: not used
3575 5984       3       Many::m2325 (14 bytes)
3576 5985       4       Many::m2325 (14 bytes)
3576 5984       3       Many::m2325 (14 bytes)   made not entrant: not used
3577 5986       3       Many::m2326 (14 bytes)
3577 5987       4       Many::m2326 (14 bytes)
3577 5986       3       Many::m2326 (14 bytes)   made not entrant: not used
3578 5988       3       Many::m2327 (14 bytes)
3578 5989       4       Many::m2327 (14 bytes)
3578 5988       3       Many::m2327 (14 bytes)   made not entrant: not used
3580 5990       3       Many::m2328 (14 bytes)
3580 5991       4       Many::m2328 (14 bytes)
3580 5990       3       Many::m2328 (14 bytes)   made not entrant: not used
3581 5992       3       Many::m2329 (14 bytes)
3581 5993       4       Many::m2329 (14 bytes)
3581 5992       3       Many::m2329 (14 bytes)   made not entrant: not used
3583 5994       3       Many::m2330 (14 bytes)
3583 5995       4       Many::m2330 (14 bytes)
3583 5994       3       Many::m2330 (14 bytes)   made not entrant: not used
3584 5996       3       Many::m2331 (14 bytes)
3584 5997       4       Many::m2331 (14 bytes)
3584 5996       3       Many::m2331 (14 bytes)   made not entrant: not used
3585 5998       3       Many::m2332 (14 bytes)
3586 5999       4       Many::m2332 (14 bytes)
3586 5998       3       Many::m2332 (14 bytes)   made not entrant: not used
3587 6000       3       Many::m2333 (14 bytes)
3587 6001       4       Many::m2333 (14 bytes)
3587 6000       3       Many::m2333 (14 bytes)   made not entrant: not used
3588 6002       3       Many::m2334 (14 bytes)
3588 6003       4       Many::m2334 (14 bytes)
3588 6002       3       Many::m2334 (14 bytes)   made not entrant: not used
3590 6004       3       Many::m2335 (14 bytes)
3590 6005       4       Many::m2335 (14 bytes)
3590 6004       3       Many::m2335 (14 bytes)   made not entrant: not used
3591 6006       3       Many::m2336 (14 bytes)
3591 6007       4       Many::m2336 (14 bytes)
3591 6006       3       Many::m2336 (14 bytes)   made not entrant: not used
3593 6008       3       Many::m2337 (14 bytes)
3593 6009       4       Many::m2337 (14 bytes)
3593 6008       3       Many::m2337 (14 bytes)   made not entrant: not used
3594 6010       3       Many::m2338 (14 bytes)
3594 6011       4       Many::m2338 (14 bytes)
3594 6010       3       Many::m2338 (14 bytes)   made not entrant: not used
3596 6012       3       Many::m2339 (14 bytes)
3596 6013       4       Many::m2339 (14 bytes)
3596 6012       3       Many::m2339 (14 bytes)   made not entrant: not used
3597 6014       3       Many::m2340 (14 bytes)
3597 6015       4       Many::m2340 (14 bytes)
3597 6014       3       Many::m2340 (14 bytes)   made not entrant: not used
3598 6016       3       Many::m2341 (14 bytes)
3599 6017       4       Many::m2341 (14 bytes)
3599 6016       3       Many::m2341 (14 bytes)   made not entrant: not used
3600 6018       3       Many::m2342 (14 bytes)
3600 6019       4       Many::m2342 (14 bytes)
3600 6018       3       Many::m2342 (14 bytes)   made not entrant: not used
3601 6020       3       Many::m2343 (14 bytes)
3601 6021       4       Many::m2343 (14 bytes)
3601 6020       3       Many::m2343 (14 bytes)   made not entrant: not used
3603 6022       3       Many::m2344 (14 bytes)
3603 6023       4       Many::m2344 (14 bytes)
3603 6022       3       Many::m2344 (14 bytes)   made not entrant: not used
3604 6024       3       Many::m2345 (14 bytes)
3604 6025       4       Many::m2345 (14 bytes)
3604 6024       3       Many::m2345 (14 bytes)   made not entrant: not used
3606 6026       3       Many::m2346 (14 bytes)
3606 6027       4       Many::m2346 (14 bytes)
3606 6026       3       Many::m2346 (14 bytes)   made not entrant: not used
3607 6028       3       Many::m2347 (14 bytes)
3607 6029       4       Many::m2347 (14 bytes)
3607 6028       3       Many::m2347 (14 bytes)   made not entrant: not used
3608 6030       3       Many::m2348 (14 bytes)
3609 6031       4       Many::m2348 (14 bytes)
3609 6030       3       Many::m2348 (14 bytes)   made not entrant: not used
3610 6032       3       Many::m2349 (14 bytes)
3610 6033       4       Many::m2349 (14 bytes)
3610 6032       3       Many::m2349 (14 bytes)   made not entrant: not used
3611 6034       3       Many::m2350 (14 bytes)
3611 6035       4       Many::m2350 (14 bytes)
3611 6034       3       Many::m2350 (14 bytes)   made not entrant: not used
3613 6036       3       Many::m2351 (14 bytes)
3613 6037       4       Many::m2351 (14 bytes)
3613 6036       3       Many::m2351 (14 bytes)   made not entrant: not used
3614 6038       3       Many::m2352 (14 bytes)
3614 6039       4       Many::m2352 (14 bytes)
3614 6038       3       Many::m2352 (14 bytes)   made not entrant: not used
3616 6040       3       Many::m2353 (14 bytes)
3616 6041       4       Many::m2353 (14 bytes)
3616 6040       3       Many::m2353 (14 bytes)   made not entrant: not used
3617 6042       3       Many::m2354 (14 bytes)
3617 6043       4       Many::m2354 (14 bytes)
3617 6042       3       Many::m2354 (14 bytes)   made not entrant: not used
3619 6044       3       Many::m2355 (14 bytes)
3619 6045       4       Many::m2355 (14 bytes)
3619 6044       3       Many::m2355 (14 bytes)   made not entrant: not used
3620 6046       3       Many::m2356 (14 bytes)
3620 6047       4       Many::m2356 (14 bytes)
3620 6046       3       Many::m2356 (14 bytes)   made not entrant: not used
3621 6048       3       Many::m2357 (14 bytes)
3622 6049       4       Many::m2357 (14 bytes)
3622 6048       3       Many::m2357 (14 bytes)   made not entrant: not used
3623 6050       3       Many::m2358 (14 bytes)
3623 6051       4       Many::m2358 (14 bytes)
3623 6050       3       Many::m2358 (14 bytes)   made not entrant: not used
3624 6052       3       Many::m2359 (14 bytes)
3625 6053       4       Many::m2359 (14 bytes)
3625 6052       3       Many::m2359 (14 bytes)   made not entrant: not used
3626 6054       3       Many::m2360 (14 bytes)
3626 6055       4       Many::m2360 (14 bytes)
3626 6054       3       Many::m2360 (14 bytes)   made not entrant: not used
3627 6056       3       Many::m2361 (14 bytes)
3627 6057       4       Many::m2361 (14 bytes)
3628 6056       3       Many::m2361 (14 bytes)   made not entrant: not used
3629 6058       3       Many::m2362 (14 bytes)
3629 6059       4       Many::m2362 (14 bytes)
3629 6058       3       Many::m2362 (14 bytes)   made not entrant: not used
3630 6060       3       Many::m2363 (14 bytes)
3630 6061       4       Many::m2363 (14 bytes)
3630 6060       3       Many::m2363 (14 bytes)   made not entrant: not used
3632 6062       3       Many::m2364 (14 bytes)
3632 6063       4       Many::m2364 (14 bytes)
3632 6062       3       Many::m2364 (14 bytes)   made not entrant: not used
3633 6064       3       Many::m2365 (14 bytes)
3633 6065       4       Many::m2365 (14 bytes)
3633 6064       3       Many::m2365 (14 bytes)   made not entrant: not used
3635 6066       3       Many::m2366 (14 bytes)
3635 6067       4       Many::m2366 (14 bytes)
3635 6066       3       Many::m2366 (14 bytes)   made not entrant: not used
3636 6068       3       Many::m2367 (14 bytes)
3636 6069       4       Many::m2367 (14 bytes)
3636 6068       3       Many::m2367 (14 bytes)   made not entrant: not used
3637 6070       3       Many::m2368 (14 bytes)
3638 6071       4       Many::m2368 (14 bytes)
3638 6070       3       Many::m2368 (14 bytes)   made not entrant: not used
3639 6072       3       Many::m2369 (14 bytes)
3639 6073       4       Many::m2369 (14 bytes)
3639 6072       3       Many::m2369 (14 bytes)   made not entrant: not used
3640 6074       3       Many::m2370 (14 bytes)
3641 6075       4       Many::m2370 (14 bytes)
3641 6074       3       Many::m2370 (14 bytes)   made not entrant: not used
3642 6076       3       Many::m2371 (14 bytes)
3642 6077       4       Many::m2371 (14 bytes)
3642 6076       3       Many::m2371 (14 bytes)   made not entrant: not used
3643 6078       3       Many::m2372 (14 bytes)
3643 6079       4       Many::m2372 (14 bytes)
3644 6078       3       Many::m2372 (14 bytes)   made not entrant: not used
3645 6080       3       Many::m2373 (14 bytes)
3645 6081       4       Many::m2373 (14 bytes)
3645 6080       3       Many::m2373 (14 bytes)   made not entrant: not used
3646 6082       3       Many::m2374 (14 bytes)
3646 6083       4       Many::m2374 (14 bytes)
3646 6082       3       Many::m2374 (14 bytes)   made not entrant: not used
3648 6084       3       Many::m2375 (14 bytes)
3648 6085       4       Many::m2375 (14 bytes)
3648 6084       3       Many::m2375 (14 bytes)   made not entrant: not used
3649 6086       3       Many::m2376 (14 bytes)
3649 6087       4       Many::m2376 (14 bytes)
3649 6086       3       Many::m2376 (14 bytes)   made not entrant: not used
3651 6088       3       Many::m2377 (14 bytes)
3651 6089       4       Many::m2377 (14 bytes)
3651 6088       3       Many::m2377 (14 bytes)   made not entrant: not used
3652 6090       3       Many::m2378 (14 bytes)
3652 6091       4       Many::m2378 (14 bytes)
3652 6090       3       Many::m2378 (14 bytes)   made not entrant: not used
3653 6092       3       Many::m2379 (14 bytes)
3653 6093       4       Many::m2379 (14 bytes)
3654 6092       3       Many::m2379 (14 bytes)   made not entrant: not used
3655 6094       3       Many::m2380 (14 bytes)
3655 6095       4       Many::m2380 (14 bytes)
3655 6094       3       Many::m2380 (14 bytes)   made not entrant: not used
3656 6096       3       Many::m2381 (14 bytes)
3657 6097       4       Many::m2381 (14 bytes)
3657 6096       3       Many::m2381 (14 bytes)   made not entrant: not used
3658 6098       3       Many::m2382 (14 bytes)
3658 6099       4       Many::m2382 (14 bytes)
3658 6098       3       Many::m2382 (14 bytes)   made not entrant: not used
3659 6100       3       Many::m2383 (14 bytes)
3659 6101       4       Many::m2383 (14 bytes)
3659 6100       3       Many::m2383 (14 bytes)   made not entrant: not used
3661 6102       3       Many::m2384 (14 bytes)
3661 6103       4       Many::m2384 (14 bytes)
3661 6102       3       Many::m2384 (14 bytes)   made not entrant: not used
3662 6104       3       Many::m2385 (14 bytes)
3662 6105       4       Many::m2385 (14 bytes)
3662 6104       3       Many::m2385 (14 bytes)   made not entrant: not used
3664 6106       3       Many::m2386 (14 bytes)
3664 6107       4       Many::m2386 (14 bytes)
3664 6106       3       Many::m2386 (14 bytes)   made not entrant: not used
3665 6108       3       Many::m2387 (14 bytes)
3665 6109       4       Many::m2387 (14 bytes)
3665 6108       3       Many::m2387 (14 bytes)   made not entrant: not used
3666 6110       3       Many::m2388 (14 bytes)
3667 6111       4       Many::m2388 (14 bytes)
3667 6110       3       Many::m2388 (14 bytes)   made not entrant: not used
3668 6112       3       Many::m2389 (14 bytes)
3668 6113       4       Many::m2389 (14 bytes)
3668 6112       3       Many::m2389 (14 bytes)   made not entrant: not used
3669 6114       3       Many::m2390 (14 bytes)
3669 6115       4       Many::m2390 (14 bytes)
3670 6114       3       Many::m2390 (14 bytes)   made not entrant: not used
3671 6116       3       Many::m2391 (14 bytes)
3671 6117       4       Many::m2391 (14 bytes)
3671 6116       3       Many::m2391 (14 bytes)   made not entrant: not used
3672 6118       3       Many::m2392 (14 bytes)
3672 6119       4       Many::m2392 (14 bytes)
3673 6118       3       Many::m2392 (14 bytes)   made not entrant: not used
3674 6120       3       Many::m2393 (14 bytes)
3674 6121       4       Many::m2393 (14 bytes)
3674 6120       3       Many::m2393 (14 bytes)   made not entrant: not used
3675 6122       3       Many::m2394 (14 bytes)
3675 6123       4       Many::m2394 (14 bytes)
3675 6122       3       Many::m2394 (14 bytes)   made not entrant: not used
3677 6124       3       Many::m2395 (14 bytes)
3677 6125       4       Many::m2395 (14 bytes)
3677 6124       3       Many::m2395 (14 bytes)   made not entrant: not used
3678 6126       3       Many::m2396 (14 bytes)
3678 6127       4       Many::m2396 (14 bytes)
3678 6126       3       Many::m2396 (14 bytes)   made not entrant: not used
3680 6128       3       Many::m2397 (14 bytes)
3680 6129       4       Many::m2397 (14 bytes)
3680 6128       3       Many::m2397 (14 bytes)   made not entrant: not used
3681 6130       3       Many::m2398 (14 bytes)
3681 6131       4       Many::m2398 (14 bytes)
3681 6130       3       Many::m2398 (14 bytes)   made not entrant: not used
3682 6132       3       Many::m2399 (14 bytes)
3682 6133       4       Many::m2399 (14 bytes)
3683 6132       3       Many::m2399 (14 bytes)   made not entrant: not used
3684 6134       3       Many::m2400 (14 bytes)
3684 6135       4       Many::m2400 (14 bytes)
3684 6134       3       Many::m2400 (14 bytes)   made not entrant: not used
3685 6136       3       Many::m2401 (14 bytes)
3685 6137       4       Many::m2401 (14 bytes)
3685 6136       3       Many::m2401 (14 bytes)   made not entrant: not used
3687 6138       3       Many::m2402 (14 bytes)
3687 6139       4       Many::m2402 (14 bytes)
3687 6138       3       Many::m2402 (14 bytes)   made not entrant: not used
3688 6140       3       Many::m2403 (14 bytes)
3688 6141       4       Many::m2403 (14 bytes)
3688 6140       3       Many::m2403 (14 bytes)   made not entrant: not used
3690 6142       3       Many::m2404 (14 bytes)
3690 6143       4       Many::m2404 (14 bytes)
3690 6142       3       Many::m2404 (14 bytes)   made not entrant: not used
3691 6144       3       Many::m2405 (14 bytes)
3691 6145       4       Many::m2405 (14 bytes)
3691 6144       3       Many::m2405 (14 bytes)   made not entrant: not used
3693 6146       3       Many::m2406 (14 bytes)
3693 6147       4       Many::m2406 (14 bytes)
3693 6146       3       Many::m2406 (14 bytes)   made not entrant: not used
3694 6148       3       Many::m2407 (14 bytes)
3694 6149       4       Many::m2407 (14 bytes)
3694 6148       3       Many::m2407 (14 bytes)   made not entrant: not used
3695 6150       3       Many::m2408 (14 bytes)
3696 6151       4       Many::m2408 (14 bytes)
3696 6150       3       Many::m2408 (14 bytes)   made not entrant: not used
3697 6152       3       Many::m2409 (14 bytes)
3697 6153       4       Many::m2409 (14 bytes)
3697 6152       3       Many::m2409 (14 bytes)   made not entrant: not used
3698 6154       3       Many::m2410 (14 bytes)
3698 6155       4       Many::m2410 (14 bytes)
3698 6154       3       Many::m2410 (14 bytes)   made not entrant: not used
3700 6156       3       Many::m2411 (14 bytes)
3700 6157       4       Many::m2411 (14 bytes)
3700 6156       3       Many::m2411 (14 bytes)   made not entrant: not used
3701 6158       3       Many::m2412 (14 bytes)
3701 6159       4       Many::m2412 (14 bytes)
3701 6158       3       Many::m2412 (14 bytes)   made not entrant: not used
3703 6160       3       Many::m2413 (14 bytes)
3703 6161       4       Many::m2413 (14 bytes)
3703 6160       3       Many::m2413 (14 bytes)   made not entrant: not used
3704 6162       3       Many::m2414 (14 bytes)
3704 6163       4       Many::m2414 (14 bytes)
3704 6162       3       Many::m2414 (14 bytes)   made not entrant: not used
3706 6164       3       Many::m2415 (14 bytes)
3706 6165       4       Many::m2415 (14 bytes)
3706 6164       3       Many::m2415 (14 bytes)   made not entrant: not used
3707 6166       3       Many::m2416 (14 bytes)
3707 6167       4       Many::m2416 (14 bytes)
3707 6166       3       Many::m2416 (14 bytes)   made not entrant: not used
3709 6168       3       Many::m2417 (14 bytes)
3709 6169       4       Many::m2417 (14 bytes)
3709 6168       3       Many::m2417 (14 bytes)   made not entrant: not used
3710 6170       3       Many::m2418 (14 bytes)
3710 6171       4       Many::m2418 (14 bytes)
3710 6170       3       Many::m2418 (14 bytes)   made not entrant: not used
3711 6172       3       Many::m2419 (14 bytes)
3712 6173       4       Many::m2419 (14 bytes)
3712 6172       3       Many::m2419 (14 bytes)   made not entrant: not used
3713 6174       3       Many::m2420 (14 bytes)
3713 6175       4       Many::m2420 (14 bytes)
3713 6174       3       Many::m2420 (14 bytes)   made not entrant: not used
3714 6176       3       Many::m2421 (14 bytes)
3714 6177       4       Many::m2421 (14 bytes)
3715 6176       3       Many::m2421 (14 bytes)   made not entrant: not used
3716 6178       3       Many::m2422 (14 bytes)
3716 6179       4       Many::m2422 (14 bytes)
3716 6178       3       Many::m2422 (14 bytes)   made not entrant: not used
3717 6180       3       Many::m2423 (14 bytes)
3717 6181       4       Many::m2423 (14 bytes)
3718 6180       3       Many::m2423 (14 bytes)   made not entrant: not used
3719 6182       3       Many::m2424 (14 bytes)
3719 6183       4       Many::m2424 (14 bytes)
3719 6182       3       Many::m2424 (14 bytes)   made not entrant: not used
3720 6184       3       Many::m2425 (14 bytes)
3720 6185       4       Many::m2425 (14 bytes)
3721 6184       3       Many::m2425 (14 bytes)   made not entrant: not used
3722 6186       3       Many::m2426 (14 bytes)
3722 6187       4       Many::m2426 (14 bytes)
3722 6186       3       Many::m2426 (14 bytes)   made not entrant: not used
3723 6188       3       Many::m2427 (14 bytes)
3724 6189       4       Many::m2427 (14 bytes)
3724 6188       3       Many::m2427 (14 bytes)   made not entrant: not used
3725 6190       3       Many::m2428 (14 bytes)
3725 6191       4       Many::m2428 (14 bytes)
3725 6190       3       Many::m2428 (14 bytes)   made not entrant: not used
3726 6192       3       Many::m2429 (14 bytes)
3726 6193       4       Many::m2429 (14 bytes)
3727 6192       3       Many::m2429 (14 bytes)   made not entrant: not used
3728 6194       3       Many::m2430 (14 bytes)
3728 6195       4       Many::m2430 (14 bytes)
3728 6194       3       Many::m2430 (14 bytes)   made not entrant: not used
3729 6196       3       Many::m2431 (14 bytes)
3729 6197       4       Many::m2431 (14 bytes)
3729 6196       3       Many::m2431 (14 bytes)   made not entrant: not used
3731 6198       3       Many::m2432 (14 bytes)
3731 6199       4       Many::m2432 (14 bytes)
3731 6198       3       Many::m2432 (14 bytes)   made not entrant: not used
3732 6200       3       Many::m2433 (14 bytes)
3732 6201       4       Many::m2433 (14 bytes)
3732 6200       3       Many::m2433 (14 bytes)   made not entrant: not used
3733 6202       3       Many::m2434 (14 bytes)
3734 6203       4       Many::m2434 (14 bytes)
3734 6202       3       Many::m2434 (14 bytes)   made not entrant: not used
3735 6204       3       Many::m2435 (14 bytes)
3735 6205       4       Many::m2435 (14 bytes)
3735 6204       3       Many::m2435 (14 bytes)   made not entrant: not used
3736 6206       3       Many::m2436 (14 bytes)
3736 6207       4       Many::m2436 (14 bytes)
3736 6206       3       Many::m2436 (14 bytes)   made not entrant: not used
3738 6208       3       Many::m2437 (14 bytes)
3738 6209       4       Many::m2437 (14 bytes)
3738 6208       3       Many::m2437 (14 bytes)   made not entrant: not used
3739 6210       3       Many::m2438 (14 bytes)
3739 6211       4       Many::m2438 (14 bytes)
3739 6210       3       Many::m2438 (14 bytes)   made not entrant: not used
3741 6212       3       Many::m2439 (14 bytes)
3741 6213       4       Many::m2439 (14 bytes)
3741 6212       3       Many::m2439 (14 bytes)   made not entrant: not used
3742 6214       3       Many::m2440 (14 bytes)
3742 6215       4       Many::m2440 (14 bytes)
3742 6214       3       Many::m2440 (14 bytes)   made not entrant: not used
3744 6216       3       Many::m2441 (14 bytes)
3744 6217       4       Many::m2441 (14 bytes)
3744 6216       3       Many::m2441 (14 bytes)   made not entrant: not used
3745 6218       3       Many::m2442 (14 bytes)
3745 6219       4       Many::m2442 (14 bytes)
3745 6218       3       Many::m2442 (14 bytes)   made not entrant: not used
3746 6220       3       Many::m2443 (14 bytes)
3746 6221       4       Many::m2443 (14 bytes)
3747 6220       3       Many::m2443 (14 bytes)   made not entrant: not used
3748 6222       3       Many::m2444 (14 bytes)
3748 6223       4       Many::m2444 (14 bytes)
3748 6222       3       Many::m2444 (14 bytes)   made not entrant: not used
3749 6224       3       Many::m2445 (14 bytes)
3749 6225       4       Many::m2445 (14 bytes)
3749 6224       3       Many::m2445 (14 bytes)   made not entrant: not used
3751 6226       3       Many::m2446 (14 bytes)
3751 6227       4       Many::m2446 (14 bytes)
3751 6226       3       Many::m2446 (14 bytes)   made not entrant: not used
3752 6228       3       Many::m2447 (14 bytes)
3752 6229       4       Many::m2447 (14 bytes)
3752 6228       3       Many::m2447 (14 bytes)   made not entrant: not used
3754 6230       3       Many::m2448 (14 bytes)
3754 6231       4       Many::m2448 (14 bytes)
3754 6230       3       Many::m2448 (14 bytes)   made not entrant: not used
3755 6232       3       Many::m2449 (14 bytes)
3755 6233       4       Many::m2449 (14 bytes)
3755 6232       3       Many::m2449 (14 bytes)   made not entrant: not used
3757 6234       3       Many::m2450 (14 bytes)
3757 6235       4       Many::m2450 (14 bytes)
3757 6234       3       Many::m2450 (14 bytes)   made not entrant: not used
3758 6236       3       Many::m2451 (14 bytes)
3758 6237       4       Many::m2451 (14 bytes)
3758 6236       3       Many::m2451 (14 bytes)   made not entrant: not used
3759 6238       3       Many::m2452 (14 bytes)
3759 6239       4       Many::m2452 (14 bytes)
3760 6238       3       Many::m2452 (14 bytes)   made not entrant: not used
3761 6240       3       Many::m2453 (14 bytes)
3761 6241       4       Many::m2453 (14 bytes)
3761 6240       3       Many::m2453 (14 bytes)   made not entrant: not used
3762 6242       3       Many::m2454 (14 bytes)
3762 6243       4       Many::m2454 (14 bytes)
3762 6242       3       Many::m2454 (14 bytes)   made not entrant: not used
3764 6244       3       Many::m2455 (14 bytes)
3764 6245       4       Many::m2455 (14 bytes)
3764 6244       3       Many::m2455 (14 bytes)   made not entrant: not used
3765 6246       3       Many::m2456 (14 bytes)
3765 6247       4       Many::m2456 (14 bytes)
3765 6246       3       Many::m2456 (14 bytes)   made not entrant: not used
3767 6248       3       Many::m2457 (14 bytes)
3767 6249       4       Many::m2457 (14 bytes)
3767 6248       3       Many::m2457 (14 bytes)   made not entrant: not used
3768 6250       3       Many::m2458 (14 bytes)
3768 6251       4       Many::m2458 (14 bytes)
3768 6250       3       Many::m2458 (14 bytes)   made not entrant: not used
3769 6252       3       Many::m2459 (14 bytes)
3770 6253       4       Many::m2459 (14 bytes)
3770 6252       3       Many::m2459 (14 bytes)   made not entrant: not used
3771 6254       3       Many::m2460 (14 bytes)
3771 6255       4       Many::m2460 (14 bytes)
3771 6254       3       Many::m2460 (14 bytes)   made not entrant: not used
3772 6256       3       Many::m2461 (14 bytes)
3773 6257       4       Many::m2461 (14 bytes)
3773 6256       3       Many::m2461 (14 bytes)   made not entrant: not used
3774 6258       3       Many::m2462 (14 bytes)
3774 6259       4       Many::m2462 (14 bytes)
3774 6258       3       Many::m2462 (14 bytes)   made not entrant: not used
3775 6260       3       Many::m2463 (14 bytes)
3775 6261       4       Many::m2463 (14 bytes)
3775 6260       3       Many::m2463 (14 bytes)   made not entrant: not used
3777 6262       3       Many::m2464 (14 bytes)
3777 6263       4       Many::m2464 (14 bytes)
3777 6262       3       Many::m2464 (14 bytes)   made not entrant: not used
3778 6264       3       Many::m2465 (14 bytes)
3778 6265       4       Many::m2465 (14 bytes)
3778 6264       3       Many::m2465 (14 bytes)   made not entrant: not used
3780 6266       3       Many::m2466 (14 bytes)
3780 6267       4       Many::m2466 (14 bytes)
3780 6266       3       Many::m2466 (14 bytes)   made not entrant: not used
3781 6268       3       Many::m2467 (14 bytes)
3781 6269       4       Many::m2467 (14 bytes)
3781 6268       3       Many::m2467 (14 bytes)   made not entrant: not used
3782 6270       3       Many::m2468 (14 bytes)
3783 6271       4       Many::m2468 (14 bytes)
3783 6270       3       Many::m2468 (14 bytes)   made not entrant: not used
3784 6272       3       Many::m2469 (14 bytes)
3784 6273       4       Many::m2469 (14 bytes)
3784 6272       3       Many::m2469 (14 bytes)   made not entrant: not used
3785 6274       3       Many::m2470 (14 bytes)
3785 6275       4       Many::m2470 (14 bytes)
3786 6274       3       Many::m2470 (14 bytes)   made not entrant: not used
3787 6276       3       Many::m2471 (14 bytes)
3787 6277       4       Many::m2471 (14 bytes)
3787 6276       3       Many::m2471 (14 bytes)   made not entrant: not used
3788 6278       3       Many::m2472 (14 bytes)
3788 6279       4       Many::m2472 (14 bytes)
3788 6278       3       Many::m2472 (14 bytes)   made not entrant: not used
3790 6280       3       Many::m2473 (14 bytes)
3790 6281       4       Many::m2473 (14 bytes)
3790 6280       3       Many::m2473 (14 bytes)   made not entrant: not used
3791 6282       3       Many::m2474 (14 bytes)
3791 6283       4       Many::m2474 (14 bytes)
3791 6282       3       Many::m2474 (14 bytes)   made not entrant: not used
3793 6284       3       Many::m2475 (14 bytes)
3793 6285       4       Many::m2475 (14 bytes)
3793 6284       3       Many::m2475 (14 bytes)   made not entrant: not used
3794 6286       3       Many::m2476 (14 bytes)
3794 6287       4       Many::m2476 (14 bytes)
3794 6286       3       Many::m2476 (14 bytes)   made not entrant: not used
3795 6288       3       Many::m2477 (14 bytes)
3796 6289       4       Many::m2477 (14 bytes)
3796 6288       3       Many::m2477 (14 bytes)   made not entrant: not used
3797 6290       3       Many::m2478 (14 bytes)
3797 6291       4       Many::m2478 (14 bytes)
3797 6290       3       Many::m2478 (14 bytes)   made not entrant: not used
3798 6292       3       Many::m2479 (14 bytes)
3798 6293       4       Many::m2479 (14 bytes)
3799 6292       3       Many::m2479 (14 bytes)   made not entrant: not used
3800 6294       3       Many::m2480 (14 bytes)
3800 6295       4       Many::m2480 (14 bytes)
3800 6294       3       Many::m2480 (14 bytes)   made not entrant: not used
3801 6296       3       Many::m2481 (14 bytes)
3801 6297       4       Many::m2481 (14 bytes)
3801 6296       3       Many::m2481 (14 bytes)   made not entrant: not used
3803 6298       3       Many::m2482 (14 bytes)
3803 6299       4       Many::m2482 (14 bytes)
3803 6298       3       Many::m2482 (14 bytes)   made not entrant: not used
3804 6300       3       Many::m2483 (14 bytes)
3804 6301       4       Many::m2483 (14 bytes)
3804 6300       3       Many::m2483 (14 bytes)   made not entrant: not used
3806 6302       3       Many::m2484 (14 bytes)
3806 6303       4       Many::m2484 (14 bytes)
3806 6302       3       Many::m2484 (14 bytes)   made not entrant: not used
3807 6304       3       Many::m2485 (14 bytes)
3807 6305       4       Many::m2485 (14 bytes)
3807 6304       3       Many::m2485 (14 bytes)   made not entrant: not used
3809 6306       3       Many::m2486 (14 bytes)
3809 6307       4       Many::m2486 (14 bytes)
3809 6306       3       Many::m2486 (14 bytes)   made not entrant: not used
3810 6308       3       Many::m2487 (14 bytes)
3810 6309       4       Many::m2487 (14 bytes)
3810 6308       3       Many::m2487 (14 bytes)   made not entrant: not used
3811 6310       3       Many::m2488 (14 bytes)
3812 6311       4       Many::m2488 (14 bytes)
3812 6310       3       Many::m2488 (14 bytes)   made not entrant: not used
3813 6312       3       Many::m2489 (14 bytes)
3813 6313       4       Many::m2489 (14 bytes)
3813 6312       3       Many::m2489 (14 bytes)   made not entrant: not used
3814 6314       3       Many::m2490 (14 bytes)
3814 6315       4       Many::m2490 (14 bytes)
3814 6314       3       Many::m2490 (14 bytes)   made not entrant: not used
3816 6316       3       Many::m2491 (14 bytes)
3816 6317       4       Many::m2491 (14 bytes)
3816 6316       3       Many::m2491 (14 bytes)   made not entrant: not used
3817 6318       3       Many::m2492 (14 bytes)
3817 6319       4       Many::m2492 (14 bytes)
3817 6318       3       Many::m2492 (14 bytes)   made not entrant: not used
3818 6320       3       Many::m2493 (14 bytes)
3819 6321       4       Many::m2493 (14 bytes)
3819 6320       3       Many::m2493 (14 bytes)   made not entrant: not used
3820 6322       3       Many::m2494 (14 bytes)
3820 6323       4       Many::m2494 (14 bytes)
3820 6322       3       Many::m2494 (14 bytes)   made not entrant: not used
3821 6324       3       Many::m2495 (14 bytes)
3822 6325       4       Many::m2495 (14 bytes)
3822 6324       3       Many::m2495 (14 bytes)   made not entrant: not used
3823 6326       3       Many::m2496 (14 bytes)
3823 6327       4       Many::m2496 (14 bytes)
3823 6326       3       Many::m2496 (14 bytes)   made not entrant: not used
3824 6328       3       Many::m2497 (14 bytes)
3824 6329       4       Many::m2497 (14 bytes)
3824 6328       3       Many::m2497 (14 bytes)   made not entrant: not used
3826 6330       3       Many::m2498 (14 bytes)
3826 6331       4       Many::m2498 (14 bytes)
3826 6330       3       Many::m2498 (14 bytes)   made not entrant: not used
3827 6332       3       Many::m2499 (14 bytes)
3827 6333       4       Many::m2499 (14 bytes)
3827 6332       3       Many::m2499 (14 bytes)   made not entrant: not used
3829 6334       3       Many::m2500 (14 bytes)
3829 6335       4       Many::m2500 (14 bytes)
3829 6334       3       Many::m2500 (14 bytes)   made not entrant: not used
3830 6336       3       Many::m2501 (14 bytes)
3830 6337       4       Many::m2501 (14 bytes)
3830 6336       3       Many::m2501 (14 bytes)   made not entrant: not used
3831 6338       3       Many::m2502 (14 bytes)
3832 6339       4       Many::m2502 (14 bytes)
3832 6338       3       Many::m2502 (14 bytes)   made not entrant: not used
3833 6340       3       Many::m2503 (14 bytes)
3833 6341       4       Many::m2503 (14 bytes)
3833 6340       3       Many::m2503 (14 bytes)   made not entrant: not used
3834 6342       3       Many::m2504 (14 bytes)
3834 6343       4       Many::m2504 (14 bytes)
3835 6342       3       Many::m2504 (14 bytes)   made not entrant: not used
3836 6344       3       Many::m2505 (14 bytes)
3836 6345       4       Many::m2505 (14 bytes)
3836 6344       3       Many::m2505 (14 bytes)   made not entrant: not used
3837 6346       3       Many::m2506 (14 bytes)
3837 6347       4       Many::m2506 (14 bytes)
3837 6346       3       Many::m2506 (14 bytes)   made not entrant: not used
3839 6348       3       Many::m2507 (14 bytes)
3839 6349       4       Many::m2507 (14 bytes)
3839 6348       3       Many::m2507 (14 bytes)   made not entrant: not used
3840 6350       3       Many::m2508 (14 bytes)
3840 6351       4       Many::m2508 (14 bytes)
3840 6350       3       Many::m2508 (14 bytes)   made not entrant: not used
3842 6352       3       Many::m2509 (14 bytes)
3842 6353       4       Many::m2509 (14 bytes)
3842 6352       3       Many::m2509 (14 bytes)   made not entrant: not used
3843 6354       3       Many::m2510 (14 bytes)
3843 6355       4       Many::m2510 (14 bytes)
3843 6354       3       Many::m2510 (14 bytes)   made not entrant: not used
3844 6356       3       Many::m2511 (14 bytes)
3845 6357       4       Many::m2511 (14 bytes)
3845 6356       3       Many::m2511 (14 bytes)   made not entrant: not used
3846 6358       3       Many::m2512 (14 bytes)
3846 6359       4       Many::m2512 (14 bytes)
3846 6358       3       Many::m2512 (14 bytes)   made not entrant: not used
3847 6360       3       Many::m2513 (14 bytes)
3847 6361       4       Many::m2513 (14 bytes)
3848 6360       3       Many::m2513 (14 bytes)   made not entrant: not used
3849 6362       3       Many::m2514 (14 bytes)
3849 6363       4       Many::m2514 (14 bytes)
3849 6362       3       Many::m2514 (14 bytes)   made not entrant: not used
3850 6364       3       Many::m2515 (14 bytes)
3850 6365       4       Many::m2515 (14 bytes)
3850 6364       3       Many::m2515 (14 bytes)   made not entrant: not used
3852 6366       3       Many::m2516 (14 bytes)
3852 6367       4       Many::m2516 (14 bytes)
3852 6366       3       Many::m2516 (14 bytes)   made not entrant: not used
3853 6368       3       Many::m2517 (14 bytes)
3853 6369       4       Many::m2517 (14 bytes)
3853 6368       3       Many::m2517 (14 bytes)   made not entrant: not used
3854 6370       3       Many::m2518 (14 bytes)
3855 6371       4       Many::m2518 (14 bytes)
3855 6370       3       Many::m2518 (14 bytes)   made not entrant: not used
3856 6372       3       Many::m2519 (14 bytes)
3856 6373       4       Many::m2519 (14 bytes)
3856 6372       3       Many::m2519 (14 bytes)   made not entrant: not used
3857 6374       3       Many::m2520 (14 bytes)
3858 6375       4       Many::m2520 (14 bytes)
3858 6374       3       Many::m2520 (14 bytes)   made not entrant: not used
3859 6376       3       Many::m2521 (14 bytes)
3859 6377       4       Many::m2521 (14 bytes)
3859 6376       3       Many::m2521 (14 bytes)   made not entrant: not used
3860 6378       3       Many::m2522 (14 bytes)
3860 6379       4       Many::m2522 (14 bytes)
3860 6378       3       Many::m2522 (14 bytes)   made not entrant: not used
3862 6380       3       Many::m2523 (14 bytes)
3862 6381       4       Many::m2523 (14 bytes)
3862 6380       3       Many::m2523 (14 bytes)   made not entrant: not used
3863 6382       3       Many::m2524 (14 bytes)
3863 6383       4       Many::m2524 (14 bytes)
3863 6382       3       Many::m2524 (14 bytes)   made not entrant: not used
3865 6384       3       Many::m2525 (14 bytes)
3865 6385       4       Many::m2525 (14 bytes)
3865 6384       3       Many::m2525 (14 bytes)   made not entrant: not used
3866 6386       3       Many::m2526 (14 bytes)
3866 6387       4       Many::m2526 (14 bytes)
3866 6386       3       Many::m2526 (14 bytes)   made not entrant: not used
3867 6388       3       Many::m2527 (14 bytes)
3867 6389       4       Many::m2527 (14 bytes)
3868 6388       3       Many::m2527 (14 bytes)   made not entrant: not used
3869 6390       3       Many::m2528 (14 bytes)
3869 6391       4       Many::m2528 (14 bytes)
3869 6390       3       Many::m2528 (14 bytes)   made not entrant: not used
3870 6392       3       Many::m2529 (14 bytes)
3870 6393       4       Many::m2529 (14 bytes)
3870 6392       3       Many::m2529 (14 bytes)   made not entrant: not used
3872 6394       3       Many::m2530 (14 bytes)
3872 6395       4       Many::m2530 (14 bytes)
3872 6394       3       Many::m2530 (14 bytes)   made not entrant: not used
3873 6396       3       Many::m2531 (14 bytes)
3873 6397       4       Many::m2531 (14 bytes)
3873 6396       3       Many::m2531 (14 bytes)   made not entrant: not used
3875 6398       3       Many::m2532 (14 bytes)
3875 6399       4       Many::m2532 (14 bytes)
3875 6398       3       Many::m2532 (14 bytes)   made not entrant: not used
3876 6400       3       Many::m2533 (14 bytes)
3876 6401       4       Many::m2533 (14 bytes)
3876 6400       3       Many::m2533 (14 bytes)   made not entrant: not used
3877 6402       3       Many::m2534 (14 bytes)
3878 6403       4       Many::m2534 (14 bytes)
3878 6402       3       Many::m2534 (14 bytes)   made not entrant: not used
3879 6404       3       Many::m2535 (14 bytes)
3879 6405       4       Many::m2535 (14 bytes)
3879 6404       3       Many::m2535 (14 bytes)   made not entrant: not used
3880 6406       3       Many::m2536 (14 bytes)
3880 6407       4       Many::m2536 (14 bytes)
3880 6406       3       Many::m2536 (14 bytes)   made not entrant: not used
3882 6408       3       Many::m2537 (14 bytes)
3882 6409       4       Many::m2537 (14 bytes)
3882 6408       3       Many::m2537 (14 bytes)   made not entrant: not used
3883 6410       3       Many::m2538 (14 bytes)
3883 6411       4       Many::m2538 (14 bytes)
3883 6410       3       Many::m2538 (14 bytes)   made not entrant: not used
3885 6412       3       Many::m2539 (14 bytes)
3885 6413       4       Many::m2539 (14 bytes)
3885 6412       3       Many::m2539 (14 bytes)   made not entrant: not used
3886 6414       3       Many::m2540 (14 bytes)
3886 6415       4       Many::m2540 (14 bytes)
3886 6414       3       Many::m2540 (14 bytes)   made not entrant: not used
3887 6416       3       Many::m2541 (14 bytes)
3887 6417       4       Many::m2541 (14 bytes)
3888 6416       3       Many::m2541 (14 bytes)   made not entrant: not used
3889 6418       3       Many::m2542 (14 bytes)
3889 6419       4       Many::m2542 (14 bytes)
3889 6418       3       Many::m2542 (14 bytes)   made not entrant: not used
3890 6420       3       Many::m2543 (14 bytes)
3890 6421       4       Many::m2543 (14 bytes)
3890 6420       3       Many::m2543 (14 bytes)   made not entrant: not used
3892 6422       3       Many::m2544 (14 bytes)
3892 6423       4       Many::m2544 (14 bytes)
3892 6422       3       Many::m2544 (14 bytes)   made not entrant: not used
3893 6424       3       Many::m2545 (14 bytes)
3893 6425       4       Many::m2545 (14 bytes)
3893 6424       3       Many::m2545 (14 bytes)   made not entrant: not used
3895 6426       3       Many::m2546 (14 bytes)
3895 6427       4       Many::m2546 (14 bytes)
3895 6426       3       Many::m2546 (14 bytes)   made not entrant: not used
3896 6428       3       Many::m2547 (14 bytes)
3896 6429       4       Many::m2547 (14 bytes)
3896 6428       3       Many::m2547 (14 bytes)   made not entrant: not used
3897 6430       3       Many::m2548 (14 bytes)
3898 6431       4       Many::m2548 (14 bytes)
3898 6430       3       Many::m2548 (14 bytes)   made not entrant: not used
3899 6432       3       Many::m2549 (14 bytes)
3899 6433       4       Many::m2549 (14 bytes)
3899 6432       3       Many::m2549 (14 bytes)   made not entrant: not used
3900 6434       3       Many::m2550 (14 bytes)
3900 6435       4       Many::m2550 (14 bytes)
3901 6434       3       Many::m2550 (14 bytes)   made not entrant: not used
3902 6436       3       Many::m2551 (14 bytes)
3902 6437       4       Many::m2551 (14 bytes)
3902 6436       3       Many::m2551 (14 bytes)   made not entrant: not used
3903 6438       3       Many::m2552 (14 bytes)
3903 6439       4       Many::m2552 (14 bytes)
3903 6438       3       Many::m2552 (14 bytes)   made not entrant: not used
3905 6440       3       Many::m2553 (14 bytes)
3905 6441       4       Many::m2553 (14 bytes)
3905 6440       3       Many::m2553 (14 bytes)   made not entrant: not used
3906 6442       3       Many::m2554 (14 bytes)
3906 6443       4       Many::m2554 (14 bytes)
3906 6442       3       Many::m2554 (14 bytes)   made not entrant: not used
3908 6444       3       Many::m2555 (14 bytes)
3908 6445       4       Many::m2555 (14 bytes)
3908 6444       3       Many::m2555 (14 bytes)   made not entrant: not used
3909 6446       3       Many::m2556 (14 bytes)
3909 6447       4       Many::m2556 (14 bytes)
3909 6446       3       Many::m2556 (14 bytes)   made not entrant: not used
3911 6448       3       Many::m2557 (14 bytes)
3911 6449       4       Many::m2557 (14 bytes)
3911 6448       3       Many::m2557 (14 bytes)   made not entrant: not used
3912 6450       3       Many::m2558 (14 bytes)
3912 6451       4       Many::m2558 (14 bytes)
3912 6450       3       Many::m2558 (14 bytes)   made not entrant: not used
3913 6452       3       Many::m2559 (14 bytes)
3913 6453       4       Many::m2559 (14 bytes)
3914 6452       3       Many::m2559 (14 bytes)   made not entrant: not used
3915 6454       3       Many::m2560 (14 bytes)
3915 6455       4       Many::m2560 (14 bytes)
3915 6454       3       Many::m2560 (14 bytes)   made not entrant: not used
3916 6456       3       Many::m2561 (14 bytes)
3916 6457       4       Many::m2561 (14 bytes)
3916 6456       3       Many::m2561 (14 bytes)   made not entrant: not used
3918 6458       3       Many::m2562 (14 bytes)
3918 6459       4       Many::m2562 (14 bytes)
3918 6458       3       Many::m2562 (14 bytes)   made not entrant: not used
3919 6460       3       Many::m2563 (14 bytes)
3919 6461       4       Many::m2563 (14 bytes)
3919 6460       3       Many::m2563 (14 bytes)   made not entrant: not used
3921 6462       3       Many::m2564 (14 bytes)
3921 6463       4       Many::m2564 (14 bytes)
3921 6462       3       Many::m2564 (14 bytes)   made not entrant: not used
3922 6464       3       Many::m2565 (14 bytes)
3922 6465       4       Many::m2565 (14 bytes)
3922 6464       3       Many::m2565 (14 bytes)   made not entrant: not used
3924 6466       3       Many::m2566 (14 bytes)
3924 6467       4       Many::m2566 (14 bytes)
3924 6466       3       Many::m2566 (14 bytes)   made not entrant: not used
3925 6468       3       Many::m2567 (14 bytes)
3925 6469       4       Many::m2567 (14 bytes)
3925 6468       3       Many::m2567 (14 bytes)   made not entrant: not used
3926 6470       3       Many::m2568 (14 bytes)
3927 6471       4       Many::m2568 (14 bytes)
3927 6470       3       Many::m2568 (14 bytes)   made not entrant: not used
3928 6472       3       Many::m2569 (14 bytes)
3928 6473       4       Many::m2569 (14 bytes)
3928 6472       3       Many::m2569 (14 bytes)   made not entrant: not used
3929 6474       3       Many::m2570 (14 bytes)
3929 6475       4       Many::m2570 (14 bytes)
3930 6474       3       Many::m2570 (14 bytes)   made not entrant: not used
3931 6476       3       Many::m2571 (14 bytes)
3931 6477       4       Many::m2571 (14 bytes)
3931 6476       3       Many::m2571 (14 bytes)   made not entrant: not used
3932 6478       3       Many::m2572 (14 bytes)
3932 6479       4       Many::m2572 (14 bytes)
3932 6478       3       Many::m2572 (14 bytes)   made not entrant: not used
3934 6480       3       Many::m2573 (14 bytes)
3934 6481       4       Many::m2573 (14 bytes)
3934 6480       3       Many::m2573 (14 bytes)   made not entrant: not used
3935 6482       3       Many::m2574 (14 bytes)
3935 6483       4       Many::m2574 (14 bytes)
3935 6482       3       Many::m2574 (14 bytes)   made not entrant: not used
3937 6484       3       Many::m2575 (14 bytes)
3937 6485       4       Many::m2575 (14 bytes)
3937 6484       3       Many::m2575 (14 bytes)   made not entrant: not used
3938 6486       3       Many::m2576 (14 bytes)
3938 6487       4       Many::m2576 (14 bytes)
3938 6486       3       Many::m2576 (14 bytes)   made not entrant: not used
3939 6488       3       Many::m2577 (14 bytes)
3940 6489       4       Many::m2577 (14 bytes)
3940 6488       3       Many::m2577 (14 bytes)   made not entrant: not used
3941 6490       3       Many::m2578 (14 bytes)
3941 6491       4       Many::m2578 (14 bytes)
3941 6490       3       Many::m2578 (14 bytes)   made not entrant: not used
3942 6492       3       Many::m2579 (14 bytes)
3942 6493       4       Many::m2579 (14 bytes)
3943 6492       3       Many::m2579 (14 bytes)   made not entrant: not used
3944 6494       3       Many::m2580 (14 bytes)
3944 6495       4       Many::m2580 (14 bytes)
3944 6494       3       Many::m2580 (14 bytes)   made not entrant: not used
3945 6496       3       Many::m2581 (14 bytes)
3945 6497       4       Many::m2581 (14 bytes)
3945 6496       3       Many::m2581 (14 bytes)   made not entrant: not used
3947 6498       3       Many::m2582 (14 bytes)
3947 6499       4       Many::m2582 (14 bytes)
3947 6498       3       Many::m2582 (14 bytes)   made not entrant: not used
3948 6500       3       Many::m2583 (14 bytes)
3948 6501       4       Many::m2583 (14 bytes)
3948 6500       3       Many::m2583 (14 bytes)   made not entrant: not used
3950 6502       3       Many::m2584 (14 bytes)
3950 6503       4       Many::m2584 (14 bytes)
3950 6502       3       Many::m2584 (14 bytes)   made not entrant: not used
3951 6504       3       Many::m2585 (14 bytes)
3951 6505       4       Many::m2585 (14 bytes)
3951 6504       3       Many::m2585 (14 bytes)   made not entrant: not used
3952 6506       3       Many::m2586 (14 bytes)
3953 6507       4       Many::m2586 (14 bytes)
3953 6506       3       Many::m2586 (14 bytes)   made not entrant: not used
3954 6508       3       Many::m2587 (14 bytes)
3954 6509       4       Many::m2587 (14 bytes)
3954 6508       3       Many::m2587 (14 bytes)   made not entrant: not used
3955 6510       3       Many::m2588 (14 bytes)
3956 6511       4       Many::m2588 (14 bytes)
3956 6510       3       Many::m2588 (14 bytes)   made not entrant: not used
3957 6512       3       Many::m2589 (14 bytes)
3957 6513       4       Many::m2589 (14 bytes)
3957 6512       3       Many::m2589 (14 bytes)   made not entrant: not used
3958 6514       3       Many::m2590 (14 bytes)
3958 6515       4       Many::m2590 (14 bytes)
3958 6514       3       Many::m2590 (14 bytes)   made not entrant: not used
3960 6516       3       Many::m2591 (14 bytes)
3960 6517       4       Many::m2591 (14 bytes)
3960 6516       3       Many::m2591 (14 bytes)   made not entrant: not used
3961 6518       3       Many::m2592 (14 bytes)
3961 6519       4       Many::m2592 (14 bytes)
3961 6518       3       Many::m2592 (14 bytes)   made not entrant: not used
3963 6520       3       Many::m2593 (14 bytes)
3963 6521       4       Many::m2593 (14 bytes)
3963 6520       3       Many::m2593 (14 bytes)   made not entrant: not used
3964 6522       3       Many::m2594 (14 bytes)
3964 6523       4       Many::m2594 (14 bytes)
3964 6522       3       Many::m2594 (14 bytes)   made not entrant: not used
3965 6524       3       Many::m2595 (14 bytes)
3966 6525       4       Many::m2595 (14 bytes)
3966 6524       3       Many::m2595 (14 bytes)   made not entrant: not used
3967 6526       3       Many::m2596 (14 bytes)
3967 6527       4       Many::m2596 (14 bytes)
3967 6526       3       Many::m2596 (14 bytes)   made not entrant: not used
3968 6528       3       Many::m2597 (14 bytes)
3968 6529       4       Many::m2597 (14 bytes)
3969 6528       3       Many::m2597 (14 bytes)   made not entrant: not used
3970 6530       3       Many::m2598 (14 bytes)
3970 6531       4       Many::m2598 (14 bytes)
3970 6530       3       Many::m2598 (14 bytes)   made not entrant: not used
3971 6532       3       Many::m2599 (14 bytes)
3971 6533       4       Many::m2599 (14 bytes)
3971 6532       3       Many::m2599 (14 bytes)   made not entrant: not used
3973 6534       3       Many::m2600 (14 bytes)
3973 6535       4       Many::m2600 (14 bytes)
3973 6534       3       Many::m2600 (14 bytes)   made not entrant: not used
3974 6536       3       Many::m2601 (14 bytes)
3974 6537       4       Many::m2601 (14 bytes)
3974 6536       3       Many::m2601 (14 bytes)   made not entrant: not used
3976 6538       3       Many::m2602 (14 bytes)
3976 6539       4       Many::m2602 (14 bytes)
3976 6538       3       Many::m2602 (14 bytes)   made not entrant: not used
3977 6540       3       Many::m2603 (14 bytes)
3977 6541       4       Many::m2603 (14 bytes)
3977 6540       3       Many::m2603 (14 bytes)   made not entrant: not used
3979 6542       3       Many::m2604 (14 bytes)
3979 6543       4       Many::m2604 (14 bytes)
3979 6542       3       Many::m2604 (14 bytes)   made not entrant: not used
3980 6544       3       Many::m2605 (14 bytes)
3980 6545       4       Many::m2605 (14 bytes)
3980 6544       3       Many::m2605 (14 bytes)   made not entrant: not used
3981 6546       3       Many::m2606 (14 bytes)
3982 6547       4       Many::m2606 (14 bytes)
3982 6546       3       Many::m2606 (14 bytes)   made not entrant: not used
3983 6548       3       Many::m2607 (14 bytes)
3983 6549       4       Many::m2607 (14 bytes)
3983 6548       3       Many::m2607 (14 bytes)   made not entrant: not used
3984 6550       3       Many::m2608 (14 bytes)
3984 6551       4       Many::m2608 (14 bytes)
3984 6550       3       Many::m2608 (14 bytes)   made not entrant: not used
3986 6552       3       Many::m2609 (14 bytes)
3986 6553       4       Many::m2609 (14 bytes)
3986 6552       3       Many::m2609 (14 bytes)   made not entrant: not used
3987 6554       3       Many::m2610 (14 bytes)
3987 6555       4       Many::m2610 (14 bytes)
3987 6554       3       Many::m2610 (14 bytes)   made not entrant: not used
3989 6556       3       Many::m2611 (14 bytes)
3989 6557       4       Many::m2611 (14 bytes)
3989 6556       3       Many::m2611 (14 bytes)   made not entrant: not used
3990 6558       3       Many::m2612 (14 bytes)
3990 6559       4       Many::m2612 (14 bytes)
3990 6558       3       Many::m2612 (14 bytes)   made not entrant: not used
3992 6560       3       Many::m2613 (14 bytes)
3992 6561       4       Many::m2613 (14 bytes)
3992 6560       3       Many::m2613 (14 bytes)   made not entrant: not used
3993 6562       3       Many::m2614 (14 bytes)
3993 6563       4       Many::m2614 (14 bytes)
3993 6562       3       Many::m2614 (14 bytes)   made not entrant: not used
3994 6564       3       Many::m2615 (14 bytes)
3995 6565       4       Many::m2615 (14 bytes)
3995 6564       3       Many::m2615 (14 bytes)   made not entrant: not used
3996 6566       3       Many::m2616 (14 bytes)
3996 6567       4       Many::m2616 (14 bytes)
3996 6566       3       Many::m2616 (14 bytes)   made not entrant: not used
3997 6568       3       Many::m2617 (14 bytes)
3997 6569       4       Many::m2617 (14 bytes)
3997 6568       3       Many::m2617 (14 bytes)   made not entrant: not used
3999 6570       3       Many::m2618 (14 bytes)
3999 6571       4       Many::m2618 (14 bytes)
3999 6570       3       Many::m2618 (14 bytes)   made not entrant: not used
4000 6572       3       Many::m2619 (14 bytes)
4000 6573       4       Many::m2619 (14 bytes)
4000 6572       3       Many::m2619 (14 bytes)   made not entrant: not used
4002 6574       3       Many::m2620 (14 bytes)
4002 6575       4       Many::m2620 (14 bytes)
4002 6574       3       Many::m2620 (14 bytes)   made not entrant: not used
4003 6576       3       Many::m2621 (14 bytes)
4003 6577       4       Many::m2621 (14 bytes)
4003 6576       3       Many::m2621 (14 bytes)   made not entrant: not used
4004 6578       3       Many::m2622 (14 bytes)
4004 6579       4       Many::m2622 (14 bytes)
4005 6578       3       Many::m2622 (14 bytes)   made not entrant: not used
4006 6580       3       Many::m2623 (14 bytes)
4006 6581       4       Many::m2623 (14 bytes)
4006 6580       3       Many::m2623 (14 bytes)   made not entrant: not used
4007 6582       3       Many::m2624 (14 bytes)
4007 6583       4       Many::m2624 (14 bytes)
4008 6582       3       Many::m2624 (14 bytes)   made not entrant: not used
4009 6584       3       Many::m2625 (14 bytes)
4009 6585       4       Many::m2625 (14 bytes)
4009 6584       3       Many::m2625 (14 bytes)   made not entrant: not used
4010 6586       3       Many::m2626 (14 bytes)
4010 6587       4       Many::m2626 (14 bytes)
4010 6586       3       Many::m2626 (14 bytes)   made not entrant: not used
4012 6588       3       Many::m2627 (14 bytes)
4012 6589       4       Many::m2627 (14 bytes)
4012 6588       3       Many::m2627 (14 bytes)   made not entrant: not used
4013 6590       3       Many::m2628 (14 bytes)
4013 6591       4       Many::m2628 (14 bytes)
4013 6590       3       Many::m2628 (14 bytes)   made not entrant: not used
4014 6592       3       Many::m2629 (14 bytes)
4015 6593       4       Many::m2629 (14 bytes)
4015 6592       3       Many::m2629 (14 bytes)   made not entrant: not used
4016 6594       3       Many::m2630 (14 bytes)
4016 6595       4       Many::m2630 (14 bytes)
4016 6594       3       Many::m2630 (14 bytes)   made not entrant: not used
4017 6596       3       Many::m2631 (14 bytes)
4017 6597       4       Many::m2631 (14 bytes)
4018 6596       3       Many::m2631 (14 bytes)   made not entrant: not used
4019 6598       3       Many::m2632 (14 bytes)
4019 6599       4       Many::m2632 (14 bytes)
4019 6598       3       Many::m2632 (14 bytes)   made not entrant: not used
4020 6600       3       Many::m2633 (14 bytes)
4020 6601       4       Many::m2633 (14 bytes)
4021 6600       3       Many::m2633 (14 bytes)   made not entrant: not used
4022 6602       3       Many::m2634 (14 bytes)
4022 6603       4       Many::m2634 (14 bytes)
4022 6602       3       Many::m2634 (14 bytes)   made not entrant: not used
4023 6604       3       Many::m2635 (14 bytes)
4023 6605       4       Many::m2635 (14 bytes)
4023 6604       3       Many::m2635 (14 bytes)   made not entrant: not used
4025 6606       3       Many::m2636 (14 bytes)
4025 6607       4       Many::m2636 (14 bytes)
4025 6606       3       Many::m2636 (14 bytes)   made not entrant: not used
4026 6608       3       Many::m2637 (14 bytes)
4026 6609       4       Many::m2637 (14 bytes)
4026 6608       3       Many::m2637 (14 bytes)   made not entrant: not used
4028 6610       3       Many::m2638 (14 bytes)
4028 6611       4       Many::m2638 (14 bytes)
4028 6610       3       Many::m2638 (14 bytes)   made not entrant: not used
4029 6612       3       Many::m2639 (14 bytes)
4029 6613       4       Many::m2639 (14 bytes)
4029 6612       3       Many::m2639 (14 bytes)   made not entrant: not used
4030 6614       3       Many::m2640 (14 bytes)
4031 6615       4       Many::m2640 (14 bytes)
4031 6614       3       Many::m2640 (14 bytes)   made not entrant: not used
4032 6616       3       Many::m2641 (14 bytes)
4032 6617       4       Many::m2641 (14 bytes)
4032 6616       3       Many::m2641 (14 bytes)   made not entrant: not used
4033 6618       3       Many::m2642 (14 bytes)
4033 6619       4       Many::m2642 (14 bytes)
4034 6618       3       Many::m2642 (14 bytes)   made not entrant: not used
4035 6620       3       Many::m2643 (14 bytes)
4035 6621       4       Many::m2643 (14 bytes)
4035 6620       3       Many::m2643 (14 bytes)   made not entrant: not used
4036 6622       3       Many::m2644 (14 bytes)
4036 6623       4       Many::m2644 (14 bytes)
4036 6622       3       Many::m2644 (14 bytes)   made not entrant: not used
4038 6624       3       Many::m2645 (14 bytes)
4038 6625       4       Many::m2645 (14 bytes)
4038 6624       3       Many::m2645 (14 bytes)   made not entrant: not used
4039 6626       3       Many::m2646 (14 bytes)
4039 6627       4       Many::m2646 (14 bytes)
4039 6626       3       Many::m2646 (14 bytes)   made not entrant: not used
4041 6628       3       Many::m2647 (14 bytes)
4041 6629       4       Many::m2647 (14 bytes)
4041 6628       3       Many::m2647 (14 bytes)   made not entrant: not used
4042 6630       3       Many::m2648 (14 bytes)
4042 6631       4       Many::m2648 (14 bytes)
4042 6630       3       Many::m2648 (14 bytes)   made not entrant: not used
4044 6632       3       Many::m2649 (14 bytes)
4044 6633       4       Many::m2649 (14 bytes)
4044 6632       3       Many::m2649 (14 bytes)   made not entrant: not used
4045 6634       3       Many::m2650 (14 bytes)
4045 6635       4       Many::m2650 (14 bytes)
4045 6634       3       Many::m2650 (14 bytes)   made not entrant: not used
4046 6636       3       Many::m2651 (14 bytes)
4047 6637       4       Many::m2651 (14 bytes)
4047 6636       3       Many::m2651 (14 bytes)   made not entrant: not used
4048 6638       3       Many::m2652 (14 bytes)
4048 6639       4       Many::m2652 (14 bytes)
4048 6638       3       Many::m2652 (14 bytes)   made not entrant: not used
4049 6640       3       Many::m2653 (14 bytes)
4049 6641       4       Many::m2653 (14 bytes)
4049 6640       3       Many::m2653 (14 bytes)   made not entrant: not used
4051 6642       3       Many::m2654 (14 bytes)
4051 6643       4       Many::m2654 (14 bytes)
4051 6642       3       Many::m2654 (14 bytes)   made not entrant: not used
4052 6644       3       Many::m2655 (14 bytes)
4052 6645       4       Many::m2655 (14 bytes)
4052 6644       3       Many::m2655 (14 bytes)   made not entrant: not used
4054 6646       3       Many::m2656 (14 bytes)
4054 6647       4       Many::m2656 (14 bytes)
4054 6646       3       Many::m2656 (14 bytes)   made not entrant: not used
4055 6648       3       Many::m2657 (14 bytes)
4055 6649       4       Many::m2657 (14 bytes)
4055 6648       3       Many::m2657 (14 bytes)   made not entrant: not used
4057 6650       3       Many::m2658 (14 bytes)
4057 6651       4       Many::m2658 (14 bytes)
4057 6650       3       Many::m2658 (14 bytes)   made not entrant: not used
4058 6652       3       Many::m2659 (14 bytes)
4058 6653       4       Many::m2659 (14 bytes)
4058 6652       3       Many::m2659 (14 bytes)   made not entrant: not used
4059 6654       3       Many::m2660 (14 bytes)
4060 6655       4       Many::m2660 (14 bytes)
4060 6654       3       Many::m2660 (14 bytes)   made not entrant: not used
4061 6656       3       Many::m2661 (14 bytes)
4061 6657       4       Many::m2661 (14 bytes)
4061 6656       3       Many::m2661 (14 bytes)   made not entrant: not used
4062 6658       3       Many::m2662 (14 bytes)
4062 6659       4       Many::m2662 (14 bytes)
4063 6658       3       Many::m2662 (14 bytes)   made not entrant: not used
4064 6660       3       Many::m2663 (14 bytes)
4064 6661       4       Many::m2663 (14 bytes)
4064 6660       3       Many::m2663 (14 bytes)   made not entrant: not used
4065 6662       3       Many::m2664 (14 bytes)
4065 6663       4       Many::m2664 (14 bytes)
4065 6662       3       Many::m2664 (14 bytes)   made not entrant: not used
4067 6664       3       Many::m2665 (14 bytes)
4067 6665       4       Many::m2665 (14 bytes)
4067 6664       3       Many::m2665 (14 bytes)   made not entrant: not used
4068 6666       3       Many::m2666 (14 bytes)
4068 6667       4       Many::m2666 (14 bytes)
4068 6666       3       Many::m2666 (14 bytes)   made not entrant: not used
4069 6668       3       Many::m2667 (14 bytes)
4070 6669       4       Many::m2667 (14 bytes)
4070 6668       3       Many::m2667 (14 bytes)   made not entrant: not used
4071 6670       3       Many::m2668 (14 bytes)
4071 6671       4       Many::m2668 (14 bytes)
4071 6670       3       Many::m2668 (14 bytes)   made not entrant: not used
4072 6672       3       Many::m2669 (14 bytes)
4073 6673       4       Many::m2669 (14 bytes)
4073 6672       3       Many::m2669 (14 bytes)   made not entrant: not used
4074 6674       3       Many::m2670 (14 bytes)
4074 6675       4       Many::m2670 (14 bytes)
4074 6674       3       Many::m2670 (14 bytes)   made not entrant: not used
4075 6676       3       Many::m2671 (14 bytes)
4075 6677       4       Many::m2671 (14 bytes)
4075 6676       3       Many::m2671 (14 bytes)   made not entrant: not used
4077 6678       3       Many::m2672 (14 bytes)
4077 6679       4       Many::m2672 (14 bytes)
4077 6678       3       Many::m2672 (14 bytes)   made not entrant: not used
4078 6680       3       Many::m2673 (14 bytes)
4078 6681       4       Many::m2673 (14 bytes)
4078 6680       3       Many::m2673 (14 bytes)   made not entrant: not used
4080 6682       3       Many::m2674 (14 bytes)
4080 6683       4       Many::m2674 (14 bytes)
4080 6682       3       Many::m2674 (14 bytes)   made not entrant: not used
4081 6684       3       Many::m2675 (14 bytes)
4081 6685       4       Many::m2675 (14 bytes)
4081 6684       3       Many::m2675 (14 bytes)   made not entrant: not used
4082 6686       3       Many::m2676 (14 bytes)
4083 6687       4       Many::m2676 (14 bytes)
4083 6686       3       Many::m2676 (14 bytes)   made not entrant: not used
4084 6688       3       Many::m2677 (14 bytes)
4084 6689       4       Many::m2677 (14 bytes)
4084 6688       3       Many::m2677 (14 bytes)   made not entrant: not used
4085 6690       3       Many::m2678 (14 bytes)
4085 6691       4       Many::m2678 (14 bytes)
4086 6690       3       Many::m2678 (14 bytes)   made not entrant: not used
4087 6692       3       Many::m2679 (14 bytes)
4087 6693       4       Many::m2679 (14 bytes)
4087 6692       3       Many::m2679 (14 bytes)   made not entrant: not used
4088 6694       3       Many::m2680 (14 bytes)
4088 6695       4       Many::m2680 (14 bytes)
4088 6694       3       Many::m2680 (14 bytes)   made not entrant: not used
4090 6696       3       Many::m2681 (14 bytes)
4090 6697       4       Many::m2681 (14 bytes)
4090 6696       3       Many::m2681 (14 bytes)   made not entrant: not used
4091 6698       3       Many::m2682 (14 bytes)
4091 6699       4       Many::m2682 (14 bytes)
4091 6698       3       Many::m2682 (14 bytes)   made not entrant: not used
4093 6700       3       Many::m2683 (14 bytes)
4093 6701       4       Many::m2683 (14 bytes)
4093 6700       3       Many::m2683 (14 bytes)   made not entrant: not used
4094 6702       3       Many::m2684 (14 bytes)
4094 6703       4       Many::m2684 (14 bytes)
4094 6702       3       Many::m2684 (14 bytes)   made not entrant: not used
4095 6704       3       Many::m2685 (14 bytes)
4096 6705       4       Many::m2685 (14 bytes)
4096 6704       3       Many::m2685 (14 bytes)   made not entrant: not used
4097 6706       3       Many::m2686 (14 bytes)
4097 6707       4       Many::m2686 (14 bytes)
4097 6706       3       Many::m2686 (14 bytes)   made not entrant: not used
4098 6708       3       Many::m2687 (14 bytes)
4098 6709       4       Many::m2687 (14 bytes)
4099 6708       3       Many::m2687 (14 bytes)   made not entrant: not used
4100 6710       3       Many::m2688 (14 bytes)
4100 6711       4       Many::m2688 (14 bytes)
4100 6710       3       Many::m2688 (14 bytes)   made not entrant: not used
4101 6712       3       Many::m2689 (14 bytes)
4101 6713       4       Many::m2689 (14 bytes)
4101 6712       3       Many::m2689 (14 bytes)   made not entrant: not used
4103 6714       3       Many::m2690 (14 bytes)
4103 6715       4       Many::m2690 (14 bytes)
4103 6714       3       Many::m2690 (14 bytes)   made not entrant: not used
4104 6716       3       Many::m2691 (14 bytes)
4104 6717       4       Many::m2691 (14 bytes)
4104 6716       3       Many::m2691 (14 bytes)   made not entrant: not used
4106 6718       3       Many::m2692 (14 bytes)
4106 6719       4       Many::m2692 (14 bytes)
4106 6718       3       Many::m2692 (14 bytes)   made not entrant: not used
4107 6720       3       Many::m2693 (14 bytes)
4107 6721       4       Many::m2693 (14 bytes)
4107 6720       3       Many::m2693 (14 bytes)   made not entrant: not used
4108 6722       3       Many::m2694 (14 bytes)
4109 6723       4       Many::m2694 (14 bytes)
4109 6722       3       Many::m2694 (14 bytes)   made not entrant: not used
4110 6724       3       Many::m2695 (14 bytes)
4110 6725       4       Many::m2695 (14 bytes)
4110 6724       3       Many::m2695 (14 bytes)   made not entrant: not used
4111 6726       3       Many::m2696 (14 bytes)
4111 6727       4       Many::m2696 (14 bytes)
4112 6726       3       Many::m2696 (14 bytes)   made not entrant: not used
4113 6728       3       Many::m2697 (14 bytes)
4113 6729       4       Many::m2697 (14 bytes)
4113 6728       3       Many::m2697 (14 bytes)   made not entrant: not used
4114 6730       3       Many::m2698 (14 bytes)
4114 6731       4       Many::m2698 (14 bytes)
4114 6730       3       Many::m2698 (14 bytes)   made not entrant: not used
4116 6732       3       Many::m2699 (14 bytes)
4116 6733       4       Many::m2699 (14 bytes)
4116 6732       3       Many::m2699 (14 bytes)   made not entrant: not used
4117 6734       3       Many::m2700 (14 bytes)
4117 6735       4       Many::m2700 (14 bytes)
4117 6734       3       Many::m2700 (14 bytes)   made not entrant: not used
4119 6736       3       Many::m2701 (14 bytes)
4119 6737       4       Many::m2701 (14 bytes)
4119 6736       3       Many::m2701 (14 bytes)   made not entrant: not used
4120 6738       3       Many::m2702 (14 bytes)
4120 6739       4       Many::m2702 (14 bytes)
4120 6738       3       Many::m2702 (14 bytes)   made not entrant: not used
4121 6740       3       Many::m2703 (14 bytes)
4122 6741       4       Many::m2703 (14 bytes)
4122 6740       3       Many::m2703 (14 bytes)   made not entrant: not used
4123 6742       3       Many::m2704 (14 bytes)
4123 6743       4       Many::m2704 (14 bytes)
4123 6742       3       Many::m2704 (14 bytes)   made not entrant: not used
4124 6744       3       Many::m2705 (14 bytes)
4124 6745       4       Many::m2705 (14 bytes)
4125 6744       3       Many::m2705 (14 bytes)   made not entrant: not used
4126 6746       3       Many::m2706 (14 bytes)
4126 6747       4       Many::m2706 (14 bytes)
4126 6746       3       Many::m2706 (14 bytes)   made not entrant: not used
4127 6748       3       Many::m2707 (14 bytes)
4127 6749       4       Many::m2707 (14 bytes)
4128 6748       3       Many::m2707 (14 bytes)   made not entrant: not used
4129 6750       3       Many::m2708 (14 bytes)
4129 6751       4       Many::m2708 (14 bytes)
4129 6750       3       Many::m2708 (14 bytes)   made not entrant: not used
4130 6752       3       Many::m2709 (14 bytes)
4130 6753       4       Many::m2709 (14 bytes)
4130 6752       3       Many::m2709 (14 bytes)   made not entrant: not used
4132 6754       3       Many::m2710 (14 bytes)
4132 6755       4       Many::m2710 (14 bytes)
4132 6754       3       Many::m2710 (14 bytes)   made not entrant: not used
4133 6756       3       Many::m2711 (14 bytes)
4133 6757       4       Many::m2711 (14 bytes)
4133 6756       3       Many::m2711 (14 bytes)   made not entrant: not used
4135 6758       3       Many::m2712 (14 bytes)
4135 6759       4       Many::m2712 (14 bytes)
4135 6758       3       Many::m2712 (14 bytes)   made not entrant: not used
4136 6760       3       Many::m2713 (14 bytes)
4136 6761       4       Many::m2713 (14 bytes)
4136 6760       3       Many::m2713 (14 bytes)   made not entrant: not used
4137 6762       3       Many::m2714 (14 bytes)
4138 6763       4       Many::m2714 (14 bytes)
4138 6762       3       Many::m2714 (14 bytes)   made not entrant: not used
4139 6764       3       Many::m2715 (14 bytes)
4139 6765       4       Many::m2715 (14 bytes)
4139 6764       3       Many::m2715 (14 bytes)   made not entrant: not used
4140 6766       3       Many::m2716 (14 bytes)
4140 6767       4       Many::m2716 (14 bytes)
4141 6766       3       Many::m2716 (14 bytes)   made not entrant: not used
4142 6768       3       Many::m2717 (14 bytes)
4142 6769       4       Many::m2717 (14 bytes)
4142 6768       3       Many::m2717 (14 bytes)   made not entrant: not used
4143 6770       3       Many::m2718 (14 bytes)
4143 6771       4       Many::m2718 (14 bytes)
4143 6770       3       Many::m2718 (14 bytes)   made not entrant: not used
4145 6772       3       Many::m2719 (14 bytes)
4145 6773       4       Many::m2719 (14 bytes)
4145 6772       3       Many::m2719 (14 bytes)   made not entrant: not used
4146 6774       3       Many::m2720 (14 bytes)
4146 6775       4       Many::m2720 (14 bytes)
4146 6774       3       Many::m2720 (14 bytes)   made not entrant: not used
4148 6776       3       Many::m2721 (14 bytes)
4148 6777       4       Many::m2721 (14 bytes)
4148 6776       3       Many::m2721 (14 bytes)   made not entrant: not used
4149 6778       3       Many::m2722 (14 bytes)
4149 6779       4       Many::m2722 (14 bytes)
4149 6778       3       Many::m2722 (14 bytes)   made not entrant: not used
4150 6780       3       Many::m2723 (14 bytes)
4150 6781       4       Many::m2723 (14 bytes)
4151 6780       3       Many::m2723 (14 bytes)   made not entrant: not used
4152 6782       3       Many::m2724 (14 bytes)
4152 6783       4       Many::m2724 (14 bytes)
4152 6782       3       Many::m2724 (14 bytes)   made not entrant: not used
4153 6784       3       Many::m2725 (14 bytes)
4153 6785       4       Many::m2725 (14 bytes)
4153 6784       3       Many::m2725 (14 bytes)   made not entrant: not used
4155 6786       3       Many::m2726 (14 bytes)
4155 6787       4       Many::m2726 (14 bytes)
4155 6786       3       Many::m2726 (14 bytes)   made not entrant: not used
4156 6788       3       Many::m2727 (14 bytes)
4156 6789       4       Many::m2727 (14 bytes)
4156 6788       3       Many::m2727 (14 bytes)   made not entrant: not used
4158 6790       3       Many::m2728 (14 bytes)
4158 6791       4       Many::m2728 (14 bytes)
4158 6790       3       Many::m2728 (14 bytes)   made not entrant: not used
4159 6792       3       Many::m2729 (14 bytes)
4159 6793       4       Many::m2729 (14 bytes)
4159 6792       3       Many::m2729 (14 bytes)   made not entrant: not used
4161 6794       3       Many::m2730 (14 bytes)
4161 6795       4       Many::m2730 (14 bytes)
4161 6794       3       Many::m2730 (14 bytes)   made not entrant: not used
4162 6796       3       Many::m2731 (14 bytes)
4162 6797       4       Many::m2731 (14 bytes)
4162 6796       3       Many::m2731 (14 bytes)   made not entrant: not used
4163 6798       3       Many::m2732 (14 bytes)
4164 6799       4       Many::m2732 (14 bytes)
4164 6798       3       Many::m2732 (14 bytes)   made not entrant: not used
4165 6800       3       Many::m2733 (14 bytes)
4165 6801       4       Many::m2733 (14 bytes)
4165 6800       3       Many::m2733 (14 bytes)   made not entrant: not used
4166 6802       3       Many::m2734 (14 bytes)
4166 6803       4       Many::m2734 (14 bytes)
4166 6802       3       Many::m2734 (14 bytes)   made not entrant: not used
4168 6804       3       Many::m2735 (14 bytes)
4168 6805       4       Many::m2735 (14 bytes)
4168 6804       3       Many::m2735 (14 bytes)   made not entrant: not used
4169 6806       3       Many::m2736 (14 bytes)
4169 6807       4       Many::m2736 (14 bytes)
4169 6806       3       Many::m2736 (14 bytes)   made not entrant: not used
4171 6808       3       Many::m2737 (14 bytes)
4171 6809       4       Many::m2737 (14 bytes)
4171 6808       3       Many::m2737 (14 bytes)   made not entrant: not used
4172 6810       3       Many::m2738 (14 bytes)
4172 6811       4       Many::m2738 (14 bytes)
4172 6810       3       Many::m2738 (14 bytes)   made not entrant: not used
4173 6812       3       Many::m2739 (14 bytes)
4174 6813       4       Many::m2739 (14 bytes)
4174 6812       3       Many::m2739 (14 bytes)   made not entrant: not used
4175 6814       3       Many::m2740 (14 bytes)
4175 6815       4       Many::m2740 (14 bytes)
4175 6814       3       Many::m2740 (14 bytes)   made not entrant: not used
4176 6816       3       Many::m2741 (14 bytes)
4176 6817       4       Many::m2741 (14 bytes)
4176 6816       3       Many::m2741 (14 bytes)   made not entrant: not used
4178 6818       3       Many::m2742 (14 bytes)
4178 6819       4       Many::m2742 (14 bytes)
4178 6818       3       Many::m2742 (14 bytes)   made not entrant: not used
4179 6820       3       Many::m2743 (14 bytes)
4179 6821       4       Many::m2743 (14 bytes)
4179 6820       3       Many::m2743 (14 bytes)   made not entrant: not used
4181 6822       3       Many::m2744 (14 bytes)
4181 6823       4       Many::m2744 (14 bytes)
4181 6822       3       Many::m2744 (14 bytes)   made not entrant: not used
4182 6824       3       Many::m2745 (14 bytes)
4182 6825       4       Many::m2745 (14 bytes)
4182 6824       3       Many::m2745 (14 bytes)   made not entrant: not used
4184 6826       3       Many::m2746 (14 bytes)
4184 6827       4       Many::m2746 (14 bytes)
4184 6826       3       Many::m2746 (14 bytes)   made not entrant: not used
4185 6828       3       Many::m2747 (14 bytes)
4185 6829       4       Many::m2747 (14 bytes)
4185 6828       3       Many::m2747 (14 bytes)   made not entrant: not used
4186 6830       3       Many::m2748 (14 bytes)
4187 6831       4       Many::m2748 (14 bytes)
4187 6830       3       Many::m2748 (14 bytes)   made not entrant: not used
4188 6832       3       Many::m2749 (14 bytes)
4188 6833       4       Many::m2749 (14 bytes)
4188 6832       3       Many::m2749 (14 bytes)   made not entrant: not used
4189 6834       3       Many::m2750 (14 bytes)
4189 6835       4       Many::m2750 (14 bytes)
4190 6834       3       Many::m2750 (14 bytes)   made not entrant: not used
4191 6836       3       Many::m2751 (14 bytes)
4191 6837       4       Many::m2751 (14 bytes)
4191 6836       3       Many::m2751 (14 bytes)   made not entrant: not used
4192 6838       3       Many::m2752 (14 bytes)
4192 6839       4       Many::m2752 (14 bytes)
4192 6838       3       Many::m2752 (14 bytes)   made not entrant: not used
4194 6840       3       Many::m2753 (14 bytes)
4194 6841       4       Many::m2753 (14 bytes)
4194 6840       3       Many::m2753 (14 bytes)   made not entrant: not used
4195 6842       3       Many::m2754 (14 bytes)
4195 6843       4       Many::m2754 (14 bytes)
4195 6842       3       Many::m2754 (14 bytes)   made not entrant: not used
4196 6844       3       Many::m2755 (14 bytes)
4197 6845       4       Many::m2755 (14 bytes)
4197 6844       3       Many::m2755 (14 bytes)   made not entrant: not used
4198 6846       3       Many::m2756 (14 bytes)
4198 6847       4       Many::m2756 (14 bytes)
4198 6846       3       Many::m2756 (14 bytes)   made not entrant: not used
4199 6848       3       Many::m2757 (14 bytes)
4199 6849       4       Many::m2757 (14 bytes)
4200 6848       3       Many::m2757 (14 bytes)   made not entrant: not used
4201 6850       3       Many::m2758 (14 bytes)
4201 6851       4       Many::m2758 (14 bytes)
4201 6850       3       Many::m2758 (14 bytes)   made not entrant: not used
4202 6852       3       Many::m2759 (14 bytes)
4202 6853       4       Many::m2759 (14 bytes)
4202 6852       3       Many::m2759 (14 bytes)   made not entrant: not used
4204 6854       1       java.util.concurrent.locks.AbstractOwnableSynchronizer::setExclusiveOwnerThread (6 bytes)
4204 6855       1       jdk.jfr.internal.periodic.Batch::getPeriod (5 bytes)
4204 6856       3       Many::m2760 (14 bytes)
4204 6857       4       Many::m2760 (14 bytes)
4204 6856       3       Many::m2760 (14 bytes)   made not entrant: not used
4205 6858       3       Many::m2761 (14 bytes)
4205 6859       4       Many::m2761 (14 bytes)
4206 6858       3       Many::m2761 (14 bytes)   made not entrant: not used
4207 6860       3       Many::m2762 (14 bytes)
4207 6861       4       Many::m2762 (14 bytes)
4207 6860       3       Many::m2762 (14 bytes)   made not entrant: not used
4208 6862       3       Many::m2763 (14 bytes)
4208 6863       4       Many::m2763 (14 bytes)
4208 6862       3       Many::m2763 (14 bytes)   made not entrant: not used
4210 6864       3       Many::m2764 (14 bytes)
4210 6865       4       Many::m2764 (14 bytes)
4210 6864       3       Many::m2764 (14 bytes)   made not entrant: not used
4211 6866       3       Many::m2765 (14 bytes)
4211 6867       4       Many::m2765 (14 bytes)
4211 6866       3       Many::m2765 (14 bytes)   made not entrant: not used
4212 6868       3       Many::m2766 (14 bytes)
4213 6869       4       Many::m2766 (14 bytes)
4213 6868       3       Many::m2766 (14 bytes)   made not entrant: not used
4214 6870       3       Many::m2767 (14 bytes)
4214 6871       4       Many::m2767 (14 bytes)
4214 6870       3       Many::m2767 (14 bytes)   made not entrant: not used
4215 6872       3       Many::m2768 (14 bytes)
4215 6873       4       Many::m2768 (14 bytes)
4215 6872       3       Many::m2768 (14 bytes)   made not entrant: not used
4217 6874       3       Many::m2769 (14 bytes)
4217 6875       4       Many::m2769 (14 bytes)
4217 6874       3       Many::m2769 (14 bytes)   made not entrant: not used
4218 6876       3       Many::m2770 (14 bytes)
4218 6877       4       Many::m2770 (14 bytes)
4218 6876       3       Many::m2770 (14 bytes)   made not entrant: not used
4220 6878       3       Many::m2771 (14 bytes)
4220 6879       4       Many::m2771 (14 bytes)
4220 6878       3       Many::m2771 (14 bytes)   made not entrant: not used
4221 6880       3       Many::m2772 (14 bytes)
4221 6881       4       Many::m2772 (14 bytes)
4221 6880       3       Many::m2772 (14 bytes)   made not entrant: not used
4223 6882       3       Many::m2773 (14 bytes)
4223 6883       4       Many::m2773 (14 bytes)
4223 6882       3       Many::m2773 (14 bytes)   made not entrant: not used
4224 6884       3       Many::m2774 (14 bytes)
4224 6885       4       Many::m2774 (14 bytes)
4224 6884       3       Many::m2774 (14 bytes)   made not entrant: not used
4225 6886       3       Many::m2775 (14 bytes)
4226 6887       4       Many::m2775 (14 bytes)
4226 6886       3       Many::m2775 (14 bytes)   made not entrant: not used
4227 6888       3       Many::m2776 (14 bytes)
4227 6889       4       Many::m2776 (14 bytes)
4227 6888       3       Many::m2776 (14 bytes)   made not entrant: not used
4228 6890       3       Many::m2777 (14 bytes)
4228 6891       4       Many::m2777 (14 bytes)
4228 6890       3       Many::m2777 (14 bytes)   made not entrant: not used
4230 6892       3       Many::m2778 (14 bytes)
4230 6893       4       Many::m2778 (14 bytes)
4230 6892       3       Many::m2778 (14 bytes)   made not entrant: not used
4231 6894       3       Many::m2779 (14 bytes)
4231 6895       4       Many::m2779 (14 bytes)
4231 6894       3       Many::m2779 (14 bytes)   made not entrant: not used
4233 6896       3       Many::m2780 (14 bytes)
4233 6897       4       Many::m2780 (14 bytes)
4233 6896       3       Many::m2780 (14 bytes)   made not entrant: not used
4234 6898       3       Many::m2781 (14 bytes)
4234 6899       4       Many::m2781 (14 bytes)
4234 6898       3       Many::m2781 (14 bytes)   made not entrant: not used
4235 6900       3       Many::m2782 (14 bytes)
4236 6901       4       Many::m2782 (14 bytes)
4236 6900       3       Many::m2782 (14 bytes)   made not entrant: not used
4237 6902       3       Many::m2783 (14 bytes)
4237 6903       4       Many::m2783 (14 bytes)
4237 6902       3       Many::m2783 (14 bytes)   made not entrant: not used
4238 6904       3       Many::m2784 (14 bytes)
4238 6905       4       Many::m2784 (14 bytes)
4238 6904       3       Many::m2784 (14 bytes)   made not entrant: not used
4240 6906       3       Many::m2785 (14 bytes)
4240 6907       4       Many::m2785 (14 bytes)
4240 6906       3       Many::m2785 (14 bytes)   made not entrant: not used
4241 6908       3       Many::m2786 (14 bytes)
4241 6909       4       Many::m2786 (14 bytes)
4241 6908       3       Many::m2786 (14 bytes)   made not entrant: not used
4243 6910       3       Many::m2787 (14 bytes)
4243 6911       4       Many::m2787 (14 bytes)
4243 6910       3       Many::m2787 (14 bytes)   made not entrant: not used
4244 6912       3       Many::m2788 (14 bytes)
4244 6913       4       Many::m2788 (14 bytes)
4244 6912       3       Many::m2788 (14 bytes)   made not entrant: not used
4245 6914       3       Many::m2789 (14 bytes)
4246 6915       4       Many::m2789 (14 bytes)
4246 6914       3       Many::m2789 (14 bytes)   made not entrant: not used
4247 6916       3       Many::m2790 (14 bytes)
4247 6917       4       Many::m2790 (14 bytes)
4247 6916       3       Many::m2790 (14 bytes)   made not entrant: not used
4248 6918       3       Many::m2791 (14 bytes)
4248 6919       4       Many::m2791 (14 bytes)
4248 6918       3       Many::m2791 (14 bytes)   made not entrant: not used
4250 6920       3       Many::m2792 (14 bytes)
4250 6921       4       Many::m2792 (14 bytes)
4250 6920       3       Many::m2792 (14 bytes)   made not entrant: not used
4251 6922       3       Many::m2793 (14 bytes)
4251 6923       4       Many::m2793 (14 bytes)
4251 6922       3       Many::m2793 (14 bytes)   made not entrant: not used
4253 6924       3       Many::m2794 (14 bytes)
4253 6925       4       Many::m2794 (14 bytes)
4253 6924       3       Many::m2794 (14 bytes)   made not entrant: not used
4254 6926       3       Many::m2795 (14 bytes)
4254 6927       4       Many::m2795 (14 bytes)
4254 6926       3       Many::m2795 (14 bytes)   made not entrant: not used
4256 6928       3       Many::m2796 (14 bytes)
4256 6929       4       Many::m2796 (14 bytes)
4256 6928       3       Many::m2796 (14 bytes)   made not entrant: not used
4257 6930       3       Many::m2797 (14 bytes)
4257 6931       4       Many::m2797 (14 bytes)
4257 6930       3       Many::m2797 (14 bytes)   made not entrant: not used
4258 6932       3       Many::m2798 (14 bytes)
4259 6933       4       Many::m2798 (14 bytes)
4259 6932       3       Many::m2798 (14 bytes)   made not entrant: not used
4260 6934       3       Many::m2799 (14 bytes)
4260 6935       4       Many::m2799 (14 bytes)
4260 6934       3       Many::m2799 (14 bytes)   made not entrant: not used
4261 6936       3       Many::m2800 (14 bytes)
4261 6937       4       Many::m2800 (14 bytes)
4261 6936       3       Many::m2800 (14 bytes)   made not entrant: not used
4263 6938       3       Many::m2801 (14 bytes)
4263 6939       4       Many::m2801 (14 bytes)
4263 6938       3       Many::m2801 (14 bytes)   made not entrant: not used
4264 6940       3       Many::m2802 (14 bytes)
4264 6941       4       Many::m2802 (14 bytes)
4264 6940       3       Many::m2802 (14 bytes)   made not entrant: not used
4266 6942       3       Many::m2803 (14 bytes)
4266 6943       4       Many::m2803 (14 bytes)
4266 6942       3       Many::m2803 (14 bytes)   made not entrant: not used
4267 6944       3       Many::m2804 (14 bytes)
4267 6945       4       Many::m2804 (14 bytes)
4267 6944       3       Many::m2804 (14 bytes)   made not entrant: not used
4268 6946       3       Many::m2805 (14 bytes)
4269 6947       4       Many::m2805 (14 bytes)
4269 6946       3       Many::m2805 (14 bytes)   made not entrant: not used
4270 6948       3       Many::m2806 (14 bytes)
4270 6949       4       Many::m2806 (14 bytes)
4270 6948       3       Many::m2806 (14 bytes)   made not entrant: not used
4271 6950       3       Many::m2807 (14 bytes)
4271 6951       4       Many::m2807 (14 bytes)
4272 6950       3       Many::m2807 (14 bytes)   made not entrant: not used
4273 6952       3       Many::m2808 (14 bytes)
4273 6953       4       Many::m2808 (14 bytes)
4273 6952       3       Many::m2808 (14 bytes)   made not entrant: not used
4274 6954       3       Many::m2809 (14 bytes)
4274 6955       4       Many::m2809 (14 bytes)
4274 6954       3       Many::m2809 (14 bytes)   made not entrant: not used
4276 6956       3       Many::m2810 (14 bytes)
4276 6957       4       Many::m2810 (14 bytes)
4276 6956       3       Many::m2810 (14 bytes)   made not entrant: not used
4277 6958       3       Many::m2811 (14 bytes)
4277 6959       4       Many::m2811 (14 bytes)
4277 6958       3       Many::m2811 (14 bytes)   made not entrant: not used
4279 6960       3       Many::m2812 (14 bytes)
4279 6961       4       Many::m2812 (14 bytes)
4279 6960       3       Many::m2812 (14 bytes)   made not entrant: not used
4280 6962       3       Many::m2813 (14 bytes)
4280 6963       4       Many::m2813 (14 bytes)
4280 6962       3       Many::m2813 (14 bytes)   made not entrant: not used
4281 6964       3       Many::m2814 (14 bytes)
4282 6965       4       Many::m2814 (14 bytes)
4282 6964       3       Many::m2814 (14 bytes)   made not entrant: not used
4283 6966       3       Many::m2815 (14 bytes)
4283 6967       4       Many::m2815 (14 bytes)
4283 6966       3       Many::m2815 (14 bytes)   made not entrant: not used
4284 6968       3       Many::m2816 (14 bytes)
4284 6969       4       Many::m2816 (14 bytes)
4285 6968       3       Many::m2816 (14 bytes)   made not entrant: not used
4286 6970       3       Many::m2817 (14 bytes)
4286 6971       4       Many::m2817 (14 bytes)
4286 6970       3       Many::m2817 (14 bytes)   made not entrant: not used
4287 6972       3       Many::m2818 (14 bytes)
4287 6973       4       Many::m2818 (14 bytes)
4287 6972       3       Many::m2818 (14 bytes)   made not entrant: not used
4289 6974       3       Many::m2819 (14 bytes)
4289 6975       4       Many::m2819 (14 bytes)
4289 6974       3       Many::m2819 (14 bytes)   made not entrant: not used
4290 6976       3       Many::m2820 (14 bytes)
4290 6977       4       Many::m2820 (14 bytes)
4290 6976       3       Many::m2820 (14 bytes)   made not entrant: not used
4292 6978       3       Many::m2821 (14 bytes)
4292 6979       4       Many::m2821 (14 bytes)
4292 6978       3       Many::m2821 (14 bytes)   made not entrant: not used
4293 6980       3       Many::m2822 (14 bytes)
4293 6981       4       Many::m2822 (14 bytes)
4293 6980       3       Many::m2822 (14 bytes)   made not entrant: not used
4294 6982       3       Many::m2823 (14 bytes)
4295 6983       4       Many::m2823 (14 bytes)
4295 6982       3       Many::m2823 (14 bytes)   made not entrant: not used
4296 6984       3       Many::m2824 (14 bytes)
4296 6985       4       Many::m2824 (14 bytes)
4296 6984       3       Many::m2824 (14 bytes)   made not entrant: not used
4297 6986       3       Many::m2825 (14 bytes)
4297 6987       4       Many::m2825 (14 bytes)
4298 6986       3       Many::m2825 (14 bytes)   made not entrant: not used
4299 6988       3       Many::m2826 (14 bytes)
4299 6989       4       Many::m2826 (14 bytes)
4299 6988       3       Many::m2826 (14 bytes)   made not entrant: not used
4300 6990       3       Many::m2827 (14 bytes)
4300 6991       4       Many::m2827 (14 bytes)
4300 6990       3       Many::m2827 (14 bytes)   made not entrant: not used
4302 6992       3       Many::m2828 (14 bytes)
4302 6993       4       Many::m2828 (14 bytes)
4302 6992       3       Many::m2828 (14 bytes)   made not entrant: not used
4303 6994       3       Many::m2829 (14 bytes)
4303 6995       4       Many::m2829 (14 bytes)
4303 6994       3       Many::m2829 (14 bytes)   made not entrant: not used
4305 6996       3       Many::m2830 (14 bytes)
4305 6997       4       Many::m2830 (14 bytes)
4305 6996       3       Many::m2830 (14 bytes)   made not entrant: not used
4306 6998       3       Many::m2831 (14 bytes)
4306 6999       4       Many::m2831 (14 bytes)
4306 6998       3       Many::m2831 (14 bytes)   made not entrant: not used
4308 7000       3       Many::m2832 (14 bytes)
4308 7001       4       Many::m2832 (14 bytes)
4308 7000       3       Many::m2832 (14 bytes)   made not entrant: not used
4309 7002       3       Many::m2833 (14 bytes)
4309 7003       4       Many::m2833 (14 bytes)
4309 7002       3       Many::m2833 (14 bytes)   made not entrant: not used
4310 7004       3       Many::m2834 (14 bytes)
4310 7005       4       Many::m2834 (14 bytes)
4311 7004       3       Many::m2834 (14 bytes)   made not entrant: not used
4312 7006       3       Many::m2835 (14 bytes)
4312 7007       4       Many::m2835 (14 bytes)
4312 7006       3       Many::m2835 (14 bytes)   made not entrant: not used
4313 7008       3       Many::m2836 (14 bytes)
4313 7009       4       Many::m2836 (14 bytes)
4313 7008       3       Many::m2836 (14 bytes)   made not entrant: not used
4315 7010       3       Many::m2837 (14 bytes)
4315 7011       4       Many::m2837 (14 bytes)
4315 7010       3       Many::m2837 (14 bytes)   made not entrant: not used
4316 7012       3       Many::m2838 (14 bytes)
4316 7013       4       Many::m2838 (14 bytes)
4316 7012       3       Many::m2838 (14 bytes)   made not entrant: not used
4318 7014       3       Many::m2839 (14 bytes)
4318 7015       4       Many::m2839 (14 bytes)
4318 7014       3       Many::m2839 (14 bytes)   made not entrant: not used
4319 7016       3       Many::m2840 (14 bytes)
4319 7017       4       Many::m2840 (14 bytes)
4319 7016       3       Many::m2840 (14 bytes)   made not entrant: not used
4320 7018       3       Many::m2841 (14 bytes)
4321 7019       4       Many::m2841 (14 bytes)
4321 7018       3       Many::m2841 (14 bytes)   made not entrant: not used
4322 7020       3       Many::m2842 (14 bytes)
4322 7021       4       Many::m2842 (14 bytes)
4322 7020       3       Many::m2842 (14 bytes)   made not entrant: not used
4323 7022       3       Many::m2843 (14 bytes)
4324 7023       4       Many::m2843 (14 bytes)
4324 7022       3       Many::m2843 (14 bytes)   made not entrant: not used
4325 7024       3       Many::m2844 (14 bytes)
4325 7025       4       Many::m2844 (14 bytes)
4325 7024       3       Many::m2844 (14 bytes)   made not entrant: not used
4326 7026       3       Many::m2845 (14 bytes)
4326 7027       4       Many::m2845 (14 bytes)
4327 7026       3       Many::m2845 (14 bytes)   made not entrant: not used
4328 7028       3       Many::m2846 (14 bytes)
4328 7029       4       Many::m2846 (14 bytes)
4328 7028       3       Many::m2846 (14 bytes)   made not entrant: not used
4329 7030       3       Many::m2847 (14 bytes)
4329 7031       4       Many::m2847 (14 bytes)
4329 7030       3       Many::m2847 (14 bytes)   made not entrant: not used
4331 7032       3       Many::m2848 (14 bytes)
4331 7033       4       Many::m2848 (14 bytes)
4331 7032       3       Many::m2848 (14 bytes)   made not entrant: not used
4332 7034       3       Many::m2849 (14 bytes)
4332 7035       4       Many::m2849 (14 bytes)
4332 7034       3       Many::m2849 (14 bytes)   made not entrant: not used
4334 7036       3       Many::m2850 (14 bytes)
4334 7037       4       Many::m2850 (14 bytes)
4334 7036       3       Many::m2850 (14 bytes)   made not entrant: not used
4335 7038       3       Many::m2851 (14 bytes)
4335 7039       4       Many::m2851 (14 bytes)
4335 7038       3       Many::m2851 (14 bytes)   made not entrant: not used
4336 7040       3       Many::m2852 (14 bytes)
4336 7041       4       Many::m2852 (14 bytes)
4337 7040       3       Many::m2852 (14 bytes)   made not entrant: not used
4338 7042       3       Many::m2853 (14 bytes)
4338 7043       4       Many::m2853 (14 bytes)
4338 7042       3       Many::m2853 (14 bytes)   made not entrant: not used
4339 7044       3       Many::m2854 (14 bytes)
4339 7045       4       Many::m2854 (14 bytes)
4340 7044       3       Many::m2854 (14 bytes)   made not entrant: not used
4341 7046       3       Many::m2855 (14 bytes)
4341 7047       4       Many::m2855 (14 bytes)
4341 7046       3       Many::m2855 (14 bytes)   made not entrant: not used
4342 7048       3       Many::m2856 (14 bytes)
4342 7049       4       Many::m2856 (14 bytes)
4342 7048       3       Many::m2856 (14 bytes)   made not entrant: not used
4344 7050       3       Many::m2857 (14 bytes)
4344 7051       4       Many::m2857 (14 bytes)
4344 7050       3       Many::m2857 (14 bytes)   made not entrant: not used
4345 7052       3       Many::m2858 (14 bytes)
4345 7053       4       Many::m2858 (14 bytes)
4345 7052       3       Many::m2858 (14 bytes)   made not entrant: not used
4347 7054       3       Many::m2859 (14 bytes)
4347 7055       4       Many::m2859 (14 bytes)
4347 7054       3       Many::m2859 (14 bytes)   made not entrant: not used
4348 7056       3       Many::m2860 (14 bytes)
4348 7057       4       Many::m2860 (14 bytes)
4348 7056       3       Many::m2860 (14 bytes)   made not entrant: not used
4349 7058       3       Many::m2861 (14 bytes)
4350 7059       4       Many::m2861 (14 bytes)
4350 7058       3       Many::m2861 (14 bytes)   made not entrant: not used
4351 7060       3       Many::m2862 (14 bytes)
4351 7061       4       Many::m2862 (14 bytes)
4351 7060       3       Many::m2862 (14 bytes)   made not entrant: not used
4352 7062       3       Many::m2863 (14 bytes)
4352 7063       4       Many::m2863 (14 bytes)
4352 7062       3       Many::m2863 (14 bytes)   made not entrant: not used
4354 7064       3       Many::m2864 (14 bytes)
4354 7065       4       Many::m2864 (14 bytes)
4354 7064       3       Many::m2864 (14 bytes)   made not entrant: not used
4355 7066       3       Many::m2865 (14 bytes)
4355 7067       4       Many::m2865 (14 bytes)
4355 7066       3       Many::m2865 (14 bytes)   made not entrant: not used
4357 7068       3       Many::m2866 (14 bytes)
4357 7069       4       Many::m2866 (14 bytes)
4357 7068       3       Many::m2866 (14 bytes)   made not entrant: not used
4358 7070       3       Many::m2867 (14 bytes)
4358 7071       4       Many::m2867 (14 bytes)
4358 7070       3       Many::m2867 (14 bytes)   made not entrant: not used
4360 7072       3       Many::m2868 (14 bytes)
4360 7073       4       Many::m2868 (14 bytes)
4360 7072       3       Many::m2868 (14 bytes)   made not entrant: not used
4361 7074       3       Many::m2869 (14 bytes)
4361 7075       4       Many::m2869 (14 bytes)
4361 7074       3       Many::m2869 (14 bytes)   made not entrant: not used
4362 7076       3       Many::m2870 (14 bytes)
4363 7077       4       Many::m2870 (14 bytes)
4363 7076       3       Many::m2870 (14 bytes)   made not entrant: not used
4364 7078       3       Many::m2871 (14 bytes)
4364 7079       4       Many::m2871 (14 bytes)
4364 7078       3       Many::m2871 (14 bytes)   made not entrant: not used
4365 7080       3       Many::m2872 (14 bytes)
4365 7081       4       Many::m2872 (14 bytes)
4365 7080       3       Many::m2872 (14 bytes)   made not entrant: not used
4367 7082       3       Many::m2873 (14 bytes)
4367 7083       4       Many::m2873 (14 bytes)
4367 7082       3       Many::m2873 (14 bytes)   made not entrant: not used
4368 7084       3       Many::m2874 (14 bytes)
4368 7085       4       Many::m2874 (14 bytes)
4368 7084       3       Many::m2874 (14 bytes)   made not entrant: not used
4370 7086       3       Many::m2875 (14 bytes)
4370 7087       4       Many::m2875 (14 bytes)
4370 7086       3       Many::m2875 (14 bytes)   made not entrant: not used
4371 7088       3       Many::m2876 (14 bytes)
4371 7089       4       Many::m2876 (14 bytes)
4371 7088       3       Many::m2876 (14 bytes)   made not entrant: not used
4373 7090       3       Many::m2877 (14 bytes)
4373 7091       4       Many::m2877 (14 bytes)
4373 7090       3       Many::m2877 (14 bytes)   made not entrant: not used
4374 7092       3       Many::m2878 (14 bytes)
4374 7093       4       Many::m2878 (14 bytes)
4374 7092       3       Many::m2878 (14 bytes)   made not entrant: not used
4375 7094       3       Many::m2879 (14 bytes)
4376 7095       4       Many::m2879 (14 bytes)
4376 7094       3       Many::m2879 (14 bytes)   made not entrant: not used
4377 7096       3       Many::m2880 (14 bytes)
4377 7097       4       Many::m2880 (14 bytes)
4377 7096       3       Many::m2880 (14 bytes)   made not entrant: not used
4378 7098       3       Many::m2881 (14 bytes)
4378 7099       4       Many::m2881 (14 bytes)
4379 7098       3       Many::m2881 (14 bytes)   made not entrant: not used
4380 7100       3       Many::m2882 (14 bytes)
4380 7101       4       Many::m2882 (14 bytes)
4380 7100       3       Many::m2882 (14 bytes)   made not entrant: not used
4381 7102       3       Many::m2883 (14 bytes)
4381 7103       4       Many::m2883 (14 bytes)
4381 7102       3       Many::m2883 (14 bytes)   made not entrant: not used
4383 7104       3       Many::m2884 (14 bytes)
4383 7105       4       Many::m2884 (14 bytes)
4383 7104       3       Many::m2884 (14 bytes)   made not entrant: not used
4384 7106       3       Many::m2885 (14 bytes)
4384 7107       4       Many::m2885 (14 bytes)
4384 7106       3       Many::m2885 (14 bytes)   made not entrant: not used
4386 7108       3       Many::m2886 (14 bytes)
4386 7109       4       Many::m2886 (14 bytes)
4386 7108       3       Many::m2886 (14 bytes)   made not entrant: not used
4387 7110       3       Many::m2887 (14 bytes)
4387 7111       4       Many::m2887 (14 bytes)
4387 7110       3       Many::m2887 (14 bytes)   made not entrant: not used
4389 7112       3       Many::m2888 (14 bytes)
4389 7113       4       Many::m2888 (14 bytes)
4389 7112       3       Many::m2888 (14 bytes)   made not entrant: not used
4390 7114       3       Many::m2889 (14 bytes)
4390 7115       4       Many::m2889 (14 bytes)
4390 7114       3       Many::m2889 (14 bytes)   made not entrant: not used
4391 7116       3       Many::m2890 (14 bytes)
4392 7117       4       Many::m2890 (14 bytes)
4392 7116       3       Many::m2890 (14 bytes)   made not entrant: not used
4393 7118       3       Many::m2891 (14 bytes)
4393 7119       4       Many::m2891 (14 bytes)
4393 7118       3       Many::m2891 (14 bytes)   made not entrant: not used
4394 7120       3       Many::m2892 (14 bytes)
4394 7121       4       Many::m2892 (14 bytes)
4394 7120       3       Many::m2892 (14 bytes)   made not entrant: not used
4396 7122       3       Many::m2893 (14 bytes)
4396 7123       4       Many::m2893 (14 bytes)
4396 7122       3       Many::m2893 (14 bytes)   made not entrant: not used
4397 7124       3       Many::m2894 (14 bytes)
4397 7125       4       Many::m2894 (14 bytes)
4397 7124       3       Many::m2894 (14 bytes)   made not entrant: not used
4399 7126       3       Many::m2895 (14 bytes)
4399 7127       4       Many::m2895 (14 bytes)
4399 7126       3       Many::m2895 (14 bytes)   made not entrant: not used
4400 7128       3       Many::m2896 (14 bytes)
4400 7129       4       Many::m2896 (14 bytes)
4400 7128       3       Many::m2896 (14 bytes)   made not entrant: not used
4401 7130       3       Many::m2897 (14 bytes)
4402 7131       4       Many::m2897 (14 bytes)
4402 7130       3       Many::m2897 (14 bytes)   made not entrant: not used
4403 7132       3       Many::m2898 (14 bytes)
4403 7133       4       Many::m2898 (14 bytes)
4403 7132       3       Many::m2898 (14 bytes)   made not entrant: not used
4404 7134       3       Many::m2899 (14 bytes)
4404 7135       4       Many::m2899 (14 bytes)
4404 7134       3       Many::m2899 (14 bytes)   made not entrant: not used
4406 7136       3       Many::m2900 (14 bytes)
4406 7137       4       Many::m2900 (14 bytes)
4406 7136       3       Many::m2900 (14 bytes)   made not entrant: not used
4407 7138       3       Many::m2901 (14 bytes)
4407 7139       4       Many::m2901 (14 bytes)
4408 7138       3       Many::m2901 (14 bytes)   made not entrant: not used
4409 7140       3       Many::m2902 (14 bytes)
4409 7141       4       Many::m2902 (14 bytes)
4409 7140       3       Many::m2902 (14 bytes)   made not entrant: not used
4410 7142       3       Many::m2903 (14 bytes)
4410 7143       4       Many::m2903 (14 bytes)
4410 7142       3       Many::m2903 (14 bytes)   made not entrant: not used
4412 7144       3       Many::m2904 (14 bytes)
4412 7145       4       Many::m2904 (14 bytes)
4412 7144       3       Many::m2904 (14 bytes)   made not entrant: not used
4413 7146       3       Many::m2905 (14 bytes)
4413 7147       4       Many::m2905 (14 bytes)
4413 7146       3       Many::m2905 (14 bytes)   made not entrant: not used
4414 7148       3       Many::m2906 (14 bytes)
4415 7149       4       Many::m2906 (14 bytes)
4415 7148       3       Many::m2906 (14 bytes)   made not entrant: not used
4416 7150       3       Many::m2907 (14 bytes)
4416 7151       4       Many::m2907 (14 bytes)
4416 7150       3       Many::m2907 (14 bytes)   made not entrant: not used
4417 7152       3       Many::m2908 (14 bytes)
4417 7153       4       Many::m2908 (14 bytes)
4417 7152       3       Many::m2908 (14 bytes)   made not entrant: not used
4419 7154       3       Many::m2909 (14 bytes)
4419 7155       4       Many::m2909 (14 bytes)
4419 7154       3       Many::m2909 (14 bytes)   made not entrant: not used
4420 7156       3       Many::m2910 (14 bytes)
4420 7157       4       Many::m2910 (14 bytes)
4420 7156       3       Many::m2910 (14 bytes)   made not entrant: not used
4422 7158       3       Many::m2911 (14 bytes)
4422 7159       4       Many::m2911 (14 bytes)
4422 7158       3       Many::m2911 (14 bytes)   made not entrant: not used
4423 7160       3       Many::m2912 (14 bytes)
4423 7161       4       Many::m2912 (14 bytes)
4423 7160       3       Many::m2912 (14 bytes)   made not entrant: not used
4425 7162       3       Many::m2913 (14 bytes)
4425 7163       4       Many::m2913 (14 bytes)
4425 7162       3       Many::m2913 (14 bytes)   made not entrant: not used
4426 7164       3       Many::m2914 (14 bytes)
4426 7165       4       Many::m2914 (14 bytes)
4426 7164       3       Many::m2914 (14 bytes)   made not entrant: not used
4427 7166       3       Many::m2915 (14 bytes)
4428 7167       4       Many::m2915 (14 bytes)
4428 7166       3       Many::m2915 (14 bytes)   made not entrant: not used
4429 7168       3       Many::m2916 (14 bytes)
4429 7169       4       Many::m2916 (14 bytes)
4429 7168       3       Many::m2916 (14 bytes)   made not entrant: not used
4430 7170       3       Many::m2917 (14 bytes)
4430 7171       4       Many::m2917 (14 bytes)
4430 7170       3       Many::m2917 (14 bytes)   made not entrant: not used
4432 7172       3       Many::m2918 (14 bytes)
4432 7173       4       Many::m2918 (14 bytes)
4432 7172       3       Many::m2918 (14 bytes)   made not entrant: not used
4433 7174       3       Many::m2919 (14 bytes)
4433 7175       4       Many::m2919 (14 bytes)
4433 7174       3       Many::m2919 (14 bytes)   made not entrant: not used
4435 7176       3       Many::m2920 (14 bytes)
4435 7177       4       Many::m2920 (14 bytes)
4435 7176       3       Many::m2920 (14 bytes)   made not entrant: not used
4436 7178       3       Many::m2921 (14 bytes)
4436 7179       4       Many::m2921 (14 bytes)
4436 7178       3       Many::m2921 (14 bytes)   made not entrant: not used
4438 7180       3       Many::m2922 (14 bytes)
4438 7181       4       Many::m2922 (14 bytes)
4438 7180       3       Many::m2922 (14 bytes)   made not entrant: not used
4439 7182       3       Many::m2923 (14 bytes)
4439 7183       4       Many::m2923 (14 bytes)
4439 7182       3       Many::m2923 (14 bytes)   made not entrant: not used
4440 7184       3       Many::m2924 (14 bytes)
4441 7185       4       Many::m2924 (14 bytes)
4441 7184       3       Many::m2924 (14 bytes)   made not entrant: not used
4442 7186       3       Many::m2925 (14 bytes)
4442 7187       4       Many::m2925 (14 bytes)
4442 7186       3       Many::m2925 (14 bytes)   made not entrant: not used
4443 7188       3       Many::m2926 (14 bytes)
4443 7189       4       Many::m2926 (14 bytes)
4444 7188       3       Many::m2926 (14 bytes)   made not entrant: not used
4445 7190       3       Many::m2927 (14 bytes)
4445 7191       4       Many::m2927 (14 bytes)
4445 7190       3       Many::m2927 (14 bytes)   made not entrant: not used
4446 7192       3       Many::m2928 (14 bytes)
4446 7193       4       Many::m2928 (14 bytes)
4446 7192       3       Many::m2928 (14 bytes)   made not entrant: not used
4448 7194       3       Many::m2929 (14 bytes)
4448 7195       4       Many::m2929 (14 bytes)
4448 7194       3       Many::m2929 (14 bytes)   made not entrant: not used
4449 7196       3       Many::m2930 (14 bytes)
4449 7197       4       Many::m2930 (14 bytes)
4449 7196       3       Many::m2930 (14 bytes)   made not entrant: not used
4451 7198       3       Many::m2931 (14 bytes)
4451 7199       4       Many::m2931 (14 bytes)
4451 7198       3       Many::m2931 (14 bytes)   made not entrant: not used
4452 7200       3       Many::m2932 (14 bytes)
4452 7201       4       Many::m2932 (14 bytes)
4452 7200       3       Many::m2932 (14 bytes)   made not entrant: not used
4453 7202       3       Many::m2933 (14 bytes)
4454 7203       4       Many::m2933 (14 bytes)
4454 7202       3       Many::m2933 (14 bytes)   made not entrant: not used
4455 7204       3       Many::m2934 (14 bytes)
4455 7205       4       Many::m2934 (14 bytes)
4455 7204       3       Many::m2934 (14 bytes)   made not entrant: not used
4456 7206       3       Many::m2935 (14 bytes)
4457 7207       4       Many::m2935 (14 bytes)
4457 7206       3       Many::m2935 (14 bytes)   made not entrant: not used
4458 7208       3       Many::m2936 (14 bytes)
4458 7209       4       Many::m2936 (14 bytes)
4458 7208       3       Many::m2936 (14 bytes)   made not entrant: not used
4459 7210       3       Many::m2937 (14 bytes)
4459 7211       4       Many::m2937 (14 bytes)
4459 7210       3       Many::m2937 (14 bytes)   made not entrant: not used
4461 7212       3       Many::m2938 (14 bytes)
4461 7213       4       Many::m2938 (14 bytes)
4461 7212       3       Many::m2938 (14 bytes)   made not entrant: not used
4462 7214       3       Many::m2939 (14 bytes)
4462 7215       4       Many::m2939 (14 bytes)
4462 7214       3       Many::m2939 (14 bytes)   made not entrant: not used
4464 7216       3       Many::m2940 (14 bytes)
4464 7217       4       Many::m2940 (14 bytes)
4464 7216       3       Many::m2940 (14 bytes)   made not entrant: not used
4465 7218       3       Many::m2941 (14 bytes)
4465 7219       4       Many::m2941 (14 bytes)
4465 7218       3       Many::m2941 (14 bytes)   made not entrant: not used
4467 7220       3       Many::m2942 (14 bytes)
4467 7221       4       Many::m2942 (14 bytes)
4467 7220       3       Many::m2942 (14 bytes)   made not entrant: not used
4468 7222       3       Many::m2943 (14 bytes)
4468 7223       4       Many::m2943 (14 bytes)
4468 7222       3       Many::m2943 (14 bytes)   made not entrant: not used
4469 7224       3       Many::m2944 (14 bytes)
4469 7225       4       Many::m2944 (14 bytes)
4470 7224       3       Many::m2944 (14 bytes)   made not entrant: not used
4471 7226       3       Many::m2945 (14 bytes)
4471 7227       4       Many::m2945 (14 bytes)
4471 7226       3       Many::m2945 (14 bytes)   made not entrant: not used
4472 7228       3       Many::m2946 (14 bytes)
4473 7229       4       Many::m2946 (14 bytes)
4473 7228       3       Many::m2946 (14 bytes)   made not entrant: not used
4474 7230       3       Many::m2947 (14 bytes)
4474 7231       4       Many::m2947 (14 bytes)
4474 7230       3       Many::m2947 (14 bytes)   made not entrant: not used
4475 7232       3       Many::m2948 (14 bytes)
4475 7233       4       Many::m2948 (14 bytes)
4475 7232       3       Many::m2948 (14 bytes)   made not entrant: not used
4477 7234       3       Many::m2949 (14 bytes)
4477 7235       4       Many::m2949 (14 bytes)
4477 7234       3       Many::m2949 (14 bytes)   made not entrant: not used
4478 7236       3       Many::m2950 (14 bytes)
4478 7237       4       Many::m2950 (14 bytes)
4478 7236       3       Many::m2950 (14 bytes)   made not entrant: not used
4480 7238       3       Many::m2951 (14 bytes)
4480 7239       4       Many::m2951 (14 bytes)
4480 7238       3       Many::m2951 (14 bytes)   made not entrant: not used
4481 7240       3       Many::m2952 (14 bytes)
4481 7241       4       Many::m2952 (14 bytes)
4481 7240       3       Many::m2952 (14 bytes)   made not entrant: not used
4482 7242       3       Many::m2953 (14 bytes)
4483 7243       4       Many::m2953 (14 bytes)
4483 7242       3       Many::m2953 (14 bytes)   made not entrant: not used
4484 7244       3       Many::m2954 (14 bytes)
4484 7245       4       Many::m2954 (14 bytes)
4484 7244       3       Many::m2954 (14 bytes)   made not entrant: not used
4485 7246       3       Many::m2955 (14 bytes)
4485 7247       4       Many::m2955 (14 bytes)
4486 7246       3       Many::m2955 (14 bytes)   made not entrant: not used
4487 7248       3       Many::m2956 (14 bytes)
4487 7249       4       Many::m2956 (14 bytes)
4487 7248       3       Many::m2956 (14 bytes)   made not entrant: not used
4488 7250       3       Many::m2957 (14 bytes)
4488 7251       4       Many::m2957 (14 bytes)
4489 7250       3       Many::m2957 (14 bytes)   made not entrant: not used
4490 7252       3       Many::m2958 (14 bytes)
4490 7253       4       Many::m2958 (14 bytes)
4490 7252       3       Many::m2958 (14 bytes)   made not entrant: not used
4491 7254       3       Many::m2959 (14 bytes)
4491 7255       4       Many::m2959 (14 bytes)
4491 7254       3       Many::m2959 (14 bytes)   made not entrant: not used
4493 7256       3       Many::m2960 (14 bytes)
4493 7257       4       Many::m2960 (14 bytes)
4493 7256       3       Many::m2960 (14 bytes)   made not entrant: not used
4494 7258       3       Many::m2961 (14 bytes)
4494 7259       4       Many::m2961 (14 bytes)
4494 7258       3       Many::m2961 (14 bytes)   made not entrant: not used
4495 7260       3       Many::m2962 (14 bytes)
4496 7261       4       Many::m2962 (14 bytes)
4496 7260       3       Many::m2962 (14 bytes)   made not entrant: not used
4497 7262       3       Many::m2963 (14 bytes)
4497 7263       4       Many::m2963 (14 bytes)
4497 7262       3       Many::m2963 (14 bytes)   made not entrant: not used
4498 7264       3       Many::m2964 (14 bytes)
4498 7265       4       Many::m2964 (14 bytes)
4498 7264       3       Many::m2964 (14 bytes)   made not entrant: not used
4500 7266       3       Many::m2965 (14 bytes)
4500 7267       4       Many::m2965 (14 bytes)
4500 7266       3       Many::m2965 (14 bytes)   made not entrant: not used
4501 7268       3       Many::m2966 (14 bytes)
4501 7269       4       Many::m2966 (14 bytes)
4501 7268       3       Many::m2966 (14 bytes)   made not entrant: not used
4503 7270       3       Many::m2967 (14 bytes)
4503 7271       4       Many::m2967 (14 bytes)
4503 7270       3       Many::m2967 (14 bytes)   made not entrant: not used
4504 7272       3       Many::m2968 (14 bytes)
4504 7273       4       Many::m2968 (14 bytes)
4504 7272       3       Many::m2968 (14 bytes)   made not entrant: not used
4505 7274       3       Many::m2969 (14 bytes)
4506 7275       4       Many::m2969 (14 bytes)
4506 7274       3       Many::m2969 (14 bytes)   made not entrant: not used
4507 7276       3       Many::m2970 (14 bytes)
4507 7277       4       Many::m2970 (14 bytes)
4507 7276       3       Many::m2970 (14 bytes)   made not entrant: not used
4508 7278       3       Many::m2971 (14 bytes)
4508 7279       4       Many::m2971 (14 bytes)
4508 7278       3       Many::m2971 (14 bytes)   made not entrant: not used
4510 7280       3       Many::m2972 (14 bytes)
4510 7281       4       Many::m2972 (14 bytes)
4510 7280       3       Many::m2972 (14 bytes)   made not entrant: not used
4511 7282       3       Many::m2973 (14 bytes)
4511 7283       4       Many::m2973 (14 bytes)
4511 7282       3       Many::m2973 (14 bytes)   made not entrant: not used
4513 7284       3       Many::m2974 (14 bytes)
4513 7285       4       Many::m2974 (14 bytes)
4513 7284       3       Many::m2974 (14 bytes)   made not entrant: not used
4514 7286       3       Many::m2975 (14 bytes)
4514 7287       4       Many::m2975 (14 bytes)
4514 7286       3       Many::m2975 (14 bytes)   made not entrant: not used
4515 7288       3       Many::m2976 (14 bytes)
4516 7289       4       Many::m2976 (14 bytes)
4516 7288       3       Many::m2976 (14 bytes)   made not entrant: not used
4517 7290       3       Many::m2977 (14 bytes)
4517 7291       4       Many::m2977 (14 bytes)
4517 7290       3       Many::m2977 (14 bytes)   made not entrant: not used
4518 7292       3       Many::m2978 (14 bytes)
4518 7293       4       Many::m2978 (14 bytes)
4519 7292       3       Many::m2978 (14 bytes)   made not entrant: not used
4520 7294       3       Many::m2979 (14 bytes)
4520 7295       4       Many::m2979 (14 bytes)
4520 7294       3       Many::m2979 (14 bytes)   made not entrant: not used
4521 7296       3       Many::m2980 (14 bytes)
4521 7297       4       Many::m2980 (14 bytes)
4521 7296       3       Many::m2980 (14 bytes)   made not entrant: not used
4523 7298       3       Many::m2981 (14 bytes)
4523 7299       4       Many::m2981 (14 bytes)
4523 7298       3       Many::m2981 (14 bytes)   made not entrant: not used
4524 7300       3       Many::m2982 (14 bytes)
4524 7301       4       Many::m2982 (14 bytes)
4524 7300       3       Many::m2982 (14 bytes)   made not entrant: not used
4526 7302       3       Many::m2983 (14 bytes)
4526 7303       4       Many::m2983 (14 bytes)
4526 7302       3       Many::m2983 (14 bytes)   made not entrant: not used
4527 7304       3       Many::m2984 (14 bytes)
4527 7305       4       Many::m2984 (14 bytes)
4527 7304       3       Many::m2984 (14 bytes)   made not entrant: not used
4528 7306       3       Many::m2985 (14 bytes)
4529 7307       4       Many::m2985 (14 bytes)
4529 7306       3       Many::m2985 (14 bytes)   made not entrant: not used
4530 7308       3       Many::m2986 (14 bytes)
4530 7309       4       Many::m2986 (14 bytes)
4530 7308       3       Many::m2986 (14 bytes)   made not entrant: not used
4531 7310       3       Many::m2987 (14 bytes)
4531 7311       4       Many::m2987 (14 bytes)
4532 7310       3       Many::m2987 (14 bytes)   made not entrant: not used
4533 7312       3       Many::m2988 (14 bytes)
4533 7313       4       Many::m2988 (14 bytes)
4533 7312       3       Many::m2988 (14 bytes)   made not entrant: not used
4534 7314       3       Many::m2989 (14 bytes)
4534 7315       4       Many::m2989 (14 bytes)
4534 7314       3       Many::m2989 (14 bytes)   made not entrant: not used
4536 7316       3       Many::m2990 (14 bytes)
4536 7317       4       Many::m2990 (14 bytes)
4536 7316       3       Many::m2990 (14 bytes)   made not entrant: not used
4537 7318       3       Many::m2991 (14 bytes)
4537 7319       4       Many::m2991 (14 bytes)
4537 7318       3       Many::m2991 (14 bytes)   made not entrant: not used
4539 7320       3       Many::m2992 (14 bytes)
4539 7321       4       Many::m2992 (14 bytes)
4539 7320       3       Many::m2992 (14 bytes)   made not entrant: not used
4540 7322       3       Many::m2993 (14 bytes)
4540 7323       4       Many::m2993 (14 bytes)
4540 7322       3       Many::m2993 (14 bytes)   made not entrant: not used
4541 7324       3       Many::m2994 (14 bytes)
4542 7325       4       Many::m2994 (14 bytes)
4542 7324       3       Many::m2994 (14 bytes)   made not entrant: not used
4543 7326       3       Many::m2995 (14 bytes)
4543 7327       4       Many::m2995 (14 bytes)
4543 7326       3       Many::m2995 (14 bytes)   made not entrant: not used
4544 7328       3       Many::m2996 (14 bytes)
4544 7329       4       Many::m2996 (14 bytes)
4545 7328       3       Many::m2996 (14 bytes)   made not entrant: not used
4546 7330       3       Many::m2997 (14 bytes)
4546 7331       4       Many::m2997 (14 bytes)
4546 7330       3       Many::m2997 (14 bytes)   made not entrant: not used
4547 7332       3       Many::m2998 (14 bytes)
4547 7333       4       Many::m2998 (14 bytes)
4547 7332       3       Many::m2998 (14 bytes)   made not entrant: not used
4549 7334       3       Many::m2999 (14 bytes)
4549 7335       4       Many::m2999 (14 bytes)
4549 7334       3       Many::m2999 (14 bytes)   made not entrant: not used
8135639056108672
4550 7336     n 0       java.lang.Thread::currentCarrierThread (native)   (static)
4551 7337       3       jdk.jfr.internal.Logger::shouldLog (17 bytes)
4559 7338       3       java.lang.reflect.Modifier::isAbstract (14 bytes)
4559 7340       3       jdk.jfr.internal.settings.BooleanSetting::parse (28 bytes)
4560 7342       3       jdk.internal.misc.Unsafe::getAndAddLong (27 bytes)
4560 7344   !   3       jdk.jfr.internal.Control::setValue (69 bytes)
4560 7339       3       jdk.jfr.internal.settings.BooleanSetting::setValue (27 bytes)
4560 7343       3       jdk.internal.misc.Unsafe::weakCompareAndSetLong (11 bytes)
4560 7341       3       jdk.jfr.internal.PlatformEventType::setEnabled (126 bytes)
4560 7345       3       java.util.concurrent.atomic.AtomicLong::incrementAndGet (14 bytes)
4560 7346       1       jdk.jfr.internal.Control::getDefaultValue (5 bytes)
4561 7347     n 0       java.lang.invoke.MethodHandle::linkToSpecial(LIJLLILL)V (native)   (static)
4561 7348       1       java.lang.invoke.LambdaForm$BasicType::basicTypeClass (5 bytes)
4561 7349     n 0       java.lang.invoke.MethodHandle::linkToStatic(LIL)I (native)   (static)
4562 7351     n 0       java.lang.invoke.MethodHandle::invokeBasic(LI)I (native)   
4562 7352     n 0       java.lang.invoke.MethodHandle::linkToSpecial(LLIL)I (native)   (static)
4562 7350   !   3       java.lang.invoke.MemberName$Factory::resolve (159 bytes)
4562 7353       3       java.lang.invoke.LambdaForm::argument (27 bytes)
4562 7355       3       jdk.internal.classfile.impl.TerminalCodeBuilder::setupTopLocal (93 bytes)
4562 7356       4       jdk.internal.classfile.impl.SplitConstantPool::findEntry (130 bytes)
4562 7354       3       jdk.internal.classfile.impl.BufWriterImpl::<init> (11 bytes)
4562 7357       3       jdk.internal.classfile.impl.StackMapGenerator::processMethod (258 bytes)
4563 7358     n 0       java.lang.invoke.MethodHandle::linkToStatic(LLLIL)L (native)   (static)
4563 7362       1       java.lang.invoke.LambdaForm$Name::type (5 bytes)
4563 7359       3       java.lang.invoke.MethodTypeForm::canonicalize (59 bytes)
4563 7363     n 0       java.lang.invoke.MethodHandle::invokeBasic(LLLI)L (native)   
4563 7360       3       jdk.internal.util.ReferencedKeyMap::existingKey (32 bytes)
4563 7366     n 0       java.lang.invoke.MethodHandle::linkToStatic(LIL)J (native)   (static)
4563 7365       3       jdk.internal.constant.MethodTypeDescImpl::buildDescriptorString (205 bytes)
4563 7369     n 0       java.lang.invoke.MethodHandle::invokeBasic(LI)J (native)   
4564 7370     n 0       java.lang.invoke.MethodHandle::linkToSpecial(LLIL)J (native)   (static)
4564 7373       4       jdk.internal.access.SharedSecrets::getJavaLangAccess (4 bytes)
4564 7374     n 0       java.lang.invoke.MethodHandle::invokeBasic(IJLLIL)L (native)   
4564 7375     n 0       java.lang.invoke.MethodHandle::linkToSpecial(LIJLLILL)L (native)   (static)
4564  822       3       jdk.internal.access.SharedSecrets::getJavaLangAccess (4 bytes)   made not entrant: not used
4564 7376       3       java.lang.StringLatin1::replace (197 bytes)
4565 7377     n 0       java.lang.invoke.MethodHandle::invokeBasic(L)J (native)   
4565 7378     n 0       java.lang.invoke.MethodHandle::linkToSpecial(LLL)J (native)   (static)
4565 7371       3       java.lang.invoke.InvokerBytecodeGenerator::classDesc (88 bytes)
4565 7364       3       jdk.internal.classfile.impl.DirectCodeBuilder::loadLocal (126 bytes)
4565 7361       3       jdk.internal.util.ReferencedKeyMap::internKey (57 bytes)
4565 7381     n 0       java.lang.invoke.MethodHandle::linkToStatic(LLLLLLLL)L (native)   (static)
4566 7367       3       java.lang.String::concat (15 bytes)
4566 7382     n 0       java.lang.invoke.MethodHandle::invokeBasic(LLLLLLL)L (native)   
4566 7372       1       jdk.internal.classfile.impl.AnnotationImpl::elements (5 bytes)
4566 7379       3       jdk.internal.classfile.impl.DirectCodeBuilder::writeDirectLoadConstant (77 bytes)
4566 7368       3       java.lang.StringConcatHelper::doConcat (62 bytes)
4566 7385     n 0       java.lang.invoke.MethodHandle::linkToStatic(LLLLLLLLL)L (native)   (static)
4566 7380       3       jdk.internal.classfile.impl.DirectCodeBuilder::ldc (23 bytes)
4567 7383       3       java.lang.invoke.LambdaForm::prepare (92 bytes)
4567 7389     n 0       java.lang.invoke.MethodHandle::invokeBasic(LLLLLLLL)L (native)   
4567 7390       3       java.lang.invoke.LambdaForm$BasicType::basicTypeSlots (8 bytes)
4567 7386       3       java.lang.invoke.MemberName::getInvocationType (56 bytes)
4567 7392       4       jdk.internal.classfile.impl.BufWriterImpl::cpIndex (33 bytes)
4567 7388       3       jdk.internal.classfile.impl.StackMapGenerator::of (80 bytes)
4567 7387       3       java.lang.classfile.constantpool.LoadableConstantEntry::typeKind (4 bytes)
4567 7395     n 0       java.lang.invoke.MethodHandle::linkToStatic(LLLLLLLLLL)L (native)   (static)
4567 7393       3       java.lang.String::endsWith (15 bytes)
4567 7396       3       jdk.internal.classfile.impl.AbstractPoolEntry$Utf8EntryImpl::clone (6 bytes)
4567 7397       3       jdk.internal.classfile.impl.AbstractPoolEntry$Utf8EntryImpl::clone (65 bytes)
4568 7401     n 0       java.lang.invoke.MethodHandle::invokeBasic(LLLLLLLLL)L (native)   
4568 7400       3       java.lang.invoke.LambdaForm::internArgument (85 bytes)
4568 7402       3       java.lang.invoke.LambdaForm$NamedFunction::methodType (28 bytes)
4568  371       3       jdk.internal.classfile.impl.BufWriterImpl::cpIndex (33 bytes)   made not entrant: not used
4568 7398       4       jdk.internal.constant.MethodTypeDescImpl::parameterCount (6 bytes)
4568 7394       1       java.lang.invoke.LambdaForm$BasicType::basicTypeWrapper (5 bytes)
4568  394       3       jdk.internal.constant.MethodTypeDescImpl::parameterCount (6 bytes)   made not entrant: not used
4568 7399       4       java.lang.invoke.MemberName::getReferenceKind (12 bytes)
4568 7391       3       jdk.internal.classfile.impl.DirectClassBuilder::withField (54 bytes)
4568  342       3       java.lang.invoke.MemberName::getReferenceKind (12 bytes)   made not entrant: not used
4568 7384       1       java.lang.constant.ClassDesc::isArray (2 bytes)
4568  490       3       jdk.internal.classfile.impl.SplitConstantPool::findEntry (130 bytes)   made not entrant: not used
4568 7403     n 0       java.lang.invoke.MethodHandle::linkToStatic(LIL)L (native)   (static)
4569 7404       3       java.lang.invoke.MemberName::isMethod (8 bytes)
4569 7405       4       jdk.internal.classfile.impl.SplitConstantPool::utf8Entry (6 bytes)
4569 7406     n 0       java.lang.invoke.MethodHandle::invokeBasic(LI)L (native)   
4569 7407     n 0       java.lang.invoke.MethodHandle::linkToSpecial(LLIL)L (native)   (static)
4569  461       3       jdk.internal.classfile.impl.SplitConstantPool::utf8Entry (6 bytes)   made not entrant: not used
4569 7408       3       java.lang.invoke.LambdaForm$NamedFunction::returnType (11 bytes)
4569 7411     n 0       java.lang.invoke.MethodHandle::linkToStatic(LILL)V (native)   (static)
4569 7409       3       sun.invoke.util.Wrapper::isSubwordOrInt (20 bytes)
4569 7413     n 0       java.lang.invoke.MethodHandle::invokeBasic(LIL)V (native)   
4569 7412       3       jdk.internal.classfile.impl.StackMapGenerator$Frame::<init> (13 bytes)
4569 7410       3       sun.invoke.util.Wrapper::isIntegral (23 bytes)
4569 7414     n 0       java.lang.invoke.MethodHandle::linkToSpecial(LLILL)V (native)   (static)
4570 7415       3       java.lang.invoke.MemberName::flagsMods (45 bytes)
4570 7416       3       java.lang.invoke.MemberName::init (53 bytes)
4570 7417       3       java.lang.invoke.LambdaForm$Name::replaceNames (175 bytes)
4570 7420       4       jdk.internal.classfile.impl.AbstractPoolEntry$Utf8EntryImpl::toString (88 bytes)
4570 7418       3       java.lang.invoke.LambdaForm::useCount (107 bytes)
4570 7419       3       sun.invoke.util.VerifyType::isNullType (18 bytes)
4570 7421       3       java.lang.invoke.MethodType::basicType (8 bytes)
4571  416       3       jdk.internal.classfile.impl.AbstractPoolEntry$Utf8EntryImpl::toString (88 bytes)   made not entrant: not used
