19    1       3       java.lang.Object::<init> (1 bytes)
19    2       3       java.lang.Byte::toUnsignedInt (6 bytes)
20    4     n 0       jdk.internal.misc.Unsafe::getReferenceVolatile (native)   
20    3       3       java.lang.String::hashCode (60 bytes)
21    6       3       java.util.ImmutableCollections$SetN::probe (56 bytes)
21    5       3       java.lang.Math::floorMod (20 bytes)
21    7       3       java.lang.String::equals (56 bytes)
21    8       3       java.util.Objects::requireNonNull (14 bytes)
21    9       3       java.lang.StringLatin1::equals (36 bytes)
21   12       4       java.lang.Object::<init> (1 bytes)
21   10       3       java.util.Objects::equals (23 bytes)
22   13       3       java.lang.module.ModuleDescriptor::modsHashCode (43 bytes)
22    1       3       java.lang.Object::<init> (1 bytes)   made not entrant: not used
22   11       3       java.util.Set::of (4 bytes)
22   15       3       java.util.AbstractCollection::<init> (5 bytes)
22   16       3       java.util.ImmutableCollections$AbstractImmutableCollection::<init> (5 bytes)
22   14       3       java.util.ImmutableCollections$AbstractImmutableSet::<init> (5 bytes)
22   18     n 0       java.lang.System::arraycopy (native)   (static)
22   17       3       java.lang.String::coder (15 bytes)
23   20       3       java.lang.String::length (11 bytes)
23   19       1       java.lang.module.ModuleDescriptor::name (5 bytes)
23   23       4       java.lang.Byte::toUnsignedInt (6 bytes)
23   21       3       java.lang.String::isLatin1 (19 bytes)
23   25     n 0       jdk.internal.misc.Unsafe::compareAndSetLong (native)   
23   24       3       java.util.ImmutableCollections$SetN$SetNIterator::hasNext (13 bytes)
23    2       3       java.lang.Byte::toUnsignedInt (6 bytes)   made not entrant: not used
23   26     n 0       jdk.internal.misc.Unsafe::compareAndSetReference (native)   
23   22       1       java.lang.module.ModuleReference::descriptor (5 bytes)
23   27       3       java.util.concurrent.ConcurrentHashMap::tabAt (21 bytes)
23   29       3       java.util.ImmutableCollections$SetN$SetNIterator::next (90 bytes)
24   28       3       jdk.internal.misc.Unsafe::getReferenceAcquire (7 bytes)
24   31   !   3       java.util.concurrent.ConcurrentHashMap::putVal (432 bytes)
25   36     n 0       java.lang.invoke.MethodHandle::linkToStatic(L)L (native)   (static)
25   32       3       jdk.internal.util.Preconditions::checkIndex (18 bytes)
25   33       3       java.lang.String::charAt (25 bytes)
26   34       3       java.lang.StringLatin1::charAt (15 bytes)
26   38     n 0       java.lang.Object::hashCode (native)   
26   35       3       java.lang.String::checkIndex (10 bytes)
26   39       1       java.lang.Class::isPrimitive (5 bytes)
26   37       1       java.lang.Enum::ordinal (5 bytes)
26   30       3       java.util.concurrent.ConcurrentHashMap::addCount (280 bytes)
26   40     n 0       java.lang.invoke.MethodHandle::linkToStatic(LLL)L (native)   (static)
26   41     n 0       java.lang.invoke.MethodHandle::linkToStatic(LLLL)L (native)   (static)
27   42     n 0       java.lang.invoke.MethodHandle::invokeBasic()L (native)   
27   43     n 0       java.lang.invoke.MethodHandle::linkToSpecial(LL)L (native)   (static)
28   44       3       java.lang.Enum::<init> (15 bytes)
28   45       3       jdk.internal.util.ArraysSupport::unsignedHashCode (36 bytes)
29   46     n 0       java.lang.invoke.MethodHandle::invokeBasic(L)L (native)   
29   47       1       jdk.internal.util.StrongReferenceKey::get (5 bytes)
29   48     n 0       java.lang.invoke.MethodHandle::linkToSpecial(LLL)L (native)   (static)
29   49     n 0       java.lang.Object::getClass (native)   
30   50       3       java.util.concurrent.ConcurrentHashMap::spread (10 bytes)
30   51     n 0       java.lang.invoke.MethodHandle::linkToStatic(LLLLLLL)L (native)   (static)
30   52     n 0       java.lang.Object::clone (native)   
30   53     n 0       java.lang.invoke.MethodHandle::linkToStatic(LL)I (native)   (static)
30   54       1       java.lang.Class::getClassLoader (5 bytes)
30   56     n 0       java.lang.invoke.MethodHandle::invokeBasic(LLLLLL)L (native)   
30   55       1       java.lang.invoke.MethodType::returnType (5 bytes)
31   57       1       jdk.internal.classfile.impl.AbstractPoolEntry::index (5 bytes)
31   58       3       java.util.concurrent.ConcurrentHashMap::putIfAbsent (8 bytes)
31   59     n 0       java.lang.invoke.MethodHandle::linkToSpecial(LL)V (native)   (static)
31   60       3       java.util.Objects::hashCode (13 bytes)
31   61   !   3       java.lang.ref.ReferenceQueue::poll (44 bytes)
31   63     n 0       java.lang.invoke.MethodHandle::linkToStatic(LLL)I (native)   (static)
31   62       3       jdk.internal.util.ReferencedKeyMap::removeStaleReferences (30 bytes)
32   64     n 0       java.lang.invoke.MethodHandle::linkToSpecial(LLL)V (native)   (static)
32   65       1       java.lang.invoke.MemberName::getDeclaringClass (5 bytes)
32   66       3       java.lang.String::getBytes (44 bytes)
32   68       3       java.lang.invoke.MethodType::hashCode (53 bytes)
32   69       3       java.lang.invoke.MemberName::isInvocable (8 bytes)
32   67       3       java.util.concurrent.ConcurrentHashMap::get (162 bytes)
33   70     n 0       java.lang.invoke.MethodHandle::linkToInterface(LLL)I (native)   (static)
33   71     n 0       java.lang.invoke.MethodHandle::linkToStatic(LL)L (native)   (static)
33   72       3       java.lang.Class::isArray (13 bytes)
33   73       3       java.util.ImmutableCollections$SetN::iterator (9 bytes)
34   74       3       java.util.ImmutableCollections$SetN$SetNIterator::<init> (41 bytes)
34   76       3       java.util.Objects::requireNonNull (15 bytes)
34   77     n 0       java.lang.invoke.MethodHandle::linkToSpecial(LL)I (native)   (static)
34   75       1       java.lang.invoke.MethodType::form (5 bytes)
34   78       3       jdk.internal.util.ReferencedKeyMap::get (10 bytes)
34   79       3       jdk.internal.util.ReferencedKeyMap::getNoCheckStale (22 bytes)
35   80       3       java.util.HashMap::hash (20 bytes)
35   81       1       java.util.stream.FindOps$FindSink::cancellationRequested (5 bytes)
35   82       3       java.util.HashMap::putVal (300 bytes)
35   87       3       java.util.HashMap::afterNodeInsertion (1 bytes)
36   82       3       java.util.HashMap::putVal (300 bytes)   made not entrant: marked for deoptimization
36   83       3       java.util.HashMap::newNode (13 bytes)
36   84       3       java.util.HashMap::put (13 bytes)
36   90       3       java.util.HashMap::putVal (300 bytes)
36   91       3       java.util.HashMap::getNode (150 bytes)
37   97       3       java.util.HashMap$HashIterator::nextNode (100 bytes)
37   85       3       java.util.HashMap$Node::<init> (26 bytes)
37   94       3       java.util.HashMap::get (19 bytes)
37   93       3       java.util.HashMap$HashIterator::hasNext (13 bytes)
37   89       1       java.lang.module.ModuleDescriptor$Requires::name (5 bytes)
37   88       1       java.lang.module.ModuleDescriptor$Requires::modifiers (5 bytes)
37   92       3       java.lang.module.ModuleDescriptor::hashCode (170 bytes)
38  106       4       java.util.HashMap::afterNodeInsertion (1 bytes)
38  103       1       java.lang.module.ModuleDescriptor$Exports::source (5 bytes)
38   87       3       java.util.HashMap::afterNodeInsertion (1 bytes)   made not entrant: not used
38  104       1       java.lang.module.ModuleDescriptor$Exports::targets (5 bytes)
38  102       1       java.util.ImmutableCollections$Set12::isEmpty (2 bytes)
38  100       3       jdk.internal.module.ModuleReferenceImpl::hashCode (56 bytes)
38  109       4       java.lang.String::hashCode (60 bytes)
38   96       1       java.lang.module.ModuleDescriptor::isAutomatic (5 bytes)
38  107       3       java.util.ImmutableCollections$SetN::isEmpty (13 bytes)
39  108       3       java.util.HashMap::putIfAbsent (13 bytes)
39  110       3       java.util.ImmutableCollections$Set12::contains (28 bytes)
39  111       3       java.lang.Object::equals (11 bytes)
39  101       3       java.lang.module.ResolvedModule::hashCode (16 bytes)
39    3       3       java.lang.String::hashCode (60 bytes)   made not entrant: not used
39  115       4       java.util.Objects::requireNonNull (14 bytes)
39  113       3       java.util.ImmutableCollections$SetN::contains (26 bytes)
39    8       3       java.util.Objects::requireNonNull (14 bytes)   made not entrant: not used
39  117       3       java.util.ImmutableCollections$Set12$1::hasNext (13 bytes)
39  119       4       java.util.ImmutableCollections$SetN$SetNIterator::hasNext (13 bytes)
39  114       3       java.util.HashSet::add (20 bytes)
40  120       3       java.util.HashMap::resize (356 bytes)
40   24       3       java.util.ImmutableCollections$SetN$SetNIterator::hasNext (13 bytes)   made not entrant: not used
40  121       4       java.util.ImmutableCollections$SetN$SetNIterator::next (90 bytes)
40  112       3       java.util.HashMap$KeyIterator::next (8 bytes)
40   95       1       java.lang.module.ModuleDescriptor::requires (5 bytes)
40  105       2       java.lang.module.ModuleDescriptor$Exports::isQualified (18 bytes)
40   98       1       java.util.HashMap$Node::getKey (5 bytes)
41  118       1       java.lang.module.ModuleDescriptor::exports (5 bytes)
41  124       3       java.util.HashMap::keySet (25 bytes)
41   29       3       java.util.ImmutableCollections$SetN$SetNIterator::next (90 bytes)   made not entrant: not used
41  125       3       java.util.HashMap$KeySet::iterator (12 bytes)
41  123       4       java.util.HashMap::putVal (300 bytes)
41  126       3       java.util.HashMap$KeyIterator::<init> (13 bytes)
41  127       3       java.util.HashSet::iterator (13 bytes)
41   99       1       java.util.HashMap$Node::getValue (5 bytes)
41  116       1       java.lang.module.ModuleDescriptor::provides (5 bytes)
41   86       1       jdk.internal.module.ModuleReferenceImpl::moduleResolution (5 bytes)
41  122       1       java.lang.module.ModuleDescriptor::uses (5 bytes)
41  134       3       java.util.concurrent.ConcurrentHashMap::casTabAt (20 bytes)
41  129       1       java.util.KeyValueHolder::getKey (5 bytes)
42  137       3       java.util.ImmutableCollections$Set12$1::next (95 bytes)
42  135       3       java.util.ImmutableCollections$Set12::iterator (9 bytes)
42  133       1       java.lang.module.ModuleDescriptor::packages (5 bytes)
42  139       3       java.util.Optional::<init> (10 bytes)
42  140       3       java.lang.Math::min (11 bytes)
42  136       3       java.util.ImmutableCollections$Set12$1::<init> (37 bytes)
42  141       3       java.util.Optional::ofNullable (19 bytes)
42  130       1       java.util.KeyValueHolder::getValue (5 bytes)
42  138       1       java.lang.module.ResolvedModule::reference (5 bytes)
42  144       3       java.util.AbstractMap::<init> (5 bytes)
43  142       1       java.lang.AbstractStringBuilder::length (5 bytes)
43  143       1       java.lang.module.ModuleDescriptor$Version::toString (5 bytes)
43  145     n 0       java.lang.Module::addExports0 (native)   (static)
43  146       3       java.util.HashMap::<init> (11 bytes)
43  147     n 0       java.lang.Module::addExportsToAll0 (native)   (static)
43  148       3       java.util.AbstractSet::<init> (5 bytes)
43  149       3       java.util.Set::of (68 bytes)
43  151     n 0       java.lang.Double::doubleToRawLongBits (native)   (static)
43  150       3       java.util.HashSet::<init> (16 bytes)
44  153     n 0       java.lang.Module::addReads0 (native)   (static)
44  152       1       java.lang.module.ResolvedModule::configuration (5 bytes)
44  154       3       java.lang.module.ResolvedModule::name (11 bytes)
44  155       3       java.util.HashMap::isEmpty (13 bytes)
44  156       1       java.lang.module.ModuleDescriptor$Provides::service (5 bytes)
44  157     n 0       jdk.internal.vm.Continuation::enterSpecial (native)   (static)
44  158     n 0       jdk.internal.vm.Continuation::doYield (native)   (static)
46  159       3       java.lang.AbstractStringBuilder::needsNewBuffer (33 bytes)
46  160       3       jdk.jfr.internal.dcmd.ArgumentParser::currentChar (12 bytes)
46  161       3       java.lang.StringLatin1::canEncode (17 bytes)
46   90       3       java.util.HashMap::putVal (300 bytes)   made not entrant: not used
46  131       4       java.util.HashMap::newNode (13 bytes)
47  162       1       jdk.internal.classfile.impl.AbstractPoolEntry::width (2 bytes)
47  163       1       jdk.internal.classfile.impl.SplitConstantPool::size (5 bytes)
47  165       3       java.lang.StringLatin1::indexOf (17 bytes)
47  164       1       java.lang.invoke.MethodType::ptypes (5 bytes)
47   83       3       java.util.HashMap::newNode (13 bytes)   made not entrant: not used
47  132       4       java.lang.String::equals (56 bytes)
47  166       3       java.lang.invoke.MethodTypeForm::canonicalize (74 bytes)
48  167       3       java.lang.String::checkBoundsBeginEnd (11 bytes)
48  169       3       jdk.internal.util.StrongReferenceKey::hashCode (8 bytes)
48    7       3       java.lang.String::equals (56 bytes)   made not entrant: not used
48  128       4       java.lang.module.ModuleDescriptor$Exports::isQualified (18 bytes)
48  170       3       jdk.internal.classfile.impl.SplitConstantPool::map (161 bytes)
48  105       2       java.lang.module.ModuleDescriptor$Exports::isQualified (18 bytes)   made not entrant: not used
49  171       3       jdk.internal.classfile.impl.BufWriterImpl::reserveSpace (22 bytes)
49  168       3       jdk.internal.util.Preconditions::checkFromToIndex (24 bytes)
49  172       1       jdk.internal.classfile.impl.RawBytecodeHelper::bci (5 bytes)
54  173       3       java.lang.invoke.MethodType::checkSlotCount (33 bytes)
54  174       3       java.lang.invoke.MethodType::parameterCount (6 bytes)
55  175       1       jdk.internal.classfile.impl.AbstractPoolEntry::constantPool (5 bytes)
58  176 %     3       java.lang.StringCoding::countPositives @ 7 (33 bytes)
58  177       3       java.lang.StringCoding::countPositives (33 bytes)
60  178       3       jdk.internal.util.ArraysSupport::vectorizedHashCode (158 bytes)
60  182       3       java.lang.String::<init> (15 bytes)
60  181       3       java.util.Arrays::copyOfRange (82 bytes)
61  179       3       jdk.internal.util.xml.impl.Parser::ensureCapacity (96 bytes)
61  184       3       jdk.internal.util.xml.impl.Parser::bappend (26 bytes)
61  183       3       java.lang.AbstractStringBuilder::isLatin1 (16 bytes)
61  180       3       java.lang.String::substring (58 bytes)
61  185       3       jdk.internal.util.xml.impl.Parser::bappend (200 bytes)
62  187       3       java.lang.CharacterDataLatin1::toLowerCase (44 bytes)
62  188       3       java.lang.CharacterDataLatin1::equalsIgnoreCase (63 bytes)
62  192       4       java.lang.String::coder (15 bytes)
62  193       3       java.lang.StringLatin1::getChar (9 bytes)
62  190       3       jdk.internal.util.ArraysSupport::hashCodeOfUnsigned (55 bytes)
62   17       3       java.lang.String::coder (15 bytes)   made not entrant: not used
62  189       1       java.lang.Class::getModule (5 bytes)
62  194       3       jdk.internal.util.Preconditions::checkFromIndexSize (25 bytes)
62  195       3       java.lang.StringUTF16::compress (47 bytes)
63  186       1       java.lang.AbstractStringBuilder::getValue (5 bytes)
63  191       1       java.lang.invoke.MethodHandle::type (5 bytes)
63  198       3       java.lang.String::checkBoundsOffCount (10 bytes)
63  200       3       jdk.internal.util.xml.impl.Parser::bkch (24 bytes)
63  202       3       jdk.internal.util.xml.impl.Parser::wsskip (66 bytes)
63  203       3       java.lang.StringLatin1::newString (24 bytes)
64  201       3       java.lang.reflect.Modifier::isProtected (12 bytes)
64  197       1       sun.util.locale.BaseLocale::getLanguage (5 bytes)
64  196       1       jdk.internal.util.xml.impl.Attrs::getLength (5 bytes)
64  199       1       jdk.jfr.internal.jfc.model.Constraint::type (5 bytes)
64  206     n 0       jdk.internal.reflect.Reflection::getClassAccessFlags (native)   (static)
64  205       3       java.lang.String::<init> (14 bytes)
64  208       3       jdk.internal.util.xml.impl.Parser::step (891 bytes)
65  211     n 0       jdk.internal.misc.Unsafe::allocateInstance (native)   
65  215     n 0       jdk.internal.reflect.Reflection::getCallerClass (native)   (static)
66  219       4       java.lang.String::length (11 bytes)
66  209       3       jdk.internal.util.xml.impl.Parser::getch (118 bytes)
66  213       3       java.lang.StringUTF16::compress (59 bytes)
66   20       3       java.lang.String::length (11 bytes)   made not entrant: not used
66  220       4       java.lang.StringLatin1::getChar (9 bytes)
66  214       3       java.lang.StringUTF16::coderFromArrayLen (9 bytes)
66  204       3       java.util.ArrayDeque::elementAt (4 bytes)
66  210       3       java.util.AbstractList::<init> (10 bytes)
66  193       3       java.lang.StringLatin1::getChar (9 bytes)   made not entrant: not used
67  212       3       java.lang.ref.SoftReference::get (29 bytes)
67  224       3       jdk.internal.util.xml.impl.Parser::bname (354 bytes)
67  223       3       java.lang.String::<init> (74 bytes)
68  221       3       java.lang.CharacterDataLatin1::isWhitespace (23 bytes)
68  222       3       java.lang.CharacterDataLatin1::getProperties (11 bytes)
68  225       3       java.lang.Class::reflectionData (43 bytes)
68  207       3       java.lang.String::startsWith (123 bytes)
68  216       1       java.lang.reflect.Constructor::getSharedParameterTypes (5 bytes)
68  230       3       jdk.internal.util.xml.impl.Parser::pair (38 bytes)
68  233       3       jdk.internal.util.xml.impl.Parser::del (40 bytes)
69  226       3       java.lang.StringBuilder::length (5 bytes)
69  228       3       java.util.ArrayDeque::peek (5 bytes)
69  229       3       java.util.ArrayDeque::peekFirst (12 bytes)
69  227       3       java.lang.String::toLowerCase (29 bytes)
69  234       3       jdk.internal.util.xml.impl.Parser::bcopy (41 bytes)
69  235       3       jdk.internal.util.xml.impl.Parser::bqstr (462 bytes)
69  238       4       java.util.HashMap::resize (356 bytes)
70  241       3       java.lang.AbstractStringBuilder::ensureCapacitySameCoder (26 bytes)
70  236       3       jdk.internal.util.xml.impl.Parser::qname (37 bytes)
70  237       3       jdk.internal.util.xml.impl.Pair::local (63 bytes)
70  239       3       jdk.internal.util.xml.impl.Parser::attr (500 bytes)
71  244       3       java.lang.StringLatin1::toLowerCase (155 bytes)
72  245       3       java.lang.StringLatin1::regionMatchesCI (45 bytes)
72  249       3       jdk.internal.util.ArraysSupport::mismatch (103 bytes)
72  246       3       java.lang.String::equalsIgnoreCase (45 bytes)
72  247       3       java.util.ArrayList::<init> (61 bytes)
72  252     n 0       java.lang.Class::isInstance (native)   
72  248       3       java.lang.CharacterDataLatin1::isUpperCase (16 bytes)
73  242       3       java.lang.Class::getPackageName (81 bytes)
73  243       3       java.lang.reflect.Modifier::isPublic (12 bytes)
73  240       3       java.lang.String::startsWith (7 bytes)
73  217       1       java.lang.invoke.MethodHandleImpl::isCompileConstant (2 bytes)
73  218       1       jdk.jfr.internal.jfc.model.XmlElement::getElementName (5 bytes)
73  254       3       java.lang.String::substring (10 bytes)
73  255       3       java.lang.reflect.Modifier::isPrivate (12 bytes)
74  256       3       java.lang.Class::getReflectionFactory (18 bytes)
74  257       3       jdk.jfr.internal.jfc.model.Utilities::elementName (58 bytes)
74  258       3       java.lang.Class::getSimpleName (26 bytes)
74  120       3       java.util.HashMap::resize (356 bytes)   made not entrant: not used
74  264       4       java.lang.StringUTF16::compress (47 bytes)
74  259       3       java.lang.String::toLowerCase (8 bytes)
75  260       3       java.util.Locale::getDefault (4 bytes)
75  261       3       jdk.jfr.internal.jfc.model.Parser$ConfigurationHandler::characters (12 bytes)
75  262       3       java.lang.Record::<init> (5 bytes)
75  266       3       java.lang.String::regionMatches (150 bytes)
75  267       3       java.lang.StringBuilder::append (10 bytes)
75  268       3       java.lang.AbstractStringBuilder::append (87 bytes)
76  269       3       java.lang.AbstractStringBuilder::appendChars (124 bytes)
76  271       3       jdk.internal.util.xml.impl.ParserSAX::bflash_ws (33 bytes)
76  270       3       java.lang.String::isEmpty (14 bytes)
76  272       3       java.lang.ref.Reference::<init> (25 bytes)
76  231       1       jdk.jfr.internal.jfc.model.XmlElement::setContent (6 bytes)
76  232       1       jdk.jfr.internal.jfc.model.XmlElement::getParent (5 bytes)
76  273       3       java.lang.AbstractStringBuilder::isLatin1 (8 bytes)
76  279       3       jdk.jfr.internal.jfc.model.Constraint::any (12 bytes)
77  274       3       java.util.ImmutableCollections$ListItr::hasNext (17 bytes)
77  276       3       java.util.ImmutableCollections$List12::get (35 bytes)
77  275       3       java.util.ImmutableCollections$AbstractImmutableList::<init> (5 bytes)
77  277       3       jdk.jfr.internal.jfc.model.XmlElement::setAttribute (23 bytes)
77  283       3       java.lang.StringLatin1::indexOfNonWhitespace (49 bytes)
77  290       3       jdk.internal.util.xml.impl.Pair::qname (20 bytes)
77  289       3       jdk.internal.util.xml.impl.Parser::atype (290 bytes)
78  280       3       jdk.jfr.internal.jfc.model.Constraint::<init> (20 bytes)
78  281   !   3       java.util.ImmutableCollections$ListItr::next (34 bytes)
78  195       3       java.lang.StringUTF16::compress (47 bytes)   made not entrant: not used
78  250       4       jdk.internal.util.xml.impl.Parser::ensureCapacity (96 bytes)
78  278       3       java.util.ArrayDeque::inc (12 bytes)
78  282       3       java.util.ArrayDeque::pollFirst (36 bytes)
78  284       3       java.util.ArrayList::add (25 bytes)
78  179       3       jdk.internal.util.xml.impl.Parser::ensureCapacity (96 bytes)   made not entrant: not used
78  263       4       jdk.internal.util.xml.impl.Parser::bappend (200 bytes)
78  285       3       java.util.ArrayList::add (23 bytes)
79  293       3       jdk.internal.util.xml.impl.Attrs::getQName (25 bytes)
79  294       3       jdk.internal.util.xml.impl.Attrs::getValue (27 bytes)
79  286       3       java.util.ImmutableCollections$AbstractImmutableList::iterator (13 bytes)
79  250       4       jdk.internal.util.xml.impl.Parser::ensureCapacity (96 bytes)   made not entrant: uncommon trap
79  287       3       java.util.ImmutableCollections$ListItr::<init> (25 bytes)
79  185       3       jdk.internal.util.xml.impl.Parser::bappend (200 bytes)   made not entrant: not used
79  292       4       java.lang.CharacterDataLatin1::toLowerCase (44 bytes)
79  288       3       java.util.ArrayDeque::push (6 bytes)
79  291       3       java.util.ArrayList::<init> (12 bytes)
79  295       3       java.lang.StringBuilder::toString (20 bytes)
79  297     n 0       java.lang.Class::isAssignableFrom (native)   
80  187       3       java.lang.CharacterDataLatin1::toLowerCase (44 bytes)   made not entrant: not used
80  265       4       jdk.internal.util.xml.impl.Parser::del (40 bytes)
80  296       3       java.lang.String::<init> (98 bytes)
80  302       3       java.util.ImmutableCollections$List12::size (16 bytes)
80  233       3       jdk.internal.util.xml.impl.Parser::del (40 bytes)   made not entrant: not used
80  301       3       java.util.HashMap::containsKey (14 bytes)
80  298       3       java.util.ArrayList$Itr::hasNext (20 bytes)
80  304       3       java.util.List::of (9 bytes)
81  299       3       java.util.ArrayList$Itr::next (66 bytes)
81  303       3       java.util.ArrayList$Itr::checkForComodification (23 bytes)
81  300       3       java.util.ImmutableCollections$List12::<init> (20 bytes)
81  310       4       java.lang.CharacterDataLatin1::equalsIgnoreCase (63 bytes)
81  312       3       jdk.jfr.internal.jfc.model.XmlElement::validateAttributes (78 bytes)
81  314     n 0       java.lang.invoke.MethodHandle::linkToStatic(LL)V (native)   (static)
81  188       3       java.lang.CharacterDataLatin1::equalsIgnoreCase (63 bytes)   made not entrant: not used
81  313       3       jdk.jfr.internal.jfc.model.XmlElement::validateChildren (37 bytes)
82  308       3       java.util.ArrayList::iterator (9 bytes)
82  309       3       java.util.ArrayList$Itr::<init> (31 bytes)
82  311       3       jdk.jfr.internal.jfc.model.XmlElement::validate (13 bytes)
82  305       1       jdk.jfr.internal.jfc.model.XmlElement::getChildren (5 bytes)
82  306       1       jdk.jfr.internal.jfc.model.Constraint::min (5 bytes)
82  307       1       jdk.jfr.internal.jfc.model.Constraint::max (5 bytes)
82  251       1       jdk.internal.constant.ClassOrInterfaceDescImpl::descriptorString (5 bytes)
82  253       1       java.lang.String::value (5 bytes)
82  315       1       jdk.internal.classfile.impl.BufWriterImpl::size (5 bytes)
82  316       3       java.lang.StringConcatHelper::newArray (28 bytes)
83  317       3       jdk.internal.misc.Unsafe::allocateUninitializedArray (55 bytes)
83  318       3       java.lang.Math::max (11 bytes)
83  319       3       java.util.ArrayList::grow (60 bytes)
83  320       3       java.util.Optional::isPresent (13 bytes)
83  322       3       jdk.jfr.internal.jfc.model.XmlElement::elements (64 bytes)
84  238       4       java.util.HashMap::resize (356 bytes)   made not entrant: uncommon trap
84  323       3       jdk.jfr.internal.jfc.model.XmlSetting::getControl (7 bytes)
84  325       4       java.util.ArrayList$Itr::hasNext (20 bytes)
84  292       4       java.lang.CharacterDataLatin1::toLowerCase (44 bytes)   made not entrant: uncommon trap
84  324       3       jdk.jfr.internal.jfc.model.XmlElement::addChild (12 bytes)
84  326       3       java.lang.CharacterDataLatin1::toLowerCase (44 bytes)
84  321       3       java.util.ArrayList::isEmpty (13 bytes)
84  298       3       java.util.ArrayList$Itr::hasNext (20 bytes)   made not entrant: not used
84  327       3       java.lang.StringBuilder::append (8 bytes)
84  329       4       jdk.internal.util.ArraysSupport::unsignedHashCode (36 bytes)
84  328       3       java.lang.AbstractStringBuilder::append (100 bytes)
85  331       3       jdk.jfr.internal.jfc.model.XmlElement::attribute (14 bytes)
85  330       3       jdk.internal.util.ArraysSupport::newLength (27 bytes)
85  332       1       jdk.jfr.internal.jfc.model.XmlElement::getContent (5 bytes)
85  337       3       java.lang.AbstractStringBuilder::ensureCapacityNewCoder (125 bytes)
85  338       3       java.lang.AbstractStringBuilder::<init> (39 bytes)
85  334       3       java.util.Arrays::copyOf (33 bytes)
85  340       3       jdk.jfr.internal.jfc.model.XmlEvent::getName (7 bytes)
86  335       3       java.lang.AbstractStringBuilder::newCapacity (49 bytes)
86  336       3       java.lang.StringBuilder::<init> (7 bytes)
86  342       3       java.util.LinkedHashMap::linkNodeAtEnd (76 bytes)
86  341       3       jdk.jfr.internal.jfc.model.XmlSetting::getName (7 bytes)
86  339       3       jdk.jfr.internal.jfc.model.XmlEvent::getSettings (7 bytes)
86   45       3       jdk.internal.util.ArraysSupport::unsignedHashCode (36 bytes)   made not entrant: not used
86  333       4       java.util.HashMap::resize (356 bytes)
88  344       3       java.lang.invoke.MethodType::<init> (15 bytes)
88  347     n 0       java.lang.invoke.MethodHandle::linkToStatic(LLIL)L (native)   (static)
88  345       3       java.lang.invoke.MethodType::makeImpl (109 bytes)
88  348     n 0       java.lang.invoke.MethodHandle::linkToStatic(LLILLL)L (native)   (static)
89  346       1       jdk.internal.util.WeakReferenceKey::hashCode (5 bytes)
89  349     n 0       java.lang.invoke.MethodHandle::linkToStatic(LLIL)I (native)   (static)
89  350       3       java.util.Objects::checkFromIndexSize (8 bytes)
89  351     n 0       jdk.internal.misc.Unsafe::getShort (native)   
89  352       3       java.io.BufferedInputStream::getBufIfOpen (6 bytes)
90  353       3       java.io.BufferedInputStream::getBufIfOpen (61 bytes)
90  354       3       java.io.DataInputStream::readFully (59 bytes)
90  355  s    3       java.io.BufferedInputStream::read (112 bytes)
90  356       3       java.io.BufferedInputStream::ensureOpen (18 bytes)
90  357       3       java.io.BufferedInputStream::read1 (121 bytes)
91  358       3       java.lang.invoke.VarHandle::checkAccessModeThenIsDirect (29 bytes)
91  359       3       java.lang.invoke.VarForm::getMemberName (38 bytes)
91  343       4       java.util.ArrayList$Itr::next (66 bytes)
91  360       3       java.lang.invoke.VarHandleGuards::guard_LI_I (78 bytes)
91  369     n 0       java.lang.invoke.MethodHandle::invokeBasic(LLI)I (native)   
92  299       3       java.util.ArrayList$Itr::next (66 bytes)   made not entrant: not used
92  361       3       java.lang.invoke.VarHandleByteArrayAsShorts$ArrayHandle::get (35 bytes)
92  362       3       java.lang.invoke.VarHandleByteArrayAsShorts$ArrayHandle::index (12 bytes)
92  367       3       java.io.DataInputStream::readShort (19 bytes)
93  368       3       jdk.internal.util.ByteArray::getShort (9 bytes)
93  363       3       jdk.internal.misc.Unsafe::getShortUnaligned (12 bytes)
93  364       3       jdk.internal.misc.Unsafe::getShortUnaligned (33 bytes)
93  370     n 0       java.lang.invoke.MethodHandle::linkToStatic(LLIL)J (native)   (static)
93  365       3       jdk.internal.misc.Unsafe::convEndian (16 bytes)
93  366       3       java.lang.Short::reverseBytes (14 bytes)
93  371       3       sun.util.calendar.ZoneInfoFile::indexOf (32 bytes)
95  372       3       java.util.zip.Checksum::update (11 bytes)
95  375       3       java.util.zip.CRC32::updateBytes (14 bytes)
95  376       3       java.util.zip.CRC32::updateBytesCheck (35 bytes)
95  373       3       java.util.zip.CRC32::update (38 bytes)
95  386       4       java.lang.StringCoding::countPositives (33 bytes)
95  377       3       java.io.DataInputStream::readUTF (5 bytes)
95  378       3       java.io.DataInputStream::readUTF (601 bytes)
96  389     n 0       jdk.internal.misc.Unsafe::putReferenceVolatile (native)   
97  390       3       jdk.internal.misc.Unsafe::putReferenceRelease (9 bytes)
97  391       3       java.util.concurrent.ConcurrentHashMap::setTabAt (19 bytes)
97  393       3       java.util.concurrent.ConcurrentHashMap$Node::<init> (20 bytes)
97  379       3       java.io.DataInputStream::readUnsignedShort (19 bytes)
97  380       3       jdk.internal.util.ByteArray::getUnsignedShort (12 bytes)
98  381       3       java.lang.Short::toUnsignedInt (5 bytes)
98  177       3       java.lang.StringCoding::countPositives (33 bytes)   made not entrant: not used
98  394       4       jdk.internal.misc.Unsafe::putReferenceRelease (9 bytes)
98  396       3       java.util.concurrent.ConcurrentHashMap$Traverser::advance (188 bytes)
98  390       3       jdk.internal.misc.Unsafe::putReferenceRelease (9 bytes)   made not entrant: not used
98  387       4       java.io.BufferedInputStream::getBufIfOpen (61 bytes)
98  382       3       java.lang.System$1::uncheckedCountPositives (7 bytes)
98  383       3       java.lang.System$1::uncheckedNewStringNoRepl (6 bytes)
98  384   !   3       java.lang.String::newStringNoRepl (33 bytes)
99  385   !   3       java.lang.String::newStringNoRepl1 (284 bytes)
99  400     n 0       jdk.internal.misc.Unsafe::compareAndSetInt (native)   
99  353       3       java.io.BufferedInputStream::getBufIfOpen (61 bytes)   made not entrant: not used
99  397       4       java.util.concurrent.ConcurrentHashMap::tabAt (21 bytes)
99  374       3       sun.util.calendar.ZoneInfoFile$Checksum::update (39 bytes)
99  388       3       java.io.DataInputStream::readFully (9 bytes)
100   27       3       java.util.concurrent.ConcurrentHashMap::tabAt (21 bytes)   made not entrant: not used
100  392       4       java.util.concurrent.ConcurrentHashMap::casTabAt (20 bytes)
100  398       1       java.lang.Module::getDescriptor (5 bytes)
100  399       3       java.util.ImmutableCollections$ListN::size (6 bytes)
100  395       3       java.util.concurrent.ConcurrentHashMap::put (8 bytes)
100  134       3       java.util.concurrent.ConcurrentHashMap::casTabAt (20 bytes)   made not entrant: not used
100  401     n 0       jdk.internal.misc.Unsafe::getByte (native)   
100  402       3       java.lang.ref.Reference::reachabilityFence (1 bytes)
100  403       3       java.util.concurrent.ConcurrentHashMap$BaseIterator::hasNext (13 bytes)
100  405       3       java.util.Optional::orElse (16 bytes)
100  404       3       java.nio.Buffer::session (20 bytes)
101  406   !   3       java.nio.DirectByteBuffer::get (34 bytes)
101  412       4       java.lang.String::charAt (25 bytes)
101  407       3       java.nio.Buffer::checkIndex (12 bytes)
101  408       3       java.nio.DirectByteBuffer::ix (10 bytes)
101  409   !   3       jdk.internal.misc.ScopedMemoryAccess::getByte (16 bytes)
101  410   !   3       jdk.internal.misc.ScopedMemoryAccess::getByteInternal (34 bytes)
101   33       3       java.lang.String::charAt (25 bytes)   made not entrant: not used
101  413       4       java.lang.ref.Reference::reachabilityFence (1 bytes)
102  414       3       java.io.DataInputStream::readByte (6 bytes)
102  415     n 0       jdk.internal.misc.Unsafe::getInt (native)   
102  402       3       java.lang.ref.Reference::reachabilityFence (1 bytes)   made not entrant: not used
102  411       1       java.nio.Buffer::limit (5 bytes)
102  416       3       java.lang.Math::floorMod (28 bytes)
102  417       1       java.time.ZoneOffset::getTotalSeconds (5 bytes)
102  418       1       java.time.temporal.ChronoField::range (5 bytes)
103  419       1       java.time.temporal.ValueRange::getMinimum (5 bytes)
103  421     n 0       java.lang.invoke.MethodHandle::linkToStatic(ILL)L (native)   (static)
103  420       1       java.time.temporal.ValueRange::getMaximum (5 bytes)
103  422   !   3       java.lang.invoke.MemberName::getMethodType (213 bytes)
103  429       3       java.lang.StringCoding::countNonZeroAsciiLatin1 (33 bytes)
103  427       3       jdk.internal.classfile.impl.AbstractPoolEntry::hashString (5 bytes)
103  430       3       jdk.internal.classfile.impl.SplitConstantPool::entryByIndex (59 bytes)
104  431     n 0       java.lang.invoke.MethodHandle::linkToSpecial(LIL)V (native)   (static)
104  432     n 0       java.lang.invoke.MethodHandle::invokeBasic(I)L (native)   
104  433     n 0       java.lang.invoke.MethodHandleNatives::resolve (native)   (static)
104  434     n 0       java.lang.invoke.MethodHandle::linkToSpecial(LIL)L (native)   (static)
104  423       3       jdk.internal.classfile.impl.AbstractPoolEntry::<init> (20 bytes)
104  425       3       jdk.internal.classfile.impl.SplitConstantPool::internalAdd (12 bytes)
104  426       3       jdk.internal.classfile.impl.SplitConstantPool::internalAdd (78 bytes)
104  424       3       java.lang.invoke.MemberName::getReferenceKind (12 bytes)
104  428       1       java.util.ArrayList::size (5 bytes)
105  436       3       java.lang.String::indexOf (41 bytes)
105  437     n 0       java.lang.invoke.MethodHandle::linkToStatic(IIL)I (native)   (static)
105  435       1       java.lang.invoke.MethodTypeForm::erasedType (5 bytes)
105  438     n 0       java.lang.Class::desiredAssertionStatus0 (native)   (static)
106  440       3       java.util.HashMap$EntryIterator::next (5 bytes)
106  439       1       java.util.HashMap::size (5 bytes)
106  442       4       java.lang.String::isLatin1 (19 bytes)
106  441       1       java.lang.Class::getComponentType (5 bytes)
106  444     n 0       java.lang.Class::isHidden (native)   
106  443       3       java.lang.invoke.MemberName::allFlagsSet (16 bytes)
106   21       3       java.lang.String::isLatin1 (19 bytes)   made not entrant: not used
108  445       3       java.lang.StringLatin1::replace (197 bytes)
110  333       4       java.util.HashMap::resize (356 bytes)   made not entrant: uncommon trap
110  446       1       java.lang.invoke.MethodHandles$Lookup::lookupClass (5 bytes)
110  447       3       java.lang.StringLatin1::indexOfChar (33 bytes)
111  449       3       jdk.internal.classfile.impl.EntryMap::firstToken (50 bytes)
111  450       3       jdk.internal.classfile.impl.AbstractPoolEntry::maybeClone (26 bytes)
111  451       3       jdk.internal.classfile.impl.SplitConstantPool::canWriteDirect (24 bytes)
111  448       1       jdk.internal.classfile.impl.AbstractDirectBuilder::constantPool (5 bytes)
112  452       3       jdk.internal.misc.Unsafe::allocateUninitializedArray0 (90 bytes)
112  453       3       jdk.internal.classfile.impl.BufWriterImpl::cpIndex (33 bytes)
112  455       4       java.lang.CharacterDataLatin1::getProperties (11 bytes)
112  123       4       java.util.HashMap::putVal (300 bytes)   made not entrant: uncommon trap
112  454       3       java.util.HashSet::contains (9 bytes)
112  456       3       java.util.HashMap::resize (356 bytes)
112  222       3       java.lang.CharacterDataLatin1::getProperties (11 bytes)   made not entrant: not used
113  460       3       java.lang.invoke.MethodType::parameterType (7 bytes)
113  458       3       jdk.internal.classfile.impl.RawBytecodeHelper::getU1Unchecked (13 bytes)
113  457       1       java.lang.module.ModuleDescriptor::isOpen (5 bytes)
113  459       1       jdk.internal.constant.ClassOrInterfaceDescImpl::isClassOrInterface (2 bytes)
114  461       3       jdk.internal.classfile.impl.EntryMap::put (186 bytes)
114  463       3       jdk.internal.classfile.impl.SplitConstantPool::tryFindUtf8 (103 bytes)
114  462       3       jdk.internal.classfile.impl.AbstractPoolEntry::hash1 (10 bytes)
114  464       3       jdk.internal.classfile.impl.AbstractPoolEntry::hash2 (15 bytes)
114  466       3       jdk.internal.classfile.impl.AbstractPoolEntry$Utf8EntryImpl::contentHash (19 bytes)
115  467       3       jdk.internal.classfile.impl.RawBytecodeHelper::next (81 bytes)
115  468       3       jdk.internal.classfile.impl.RawBytecodeHelper::endBci (8 bytes)
115  469       3       jdk.internal.classfile.impl.RawBytecodeHelper::opcode (9 bytes)
115  471       3       jdk.internal.classfile.impl.AbstractPoolEntry$Utf8EntryImpl::hashCode (8 bytes)
115  472       3       java.lang.invoke.MethodType::methodType (69 bytes)
115  473       4       java.lang.Math::min (11 bytes)
116  465       1       jdk.internal.classfile.impl.AbstractPoolEntry::hashCode (5 bytes)
116  470       1       jdk.internal.classfile.impl.AbstractPoolEntry$ClassEntryImpl::tag (3 bytes)
116  474       1       java.lang.invoke.MethodTypeForm::basicType (5 bytes)
116  140       3       java.lang.Math::min (11 bytes)   made not entrant: not used
116  475     n 0       java.lang.reflect.Array::newArray (native)   (static)
116  476   !   3       sun.invoke.util.VerifyAccess::ensureTypeVisible (99 bytes)
116  477       3       jdk.internal.constant.ClassOrInterfaceDescImpl::ofValidated (64 bytes)
116  479     n 0       java.lang.Class::initClassName (native)   
117  478       3       jdk.internal.constant.ClassOrInterfaceDescImpl::<init> (10 bytes)
117  480       3       jdk.internal.classfile.impl.BufWriterImpl::writeU1U2 (50 bytes)
117  481       3       jdk.internal.classfile.impl.SplitConstantPool::utf8Entry (45 bytes)
117  482       3       jdk.internal.classfile.impl.AbstractPoolEntry$Utf8EntryImpl::writeTo (44 bytes)
118  483       3       jdk.internal.classfile.impl.BufWriterImpl::writeUtfEntry (144 bytes)
119  487       3       jdk.internal.util.ReferencedKeyMap::lookupKey (9 bytes)
119  488       3       jdk.internal.util.StrongReferenceKey::<init> (10 bytes)
119  484       3       java.lang.System$1::countNonZeroAscii (5 bytes)
119  485       3       java.lang.StringCoding::countNonZeroAscii (30 bytes)
119  486       3       jdk.internal.util.ModifiedUtf::utfLen (58 bytes)
119  494     n 0       java.lang.invoke.MethodHandle::invokeBasic(LL)L (native)   
120  495     n 0       java.lang.invoke.MethodHandle::linkToSpecial(LLLL)L (native)   (static)
120  492       1       jdk.internal.classfile.impl.LabelImpl::labelContext (5 bytes)
120  493       1       jdk.internal.classfile.impl.LabelImpl::getBCI (5 bytes)
120  496     n 0       java.lang.invoke.MethodHandle::linkToStatic(LLLLL)L (native)   (static)
120  491       1       jdk.internal.classfile.impl.AbstractPoolEntry$Utf8EntryImpl::tag (2 bytes)
120  489       3       java.util.Arrays::copyOf (40 bytes)
120  498     n 0       java.lang.invoke.MethodHandle::invokeBasic(LLLL)L (native)   
120  497       3       java.lang.invoke.LambdaForm$Name::<init> (126 bytes)
120  499       3       jdk.internal.classfile.impl.AbstractElement::<init> (5 bytes)
120  490       1       jdk.internal.classfile.impl.AbstractDirectBuilder::setOriginal (6 bytes)
120  500       1       jdk.internal.classfile.impl.DirectMethodBuilder::methodFlags (5 bytes)
120  501       3       java.lang.invoke.MemberName::initResolved (53 bytes)
121  502       3       jdk.internal.constant.MethodTypeDescImpl::parameterType (7 bytes)
121  503       3       java.lang.Class::isInterface (8 bytes)
121  504       3       jdk.internal.classfile.impl.SplitConstantPool::maybeCloneUtf8Entry (65 bytes)
121  506       3       java.lang.String::getBytes (60 bytes)
121  507       3       jdk.internal.classfile.impl.AbstractPoolEntry$Utf8EntryImpl::<init> (49 bytes)
122  505       3       java.lang.StringLatin1::getBytes (12 bytes)
122  508       3       java.lang.Class::getName (18 bytes)
122  512       3       jdk.internal.classfile.impl.BufWriterImpl::writeU2 (38 bytes)
122  509       1       jdk.internal.classfile.impl.DirectMethodBuilder::methodType (5 bytes)
122  514     n 0       jdk.internal.misc.Unsafe::getChar (native)   
122  513       3       jdk.internal.constant.MethodTypeDescImpl::parameterCount (6 bytes)
122  510       1       java.lang.classfile.Opcode::bytecode (5 bytes)
122  511       1       jdk.internal.classfile.impl.UnboundAttribute::attributeMapper (5 bytes)
122  516       1       java.lang.reflect.Method::getName (5 bytes)
122  515       1       jdk.internal.classfile.impl.AbstractPoolEntry$NameAndTypeEntryImpl::tag (3 bytes)
122  517       3       java.lang.reflect.Modifier::isStatic (13 bytes)
123  518     n 0       java.lang.String::intern (native)   
123  519       3       jdk.internal.classfile.impl.SplitConstantPool::utf8Entry (6 bytes)
123  520       3       java.lang.String::toString (2 bytes)
123  521       3       jdk.internal.classfile.impl.SplitConstantPool::classEntry (68 bytes)
123  523       3       java.lang.invoke.DirectMethodHandle::allocateInstance (16 bytes)
123  524       3       java.lang.invoke.DirectMethodHandle::constructorMethod (10 bytes)
123  529       3       java.util.BitSet::wordIndex (5 bytes)
123  530       3       java.util.BitSet::checkInvariants (111 bytes)
124  525       3       jdk.internal.classfile.impl.BufWriterImpl::writeU1 (24 bytes)
124  527       1       jdk.internal.classfile.impl.StackMapDecoder$StackMapFrameImpl::stack (5 bytes)
124  522       3       jdk.internal.classfile.impl.SplitConstantPool::classEntryForClassOrInterface (111 bytes)
124  536     n 0       java.lang.System::identityHashCode (native)   (static)
124  528       1       jdk.internal.constant.MethodTypeDescImpl::returnType (5 bytes)
124  526       1       jdk.internal.classfile.impl.AbstractAttributeMapper::allowMultiple (5 bytes)
124  531       3       sun.reflect.generics.parser.SignatureParser::current (59 bytes)
125  535       1       java.lang.reflect.Method::getSharedParameterTypes (5 bytes)
125  540       3       java.util.BitSet::set (58 bytes)
125  537       1       jdk.internal.classfile.impl.LabelImpl::setBCI (6 bytes)
125  534       1       java.util.LinkedHashMap::removeEldestEntry (2 bytes)
125  532       3       java.lang.invoke.Invokers::maybeCustomize (5 bytes)
125  543       3       jdk.internal.reflect.ReflectionFactory::getExecutableSharedParameterTypes (11 bytes)
125  546       3       java.lang.reflect.Executable::<init> (5 bytes)
126  538       1       jdk.internal.classfile.impl.StackMapDecoder$StackMapFrameImpl::locals (5 bytes)
126  547       3       java.lang.reflect.AccessibleObject::<init> (5 bytes)
126  539       1       jdk.internal.classfile.impl.StackMapDecoder$StackMapFrameImpl::target (5 bytes)
126  549       3       jdk.internal.classfile.impl.Util::isDoubleSlot (20 bytes)
126  544       3       java.lang.reflect.ReflectAccess::getExecutableSharedParameterTypes (5 bytes)
126  551       3       jdk.internal.classfile.impl.StackCounter::addStackSlot (30 bytes)
126  542       3       java.lang.CharacterData::of (136 bytes)
126  553       4       jdk.internal.classfile.impl.RawBytecodeHelper::opcode (9 bytes)
126  552       3       jdk.internal.classfile.impl.DirectCodeBuilder::labelToBci (27 bytes)
126  554       3       jdk.internal.classfile.impl.AbstractPoolEntry$Utf8EntryImpl::toString (88 bytes)
126  469       3       jdk.internal.classfile.impl.RawBytecodeHelper::opcode (9 bytes)   made not entrant: not used
127  557       3       sun.reflect.generics.parser.SignatureParser::advance (53 bytes)
127  541       1       jdk.internal.classfile.impl.AbstractPseudoInstruction$ExceptionCatchImpl::catchTypeEntry (5 bytes)
127  550       1       java.lang.classfile.TypeKind::slotSize (5 bytes)
127  533       3       java.lang.invoke.MethodHandle::maybeCustomize (38 bytes)
127  555       1       jdk.internal.classfile.impl.AbstractPoolEntry$MethodRefEntryImpl::tag (3 bytes)
127  545       1       java.lang.reflect.Method::getModifiers (5 bytes)
127  548       1       java.lang.reflect.Method::getReturnType (5 bytes)
127  556       1       java.lang.invoke.MethodTypeForm::parameterSlotCount (5 bytes)
128  558       3       java.util.List::of (4 bytes)
128  559       3       jdk.internal.classfile.impl.ClassReaderImpl::checkType (23 bytes)
128  560       3       java.util.ImmutableCollections$ListN::get (7 bytes)
128  562       3       java.lang.invoke.MemberName::getModifiers (8 bytes)
129  563     n 0       java.lang.invoke.MethodHandle::linkToSpecial(LLLL)V (native)   (static)
129  561       3       sun.invoke.util.VerifyAccess::isSamePackage (37 bytes)
129  565       3       java.lang.invoke.MemberName::isResolved (13 bytes)
129  566       3       jdk.internal.classfile.impl.AbstractPoolEntry$AbstractRefsEntry::<init> (37 bytes)
129  570       3       jdk.internal.classfile.impl.AbstractPoolEntry$AbstractRefsEntry::writeTo (27 bytes)
129  567       3       jdk.internal.classfile.impl.AbstractPoolEntry$AbstractMemberRefEntry::nameAndType (5 bytes)
129  568       3       jdk.internal.classfile.impl.AbstractPoolEntry$AbstractMemberRefEntry::nameAndType (8 bytes)
129  564       3       java.lang.invoke.LambdaForm$Name::withIndex (35 bytes)
129  569       1       java.lang.constant.ClassDesc::isPrimitive (2 bytes)
130  571     n 0       java.lang.invoke.MethodHandle::linkToStatic(L)V (native)   (static)
130  572       3       java.lang.ref.Reference::<init> (7 bytes)
130  573       3       jdk.internal.classfile.impl.LabelImpl::<init> (15 bytes)
130  574       1       jdk.internal.classfile.impl.BufWriterImpl::thisClass (5 bytes)
130  575       1       jdk.internal.classfile.impl.DirectMethodBuilder::methodName (5 bytes)
130  576       3       jdk.internal.classfile.impl.AbstractPoolEntry$NameAndTypeEntryImpl::type (8 bytes)
130  577     n 0       java.lang.invoke.MethodHandle::linkToStatic(LLLL)V (native)   (static)
131  578       3       jdk.internal.classfile.impl.RawBytecodeHelper::getIndexU2 (11 bytes)
131  579       3       jdk.internal.classfile.impl.RawBytecodeHelper::getU2Unchecked (21 bytes)
131  583       3       jdk.internal.classfile.impl.StackMapGenerator::processBlock (2767 bytes)
131  585     n 0       java.lang.invoke.MethodHandle::linkToStatic(LLL)V (native)   (static)
133  590       4       java.lang.StringCoding::countNonZeroAsciiLatin1 (33 bytes)
135  595     n 0       java.lang.invoke.MethodHandle::linkToInterface(LL)L (native)   (static)
135  429       3       java.lang.StringCoding::countNonZeroAsciiLatin1 (33 bytes)   made not entrant: not used
137  596     n 0       java.lang.invoke.MethodHandle::linkToSpecial(LLLLL)V (native)   (static)
137  597       4       jdk.internal.classfile.impl.BufWriterImpl::reserveSpace (22 bytes)
137  598     n 0       java.lang.invoke.MethodHandle::invokeBasic(LLL)L (native)   
138  599     n 0       java.lang.invoke.MethodHandle::linkToSpecial(LLLLL)L (native)   (static)
138  171       3       jdk.internal.classfile.impl.BufWriterImpl::reserveSpace (22 bytes)   made not entrant: not used
141  603       3       jdk.internal.classfile.impl.EntryMap::getIndexByToken (9 bytes)
141  594       1       java.lang.classfile.Opcode::kind (5 bytes)
142  604       3       jdk.internal.classfile.impl.LineNumberImpl::<init> (10 bytes)
142  601       1       jdk.jfr.internal.util.Bytecode$FieldDesc::type (5 bytes)
142  602       1       jdk.internal.classfile.impl.AbstractInstruction::opcode (5 bytes)
142  593       1       java.lang.classfile.Opcode::sizeIfFixed (5 bytes)
142  600       1       jdk.internal.constant.PrimitiveClassDescImpl::descriptorString (5 bytes)
142  586       3       java.lang.StringConcatHelper::concat (24 bytes)
143  592       3       jdk.internal.classfile.impl.AbstractPoolEntry$Utf8EntryImpl::stringValue (5 bytes)
143  588       3       jdk.internal.classfile.impl.Util::methodTypeSymbol (8 bytes)
143  589       3       jdk.internal.classfile.impl.AbstractPoolEntry$Utf8EntryImpl::methodTypeSymbol (34 bytes)
143  580       3       jdk.internal.misc.Unsafe::getCharUnaligned (12 bytes)
143  608       4       jdk.internal.classfile.impl.SplitConstantPool::map (161 bytes)
143  581       3       jdk.internal.misc.Unsafe::getCharUnaligned (34 bytes)
143  582       3       jdk.internal.misc.Unsafe::convEndian (16 bytes)
143  607       3       jdk.internal.classfile.impl.SplitConstantPool::findEntry (130 bytes)
144  584       3       java.lang.StringBuilder::append (8 bytes)
144  591       1       java.lang.invoke.MethodHandles$Lookup::previousLookupClass (5 bytes)
144  605       1       jdk.internal.classfile.impl.BufWriterImpl::constantPool (5 bytes)
144  606       1       jdk.internal.classfile.impl.AbstractAttributeMapper::name (5 bytes)
144  587       1       java.lang.Class::getModifiers (5 bytes)
144  611       1       jdk.internal.classfile.impl.AbstractPoolEntry$FieldRefEntryImpl::tag (3 bytes)
144  612       1       jdk.internal.classfile.impl.RawBytecodeHelper$CodeRange::length (5 bytes)
144  309       3       java.util.ArrayList$Itr::<init> (31 bytes)   made not entrant: marked for deoptimization
144  610       1       java.lang.invoke.DirectMethodHandle::internalMemberName (5 bytes)
144  613       1       jdk.internal.classfile.impl.AbstractPseudoInstruction$ExceptionCatchImpl::tryStart (5 bytes)
145  615       3       java.util.Arrays::copyOf (10 bytes)
145  616       3       jdk.internal.classfile.impl.StackMapGenerator$Type::<init> (20 bytes)
145  614       1       jdk.internal.classfile.impl.AbstractPseudoInstruction$ExceptionCatchImpl::tryEnd (5 bytes)
145  617       3       java.util.Arrays::fill (21 bytes)
145  618   !   3       jdk.internal.classfile.impl.ClassReaderImpl::readU2 (37 bytes)
145  619       3       java.util.HashMap::putVal (300 bytes)
146  620       3       java.lang.StringLatin1::lastIndexOf (40 bytes)
146  625       3       jdk.internal.classfile.impl.SplitConstantPool::tryFindClassOrInterface (138 bytes)
147  628       3       jdk.internal.classfile.impl.DirectCodeBuilder::with (9 bytes)
147  170       3       jdk.internal.classfile.impl.SplitConstantPool::map (161 bytes)   made not entrant: not used
147  629       3       jdk.internal.classfile.impl.DirectCodeBuilder::with (33 bytes)
147  609       4       jdk.internal.classfile.impl.EntryMap::getIndexByToken (9 bytes)
147  624       3       jdk.internal.constant.ClassOrInterfaceDescImpl::equals (33 bytes)
148  633       3       jdk.internal.classfile.impl.AbstractInstruction$UnboundInstruction::<init> (6 bytes)
148  635       3       jdk.internal.classfile.impl.AbstractInstruction::<init> (10 bytes)
148  603       3       jdk.internal.classfile.impl.EntryMap::getIndexByToken (9 bytes)   made not entrant: not used
148  631       3       jdk.internal.classfile.impl.BufWriterImpl::writeIndex (11 bytes)
148  636       3       jdk.internal.classfile.impl.BlockCodeBuilderImpl::with (9 bytes)
148  637       3       jdk.internal.classfile.impl.BlockCodeBuilderImpl::with (83 bytes)
149  623       3       jdk.internal.classfile.impl.ClassReaderImpl::entryByIndex (809 bytes)
150  643       4       jdk.internal.classfile.impl.SplitConstantPool::entryByIndex (59 bytes)
151  638       3       jdk.internal.classfile.impl.BytecodeHelpers::isUnconditionalBranch (64 bytes)
151  430       3       jdk.internal.classfile.impl.SplitConstantPool::entryByIndex (59 bytes)   made not entrant: not used
152  622       1       jdk.jfr.internal.util.Bytecode$MethodDesc::descriptor (5 bytes)
152  626       1       jdk.jfr.internal.util.Bytecode$MethodDesc::name (5 bytes)
152  641       3       jdk.internal.classfile.impl.Util::checkKind (15 bytes)
152  630       1       jdk.internal.classfile.impl.AbstractInstruction$UnboundInvokeInstruction::method (5 bytes)
152  645       3       java.lang.Character::isWhitespace (5 bytes)
152  646       3       java.lang.Character::isWhitespace (9 bytes)
152  632       1       jdk.jfr.internal.util.Bytecode$FieldDesc::name (5 bytes)
152  627       3       jdk.internal.classfile.impl.DirectCodeBuilder::curPc (8 bytes)
152  634       1       jdk.jfr.internal.EventWriterMethod::method (5 bytes)
152  642       3       jdk.internal.classfile.impl.StackMapGenerator$Frame::checkStack (96 bytes)
153  647       3       jdk.internal.classfile.impl.Util::parameterSlots (39 bytes)
153  621       3       java.util.LinkedHashMap$LinkedHashIterator::hasNext (13 bytes)
153  644       1       jdk.internal.classfile.impl.AbstractPseudoInstruction$ExceptionCatchImpl::handler (5 bytes)
153  640       1       jdk.internal.classfile.impl.DirectCodeBuilder::curTopLocal (5 bytes)
153  639       1       jdk.internal.constant.PrimitiveClassDescImpl::isPrimitive (2 bytes)
153  648       1       jdk.internal.classfile.impl.DirectCodeBuilder::startLabel (5 bytes)
153  650       3       jdk.internal.classfile.impl.DirectClassBuilder::constantPool (5 bytes)
153  649       3       jdk.internal.classfile.impl.AbstractPoolEntry$ClassEntryImpl::<init> (22 bytes)
153  653       3       java.util.ArrayDeque::poll (5 bytes)
153  654       3       jdk.internal.classfile.impl.BufWriterImpl::writeIndex (10 bytes)
154  659       4       java.lang.String::getBytes (44 bytes)
154  658       3       java.util.Arrays::equals (57 bytes)
154  657       3       jdk.internal.classfile.impl.BufWriterImpl::writeU1U2U2 (75 bytes)
154  664       3       java.lang.StringConcatHelper::prepend (62 bytes)
155   66       3       java.lang.String::getBytes (44 bytes)   made not entrant: not used
155  660       4       jdk.internal.classfile.impl.EntryMap::firstToken (50 bytes)
155  655       3       jdk.internal.classfile.impl.AbstractPoolEntry$AbstractRefEntry::writeTo (18 bytes)
155  662       3       jdk.internal.classfile.impl.AbstractDirectBuilder::<init> (26 bytes)
155  652       3       jdk.internal.classfile.impl.AbstractPoolEntry$AbstractMemberRefEntry::<init> (12 bytes)
155  663       3       java.lang.Class::descriptorString (137 bytes)
155  449       3       jdk.internal.classfile.impl.EntryMap::firstToken (50 bytes)   made not entrant: not used
156  670       3       jdk.internal.classfile.impl.DirectCodeBuilder::constantPool (5 bytes)
157  671       3       jdk.internal.classfile.impl.SplitConstantPool::nameAndTypeEntry (7 bytes)
157  672       3       jdk.internal.classfile.impl.SplitConstantPool::nameAndTypeEntry (60 bytes)
157  673       3       jdk.internal.classfile.impl.StackMapGenerator$Frame::pushStack (27 bytes)
157  669       3       jdk.internal.classfile.impl.AbstractPoolEntry$AbstractRefEntry::<init> (24 bytes)
157  651       3       jdk.internal.classfile.impl.DirectCodeBuilder::aload (32 bytes)
157  665       1       jdk.internal.classfile.impl.UnboundAttribute$UnboundStackMapTableAttribute::entries (5 bytes)
157  666       1       java.util.ImmutableCollections$List12::isEmpty (2 bytes)
157  656       1       jdk.internal.classfile.impl.AbstractPoolEntry$StringEntryImpl::tag (3 bytes)
157  661       1       java.lang.reflect.Method::getSharedExceptionTypes (5 bytes)
158  674       3       jdk.internal.classfile.impl.SplitConstantPool::utf8Entry (25 bytes)
158  675       3       jdk.internal.constant.MethodTypeDescImpl::descriptorString (16 bytes)
158  678       3       java.lang.classfile.constantpool.ConstantPoolBuilder::methodRefEntry (22 bytes)
158  679       3       jdk.internal.classfile.impl.SplitConstantPool::methodRefEntry (72 bytes)
158  680       3       java.lang.classfile.constantpool.ConstantPoolBuilder::nameAndTypeEntry (21 bytes)
159  676       3       jdk.internal.classfile.impl.DirectCodeBuilder::writeBytecode (33 bytes)
159  677       3       jdk.internal.classfile.impl.NonterminalCodeBuilder::constantPool (10 bytes)
159  684       3       jdk.internal.classfile.impl.StackMapGenerator::addFrame (150 bytes)
159  685       4       jdk.internal.util.Preconditions::checkIndex (18 bytes)
159  683       3       jdk.internal.classfile.impl.BufWriterImpl::skip (22 bytes)
159   32       3       jdk.internal.util.Preconditions::checkIndex (18 bytes)   made not entrant: not used
159  686       3       jdk.internal.classfile.impl.StackMapGenerator$Frame::checkLocal (97 bytes)
160  687       1       jdk.internal.classfile.impl.RawBytecodeHelper$CodeRange::array (5 bytes)
160  688       3       java.lang.String::replace (42 bytes)
160  690       3       jdk.internal.classfile.impl.ClassReaderImpl::readEntry (16 bytes)
160  691       4       jdk.internal.classfile.impl.SplitConstantPool::canWriteDirect (24 bytes)
160  692       3       jdk.internal.classfile.impl.DirectCodeBuilder::setLabelTarget (47 bytes)
160  681       3       jdk.internal.classfile.impl.AbstractDirectBuilder::writeAttribute (20 bytes)
160  682       3       jdk.internal.classfile.impl.Util::isAttributeAllowed (45 bytes)
160  451       3       jdk.internal.classfile.impl.SplitConstantPool::canWriteDirect (24 bytes)   made not entrant: not used
161  689       1       jdk.internal.classfile.impl.BoundAttribute::attributeMapper (5 bytes)
161  693       3       java.util.Arrays::rangeCheck (74 bytes)
161  699       3       jdk.internal.classfile.impl.StackMapGenerator$Frame::trimAndCompress (61 bytes)
161  702     n 0       jdk.internal.reflect.ConstantPool::getUTF8At0 (native)   
161  700   !   3       jdk.internal.classfile.impl.ClassReaderImpl::readU1 (17 bytes)
161  703     n 0       java.lang.Class::forName0 (native)   (static)
161  695       3       jdk.internal.classfile.impl.StackMapGenerator$Type::isCategory2_2nd (20 bytes)
162  694       3       jdk.internal.classfile.impl.Util::writeAttribute (67 bytes)
162  705       4       java.util.HashMap::put (13 bytes)
162  701       1       jdk.internal.loader.AbstractClassLoaderValue$Sub::parent (5 bytes)
162  696       1       jdk.internal.classfile.impl.BufWriterImpl::getMajorVersion (5 bytes)
162  697       1       jdk.internal.classfile.impl.StackMapGenerator::maxStack (5 bytes)
162  698       1       jdk.internal.classfile.impl.StackMapGenerator::maxLocals (5 bytes)
162  709       3       jdk.internal.classfile.impl.AbstractPoolEntry$ClassEntryImpl::hashCode (37 bytes)
162  711       3       java.lang.reflect.Array::newInstance (6 bytes)
162  710       3       jdk.internal.classfile.impl.DirectMethodBuilder::methodTypeSymbol (8 bytes)
162  707       3       java.util.List::copyOf (5 bytes)
163  708       3       java.util.ImmutableCollections::listCopy (54 bytes)
163  712       3       java.util.LinkedHashMap$LinkedHashIterator::nextNode (68 bytes)
163  704       1       java.lang.reflect.Method::getDeclaringClass (5 bytes)
163  706       1       java.util.Collections$1::hasNext (5 bytes)
163  667       1       jdk.internal.classfile.impl.StackMapDecoder$ObjectVerificationTypeInfoImpl::tag (3 bytes)
163  668       1       jdk.internal.classfile.impl.StackMapDecoder$ObjectVerificationTypeInfoImpl::className (5 bytes)
163  713       3       java.lang.classfile.Attributes::code (4 bytes)
163  714       3       java.util.Collections$UnmodifiableCollection$1::hasNext (10 bytes)
163  717       3       java.lang.classfile.CodeBuilder::invoke (46 bytes)
164  718       3       jdk.internal.classfile.impl.DirectCodeBuilder::writeInvokeNormal (13 bytes)
164  716       3       jdk.jfr.internal.util.Bytecode::invokevirtual (17 bytes)
164  719       3       jdk.internal.classfile.impl.DirectCodeBuilder::newLabel (10 bytes)
164  720       3       java.lang.classfile.CodeBuilder::invokevirtual (14 bytes)
164  715       3       jdk.internal.classfile.impl.ClassFileImpl::passDebugElements (23 bytes)
164  721       1       jdk.internal.classfile.impl.BlockCodeBuilderImpl::startLabel (5 bytes)
164  723       3       java.util.Arrays::fill (28 bytes)
164  724       3       jdk.internal.classfile.impl.StackMapGenerator$Frame::writeTo (299 bytes)
165  727       3       java.util.ArrayList$Itr::<init> (31 bytes)
165  725       3       jdk.internal.classfile.impl.StackMapGenerator$Type::writeTo (82 bytes)
165  731       3       jdk.internal.classfile.impl.AbstractInstruction$UnboundInstruction::writeTo (9 bytes)
166  732       3       java.lang.classfile.CodeBuilder::invoke (15 bytes)
166  733       3       java.lang.classfile.instruction.InvokeInstruction::of (17 bytes)
166  730       3       jdk.internal.classfile.impl.AbstractPoolEntry$AbstractNamedEntry::<init> (10 bytes)
166  726       3       jdk.internal.classfile.impl.StackMapGenerator$Type::referenceType (12 bytes)
166  736       3       jdk.internal.classfile.impl.AbstractPoolEntry$Utf8EntryImpl::equalsString (215 bytes)
167  737       3       jdk.internal.classfile.impl.AttributeHolder::writeTo (34 bytes)
167  734       3       java.lang.classfile.instruction.StackInstruction::of (16 bytes)
168  738       3       jdk.internal.classfile.impl.StackMapGenerator$Frame::<init> (75 bytes)
168  739       3       jdk.internal.classfile.impl.StackMapGenerator$Frame::decStack (29 bytes)
168  741     n 0       jdk.internal.misc.Unsafe::putByte (native)   
168  735       3       jdk.internal.classfile.impl.AbstractInstruction$UnboundStackInstruction::<init> (6 bytes)
168  729       3       jdk.internal.classfile.impl.ClassReaderImpl::entryByIndex (8 bytes)
168  742       3       jdk.internal.classfile.impl.DirectCodeBuilder::setLabelTarget (10 bytes)
168  743       3       jdk.internal.constant.ConstantUtils::referenceClassDesc (20 bytes)
168   84       3       java.util.HashMap::put (13 bytes)   made not entrant: not used
168  722       4       jdk.internal.classfile.impl.RawBytecodeHelper::next (81 bytes)
169  745       3       jdk.internal.classfile.impl.AttributeHolder::withAttribute (124 bytes)
169  744       3       jdk.internal.classfile.impl.BufWriterImpl::writeU1U1 (39 bytes)
169  746       3       jdk.internal.classfile.impl.BufWriterImpl::writeU2U2U2 (89 bytes)
169  747       3       java.util.Collections$UnmodifiableCollection::iterator (9 bytes)
169  750       3       jdk.internal.classfile.impl.SplitConstantPool::utf8Entry (25 bytes)
169  467       3       jdk.internal.classfile.impl.RawBytecodeHelper::next (81 bytes)   made not entrant: not used
170  748       3       java.util.Collections$UnmodifiableCollection$1::<init> (31 bytes)
170  749       3       jdk.internal.classfile.impl.DirectCodeBuilder::labelBinding (11 bytes)
170  728       1       jdk.internal.classfile.impl.AccessFlagsImpl::flagsMask (5 bytes)
170  752       3       java.lang.classfile.constantpool.ConstantPoolBuilder::nameAndTypeEntry (21 bytes)
170  754       3       java.lang.invoke.Invokers$Holder::linkToTargetMethod (8 bytes)
170  757       3       jdk.internal.classfile.impl.AbstractInstruction$UnboundInvokeInstruction::writeTo (45 bytes)
171  756       3       java.lang.classfile.CodeBuilder::dup (16 bytes)
171  755       3       java.lang.invoke.LambdaForm$Holder::constant_L (8 bytes)
171  753       3       jdk.internal.classfile.impl.SplitConstantPool::fieldRefEntry (72 bytes)
171  751       3       jdk.internal.classfile.impl.AbstractPoolEntry$NameAndTypeEntryImpl::<init> (12 bytes)
172  758       3       jdk.internal.classfile.impl.RawBytecodeHelper::dest (16 bytes)
172  760       3       jdk.internal.classfile.impl.ClassReaderImpl::checkTag (217 bytes)
172  759       3       jdk.internal.classfile.impl.BufWriterImpl::setLabelContext (11 bytes)
172  740       1       java.lang.Class::getAnnotationType (5 bytes)
172  762       3       jdk.internal.classfile.impl.SplitConstantPool::utf8Entry (6 bytes)
172  763       3       jdk.internal.classfile.impl.DirectCodeBuilder::writeShortJump (92 bytes)
172  770       3       jdk.internal.classfile.impl.SplitConstantPool::entryByIndex (11 bytes)
172  771       4       jdk.internal.misc.Unsafe::getShortUnaligned (12 bytes)
173  764       3       jdk.internal.classfile.impl.DirectCodeBuilder::writeParsedShortLabel (54 bytes)
173  363       3       jdk.internal.misc.Unsafe::getShortUnaligned (12 bytes)   made not entrant: not used
173  765       3       jdk.jfr.internal.EventInstrumentation::isMethod (6 bytes)
173  774       4       jdk.internal.classfile.impl.AbstractElement::<init> (5 bytes)
173  773       3       jdk.internal.classfile.impl.StackMapGenerator$Frame::trimAndCompress (31 bytes)
173  499       3       jdk.internal.classfile.impl.AbstractElement::<init> (5 bytes)   made not entrant: not used
173  761       1       jdk.internal.classfile.impl.ClassReaderImpl::classfileLength (5 bytes)
173  775       3       jdk.internal.classfile.impl.MethodImpl::methodType (21 bytes)
173  772       3       jdk.internal.classfile.impl.RawBytecodeHelper::reset (20 bytes)
174  766       1       jdk.internal.classfile.impl.TransformImpl$ResolvedTransform::startHandler (5 bytes)
174  777       3       jdk.internal.classfile.impl.StackMapGenerator::processExceptionHandlerTargets (125 bytes)
174  767       1       jdk.internal.classfile.impl.TransformImpl$ResolvedTransform::consumer (5 bytes)
174  779       3       java.lang.invoke.Invokers::checkExactType (17 bytes)
174  780       3       java.lang.invoke.Invokers::checkCustomized (23 bytes)
174  768       1       jdk.internal.classfile.impl.ClassReaderImpl::customAttributes (5 bytes)
174  769       1       jdk.internal.classfile.impl.TransformImpl$ResolvedTransform::endHandler (5 bytes)
174  778       3       java.nio.HeapByteBuffer::getShort (29 bytes)
175  783       3       jdk.internal.classfile.impl.RawBytecodeHelper::getShortUnchecked (21 bytes)
175  784       3       jdk.internal.classfile.impl.UnboundAttribute::<init> (10 bytes)
175  785       4       java.lang.CharacterDataLatin1::isWhitespace (23 bytes)
175  786       3       java.lang.reflect.Constructor::newInstance (34 bytes)
175  787       3       java.lang.reflect.Constructor::newInstanceWithCaller (51 bytes)
175  623       3       jdk.internal.classfile.impl.ClassReaderImpl::entryByIndex (809 bytes)   made not entrant: C1 deoptimize for patching
175  221       3       java.lang.CharacterDataLatin1::isWhitespace (23 bytes)   made not entrant: not used
175  781       3       jdk.internal.classfile.impl.Util::powerOctal (21 bytes)
175  788   !   3       jdk.internal.reflect.DirectConstructorHandleAccessor::newInstance (130 bytes)
176  792       3       jdk.internal.classfile.impl.ClassReaderImpl::entryByIndex (809 bytes)
177  796       4       jdk.internal.classfile.impl.SplitConstantPool::tryFindUtf8 (103 bytes)
179  795       3       java.lang.classfile.TypeKind::from (25 bytes)
179  797       3       jdk.jfr.internal.util.Bytecode$MethodDesc::matches (42 bytes)
180  798       3       jdk.internal.classfile.impl.StackMapGenerator$Frame::<init> (13 bytes)
180  790       3       jdk.internal.classfile.impl.MethodImpl::methodTypeSymbol (8 bytes)
180  791       3       jdk.internal.constant.MethodTypeDescImpl::equals (65 bytes)
180  794       3       jdk.internal.classfile.impl.StackMapGenerator$Frame::pushStack (84 bytes)
181  793       3       jdk.internal.classfile.impl.BufWriterImpl::patchInt (41 bytes)
181  789       3       jdk.internal.reflect.DirectConstructorHandleAccessor::invokeImpl (103 bytes)
181  792       3       jdk.internal.classfile.impl.ClassReaderImpl::entryByIndex (809 bytes)   made not entrant: C1 deoptimize for patching
181  802       3       jdk.internal.classfile.impl.ClassReaderImpl::entryByIndex (809 bytes)
184  809       3       jdk.internal.classfile.impl.StackMapGenerator::removeRangeFromExcTable (326 bytes)
185  801   !   3       jdk.internal.classfile.impl.ClassReaderImpl::readInt (77 bytes)
185  782       3       jdk.internal.classfile.impl.AbstractPoolEntry$MethodRefEntryImpl::<init> (12 bytes)
185  803       3       java.lang.classfile.CodeBuilder::loadLocal (15 bytes)
185  804       3       java.lang.classfile.instruction.LoadInstruction::of (16 bytes)
185  805       3       jdk.internal.classfile.impl.BytecodeHelpers::loadOpcode (120 bytes)
185  807       3       jdk.internal.classfile.impl.StackMapGenerator$Frame::equals (28 bytes)
186  806       3       jdk.internal.classfile.impl.LabelImpl::writeTo (6 bytes)
186  808       3       jdk.internal.classfile.impl.StackMapGenerator::deadCodePatching (112 bytes)
186  810       3       java.util.ArrayList::listIterator (10 bytes)
186  800       3       java.util.Objects::checkIndex (7 bytes)
186  818     n 0       java.lang.Double::longBitsToDouble (native)   (static)
186  776       1       jdk.internal.classfile.impl.ClassReaderImpl::context (5 bytes)
186  811       1       sun.reflect.generics.tree.ClassTypeSignature::getPath (5 bytes)
186  820       3       java.util.Collections$UnmodifiableCollection$1::next (10 bytes)
186  819       3       jdk.internal.classfile.impl.MethodImpl::flags (24 bytes)
187  821       3       java.util.ArrayList::contains (14 bytes)
187  823       3       java.util.ArrayList::get (15 bytes)
187  822       3       java.lang.classfile.CodeBuilder::checkcast (19 bytes)
187  812       1       sun.reflect.generics.tree.SimpleClassTypeSignature::getName (5 bytes)
187  824       3       sun.reflect.generics.parser.SignatureParser::skipIdentifier (67 bytes)
187  825       3       java.util.LinkedHashMap$LinkedEntryIterator::next (5 bytes)
187  826       3       java.util.LinkedHashMap$LinkedEntryIterator::next (5 bytes)
187  827       3       java.lang.constant.DynamicConstantDesc::equals (81 bytes)
188  829       3       jdk.internal.classfile.impl.CodeImpl::attributes (35 bytes)
188  463       3       jdk.internal.classfile.impl.SplitConstantPool::tryFindUtf8 (103 bytes)   made not entrant: not used
188  830       3       jdk.internal.classfile.impl.AbstractPoolEntry$Utf8EntryImpl::inflate (73 bytes)
188  816       4       java.util.HashMap$Node::<init> (26 bytes)
188  831       3       jdk.internal.classfile.impl.DirectCodeBuilder::addLabel (53 bytes)
188  839       3       jdk.internal.classfile.impl.TransformImpl$$Lambda/0x00001ff00102c460::accept (16 bytes)
188   85       3       java.util.HashMap$Node::<init> (26 bytes)   made not entrant: not used
188  817       4       jdk.internal.classfile.impl.ClassReaderImpl::checkType (23 bytes)
188  840       3       jdk.internal.classfile.impl.TransformImpl::lambda$resolve$0 (9 bytes)
189  843       3       jdk.internal.classfile.impl.BufWriterImpl::grow (33 bytes)
189  833       3       jdk.internal.classfile.impl.BufWriterImpl::writeBytes (30 bytes)
189  832       3       jdk.internal.classfile.impl.BufWriterImpl::<init> (39 bytes)
189  813       1       sun.reflect.generics.tree.SimpleClassTypeSignature::getDollar (5 bytes)
189  814       1       sun.reflect.generics.visitor.Reifier::getFactory (5 bytes)
189  815       1       sun.reflect.generics.tree.SimpleClassTypeSignature::getTypeArguments (5 bytes)
189  828       1       jdk.internal.classfile.impl.BoundAttribute$BoundCodeAttribute::codeLength (5 bytes)
189  834       1       jdk.internal.classfile.impl.BoundAttribute::constantPool (5 bytes)
189  559       3       jdk.internal.classfile.impl.ClassReaderImpl::checkType (23 bytes)   made not entrant: not used
189  799       4       jdk.internal.classfile.impl.DirectCodeBuilder::labelToBci (27 bytes)
189  835       1       sun.reflect.annotation.AnnotationType::memberTypes (5 bytes)
189  836       1       sun.reflect.annotation.AnnotationType::memberDefaults (5 bytes)
190  838       1       jdk.jfr.internal.ClassInspector::isJDK (5 bytes)
190  844       3       java.util.Optional::empty (6 bytes)
190  845       3       java.lang.invoke.Invokers$Holder::linkToTargetMethod (10 bytes)
190  552       3       jdk.internal.classfile.impl.DirectCodeBuilder::labelToBci (27 bytes)   made not entrant: not used
190  841   !   4       jdk.internal.classfile.impl.ClassReaderImpl::readU2 (37 bytes)
190  846       3       java.lang.invoke.DirectMethodHandle$Holder::newInvokeSpecial (24 bytes)
190  847       3       jdk.internal.classfile.impl.StackMapGenerator$Frame::checkAssignableTo (213 bytes)
190  618   !   3       jdk.internal.classfile.impl.ClassReaderImpl::readU2 (37 bytes)   made not entrant: not used
190  850       4       jdk.internal.classfile.impl.EntryMap::put (186 bytes)
191  848       3       jdk.internal.classfile.impl.Util::fieldTypeSymbol (8 bytes)
191  856       3       jdk.internal.classfile.impl.BufWriterImpl::patchU2 (21 bytes)
191  849       3       jdk.internal.classfile.impl.AbstractPoolEntry$Utf8EntryImpl::fieldTypeSymbol (34 bytes)
191  851       3       java.lang.classfile.CodeBuilder::branch (15 bytes)
191  760       3       jdk.internal.classfile.impl.ClassReaderImpl::checkTag (217 bytes)   made not entrant: C1 deoptimize for patching
191  802       3       jdk.internal.classfile.impl.ClassReaderImpl::entryByIndex (809 bytes)   made not entrant: C1 deoptimize for patching
191  852       3       java.lang.classfile.instruction.BranchInstruction::of (17 bytes)
192  858       3       java.lang.invoke.DirectMethodHandle$Holder::newInvokeSpecial (21 bytes)
192  853       3       jdk.internal.classfile.impl.AbstractInstruction$UnboundBranchInstruction::<init> (17 bytes)
192  859       3       java.lang.invoke.Invokers$Holder::linkToTargetMethod (9 bytes)
192  860       3       java.util.Collections::unmodifiableList (51 bytes)
192  862       3       java.lang.classfile.constantpool.ConstantPoolBuilder::fieldRefEntry (22 bytes)
192  861       3       java.util.Collections$UnmodifiableRandomAccessList::<init> (6 bytes)
192  461       3       jdk.internal.classfile.impl.EntryMap::put (186 bytes)   made not entrant: not used
192  857       4       jdk.internal.classfile.impl.ClassReaderImpl::entryByIndex (809 bytes)
193  863       3       jdk.internal.classfile.impl.ClassReaderImpl::checkTag (217 bytes)
193  854       3       jdk.internal.classfile.impl.AbstractInstruction$UnboundBranchInstruction::writeTo (13 bytes)
193  855       3       jdk.internal.classfile.impl.DirectCodeBuilder::writeBranch (30 bytes)
193  864       3       java.lang.classfile.TypeKind::fromDescriptor (232 bytes)
194  875       3       jdk.internal.classfile.impl.StackMapGenerator$Frame::merge (48 bytes)
194  876       3       jdk.internal.classfile.impl.StackMapGenerator$Type::mergeFrom (100 bytes)
194  874       3       jdk.internal.classfile.impl.StackMapGenerator::processInvokeInstructions (262 bytes)
195  877       3       jdk.internal.classfile.impl.RawBytecodeHelper$CodeRange::start (9 bytes)
196  878       3       jdk.internal.classfile.impl.RawBytecodeHelper::<init> (10 bytes)
196  870       3       jdk.jfr.internal.EventInstrumentation$$Lambda/0x00001ff00102ad70::accept (16 bytes)
196  868       3       jdk.internal.classfile.impl.NonterminalCodeBuilder::findTerminal (24 bytes)
196  880       1       sun.invoke.util.Wrapper::basicClassDescriptor (5 bytes)
196  871       3       jdk.jfr.internal.EventInstrumentation::getEventConfiguration (61 bytes)
196  865       1       jdk.jfr.internal.ClassInspector::getFields (5 bytes)
196  866       1       jdk.internal.classfile.impl.BlockCodeBuilderImpl::reachable (5 bytes)
196  867       1       jdk.internal.classfile.impl.BlockCodeBuilderImpl::endLabel (5 bytes)
196  869       1       jdk.internal.classfile.impl.AbstractPoolEntry$LongEntryImpl::tag (2 bytes)
196  873       1       jdk.internal.classfile.impl.StackMapGenerator$RawExceptionCatch::handler (5 bytes)
196  881       1       java.lang.classfile.ClassFile::latestMajorVersion (3 bytes)
197  882       3       jdk.internal.classfile.impl.Util::slotSize (24 bytes)
197  837       1       sun.reflect.annotation.AnnotationType::retention (5 bytes)
197  883     n 0       java.lang.Class::getSuperclass (native)   
197  884       3       jdk.internal.classfile.impl.SplitConstantPool::writeTo (120 bytes)
197  885     n 0       java.lang.invoke.MethodHandle::linkToSpecial(LLLLLL)V (native)   (static)
198  886       3       java.lang.invoke.LambdaForm::argument (27 bytes)
198  887     n 0       java.lang.invoke.MethodHandle::linkToSpecial(LLLLLL)L (native)   (static)
198  888       3       java.lang.invoke.MethodType::genericMethodType (95 bytes)
199  889       3       java.util.HashMap$HashIterator::<init> (84 bytes)
199  893       3       jdk.internal.classfile.impl.UnboundAttribute$AdHocAttribute::<init> (6 bytes)
199  894       3       jdk.internal.classfile.impl.AbstractPoolEntry$ClassEntryImpl::asSymbol (53 bytes)
200  895       3       java.util.BitSet::get (69 bytes)
200  897       3       java.util.ArrayDeque::addLast (51 bytes)
200  898       3       java.util.ArrayDeque::add (7 bytes)
201  899       3       jdk.internal.classfile.impl.StackCounter$Target::<init> (15 bytes)
201  901       3       jdk.internal.classfile.impl.BufWriterImpl::writeInt (58 bytes)
201  900       3       jdk.internal.classfile.impl.UnboundAttribute$AdHocAttribute::writeTo (49 bytes)
201  890       3       java.lang.Module::isNamed (13 bytes)
201  903       3       java.lang.classfile.constantpool.MemberRefEntry::type (12 bytes)
201  892       3       jdk.internal.classfile.impl.DirectMethodBuilder::with (9 bytes)
202  904       3       jdk.internal.classfile.impl.StackCounter::next (68 bytes)
202  905       3       jdk.internal.classfile.impl.AbstractPoolEntry$Utf8EntryImpl::length (19 bytes)
202  906       3       java.lang.PublicMethods$Key::matches (31 bytes)
202  907       3       java.lang.invoke.MemberName::isConstructor (8 bytes)
202  908       3       java.lang.classfile.ClassBuilder::withMethod (34 bytes)
202  909       3       jdk.internal.classfile.impl.AbstractPseudoInstruction$ExceptionCatchImpl::<init> (44 bytes)
203  910       3       jdk.internal.classfile.impl.AbstractPseudoInstruction::<init> (5 bytes)
203  911       3       jdk.internal.classfile.impl.AbstractPseudoInstruction$ExceptionCatchImpl::writeTo (6 bytes)
203  872       4       jdk.internal.classfile.impl.StackMapGenerator::addFrame (150 bytes)
203  912       3       jdk.internal.classfile.impl.DirectCodeBuilder::addHandler (79 bytes)
203  915       3       jdk.internal.reflect.ConstantPool::getUTF8At (10 bytes)
203  914       3       jdk.internal.access.SharedSecrets::getJavaLangAccess (4 bytes)
204  913       3       java.lang.invoke.LambdaForm::uncustomize (57 bytes)
204  916       3       java.lang.Integer::numberOfLeadingZeros (79 bytes)
204  917       3       java.util.ImmutableCollections$MapN::get (35 bytes)
204  902       1       java.lang.invoke.MethodType::rtype (5 bytes)
204  918       3       java.lang.invoke.MethodHandles$Lookup::checkAccess (200 bytes)
205  919       3       java.lang.invoke.MethodTypeForm::canonicalizeAll (63 bytes)
205  920       3       sun.reflect.annotation.AnnotationInvocationHandler::invoke (182 bytes)
205  923       3       java.util.List::of (64 bytes)
206  926       3       java.lang.Character::charCount (12 bytes)
206  927       3       java.lang.Class::getInterfaces (40 bytes)
206  921       3       java.lang.Math::ceil (5 bytes)
206  378       3       java.io.DataInputStream::readUTF (601 bytes)   made not entrant: C1 deoptimize for patching
206  928   !   3       java.lang.String::<init> (852 bytes)
207  935     n 0       jdk.internal.misc.Unsafe::getLong (native)   
208  930       3       java.io.DataInputStream::readUTF (601 bytes)
209  934       3       java.io.DataInputStream::readBoolean (13 bytes)
209  931       3       java.lang.String::<init> (22 bytes)
209  684       3       jdk.internal.classfile.impl.StackMapGenerator::addFrame (150 bytes)   made not entrant: not used
209  937       4       java.io.DataInputStream::readFully (59 bytes)
209  933  s    3       java.io.ByteArrayInputStream::read (73 bytes)
210  932       3       java.io.DataInputStream::readUnsignedByte (22 bytes)
210  929  s    3       java.io.ByteArrayInputStream::read (36 bytes)
210  938       3       jdk.jfr.internal.MetadataLoader$FieldElement::<init> (93 bytes)
210  939       3       jdk.internal.misc.Unsafe::getLongUnaligned (173 bytes)
211  940       3       jdk.internal.misc.Unsafe::getIntUnaligned (83 bytes)
211  941       3       java.lang.Character::codePointAt (51 bytes)
212  942       3       java.lang.Character::isHighSurrogate (18 bytes)
212  943       3       java.lang.Character::isJavaIdentifierPart (9 bytes)
212  944       3       java.lang.CharacterDataLatin1::isJavaIdentifierPart (20 bytes)
212  945       3       java.util.ArrayList::elementData (7 bytes)
212  946       3       java.lang.String::indexOf (65 bytes)
212  948       3       java.util.ArrayList::toArray (12 bytes)
213  947       1       jdk.jfr.ValueDescriptor::isArray (5 bytes)
213  950       3       jdk.internal.module.Checks::isJavaIdentifier (76 bytes)
213  951       3       java.util.HashMap::putMapEntries (170 bytes)
214  952       1       jdk.jfr.internal.Type::getName (5 bytes)
214  949       3       java.lang.Class::privateGetDeclaredMethods (56 bytes)
214  953       3       java.lang.CharacterDataLatin1::isJavaIdentifierStart (23 bytes)
214  705       4       java.util.HashMap::put (13 bytes)   made not entrant: uncommon trap
214  957       3       jdk.jfr.internal.Type::getFields (37 bytes)
215  958       3       jdk.jfr.AnnotationElement::checkType (26 bytes)
215  954       3       java.util.ImmutableCollections$ListN::<init> (15 bytes)
215  955       3       java.lang.Class::forName (8 bytes)
215  959       3       java.util.ArrayList::set (24 bytes)
215  960       3       jdk.jfr.internal.MetadataLoader::newAnnotation (25 bytes)
215  961       3       sun.reflect.annotation.AnnotationType::getInstance (65 bytes)
216  962       3       java.lang.System$1::getAnnotationType (5 bytes)
216  964       3       java.util.LinkedHashMap$LinkedHashIterator::<init> (52 bytes)
216  967       3       jdk.jfr.AnnotationElement::<init> (308 bytes)
217  963       3       java.util.LinkedHashMap$LinkedKeyIterator::next (8 bytes)
217  971     n 0       jdk.jfr.internal.JVM::getTypeId (native)   (static)
217  965       3       jdk.jfr.internal.PrivateAccess::getInstance (15 bytes)
217  966       3       jdk.jfr.internal.util.Utils::unboxType (82 bytes)
217  968       3       java.util.Collections$UnmodifiableCollection::size (10 bytes)
218  970       3       jdk.jfr.EventSettings$InternalAccess::newAnnotation (11 bytes)
218  969       3       java.util.Collections$UnmodifiableList::get (11 bytes)
218  972       3       java.util.LinkedHashMap::newNode (23 bytes)
218  973       3       java.util.LinkedHashMap$Entry::<init> (10 bytes)
218  974       3       java.util.LinkedHashMap::afterNodeInsertion (40 bytes)
218  975       3       jdk.jfr.internal.AnnotationConstruct::<init> (18 bytes)
218  976       3       jdk.jfr.internal.Type::add (17 bytes)
218  977       3       jdk.jfr.internal.util.Utils::ensureJavaIdentifier (42 bytes)
219  982       3       jdk.jfr.internal.Type::getKnownType (51 bytes)
219  978       3       jdk.jfr.EventSettings$InternalAccess::newValueDescriptor (17 bytes)
219  983       3       java.util.ImmutableCollections::listFromArray (39 bytes)
219  979       3       jdk.jfr.ValueDescriptor::<init> (101 bytes)
219  980       3       java.util.LinkedHashMap::keySet (5 bytes)
220  987     n 0       java.lang.invoke.MethodHandle::linkToVirtual(LL)J (native)   (static)
220  981       3       java.util.LinkedHashMap::sequencedKeySet (31 bytes)
220  984       3       java.util.LinkedHashMap$LinkedKeySet::iterator (16 bytes)
220  985       3       java.util.LinkedHashMap$LinkedKeyIterator::<init> (14 bytes)
220  988       3       java.lang.StringLatin1::coderFromChar (10 bytes)
220  989       3       java.util.Collections::emptyList (4 bytes)
220  992   !   3       java.lang.invoke.MemberName::clone (14 bytes)
220  993     n 0       java.lang.invoke.MethodHandle::linkToStatic(LLLL)I (native)   (static)
220  990       3       jdk.internal.util.ReferencedKeyMap::entryKey (33 bytes)
221  994       3       java.lang.invoke.LambdaForm$BasicType::basicType (187 bytes)
221  997       3       java.util.HashMap::put (13 bytes)
221  995       3       java.lang.invoke.LambdaForm$BasicType::basicType (8 bytes)
221  354       3       java.io.DataInputStream::readFully (59 bytes)   made not entrant: not used
221  922       4       java.lang.StringLatin1::replace (197 bytes)
221  996       3       sun.invoke.util.Wrapper::basicTypeChar (18 bytes)
221  991       3       jdk.internal.util.WeakReferenceKey::<init> (15 bytes)
222 1000       1       jdk.jfr.internal.Type::getId (5 bytes)
222 1001       3       jdk.jfr.internal.TypeLibrary$$Lambda/0x00001ff001071e50::applyAsLong (8 bytes)
222 1003       3       java.util.Comparator::lambda$comparingLong$6043328a$1 (18 bytes)
222 1004       3       java.lang.Long::compare (22 bytes)
222 1002       3       java.util.Comparator$$Lambda/0x00001ff0010728f8::compare (10 bytes)
222 1008       3       jdk.internal.util.StrongReferenceKey::equals (28 bytes)
222 1012     n 0       java.lang.invoke.MethodHandle::linkToVirtual(LLL)V (native)   (static)
223 1009       3       java.lang.invoke.MethodType::equals (31 bytes)
223  998       3       jdk.internal.constant.MethodTypeDescImpl::ofValidated (27 bytes)
223 1005       3       java.lang.invoke.MethodTypeForm::canonicalize (59 bytes)
223 1006       3       jdk.internal.util.ReferencedKeyMap::existingKey (32 bytes)
223 1007       3       jdk.internal.util.ReferencedKeyMap::internKey (57 bytes)
224 1017       3       java.util.ArrayDeque::size (17 bytes)
224 1018       3       java.util.ArrayDeque::sub (14 bytes)
224 1013       1       jdk.jfr.internal.AnnotationConstruct::getUnmodifiableAnnotationElements (5 bytes)
224 1015       3       java.util.ArrayDeque$$Lambda/0x00001ff001073030::accept (9 bytes)
224 1024       3       java.lang.Iterable::forEach (39 bytes)
224 1014       1       jdk.jfr.AnnotationElement::getType (5 bytes)
224 1022       3       java.util.ArrayDeque$$Lambda/0x00001ff001073030::<init> (10 bytes)
224 1019       3       java.util.ArrayDeque::isEmpty (17 bytes)
224 1023       3       jdk.jfr.internal.Type::getAnnotationElements (8 bytes)
225 1020       3       java.util.ArrayDeque::copyElements (13 bytes)
225 1021       3       jdk.jfr.EventSettings$InternalAccess::getType (98 bytes)
225 1025       3       jdk.jfr.AnnotationElement::getAnnotationElements (8 bytes)
225 1026       3       java.util.ArrayDeque::addAll (50 bytes)
226 1028       3       java.util.ImmutableCollections$List12::forEach (31 bytes)
226 1027       1       jdk.jfr.ValueDescriptor::getType (5 bytes)
226 1029       3       jdk.jfr.internal.TypeLibrary::visitAnnotations (92 bytes)
226 1032       3       java.util.ArrayDeque::grow (165 bytes)
227 1030       3       java.util.ArrayDeque::<init> (35 bytes)
227 1031       3       java.util.ArrayDeque::<init> (16 bytes)
227 1033       3       jdk.jfr.ValueDescriptor::getAnnotationElements (8 bytes)
227 1034       3       java.lang.Long::hashCode (8 bytes)
228 1035       3       java.lang.Long::hashCode (8 bytes)
228 1036       3       java.lang.Long::valueOf (40 bytes)
228  999       1       jdk.internal.util.ClassFileDumper::isEnabled (5 bytes)
228 1037       1       jdk.jfr.internal.PlatformEventType::getAllSettings (5 bytes)
229 1042       3       jdk.jfr.internal.TypeLibrary$$Lambda/0x00001ff001072ba0::test (8 bytes)
229  445       3       java.lang.StringLatin1::replace (197 bytes)   made not entrant: not used
229 1039       4       java.util.HashMap::getNode (150 bytes)
229 1041       1       java.lang.Long::longValue (5 bytes)
230 1044       3       jdk.jfr.internal.TypeLibrary::lambda$initialize$0 (24 bytes)
230 1043       3       java.lang.Long::equals (32 bytes)
231 1048       2       java.lang.Class::isAnnotation (17 bytes)
231 1050       2       jdk.internal.misc.Unsafe::pickPos (14 bytes)
232 1049       2       jdk.internal.loader.AbstractClassLoaderValue::sub (10 bytes)
232 1051       2       jdk.internal.constant.ConstantUtils::referenceClassDesc (8 bytes)
232 1053       2       jdk.internal.classfile.impl.StackCounter::<init> (2420 bytes)
233   91       3       java.util.HashMap::getNode (150 bytes)   made not entrant: not used
234  936       4       java.util.Objects::checkFromIndexSize (8 bytes)
234  350       3       java.util.Objects::checkFromIndexSize (8 bytes)   made not entrant: not used
234 1011       4       java.lang.String::toString (2 bytes)
234  520       3       java.lang.String::toString (2 bytes)   made not entrant: not used
234  956       4       java.lang.CharacterData::of (136 bytes)
234  542       3       java.lang.CharacterData::of (136 bytes)   made not entrant: not used
234 1046       4       java.util.ArrayDeque::pollFirst (36 bytes)
235  282       3       java.util.ArrayDeque::pollFirst (36 bytes)   made not entrant: not used
235 1038       4       java.util.ImmutableCollections$ListItr::hasNext (17 bytes)
235  274       3       java.util.ImmutableCollections$ListItr::hasNext (17 bytes)   made not entrant: not used
235 1047       4       java.util.ArrayDeque::isEmpty (17 bytes)
235 1019       3       java.util.ArrayDeque::isEmpty (17 bytes)   made not entrant: not used
236 1040       4       java.util.ArrayDeque::addLast (51 bytes)
236 1058       2       java.lang.invoke.MethodType::checkPtypes (76 bytes)
236 1060       3       java.util.LinkedHashMap::get (29 bytes)
236 1052       2       java.lang.classfile.Attributes::stackMapTable (4 bytes)
236 1057       2       java.lang.invoke.LambdaForm::prepare (92 bytes)
236  897       3       java.util.ArrayDeque::addLast (51 bytes)   made not entrant: not used
237  891       4       java.util.ImmutableCollections$ListN::size (6 bytes)
237 1067       3       jdk.jfr.internal.Type::getKnownType (65 bytes)
237  399       3       java.util.ImmutableCollections$ListN::size (6 bytes)   made not entrant: not used
237  924       4       sun.reflect.generics.parser.SignatureParser::current (59 bytes)
237 1066       3       jdk.jfr.AnnotationElement::getTypeId (8 bytes)
237 1064       3       java.util.LinkedHashMap::entrySet (5 bytes)
237 1069       3       java.util.LinkedHashMap::sequencedEntrySet (31 bytes)
237 1070       3       java.util.LinkedHashMap$LinkedEntrySet::iterator (16 bytes)
238 1071       3       java.util.LinkedHashMap$LinkedEntryIterator::<init> (14 bytes)
238  531       3       sun.reflect.generics.parser.SignatureParser::current (59 bytes)   made not entrant: not used
238 1063       4       java.util.LinkedHashMap$LinkedHashIterator::hasNext (13 bytes)
238 1072       3       jdk.jfr.AnnotationElement::getTypeName (8 bytes)
238 1068       1       jdk.jfr.ValueDescriptor::getName (5 bytes)
238  621       3       java.util.LinkedHashMap$LinkedHashIterator::hasNext (13 bytes)   made not entrant: not used
238 1065       4       java.util.LinkedHashMap$LinkedHashIterator::nextNode (68 bytes)
238 1073       3       jdk.jfr.internal.Type::getTypeId (21 bytes)
238 1056       2       java.lang.invoke.MethodTypeForm::cachedLambdaForm (23 bytes)
238 1059       2       jdk.internal.misc.Unsafe::toUnsignedInt (6 bytes)
238 1061       3       java.lang.AbstractStringBuilder::append (102 bytes)
238  712       3       java.util.LinkedHashMap$LinkedHashIterator::nextNode (68 bytes)   made not entrant: not used
239 1074       4       java.util.LinkedHashMap$LinkedEntryIterator::next (5 bytes)
239 1062       1       java.lang.Boolean::booleanValue (5 bytes)
239 1079       3       jdk.jfr.internal.AnnotationConstruct::getAnnotationElement (127 bytes)
239  825       3       java.util.LinkedHashMap$LinkedEntryIterator::next (5 bytes)   made not entrant: not used
239 1075   !   4       java.util.ImmutableCollections$ListItr::next (34 bytes)
239 1080       3       jdk.jfr.internal.EventControl::remove (76 bytes)
239 1076       1       jdk.jfr.internal.PlatformEventType::hasPeriod (5 bytes)
240 1078       1       java.util.Collections$EmptyList::isEmpty (2 bytes)
240 1081       1       jdk.jfr.AnnotationElement::getValues (5 bytes)
240 1054       1       jdk.internal.classfile.impl.StackCounter::maxStack (5 bytes)
240 1055       1       jdk.internal.classfile.impl.StackCounter::maxLocals (5 bytes)
240  281   !   3       java.util.ImmutableCollections$ListItr::next (34 bytes)   made not entrant: not used
240 1082       4       java.lang.Object::equals (11 bytes)
240 1083       3       jdk.jfr.internal.Type::hasAnnotation (17 bytes)
240  111       3       java.lang.Object::equals (11 bytes)   made not entrant: not used
240 1016       4       java.util.ImmutableCollections$ListN::get (7 bytes)
240 1084       3       java.lang.StringLatin1::indexOf (121 bytes)
240  560       3       java.util.ImmutableCollections$ListN::get (7 bytes)   made not entrant: not used
240  986       4       java.lang.Character::codePointAt (51 bytes)
241 1085       3       jdk.internal.util.DecimalDigits::uncheckedPutCharLatin1 (40 bytes)
241 1086       1       jdk.jfr.internal.PlatformEventType::isJVM (5 bytes)
241 1087       3       jdk.jfr.internal.Type::setAnnotations (9 bytes)
241 1088       3       jdk.jfr.internal.AnnotationConstruct::setAnnotationElements (9 bytes)
241 1089       1       jdk.jfr.internal.PlatformEventType::setHasCutoff (6 bytes)
241 1090       1       jdk.jfr.internal.PlatformEventType::setHasThrottle (6 bytes)
241 1091       1       jdk.jfr.internal.PlatformEventType::setHasLevel (6 bytes)
241  941       3       java.lang.Character::codePointAt (51 bytes)   made not entrant: not used
241 1077       4       java.util.ImmutableCollections$AbstractImmutableList::iterator (13 bytes)
241 1092       1       jdk.jfr.internal.PlatformEventType::setHasPeriod (6 bytes)
241 1096     n 0       jdk.internal.misc.Unsafe::getLongVolatile (native)   
241 1093       1       jdk.jfr.internal.PlatformEventType::hasCutoff (5 bytes)
241 1094       1       jdk.jfr.internal.PlatformEventType::hasThrottle (5 bytes)
242 1095       1       jdk.jfr.internal.PlatformEventType::hasLevel (5 bytes)
242  286       3       java.util.ImmutableCollections$AbstractImmutableList::iterator (13 bytes)   made not entrant: not used
242 1097       4       jdk.jfr.internal.Type::getKnownType (65 bytes)
242 1098       3       sun.reflect.generics.parser.SignatureParser::parsePackageNameAndSimpleClassTypeSignature (119 bytes)
243 1101       3       java.lang.invoke.DirectMethodHandle::internalMemberName (8 bytes)
243 1099       3       java.lang.invoke.Invokers$Holder::invokeExact_MT (23 bytes)
243 1103     n 0       java.lang.invoke.MethodHandle::linkToStatic(IL)L (native)   (static)
243 1102       3       java.lang.invoke.DirectMethodHandle::<init> (148 bytes)
243 1106     n 0       java.lang.invoke.MethodHandle::invokeBasic(L)I (native)   
243 1107     n 0       java.lang.invoke.MethodHandle::linkToSpecial(LLL)I (native)   (static)
244 1104       3       java.lang.invoke.MemberName::isCallerSensitive (8 bytes)
244 1105       3       java.lang.invoke.MemberName$Factory::resolveOrFail (83 bytes)
244 1108     n 0       java.lang.invoke.MethodHandle::linkToStatic(LLLLLL)L (native)   (static)
244 1109       3       java.lang.invoke.MemberName::isStatic (8 bytes)
244 1067       3       jdk.jfr.internal.Type::getKnownType (65 bytes)   made not entrant: not used
244 1100       4       sun.reflect.generics.parser.SignatureParser::advance (53 bytes)
244 1111     n 0       java.lang.invoke.MethodHandle::invokeBasic(LLLLL)L (native)   
244 1110       3       java.util.ArrayList::addAll (76 bytes)
245 1115       3       jdk.internal.classfile.impl.DirectClassBuilder::withMethod (54 bytes)
245  557       3       sun.reflect.generics.parser.SignatureParser::advance (53 bytes)   made not entrant: not used
245 1010       4       java.lang.invoke.MethodType::parameterType (7 bytes)
245 1112       3       java.lang.invoke.MethodType::parameterSlotCount (8 bytes)
245 1113       1       java.lang.invoke.LambdaForm$Name::index (5 bytes)
245 1114       1       java.lang.invoke.LambdaForm$BasicType::basicTypeKind (5 bytes)
245  460       3       java.lang.invoke.MethodType::parameterType (7 bytes)   made not entrant: not used
245 1045       4       java.lang.Long::hashCode (8 bytes)
245 1034       3       java.lang.Long::hashCode (8 bytes)   made not entrant: not used
245 1116       4       java.util.ArrayList::add (25 bytes)
245 1117       3       java.lang.invoke.MethodType::equals (27 bytes)
246 1118       3       java.lang.Class::getAnnotation (22 bytes)
246 1097       4       jdk.jfr.internal.Type::getKnownType (65 bytes)   made not entrant: uncommon trap
247 1119       3       java.lang.WeakPairMap::expungeStaleAssociations (31 bytes)
247 1122       3       jdk.jfr.internal.Type::getKnownType (65 bytes)
247 1123       3       jdk.internal.reflect.ReflectionFactory::copyMethod (11 bytes)
247 1124       3       java.lang.reflect.ReflectAccess::copyMethod (5 bytes)
248 1125       3       java.lang.reflect.Method::copy (92 bytes)
248 1126       3       java.lang.reflect.Method::<init> (68 bytes)
248 1120       3       java.lang.WeakPairMap$Pair::hashCode (10 bytes)
248 1129       3       jdk.internal.classfile.impl.BufWriterImpl::writeU2U2 (61 bytes)
248 1128       3       java.util.ImmutableCollections$List12::<init> (21 bytes)
248 1121       3       java.lang.PublicMethods$MethodList::getMostSpecific (63 bytes)
248  284       3       java.util.ArrayList::add (25 bytes)   made not entrant: not used
249  879       4       java.lang.invoke.MethodType::parameterCount (6 bytes)
249 1133       3       java.lang.PublicMethods$MethodList::<init> (10 bytes)
249 1135       3       sun.invoke.util.Wrapper::forPrimitiveType (122 bytes)
249  174       3       java.lang.invoke.MethodType::parameterCount (6 bytes)   made not entrant: not used
249 1127       4       java.lang.invoke.Invokers$Holder::linkToTargetMethod (9 bytes)
249 1134       3       java.lang.invoke.LambdaForm$MH/0x00001ff001041c00::invoke (35 bytes)
249  859       3       java.lang.invoke.Invokers$Holder::linkToTargetMethod (9 bytes)   made not entrant: not used
249 1136       4       jdk.internal.util.ArraysSupport::vectorizedHashCode (158 bytes)
249 1131       1       jdk.internal.classfile.impl.BufWriterImpl::labelContext (5 bytes)
249 1132       1       jdk.internal.classfile.impl.DirectCodeBuilder::methodInfo (5 bytes)
250 1130       3       jdk.internal.classfile.impl.AbstractPoolEntry$Utf8EntryImpl::charAt (62 bytes)
250 1138       3       jdk.internal.loader.AbstractClassLoaderValue$Sub::hashCode (19 bytes)
250 1139     n 0       java.lang.Class::getConstantPool (native)   
250 1137       3       java.util.LinkedHashMap$LinkedValueIterator::next (8 bytes)
250 1140       3       jdk.internal.loader.AbstractClassLoaderValue::map (20 bytes)
250 1021       3       jdk.jfr.EventSettings$InternalAccess::getType (98 bytes)   made not entrant: C1 deoptimize for patching
251 1141       1       java.lang.reflect.Method::getRoot (5 bytes)
251 1142       3       java.lang.Class::getMethod (38 bytes)
251 1145       3       java.lang.String::indexOf (64 bytes)
251 1146       3       java.lang.StringLatin1::indexOf (25 bytes)
251 1144       3       java.lang.Module::implIsExportedOrOpen (92 bytes)
252  178       3       jdk.internal.util.ArraysSupport::vectorizedHashCode (158 bytes)   made not entrant: not used
252  842       4       jdk.internal.classfile.impl.SplitConstantPool::utf8Entry (45 bytes)
252 1148   !   3       sun.reflect.annotation.AnnotationParser::parseAnnotation2 (275 bytes)
253 1154       3       java.lang.PublicMethods$MethodList::filter (104 bytes)
253 1153       3       java.lang.Class::getMethodsRecursive (104 bytes)
253 1149       3       java.lang.WeakPairMap$Pair::lookup (10 bytes)
253 1150       3       java.lang.WeakPairMap$Pair$Lookup::<init> (21 bytes)
254 1152       3       java.lang.WeakPairMap$Pair::equals (34 bytes)
254 1143       3       java.lang.Class::getMethod0 (32 bytes)
254 1147       1       java.util.Collections$EmptyMap::get (2 bytes)
254 1155       1       java.lang.reflect.Field::getType (5 bytes)
254 1160       3       java.lang.invoke.LambdaForm$MH/0x00001ff001041800::invoke (25 bytes)
254 1164   !   3       jdk.internal.loader.AbstractClassLoaderValue::computeIfAbsent (113 bytes)
255 1159       3       java.lang.WeakPairMap::get (17 bytes)
255 1165       3       java.lang.WeakPairMap$Pair$Lookup::hashCode (12 bytes)
255 1166       3       java.lang.WeakPairMap$Pair$Weak::first (5 bytes)
255 1161       3       java.lang.invoke.DirectMethodHandle$Holder::invokeSpecial (15 bytes)
255 1168       3       java.lang.Module::isExplicitlyExportedOrOpened (70 bytes)
256 1169       3       java.lang.WeakPairMap$Pair$Lookup::equals (31 bytes)
256 1162       1       java.lang.reflect.Field::getModifiers (5 bytes)
256 1163       1       java.lang.reflect.Field::getName (5 bytes)
256 1170       3       sun.reflect.generics.parser.SignatureParser::make (8 bytes)
256 1171       3       sun.reflect.generics.parser.SignatureParser::<init> (5 bytes)
256 1172       3       sun.reflect.generics.parser.SignatureParser::parseTypeSig (10 bytes)
256 1177       3       java.lang.Class::annotationData (44 bytes)
256 1173       3       sun.reflect.generics.parser.SignatureParser::init (16 bytes)
256 1174       3       sun.reflect.generics.parser.SignatureParser::parseTypeSignature (130 bytes)
257 1178       3       jdk.jfr.internal.TypeLibrary$$Lambda/0x00001ff001077748::test (8 bytes)
257 1179       3       jdk.jfr.internal.TypeLibrary::lambda$addTypes$0 (24 bytes)
257 1175       3       sun.reflect.generics.parser.SignatureParser::parseFieldTypeSignature (6 bytes)
257 1176       3       sun.reflect.generics.parser.SignatureParser::parseFieldTypeSignature (73 bytes)
257 1180       3       java.nio.HeapByteBuffer::get (14 bytes)
257 1184       3       java.util.ArrayList::indexOfRange (71 bytes)
258 1186       3       java.lang.WeakPairMap$Pair$Weak::second (8 bytes)
258 1185       3       java.lang.Module::isReflectivelyExportedOrOpened (182 bytes)
259 1188  s    3       jdk.jfr.internal.TypeLibrary::createAnnotationType (148 bytes)
260 1191       3       sun.reflect.generics.tree.SimpleClassTypeSignature::make (11 bytes)
260 1181       3       java.nio.Buffer::nextGetIndex (30 bytes)
260 1182       3       java.nio.HeapByteBuffer::ix (7 bytes)
260 1195       3       jdk.internal.classfile.impl.BufWriterImpl::cpIndexOrZero (21 bytes)
261 1190   !   3       java.lang.reflect.Executable::declaredAnnotations (85 bytes)
261 1189       3       jdk.jfr.internal.TypeLibrary::shouldPersist (21 bytes)
261 1194       3       jdk.internal.classfile.impl.DirectCodeBuilder::checkcast (13 bytes)
261 1187       3       java.util.ArrayList::fastRemove (44 bytes)
261 1198       3       java.lang.reflect.Modifier::isTransient (14 bytes)
261 1199       3       jdk.jfr.internal.TypeLibrary::isDefined (16 bytes)
262 1196       1       jdk.internal.classfile.impl.UnboundAttribute$UnboundExceptionsAttribute::exceptions (5 bytes)
262 1197       1       java.util.Collections$SingletonList::size (2 bytes)
262 1200       3       jdk.jfr.EventSettings$InternalAccess::newSettingDescriptor (13 bytes)
262 1201       3       jdk.jfr.SettingDescriptor::<init> (59 bytes)
262 1202       3       jdk.jfr.internal.PlatformEventType::add (17 bytes)
262 1192       1       java.lang.classfile.ClassFile::latestMinorVersion (2 bytes)
262 1204       3       java.lang.Module::implAddExportsOrOpens (279 bytes)
264 1206       3       java.lang.Module::isExported (18 bytes)
264 1207       3       jdk.internal.misc.VM::isSystemDomainLoader (17 bytes)
264  481       3       jdk.internal.classfile.impl.SplitConstantPool::utf8Entry (45 bytes)   made not entrant: not used
264 1167       4       java.util.HashMap::containsKey (14 bytes)
264 1203       1       java.lang.reflect.Field::getDeclaringClass (5 bytes)
264 1205       3       jdk.internal.util.DecimalDigits::uncheckedPutPairLatin1 (31 bytes)
264  842       4       jdk.internal.classfile.impl.SplitConstantPool::utf8Entry (45 bytes)   made not entrant: uncommon trap
264 1208       3       jdk.jfr.internal.Type::getField (68 bytes)
265 1209       3       jdk.internal.module.Modules::addExports (12 bytes)
265 1210       3       sun.reflect.annotation.AnnotationParser::parseSig (62 bytes)
266 1211       2       jdk.internal.classfile.impl.SplitConstantPool::utf8Entry (45 bytes)
266 1212       3       jdk.internal.classfile.impl.AbstractPoolEntry$Utf8EntryImpl::clone (6 bytes)
266 1213       3       jdk.internal.classfile.impl.AbstractPoolEntry$Utf8EntryImpl::clone (65 bytes)
266 1214   !   3       jdk.proxy1.$Proxy6::annotationType (28 bytes)
266 1216       3       java.lang.invoke.MemberName::getMethodOrFieldType (72 bytes)
267 1220       3       jdk.internal.classfile.impl.StackMapGenerator::processMethod (258 bytes)
267 1222       3       jdk.internal.classfile.impl.DirectMethodBuilder::<init> (42 bytes)
268 1217       3       java.lang.reflect.Method::getRoot (5 bytes)
268 1218       3       java.lang.invoke.MemberName::flagsMods (45 bytes)
268 1219       3       java.lang.invoke.MemberName::init (53 bytes)
268 1225  s    3       jdk.jfr.internal.TypeLibrary::createAnnotation (103 bytes)
268  301       3       java.util.HashMap::containsKey (14 bytes)   made not entrant: not used
268 1158       4       java.util.ArrayDeque::poll (5 bytes)
268  857       4       jdk.internal.classfile.impl.ClassReaderImpl::entryByIndex (809 bytes)   made not entrant: uncommon trap
269 1224       3       sun.reflect.annotation.AnnotationParser::annotationForMap (28 bytes)
269  653       3       java.util.ArrayDeque::poll (5 bytes)   made not entrant: not used
269 1183       4       java.lang.CharacterDataLatin1::isJavaIdentifierPart (20 bytes)
269 1226       3       sun.reflect.generics.parser.SignatureParser::parseClassTypeSignature (95 bytes)
269  944       3       java.lang.CharacterDataLatin1::isJavaIdentifierPart (20 bytes)   made not entrant: not used
269 1156       4       java.lang.Long::hashCode (8 bytes)
269 1035       3       java.lang.Long::hashCode (8 bytes)   made not entrant: not used
269 1157       4       java.lang.Long::valueOf (40 bytes)
270 1227       3       sun.reflect.generics.parser.SignatureParser::parseClassTypeSignatureSuffix (29 bytes)
270 1228       3       sun.reflect.generics.tree.ClassTypeSignature::make (9 bytes)
270 1229       3       sun.reflect.generics.tree.ClassTypeSignature::<init> (10 bytes)
270 1036       3       java.lang.Long::valueOf (40 bytes)   made not entrant: not used
270 1234       4       jdk.internal.util.ArraysSupport::hashCodeOfUnsigned (55 bytes)
270 1230       3       sun.reflect.generics.tree.ClassTypeSignature::accept (8 bytes)
270 1231       3       sun.reflect.generics.visitor.Reifier::visitClassTypeSignature (381 bytes)
271  190       3       jdk.internal.util.ArraysSupport::hashCodeOfUnsigned (55 bytes)   made not entrant: not used
271 1151       4       jdk.jfr.EventSettings$InternalAccess::getType (98 bytes)
271 1232       3       java.lang.StringBuilder::<init> (6 bytes)
271 1233       3       java.lang.AbstractStringBuilder::<init> (68 bytes)
271  896       4       java.util.BitSet::wordIndex (5 bytes)
271 1238       3       java.util.ArrayList::remove (76 bytes)
271  529       3       java.util.BitSet::wordIndex (5 bytes)   made not entrant: not used
271 1239       4       java.util.Arrays::copyOfRange (82 bytes)
272 1237       3       jdk.internal.classfile.impl.AbstractPoolEntry$Utf8EntryImpl::<init> (32 bytes)
272 1236       3       java.lang.Class::getInterfaces (6 bytes)
272 1235       3       java.lang.reflect.Method::getParameterCount (6 bytes)
272 1223       3       jdk.internal.classfile.impl.DirectMethodBuilder::withCode (22 bytes)
272 1241       3       java.lang.Module::implAddExports (9 bytes)
272 1215       3       jdk.internal.classfile.impl.AbstractPoolEntry$FieldRefEntryImpl::<init> (12 bytes)
272 1193       1       jdk.internal.classfile.impl.DirectClassBuilder::setFlags (6 bytes)
272 1221       1       java.lang.invoke.InfoFromMemberName::getReferenceKind (5 bytes)
272 1240       1       jdk.internal.classfile.impl.AnnotationImpl::className (5 bytes)
273 1242       3       java.lang.invoke.LambdaForm$NamedFunction::methodType (28 bytes)
273 1243     n 0       java.lang.invoke.MethodHandle::invokeBasic(I)V (native)   
273 1244       3       jdk.internal.classfile.impl.DirectClassBuilder::with (9 bytes)
273 1246   !   3       jdk.internal.classfile.impl.StackMapGenerator::detectFrames (498 bytes)
273  181       3       java.util.Arrays::copyOfRange (82 bytes)   made not entrant: not used
273  925       4       java.lang.Class::cast (27 bytes)
274  930       3       java.io.DataInputStream::readUTF (601 bytes)   made not entrant: marked for deoptimization
274 1245       3       jdk.internal.classfile.impl.DirectClassBuilder::with (33 bytes)
274 1247       1       java.lang.invoke.LambdaForm$BasicType::basicTypeClass (5 bytes)
275 1248     n 0       java.lang.invoke.MethodHandle::linkToSpecial(LL)J (native)   (static)
275  904       3       jdk.internal.classfile.impl.StackCounter::next (68 bytes)   made not entrant: marked for deoptimization
275 1029       3       jdk.jfr.internal.TypeLibrary::visitAnnotations (92 bytes)   made not entrant: marked for deoptimization
275 1053       2       jdk.internal.classfile.impl.StackCounter::<init> (2420 bytes)   made not entrant: marked for deoptimization
275 1003       3       java.util.Comparator::lambda$comparingLong$6043328a$1 (18 bytes)   made not entrant: marked for deoptimization
275 1002       3       java.util.Comparator$$Lambda/0x00001ff0010728f8::compare (10 bytes)   made not entrant: marked for deoptimization
275 1249       3       java.lang.StrictMath::floorOrCeil (128 bytes)
276 1251       4       java.util.HashMap::putVal (300 bytes)
276 1252       3       sun.nio.fs.UnixPath::checkNotNul (16 bytes)
276 1250       3       java.lang.Math::getExponent (17 bytes)
277 1253       1       jdk.jfr.internal.Type::isVisible (5 bytes)
278 1254       3       jdk.jfr.internal.TypeLibrary$$Lambda/0x00001ff001050308::accept (12 bytes)
278 1257       3       jdk.jfr.internal.Type::compareTo (12 bytes)
278 1256       3       jdk.jfr.internal.Type::compareTo (9 bytes)
278 1255       3       jdk.jfr.internal.TypeLibrary::lambda$getVisibleTypes$0 (16 bytes)
278 1259       3       sun.invoke.util.VerifyAccess::isClassAccessible (230 bytes)
278 1157       4       java.lang.Long::valueOf (40 bytes)   made not entrant: uncommon trap
279 1263       3       java.lang.Long::valueOf (40 bytes)
279 1260       3       jdk.internal.util.DecimalDigits::stringSize (55 bytes)
279 1261       3       jdk.internal.util.DecimalDigits::uncheckedGetCharsLatin1 (160 bytes)
280 1266       3       java.lang.String::valueOf (15 bytes)
280 1267       3       jdk.jfr.internal.MetadataDescriptor$Element::addAttribute (23 bytes)
280 1268       3       jdk.jfr.internal.MetadataDescriptor$Attribute::<init> (15 bytes)
280 1269       3       java.lang.Long::toString (55 bytes)
280 1270       3       jdk.jfr.internal.MetadataDescriptor$Element::<init> (32 bytes)
280 1277       3       jdk.jfr.internal.MetadataWriter::makeAnnotation (115 bytes)
281 1271       3       jdk.jfr.internal.MetadataDescriptor$Element::newChild (22 bytes)
281 1272       3       java.lang.Long::toString (8 bytes)
281 1280       3       jdk.jfr.internal.MetadataWriter::makeFieldElement (114 bytes)
282 1278       3       jdk.jfr.AnnotationElement::getValueDescriptors (11 bytes)
282 1273       1       jdk.jfr.ValueDescriptor::isConstantPool (5 bytes)
282 1281       3       jdk.jfr.ValueDescriptor::getTypeId (8 bytes)
282 1282       3       jdk.jfr.EventSettings$InternalAccess::isConstantPool (5 bytes)
282 1286       3       jdk.internal.util.DecimalDigits::stringSize (47 bytes)
282 1283       1       jdk.jfr.SettingDescriptor::getName (5 bytes)
282 1284       1       jdk.jfr.SettingDescriptor::getDefaultValue (5 bytes)
282 1291       3       jdk.jfr.SettingDescriptor::getTypeId (8 bytes)
283 1287       3       jdk.internal.util.DecimalDigits::uncheckedGetCharsLatin1 (105 bytes)
283 1288       3       java.lang.StringBuilder::append (8 bytes)
283 1289       3       java.lang.AbstractStringBuilder::append (72 bytes)
283 1290       1       jdk.jfr.internal.Type::getSuperType (5 bytes)
283 1292       3       java.lang.Boolean::toString (8 bytes)
283 1293       3       java.lang.String::valueOf (14 bytes)
283 1294       3       jdk.jfr.SettingDescriptor::getAnnotationElements (8 bytes)
283 1296       3       jdk.jfr.internal.util.Utils::isSettingVisible (45 bytes)
283  619       3       java.util.HashMap::putVal (300 bytes)   made not entrant: not used
284 1285       4       jdk.internal.util.DecimalDigits::uncheckedPutCharLatin1 (40 bytes)
284 1298       3       java.util.ArrayList::elementAt (4 bytes)
284 1299       3       java.lang.Boolean::valueOf (14 bytes)
284 1295       3       jdk.jfr.internal.MetadataWriter$$Lambda/0x00001ff001050db0::accept (12 bytes)
284 1085       3       jdk.internal.util.DecimalDigits::uncheckedPutCharLatin1 (40 bytes)   made not entrant: not used
284 1304       4       java.util.HashMap::put (13 bytes)
284 1305       3       jdk.jfr.internal.MetadataWriter::buildStringPool (109 bytes)
284 1297       3       jdk.jfr.internal.settings.ThresholdSetting::isType (14 bytes)
284 1301       1       jdk.jfr.internal.MetadataDescriptor$Attribute::name (5 bytes)
284 1302       1       jdk.jfr.internal.MetadataDescriptor$Attribute::value (5 bytes)
285 1300       3       java.lang.StrictMath::ceil (10 bytes)
285  997       3       java.util.HashMap::put (13 bytes)   made not entrant: not used
285 1303       4       java.util.HashSet::add (20 bytes)
285  114       3       java.util.HashSet::add (20 bytes)   made not entrant: not used
285 1274       4       java.util.ArrayList::iterator (9 bytes)
286 1306  s    3       java.io.ByteArrayOutputStream::write (32 bytes)
286 1308       3       java.io.DataOutputStream::incCount (20 bytes)
286 1309  s    3       java.io.DataOutputStream::write (14 bytes)
286 1310       3       jdk.jfr.internal.MetadataWriter::writeInt (148 bytes)
286  308       3       java.util.ArrayList::iterator (9 bytes)   made not entrant: not used
286 1275       4       java.lang.String::<init> (15 bytes)
286 1311       3       jdk.jfr.internal.MetadataWriter::writeString (67 bytes)
286  182       3       java.lang.String::<init> (15 bytes)   made not entrant: not used
286 1276       4       jdk.jfr.AnnotationElement::getTypeId (8 bytes)
287 1066       3       jdk.jfr.AnnotationElement::getTypeId (8 bytes)   made not entrant: not used
287 1262       4       java.util.Collections$UnmodifiableCollection$1::hasNext (10 bytes)
287 1312       1       jdk.jfr.internal.consumer.StringParser$Encoding::byteValue (5 bytes)
287 1307       2       java.io.ByteArrayOutputStream::ensureCapacity (32 bytes)
287 1313       3       java.lang.Integer::valueOf (32 bytes)
287  714       3       java.util.Collections$UnmodifiableCollection$1::hasNext (10 bytes)   made not entrant: not used
287 1258       4       jdk.internal.classfile.impl.SplitConstantPool::findEntry (130 bytes)
287 1314       3       java.io.DataOutputStream::writeByte (14 bytes)
287 1318       3       java.lang.Integer::<init> (10 bytes)
289 1321       1       java.lang.Integer::intValue (5 bytes)
289 1322       3       jdk.jfr.internal.MetadataWriter::write (168 bytes)
293 1324       3       java.util.HashMap::<init> (8 bytes)
293 1328       3       java.util.HashMap::tableSizeFor (32 bytes)
293 1326       3       java.lang.Float::isNaN (12 bytes)
293 1327       3       java.util.HashMap::<init> (98 bytes)
294 1325       3       java.util.HashMap::calculateHashMapCapacity (11 bytes)
294 1329       3       java.util.HashSet::<init> (17 bytes)
294 1330       3       java.util.HashSet::newHashSet (43 bytes)
294 1331       3       jdk.jfr.internal.SettingsManager$InternalSetting::addToMap (43 bytes)
294 1332       3       java.util.LinkedHashMap::<init> (16 bytes)
295 1333       1       jdk.jfr.internal.SettingsManager$InternalSetting::getSettingsId (5 bytes)
295 1334       1       jdk.jfr.internal.EventControl$NamedControl::name (5 bytes)
295 1335       1       jdk.jfr.internal.EventControl$NamedControl::control (5 bytes)
295 1336       1       jdk.jfr.internal.Control::getLastValue (5 bytes)
295 1337       3       java.util.HashSet::size (8 bytes)
295 1339       3       jdk.jfr.internal.settings.BooleanSetting::parse (28 bytes)
295 1340     n 0       jdk.jfr.internal.JVM::setEnabled (native)   (static)
295 1338       1       jdk.jfr.internal.settings.BooleanSetting::getValue (5 bytes)
295 1341       1       jdk.jfr.internal.PlatformEventType::isEnabled (5 bytes)
295 1345       3       jdk.jfr.internal.Logger::shouldLog (17 bytes)
295 1342       1       jdk.jfr.internal.EventControl::getEventType (5 bytes)
295 1346       3       java.lang.String::strip (35 bytes)
296 1347       3       java.lang.StringLatin1::strip (52 bytes)
296 1343       1       jdk.jfr.internal.EventControl::getSettingsId (5 bytes)
296 1344       1       jdk.jfr.internal.EventControl::getNamedControls (5 bytes)
296 1348   !   3       jdk.jfr.internal.Control::setValue (69 bytes)
296  607       3       jdk.internal.classfile.impl.SplitConstantPool::findEntry (130 bytes)   made not entrant: not used
296 1320       4       jdk.jfr.internal.MetadataWriter::writeString (67 bytes)
296 1350     n 0       jdk.jfr.internal.JVM::getConfiguration (native)   (static)
296 1349       3       jdk.jfr.internal.SettingsManager$InternalSetting::getValues (35 bytes)
297 1351       3       jdk.internal.misc.Unsafe::putByte (8 bytes)
297 1352       3       jdk.jfr.internal.event.EventWriter::putUncheckedByte (22 bytes)
297 1354       3       jdk.jfr.internal.event.EventWriter::putUncheckedLong (278 bytes)
297 1353       3       jdk.jfr.internal.event.EventWriter::putUncheckedChar (7 bytes)
297 1356       3       jdk.jfr.internal.event.EventWriter::isValidForSize (44 bytes)
297 1360     n 0       jdk.jfr.internal.JVM::getEventWriter (native)   (static)
297 1363     n 0       jdk.jfr.internal.JVM::commit (native)   (static)
297 1358       3       jdk.jfr.internal.event.EventWriter::putLong (15 bytes)
297 1355       1       jdk.jfr.internal.event.EventConfiguration::platformEventType (5 bytes)
298 1357       1       jdk.jfr.internal.PlatformEventType::isCommittable (5 bytes)
298 1365       3       jdk.jfr.internal.event.EventWriter::putStringValue (56 bytes)
298 1359       1       jdk.jfr.internal.PlatformEventType::hasEventHook (5 bytes)
298 1361       1       jdk.jfr.internal.event.EventConfiguration::id (5 bytes)
298 1362       1       jdk.jfr.internal.PlatformEventType::isLargeSize (5 bytes)
298 1366       3       jdk.jfr.internal.Control::isType (17 bytes)
299 1368       3       jdk.jfr.internal.event.EventWriter::putUncheckedInt (11 bytes)
299 1364       3       jdk.jfr.internal.event.EventWriter::putString (84 bytes)
299 1367       1       jdk.jfr.internal.PlatformEventType::isRegistered (5 bytes)
299 1369       1       jdk.jfr.internal.periodic.EventTask::getEventType (5 bytes)
300 1370       3       jdk.jfr.internal.event.EventConfiguration::isEnabled (8 bytes)
301 1371 %     3       java.util.Properties$LineReader::readLine @ 224 (584 bytes)
301 1372     n 0       java.lang.ref.Reference::refersTo0 (native)   
301 1373     n 0       java.lang.Thread::currentCarrierThread (native)   (static)
301 1262       4       java.util.Collections$UnmodifiableCollection$1::hasNext (10 bytes)   made not entrant: uncommon trap
[0.302s][info][jfr,startup] Started recording 1. No limit specified, using maxsize=250MB as default.
[0.302s][info][jfr,startup] 
[0.302s][info][jfr,startup] Use jcmd 1458 JFR.dump name=1 to copy recording data to file.
302  922       4       java.lang.StringLatin1::replace (197 bytes)   made not entrant: uncommon trap
302 1381       1       jdk.jfr.internal.periodic.PeriodicTask::getPeriod (5 bytes)
303 1374       3       jdk.jfr.internal.event.EventWriter::usedSize (11 bytes)
303 1375       3       jdk.jfr.internal.event.EventWriter::getEventWriter (14 bytes)
303 1376       3       jdk.jfr.internal.event.EventWriter::beginEvent (70 bytes)
303 1377       3       jdk.jfr.internal.event.EventWriter::reserveEventSizeField (60 bytes)
303 1378       3       jdk.jfr.internal.event.EventWriter::endEvent (134 bytes)
304 1382       2       Hot::f (14 bytes)
305 1384 %     3       Hot::main @ 4 (34 bytes)
306 1385       3       Hot::main (34 bytes)
306 1311       3       jdk.jfr.internal.MetadataWriter::writeString (67 bytes)   made not entrant: not used
306 1380       4       java.util.Collections$UnmodifiableCollection$1::hasNext (10 bytes)
307 1386 %     4       Hot::main @ 4 (34 bytes)
308 1384 %     3       Hot::main @ 4 (34 bytes)   made not entrant: OSR invalidation of lower level
308 1315  s    4       java.io.ByteArrayOutputStream::write (32 bytes)
308 1306  s    3       java.io.ByteArrayOutputStream::write (32 bytes)   made not entrant: not used
308 1316  s    4       java.io.DataOutputStream::write (14 bytes)
309 1309  s    3       java.io.DataOutputStream::write (14 bytes)   made not entrant: not used
310 1317       4       jdk.jfr.internal.MetadataWriter::writeInt (148 bytes)
313 1310       3       jdk.jfr.internal.MetadataWriter::writeInt (148 bytes)   made not entrant: not used
313 1323       4       java.util.LinkedHashMap::get (29 bytes)
317 1060       3       java.util.LinkedHashMap::get (29 bytes)   made not entrant: not used
317 1279       4       jdk.jfr.internal.PrivateAccess::getInstance (15 bytes)
318  965       3       jdk.jfr.internal.PrivateAccess::getInstance (15 bytes)   made not entrant: not used
318 1379       4       jdk.jfr.internal.event.EventWriter::putUncheckedByte (22 bytes)
318 1352       3       jdk.jfr.internal.event.EventWriter::putUncheckedByte (22 bytes)   made not entrant: not used
318 1383       4       Hot::f (14 bytes)
318 1382       2       Hot::f (14 bytes)   made not entrant: not used
318 1319       4       java.io.ByteArrayOutputStream::ensureCapacity (32 bytes)
318 1307       2       java.io.ByteArrayOutputStream::ensureCapacity (32 bytes)   made not entrant: not used
318 1264       4       java.lang.Number::<init> (5 bytes)
319 1265       4       java.lang.Long::<init> (10 bytes)
862 1386 %     4       Hot::main @ 4 (34 bytes)   made not entrant: uncommon trap
2494822943242782720
868 1387       3       jdk.jfr.internal.settings.BooleanSetting::setValue (27 bytes)
869 1390       3       jdk.internal.misc.Unsafe::getAndAddLong (27 bytes)
869 1391       3       jdk.internal.misc.Unsafe::weakCompareAndSetLong (11 bytes)
869 1388       3       jdk.jfr.internal.PlatformEventType::setEnabled (126 bytes)
869 1389       3       jdk.jfr.internal.PlatformEventType::updateCommittable (24 bytes)
869 1392       3       java.util.concurrent.atomic.AtomicLong::incrementAndGet (14 bytes)
870 1394       3       java.lang.invoke.MemberName::changeReferenceKind (46 bytes)
870 1393       1       jdk.jfr.internal.Control::getDefaultValue (5 bytes)
870 1395     n 0       java.lang.invoke.MethodHandle::linkToSpecial(LIJLLILL)V (native)   (static)
870 1396       1       java.lang.invoke.LambdaForm$Name::type (5 bytes)
871 1397     n 0       java.lang.invoke.MethodHandle::linkToStatic(LIL)I (native)   (static)
871 1399     n 0       java.lang.invoke.MethodHandle::invokeBasic(LI)I (native)   
871 1398       3       java.lang.invoke.MethodHandles$Lookup::checkSymbolicClass (25 bytes)
871 1400     n 0       java.lang.invoke.MethodHandle::linkToSpecial(LLIL)I (native)   (static)
872 1401       3       jdk.internal.classfile.impl.DirectCodeBuilder::loadLocal (126 bytes)
872 1402       4       jdk.internal.classfile.impl.SplitConstantPool::internalAdd (78 bytes)
872 1405     n 0       java.lang.invoke.MethodHandle::linkToStatic(LLLIL)L (native)   (static)
873 1403       3       java.lang.invoke.MethodHandles$Lookup::lookupClassOrNull (17 bytes)
873 1404       3       java.lang.invoke.DirectMethodHandle::preparedLambdaForm (31 bytes)
873 1407       3       java.lang.invoke.MemberName::ensureTypeVisible (180 bytes)
873 1408     n 0       java.lang.invoke.MethodHandle::invokeBasic(LLLI)L (native)   
873 1415     n 0       java.lang.invoke.MethodHandle::linkToStatic(LIL)J (native)   (static)
874 1417     n 0       java.lang.invoke.MethodHandle::invokeBasic(LI)J (native)   
874 1412       3       jdk.internal.classfile.impl.DirectMethodBuilder::run (9 bytes)
874 1418     n 0       java.lang.invoke.MethodHandle::linkToSpecial(LLIL)J (native)   (static)
874 1413       3       jdk.internal.classfile.impl.DirectMethodBuilder::withCode (7 bytes)
874 1409       3       java.lang.String::concat (15 bytes)
874 1414       1       jdk.internal.classfile.impl.AnnotationImpl::elements (5 bytes)
875 1421     n 0       java.lang.invoke.MethodHandle::invokeBasic(IJLLIL)L (native)   
875 1419       3       jdk.internal.classfile.impl.DirectClassBuilder::withMethod (29 bytes)
875 1422     n 0       java.lang.invoke.MethodHandle::linkToSpecial(LIJLLILL)L (native)   (static)
875 1410       3       java.lang.StringConcatHelper::doConcat (62 bytes)
875 1424       3       java.lang.StringLatin1::replace (197 bytes)
875 1426     n 0       java.lang.invoke.MethodHandle::invokeBasic(L)J (native)   
875 1427     n 0       java.lang.invoke.MethodHandle::linkToSpecial(LLL)J (native)   (static)
876 1423       3       java.lang.StringLatin1::canEncode (13 bytes)
876 1420       3       java.lang.invoke.MethodType::basicType (8 bytes)
876 1411       3       java.lang.StringConcatHelper::checkOverflow (16 bytes)
876 1425       3       jdk.internal.classfile.impl.DirectCodeBuilder::fieldAccess (14 bytes)
876 1432       3       java.lang.invoke.InvokerBytecodeGenerator::classDesc (88 bytes)
876 1431       3       java.lang.invoke.MethodHandle::<init> (37 bytes)
877 1433       3       sun.invoke.util.VerifyType::isNullConversion (157 bytes)
877 1435     n 0       java.lang.invoke.MethodHandle::linkToStatic(LLLLLLLL)L (native)   (static)
877 1436     n 0       java.lang.invoke.MethodHandle::invokeBasic(LLLLLLL)L (native)   
878 1437       3       java.lang.invoke.MemberName::getName (25 bytes)
878 1438       3       jdk.internal.classfile.impl.StackMapGenerator$Type::equals (54 bytes)
878 1428       3       jdk.internal.classfile.impl.BytecodeHelpers::ldcOpcode (41 bytes)
878 1429       3       jdk.internal.classfile.impl.DirectCodeBuilder::writeDirectLoadConstant (77 bytes)
878 1442     n 0       java.lang.invoke.MethodHandle::linkToStatic(LLLLLLLLL)L (native)   (static)
878 1434       3       java.lang.classfile.constantpool.LoadableConstantEntry::typeKind (4 bytes)
879 1443       3       java.lang.invoke.LambdaForm$BasicType::basicTypeSlots (8 bytes)
879 1444       3       sun.invoke.util.Wrapper::stackSlots (9 bytes)
879 1441       3       jdk.internal.classfile.impl.UnboundAttribute::writeTo (12 bytes)
879 1445     n 0       java.lang.invoke.MethodHandle::invokeBasic(LLLLLLLL)L (native)   
879 1440       1       java.lang.constant.ClassDesc::isArray (2 bytes)
879 1446       3       java.lang.invoke.InvokerBytecodeGenerator::emitLoadInsn (15 bytes)
879 1447       3       java.lang.invoke.InvokerBytecodeGenerator::emitPushArgument (145 bytes)
879 1448     n 0       jdk.internal.misc.Unsafe::ensureClassInitialized0 (native)   
880 1451       3       jdk.internal.constant.MethodTypeDescImpl::buildDescriptorString (205 bytes)
880 1458     n 0       java.lang.invoke.MethodHandle::linkToStatic(LLLLLLLLLL)L (native)   (static)
881 1459     n 0       java.lang.invoke.MethodHandle::invokeBasic(LLLLLLLLL)L (native)   
881 1454       3       jdk.internal.classfile.impl.Util::writeList (28 bytes)
882 1455       3       jdk.internal.classfile.impl.StackMapGenerator::processFieldInstructions (140 bytes)
882 1460     n 0       java.lang.invoke.MethodHandle::linkToStatic(LIL)L (native)   (static)
882 1461     n 0       java.lang.invoke.MethodHandle::invokeBasic(LI)L (native)   
882 1450       3       java.lang.String::endsWith (15 bytes)
882  426       3       jdk.internal.classfile.impl.SplitConstantPool::internalAdd (78 bytes)   made not entrant: not used
883 1462     n 0       java.lang.invoke.MethodHandle::linkToSpecial(LLIL)L (native)   (static)
883 1430       4       java.lang.Record::<init> (5 bytes)
883 1453       1       java.lang.invoke.LambdaForm$BasicType::basicTypeWrapper (5 bytes)
883 1463     n 0       java.lang.invoke.MethodHandle::linkToStatic(LILL)V (native)   (static)
883 1457   !   3       java.lang.invoke.MemberName$Factory::resolve (159 bytes)
883  262       3       java.lang.Record::<init> (5 bytes)   made not entrant: not used
883 1406       4       jdk.internal.classfile.impl.BufWriterImpl::cpIndex (33 bytes)
883 1464     n 0       java.lang.invoke.MethodHandle::invokeBasic(LIL)V (native)   
883 1465     n 0       java.lang.invoke.MethodHandle::linkToSpecial(LLILL)V (native)   (static)
883 1456       3       jdk.internal.classfile.impl.StackMapGenerator$Frame::<init> (13 bytes)
883 1449       3       jdk.internal.classfile.impl.DirectClassBuilder::withField (54 bytes)
884 1466       3       java.lang.invoke.LambdaForm$Name::replaceNames (175 bytes)
884 1467       3       java.lang.invoke.LambdaForm::useCount (107 bytes)
884  453       3       jdk.internal.classfile.impl.BufWriterImpl::cpIndex (33 bytes)   made not entrant: not used
884 1416       4       jdk.internal.access.SharedSecrets::getJavaLangAccess (4 bytes)
884  788   !   3       jdk.internal.reflect.DirectConstructorHandleAccessor::newInstance (130 bytes)   made not entrant: C1 deoptimize for patching
885  914       3       jdk.internal.access.SharedSecrets::getJavaLangAccess (4 bytes)   made not entrant: not used
885 1452       4       java.lang.AbstractStringBuilder::needsNewBuffer (33 bytes)
885 1468       3       java.lang.invoke.MemberName::getInvocationType (56 bytes)
885 1469       3       jdk.internal.classfile.impl.AbstractAttributeMapper::writeAttribute (48 bytes)
885  159       3       java.lang.AbstractStringBuilder::needsNewBuffer (33 bytes)   made not entrant: not used
885 1439       4       jdk.internal.classfile.impl.BufWriterImpl::writeU1 (24 bytes)
888  525       3       jdk.internal.classfile.impl.BufWriterImpl::writeU1 (24 bytes)   made not entrant: not used
891 1470       3       java.lang.ref.SoftReference::<init> (13 bytes)
