13    1       3       java.lang.Object::<init> (1 bytes)
13    2       3       java.lang.Byte::toUnsignedInt (6 bytes)
13    3       3       java.lang.String::hashCode (60 bytes)
14    4     n 0       jdk.internal.misc.Unsafe::getReferenceVolatile (native)   
14    6       3       java.util.ImmutableCollections$SetN::probe (56 bytes)
14    5       3       java.lang.Math::floorMod (20 bytes)
14    7       3       java.lang.String::equals (56 bytes)
15    8       3       java.util.Objects::requireNonNull (14 bytes)
15    9       3       java.lang.StringLatin1::equals (36 bytes)
15   12       4       java.lang.Object::<init> (1 bytes)
15   10       3       java.util.Objects::equals (23 bytes)
15   11       3       java.util.Set::of (4 bytes)
15    1       3       java.lang.Object::<init> (1 bytes)   made not entrant: not used
15   13       3       java.util.ImmutableCollections$SetN::iterator (9 bytes)
15   16       3       java.lang.module.ModuleDescriptor::modsHashCode (43 bytes)
15   17       3       java.util.AbstractCollection::<init> (5 bytes)
15   14       3       java.util.ImmutableCollections$AbstractImmutableSet::<init> (5 bytes)
15   20     n 0       java.lang.System::arraycopy (native)   (static)
15   15       3       java.util.Set::of (68 bytes)
16   18       3       java.util.ImmutableCollections$AbstractImmutableCollection::<init> (5 bytes)
16   23       4       java.lang.Byte::toUnsignedInt (6 bytes)
16   19       3       java.lang.String::coder (15 bytes)
16   25     n 0       jdk.internal.misc.Unsafe::compareAndSetLong (native)   
16   24       3       java.util.ImmutableCollections$SetN$SetNIterator::hasNext (13 bytes)
16    2       3       java.lang.Byte::toUnsignedInt (6 bytes)   made not entrant: not used
16   26     n 0       jdk.internal.misc.Unsafe::compareAndSetReference (native)   
16   22       1       java.lang.module.ModuleReference::descriptor (5 bytes)
16   27       3       java.util.concurrent.ConcurrentHashMap::tabAt (21 bytes)
16   29       3       java.util.ImmutableCollections$SetN$SetNIterator::next (90 bytes)
16   21       1       java.lang.module.ModuleDescriptor::name (5 bytes)
16   28       3       java.lang.String::length (11 bytes)
16   31   !   3       java.util.concurrent.ConcurrentHashMap::putVal (432 bytes)
17   36     n 0       java.lang.invoke.MethodHandle::linkToStatic(L)L (native)   (static)
17   32       3       java.lang.String::isLatin1 (19 bytes)
17   33       3       jdk.internal.util.Preconditions::checkIndex (18 bytes)
17   34       3       java.lang.String::charAt (25 bytes)
17   38     n 0       java.lang.Object::hashCode (native)   
17   35       3       java.lang.StringLatin1::charAt (15 bytes)
18   30       3       java.util.concurrent.ConcurrentHashMap::addCount (280 bytes)
18   40     n 0       java.lang.invoke.MethodHandle::linkToStatic(LLL)L (native)   (static)
18   41     n 0       java.lang.invoke.MethodHandle::linkToStatic(LLLL)L (native)   (static)
18   39       1       java.lang.Class::isPrimitive (5 bytes)
18   37       1       java.lang.Enum::ordinal (5 bytes)
18   42     n 0       java.lang.invoke.MethodHandle::invokeBasic()L (native)   
18   43     n 0       java.lang.invoke.MethodHandle::linkToSpecial(LL)L (native)   (static)
19   44       3       java.lang.Enum::<init> (15 bytes)
19   45       3       jdk.internal.util.ArraysSupport::unsignedHashCode (36 bytes)
20   46     n 0       java.lang.invoke.MethodHandle::invokeBasic(L)L (native)   
20   48     n 0       java.lang.invoke.MethodHandle::linkToSpecial(LLL)L (native)   (static)
20   47       1       jdk.internal.util.StrongReferenceKey::get (5 bytes)
20   49     n 0       java.lang.Object::getClass (native)   
20   50       3       java.util.concurrent.ConcurrentHashMap::spread (10 bytes)
20   51     n 0       java.lang.invoke.MethodHandle::linkToStatic(LLLLLLL)L (native)   (static)
20   52     n 0       java.lang.Object::clone (native)   
20   53     n 0       java.lang.invoke.MethodHandle::linkToStatic(LL)I (native)   (static)
20   55       1       java.lang.invoke.MethodType::returnType (5 bytes)
20   56     n 0       java.lang.invoke.MethodHandle::invokeBasic(LLLLLL)L (native)   
20   54       1       java.lang.Class::getClassLoader (5 bytes)
20   57       1       jdk.internal.classfile.impl.AbstractPoolEntry::index (5 bytes)
20   58       3       java.util.concurrent.ConcurrentHashMap::putIfAbsent (8 bytes)
21   59     n 0       java.lang.invoke.MethodHandle::linkToSpecial(LL)V (native)   (static)
21   60       3       java.util.Objects::hashCode (13 bytes)
21   61   !   3       java.lang.ref.ReferenceQueue::poll (44 bytes)
21   63     n 0       java.lang.invoke.MethodHandle::linkToStatic(LLL)I (native)   (static)
21   62       3       jdk.internal.util.ReferencedKeyMap::removeStaleReferences (30 bytes)
21   64     n 0       java.lang.invoke.MethodHandle::linkToSpecial(LLL)V (native)   (static)
21   65       1       java.lang.invoke.MemberName::getDeclaringClass (5 bytes)
21   66       3       java.lang.String::getBytes (44 bytes)
21   68       3       java.lang.invoke.MethodType::hashCode (53 bytes)
21   67       3       java.util.concurrent.ConcurrentHashMap::get (162 bytes)
22   70     n 0       java.lang.invoke.MethodHandle::linkToInterface(LLL)I (native)   (static)
22   69       3       java.lang.invoke.MemberName::isInvocable (8 bytes)
22   71     n 0       java.lang.invoke.MethodHandle::linkToStatic(LL)L (native)   (static)
22   72       3       java.lang.Class::isArray (13 bytes)
22   73       1       java.lang.invoke.MethodType::form (5 bytes)
22   75     n 0       java.lang.invoke.MethodHandle::linkToSpecial(LL)I (native)   (static)
22   74       3       java.util.Objects::requireNonNull (15 bytes)
23   76       3       jdk.internal.util.ReferencedKeyMap::get (10 bytes)
23   77       3       jdk.internal.util.ReferencedKeyMap::getNoCheckStale (22 bytes)
23   78       3       java.util.HashMap::hash (20 bytes)
23   79       1       java.util.stream.FindOps$FindSink::cancellationRequested (5 bytes)
23   80       3       java.util.HashMap::putVal (300 bytes)
24   85       3       java.util.HashMap::afterNodeInsertion (1 bytes)
24   80       3       java.util.HashMap::putVal (300 bytes)   made not entrant: marked for deoptimization
24   83       3       java.util.HashMap$Node::<init> (26 bytes)
24   81       3       java.util.HashMap::newNode (13 bytes)
24   88       3       java.util.HashMap::putVal (300 bytes)
24   89       3       java.util.HashMap::getNode (150 bytes)
24   82       3       java.util.HashMap::put (13 bytes)
25   96       3       java.util.HashMap$HashIterator::nextNode (100 bytes)
25   87       1       java.lang.module.ModuleDescriptor$Requires::name (5 bytes)
25   92       3       java.util.HashMap$HashIterator::hasNext (13 bytes)
25   94       3       java.util.HashMap::get (19 bytes)
25   90       3       java.lang.module.ModuleDescriptor::hashCode (170 bytes)
25  104       4       java.util.HashMap::afterNodeInsertion (1 bytes)
25  105       3       java.lang.module.ModuleDescriptor$Exports::isQualified (18 bytes)
25  102       1       java.lang.module.ModuleDescriptor$Exports::source (5 bytes)
25   85       3       java.util.HashMap::afterNodeInsertion (1 bytes)   made not entrant: not used
25  103       1       java.lang.module.ModuleDescriptor$Exports::targets (5 bytes)
25  101       1       java.util.ImmutableCollections$Set12::isEmpty (2 bytes)
25   99       3       jdk.internal.module.ModuleReferenceImpl::hashCode (56 bytes)
25  108       4       java.lang.String::hashCode (60 bytes)
26  106       3       java.util.ImmutableCollections$SetN::isEmpty (13 bytes)
26  107       3       java.util.HashMap::putIfAbsent (13 bytes)
26   95       1       java.lang.module.ModuleDescriptor::isAutomatic (5 bytes)
26  109       3       java.util.ImmutableCollections$Set12::contains (28 bytes)
26  110       3       java.lang.Object::equals (11 bytes)
26   86       1       java.lang.module.ModuleDescriptor$Requires::modifiers (5 bytes)
26   91       3       java.util.ImmutableCollections$SetN$SetNIterator::<init> (41 bytes)
26    3       3       java.lang.String::hashCode (60 bytes)   made not entrant: not used
26  114       4       java.util.Objects::requireNonNull (14 bytes)
26  112       3       java.util.ImmutableCollections$SetN::contains (26 bytes)
26  111       3       java.util.HashMap$KeyIterator::next (8 bytes)
26    8       3       java.util.Objects::requireNonNull (14 bytes)   made not entrant: not used
26  118       4       java.util.ImmutableCollections$SetN$SetNIterator::hasNext (13 bytes)
26  119       3       java.util.HashMap::resize (356 bytes)
26   24       3       java.util.ImmutableCollections$SetN$SetNIterator::hasNext (13 bytes)   made not entrant: not used
26  120       4       java.util.ImmutableCollections$SetN$SetNIterator::next (90 bytes)
27  100       3       java.lang.module.ResolvedModule::hashCode (16 bytes)
27  116       3       java.util.ImmutableCollections$Set12$1::hasNext (13 bytes)
27  113       3       java.util.HashSet::add (20 bytes)
27   93       1       java.lang.module.ModuleDescriptor::requires (5 bytes)
27  123       3       java.util.HashMap::keySet (25 bytes)
27   29       3       java.util.ImmutableCollections$SetN$SetNIterator::next (90 bytes)   made not entrant: not used
27  121       4       java.lang.module.ModuleDescriptor$Exports::isQualified (18 bytes)
27  117       1       java.lang.module.ModuleDescriptor::exports (5 bytes)
27   98       1       java.util.HashMap$Node::getValue (5 bytes)
27   97       1       java.util.HashMap$Node::getKey (5 bytes)
27  115       1       java.lang.module.ModuleDescriptor::provides (5 bytes)
27  124       3       java.util.HashMap$KeySet::iterator (12 bytes)
27  105       3       java.lang.module.ModuleDescriptor$Exports::isQualified (18 bytes)   made not entrant: not used
27  126       4       java.lang.StringLatin1::equals (36 bytes)
28  125       3       java.util.HashSet::iterator (13 bytes)
28  132       3       java.util.concurrent.ConcurrentHashMap::casTabAt (20 bytes)
28  122       1       java.lang.module.ModuleDescriptor::uses (5 bytes)
28  135       3       java.util.ImmutableCollections$Set12$1::next (95 bytes)
28  134       3       java.util.ImmutableCollections$Set12::iterator (9 bytes)
28   84       1       jdk.internal.module.ModuleReferenceImpl::moduleResolution (5 bytes)
28  137       3       java.lang.Math::min (11 bytes)
28  133       1       java.lang.module.ModuleDescriptor::packages (5 bytes)
28  138       3       java.util.Optional::ofNullable (19 bytes)
28  128       1       java.util.KeyValueHolder::getKey (5 bytes)
28  136       1       java.lang.module.ResolvedModule::reference (5 bytes)
28  139       1       java.lang.AbstractStringBuilder::length (5 bytes)
28  129       1       java.util.KeyValueHolder::getValue (5 bytes)
28  141       3       java.util.AbstractMap::<init> (5 bytes)
28  140       1       java.lang.module.ModuleDescriptor$Version::toString (5 bytes)
28  142     n 0       java.lang.Module::addExports0 (native)   (static)
29  143       3       java.lang.module.ResolvedModule::name (11 bytes)
29  145     n 0       java.lang.Module::addExportsToAll0 (native)   (static)
29  144       3       java.util.HashMap::<init> (11 bytes)
29  146       3       java.util.AbstractSet::<init> (5 bytes)
29  147       3       java.util.ImmutableCollections$Set12$1::<init> (37 bytes)
29  149     n 0       java.lang.Double::doubleToRawLongBits (native)   (static)
29  148       3       java.util.HashSet::<init> (16 bytes)
29    9       3       java.lang.StringLatin1::equals (36 bytes)   made not entrant: not used
29  127       4       java.util.HashMap::putVal (300 bytes)
29  151     n 0       java.lang.Module::addReads0 (native)   (static)
29  150       1       java.lang.module.ResolvedModule::configuration (5 bytes)
29  152       3       java.util.HashMap::isEmpty (13 bytes)
29  153       1       java.lang.module.ModuleDescriptor$Provides::service (5 bytes)
29  154     n 0       jdk.internal.vm.Continuation::enterSpecial (native)   (static)
29  155     n 0       jdk.internal.vm.Continuation::doYield (native)   (static)
30  156       3       java.lang.AbstractStringBuilder::needsNewBuffer (33 bytes)
30  157       3       jdk.jfr.internal.dcmd.ArgumentParser::currentChar (12 bytes)
31  158       3       java.lang.StringLatin1::canEncode (17 bytes)
31  160       1       jdk.internal.classfile.impl.SplitConstantPool::size (5 bytes)
31  159       1       jdk.internal.classfile.impl.AbstractPoolEntry::width (2 bytes)
31  162       3       java.lang.StringLatin1::indexOf (17 bytes)
31  164       3       java.lang.AbstractStringBuilder::isLatin1 (16 bytes)
31  163       3       java.lang.StringBuilder::append (8 bytes)
31  161       1       java.lang.invoke.MethodType::ptypes (5 bytes)
31  165       3       java.lang.invoke.MethodTypeForm::canonicalize (74 bytes)
31  166       3       java.lang.String::checkBoundsBeginEnd (11 bytes)
32  168       3       jdk.internal.util.StrongReferenceKey::hashCode (8 bytes)
32  167       3       jdk.internal.util.Preconditions::checkFromToIndex (24 bytes)
32  169       3       jdk.internal.classfile.impl.BufWriterImpl::reserveSpace (22 bytes)
32  170       1       jdk.internal.classfile.impl.RawBytecodeHelper::bci (5 bytes)
32  171       3       java.lang.CharacterDataLatin1::toLowerCase (44 bytes)
33  172       3       java.lang.CharacterDataLatin1::isUpperCase (16 bytes)
33  173       3       java.lang.CharacterDataLatin1::getPropertiesEx (11 bytes)
33  174       3       java.lang.String::<init> (15 bytes)
33   88       3       java.util.HashMap::putVal (300 bytes)   made not entrant: not used
33  130       4       java.util.HashMap::newNode (13 bytes)
33   81       3       java.util.HashMap::newNode (13 bytes)   made not entrant: not used
33  131       4       java.lang.String::equals (56 bytes)
34    7       3       java.lang.String::equals (56 bytes)   made not entrant: not used
35  175       3       java.lang.String::indexOf (41 bytes)
36  176       3       java.lang.invoke.MethodType::checkSlotCount (33 bytes)
36  178     n 0       java.lang.invoke.MethodHandle::linkToStatic(LLIL)L (native)   (static)
36  177       3       java.lang.invoke.MethodType::parameterCount (6 bytes)
36  179     n 0       java.lang.invoke.MethodHandle::linkToStatic(LLILLL)L (native)   (static)
37  181       3       jdk.internal.util.ReferencedKeyMap::lookupKey (9 bytes)
37  182       3       jdk.internal.util.StrongReferenceKey::<init> (10 bytes)
37  183       3       java.lang.invoke.MethodType::makeImpl (109 bytes)
37  185     n 0       java.lang.invoke.MethodHandle::linkToStatic(LLIL)I (native)   (static)
37  186     n 0       jdk.internal.misc.Unsafe::getShort (native)   
37  180       1       jdk.internal.util.WeakReferenceKey::hashCode (5 bytes)
37  187       3       java.io.DataInputStream::readFully (59 bytes)
37  189       3       java.lang.StringCoding::countPositives (33 bytes)
38  192  s    3       java.io.BufferedInputStream::read (112 bytes)
38  193       3       java.io.BufferedInputStream::ensureOpen (18 bytes)
38  194       3       java.io.BufferedInputStream::read1 (121 bytes)
38  188       3       jdk.internal.util.Preconditions::checkFromIndexSize (25 bytes)
38  191       3       java.io.BufferedInputStream::getBufIfOpen (61 bytes)
38  190       3       java.io.BufferedInputStream::getBufIfOpen (6 bytes)
38  195       3       java.lang.invoke.VarHandle::checkAccessModeThenIsDirect (29 bytes)
38  196       3       java.lang.invoke.VarForm::getMemberName (38 bytes)
39  197       3       java.lang.invoke.VarHandleGuards::guard_LI_I (78 bytes)
39  204     n 0       java.lang.invoke.MethodHandle::invokeBasic(LLI)I (native)   
39  202       3       jdk.internal.misc.Unsafe::convEndian (16 bytes)
39  205       3       java.io.DataInputStream::readShort (19 bytes)
40  206       3       jdk.internal.util.ByteArray::getShort (9 bytes)
40  208       3       jdk.internal.util.ArraysSupport::hashCodeOfUnsigned (55 bytes)
40  207       3       jdk.internal.util.ArraysSupport::vectorizedHashCode (158 bytes)
40  209     n 0       java.lang.invoke.MethodHandle::linkToStatic(LLIL)J (native)   (static)
40  198       3       java.lang.invoke.VarHandleByteArrayAsShorts$ArrayHandle::get (35 bytes)
40  199       3       java.lang.invoke.VarHandleByteArrayAsShorts$ArrayHandle::index (12 bytes)
40  200       3       jdk.internal.misc.Unsafe::getShortUnaligned (12 bytes)
40  201       3       jdk.internal.misc.Unsafe::getShortUnaligned (33 bytes)
40  203       3       java.lang.Short::reverseBytes (14 bytes)
41  184       3       java.lang.invoke.MethodType::parameterType (7 bytes)
41  210       3       java.util.zip.Checksum::update (11 bytes)
41  211       3       java.util.zip.CRC32::update (38 bytes)
41  213       3       java.util.zip.CRC32::updateBytes (14 bytes)
41  214       3       java.util.zip.CRC32::updateBytesCheck (35 bytes)
42  212       3       sun.util.calendar.ZoneInfoFile$Checksum::update (39 bytes)
42  216       3       java.io.DataInputStream::readUTF (5 bytes)
42  217       3       java.io.DataInputStream::readUTF (601 bytes)
42  226       4       java.io.DataInputStream::readFully (59 bytes)
42  228     n 0       jdk.internal.misc.Unsafe::putReferenceVolatile (native)   
42  218       3       java.io.DataInputStream::readUnsignedShort (19 bytes)
43  219       3       jdk.internal.util.ByteArray::getUnsignedShort (12 bytes)
43  220       3       java.lang.Short::toUnsignedInt (5 bytes)
43  221       3       java.lang.System$1::uncheckedCountPositives (7 bytes)
43  222       3       java.lang.System$1::uncheckedNewStringNoRepl (6 bytes)
43  223   !   3       java.lang.String::newStringNoRepl (33 bytes)
43  234       3       java.util.concurrent.ConcurrentHashMap$Traverser::advance (188 bytes)
43  229       3       jdk.internal.misc.Unsafe::putReferenceRelease (9 bytes)
43  230       3       java.util.concurrent.ConcurrentHashMap::setTabAt (19 bytes)
44  224   !   3       java.lang.String::newStringNoRepl1 (284 bytes)
44  237       3       java.lang.StringLatin1::indexOfChar (33 bytes)
44  235       3       java.util.concurrent.ConcurrentHashMap$BaseIterator::hasNext (13 bytes)
44  225       3       java.io.DataInputStream::readFully (9 bytes)
44  233       3       java.util.concurrent.ConcurrentHashMap::put (8 bytes)
44  236       1       java.lang.Module::getDescriptor (5 bytes)
44  215       1       java.lang.AbstractStringBuilder::getValue (5 bytes)
44  238       3       java.lang.ref.Reference::reachabilityFence (1 bytes)
44  239     n 0       jdk.internal.misc.Unsafe::getByte (native)   
45  240       3       java.util.concurrent.ConcurrentHashMap$Node::<init> (20 bytes)
45  241       3       java.util.Optional::orElse (16 bytes)
45  244       3       java.nio.Buffer::checkIndex (12 bytes)
45  245     n 0       jdk.internal.misc.Unsafe::compareAndSetInt (native)   
45  242       3       java.nio.Buffer::session (20 bytes)
45  246   !   3       java.nio.DirectByteBuffer::get (34 bytes)
45  247       3       java.nio.DirectByteBuffer::ix (10 bytes)
45  248   !   3       jdk.internal.misc.ScopedMemoryAccess::getByte (16 bytes)
45  249   !   3       jdk.internal.misc.ScopedMemoryAccess::getByteInternal (34 bytes)
45  254     n 0       jdk.internal.misc.Unsafe::getInt (native)   
45  252       3       java.io.DataInputStream::readByte (6 bytes)
46  255     n 0       java.lang.Class::isInstance (native)   
46  253       3       java.io.DataInputStream::readUnsignedByte (22 bytes)
46  256       3       java.lang.Math::floorMod (28 bytes)
46  257       1       java.time.ZoneOffset::getTotalSeconds (5 bytes)
46  258       1       java.time.temporal.ChronoField::range (5 bytes)
46  261     n 0       java.lang.invoke.MethodHandle::linkToStatic(ILL)L (native)   (static)
46  259       1       java.time.temporal.ValueRange::getMinimum (5 bytes)
46  260       1       java.time.temporal.ValueRange::getMaximum (5 bytes)
46  263       3       jdk.internal.classfile.impl.SplitConstantPool::map (161 bytes)
47  264       3       jdk.internal.classfile.impl.AbstractPoolEntry::hashString (5 bytes)
47  262       1       jdk.internal.classfile.impl.AbstractPoolEntry::constantPool (5 bytes)
47  265     n 0       java.lang.invoke.MethodHandle::linkToSpecial(LIL)V (native)   (static)
47  266     n 0       java.lang.invoke.MethodHandle::invokeBasic(I)L (native)   
47  267     n 0       java.lang.invoke.MethodHandle::linkToSpecial(LIL)L (native)   (static)
47  268       3       java.lang.invoke.MemberName::allFlagsSet (16 bytes)
47  269     n 0       java.lang.invoke.MethodHandle::linkToStatic(IIL)I (native)   (static)
48  270       3       java.lang.invoke.MemberName::initResolved (53 bytes)
48  271       1       java.util.ArrayList::size (5 bytes)
48  272       3       java.util.HashMap$EntryIterator::next (5 bytes)
48  273       3       java.util.HashMap$EntryIterator::next (5 bytes)
48  274       1       java.util.HashMap::size (5 bytes)
48  275     n 0       java.lang.invoke.MethodHandleNatives::resolve (native)   (static)
48  276       1       java.lang.invoke.MethodTypeForm::erasedType (5 bytes)
48  277       3       java.lang.StringConcatHelper::newArray (28 bytes)
48  278       3       jdk.internal.misc.Unsafe::allocateUninitializedArray (55 bytes)
49  279       3       java.util.ArrayList::add (25 bytes)
49  280       3       java.util.ArrayList::add (23 bytes)
49  187       3       java.io.DataInputStream::readFully (59 bytes)   made not entrant: not used
49  250       4       java.lang.ref.Reference::reachabilityFence (1 bytes)
49  250       4       java.lang.ref.Reference::reachabilityFence (1 bytes)   COMPILE SKIPPED: Jvmti state change invalidated dependencies
49  251       4       java.lang.String::isLatin1 (19 bytes)
50   32       3       java.lang.String::isLatin1 (19 bytes)   made not entrant: not used
50  243       4       java.util.concurrent.ConcurrentHashMap::tabAt (21 bytes)
50   27       3       java.util.concurrent.ConcurrentHashMap::tabAt (21 bytes)   made not entrant: not used
50  227       4       java.io.BufferedInputStream::getBufIfOpen (61 bytes)
50  281     n 0       java.lang.invoke.MethodHandle::linkToStatic(L)V (native)   (static)
50  282       3       java.util.Arrays::copyOf (40 bytes)
50  191       3       java.io.BufferedInputStream::getBufIfOpen (61 bytes)   made not entrant: not used
51  232       4       java.io.BufferedInputStream::read1 (121 bytes)
51  283       3       jdk.internal.classfile.impl.EntryMap::firstToken (50 bytes)
51  284   !   3       java.lang.invoke.MemberName::getMethodType (213 bytes)
51  286       1       java.lang.String::value (5 bytes)
51  285       1       jdk.internal.constant.ClassOrInterfaceDescImpl::descriptorString (5 bytes)
51  287       1       jdk.internal.classfile.impl.BufWriterImpl::size (5 bytes)
51  288       3       jdk.internal.classfile.impl.AbstractPoolEntry::maybeClone (26 bytes)
51  289       3       jdk.internal.classfile.impl.SplitConstantPool::canWriteDirect (24 bytes)
51  291       3       jdk.internal.classfile.impl.EntryMap::put (186 bytes)
51  294     n 0       java.lang.Class::isHidden (native)   
52  292       3       jdk.internal.classfile.impl.SplitConstantPool::entryByIndex (59 bytes)
52  297       3       java.lang.StringCoding::countNonZeroAsciiLatin1 (33 bytes)
52  194       3       java.io.BufferedInputStream::read1 (121 bytes)   made not entrant: not used
52  231       4       java.util.concurrent.ConcurrentHashMap::casTabAt (20 bytes)
52  296       3       jdk.internal.classfile.impl.AbstractPoolEntry::<init> (20 bytes)
52  298       3       jdk.internal.classfile.impl.SplitConstantPool::internalAdd (12 bytes)
52  132       3       java.util.concurrent.ConcurrentHashMap::casTabAt (20 bytes)   made not entrant: not used
52  290       3       java.lang.invoke.MemberName::getReferenceKind (12 bytes)
52  299       3       jdk.internal.classfile.impl.SplitConstantPool::internalAdd (78 bytes)
52  293       1       java.lang.invoke.MethodHandles$Lookup::lookupClass (5 bytes)
53  295       1       java.lang.invoke.MethodHandle::type (5 bytes)
54  300     n 0       java.lang.Class::desiredAssertionStatus0 (native)   (static)
54  301       3       jdk.internal.classfile.impl.AbstractPoolEntry$Utf8EntryImpl::hashCode (8 bytes)
54  303       3       jdk.internal.classfile.impl.AbstractPoolEntry$Utf8EntryImpl::<init> (49 bytes)
54  302       1       jdk.internal.classfile.impl.AbstractDirectBuilder::constantPool (5 bytes)
54  304       3       java.lang.StringLatin1::canEncode (13 bytes)
54  306       3       java.lang.StringLatin1::replace (197 bytes)
55  308       3       java.util.Arrays::copyOfRange (82 bytes)
55  305       3       jdk.internal.misc.Unsafe::allocateUninitializedArray0 (90 bytes)
55  310       3       jdk.internal.classfile.impl.RawBytecodeHelper::next (81 bytes)
55  307       3       jdk.internal.classfile.impl.BufWriterImpl::cpIndex (33 bytes)
56  311       3       jdk.internal.classfile.impl.RawBytecodeHelper::endBci (8 bytes)
56  313       3       jdk.internal.classfile.impl.RawBytecodeHelper::opcode (9 bytes)
56  312       1       jdk.internal.constant.ClassOrInterfaceDescImpl::isClassOrInterface (2 bytes)
56  309       1       java.lang.module.ModuleDescriptor::isOpen (5 bytes)
56  314     n 0       java.lang.Class::isAssignableFrom (native)   
56  315       3       jdk.internal.classfile.impl.SplitConstantPool::tryFindUtf8 (103 bytes)
57  316       3       java.lang.String::substring (58 bytes)
57  318       3       java.lang.StringBuilder::append (8 bytes)
57  319       3       java.lang.AbstractStringBuilder::append (100 bytes)
57  320       1       jdk.internal.classfile.impl.AbstractPoolEntry::hashCode (5 bytes)
57  317       1       jdk.internal.classfile.impl.AbstractPoolEntry$ClassEntryImpl::tag (3 bytes)
57  321       1       java.lang.invoke.MethodTypeForm::basicType (5 bytes)
57  322     n 0       java.lang.reflect.Array::newArray (native)   (static)
57  323       4       jdk.internal.util.ArraysSupport::unsignedHashCode (36 bytes)
57  325       3       java.lang.reflect.Modifier::isProtected (12 bytes)
58  324       3       java.lang.invoke.MemberName::getModifiers (8 bytes)
58  326       3       java.lang.invoke.MethodType::equals (27 bytes)
58  327       3       java.lang.reflect.Modifier::isPublic (12 bytes)
58  328       3       java.lang.invoke.MethodType::methodType (69 bytes)
58  330       3       java.lang.StringBuilder::length (5 bytes)
58  329   !   3       java.lang.invoke.MemberName::clone (14 bytes)
58  331       3       jdk.internal.constant.ClassOrInterfaceDescImpl::ofValidated (64 bytes)
58  333       3       jdk.internal.classfile.impl.SplitConstantPool::utf8Entry (45 bytes)
59  336       3       java.lang.Record::<init> (5 bytes)
59  337       3       jdk.internal.classfile.impl.BufWriterImpl::writeU2 (38 bytes)
59  332       3       jdk.internal.constant.ClassOrInterfaceDescImpl::<init> (10 bytes)
59   45       3       jdk.internal.util.ArraysSupport::unsignedHashCode (36 bytes)   made not entrant: not used
59  338       3       jdk.internal.classfile.impl.AbstractPoolEntry::hash1 (10 bytes)
59  335       1       jdk.internal.classfile.impl.AbstractPoolEntry$Utf8EntryImpl::tag (2 bytes)
59  334       1       jdk.internal.classfile.impl.AbstractDirectBuilder::setOriginal (6 bytes)
59  339       3       jdk.internal.classfile.impl.SplitConstantPool::utf8Entry (6 bytes)
59  341       4       java.lang.String::length (11 bytes)
59  340       1       jdk.internal.classfile.impl.DirectMethodBuilder::methodFlags (5 bytes)
59  342       3       java.lang.StringConcatHelper::concat (24 bytes)
59   28       3       java.lang.String::length (11 bytes)   made not entrant: not used
60  345       3       jdk.internal.classfile.impl.AbstractPoolEntry$Utf8EntryImpl::writeTo (44 bytes)
60  346       3       jdk.internal.classfile.impl.BufWriterImpl::writeUtfEntry (144 bytes)
60  351     n 0       java.lang.invoke.MethodHandle::invokeBasic(LL)L (native)   
60  352     n 0       java.lang.invoke.MethodHandle::linkToSpecial(LLLL)L (native)   (static)
60  347       3       java.lang.System$1::countNonZeroAscii (5 bytes)
60  353     n 0       java.lang.invoke.MethodHandle::linkToStatic(LLLLL)L (native)   (static)
60  349       1       jdk.internal.classfile.impl.LabelImpl::labelContext (5 bytes)
60  350       1       jdk.internal.classfile.impl.LabelImpl::getBCI (5 bytes)
61  348       1       jdk.internal.classfile.impl.DirectMethodBuilder::methodType (5 bytes)
61  343       3       java.lang.StringConcatHelper::stringOf (20 bytes)
61  354     n 0       java.lang.invoke.MethodHandle::invokeBasic(LLLL)L (native)   
61  344       3       jdk.internal.classfile.impl.StackMapGenerator::processBlock (2767 bytes)
62  366       4       java.lang.String::charAt (25 bytes)
62  367     n 0       jdk.internal.misc.Unsafe::getChar (native)   
63  368     n 0       java.lang.invoke.MethodHandle::linkToSpecial(LLLLLL)V (native)   (static)
63   34       3       java.lang.String::charAt (25 bytes)   made not entrant: not used
63  369     n 0       java.lang.invoke.MethodHandle::linkToSpecial(LLLLLL)L (native)   (static)
63  370     n 0       java.lang.Class::initClassName (native)   
63  371     n 0       java.lang.String::intern (native)   
64  375     n 0       java.lang.System::identityHashCode (native)   (static)
65  379     n 0       java.lang.invoke.MethodHandle::linkToSpecial(LLLLL)L (native)   (static)
65  381     n 0       java.lang.invoke.MethodHandle::linkToSpecial(LLLL)V (native)   (static)
66  385       4       jdk.internal.classfile.impl.RawBytecodeHelper::opcode (9 bytes)
66  313       3       jdk.internal.classfile.impl.RawBytecodeHelper::opcode (9 bytes)   made not entrant: not used
67  389     n 0       jdk.internal.misc.Unsafe::allocateInstance (native)   
67  387       3       sun.reflect.generics.parser.SignatureParser::current (59 bytes)
67  357       3       java.lang.String::checkBoundsOffCount (10 bytes)
68  358       3       java.lang.StringLatin1::getBytes (12 bytes)
68  356       3       jdk.internal.classfile.impl.AbstractPoolEntry$Utf8EntryImpl::stringValue (5 bytes)
68  373       1       jdk.internal.classfile.impl.StackMapDecoder$StackMapFrameImpl::stack (5 bytes)
68  365       1       java.lang.reflect.Method::getName (5 bytes)
68  360       3       java.lang.Math::max (11 bytes)
68  359       3       java.lang.Class::getPackageName (81 bytes)
68  397       3       java.lang.CharacterDataLatin1::getProperties (11 bytes)
68  362       1       java.lang.classfile.Opcode::bytecode (5 bytes)
68  361       1       jdk.internal.classfile.impl.UnboundAttribute::attributeMapper (5 bytes)
68  382       1       java.lang.reflect.Method::getSharedParameterTypes (5 bytes)
68  383       1       jdk.internal.classfile.impl.StackMapDecoder$StackMapFrameImpl::locals (5 bytes)
68  376       1       jdk.internal.classfile.impl.LabelImpl::setBCI (6 bytes)
68  398       3       java.util.BitSet::wordIndex (5 bytes)
68  399       3       java.util.BitSet::checkInvariants (111 bytes)
69  384       1       jdk.internal.classfile.impl.StackMapDecoder$StackMapFrameImpl::target (5 bytes)
69  374       1       jdk.internal.constant.MethodTypeDescImpl::returnType (5 bytes)
69  400       3       sun.reflect.generics.parser.SignatureParser::advance (53 bytes)
69  404       3       java.lang.CharacterData::of (136 bytes)
69  401       3       java.lang.Character::isWhitespace (5 bytes)
69  402       3       java.lang.Character::isWhitespace (9 bytes)
69  403       3       java.lang.CharacterDataLatin1::isWhitespace (23 bytes)
69  405       3       jdk.internal.classfile.impl.BufWriterImpl::writeU1U2 (50 bytes)
69  372       1       jdk.internal.classfile.impl.AbstractAttributeMapper::allowMultiple (5 bytes)
69  390       1       jdk.internal.classfile.impl.AbstractPseudoInstruction$ExceptionCatchImpl::catchTypeEntry (5 bytes)
69  406       3       jdk.internal.classfile.impl.StackCounter::addStackSlot (30 bytes)
69  407       3       java.util.BitSet::set (58 bytes)
69  410       4       java.lang.StringCoding::countNonZeroAsciiLatin1 (33 bytes)
69  409       3       java.lang.String::getBytes (60 bytes)
70  408       3       java.util.BitSet::expandTo (23 bytes)
70  394       1       java.lang.classfile.TypeKind::slotSize (5 bytes)
70  388       1       java.lang.reflect.Method::getModifiers (5 bytes)
70  363       1       jdk.internal.classfile.impl.AbstractPoolEntry$NameAndTypeEntryImpl::tag (3 bytes)
70  396       1       java.lang.reflect.Method::getReturnType (5 bytes)
70  391       1       jdk.internal.classfile.impl.BufWriterImpl::thisClass (5 bytes)
70  392       1       jdk.internal.classfile.impl.DirectMethodBuilder::methodName (5 bytes)
70  386       1       jdk.internal.classfile.impl.AbstractPoolEntry$MethodRefEntryImpl::tag (3 bytes)
70  364       1       java.lang.Class::getModule (5 bytes)
70  393       1       java.lang.Class::getComponentType (5 bytes)
70  411       3       java.util.LinkedHashMap$LinkedHashIterator::hasNext (13 bytes)
70  395       1       java.lang.Class::getModifiers (5 bytes)
70  412       3       java.util.LinkedHashMap$LinkedHashIterator::nextNode (68 bytes)
70  413     n 0       jdk.internal.reflect.ConstantPool::getUTF8At0 (native)   
70  355       3       jdk.internal.util.StrongReferenceKey::equals (28 bytes)
71  378       1       java.lang.invoke.MethodTypeForm::parameterSlotCount (5 bytes)
71  380       1       java.lang.constant.ClassDesc::isPrimitive (2 bytes)
71  377       1       java.lang.invoke.MethodHandles$Lookup::previousLookupClass (5 bytes)
71  414       1       java.nio.Buffer::limit (5 bytes)
71  297       3       java.lang.StringCoding::countNonZeroAsciiLatin1 (33 bytes)   made not entrant: not used
71  415       3       java.lang.invoke.MethodTypeForm::canonicalize (59 bytes)
71  418       3       jdk.internal.classfile.impl.AbstractPoolEntry::hash2 (15 bytes)
71  416       3       jdk.internal.util.ReferencedKeyMap::existingKey (32 bytes)
71  419       3       sun.reflect.generics.parser.SignatureParser::skipIdentifier (67 bytes)
71  422       3       java.util.Arrays::equals (57 bytes)
72  423     n 0       java.lang.Class::forName0 (native)   (static)
72  420       3       java.util.LinkedHashMap$LinkedEntryIterator::next (5 bytes)
72  421       3       java.util.LinkedHashMap$LinkedEntryIterator::next (5 bytes)
72  426       4       java.lang.CharacterDataLatin1::getProperties (11 bytes)
72  425       3       java.lang.ref.SoftReference::get (29 bytes)
72  429       3       java.lang.StringLatin1::newString (24 bytes)
72  397       3       java.lang.CharacterDataLatin1::getProperties (11 bytes)   made not entrant: not used
73  427       3       java.util.ArrayList::iterator (9 bytes)
73  428       3       java.util.ArrayList$Itr::<init> (31 bytes)
73  431       3       jdk.internal.classfile.impl.AbstractPoolEntry$AbstractRefsEntry::<init> (37 bytes)
73  435       3       java.util.ArrayList$Itr::hasNext (20 bytes)
73  434       3       jdk.internal.classfile.impl.BufWriterImpl::writeU1 (24 bytes)
73  433       3       java.util.List::copyOf (5 bytes)
73  438       3       jdk.internal.classfile.impl.Util::isDoubleSlot (20 bytes)
73  439       4       jdk.internal.classfile.impl.RawBytecodeHelper::endBci (8 bytes)
73  442       3       jdk.internal.classfile.impl.DirectCodeBuilder::labelToBci (27 bytes)
73  447       3       java.util.ImmutableCollections$List12::size (16 bytes)
74  311       3       jdk.internal.classfile.impl.RawBytecodeHelper::endBci (8 bytes)   made not entrant: not used
74  430       3       jdk.internal.classfile.impl.AbstractPoolEntry$AbstractNamedEntry::<init> (10 bytes)
74  437       3       jdk.internal.classfile.impl.AbstractElement::<init> (5 bytes)
74  440       3       java.util.ArrayList$Itr::next (66 bytes)
74  441       3       java.util.ArrayList$Itr::checkForComodification (23 bytes)
74  445       3       jdk.internal.classfile.impl.Util::methodTypeSymbol (8 bytes)
74  446       3       jdk.internal.classfile.impl.AbstractPoolEntry$Utf8EntryImpl::methodTypeSymbol (34 bytes)
74  449     n 0       java.lang.Class::getSuperclass (native)   
74  448       3       java.util.HashMap::containsKey (14 bytes)
74  436       3       java.util.AbstractList::<init> (10 bytes)
74  432       3       java.lang.AbstractStringBuilder::isLatin1 (8 bytes)
74  424       1       jdk.internal.loader.AbstractClassLoaderValue$Sub::parent (5 bytes)
74  450       1       java.lang.Class::getAnnotationType (5 bytes)
74  217       3       java.io.DataInputStream::readUTF (601 bytes)   made not entrant: C1 deoptimize for patching
74  417       3       jdk.internal.util.ReferencedKeyMap::internKey (57 bytes)
75  456       4       jdk.internal.util.Preconditions::checkFromIndexSize (25 bytes)
75  457       3       java.io.DataInputStream::readUTF (601 bytes)
75  188       3       jdk.internal.util.Preconditions::checkFromIndexSize (25 bytes)   made not entrant: not used
75  458       4       java.util.Objects::checkFromIndexSize (8 bytes)
75  463       4       jdk.internal.misc.Unsafe::getShortUnaligned (12 bytes)
76  200       3       jdk.internal.misc.Unsafe::getShortUnaligned (12 bytes)   made not entrant: not used
76  464       4       java.lang.invoke.VarHandleGuards::guard_LI_I (78 bytes)
76  459  s    3       java.io.ByteArrayInputStream::read (36 bytes)
76  465     n 0       jdk.internal.misc.Unsafe::getLong (native)   
76  460       3       java.io.DataInputStream::readBoolean (13 bytes)
76  462       3       java.lang.String::<init> (22 bytes)
76  461   !   3       java.lang.String::<init> (852 bytes)
76  197       3       java.lang.invoke.VarHandleGuards::guard_LI_I (78 bytes)   made not entrant: not used
77  466 %     4       java.lang.StringCoding::countPositives @ 7 (33 bytes)
77  467       3       jdk.jfr.internal.MetadataLoader$FieldElement::<init> (93 bytes)
77  443       1       jdk.internal.classfile.impl.BufWriterImpl::constantPool (5 bytes)
77  444       1       jdk.internal.classfile.impl.AbstractAttributeMapper::name (5 bytes)
77  470       3       java.lang.String::isEmpty (14 bytes)
77  471       3       java.lang.Character::charCount (12 bytes)
77  472       3       java.lang.Character::codePointAt (51 bytes)
77  475       3       java.lang.CharacterDataLatin1::isJavaIdentifierPart (20 bytes)
78  473       3       java.lang.Character::isHighSurrogate (18 bytes)
78  474       3       java.lang.Character::isJavaIdentifierPart (9 bytes)
78  476       3       java.util.ImmutableCollections::listCopy (54 bytes)
78  477       3       java.util.ArrayList::isEmpty (13 bytes)
78  478       3       java.util.ArrayList::<init> (61 bytes)
78  479       3       java.util.Arrays::copyOf (10 bytes)
78  468       4       java.io.DataInputStream::readUTF (5 bytes)
78  480       3       java.util.ImmutableCollections$AbstractImmutableList::<init> (5 bytes)
78  451       1       sun.reflect.generics.tree.ClassTypeSignature::getPath (5 bytes)
78  481       1       jdk.jfr.ValueDescriptor::isArray (5 bytes)
78  216       3       java.io.DataInputStream::readUTF (5 bytes)   made not entrant: not used
78  469       4       java.io.DataInputStream::readUTF (601 bytes)
78  482       3       java.util.ArrayList::elementData (7 bytes)
78  483       3       java.util.Objects::checkIndex (7 bytes)
78  452       1       sun.reflect.generics.tree.SimpleClassTypeSignature::getName (5 bytes)
78  485       3       java.util.ArrayList::get (15 bytes)
79  486       3       java.util.List::of (64 bytes)
79  489       3       java.util.ArrayList::<init> (12 bytes)
79  453       1       sun.reflect.generics.tree.SimpleClassTypeSignature::getDollar (5 bytes)
79  490       3       jdk.internal.module.Checks::isJavaIdentifier (76 bytes)
79  491       3       java.util.ArrayList::toArray (12 bytes)
79  487       1       jdk.jfr.internal.Type::getName (5 bytes)
79  492       3       java.lang.String::indexOf (65 bytes)
79  127       4       java.util.HashMap::putVal (300 bytes)   made not entrant: uncommon trap
79  494       3       java.lang.CharacterDataLatin1::isJavaIdentifierStart (23 bytes)
80  493       3       jdk.jfr.internal.Type::getFields (37 bytes)
80  495       3       java.util.ArrayList::set (24 bytes)
80  454       1       sun.reflect.generics.visitor.Reifier::getFactory (5 bytes)
80  497       3       java.lang.Class::cast (27 bytes)
80  496       3       java.lang.PublicMethods$Key::matches (31 bytes)
80  498       3       java.util.ArrayList::grow (60 bytes)
80  499       3       java.lang.reflect.Modifier::isStatic (13 bytes)
80  455       1       sun.reflect.generics.tree.SimpleClassTypeSignature::getTypeArguments (5 bytes)
80  484       1       java.util.Collections$1::hasNext (5 bytes)
80  501       3       jdk.jfr.internal.PrivateAccess::getInstance (15 bytes)
80  502       3       java.util.LinkedHashMap$LinkedKeyIterator::next (8 bytes)
80  457       3       java.io.DataInputStream::readUTF (601 bytes)   made not entrant: not used
80  488       4       java.lang.CharacterData::of (136 bytes)
81  503       3       jdk.jfr.AnnotationElement::checkType (26 bytes)
81  506       3       jdk.jfr.AnnotationElement::<init> (308 bytes)
81  404       3       java.lang.CharacterData::of (136 bytes)   made not entrant: not used
81  510       4       java.lang.CharacterDataLatin1::isJavaIdentifierPart (20 bytes)
81  475       3       java.lang.CharacterDataLatin1::isJavaIdentifierPart (20 bytes)   made not entrant: not used
81  511       4       java.lang.Character::codePointAt (51 bytes)
81  504       3       jdk.jfr.internal.util.Utils::unboxType (82 bytes)
81  516     n 0       jdk.jfr.internal.JVM::getTypeId (native)   (static)
81  505       3       jdk.jfr.EventSettings$InternalAccess::newAnnotation (11 bytes)
81  507       3       java.util.Collections$UnmodifiableCollection::size (10 bytes)
82  508       3       java.util.Collections$UnmodifiableList::get (11 bytes)
82  472       3       java.lang.Character::codePointAt (51 bytes)   made not entrant: not used
82  512       4       sun.reflect.generics.parser.SignatureParser::current (59 bytes)
82  509       3       jdk.jfr.internal.MetadataLoader::newAnnotation (25 bytes)
82  514       3       java.nio.Buffer::nextGetIndex (32 bytes)
82  515       3       java.nio.HeapByteBuffer::byteOffset (7 bytes)
82  521       3       jdk.jfr.internal.AnnotationConstruct::<init> (18 bytes)
82  387       3       sun.reflect.generics.parser.SignatureParser::current (59 bytes)   made not entrant: not used
82  517       3       java.nio.HeapByteBuffer::getShort (29 bytes)
82  522       3       java.util.LinkedHashMap$LinkedHashIterator::<init> (52 bytes)
82  524       4       java.util.LinkedHashMap$LinkedHashIterator::hasNext (13 bytes)
83  518   !   3       jdk.internal.misc.ScopedMemoryAccess::getShortUnaligned (18 bytes)
83  411       3       java.util.LinkedHashMap$LinkedHashIterator::hasNext (13 bytes)   made not entrant: not used
83  525       4       java.util.LinkedHashMap$LinkedHashIterator::nextNode (68 bytes)
83  519   !   3       jdk.internal.misc.ScopedMemoryAccess::getShortUnalignedInternal (36 bytes)
83  523       3       jdk.jfr.internal.Type::add (17 bytes)
83  530       3       jdk.jfr.internal.Type::getKnownType (51 bytes)
83  412       3       java.util.LinkedHashMap$LinkedHashIterator::nextNode (68 bytes)   made not entrant: not used
83  526       3       jdk.jfr.internal.util.Utils::ensureJavaIdentifier (42 bytes)
83  534       4       java.lang.String::isEmpty (14 bytes)
83  531       3       java.util.LinkedHashMap::sequencedKeySet (31 bytes)
83  470       3       java.lang.String::isEmpty (14 bytes)   made not entrant: not used
83  536     n 0       java.lang.invoke.MethodHandle::linkToVirtual(LL)J (native)   (static)
83  527       3       jdk.jfr.EventSettings$InternalAccess::newValueDescriptor (17 bytes)
83  535       4       java.util.LinkedHashMap$LinkedKeyIterator::next (8 bytes)
83  528       3       jdk.jfr.ValueDescriptor::<init> (101 bytes)
84  529       3       java.util.LinkedHashMap::keySet (5 bytes)
84  532       3       java.util.LinkedHashMap$LinkedKeySet::iterator (16 bytes)
84  502       3       java.util.LinkedHashMap$LinkedKeyIterator::next (8 bytes)   made not entrant: not used
84  533       3       java.util.LinkedHashMap$LinkedKeyIterator::<init> (14 bytes)
84  537       3       jdk.internal.classfile.impl.SplitConstantPool::maybeCloneUtf8Entry (65 bytes)
84  539     n 0       java.lang.invoke.MethodHandle::linkToStatic(LLLL)I (native)   (static)
84  538       3       jdk.internal.classfile.impl.BufWriterImpl::writeIndex (11 bytes)
84  542       3       java.lang.String::toString (2 bytes)
84  540       3       jdk.internal.classfile.impl.AbstractPoolEntry::hashClassFromDescriptor (7 bytes)
85  541       3       jdk.internal.classfile.impl.AbstractDirectBuilder::<init> (26 bytes)
85  543       3       jdk.internal.classfile.impl.AbstractPoolEntry$ClassEntryImpl::<init> (22 bytes)
85  520       1       java.lang.invoke.MethodHandleImpl::isCompileConstant (2 bytes)
85  500       1       java.lang.reflect.Method::getDeclaringClass (5 bytes)
85  544       3       jdk.internal.classfile.impl.AttributeHolder::writeTo (34 bytes)
85  549       3       jdk.internal.constant.MethodTypeDescImpl::parameterCount (6 bytes)
85  545       3       jdk.internal.misc.Unsafe::getCharUnaligned (12 bytes)
85  546       3       jdk.internal.misc.Unsafe::getCharUnaligned (34 bytes)
85  547       3       jdk.internal.misc.Unsafe::convEndian (16 bytes)
85  550       1       jdk.jfr.internal.Type::getId (5 bytes)
85  551       3       jdk.jfr.internal.TypeLibrary$$Lambda/0x00001c000102aee0::applyAsLong (8 bytes)
85  553       3       java.util.Comparator::lambda$comparingLong$6043328a$1 (18 bytes)
85  554       3       java.lang.Long::compare (22 bytes)
86  552       3       java.util.Comparator$$Lambda/0x00001c000102bee8::compare (10 bytes)
86  548       3       java.lang.Character::reverseBytes (15 bytes)
86  555       3       jdk.internal.classfile.impl.LabelImpl::<init> (15 bytes)
86  557     n 0       java.lang.invoke.MethodHandle::linkToStatic(LL)V (native)   (static)
86  556       3       java.lang.Class::descriptorString (137 bytes)
86  562     n 0       java.lang.invoke.MethodHandle::linkToVirtual(LLL)V (native)   (static)
87  569       4       java.util.HashMap::resize (356 bytes)
87  568       3       java.util.HashMap::putVal (300 bytes)
87  561       3       jdk.internal.classfile.impl.Util::parameterSlots (39 bytes)
87  570       3       java.util.ArrayDeque::addLast (51 bytes)
87  567       3       java.util.ImmutableCollections$ListItr::hasNext (17 bytes)
87  573       3       java.util.ImmutableCollections$ListN::size (6 bytes)
87  571       1       jdk.jfr.internal.AnnotationConstruct::getUnmodifiableAnnotationElements (5 bytes)
87  572       1       jdk.jfr.AnnotationElement::getType (5 bytes)
88  575       3       java.util.ArrayDeque::elementAt (4 bytes)
88  576       3       java.util.ArrayDeque::pollFirst (36 bytes)
88  579       3       java.util.ArrayDeque::sub (14 bytes)
88  577       3       java.util.ArrayDeque::size (17 bytes)
88  578       3       java.util.ArrayDeque::poll (5 bytes)
88  582       3       java.lang.invoke.DirectMethodHandle::allocateInstance (16 bytes)
88  583       3       java.lang.invoke.DirectMethodHandle::constructorMethod (10 bytes)
88  584       3       java.util.ArrayDeque::add (7 bytes)
88  585       3       java.lang.invoke.DirectMethodHandle$Holder::newInvokeSpecial (21 bytes)
88  593       3       java.util.ArrayDeque$$Lambda/0x00001c000102c620::accept (9 bytes)
88  580       3       java.util.ImmutableCollections$AbstractImmutableList::iterator (13 bytes)
88  581       3       java.util.ImmutableCollections$ListItr::<init> (25 bytes)
88  598       3       java.lang.Iterable::forEach (39 bytes)
89  588       3       java.lang.invoke.Invokers$Holder::linkToTargetMethod (9 bytes)
89  589       3       java.util.ArrayDeque::isEmpty (17 bytes)
89  587       3       java.util.HashSet::contains (9 bytes)
89  590       3       java.util.ArrayDeque::copyElements (13 bytes)
89  591       3       java.util.ArrayDeque$$Lambda/0x00001c000102c620::<init> (10 bytes)
89  595       3       jdk.jfr.EventSettings$InternalAccess::getType (98 bytes)
89  594       3       jdk.jfr.internal.Type::getAnnotationElements (8 bytes)
89  596       3       jdk.jfr.AnnotationElement::getAnnotationElements (8 bytes)
90  599   !   3       java.util.ImmutableCollections$ListItr::next (34 bytes)
90  600       3       java.util.ImmutableCollections$ListN::get (7 bytes)
90  592       1       jdk.jfr.ValueDescriptor::getType (5 bytes)
90  560       3       jdk.internal.classfile.impl.AbstractPoolEntry$Utf8EntryImpl::toString (88 bytes)
90  559       3       jdk.internal.constant.MethodTypeDescImpl::parameterType (7 bytes)
90  119       3       java.util.HashMap::resize (356 bytes)   made not entrant: not used
90  602       4       java.util.ImmutableCollections$ListN::get (7 bytes)
90  566       2       java.util.ArrayDeque::inc (12 bytes)
90  603       3       java.util.ImmutableCollections$List12::forEach (31 bytes)
90  513       1       java.util.LinkedHashMap::removeEldestEntry (2 bytes)
90  600       3       java.util.ImmutableCollections$ListN::get (7 bytes)   made not entrant: not used
90  601       4       java.util.HashMap::put (13 bytes)
90  564       3       jdk.internal.classfile.impl.SplitConstantPool::classEntryForClassOrInterface (111 bytes)
91  608       3       java.util.Collections$UnmodifiableCollection$1::hasNext (10 bytes)
91  610       3       jdk.jfr.internal.TypeLibrary::visitAnnotations (92 bytes)
91  609       3       java.util.ArrayDeque::grow (165 bytes)
91  604       3       java.util.ArrayDeque::<init> (35 bytes)
92  606       3       java.util.ArrayDeque::<init> (16 bytes)
92  605       3       java.util.Collections$UnmodifiableCollection$1::next (10 bytes)
92  612       3       jdk.jfr.ValueDescriptor::getAnnotationElements (8 bytes)
92  597       3       java.util.ArrayDeque::addAll (50 bytes)
92  565       3       jdk.internal.classfile.impl.SplitConstantPool::tryFindClassOrInterface (138 bytes)
92  617       3       java.lang.Long::hashCode (8 bytes)
93  615       3       java.util.LinkedHashMap::linkNodeAtEnd (76 bytes)
93  618       3       java.lang.Long::hashCode (8 bytes)
93  614       1       jdk.jfr.internal.PlatformEventType::getAllSettings (5 bytes)
93  619       3       java.lang.Long::valueOf (40 bytes)
93  620       3       java.lang.Number::<init> (5 bytes)
93  622       3       java.lang.Long::<init> (10 bytes)
93  623       3       jdk.jfr.internal.TypeLibrary$$Lambda/0x00001c000102c190::test (8 bytes)
93  624       3       jdk.jfr.internal.TypeLibrary::lambda$initialize$0 (24 bytes)
93  625       3       java.lang.Long::equals (32 bytes)
93  621       1       java.lang.Long::longValue (5 bytes)
93  558       3       jdk.internal.classfile.impl.AbstractDirectBuilder::writeAttribute (20 bytes)
93  563       3       jdk.internal.classfile.impl.SplitConstantPool::classEntry (68 bytes)
94  630       3       java.lang.Integer::numberOfLeadingZeros (79 bytes)
94  631       3       java.lang.Class::forName (8 bytes)
94  632       3       jdk.internal.classfile.impl.SplitConstantPool::findEntry (130 bytes)
94  634       3       java.lang.String::replace (42 bytes)
95  633       3       jdk.internal.classfile.impl.DirectCodeBuilder::setLabelTarget (47 bytes)
95   82       3       java.util.HashMap::put (13 bytes)   made not entrant: not used
95  611       4       java.util.HashMap::getNode (150 bytes)
95  642       3       jdk.internal.classfile.impl.BufWriterImpl::writeU1U2U2 (75 bytes)
95  640       3       jdk.internal.classfile.impl.RawBytecodeHelper::getU2Unchecked (21 bytes)
95  641       3       jdk.internal.classfile.impl.RawBytecodeHelper::getIndexU2 (11 bytes)
95  643       3       java.lang.Class::reflectionData (43 bytes)
95  644       3       jdk.internal.classfile.impl.SplitConstantPool::utf8Entry (25 bytes)
95  636       1       jdk.internal.classfile.impl.AbstractPseudoInstruction$ExceptionCatchImpl::tryStart (5 bytes)
95  646       3       java.util.ImmutableCollections$List12::get (35 bytes)
95  652       3       jdk.internal.classfile.impl.AbstractPoolEntry$AbstractRefsEntry::writeTo (27 bytes)
95  650       3       jdk.internal.classfile.impl.AbstractPoolEntry$AbstractMemberRefEntry::nameAndType (5 bytes)
96  651       3       jdk.internal.classfile.impl.AbstractPoolEntry$AbstractMemberRefEntry::nameAndType (8 bytes)
96  637       1       jdk.internal.classfile.impl.AbstractPseudoInstruction$ExceptionCatchImpl::tryEnd (5 bytes)
96  638       1       jdk.internal.classfile.impl.AbstractPseudoInstruction$ExceptionCatchImpl::handler (5 bytes)
96  647       3       jdk.internal.classfile.impl.RawBytecodeHelper::getU1Unchecked (13 bytes)
96  635       1       java.lang.classfile.Opcode::sizeIfFixed (5 bytes)
96  645       1       jdk.internal.classfile.impl.DirectCodeBuilder::startLabel (5 bytes)
96  648       1       jdk.internal.classfile.impl.AbstractPoolEntry$StringEntryImpl::tag (3 bytes)
96  649       1       jdk.internal.classfile.impl.UnboundAttribute$UnboundStackMapTableAttribute::entries (5 bytes)
96  653       3       java.lang.reflect.Method::getParameterCount (6 bytes)
96  654       3       java.util.Collections$UnmodifiableCollection::<init> (22 bytes)
96  569       4       java.util.HashMap::resize (356 bytes)   made not entrant: uncommon trap
96  655       3       java.lang.invoke.DirectMethodHandle::internalMemberName (8 bytes)
96  656       3       sun.reflect.annotation.AnnotationType::getInstance (65 bytes)
96  657       3       java.lang.System$1::getAnnotationType (5 bytes)
96  661       3       java.lang.StringConcatHelper::prepend (62 bytes)
97  665       3       jdk.internal.classfile.impl.AbstractPoolEntry$NameAndTypeEntryImpl::type (8 bytes)
97  663       3       jdk.internal.classfile.impl.AbstractPoolEntry$AbstractRefEntry::<init> (24 bytes)
97  664       3       java.util.List::of (4 bytes)
97  662       3       jdk.internal.classfile.impl.DirectCodeBuilder::constantPool (5 bytes)
97   89       3       java.util.HashMap::getNode (150 bytes)   made not entrant: not used
97  627       4       java.util.ArrayDeque::isEmpty (17 bytes)
97  670       3       java.util.ImmutableCollections$List12::<init> (20 bytes)
97  589       3       java.util.ArrayDeque::isEmpty (17 bytes)   made not entrant: not used
97  628       4       java.util.ArrayDeque::pollFirst (36 bytes)
97  660       1       java.lang.reflect.Method::getSharedExceptionTypes (5 bytes)
97  666       1       jdk.internal.classfile.impl.StackMapDecoder$ObjectVerificationTypeInfoImpl::tag (3 bytes)
97  667       1       jdk.internal.classfile.impl.StackMapDecoder$ObjectVerificationTypeInfoImpl::className (5 bytes)
97  611       4       java.util.HashMap::getNode (150 bytes)   made not entrant: uncommon trap
97  658       1       sun.reflect.annotation.AnnotationType::memberTypes (5 bytes)
97  659       1       sun.reflect.annotation.AnnotationType::memberDefaults (5 bytes)
97  669       1       sun.reflect.annotation.AnnotationType::retention (5 bytes)
97  576       3       java.util.ArrayDeque::pollFirst (36 bytes)   made not entrant: not used
98  629       4       java.util.ArrayDeque::poll (5 bytes)
98  671       3       java.lang.Class::getMethodsRecursive (104 bytes)
98  672       3       java.util.LinkedHashMap::get (29 bytes)
98  668       1       java.util.ImmutableCollections$List12::isEmpty (2 bytes)
98  578       3       java.util.ArrayDeque::poll (5 bytes)   made not entrant: not used
98  607       4       java.util.ArrayDeque::addLast (51 bytes)
98  673       3       java.util.LinkedHashMap::entrySet (5 bytes)
98  676       3       java.lang.StringBuilder::toString (20 bytes)
98  678       3       jdk.jfr.internal.Type::getKnownType (65 bytes)
98  677       3       java.lang.String::<init> (98 bytes)
98  570       3       java.util.ArrayDeque::addLast (51 bytes)   made not entrant: not used
99  675       4       java.util.HashMap::getNode (150 bytes)
99  674       3       java.util.LinkedHashMap::sequencedEntrySet (31 bytes)
99  679       3       jdk.jfr.internal.Type::getTypeId (21 bytes)
99  680       3       jdk.jfr.AnnotationElement::getTypeId (8 bytes)
99  681       3       java.lang.Class::getName (18 bytes)
99  682       3       java.util.LinkedHashMap$LinkedEntrySet::iterator (16 bytes)
99  683       3       java.util.LinkedHashMap$LinkedEntryIterator::<init> (14 bytes)
99  684       3       jdk.jfr.AnnotationElement::getTypeName (8 bytes)
99  686       3       java.lang.StringLatin1::indexOf (121 bytes)
99  687     n 0       jdk.internal.misc.Unsafe::putByte (native)   
100  685       1       jdk.jfr.ValueDescriptor::getName (5 bytes)
100  688       3       jdk.jfr.internal.EventControl::remove (76 bytes)
100  690       3       java.util.Collections$UnmodifiableCollection::iterator (9 bytes)
100  691       3       java.util.Collections$UnmodifiableCollection$1::<init> (31 bytes)
100  695       3       jdk.jfr.internal.AnnotationConstruct::getAnnotationElement (127 bytes)
100  696       3       jdk.jfr.internal.Type::hasAnnotation (17 bytes)
100  697       1       jdk.jfr.internal.PlatformEventType::hasPeriod (5 bytes)
100  700       3       java.util.ImmutableCollections$ListN::<init> (15 bytes)
101  689       3       java.util.Arrays::copyOf (33 bytes)
101  698       1       java.util.Collections$EmptyList::isEmpty (2 bytes)
101  699       1       jdk.jfr.AnnotationElement::getValues (5 bytes)
101  693       4       java.lang.String::coder (15 bytes)
101   19       3       java.lang.String::coder (15 bytes)   made not entrant: not used
101  694       4       java.lang.Object::equals (11 bytes)
101  110       3       java.lang.Object::equals (11 bytes)   made not entrant: not used
101  616       4       java.util.ImmutableCollections$ListItr::hasNext (17 bytes)
101  702       3       java.util.ImmutableCollections::listFromArray (39 bytes)
101  567       3       java.util.ImmutableCollections$ListItr::hasNext (17 bytes)   made not entrant: not used
101  692       4       java.util.LinkedHashMap$LinkedEntryIterator::next (5 bytes)
101  703       3       java.util.Collections::emptyList (4 bytes)
101  706       3       jdk.internal.util.DecimalDigits::uncheckedPutCharLatin1 (40 bytes)
102  708       3       jdk.jfr.internal.Type::setAnnotations (9 bytes)
102  705       3       java.lang.StringBuilder::<init> (7 bytes)
102  420       3       java.util.LinkedHashMap$LinkedEntryIterator::next (5 bytes)   made not entrant: not used
102  586       4       java.util.ImmutableCollections$ListN::size (6 bytes)
102  704       3       java.lang.AbstractStringBuilder::newCapacity (49 bytes)
102  573       3       java.util.ImmutableCollections$ListN::size (6 bytes)   made not entrant: not used
102  701   !   4       java.util.ImmutableCollections$ListItr::next (34 bytes)
102  707       1       jdk.jfr.internal.PlatformEventType::isJVM (5 bytes)
102  709       1       jdk.jfr.internal.PlatformEventType::setHasCutoff (6 bytes)
102  710       1       jdk.jfr.internal.PlatformEventType::setHasThrottle (6 bytes)
102  711       1       jdk.jfr.internal.PlatformEventType::setHasLevel (6 bytes)
102  712       1       jdk.jfr.internal.PlatformEventType::setHasPeriod (6 bytes)
102  713       1       jdk.jfr.internal.PlatformEventType::hasCutoff (5 bytes)
102  714       1       jdk.jfr.internal.PlatformEventType::hasThrottle (5 bytes)
102  715       1       jdk.jfr.internal.PlatformEventType::hasLevel (5 bytes)
102  716       3       java.lang.String::indexOf (64 bytes)
102  720     n 0       jdk.internal.misc.Unsafe::getLongVolatile (native)   
103  717       3       java.lang.StringLatin1::indexOf (25 bytes)
103  599   !   3       java.util.ImmutableCollections$ListItr::next (34 bytes)   made not entrant: not used
103  719       4       jdk.jfr.internal.Type::getKnownType (65 bytes)
103  721       3       java.lang.Module::isNamed (13 bytes)
103  722       3       sun.reflect.annotation.AnnotationParser::parseSig (62 bytes)
103  723     n 0       java.lang.Double::longBitsToDouble (native)   (static)
104  727       3       jdk.internal.classfile.impl.DirectClassBuilder::constantPool (5 bytes)
104  726       3       jdk.internal.classfile.impl.DirectCodeBuilder::curPc (8 bytes)
104  728       3       jdk.internal.classfile.impl.AbstractPoolEntry$AbstractMemberRefEntry::<init> (12 bytes)
104  729       3       jdk.internal.classfile.impl.SplitConstantPool::nameAndTypeEntry (7 bytes)
104  725       3       java.util.ImmutableCollections$List12::<init> (21 bytes)
104  724       3       java.lang.classfile.constantpool.ConstantPoolBuilder::nameAndTypeEntry (21 bytes)
104  678       3       jdk.jfr.internal.Type::getKnownType (65 bytes)   made not entrant: not used
104  613       4       java.util.ArrayDeque::size (17 bytes)
104  730       3       jdk.internal.reflect.ReflectionFactory::getExecutableSharedParameterTypes (11 bytes)
104  732       3       java.lang.StringLatin1::coderFromChar (10 bytes)
104  577       3       java.util.ArrayDeque::size (17 bytes)   made not entrant: not used
104  574       4       java.util.AbstractCollection::<init> (5 bytes)
104  734       3       jdk.internal.classfile.impl.BufWriterImpl::writeU2U2U2 (89 bytes)
104   17       3       java.util.AbstractCollection::<init> (5 bytes)   made not entrant: not used
104  718       4       java.util.ImmutableCollections$AbstractImmutableList::iterator (13 bytes)
105  735       3       jdk.internal.classfile.impl.BufWriterImpl::skip (22 bytes)
105  733       3       jdk.internal.classfile.impl.AbstractPoolEntry$NameAndTypeEntryImpl::<init> (12 bytes)
105  738       3       java.util.HashMap::resize (356 bytes)
105  580       3       java.util.ImmutableCollections$AbstractImmutableList::iterator (13 bytes)   made not entrant: not used
105  626       4       java.lang.Long::hashCode (8 bytes)
105  742       3       java.util.HashMap$HashIterator::<init> (84 bytes)
105  617       3       java.lang.Long::hashCode (8 bytes)   made not entrant: not used
105  737       4       sun.reflect.generics.parser.SignatureParser::advance (53 bytes)
106  744       3       java.util.BitSet::get (69 bytes)
106  400       3       sun.reflect.generics.parser.SignatureParser::advance (53 bytes)   made not entrant: not used
106  747       4       jdk.internal.classfile.impl.SplitConstantPool::map (161 bytes)
106  743       3       jdk.internal.classfile.impl.AbstractPoolEntry$ClassEntryImpl::hashCode (37 bytes)
106  749       3       jdk.internal.classfile.impl.StackCounter::next (68 bytes)
106  601       4       java.util.HashMap::put (13 bytes)   made not entrant: uncommon trap
106  748       3       jdk.internal.classfile.impl.StackCounter$Target::<init> (15 bytes)
106  740       3       java.lang.reflect.AccessibleObject::<init> (5 bytes)
106  741       3       java.lang.reflect.Executable::<init> (5 bytes)
107  739       3       jdk.internal.reflect.ConstantPool::getUTF8At (10 bytes)
107  731       3       java.lang.reflect.ReflectAccess::getExecutableSharedParameterTypes (5 bytes)
107  751       3       jdk.internal.classfile.impl.DirectMethodBuilder::methodTypeSymbol (8 bytes)
107  753       3       jdk.internal.classfile.impl.AbstractPoolEntry$AbstractRefEntry::writeTo (18 bytes)
107  746       3       java.lang.AbstractStringBuilder::<init> (39 bytes)
107  736       1       jdk.internal.classfile.impl.AbstractPoolEntry$FieldRefEntryImpl::tag (3 bytes)
107  750       1       java.lang.Boolean::booleanValue (5 bytes)
107  752       1       jdk.internal.constant.PrimitiveClassDescImpl::descriptorString (5 bytes)
107  754       3       sun.reflect.annotation.AnnotationInvocationHandler::invoke (182 bytes)
107  719       4       jdk.jfr.internal.Type::getKnownType (65 bytes)   made not entrant: uncommon trap
107  263       3       jdk.internal.classfile.impl.SplitConstantPool::map (161 bytes)   made not entrant: not used
107  745       4       java.lang.CharacterDataLatin1::isWhitespace (23 bytes)
107  403       3       java.lang.CharacterDataLatin1::isWhitespace (23 bytes)   made not entrant: not used
108  639       4       java.util.BitSet::wordIndex (5 bytes)
108  757       3       java.lang.invoke.MemberName::isConstructor (8 bytes)
108  398       3       java.util.BitSet::wordIndex (5 bytes)   made not entrant: not used
108  758     n 0       java.lang.invoke.MethodHandle::linkToStatic(IL)L (native)   (static)
108  756       3       java.lang.Class::annotationData (44 bytes)
108  759     n 0       java.lang.invoke.MethodHandle::invokeBasic(L)I (native)   
108  755       3       java.lang.Module::implIsExportedOrOpen (92 bytes)
108  760     n 0       java.lang.invoke.MethodHandle::linkToSpecial(LLL)I (native)   (static)
108  761       3       java.lang.invoke.LambdaForm::argument (27 bytes)
108  762       3       jdk.internal.classfile.impl.StackMapGenerator$Frame::checkLocal (97 bytes)
108  763     n 0       java.lang.invoke.MethodHandle::linkToStatic(LLLLLL)L (native)   (static)
109  764   !   3       sun.invoke.util.VerifyAccess::ensureTypeVisible (99 bytes)
109  770     n 0       java.lang.invoke.MethodHandle::invokeBasic(LLLLL)L (native)   
109  769       3       java.lang.invoke.LambdaForm$Name::<init> (126 bytes)
109  771       3       java.lang.invoke.MethodType::checkPtypes (76 bytes)
109  772       3       jdk.internal.classfile.impl.BufWriterImpl::writeIndex (10 bytes)
109  773       3       jdk.jfr.internal.Type::getKnownType (65 bytes)
110  767       3       java.lang.Class::isInterface (8 bytes)
110  768       3       java.lang.reflect.Modifier::isInterface (14 bytes)
110  766       3       java.lang.invoke.MethodType::genericMethodType (95 bytes)
110  777       3       java.util.LinkedHashMap::newNode (23 bytes)
110  778       3       java.util.LinkedHashMap$Entry::<init> (10 bytes)
110  779       3       java.util.LinkedHashMap::afterNodeInsertion (40 bytes)
110  765   !   3       java.lang.invoke.MemberName$Factory::resolve (159 bytes)
110  780       4       java.util.HashMap::put (13 bytes)
110  774       3       java.lang.invoke.LambdaForm$BasicType::basicType (8 bytes)
111  781       3       java.lang.AbstractStringBuilder::append (102 bytes)
111  782       3       jdk.internal.constant.ConstantUtils::referenceClassDesc (20 bytes)
111  783       3       jdk.internal.classfile.impl.DirectCodeBuilder::with (9 bytes)
111  775       3       sun.invoke.util.Wrapper::basicTypeChar (18 bytes)
111  788       3       jdk.internal.classfile.impl.SplitConstantPool::nameAndTypeEntry (60 bytes)
111  789       3       jdk.internal.reflect.ReflectionFactory::copyMethod (11 bytes)
111  790       3       java.lang.reflect.ReflectAccess::copyMethod (5 bytes)
111  791       3       java.lang.reflect.Method::copy (92 bytes)
111  792       3       java.lang.reflect.Method::<init> (68 bytes)
112  793       3       jdk.internal.classfile.impl.Util::slotSize (24 bytes)
112  794       3       java.lang.Class::privateGetDeclaredMethods (56 bytes)
112  795       3       java.lang.PublicMethods$MethodList::<init> (10 bytes)
112  785       1       jdk.internal.classfile.impl.StackCounter::maxStack (5 bytes)
112  786       1       jdk.internal.classfile.impl.StackCounter::maxLocals (5 bytes)
112  776       1       java.lang.invoke.DirectMethodHandle::internalMemberName (5 bytes)
112  797       3       jdk.internal.loader.BootLoader::getClassLoaderValueMap (4 bytes)
112  799       3       jdk.internal.access.SharedSecrets::getJavaLangAccess (4 bytes)
112  798       3       java.lang.Class::getAnnotation (22 bytes)
112  595       3       jdk.jfr.EventSettings$InternalAccess::getType (98 bytes)   made not entrant: C1 deoptimize for patching
113  801       3       jdk.internal.loader.AbstractClassLoaderValue::<init> (5 bytes)
113  803       3       java.lang.Class::getReflectionFactory (18 bytes)
113  804     n 0       jdk.internal.reflect.Reflection::getCallerClass (native)   (static)
113  802       1       java.lang.reflect.Method::getRoot (5 bytes)
113  805       3       java.lang.WeakPairMap::get (17 bytes)
113  808       3       java.lang.Class::getMethod (38 bytes)
113  809       3       java.lang.Class::getMethod0 (32 bytes)
113  811       3       java.lang.invoke.Invokers$Holder::linkToTargetMethod (8 bytes)
113  812       3       java.lang.invoke.LambdaForm$Holder::constant_L (8 bytes)
113  806       3       java.lang.Class::isAnnotation (17 bytes)
114  807       3       jdk.internal.loader.AbstractClassLoaderValue::sub (10 bytes)
114  813       3       jdk.internal.classfile.impl.SplitConstantPool::methodRefEntry (72 bytes)
114  817       3       java.lang.invoke.LambdaForm::forceInterpretation (14 bytes)
114  814       3       jdk.internal.constant.ClassOrInterfaceDescImpl::equals (33 bytes)
114  819       2       jdk.jfr.EventSettings$InternalAccess::getType (98 bytes)
114  810       3       java.lang.Class::getInterfaces (40 bytes)
114  822     n 0       java.lang.Class::getConstantPool (native)   
114  818       1       java.util.Collections$EmptyMap::get (2 bytes)
115  820       3       sun.reflect.generics.parser.SignatureParser::parseTypeSignature (130 bytes)
115  826       3       sun.reflect.generics.parser.SignatureParser::parsePackageNameAndSimpleClassTypeSignature (119 bytes)
115  828       3       jdk.internal.classfile.impl.AttributeHolder::withAttribute (124 bytes)
115  825       4       java.lang.StringLatin1::replace (197 bytes)
115  830       3       jdk.internal.classfile.impl.Util::isAttributeAllowed (45 bytes)
115  827       3       jdk.internal.classfile.impl.DirectCodeBuilder::aload (32 bytes)
115  831       3       java.lang.PublicMethods$MethodList::filter (104 bytes)
116  821       3       java.lang.invoke.Invokers::maybeCustomize (5 bytes)
116  829       3       jdk.internal.classfile.impl.UnboundAttribute::<init> (10 bytes)
116  823       3       java.lang.invoke.LambdaForm$MH/0x00001c0001041000::invoke (25 bytes)
116  824       3       java.lang.invoke.DirectMethodHandle$Holder::invokeSpecial (15 bytes)
116  832       3       sun.invoke.util.VerifyAccess::isSamePackage (37 bytes)
116  815       1       jdk.internal.classfile.impl.BufWriterImpl::labelContext (5 bytes)
116  816       1       jdk.internal.classfile.impl.DirectCodeBuilder::methodInfo (5 bytes)
116  834       3       java.util.List::of (9 bytes)
116  836  s    3       jdk.jfr.internal.TypeLibrary::createAnnotation (103 bytes)
117  840       3       java.lang.WeakPairMap$Pair::hashCode (10 bytes)
117  843       3       java.lang.WeakPairMap$Pair$Lookup::hashCode (12 bytes)
117  844       3       java.lang.WeakPairMap$Pair$Weak::first (5 bytes)
117  845       3       java.lang.WeakPairMap$Pair::equals (34 bytes)
117  846       3       java.lang.WeakPairMap$Pair$Lookup::equals (31 bytes)
117  847       3       java.lang.WeakPairMap$Pair$Weak::second (8 bytes)
117  838       3       java.lang.Module::isExplicitlyExportedOrOpened (70 bytes)
117  842       3       java.lang.PublicMethods$MethodList::getMostSpecific (63 bytes)
117  833       1       java.lang.reflect.Field::getType (5 bytes)
118  839       1       java.lang.reflect.Field::getModifiers (5 bytes)
118  841       1       java.lang.reflect.Field::getName (5 bytes)
118  850       3       java.lang.invoke.Invokers$Holder::invokeExact_MT (23 bytes)
118  851       3       java.lang.invoke.Invokers::checkExactType (17 bytes)
118  852       3       java.lang.invoke.Invokers::checkCustomized (23 bytes)
118  854       3       java.util.HashMap::putMapEntries (170 bytes)
118  848   !   3       java.lang.reflect.Executable::declaredAnnotations (85 bytes)
118  849       3       jdk.internal.loader.AbstractClassLoaderValue$Sub::hashCode (19 bytes)
118  853       3       jdk.internal.loader.AbstractClassLoaderValue::map (20 bytes)
119  855       3       java.lang.invoke.LambdaForm$MH/0x00001c0001041400::invoke (35 bytes)
119  858       3       java.lang.ref.Reference::<init> (25 bytes)
119  856       3       java.lang.invoke.MethodHandle::maybeCustomize (38 bytes)
119  859       3       java.lang.Module::isReflectivelyExportedOrOpened (182 bytes)
119  860   !   3       jdk.internal.loader.AbstractClassLoaderValue::computeIfAbsent (113 bytes)
120  857       3       java.lang.reflect.Modifier::isPrivate (12 bytes)
120  867       3       jdk.internal.classfile.impl.SplitConstantPool::entryByIndex (11 bytes)
120  306       3       java.lang.StringLatin1::replace (197 bytes)   made not entrant: not used
120  784       4       jdk.internal.constant.MethodTypeDescImpl::parameterCount (6 bytes)
120  868       3       jdk.internal.classfile.impl.ClassReaderImpl::checkType (23 bytes)
120  862       3       sun.reflect.generics.parser.SignatureParser::parseClassTypeSignature (95 bytes)
120  549       3       jdk.internal.constant.MethodTypeDescImpl::parameterCount (6 bytes)   made not entrant: not used
120  787       4       java.util.HashMap::hash (20 bytes)
121   78       3       java.util.HashMap::hash (20 bytes)   made not entrant: not used
121  835       4       java.lang.Long::hashCode (8 bytes)
121  863       3       sun.reflect.generics.tree.SimpleClassTypeSignature::<init> (20 bytes)
121  618       3       java.lang.Long::hashCode (8 bytes)   made not entrant: not used
121  837       4       java.lang.Long::valueOf (40 bytes)
121  864       3       sun.reflect.generics.parser.SignatureParser::parseClassTypeSignatureSuffix (29 bytes)
121  865       3       sun.reflect.generics.tree.ClassTypeSignature::make (9 bytes)
121  866       3       sun.reflect.generics.tree.ClassTypeSignature::<init> (10 bytes)
121  872       3       sun.reflect.generics.tree.SimpleClassTypeSignature::make (11 bytes)
121  861       3       jdk.jfr.internal.TypeLibrary::shouldPersist (21 bytes)
121  619       3       java.lang.Long::valueOf (40 bytes)   made not entrant: not used
121  800       4       java.util.ArrayList$Itr::hasNext (20 bytes)
121  869       3       sun.reflect.generics.parser.SignatureParser::parseFieldTypeSignature (73 bytes)
121  435       3       java.util.ArrayList$Itr::hasNext (20 bytes)   made not entrant: not used
121  871       4       jdk.internal.classfile.impl.SplitConstantPool::entryByIndex (59 bytes)
122  874       3       jdk.jfr.internal.TypeLibrary$$Lambda/0x00001c00010359d0::test (8 bytes)
122  877       3       java.util.ArrayList::remove (76 bytes)
122  875       3       jdk.jfr.internal.TypeLibrary::lambda$addTypes$0 (24 bytes)
122  879       3       java.nio.HeapByteBuffer::get (14 bytes)
122  292       3       jdk.internal.classfile.impl.SplitConstantPool::entryByIndex (59 bytes)   made not entrant: not used
122  796       4       java.util.ArrayList::add (25 bytes)
122  873       3       java.util.ArrayList::addAll (76 bytes)
122  882  s    3       jdk.jfr.internal.TypeLibrary::createAnnotationType (148 bytes)
123  880       3       java.nio.Buffer::nextGetIndex (30 bytes)
123  881       3       java.nio.HeapByteBuffer::ix (7 bytes)
123  876       3       java.lang.reflect.Proxy::newProxyInstance (17 bytes)
123  883       1       java.lang.reflect.Field::getDeclaringClass (5 bytes)
123  884       3       java.lang.AbstractStringBuilder::ensureCapacityNewCoder (125 bytes)
124  279       3       java.util.ArrayList::add (25 bytes)   made not entrant: not used
124  878       1       java.util.Collections$SingletonList::size (2 bytes)
124  870       1       jdk.internal.classfile.impl.UnboundAttribute$UnboundExceptionsAttribute::exceptions (5 bytes)
124  885       4       java.lang.String::toString (2 bytes)
124  542       3       java.lang.String::toString (2 bytes)   made not entrant: not used
124  886       3       java.lang.Boolean::valueOf (14 bytes)
124  889       3       jdk.jfr.internal.util.Utils::findField (44 bytes)
125  888       3       jdk.jfr.internal.Type::getField (68 bytes)
125  856       3       java.lang.invoke.MethodHandle::maybeCustomize (38 bytes)   made not entrant: C1 deoptimize for patching
125  890       3       jdk.internal.module.Modules::addExports (12 bytes)
125  893       3       java.lang.invoke.LambdaForm$Name::withIndex (35 bytes)
125  891       3       java.lang.System$1::addExports (7 bytes)
125  892       3       java.lang.Module::implAddExports (9 bytes)
125  894       4       java.lang.String::getBytes (44 bytes)
125  887       3       java.lang.invoke.DirectMethodHandle$Holder::invokeSpecial (14 bytes)
126  895       1       sun.invoke.util.Wrapper::basicClassDescriptor (5 bytes)
126  896       3       jdk.internal.classfile.impl.BufWriterImpl::writeU2U2 (61 bytes)
126   66       3       java.lang.String::getBytes (44 bytes)   made not entrant: not used
126  897   !   3       sun.reflect.annotation.AnnotationParser::parseAnnotation2 (275 bytes)
126  900       3       jdk.internal.classfile.impl.StackMapGenerator$Frame::checkStack (96 bytes)
126  903       4       jdk.internal.classfile.impl.EntryMap::firstToken (50 bytes)
127  898   !   3       jdk.proxy1.$Proxy5::annotationType (28 bytes)
127  904       3       jdk.internal.classfile.impl.StackMapGenerator$Frame::pushStack (27 bytes)
127  902       3       jdk.internal.misc.VM::isSystemDomainLoader (17 bytes)
127  283       3       jdk.internal.classfile.impl.EntryMap::firstToken (50 bytes)   made not entrant: not used
127  901       3       java.lang.reflect.Method::getRoot (5 bytes)
127  899       3       java.lang.invoke.MethodType::parameterSlotCount (8 bytes)
127  905   !   3       java.lang.reflect.Field::declaredAnnotations (82 bytes)
127  906       4       java.util.HashMap::containsKey (14 bytes)
128  915       3       java.lang.invoke.MethodHandle::maybeCustomize (38 bytes)
128  908       3       sun.reflect.generics.tree.ClassTypeSignature::accept (8 bytes)
128  909       3       sun.reflect.generics.visitor.Reifier::visitClassTypeSignature (381 bytes)
128  916       3       jdk.jfr.internal.TypeLibrary::isDefined (16 bytes)
128  910       3       java.lang.StringBuilder::<init> (6 bytes)
129  911       3       java.lang.AbstractStringBuilder::<init> (68 bytes)
129  912       3       java.lang.StringBuilder::append (6 bytes)
129  913   !   3       sun.reflect.generics.factory.CoreReflectionFactory::makeNamedType (21 bytes)
129  914       3       sun.reflect.generics.factory.CoreReflectionFactory::getDeclsLoader (87 bytes)
129  918       3       java.lang.reflect.Constructor::newInstance (34 bytes)
129  919       3       java.lang.reflect.Constructor::newInstanceWithCaller (51 bytes)
129  920       3       jdk.internal.loader.AbstractClassLoaderValue$Sub::equals (55 bytes)
129  924       3       java.lang.Module::implAddExportsOrOpens (279 bytes)
129  448       3       java.util.HashMap::containsKey (14 bytes)   made not entrant: not used
130  917       4       java.util.ArrayList$Itr::next (66 bytes)
130  927     n 0       java.lang.invoke.MethodHandle::invokeBasic(I)V (native)   
130  440       3       java.util.ArrayList$Itr::next (66 bytes)   made not entrant: not used
130  907       4       jdk.internal.util.ArraysSupport::vectorizedHashCode (158 bytes)
130  922       3       java.lang.Module::isExported (18 bytes)
130  926       3       java.lang.invoke.MemberName::getMethodOrFieldType (72 bytes)
131  925       3       jdk.internal.util.DecimalDigits::uncheckedPutPairLatin1 (31 bytes)
131  929       3       java.lang.invoke.LambdaForm::prepare (92 bytes)
131  921   !   3       jdk.jfr.internal.TypeLibrary::invokeAnnotation (193 bytes)
131  931     n 0       java.lang.invoke.MethodHandle::linkToSpecial(LL)J (native)   (static)
131  610       3       jdk.jfr.internal.TypeLibrary::visitAnnotations (92 bytes)   made not entrant: marked for deoptimization
131  749       3       jdk.internal.classfile.impl.StackCounter::next (68 bytes)   made not entrant: marked for deoptimization
131  553       3       java.util.Comparator::lambda$comparingLong$6043328a$1 (18 bytes)   made not entrant: marked for deoptimization
131  552       3       java.util.Comparator$$Lambda/0x00001c000102bee8::compare (10 bytes)   made not entrant: marked for deoptimization
132  930       3       java.lang.invoke.MethodType::basicType (8 bytes)
132  932       3       java.lang.invoke.MemberName::isStatic (8 bytes)
132  207       3       jdk.internal.util.ArraysSupport::vectorizedHashCode (158 bytes)   made not entrant: not used
132  933       3       sun.nio.fs.UnixPath::checkNotNul (16 bytes)
132  923       3       java.lang.StrictMath::floorOrCeil (128 bytes)
132  928       1       java.lang.invoke.LambdaForm$Name::index (5 bytes)
132  934       3       java.lang.AbstractStringBuilder::ensureCapacitySameCoder (26 bytes)
133  935     n 0       java.lang.invoke.MethodHandle::linkToStatic(LLL)V (native)   (static)
133  936       1       java.lang.invoke.LambdaForm$BasicType::basicTypeKind (5 bytes)
133  937       3       jdk.internal.classfile.impl.BufWriterImpl::writeInt (58 bytes)
133  938       3       jdk.internal.classfile.impl.AbstractPoolEntry$Utf8EntryImpl::clone (6 bytes)
133  939       3       jdk.internal.classfile.impl.AbstractPoolEntry$Utf8EntryImpl::clone (65 bytes)
133  941       3       jdk.jfr.internal.TypeLibrary$$Lambda/0x00001c000103e8f8::accept (12 bytes)
133  943       3       jdk.jfr.internal.Type::compareTo (12 bytes)
134  942       3       jdk.jfr.internal.Type::compareTo (9 bytes)
134  940       1       jdk.jfr.internal.Type::isVisible (5 bytes)
134  944       4       java.lang.invoke.MethodType::parameterCount (6 bytes)
134  837       4       java.lang.Long::valueOf (40 bytes)   made not entrant: uncommon trap
134  177       3       java.lang.invoke.MethodType::parameterCount (6 bytes)   made not entrant: not used
134  947       3       jdk.internal.util.DecimalDigits::stringSize (55 bytes)
134  949       3       java.lang.Long::valueOf (40 bytes)
134  948       3       jdk.internal.util.DecimalDigits::uncheckedGetCharsLatin1 (160 bytes)
134  950       3       java.lang.String::valueOf (15 bytes)
135  953       3       jdk.jfr.internal.MetadataDescriptor$Attribute::<init> (15 bytes)
135  945       3       java.lang.Boolean::toString (8 bytes)
135  952       3       jdk.jfr.internal.MetadataDescriptor$Element::addAttribute (23 bytes)
135  955       4       jdk.jfr.AnnotationElement::getTypeId (8 bytes)
135  946       3       java.lang.String::valueOf (14 bytes)
135  954       3       java.lang.Long::toString (55 bytes)
135  957       3       jdk.jfr.internal.MetadataDescriptor$Element::newChild (22 bytes)
135  680       3       jdk.jfr.AnnotationElement::getTypeId (8 bytes)   made not entrant: not used
135  960       3       jdk.jfr.internal.MetadataWriter::makeAnnotation (115 bytes)
135  961       4       java.util.Collections$UnmodifiableCollection$1::hasNext (10 bytes)
135  956       3       jdk.jfr.internal.MetadataDescriptor$Element::<init> (32 bytes)
136  958       3       java.lang.Long::toString (8 bytes)
136  608       3       java.util.Collections$UnmodifiableCollection$1::hasNext (10 bytes)   made not entrant: not used
136  951       3       java.util.Collections::unmodifiableList (51 bytes)
136  962       4       jdk.internal.util.DecimalDigits::uncheckedPutCharLatin1 (40 bytes)
136  959       1       jdk.jfr.ValueDescriptor::isConstantPool (5 bytes)
136  963       3       jdk.internal.util.DecimalDigits::stringSize (47 bytes)
136  706       3       jdk.internal.util.DecimalDigits::uncheckedPutCharLatin1 (40 bytes)   made not entrant: not used
136  965       3       java.lang.StringBuilder::append (8 bytes)
136  966       3       jdk.jfr.internal.MetadataWriter::makeFieldElement (114 bytes)
136  969       4       jdk.jfr.internal.PrivateAccess::getInstance (15 bytes)
136  501       3       jdk.jfr.internal.PrivateAccess::getInstance (15 bytes)   made not entrant: not used
136  967       3       jdk.jfr.ValueDescriptor::getTypeId (8 bytes)
136  968       3       jdk.jfr.EventSettings$InternalAccess::isConstantPool (5 bytes)
137  972       4       jdk.jfr.internal.MetadataDescriptor$Element::addAttribute (23 bytes)
137  964       3       jdk.internal.util.DecimalDigits::uncheckedGetCharsLatin1 (105 bytes)
137  970       1       jdk.jfr.SettingDescriptor::getName (5 bytes)
137  971       1       jdk.jfr.SettingDescriptor::getDefaultValue (5 bytes)
137  976       3       jdk.jfr.SettingDescriptor::getTypeId (8 bytes)
137  975       3       java.lang.AbstractStringBuilder::append (72 bytes)
137  977       3       java.util.ArrayList::elementAt (4 bytes)
137  974       1       jdk.jfr.internal.Type::getSuperType (5 bytes)
137  979       3       jdk.jfr.SettingDescriptor::getAnnotationElements (8 bytes)
137  981       3       jdk.jfr.internal.MetadataWriter::makeTypeElement (210 bytes)
138  989       3       jdk.jfr.internal.MetadataWriter::buildStringPool (109 bytes)
138  987       1       jdk.jfr.internal.MetadataDescriptor$Attribute::name (5 bytes)
138  988       1       jdk.jfr.internal.MetadataDescriptor$Attribute::value (5 bytes)
138  984       3       jdk.jfr.internal.util.Utils::isSettingVisible (45 bytes)
138  985       3       jdk.jfr.internal.settings.ThresholdSetting::isType (14 bytes)
138  982       3       jdk.jfr.internal.MetadataWriter$$Lambda/0x00001c000103f3a0::accept (12 bytes)
138  952       3       jdk.jfr.internal.MetadataDescriptor$Element::addAttribute (23 bytes)   made not entrant: not used
138  986       4       java.util.HashSet::add (20 bytes)
138  983       3       jdk.jfr.internal.MetadataWriter::lambda$new$0 (10 bytes)
139  991  s    3       java.io.ByteArrayOutputStream::write (32 bytes)
139  993       3       java.io.DataOutputStream::incCount (20 bytes)
139  994  s    3       java.io.DataOutputStream::write (14 bytes)
139  995       3       jdk.jfr.internal.MetadataWriter::writeInt (148 bytes)
139  992       3       java.io.ByteArrayOutputStream::ensureCapacity (32 bytes)
139  997       3       jdk.jfr.internal.MetadataWriter::writeString (67 bytes)
140  998       3       java.lang.Integer::valueOf (32 bytes)
140  999       3       java.io.DataOutputStream::writeByte (14 bytes)
140 1004       3       java.lang.Integer::<init> (10 bytes)
140  996       1       jdk.jfr.internal.consumer.StringParser$Encoding::byteValue (5 bytes)
141 1006       1       java.lang.Integer::intValue (5 bytes)
141 1007       3       jdk.jfr.internal.MetadataWriter::write (168 bytes)
143  113       3       java.util.HashSet::add (20 bytes)   made not entrant: not used
143 1005       4       jdk.jfr.internal.MetadataWriter::writeString (67 bytes)
145 1009       3       jdk.internal.util.ArraysSupport::newLength (27 bytes)
145 1010       3       jdk.jfr.internal.settings.BooleanSetting::parse (28 bytes)
145 1012       3       jdk.internal.util.ArraysSupport::mismatch (103 bytes)
146 1011       3       java.lang.String::startsWith (123 bytes)
146 1016     n 0       jdk.jfr.internal.JVM::setEnabled (native)   (static)
146 1013       1       jdk.jfr.internal.EventControl$NamedControl::name (5 bytes)
146 1014       1       jdk.jfr.internal.EventControl$NamedControl::control (5 bytes)
146 1015       1       jdk.jfr.internal.settings.BooleanSetting::getValue (5 bytes)
146 1017       1       jdk.jfr.internal.PlatformEventType::isEnabled (5 bytes)
146 1018       1       jdk.jfr.internal.EventControl::getEventType (5 bytes)
146 1021   !   3       jdk.jfr.internal.Control::setValue (69 bytes)
[0.147s][info][jfr,startup] Started recording 1. No limit specified, using maxsize=250MB as default.
[0.147s][info][jfr,startup] 
[0.147s][info][jfr,startup] Use jcmd 9608 JFR.dump name=1 to copy recording data to file.
146 1019       1       jdk.jfr.internal.EventControl::getSettingsId (5 bytes)
146 1020       1       jdk.jfr.internal.EventControl::getNamedControls (5 bytes)
146 1022       3       jdk.jfr.internal.Control::setDefault (24 bytes)
147 1023       3       jdk.jfr.internal.Control::apply (25 bytes)
147  825       4       java.lang.StringLatin1::replace (197 bytes)   made not entrant: uncommon trap
147 1024       1       jdk.jfr.internal.periodic.EventTask::getEventType (5 bytes)
147 1025       1       jdk.jfr.internal.periodic.PeriodicTask::getPeriod (5 bytes)
151  997       3       jdk.jfr.internal.MetadataWriter::writeString (67 bytes)   made not entrant: not used
152 1000  s    4       java.io.ByteArrayOutputStream::write (32 bytes)
152  991  s    3       java.io.ByteArrayOutputStream::write (32 bytes)   made not entrant: not used
152 1001       4       java.io.ByteArrayOutputStream::ensureCapacity (32 bytes)
153  992       3       java.io.ByteArrayOutputStream::ensureCapacity (32 bytes)   made not entrant: not used
153 1002  s    4       java.io.DataOutputStream::write (14 bytes)
153 1026       3       Many::m0 (14 bytes)
154  994  s    3       java.io.DataOutputStream::write (14 bytes)   made not entrant: not used
154 1003       4       jdk.jfr.internal.MetadataWriter::writeInt (148 bytes)
155 1028       3       Many::m1 (14 bytes)
157 1030       3       Many::m2 (14 bytes)
157  995       3       jdk.jfr.internal.MetadataWriter::writeInt (148 bytes)   made not entrant: not used
157 1027       4       Many::m0 (14 bytes)
157 1026       3       Many::m0 (14 bytes)   made not entrant: not used
157 1029       4       Many::m1 (14 bytes)
157 1028       3       Many::m1 (14 bytes)   made not entrant: not used
157 1008       4       java.util.LinkedHashMap::get (29 bytes)
158 1032       3       Many::m3 (14 bytes)
159 1034       3       Many::m4 (14 bytes)
160  672       3       java.util.LinkedHashMap::get (29 bytes)   made not entrant: not used
160 1031       4       Many::m2 (14 bytes)
160 1030       3       Many::m2 (14 bytes)   made not entrant: not used
160 1033       4       Many::m3 (14 bytes)
160 1032       3       Many::m3 (14 bytes)   made not entrant: not used
160  980       4       java.util.ArrayList::iterator (9 bytes)
160  427       3       java.util.ArrayList::iterator (9 bytes)   made not entrant: not used
160 1035       4       Many::m4 (14 bytes)
160 1034       3       Many::m4 (14 bytes)   made not entrant: not used
160  990       4       jdk.internal.util.ArraysSupport::hashCodeOfUnsigned (55 bytes)
161  208       3       jdk.internal.util.ArraysSupport::hashCodeOfUnsigned (55 bytes)   made not entrant: not used
161  978       4       jdk.internal.util.DecimalDigits::uncheckedPutPairLatin1 (31 bytes)
161 1036       3       Many::m5 (14 bytes)
161  925       3       jdk.internal.util.DecimalDigits::uncheckedPutPairLatin1 (31 bytes)   made not entrant: not used
161 1037       4       Many::m5 (14 bytes)
161 1036       3       Many::m5 (14 bytes)   made not entrant: not used
161  973       4       java.util.Collections$UnmodifiableCollection$1::next (10 bytes)
162  605       3       java.util.Collections$UnmodifiableCollection$1::next (10 bytes)   made not entrant: not used
162 1038       3       Many::m6 (14 bytes)
162 1039       4       Many::m6 (14 bytes)
163 1038       3       Many::m6 (14 bytes)   made not entrant: not used
164 1040       3       Many::m7 (14 bytes)
164 1041       4       Many::m7 (14 bytes)
164 1040       3       Many::m7 (14 bytes)   made not entrant: not used
165 1042       3       Many::m8 (14 bytes)
165 1043       4       Many::m8 (14 bytes)
165 1042       3       Many::m8 (14 bytes)   made not entrant: not used
167 1044       3       Many::m9 (14 bytes)
167 1045       4       Many::m9 (14 bytes)
167 1044       3       Many::m9 (14 bytes)   made not entrant: not used
168 1046       3       Many::m10 (14 bytes)
168 1047       4       Many::m10 (14 bytes)
168 1046       3       Many::m10 (14 bytes)   made not entrant: not used
170 1048       3       Many::m11 (14 bytes)
170 1049       4       Many::m11 (14 bytes)
170 1048       3       Many::m11 (14 bytes)   made not entrant: not used
171 1050       3       Many::m12 (14 bytes)
171 1051       4       Many::m12 (14 bytes)
171 1050       3       Many::m12 (14 bytes)   made not entrant: not used
172 1052       3       Many::m13 (14 bytes)
173 1053       4       Many::m13 (14 bytes)
173 1052       3       Many::m13 (14 bytes)   made not entrant: not used
174 1054       3       Many::m14 (14 bytes)
174 1055       4       Many::m14 (14 bytes)
174 1054       3       Many::m14 (14 bytes)   made not entrant: not used
175 1056       3       Many::m15 (14 bytes)
176 1057       4       Many::m15 (14 bytes)
176 1056       3       Many::m15 (14 bytes)   made not entrant: not used
177 1058       3       Many::m16 (14 bytes)
177 1059       4       Many::m16 (14 bytes)
177 1058       3       Many::m16 (14 bytes)   made not entrant: not used
178 1060       3       Many::m17 (14 bytes)
178 1061       4       Many::m17 (14 bytes)
178 1060       3       Many::m17 (14 bytes)   made not entrant: not used
180 1062       3       Many::m18 (14 bytes)
180 1063       4       Many::m18 (14 bytes)
180 1062       3       Many::m18 (14 bytes)   made not entrant: not used
181 1064       3       Many::m19 (14 bytes)
181 1065       4       Many::m19 (14 bytes)
181 1064       3       Many::m19 (14 bytes)   made not entrant: not used
182 1066       3       Many::m20 (14 bytes)
183 1067       4       Many::m20 (14 bytes)
183 1066       3       Many::m20 (14 bytes)   made not entrant: not used
184 1068       3       Many::m21 (14 bytes)
184 1069       4       Many::m21 (14 bytes)
184 1068       3       Many::m21 (14 bytes)   made not entrant: not used
185 1070       3       Many::m22 (14 bytes)
185 1071       4       Many::m22 (14 bytes)
185 1070       3       Many::m22 (14 bytes)   made not entrant: not used
187 1072       3       Many::m23 (14 bytes)
187 1073       4       Many::m23 (14 bytes)
187 1072       3       Many::m23 (14 bytes)   made not entrant: not used
188 1074       3       Many::m24 (14 bytes)
188 1075       4       Many::m24 (14 bytes)
188 1074       3       Many::m24 (14 bytes)   made not entrant: not used
190 1076       3       Many::m25 (14 bytes)
190 1077       4       Many::m25 (14 bytes)
190 1076       3       Many::m25 (14 bytes)   made not entrant: not used
191 1078       3       Many::m26 (14 bytes)
191 1079       4       Many::m26 (14 bytes)
191 1078       3       Many::m26 (14 bytes)   made not entrant: not used
193 1080       3       Many::m27 (14 bytes)
193 1081       4       Many::m27 (14 bytes)
193 1080       3       Many::m27 (14 bytes)   made not entrant: not used
194 1082       3       Many::m28 (14 bytes)
194 1083       4       Many::m28 (14 bytes)
194 1082       3       Many::m28 (14 bytes)   made not entrant: not used
195 1084       3       Many::m29 (14 bytes)
195 1085       4       Many::m29 (14 bytes)
196 1084       3       Many::m29 (14 bytes)   made not entrant: not used
197 1086       3       Many::m30 (14 bytes)
197 1087       4       Many::m30 (14 bytes)
197 1086       3       Many::m30 (14 bytes)   made not entrant: not used
198 1088       3       Many::m31 (14 bytes)
198 1089       4       Many::m31 (14 bytes)
198 1088       3       Many::m31 (14 bytes)   made not entrant: not used
200 1090       3       Many::m32 (14 bytes)
200 1091       4       Many::m32 (14 bytes)
200 1090       3       Many::m32 (14 bytes)   made not entrant: not used
201 1092       3       Many::m33 (14 bytes)
201 1093       4       Many::m33 (14 bytes)
201 1092       3       Many::m33 (14 bytes)   made not entrant: not used
202 1094       3       Many::m34 (14 bytes)
203 1095       4       Many::m34 (14 bytes)
203 1094       3       Many::m34 (14 bytes)   made not entrant: not used
204 1096       3       Many::m35 (14 bytes)
204 1097       4       Many::m35 (14 bytes)
204 1096       3       Many::m35 (14 bytes)   made not entrant: not used
205 1098       3       Many::m36 (14 bytes)
205 1099       4       Many::m36 (14 bytes)
206 1098       3       Many::m36 (14 bytes)   made not entrant: not used
207 1100       3       Many::m37 (14 bytes)
207 1101       4       Many::m37 (14 bytes)
207 1100       3       Many::m37 (14 bytes)   made not entrant: not used
208 1102       3       Many::m38 (14 bytes)
208 1103       4       Many::m38 (14 bytes)
208 1102       3       Many::m38 (14 bytes)   made not entrant: not used
210 1104       3       Many::m39 (14 bytes)
210 1105       4       Many::m39 (14 bytes)
210 1104       3       Many::m39 (14 bytes)   made not entrant: not used
211 1106       3       Many::m40 (14 bytes)
211 1107       4       Many::m40 (14 bytes)
211 1106       3       Many::m40 (14 bytes)   made not entrant: not used
212 1108       3       Many::m41 (14 bytes)
213 1109       4       Many::m41 (14 bytes)
213 1108       3       Many::m41 (14 bytes)   made not entrant: not used
214 1110       3       Many::m42 (14 bytes)
214 1111       4       Many::m42 (14 bytes)
214 1110       3       Many::m42 (14 bytes)   made not entrant: not used
215 1112       3       Many::m43 (14 bytes)
215 1113       4       Many::m43 (14 bytes)
215 1112       3       Many::m43 (14 bytes)   made not entrant: not used
217 1114       3       Many::m44 (14 bytes)
217 1115       4       Many::m44 (14 bytes)
217 1114       3       Many::m44 (14 bytes)   made not entrant: not used
218 1116       3       Many::m45 (14 bytes)
218 1117       4       Many::m45 (14 bytes)
218 1116       3       Many::m45 (14 bytes)   made not entrant: not used
220 1118       3       Many::m46 (14 bytes)
220 1119       4       Many::m46 (14 bytes)
220 1118       3       Many::m46 (14 bytes)   made not entrant: not used
221 1120       3       Many::m47 (14 bytes)
221 1121       4       Many::m47 (14 bytes)
221 1120       3       Many::m47 (14 bytes)   made not entrant: not used
222 1122       3       Many::m48 (14 bytes)
223 1123       4       Many::m48 (14 bytes)
223 1122       3       Many::m48 (14 bytes)   made not entrant: not used
224 1124       3       Many::m49 (14 bytes)
224 1125       4       Many::m49 (14 bytes)
224 1124       3       Many::m49 (14 bytes)   made not entrant: not used
225 1126       3       Many::m50 (14 bytes)
225 1127       4       Many::m50 (14 bytes)
225 1126       3       Many::m50 (14 bytes)   made not entrant: not used
227 1128       3       Many::m51 (14 bytes)
227 1129       4       Many::m51 (14 bytes)
227 1128       3       Many::m51 (14 bytes)   made not entrant: not used
228 1130       3       Many::m52 (14 bytes)
228 1131       4       Many::m52 (14 bytes)
228 1130       3       Many::m52 (14 bytes)   made not entrant: not used
230 1132       3       Many::m53 (14 bytes)
230 1133       4       Many::m53 (14 bytes)
230 1132       3       Many::m53 (14 bytes)   made not entrant: not used
231 1134       3       Many::m54 (14 bytes)
231 1135       4       Many::m54 (14 bytes)
231 1134       3       Many::m54 (14 bytes)   made not entrant: not used
232 1136       3       Many::m55 (14 bytes)
232 1137       4       Many::m55 (14 bytes)
233 1136       3       Many::m55 (14 bytes)   made not entrant: not used
234 1138       3       Many::m56 (14 bytes)
234 1139       4       Many::m56 (14 bytes)
234 1138       3       Many::m56 (14 bytes)   made not entrant: not used
235 1140       3       Many::m57 (14 bytes)
235 1141       4       Many::m57 (14 bytes)
235 1140       3       Many::m57 (14 bytes)   made not entrant: not used
237 1142       3       Many::m58 (14 bytes)
237 1143       4       Many::m58 (14 bytes)
237 1142       3       Many::m58 (14 bytes)   made not entrant: not used
238 1144       3       Many::m59 (14 bytes)
238 1145       4       Many::m59 (14 bytes)
238 1144       3       Many::m59 (14 bytes)   made not entrant: not used
240 1146       3       Many::m60 (14 bytes)
240 1147       4       Many::m60 (14 bytes)
240 1146       3       Many::m60 (14 bytes)   made not entrant: not used
241 1148       3       Many::m61 (14 bytes)
241 1149       4       Many::m61 (14 bytes)
241 1148       3       Many::m61 (14 bytes)   made not entrant: not used
242 1150       3       Many::m62 (14 bytes)
242 1151       4       Many::m62 (14 bytes)
243 1150       3       Many::m62 (14 bytes)   made not entrant: not used
244 1152       3       Many::m63 (14 bytes)
244 1153       4       Many::m63 (14 bytes)
244 1152       3       Many::m63 (14 bytes)   made not entrant: not used
245 1154       3       Many::m64 (14 bytes)
245 1155       4       Many::m64 (14 bytes)
245 1154       3       Many::m64 (14 bytes)   made not entrant: not used
247 1156       3       Many::m65 (14 bytes)
247 1157       4       Many::m65 (14 bytes)
247 1156       3       Many::m65 (14 bytes)   made not entrant: not used
248 1158       3       Many::m66 (14 bytes)
248 1159       4       Many::m66 (14 bytes)
248 1158       3       Many::m66 (14 bytes)   made not entrant: not used
250 1160       3       Many::m67 (14 bytes)
250 1161       4       Many::m67 (14 bytes)
250 1160       3       Many::m67 (14 bytes)   made not entrant: not used
251 1162       3       Many::m68 (14 bytes)
251 1163       4       Many::m68 (14 bytes)
251 1162       3       Many::m68 (14 bytes)   made not entrant: not used
252 1164       3       Many::m69 (14 bytes)
252 1165       4       Many::m69 (14 bytes)
253 1164       3       Many::m69 (14 bytes)   made not entrant: not used
254 1166       3       Many::m70 (14 bytes)
254 1167       4       Many::m70 (14 bytes)
254 1166       3       Many::m70 (14 bytes)   made not entrant: not used
255 1168       3       Many::m71 (14 bytes)
255 1169       4       Many::m71 (14 bytes)
256 1168       3       Many::m71 (14 bytes)   made not entrant: not used
257 1170       3       Many::m72 (14 bytes)
257 1171       4       Many::m72 (14 bytes)
257 1170       3       Many::m72 (14 bytes)   made not entrant: not used
258 1172       3       Many::m73 (14 bytes)
258 1173       4       Many::m73 (14 bytes)
258 1172       3       Many::m73 (14 bytes)   made not entrant: not used
260 1174       3       Many::m74 (14 bytes)
260 1175       4       Many::m74 (14 bytes)
260 1174       3       Many::m74 (14 bytes)   made not entrant: not used
261 1176       3       Many::m75 (14 bytes)
261 1177       4       Many::m75 (14 bytes)
261 1176       3       Many::m75 (14 bytes)   made not entrant: not used
262 1178       3       Many::m76 (14 bytes)
263 1179       4       Many::m76 (14 bytes)
263 1178       3       Many::m76 (14 bytes)   made not entrant: not used
264 1180       3       Many::m77 (14 bytes)
264 1181       4       Many::m77 (14 bytes)
264 1180       3       Many::m77 (14 bytes)   made not entrant: not used
265 1182       3       Many::m78 (14 bytes)
265 1183       4       Many::m78 (14 bytes)
265 1182       3       Many::m78 (14 bytes)   made not entrant: not used
267 1184       3       Many::m79 (14 bytes)
267 1185       4       Many::m79 (14 bytes)
267 1184       3       Many::m79 (14 bytes)   made not entrant: not used
268 1186       3       Many::m80 (14 bytes)
268 1187       4       Many::m80 (14 bytes)
268 1186       3       Many::m80 (14 bytes)   made not entrant: not used
269 1188       3       Many::m81 (14 bytes)
270 1189       4       Many::m81 (14 bytes)
270 1188       3       Many::m81 (14 bytes)   made not entrant: not used
271 1190       3       Many::m82 (14 bytes)
271 1191       4       Many::m82 (14 bytes)
271 1190       3       Many::m82 (14 bytes)   made not entrant: not used
272 1192       3       Many::m83 (14 bytes)
273 1193       4       Many::m83 (14 bytes)
273 1192       3       Many::m83 (14 bytes)   made not entrant: not used
274 1194       3       Many::m84 (14 bytes)
274 1195       4       Many::m84 (14 bytes)
274 1194       3       Many::m84 (14 bytes)   made not entrant: not used
275 1196       3       Many::m85 (14 bytes)
275 1197       4       Many::m85 (14 bytes)
275 1196       3       Many::m85 (14 bytes)   made not entrant: not used
277 1198       3       Many::m86 (14 bytes)
277 1199       4       Many::m86 (14 bytes)
277 1198       3       Many::m86 (14 bytes)   made not entrant: not used
278 1200       3       Many::m87 (14 bytes)
278 1201       4       Many::m87 (14 bytes)
278 1200       3       Many::m87 (14 bytes)   made not entrant: not used
280 1202       3       Many::m88 (14 bytes)
280 1203       4       Many::m88 (14 bytes)
280 1202       3       Many::m88 (14 bytes)   made not entrant: not used
281 1204       3       Many::m89 (14 bytes)
281 1205       4       Many::m89 (14 bytes)
281 1204       3       Many::m89 (14 bytes)   made not entrant: not used
282 1206       3       Many::m90 (14 bytes)
282 1207       4       Many::m90 (14 bytes)
283 1206       3       Many::m90 (14 bytes)   made not entrant: not used
284 1208       3       Many::m91 (14 bytes)
284 1209       4       Many::m91 (14 bytes)
284 1208       3       Many::m91 (14 bytes)   made not entrant: not used
285 1210       3       Many::m92 (14 bytes)
285 1211       4       Many::m92 (14 bytes)
285 1210       3       Many::m92 (14 bytes)   made not entrant: not used
287 1212       3       Many::m93 (14 bytes)
287 1213       4       Many::m93 (14 bytes)
287 1212       3       Many::m93 (14 bytes)   made not entrant: not used
288 1214       3       Many::m94 (14 bytes)
288 1215       4       Many::m94 (14 bytes)
288 1214       3       Many::m94 (14 bytes)   made not entrant: not used
290 1216       3       Many::m95 (14 bytes)
290 1217       4       Many::m95 (14 bytes)
290 1216       3       Many::m95 (14 bytes)   made not entrant: not used
291 1218       3       Many::m96 (14 bytes)
291 1219       4       Many::m96 (14 bytes)
291 1218       3       Many::m96 (14 bytes)   made not entrant: not used
292 1220       3       Many::m97 (14 bytes)
293 1221       4       Many::m97 (14 bytes)
293 1220       3       Many::m97 (14 bytes)   made not entrant: not used
294 1222       3       Many::m98 (14 bytes)
294 1223       4       Many::m98 (14 bytes)
294 1222       3       Many::m98 (14 bytes)   made not entrant: not used
295 1224       3       Many::m99 (14 bytes)
295 1225       4       Many::m99 (14 bytes)
296 1224       3       Many::m99 (14 bytes)   made not entrant: not used
297 1226       3       Many::m100 (14 bytes)
297 1227       4       Many::m100 (14 bytes)
297 1226       3       Many::m100 (14 bytes)   made not entrant: not used
298 1228       3       Many::m101 (14 bytes)
298 1229       4       Many::m101 (14 bytes)
298 1228       3       Many::m101 (14 bytes)   made not entrant: not used
300 1230       3       Many::m102 (14 bytes)
300 1231       4       Many::m102 (14 bytes)
300 1230       3       Many::m102 (14 bytes)   made not entrant: not used
301 1232       3       Many::m103 (14 bytes)
301 1233       4       Many::m103 (14 bytes)
301 1232       3       Many::m103 (14 bytes)   made not entrant: not used
302 1234       3       Many::m104 (14 bytes)
302 1235       4       Many::m104 (14 bytes)
303 1234       3       Many::m104 (14 bytes)   made not entrant: not used
304 1236       3       Many::m105 (14 bytes)
304 1237       4       Many::m105 (14 bytes)
304 1236       3       Many::m105 (14 bytes)   made not entrant: not used
305 1238       3       Many::m106 (14 bytes)
305 1239       4       Many::m106 (14 bytes)
305 1238       3       Many::m106 (14 bytes)   made not entrant: not used
307 1240       3       Many::m107 (14 bytes)
307 1241       4       Many::m107 (14 bytes)
307 1240       3       Many::m107 (14 bytes)   made not entrant: not used
308 1242       3       Many::m108 (14 bytes)
308 1243       4       Many::m108 (14 bytes)
308 1242       3       Many::m108 (14 bytes)   made not entrant: not used
310 1244       3       Many::m109 (14 bytes)
310 1245       4       Many::m109 (14 bytes)
310 1244       3       Many::m109 (14 bytes)   made not entrant: not used
311 1246       3       Many::m110 (14 bytes)
311 1247       4       Many::m110 (14 bytes)
311 1246       3       Many::m110 (14 bytes)   made not entrant: not used
312 1248       3       Many::m111 (14 bytes)
312 1249       4       Many::m111 (14 bytes)
313 1248       3       Many::m111 (14 bytes)   made not entrant: not used
314 1250       3       Many::m112 (14 bytes)
314 1251       4       Many::m112 (14 bytes)
314 1250       3       Many::m112 (14 bytes)   made not entrant: not used
315 1252       3       Many::m113 (14 bytes)
315 1253       4       Many::m113 (14 bytes)
315 1252       3       Many::m113 (14 bytes)   made not entrant: not used
317 1254       3       Many::m114 (14 bytes)
317 1255       4       Many::m114 (14 bytes)
317 1254       3       Many::m114 (14 bytes)   made not entrant: not used
318 1256       3       Many::m115 (14 bytes)
318 1257       4       Many::m115 (14 bytes)
318 1256       3       Many::m115 (14 bytes)   made not entrant: not used
319 1258       3       Many::m116 (14 bytes)
320 1259       4       Many::m116 (14 bytes)
320 1258       3       Many::m116 (14 bytes)   made not entrant: not used
321 1260       3       Many::m117 (14 bytes)
321 1261       4       Many::m117 (14 bytes)
321 1260       3       Many::m117 (14 bytes)   made not entrant: not used
322 1262       3       Many::m118 (14 bytes)
322 1263       4       Many::m118 (14 bytes)
323 1262       3       Many::m118 (14 bytes)   made not entrant: not used
324 1264       3       Many::m119 (14 bytes)
324 1265       4       Many::m119 (14 bytes)
324 1264       3       Many::m119 (14 bytes)   made not entrant: not used
325 1266       3       Many::m120 (14 bytes)
325 1267       4       Many::m120 (14 bytes)
325 1266       3       Many::m120 (14 bytes)   made not entrant: not used
327 1268       3       Many::m121 (14 bytes)
327 1269       4       Many::m121 (14 bytes)
327 1268       3       Many::m121 (14 bytes)   made not entrant: not used
328 1270       3       Many::m122 (14 bytes)
328 1271       4       Many::m122 (14 bytes)
328 1270       3       Many::m122 (14 bytes)   made not entrant: not used
329 1272       3       Many::m123 (14 bytes)
330 1273       4       Many::m123 (14 bytes)
330 1272       3       Many::m123 (14 bytes)   made not entrant: not used
331 1274       3       Many::m124 (14 bytes)
331 1275       4       Many::m124 (14 bytes)
331 1274       3       Many::m124 (14 bytes)   made not entrant: not used
332 1276       3       Many::m125 (14 bytes)
332 1277       4       Many::m125 (14 bytes)
332 1276       3       Many::m125 (14 bytes)   made not entrant: not used
334 1278       3       Many::m126 (14 bytes)
334 1279       4       Many::m126 (14 bytes)
334 1278       3       Many::m126 (14 bytes)   made not entrant: not used
335 1280       3       Many::m127 (14 bytes)
335 1281       4       Many::m127 (14 bytes)
335 1280       3       Many::m127 (14 bytes)   made not entrant: not used
337 1282       3       Many::m128 (14 bytes)
337 1283       4       Many::m128 (14 bytes)
337 1282       3       Many::m128 (14 bytes)   made not entrant: not used
338 1284       3       Many::m129 (14 bytes)
338 1285       4       Many::m129 (14 bytes)
338 1284       3       Many::m129 (14 bytes)   made not entrant: not used
339 1286       3       Many::m130 (14 bytes)
339 1287       4       Many::m130 (14 bytes)
340 1286       3       Many::m130 (14 bytes)   made not entrant: not used
341 1288       3       Many::m131 (14 bytes)
341 1289       4       Many::m131 (14 bytes)
341 1288       3       Many::m131 (14 bytes)   made not entrant: not used
342 1290       3       Many::m132 (14 bytes)
342 1291       4       Many::m132 (14 bytes)
342 1290       3       Many::m132 (14 bytes)   made not entrant: not used
344 1292       3       Many::m133 (14 bytes)
344 1293       4       Many::m133 (14 bytes)
344 1292       3       Many::m133 (14 bytes)   made not entrant: not used
345 1294       3       Many::m134 (14 bytes)
345 1295       4       Many::m134 (14 bytes)
345 1294       3       Many::m134 (14 bytes)   made not entrant: not used
346 1296       3       Many::m135 (14 bytes)
347 1297       4       Many::m135 (14 bytes)
347 1296       3       Many::m135 (14 bytes)   made not entrant: not used
348 1298       3       Many::m136 (14 bytes)
348 1299       4       Many::m136 (14 bytes)
348 1298       3       Many::m136 (14 bytes)   made not entrant: not used
349 1300       3       Many::m137 (14 bytes)
349 1301       4       Many::m137 (14 bytes)
349 1300       3       Many::m137 (14 bytes)   made not entrant: not used
351 1302       3       Many::m138 (14 bytes)
351 1303       4       Many::m138 (14 bytes)
351 1302       3       Many::m138 (14 bytes)   made not entrant: not used
352 1304       3       Many::m139 (14 bytes)
352 1305       4       Many::m139 (14 bytes)
352 1304       3       Many::m139 (14 bytes)   made not entrant: not used
354 1306       3       Many::m140 (14 bytes)
354 1307       4       Many::m140 (14 bytes)
354 1306       3       Many::m140 (14 bytes)   made not entrant: not used
355 1308       3       Many::m141 (14 bytes)
355 1309       4       Many::m141 (14 bytes)
355 1308       3       Many::m141 (14 bytes)   made not entrant: not used
356 1310       3       Many::m142 (14 bytes)
357 1311       4       Many::m142 (14 bytes)
357 1310       3       Many::m142 (14 bytes)   made not entrant: not used
358 1312       3       Many::m143 (14 bytes)
358 1313       4       Many::m143 (14 bytes)
358 1312       3       Many::m143 (14 bytes)   made not entrant: not used
359 1314       3       Many::m144 (14 bytes)
359 1315       4       Many::m144 (14 bytes)
360 1314       3       Many::m144 (14 bytes)   made not entrant: not used
361 1316       3       Many::m145 (14 bytes)
361 1317       4       Many::m145 (14 bytes)
361 1316       3       Many::m145 (14 bytes)   made not entrant: not used
362 1318       3       Many::m146 (14 bytes)
362 1319       4       Many::m146 (14 bytes)
362 1318       3       Many::m146 (14 bytes)   made not entrant: not used
364 1320       3       Many::m147 (14 bytes)
364 1321       4       Many::m147 (14 bytes)
364 1320       3       Many::m147 (14 bytes)   made not entrant: not used
365 1322       3       Many::m148 (14 bytes)
365 1323       4       Many::m148 (14 bytes)
365 1322       3       Many::m148 (14 bytes)   made not entrant: not used
366 1324       3       Many::m149 (14 bytes)
367 1325       4       Many::m149 (14 bytes)
367 1324       3       Many::m149 (14 bytes)   made not entrant: not used
368 1326       3       Many::m150 (14 bytes)
368 1327       4       Many::m150 (14 bytes)
368 1326       3       Many::m150 (14 bytes)   made not entrant: not used
369 1328       3       Many::m151 (14 bytes)
369 1329       4       Many::m151 (14 bytes)
369 1328       3       Many::m151 (14 bytes)   made not entrant: not used
371 1330       3       Many::m152 (14 bytes)
371 1331       4       Many::m152 (14 bytes)
371 1330       3       Many::m152 (14 bytes)   made not entrant: not used
372 1332       3       Many::m153 (14 bytes)
372 1333       4       Many::m153 (14 bytes)
373 1332       3       Many::m153 (14 bytes)   made not entrant: not used
374 1334       3       Many::m154 (14 bytes)
374 1335       4       Many::m154 (14 bytes)
374 1334       3       Many::m154 (14 bytes)   made not entrant: not used
375 1336       3       Many::m155 (14 bytes)
375 1337       4       Many::m155 (14 bytes)
375 1336       3       Many::m155 (14 bytes)   made not entrant: not used
377 1338       3       Many::m156 (14 bytes)
377 1339       4       Many::m156 (14 bytes)
377 1338       3       Many::m156 (14 bytes)   made not entrant: not used
378 1340       3       Many::m157 (14 bytes)
378 1341       4       Many::m157 (14 bytes)
378 1340       3       Many::m157 (14 bytes)   made not entrant: not used
379 1342       3       Many::m158 (14 bytes)
380 1343       4       Many::m158 (14 bytes)
380 1342       3       Many::m158 (14 bytes)   made not entrant: not used
381 1344       3       Many::m159 (14 bytes)
381 1345       4       Many::m159 (14 bytes)
381 1344       3       Many::m159 (14 bytes)   made not entrant: not used
382 1346       3       Many::m160 (14 bytes)
382 1347       4       Many::m160 (14 bytes)
382 1346       3       Many::m160 (14 bytes)   made not entrant: not used
384 1348       3       Many::m161 (14 bytes)
384 1349       4       Many::m161 (14 bytes)
384 1348       3       Many::m161 (14 bytes)   made not entrant: not used
385 1350       3       Many::m162 (14 bytes)
385 1351       4       Many::m162 (14 bytes)
385 1350       3       Many::m162 (14 bytes)   made not entrant: not used
387 1352       3       Many::m163 (14 bytes)
387 1353       4       Many::m163 (14 bytes)
387 1352       3       Many::m163 (14 bytes)   made not entrant: not used
388 1354       3       Many::m164 (14 bytes)
388 1355       4       Many::m164 (14 bytes)
388 1354       3       Many::m164 (14 bytes)   made not entrant: not used
390 1356       3       Many::m165 (14 bytes)
390 1357       4       Many::m165 (14 bytes)
390 1356       3       Many::m165 (14 bytes)   made not entrant: not used
391 1358       3       Many::m166 (14 bytes)
391 1359       4       Many::m166 (14 bytes)
391 1358       3       Many::m166 (14 bytes)   made not entrant: not used
392 1360       3       Many::m167 (14 bytes)
393 1361       4       Many::m167 (14 bytes)
393 1360       3       Many::m167 (14 bytes)   made not entrant: not used
394 1362       3       Many::m168 (14 bytes)
394 1363       4       Many::m168 (14 bytes)
394 1362       3       Many::m168 (14 bytes)   made not entrant: not used
395 1364       3       Many::m169 (14 bytes)
395 1365       4       Many::m169 (14 bytes)
395 1364       3       Many::m169 (14 bytes)   made not entrant: not used
397 1366       3       Many::m170 (14 bytes)
397 1367       4       Many::m170 (14 bytes)
397 1366       3       Many::m170 (14 bytes)   made not entrant: not used
398 1368       3       Many::m171 (14 bytes)
398 1369       4       Many::m171 (14 bytes)
398 1368       3       Many::m171 (14 bytes)   made not entrant: not used
400 1370       3       Many::m172 (14 bytes)
400 1371       4       Many::m172 (14 bytes)
400 1370       3       Many::m172 (14 bytes)   made not entrant: not used
401 1372       3       Many::m173 (14 bytes)
401 1373       4       Many::m173 (14 bytes)
401 1372       3       Many::m173 (14 bytes)   made not entrant: not used
402 1374       3       Many::m174 (14 bytes)
402 1375       4       Many::m174 (14 bytes)
403 1374       3       Many::m174 (14 bytes)   made not entrant: not used
404 1376       3       Many::m175 (14 bytes)
404 1377       4       Many::m175 (14 bytes)
404 1376       3       Many::m175 (14 bytes)   made not entrant: not used
405 1378       3       Many::m176 (14 bytes)
405 1379       4       Many::m176 (14 bytes)
405 1378       3       Many::m176 (14 bytes)   made not entrant: not used
407 1380       3       Many::m177 (14 bytes)
407 1381       4       Many::m177 (14 bytes)
407 1380       3       Many::m177 (14 bytes)   made not entrant: not used
408 1382       3       Many::m178 (14 bytes)
408 1383       4       Many::m178 (14 bytes)
408 1382       3       Many::m178 (14 bytes)   made not entrant: not used
410 1384       3       Many::m179 (14 bytes)
410 1385       4       Many::m179 (14 bytes)
410 1384       3       Many::m179 (14 bytes)   made not entrant: not used
411 1386       3       Many::m180 (14 bytes)
411 1387       4       Many::m180 (14 bytes)
411 1386       3       Many::m180 (14 bytes)   made not entrant: not used
412 1388       3       Many::m181 (14 bytes)
413 1389       4       Many::m181 (14 bytes)
413 1388       3       Many::m181 (14 bytes)   made not entrant: not used
414 1390       3       Many::m182 (14 bytes)
414 1391       4       Many::m182 (14 bytes)
414 1390       3       Many::m182 (14 bytes)   made not entrant: not used
415 1392       3       Many::m183 (14 bytes)
415 1393       4       Many::m183 (14 bytes)
415 1392       3       Many::m183 (14 bytes)   made not entrant: not used
417 1394       3       Many::m184 (14 bytes)
417 1395       4       Many::m184 (14 bytes)
417 1394       3       Many::m184 (14 bytes)   made not entrant: not used
418 1396       3       Many::m185 (14 bytes)
418 1397       4       Many::m185 (14 bytes)
418 1396       3       Many::m185 (14 bytes)   made not entrant: not used
420 1398       3       Many::m186 (14 bytes)
420 1399       4       Many::m186 (14 bytes)
420 1398       3       Many::m186 (14 bytes)   made not entrant: not used
421 1400       3       Many::m187 (14 bytes)
421 1401       4       Many::m187 (14 bytes)
421 1400       3       Many::m187 (14 bytes)   made not entrant: not used
422 1402       3       Many::m188 (14 bytes)
423 1403       4       Many::m188 (14 bytes)
423 1402       3       Many::m188 (14 bytes)   made not entrant: not used
424 1404       3       Many::m189 (14 bytes)
424 1405       4       Many::m189 (14 bytes)
424 1404       3       Many::m189 (14 bytes)   made not entrant: not used
425 1406       3       Many::m190 (14 bytes)
425 1407       4       Many::m190 (14 bytes)
425 1406       3       Many::m190 (14 bytes)   made not entrant: not used
427 1408       3       Many::m191 (14 bytes)
427 1409       4       Many::m191 (14 bytes)
427 1408       3       Many::m191 (14 bytes)   made not entrant: not used
428 1410       3       Many::m192 (14 bytes)
428 1411       4       Many::m192 (14 bytes)
428 1410       3       Many::m192 (14 bytes)   made not entrant: not used
430 1412       3       Many::m193 (14 bytes)
430 1413       4       Many::m193 (14 bytes)
430 1412       3       Many::m193 (14 bytes)   made not entrant: not used
431 1414       3       Many::m194 (14 bytes)
431 1415       4       Many::m194 (14 bytes)
431 1414       3       Many::m194 (14 bytes)   made not entrant: not used
432 1416       3       Many::m195 (14 bytes)
433 1417       4       Many::m195 (14 bytes)
433 1416       3       Many::m195 (14 bytes)   made not entrant: not used
434 1418       3       Many::m196 (14 bytes)
434 1419       4       Many::m196 (14 bytes)
434 1418       3       Many::m196 (14 bytes)   made not entrant: not used
435 1420       3       Many::m197 (14 bytes)
435 1421       4       Many::m197 (14 bytes)
435 1420       3       Many::m197 (14 bytes)   made not entrant: not used
437 1422       3       Many::m198 (14 bytes)
437 1423       4       Many::m198 (14 bytes)
437 1422       3       Many::m198 (14 bytes)   made not entrant: not used
438 1424       3       Many::m199 (14 bytes)
438 1425       4       Many::m199 (14 bytes)
438 1424       3       Many::m199 (14 bytes)   made not entrant: not used
440 1426       3       Many::m200 (14 bytes)
440 1427       4       Many::m200 (14 bytes)
440 1426       3       Many::m200 (14 bytes)   made not entrant: not used
441 1428       3       Many::m201 (14 bytes)
441 1429       4       Many::m201 (14 bytes)
442 1428       3       Many::m201 (14 bytes)   made not entrant: not used
443 1430       3       Many::m202 (14 bytes)
443 1431       4       Many::m202 (14 bytes)
443 1430       3       Many::m202 (14 bytes)   made not entrant: not used
444 1432       3       Many::m203 (14 bytes)
444 1433       4       Many::m203 (14 bytes)
444 1432       3       Many::m203 (14 bytes)   made not entrant: not used
445 1434       3       Many::m204 (14 bytes)
446 1435       4       Many::m204 (14 bytes)
446 1434       3       Many::m204 (14 bytes)   made not entrant: not used
447 1436       3       Many::m205 (14 bytes)
447 1437       4       Many::m205 (14 bytes)
447 1436       3       Many::m205 (14 bytes)   made not entrant: not used
448 1438       3       Many::m206 (14 bytes)
448 1439       4       Many::m206 (14 bytes)
448 1438       3       Many::m206 (14 bytes)   made not entrant: not used
450 1440       3       Many::m207 (14 bytes)
450 1441       4       Many::m207 (14 bytes)
450 1440       3       Many::m207 (14 bytes)   made not entrant: not used
451 1442       3       Many::m208 (14 bytes)
451 1443       4       Many::m208 (14 bytes)
451 1442       3       Many::m208 (14 bytes)   made not entrant: not used
453 1444       3       Many::m209 (14 bytes)
453 1445       4       Many::m209 (14 bytes)
453 1444       3       Many::m209 (14 bytes)   made not entrant: not used
454 1446       3       Many::m210 (14 bytes)
454 1447       4       Many::m210 (14 bytes)
454 1446       3       Many::m210 (14 bytes)   made not entrant: not used
456 1448       3       Many::m211 (14 bytes)
456 1449       4       Many::m211 (14 bytes)
456 1448       3       Many::m211 (14 bytes)   made not entrant: not used
457 1450       3       Many::m212 (14 bytes)
457 1451       4       Many::m212 (14 bytes)
457 1450       3       Many::m212 (14 bytes)   made not entrant: not used
458 1452       3       Many::m213 (14 bytes)
459 1453       4       Many::m213 (14 bytes)
459 1452       3       Many::m213 (14 bytes)   made not entrant: not used
460 1454       3       Many::m214 (14 bytes)
460 1455       4       Many::m214 (14 bytes)
460 1454       3       Many::m214 (14 bytes)   made not entrant: not used
461 1456       3       Many::m215 (14 bytes)
461 1457       4       Many::m215 (14 bytes)
461 1456       3       Many::m215 (14 bytes)   made not entrant: not used
463 1458       3       Many::m216 (14 bytes)
463 1459       4       Many::m216 (14 bytes)
463 1458       3       Many::m216 (14 bytes)   made not entrant: not used
464 1460       3       Many::m217 (14 bytes)
464 1461       4       Many::m217 (14 bytes)
464 1460       3       Many::m217 (14 bytes)   made not entrant: not used
466 1462       3       Many::m218 (14 bytes)
466 1463       4       Many::m218 (14 bytes)
466 1462       3       Many::m218 (14 bytes)   made not entrant: not used
467 1464       3       Many::m219 (14 bytes)
467 1465       4       Many::m219 (14 bytes)
467 1464       3       Many::m219 (14 bytes)   made not entrant: not used
468 1466       3       Many::m220 (14 bytes)
469 1467       4       Many::m220 (14 bytes)
469 1466       3       Many::m220 (14 bytes)   made not entrant: not used
470 1468       3       Many::m221 (14 bytes)
470 1469       4       Many::m221 (14 bytes)
470 1468       3       Many::m221 (14 bytes)   made not entrant: not used
471 1470       3       Many::m222 (14 bytes)
471 1471       4       Many::m222 (14 bytes)
471 1470       3       Many::m222 (14 bytes)   made not entrant: not used
473 1472       3       Many::m223 (14 bytes)
473 1473       4       Many::m223 (14 bytes)
473 1472       3       Many::m223 (14 bytes)   made not entrant: not used
474 1474       3       Many::m224 (14 bytes)
474 1475       4       Many::m224 (14 bytes)
474 1474       3       Many::m224 (14 bytes)   made not entrant: not used
476 1476       3       Many::m225 (14 bytes)
476 1477       4       Many::m225 (14 bytes)
476 1476       3       Many::m225 (14 bytes)   made not entrant: not used
477 1478       3       Many::m226 (14 bytes)
477 1479       4       Many::m226 (14 bytes)
477 1478       3       Many::m226 (14 bytes)   made not entrant: not used
479 1480       3       Many::m227 (14 bytes)
479 1481       4       Many::m227 (14 bytes)
479 1480       3       Many::m227 (14 bytes)   made not entrant: not used
480 1482       3       Many::m228 (14 bytes)
480 1483       4       Many::m228 (14 bytes)
480 1482       3       Many::m228 (14 bytes)   made not entrant: not used
481 1484       3       Many::m229 (14 bytes)
481 1485       4       Many::m229 (14 bytes)
482 1484       3       Many::m229 (14 bytes)   made not entrant: not used
483 1486       3       Many::m230 (14 bytes)
483 1487       4       Many::m230 (14 bytes)
483 1486       3       Many::m230 (14 bytes)   made not entrant: not used
484 1488       3       Many::m231 (14 bytes)
484 1489       4       Many::m231 (14 bytes)
484 1488       3       Many::m231 (14 bytes)   made not entrant: not used
486 1490       3       Many::m232 (14 bytes)
486 1491       4       Many::m232 (14 bytes)
486 1490       3       Many::m232 (14 bytes)   made not entrant: not used
487 1492       3       Many::m233 (14 bytes)
487 1493       4       Many::m233 (14 bytes)
487 1492       3       Many::m233 (14 bytes)   made not entrant: not used
488 1494       3       Many::m234 (14 bytes)
489 1495       4       Many::m234 (14 bytes)
489 1494       3       Many::m234 (14 bytes)   made not entrant: not used
490 1496       3       Many::m235 (14 bytes)
490 1497       4       Many::m235 (14 bytes)
490 1496       3       Many::m235 (14 bytes)   made not entrant: not used
491 1498       3       Many::m236 (14 bytes)
491 1499       4       Many::m236 (14 bytes)
492 1498       3       Many::m236 (14 bytes)   made not entrant: not used
493 1500       3       Many::m237 (14 bytes)
493 1501       4       Many::m237 (14 bytes)
493 1500       3       Many::m237 (14 bytes)   made not entrant: not used
494 1502       3       Many::m238 (14 bytes)
494 1503       4       Many::m238 (14 bytes)
494 1502       3       Many::m238 (14 bytes)   made not entrant: not used
496 1504       3       Many::m239 (14 bytes)
496 1505       4       Many::m239 (14 bytes)
496 1504       3       Many::m239 (14 bytes)   made not entrant: not used
497 1506       3       Many::m240 (14 bytes)
497 1507       4       Many::m240 (14 bytes)
497 1506       3       Many::m240 (14 bytes)   made not entrant: not used
499 1508       3       Many::m241 (14 bytes)
499 1509       4       Many::m241 (14 bytes)
499 1508       3       Many::m241 (14 bytes)   made not entrant: not used
500 1510       3       Many::m242 (14 bytes)
500 1511       4       Many::m242 (14 bytes)
500 1510       3       Many::m242 (14 bytes)   made not entrant: not used
501 1512       3       Many::m243 (14 bytes)
501 1513       4       Many::m243 (14 bytes)
502 1512       3       Many::m243 (14 bytes)   made not entrant: not used
503 1514       3       Many::m244 (14 bytes)
503 1515       4       Many::m244 (14 bytes)
503 1514       3       Many::m244 (14 bytes)   made not entrant: not used
504 1516       3       Many::m245 (14 bytes)
504 1517       4       Many::m245 (14 bytes)
504 1516       3       Many::m245 (14 bytes)   made not entrant: not used
506 1518       3       Many::m246 (14 bytes)
506 1519       4       Many::m246 (14 bytes)
506 1518       3       Many::m246 (14 bytes)   made not entrant: not used
507 1520       3       Many::m247 (14 bytes)
507 1521       4       Many::m247 (14 bytes)
507 1520       3       Many::m247 (14 bytes)   made not entrant: not used
509 1522       3       Many::m248 (14 bytes)
509 1523       4       Many::m248 (14 bytes)
509 1522       3       Many::m248 (14 bytes)   made not entrant: not used
510 1524       3       Many::m249 (14 bytes)
510 1525       4       Many::m249 (14 bytes)
510 1524       3       Many::m249 (14 bytes)   made not entrant: not used
511 1526       3       Many::m250 (14 bytes)
512 1527       4       Many::m250 (14 bytes)
512 1526       3       Many::m250 (14 bytes)   made not entrant: not used
513 1528       3       Many::m251 (14 bytes)
513 1529       4       Many::m251 (14 bytes)
513 1528       3       Many::m251 (14 bytes)   made not entrant: not used
514 1530       3       Many::m252 (14 bytes)
514 1531       4       Many::m252 (14 bytes)
514 1530       3       Many::m252 (14 bytes)   made not entrant: not used
516 1532       3       Many::m253 (14 bytes)
516 1533       4       Many::m253 (14 bytes)
516 1532       3       Many::m253 (14 bytes)   made not entrant: not used
517 1534       3       Many::m254 (14 bytes)
517 1535       4       Many::m254 (14 bytes)
517 1534       3       Many::m254 (14 bytes)   made not entrant: not used
518 1536       3       Many::m255 (14 bytes)
519 1537       4       Many::m255 (14 bytes)
519 1536       3       Many::m255 (14 bytes)   made not entrant: not used
520 1538       3       Many::m256 (14 bytes)
520 1539       4       Many::m256 (14 bytes)
520 1538       3       Many::m256 (14 bytes)   made not entrant: not used
521 1540       3       Many::m257 (14 bytes)
521 1541       4       Many::m257 (14 bytes)
522 1540       3       Many::m257 (14 bytes)   made not entrant: not used
523 1542       3       Many::m258 (14 bytes)
523 1543       4       Many::m258 (14 bytes)
523 1542       3       Many::m258 (14 bytes)   made not entrant: not used
524 1544       3       Many::m259 (14 bytes)
524 1545       4       Many::m259 (14 bytes)
524 1544       3       Many::m259 (14 bytes)   made not entrant: not used
526 1546       3       Many::m260 (14 bytes)
526 1547       4       Many::m260 (14 bytes)
526 1546       3       Many::m260 (14 bytes)   made not entrant: not used
527 1548       3       Many::m261 (14 bytes)
527 1549       4       Many::m261 (14 bytes)
527 1548       3       Many::m261 (14 bytes)   made not entrant: not used
529 1550       3       Many::m262 (14 bytes)
529 1551       4       Many::m262 (14 bytes)
529 1550       3       Many::m262 (14 bytes)   made not entrant: not used
530 1552       3       Many::m263 (14 bytes)
530 1553       4       Many::m263 (14 bytes)
530 1552       3       Many::m263 (14 bytes)   made not entrant: not used
531 1554       3       Many::m264 (14 bytes)
531 1555       4       Many::m264 (14 bytes)
532 1554       3       Many::m264 (14 bytes)   made not entrant: not used
533 1556       3       Many::m265 (14 bytes)
533 1557       4       Many::m265 (14 bytes)
533 1556       3       Many::m265 (14 bytes)   made not entrant: not used
534 1558       3       Many::m266 (14 bytes)
534 1559       4       Many::m266 (14 bytes)
534 1558       3       Many::m266 (14 bytes)   made not entrant: not used
536 1560       3       Many::m267 (14 bytes)
536 1561       4       Many::m267 (14 bytes)
536 1560       3       Many::m267 (14 bytes)   made not entrant: not used
537 1562       3       Many::m268 (14 bytes)
537 1563       4       Many::m268 (14 bytes)
537 1562       3       Many::m268 (14 bytes)   made not entrant: not used
539 1564       3       Many::m269 (14 bytes)
539 1565       4       Many::m269 (14 bytes)
539 1564       3       Many::m269 (14 bytes)   made not entrant: not used
540 1566       3       Many::m270 (14 bytes)
540 1567       4       Many::m270 (14 bytes)
540 1566       3       Many::m270 (14 bytes)   made not entrant: not used
541 1568       3       Many::m271 (14 bytes)
542 1569       4       Many::m271 (14 bytes)
542 1568       3       Many::m271 (14 bytes)   made not entrant: not used
543 1570       3       Many::m272 (14 bytes)
543 1571       4       Many::m272 (14 bytes)
543 1570       3       Many::m272 (14 bytes)   made not entrant: not used
544 1572       3       Many::m273 (14 bytes)
544 1573       4       Many::m273 (14 bytes)
544 1572       3       Many::m273 (14 bytes)   made not entrant: not used
546 1574       3       Many::m274 (14 bytes)
546 1575       4       Many::m274 (14 bytes)
546 1574       3       Many::m274 (14 bytes)   made not entrant: not used
547 1576       3       Many::m275 (14 bytes)
547 1577       4       Many::m275 (14 bytes)
547 1576       3       Many::m275 (14 bytes)   made not entrant: not used
549 1578       3       Many::m276 (14 bytes)
549 1579       4       Many::m276 (14 bytes)
549 1578       3       Many::m276 (14 bytes)   made not entrant: not used
550 1580       3       Many::m277 (14 bytes)
550 1581       4       Many::m277 (14 bytes)
550 1580       3       Many::m277 (14 bytes)   made not entrant: not used
551 1582       3       Many::m278 (14 bytes)
551 1583       4       Many::m278 (14 bytes)
552 1582       3       Many::m278 (14 bytes)   made not entrant: not used
553 1584       3       Many::m279 (14 bytes)
553 1585       4       Many::m279 (14 bytes)
553 1584       3       Many::m279 (14 bytes)   made not entrant: not used
554 1586       3       Many::m280 (14 bytes)
554 1587       4       Many::m280 (14 bytes)
554 1586       3       Many::m280 (14 bytes)   made not entrant: not used
556 1588       3       Many::m281 (14 bytes)
556 1589       4       Many::m281 (14 bytes)
556 1588       3       Many::m281 (14 bytes)   made not entrant: not used
557 1590       3       Many::m282 (14 bytes)
557 1591       4       Many::m282 (14 bytes)
557 1590       3       Many::m282 (14 bytes)   made not entrant: not used
559 1592       3       Many::m283 (14 bytes)
559 1593       4       Many::m283 (14 bytes)
559 1592       3       Many::m283 (14 bytes)   made not entrant: not used
560 1594       3       Many::m284 (14 bytes)
560 1595       4       Many::m284 (14 bytes)
560 1594       3       Many::m284 (14 bytes)   made not entrant: not used
561 1596       3       Many::m285 (14 bytes)
561 1597       4       Many::m285 (14 bytes)
562 1596       3       Many::m285 (14 bytes)   made not entrant: not used
563 1598       3       Many::m286 (14 bytes)
563 1599       4       Many::m286 (14 bytes)
563 1598       3       Many::m286 (14 bytes)   made not entrant: not used
564 1600       3       Many::m287 (14 bytes)
564 1601       4       Many::m287 (14 bytes)
564 1600       3       Many::m287 (14 bytes)   made not entrant: not used
566 1602       3       Many::m288 (14 bytes)
566 1603       4       Many::m288 (14 bytes)
566 1602       3       Many::m288 (14 bytes)   made not entrant: not used
567 1604       3       Many::m289 (14 bytes)
567 1605       4       Many::m289 (14 bytes)
567 1604       3       Many::m289 (14 bytes)   made not entrant: not used
568 1606       3       Many::m290 (14 bytes)
569 1607       4       Many::m290 (14 bytes)
569 1606       3       Many::m290 (14 bytes)   made not entrant: not used
570 1608       3       Many::m291 (14 bytes)
570 1609       4       Many::m291 (14 bytes)
570 1608       3       Many::m291 (14 bytes)   made not entrant: not used
571 1610       3       Many::m292 (14 bytes)
571 1611       4       Many::m292 (14 bytes)
571 1610       3       Many::m292 (14 bytes)   made not entrant: not used
573 1612       3       Many::m293 (14 bytes)
573 1613       4       Many::m293 (14 bytes)
573 1612       3       Many::m293 (14 bytes)   made not entrant: not used
574 1614       3       Many::m294 (14 bytes)
574 1615       4       Many::m294 (14 bytes)
574 1614       3       Many::m294 (14 bytes)   made not entrant: not used
576 1616       3       Many::m295 (14 bytes)
576 1617       4       Many::m295 (14 bytes)
576 1616       3       Many::m295 (14 bytes)   made not entrant: not used
577 1618       3       Many::m296 (14 bytes)
577 1619       4       Many::m296 (14 bytes)
577 1618       3       Many::m296 (14 bytes)   made not entrant: not used
579 1620       3       Many::m297 (14 bytes)
579 1621       4       Many::m297 (14 bytes)
579 1620       3       Many::m297 (14 bytes)   made not entrant: not used
580 1622       3       Many::m298 (14 bytes)
580 1623       4       Many::m298 (14 bytes)
580 1622       3       Many::m298 (14 bytes)   made not entrant: not used
581 1624       3       Many::m299 (14 bytes)
581 1625       4       Many::m299 (14 bytes)
582 1624       3       Many::m299 (14 bytes)   made not entrant: not used
583 1626       3       Many::m300 (14 bytes)
583 1627       4       Many::m300 (14 bytes)
583 1626       3       Many::m300 (14 bytes)   made not entrant: not used
584 1628       3       Many::m301 (14 bytes)
584 1629       4       Many::m301 (14 bytes)
584 1628       3       Many::m301 (14 bytes)   made not entrant: not used
586 1630       3       Many::m302 (14 bytes)
586 1631       4       Many::m302 (14 bytes)
586 1630       3       Many::m302 (14 bytes)   made not entrant: not used
587 1632       3       Many::m303 (14 bytes)
587 1633       4       Many::m303 (14 bytes)
587 1632       3       Many::m303 (14 bytes)   made not entrant: not used
589 1634       3       Many::m304 (14 bytes)
589 1635       4       Many::m304 (14 bytes)
589 1634       3       Many::m304 (14 bytes)   made not entrant: not used
590 1636       3       Many::m305 (14 bytes)
590 1637       4       Many::m305 (14 bytes)
590 1636       3       Many::m305 (14 bytes)   made not entrant: not used
591 1638       3       Many::m306 (14 bytes)
592 1639       4       Many::m306 (14 bytes)
592 1638       3       Many::m306 (14 bytes)   made not entrant: not used
593 1640       3       Many::m307 (14 bytes)
593 1641       4       Many::m307 (14 bytes)
593 1640       3       Many::m307 (14 bytes)   made not entrant: not used
594 1642       3       Many::m308 (14 bytes)
594 1643       4       Many::m308 (14 bytes)
594 1642       3       Many::m308 (14 bytes)   made not entrant: not used
596 1644       3       Many::m309 (14 bytes)
596 1645       4       Many::m309 (14 bytes)
596 1644       3       Many::m309 (14 bytes)   made not entrant: not used
597 1646       3       Many::m310 (14 bytes)
597 1647       4       Many::m310 (14 bytes)
597 1646       3       Many::m310 (14 bytes)   made not entrant: not used
599 1648       3       Many::m311 (14 bytes)
599 1649       4       Many::m311 (14 bytes)
599 1648       3       Many::m311 (14 bytes)   made not entrant: not used
600 1650       3       Many::m312 (14 bytes)
600 1651       4       Many::m312 (14 bytes)
600 1650       3       Many::m312 (14 bytes)   made not entrant: not used
601 1652       3       Many::m313 (14 bytes)
601 1653       4       Many::m313 (14 bytes)
602 1652       3       Many::m313 (14 bytes)   made not entrant: not used
603 1654       3       Many::m314 (14 bytes)
603 1655       4       Many::m314 (14 bytes)
603 1654       3       Many::m314 (14 bytes)   made not entrant: not used
604 1656       3       Many::m315 (14 bytes)
604 1657       4       Many::m315 (14 bytes)
604 1656       3       Many::m315 (14 bytes)   made not entrant: not used
606 1658       3       Many::m316 (14 bytes)
606 1659       4       Many::m316 (14 bytes)
606 1658       3       Many::m316 (14 bytes)   made not entrant: not used
607 1660       3       Many::m317 (14 bytes)
607 1661       4       Many::m317 (14 bytes)
607 1660       3       Many::m317 (14 bytes)   made not entrant: not used
609 1662       3       Many::m318 (14 bytes)
609 1663       4       Many::m318 (14 bytes)
609 1662       3       Many::m318 (14 bytes)   made not entrant: not used
610 1664       3       Many::m319 (14 bytes)
610 1665       4       Many::m319 (14 bytes)
610 1664       3       Many::m319 (14 bytes)   made not entrant: not used
611 1666       3       Many::m320 (14 bytes)
611 1667       4       Many::m320 (14 bytes)
612 1666       3       Many::m320 (14 bytes)   made not entrant: not used
613 1668       3       Many::m321 (14 bytes)
613 1669       4       Many::m321 (14 bytes)
613 1668       3       Many::m321 (14 bytes)   made not entrant: not used
614 1670       3       Many::m322 (14 bytes)
614 1671       4       Many::m322 (14 bytes)
614 1670       3       Many::m322 (14 bytes)   made not entrant: not used
616 1672       3       Many::m323 (14 bytes)
616 1673       4       Many::m323 (14 bytes)
616 1672       3       Many::m323 (14 bytes)   made not entrant: not used
617 1674       3       Many::m324 (14 bytes)
617 1675       4       Many::m324 (14 bytes)
617 1674       3       Many::m324 (14 bytes)   made not entrant: not used
618 1676       3       Many::m325 (14 bytes)
619 1677       4       Many::m325 (14 bytes)
619 1676       3       Many::m325 (14 bytes)   made not entrant: not used
620 1678       3       Many::m326 (14 bytes)
620 1679       4       Many::m326 (14 bytes)
620 1678       3       Many::m326 (14 bytes)   made not entrant: not used
621 1680       3       Many::m327 (14 bytes)
621 1681       4       Many::m327 (14 bytes)
621 1680       3       Many::m327 (14 bytes)   made not entrant: not used
623 1682       3       Many::m328 (14 bytes)
623 1683       4       Many::m328 (14 bytes)
623 1682       3       Many::m328 (14 bytes)   made not entrant: not used
624 1684       3       Many::m329 (14 bytes)
624 1685       4       Many::m329 (14 bytes)
624 1684       3       Many::m329 (14 bytes)   made not entrant: not used
626 1686       3       Many::m330 (14 bytes)
626 1687       4       Many::m330 (14 bytes)
626 1686       3       Many::m330 (14 bytes)   made not entrant: not used
627 1688       3       Many::m331 (14 bytes)
627 1689       4       Many::m331 (14 bytes)
627 1688       3       Many::m331 (14 bytes)   made not entrant: not used
628 1690       3       Many::m332 (14 bytes)
629 1691       4       Many::m332 (14 bytes)
629 1690       3       Many::m332 (14 bytes)   made not entrant: not used
630 1692       3       Many::m333 (14 bytes)
630 1693       4       Many::m333 (14 bytes)
630 1692       3       Many::m333 (14 bytes)   made not entrant: not used
631 1694       3       Many::m334 (14 bytes)
631 1695       4       Many::m334 (14 bytes)
631 1694       3       Many::m334 (14 bytes)   made not entrant: not used
633 1696       3       Many::m335 (14 bytes)
633 1697       4       Many::m335 (14 bytes)
633 1696       3       Many::m335 (14 bytes)   made not entrant: not used
634 1698       3       Many::m336 (14 bytes)
634 1699       4       Many::m336 (14 bytes)
634 1698       3       Many::m336 (14 bytes)   made not entrant: not used
636 1700       3       Many::m337 (14 bytes)
636 1701       4       Many::m337 (14 bytes)
636 1700       3       Many::m337 (14 bytes)   made not entrant: not used
637 1702       3       Many::m338 (14 bytes)
637 1703       4       Many::m338 (14 bytes)
637 1702       3       Many::m338 (14 bytes)   made not entrant: not used
638 1704       3       Many::m339 (14 bytes)
639 1705       4       Many::m339 (14 bytes)
639 1704       3       Many::m339 (14 bytes)   made not entrant: not used
640 1706       3       Many::m340 (14 bytes)
640 1707       4       Many::m340 (14 bytes)
640 1706       3       Many::m340 (14 bytes)   made not entrant: not used
641 1708       3       Many::m341 (14 bytes)
641 1709       4       Many::m341 (14 bytes)
642 1708       3       Many::m341 (14 bytes)   made not entrant: not used
643 1710       3       Many::m342 (14 bytes)
643 1711       4       Many::m342 (14 bytes)
643 1710       3       Many::m342 (14 bytes)   made not entrant: not used
644 1712       3       Many::m343 (14 bytes)
644 1713       4       Many::m343 (14 bytes)
644 1712       3       Many::m343 (14 bytes)   made not entrant: not used
646 1714       3       Many::m344 (14 bytes)
646 1715       4       Many::m344 (14 bytes)
646 1714       3       Many::m344 (14 bytes)   made not entrant: not used
647 1716       3       Many::m345 (14 bytes)
647 1717       4       Many::m345 (14 bytes)
647 1716       3       Many::m345 (14 bytes)   made not entrant: not used
649 1718       3       Many::m346 (14 bytes)
649 1719       4       Many::m346 (14 bytes)
649 1718       3       Many::m346 (14 bytes)   made not entrant: not used
650 1720       3       Many::m347 (14 bytes)
650 1721       4       Many::m347 (14 bytes)
650 1720       3       Many::m347 (14 bytes)   made not entrant: not used
651 1722       3       Many::m348 (14 bytes)
651 1723       4       Many::m348 (14 bytes)
652 1722       3       Many::m348 (14 bytes)   made not entrant: not used
653 1724       3       Many::m349 (14 bytes)
653 1725       4       Many::m349 (14 bytes)
653 1724       3       Many::m349 (14 bytes)   made not entrant: not used
654 1726       3       Many::m350 (14 bytes)
654 1727       4       Many::m350 (14 bytes)
654 1726       3       Many::m350 (14 bytes)   made not entrant: not used
656 1728       3       Many::m351 (14 bytes)
656 1729       4       Many::m351 (14 bytes)
656 1728       3       Many::m351 (14 bytes)   made not entrant: not used
657 1730       3       Many::m352 (14 bytes)
657 1731       4       Many::m352 (14 bytes)
657 1730       3       Many::m352 (14 bytes)   made not entrant: not used
659 1732       3       Many::m353 (14 bytes)
659 1733       4       Many::m353 (14 bytes)
659 1732       3       Many::m353 (14 bytes)   made not entrant: not used
660 1734       3       Many::m354 (14 bytes)
660 1735       4       Many::m354 (14 bytes)
660 1734       3       Many::m354 (14 bytes)   made not entrant: not used
661 1736       3       Many::m355 (14 bytes)
662 1737       4       Many::m355 (14 bytes)
662 1736       3       Many::m355 (14 bytes)   made not entrant: not used
663 1738       3       Many::m356 (14 bytes)
663 1739       4       Many::m356 (14 bytes)
663 1738       3       Many::m356 (14 bytes)   made not entrant: not used
664 1740       3       Many::m357 (14 bytes)
664 1741       4       Many::m357 (14 bytes)
665 1740       3       Many::m357 (14 bytes)   made not entrant: not used
666 1742       3       Many::m358 (14 bytes)
666 1743       4       Many::m358 (14 bytes)
666 1742       3       Many::m358 (14 bytes)   made not entrant: not used
667 1744       3       Many::m359 (14 bytes)
667 1745       4       Many::m359 (14 bytes)
667 1744       3       Many::m359 (14 bytes)   made not entrant: not used
669 1746       3       Many::m360 (14 bytes)
669 1747       4       Many::m360 (14 bytes)
669 1746       3       Many::m360 (14 bytes)   made not entrant: not used
670 1748       3       Many::m361 (14 bytes)
670 1749       4       Many::m361 (14 bytes)
670 1748       3       Many::m361 (14 bytes)   made not entrant: not used
671 1750       3       Many::m362 (14 bytes)
672 1751       4       Many::m362 (14 bytes)
672 1750       3       Many::m362 (14 bytes)   made not entrant: not used
673 1752       3       Many::m363 (14 bytes)
673 1753       4       Many::m363 (14 bytes)
673 1752       3       Many::m363 (14 bytes)   made not entrant: not used
674 1754       3       Many::m364 (14 bytes)
674 1755       4       Many::m364 (14 bytes)
675 1754       3       Many::m364 (14 bytes)   made not entrant: not used
676 1756       3       Many::m365 (14 bytes)
676 1757       4       Many::m365 (14 bytes)
676 1756       3       Many::m365 (14 bytes)   made not entrant: not used
677 1758       3       Many::m366 (14 bytes)
677 1759       4       Many::m366 (14 bytes)
677 1758       3       Many::m366 (14 bytes)   made not entrant: not used
679 1760       3       Many::m367 (14 bytes)
679 1761       4       Many::m367 (14 bytes)
679 1760       3       Many::m367 (14 bytes)   made not entrant: not used
680 1762       3       Many::m368 (14 bytes)
680 1763       4       Many::m368 (14 bytes)
680 1762       3       Many::m368 (14 bytes)   made not entrant: not used
681 1764       3       Many::m369 (14 bytes)
682 1765       4       Many::m369 (14 bytes)
682 1764       3       Many::m369 (14 bytes)   made not entrant: not used
683 1766       3       Many::m370 (14 bytes)
683 1767       4       Many::m370 (14 bytes)
683 1766       3       Many::m370 (14 bytes)   made not entrant: not used
684 1768       3       Many::m371 (14 bytes)
684 1769       4       Many::m371 (14 bytes)
684 1768       3       Many::m371 (14 bytes)   made not entrant: not used
686 1770       3       Many::m372 (14 bytes)
686 1771       4       Many::m372 (14 bytes)
686 1770       3       Many::m372 (14 bytes)   made not entrant: not used
687 1772       3       Many::m373 (14 bytes)
687 1773       4       Many::m373 (14 bytes)
687 1772       3       Many::m373 (14 bytes)   made not entrant: not used
689 1774       3       Many::m374 (14 bytes)
689 1775       4       Many::m374 (14 bytes)
689 1774       3       Many::m374 (14 bytes)   made not entrant: not used
690 1776       3       Many::m375 (14 bytes)
690 1777       4       Many::m375 (14 bytes)
690 1776       3       Many::m375 (14 bytes)   made not entrant: not used
691 1778       3       Many::m376 (14 bytes)
692 1779       4       Many::m376 (14 bytes)
692 1778       3       Many::m376 (14 bytes)   made not entrant: not used
693 1780       3       Many::m377 (14 bytes)
693 1781       4       Many::m377 (14 bytes)
693 1780       3       Many::m377 (14 bytes)   made not entrant: not used
694 1782       3       Many::m378 (14 bytes)
694 1783       4       Many::m378 (14 bytes)
694 1782       3       Many::m378 (14 bytes)   made not entrant: not used
696 1784       3       Many::m379 (14 bytes)
696 1785       4       Many::m379 (14 bytes)
696 1784       3       Many::m379 (14 bytes)   made not entrant: not used
697 1786       3       Many::m380 (14 bytes)
697 1787       4       Many::m380 (14 bytes)
697 1786       3       Many::m380 (14 bytes)   made not entrant: not used
699 1788       3       Many::m381 (14 bytes)
699 1789       4       Many::m381 (14 bytes)
699 1788       3       Many::m381 (14 bytes)   made not entrant: not used
700 1790       3       Many::m382 (14 bytes)
700 1791       4       Many::m382 (14 bytes)
700 1790       3       Many::m382 (14 bytes)   made not entrant: not used
701 1792       3       Many::m383 (14 bytes)
701 1793       4       Many::m383 (14 bytes)
702 1792       3       Many::m383 (14 bytes)   made not entrant: not used
703 1794       3       Many::m384 (14 bytes)
703 1795       4       Many::m384 (14 bytes)
703 1794       3       Many::m384 (14 bytes)   made not entrant: not used
704 1796       3       Many::m385 (14 bytes)
704 1797       4       Many::m385 (14 bytes)
704 1796       3       Many::m385 (14 bytes)   made not entrant: not used
706 1798       3       Many::m386 (14 bytes)
706 1799       4       Many::m386 (14 bytes)
706 1798       3       Many::m386 (14 bytes)   made not entrant: not used
707 1800       3       Many::m387 (14 bytes)
707 1801       4       Many::m387 (14 bytes)
707 1800       3       Many::m387 (14 bytes)   made not entrant: not used
709 1802       3       Many::m388 (14 bytes)
709 1803       4       Many::m388 (14 bytes)
709 1802       3       Many::m388 (14 bytes)   made not entrant: not used
710 1804       3       Many::m389 (14 bytes)
710 1805       4       Many::m389 (14 bytes)
710 1804       3       Many::m389 (14 bytes)   made not entrant: not used
711 1806       3       Many::m390 (14 bytes)
712 1807       4       Many::m390 (14 bytes)
712 1806       3       Many::m390 (14 bytes)   made not entrant: not used
713 1808       3       Many::m391 (14 bytes)
713 1809       4       Many::m391 (14 bytes)
713 1808       3       Many::m391 (14 bytes)   made not entrant: not used
714 1810       3       Many::m392 (14 bytes)
714 1811       4       Many::m392 (14 bytes)
714 1810       3       Many::m392 (14 bytes)   made not entrant: not used
716 1812       3       Many::m393 (14 bytes)
716 1813       4       Many::m393 (14 bytes)
716 1812       3       Many::m393 (14 bytes)   made not entrant: not used
717 1814       3       Many::m394 (14 bytes)
717 1815       4       Many::m394 (14 bytes)
717 1814       3       Many::m394 (14 bytes)   made not entrant: not used
718 1816       3       Many::m395 (14 bytes)
719 1817       4       Many::m395 (14 bytes)
719 1816       3       Many::m395 (14 bytes)   made not entrant: not used
720 1818       3       Many::m396 (14 bytes)
720 1819       4       Many::m396 (14 bytes)
720 1818       3       Many::m396 (14 bytes)   made not entrant: not used
721 1820       3       Many::m397 (14 bytes)
721 1821       4       Many::m397 (14 bytes)
722 1820       3       Many::m397 (14 bytes)   made not entrant: not used
723 1822       3       Many::m398 (14 bytes)
723 1823       4       Many::m398 (14 bytes)
723 1822       3       Many::m398 (14 bytes)   made not entrant: not used
724 1824       3       Many::m399 (14 bytes)
724 1825       4       Many::m399 (14 bytes)
725 1824       3       Many::m399 (14 bytes)   made not entrant: not used
726 1826       3       Many::m400 (14 bytes)
726 1827       4       Many::m400 (14 bytes)
726 1826       3       Many::m400 (14 bytes)   made not entrant: not used
727 1828       3       Many::m401 (14 bytes)
727 1829       4       Many::m401 (14 bytes)
727 1828       3       Many::m401 (14 bytes)   made not entrant: not used
729 1830       3       Many::m402 (14 bytes)
729 1831       4       Many::m402 (14 bytes)
729 1830       3       Many::m402 (14 bytes)   made not entrant: not used
730 1832       3       Many::m403 (14 bytes)
730 1833       4       Many::m403 (14 bytes)
730 1832       3       Many::m403 (14 bytes)   made not entrant: not used
731 1834       3       Many::m404 (14 bytes)
731 1835       4       Many::m404 (14 bytes)
732 1834       3       Many::m404 (14 bytes)   made not entrant: not used
733 1836       3       Many::m405 (14 bytes)
733 1837       4       Many::m405 (14 bytes)
733 1836       3       Many::m405 (14 bytes)   made not entrant: not used
734 1838       3       Many::m406 (14 bytes)
734 1839       4       Many::m406 (14 bytes)
734 1838       3       Many::m406 (14 bytes)   made not entrant: not used
736 1840       3       Many::m407 (14 bytes)
736 1841       4       Many::m407 (14 bytes)
736 1840       3       Many::m407 (14 bytes)   made not entrant: not used
737 1842       3       Many::m408 (14 bytes)
737 1843       4       Many::m408 (14 bytes)
737 1842       3       Many::m408 (14 bytes)   made not entrant: not used
739 1844       3       Many::m409 (14 bytes)
739 1845       4       Many::m409 (14 bytes)
739 1844       3       Many::m409 (14 bytes)   made not entrant: not used
740 1846       3       Many::m410 (14 bytes)
740 1847       4       Many::m410 (14 bytes)
740 1846       3       Many::m410 (14 bytes)   made not entrant: not used
741 1848       3       Many::m411 (14 bytes)
742 1849       4       Many::m411 (14 bytes)
742 1848       3       Many::m411 (14 bytes)   made not entrant: not used
743 1850       3       Many::m412 (14 bytes)
743 1851       4       Many::m412 (14 bytes)
743 1850       3       Many::m412 (14 bytes)   made not entrant: not used
744 1852       3       Many::m413 (14 bytes)
744 1853       4       Many::m413 (14 bytes)
744 1852       3       Many::m413 (14 bytes)   made not entrant: not used
746 1854       3       Many::m414 (14 bytes)
746 1855       4       Many::m414 (14 bytes)
746 1854       3       Many::m414 (14 bytes)   made not entrant: not used
747 1856       3       Many::m415 (14 bytes)
747 1857       4       Many::m415 (14 bytes)
747 1856       3       Many::m415 (14 bytes)   made not entrant: not used
749 1858       3       Many::m416 (14 bytes)
749 1859       4       Many::m416 (14 bytes)
749 1858       3       Many::m416 (14 bytes)   made not entrant: not used
750 1860       3       Many::m417 (14 bytes)
750 1861       4       Many::m417 (14 bytes)
750 1860       3       Many::m417 (14 bytes)   made not entrant: not used
751 1862       3       Many::m418 (14 bytes)
751 1863       4       Many::m418 (14 bytes)
752 1862       3       Many::m418 (14 bytes)   made not entrant: not used
753 1864       3       Many::m419 (14 bytes)
753 1865       4       Many::m419 (14 bytes)
753 1864       3       Many::m419 (14 bytes)   made not entrant: not used
754 1866       3       Many::m420 (14 bytes)
754 1867       4       Many::m420 (14 bytes)
754 1866       3       Many::m420 (14 bytes)   made not entrant: not used
756 1868       3       Many::m421 (14 bytes)
756 1869       4       Many::m421 (14 bytes)
756 1868       3       Many::m421 (14 bytes)   made not entrant: not used
757 1870       3       Many::m422 (14 bytes)
757 1871       4       Many::m422 (14 bytes)
757 1870       3       Many::m422 (14 bytes)   made not entrant: not used
759 1872       3       Many::m423 (14 bytes)
759 1873       4       Many::m423 (14 bytes)
759 1872       3       Many::m423 (14 bytes)   made not entrant: not used
760 1874       3       Many::m424 (14 bytes)
760 1875       4       Many::m424 (14 bytes)
760 1874       3       Many::m424 (14 bytes)   made not entrant: not used
761 1876       3       Many::m425 (14 bytes)
761 1877       4       Many::m425 (14 bytes)
762 1876       3       Many::m425 (14 bytes)   made not entrant: not used
763 1878       3       Many::m426 (14 bytes)
763 1879       4       Many::m426 (14 bytes)
763 1878       3       Many::m426 (14 bytes)   made not entrant: not used
764 1880       3       Many::m427 (14 bytes)
764 1881       4       Many::m427 (14 bytes)
764 1880       3       Many::m427 (14 bytes)   made not entrant: not used
766 1882       3       Many::m428 (14 bytes)
766 1883       4       Many::m428 (14 bytes)
766 1882       3       Many::m428 (14 bytes)   made not entrant: not used
767 1884       3       Many::m429 (14 bytes)
767 1885       4       Many::m429 (14 bytes)
767 1884       3       Many::m429 (14 bytes)   made not entrant: not used
768 1886       3       Many::m430 (14 bytes)
769 1887       4       Many::m430 (14 bytes)
769 1886       3       Many::m430 (14 bytes)   made not entrant: not used
770 1888       3       Many::m431 (14 bytes)
770 1889       4       Many::m431 (14 bytes)
770 1888       3       Many::m431 (14 bytes)   made not entrant: not used
771 1890       3       Many::m432 (14 bytes)
771 1891       4       Many::m432 (14 bytes)
771 1890       3       Many::m432 (14 bytes)   made not entrant: not used
773 1892       3       Many::m433 (14 bytes)
773 1893       4       Many::m433 (14 bytes)
773 1892       3       Many::m433 (14 bytes)   made not entrant: not used
774 1894       3       Many::m434 (14 bytes)
774 1895       4       Many::m434 (14 bytes)
774 1894       3       Many::m434 (14 bytes)   made not entrant: not used
776 1896       3       Many::m435 (14 bytes)
776 1897       4       Many::m435 (14 bytes)
776 1896       3       Many::m435 (14 bytes)   made not entrant: not used
777 1898       3       Many::m436 (14 bytes)
777 1899       4       Many::m436 (14 bytes)
777 1898       3       Many::m436 (14 bytes)   made not entrant: not used
778 1900       3       Many::m437 (14 bytes)
779 1901       4       Many::m437 (14 bytes)
779 1900       3       Many::m437 (14 bytes)   made not entrant: not used
780 1902       3       Many::m438 (14 bytes)
780 1903       4       Many::m438 (14 bytes)
780 1902       3       Many::m438 (14 bytes)   made not entrant: not used
781 1904       3       Many::m439 (14 bytes)
781 1905       4       Many::m439 (14 bytes)
782 1904       3       Many::m439 (14 bytes)   made not entrant: not used
783 1906       3       Many::m440 (14 bytes)
783 1907       4       Many::m440 (14 bytes)
783 1906       3       Many::m440 (14 bytes)   made not entrant: not used
784 1908       3       Many::m441 (14 bytes)
784 1909       4       Many::m441 (14 bytes)
784 1908       3       Many::m441 (14 bytes)   made not entrant: not used
786 1910       3       Many::m442 (14 bytes)
786 1911       4       Many::m442 (14 bytes)
786 1910       3       Many::m442 (14 bytes)   made not entrant: not used
787 1912       3       Many::m443 (14 bytes)
787 1913       4       Many::m443 (14 bytes)
787 1912       3       Many::m443 (14 bytes)   made not entrant: not used
788 1914       3       Many::m444 (14 bytes)
789 1915       4       Many::m444 (14 bytes)
789 1914       3       Many::m444 (14 bytes)   made not entrant: not used
790 1916       3       Many::m445 (14 bytes)
790 1917       4       Many::m445 (14 bytes)
790 1916       3       Many::m445 (14 bytes)   made not entrant: not used
791 1918       3       Many::m446 (14 bytes)
791 1919       4       Many::m446 (14 bytes)
792 1918       3       Many::m446 (14 bytes)   made not entrant: not used
793 1920       3       Many::m447 (14 bytes)
793 1921       4       Many::m447 (14 bytes)
793 1920       3       Many::m447 (14 bytes)   made not entrant: not used
794 1922       3       Many::m448 (14 bytes)
794 1923       4       Many::m448 (14 bytes)
794 1922       3       Many::m448 (14 bytes)   made not entrant: not used
796 1924       3       Many::m449 (14 bytes)
796 1925       4       Many::m449 (14 bytes)
796 1924       3       Many::m449 (14 bytes)   made not entrant: not used
797 1926       3       Many::m450 (14 bytes)
797 1927       4       Many::m450 (14 bytes)
797 1926       3       Many::m450 (14 bytes)   made not entrant: not used
798 1928       3       Many::m451 (14 bytes)
799 1929       4       Many::m451 (14 bytes)
799 1928       3       Many::m451 (14 bytes)   made not entrant: not used
800 1930       3       Many::m452 (14 bytes)
800 1931       4       Many::m452 (14 bytes)
800 1930       3       Many::m452 (14 bytes)   made not entrant: not used
801 1932       3       Many::m453 (14 bytes)
801 1933       4       Many::m453 (14 bytes)
801 1932       3       Many::m453 (14 bytes)   made not entrant: not used
803 1934       3       Many::m454 (14 bytes)
803 1935       4       Many::m454 (14 bytes)
803 1934       3       Many::m454 (14 bytes)   made not entrant: not used
804 1936       3       Many::m455 (14 bytes)
804 1937       4       Many::m455 (14 bytes)
804 1936       3       Many::m455 (14 bytes)   made not entrant: not used
806 1938       3       Many::m456 (14 bytes)
806 1939       4       Many::m456 (14 bytes)
806 1938       3       Many::m456 (14 bytes)   made not entrant: not used
807 1940       3       Many::m457 (14 bytes)
807 1941       4       Many::m457 (14 bytes)
807 1940       3       Many::m457 (14 bytes)   made not entrant: not used
808 1942       3       Many::m458 (14 bytes)
809 1943       4       Many::m458 (14 bytes)
809 1942       3       Many::m458 (14 bytes)   made not entrant: not used
810 1944       3       Many::m459 (14 bytes)
810 1945       4       Many::m459 (14 bytes)
810 1944       3       Many::m459 (14 bytes)   made not entrant: not used
811 1946       3       Many::m460 (14 bytes)
811 1947       4       Many::m460 (14 bytes)
811 1946       3       Many::m460 (14 bytes)   made not entrant: not used
813 1948       3       Many::m461 (14 bytes)
813 1949       4       Many::m461 (14 bytes)
813 1948       3       Many::m461 (14 bytes)   made not entrant: not used
814 1950       3       Many::m462 (14 bytes)
814 1951       4       Many::m462 (14 bytes)
814 1950       3       Many::m462 (14 bytes)   made not entrant: not used
815 1952       3       Many::m463 (14 bytes)
816 1953       4       Many::m463 (14 bytes)
816 1952       3       Many::m463 (14 bytes)   made not entrant: not used
817 1954       3       Many::m464 (14 bytes)
817 1955       4       Many::m464 (14 bytes)
817 1954       3       Many::m464 (14 bytes)   made not entrant: not used
818 1956       3       Many::m465 (14 bytes)
818 1957       4       Many::m465 (14 bytes)
818 1956       3       Many::m465 (14 bytes)   made not entrant: not used
820 1958       3       Many::m466 (14 bytes)
820 1959       4       Many::m466 (14 bytes)
820 1958       3       Many::m466 (14 bytes)   made not entrant: not used
821 1960       3       Many::m467 (14 bytes)
821 1961       4       Many::m467 (14 bytes)
821 1960       3       Many::m467 (14 bytes)   made not entrant: not used
823 1962       3       Many::m468 (14 bytes)
823 1963       4       Many::m468 (14 bytes)
823 1962       3       Many::m468 (14 bytes)   made not entrant: not used
824 1964       3       Many::m469 (14 bytes)
824 1965       4       Many::m469 (14 bytes)
824 1964       3       Many::m469 (14 bytes)   made not entrant: not used
825 1966       3       Many::m470 (14 bytes)
826 1967       4       Many::m470 (14 bytes)
826 1966       3       Many::m470 (14 bytes)   made not entrant: not used
827 1968       3       Many::m471 (14 bytes)
827 1969       4       Many::m471 (14 bytes)
827 1968       3       Many::m471 (14 bytes)   made not entrant: not used
828 1970       3       Many::m472 (14 bytes)
828 1971       4       Many::m472 (14 bytes)
828 1970       3       Many::m472 (14 bytes)   made not entrant: not used
830 1972       3       Many::m473 (14 bytes)
830 1973       4       Many::m473 (14 bytes)
830 1972       3       Many::m473 (14 bytes)   made not entrant: not used
831 1974       3       Many::m474 (14 bytes)
831 1975       4       Many::m474 (14 bytes)
831 1974       3       Many::m474 (14 bytes)   made not entrant: not used
833 1976       3       Many::m475 (14 bytes)
833 1977       4       Many::m475 (14 bytes)
833 1976       3       Many::m475 (14 bytes)   made not entrant: not used
834 1978       3       Many::m476 (14 bytes)
834 1979       4       Many::m476 (14 bytes)
834 1978       3       Many::m476 (14 bytes)   made not entrant: not used
835 1980       3       Many::m477 (14 bytes)
836 1981       4       Many::m477 (14 bytes)
836 1980       3       Many::m477 (14 bytes)   made not entrant: not used
837 1982       3       Many::m478 (14 bytes)
837 1983       4       Many::m478 (14 bytes)
837 1982       3       Many::m478 (14 bytes)   made not entrant: not used
838 1984       3       Many::m479 (14 bytes)
838 1985       4       Many::m479 (14 bytes)
839 1984       3       Many::m479 (14 bytes)   made not entrant: not used
840 1986       3       Many::m480 (14 bytes)
840 1987       4       Many::m480 (14 bytes)
840 1986       3       Many::m480 (14 bytes)   made not entrant: not used
841 1988       3       Many::m481 (14 bytes)
841 1989       4       Many::m481 (14 bytes)
841 1988       3       Many::m481 (14 bytes)   made not entrant: not used
843 1990       3       Many::m482 (14 bytes)
843 1991       4       Many::m482 (14 bytes)
843 1990       3       Many::m482 (14 bytes)   made not entrant: not used
844 1992       3       Many::m483 (14 bytes)
844 1993       4       Many::m483 (14 bytes)
844 1992       3       Many::m483 (14 bytes)   made not entrant: not used
845 1994       3       Many::m484 (14 bytes)
846 1995       4       Many::m484 (14 bytes)
846 1994       3       Many::m484 (14 bytes)   made not entrant: not used
847 1996       3       Many::m485 (14 bytes)
847 1997       4       Many::m485 (14 bytes)
847 1996       3       Many::m485 (14 bytes)   made not entrant: not used
848 1998       3       Many::m486 (14 bytes)
848 1999       4       Many::m486 (14 bytes)
848 1998       3       Many::m486 (14 bytes)   made not entrant: not used
850 2000       3       Many::m487 (14 bytes)
850 2001       4       Many::m487 (14 bytes)
850 2000       3       Many::m487 (14 bytes)   made not entrant: not used
851 2002       3       Many::m488 (14 bytes)
851 2003       4       Many::m488 (14 bytes)
851 2002       3       Many::m488 (14 bytes)   made not entrant: not used
853 2004       3       Many::m489 (14 bytes)
853 2005       4       Many::m489 (14 bytes)
853 2004       3       Many::m489 (14 bytes)   made not entrant: not used
854 2006       3       Many::m490 (14 bytes)
854 2007       4       Many::m490 (14 bytes)
854 2006       3       Many::m490 (14 bytes)   made not entrant: not used
856 2008       3       Many::m491 (14 bytes)
856 2009       4       Many::m491 (14 bytes)
856 2008       3       Many::m491 (14 bytes)   made not entrant: not used
857 2010       3       Many::m492 (14 bytes)
857 2011       4       Many::m492 (14 bytes)
857 2010       3       Many::m492 (14 bytes)   made not entrant: not used
859 2012       3       Many::m493 (14 bytes)
859 2013       4       Many::m493 (14 bytes)
859 2012       3       Many::m493 (14 bytes)   made not entrant: not used
860 2014       3       Many::m494 (14 bytes)
860 2015       4       Many::m494 (14 bytes)
860 2014       3       Many::m494 (14 bytes)   made not entrant: not used
861 2016       3       Many::m495 (14 bytes)
862 2017       4       Many::m495 (14 bytes)
862 2016       3       Many::m495 (14 bytes)   made not entrant: not used
863 2018       3       Many::m496 (14 bytes)
863 2019       4       Many::m496 (14 bytes)
863 2018       3       Many::m496 (14 bytes)   made not entrant: not used
864 2020       3       Many::m497 (14 bytes)
864 2021       4       Many::m497 (14 bytes)
864 2020       3       Many::m497 (14 bytes)   made not entrant: not used
866 2022       3       Many::m498 (14 bytes)
866 2023       4       Many::m498 (14 bytes)
866 2022       3       Many::m498 (14 bytes)   made not entrant: not used
867 2024       3       Many::m499 (14 bytes)
867 2025       4       Many::m499 (14 bytes)
867 2024       3       Many::m499 (14 bytes)   made not entrant: not used
869 2026       3       Many::m500 (14 bytes)
869 2027       4       Many::m500 (14 bytes)
869 2026       3       Many::m500 (14 bytes)   made not entrant: not used
870 2028       3       Many::m501 (14 bytes)
870 2029       4       Many::m501 (14 bytes)
870 2028       3       Many::m501 (14 bytes)   made not entrant: not used
872 2030       3       Many::m502 (14 bytes)
872 2031       4       Many::m502 (14 bytes)
872 2030       3       Many::m502 (14 bytes)   made not entrant: not used
873 2032       3       Many::m503 (14 bytes)
873 2033       4       Many::m503 (14 bytes)
873 2032       3       Many::m503 (14 bytes)   made not entrant: not used
874 2034       3       Many::m504 (14 bytes)
875 2035       4       Many::m504 (14 bytes)
875 2034       3       Many::m504 (14 bytes)   made not entrant: not used
876 2036       3       Many::m505 (14 bytes)
876 2037       4       Many::m505 (14 bytes)
876 2036       3       Many::m505 (14 bytes)   made not entrant: not used
877 2038       3       Many::m506 (14 bytes)
877 2039       4       Many::m506 (14 bytes)
878 2038       3       Many::m506 (14 bytes)   made not entrant: not used
879 2040       3       Many::m507 (14 bytes)
879 2041       4       Many::m507 (14 bytes)
879 2040       3       Many::m507 (14 bytes)   made not entrant: not used
880 2042       3       Many::m508 (14 bytes)
880 2043       4       Many::m508 (14 bytes)
880 2042       3       Many::m508 (14 bytes)   made not entrant: not used
882 2044       3       Many::m509 (14 bytes)
882 2045       4       Many::m509 (14 bytes)
882 2044       3       Many::m509 (14 bytes)   made not entrant: not used
883 2046       3       Many::m510 (14 bytes)
883 2047       4       Many::m510 (14 bytes)
883 2046       3       Many::m510 (14 bytes)   made not entrant: not used
884 2048       3       Many::m511 (14 bytes)
885 2049       4       Many::m511 (14 bytes)
885 2048       3       Many::m511 (14 bytes)   made not entrant: not used
886 2050       3       Many::m512 (14 bytes)
886 2051       4       Many::m512 (14 bytes)
886 2050       3       Many::m512 (14 bytes)   made not entrant: not used
887 2052       3       Many::m513 (14 bytes)
887 2053       4       Many::m513 (14 bytes)
887 2052       3       Many::m513 (14 bytes)   made not entrant: not used
889 2054       3       Many::m514 (14 bytes)
889 2055       4       Many::m514 (14 bytes)
889 2054       3       Many::m514 (14 bytes)   made not entrant: not used
890 2056       3       Many::m515 (14 bytes)
890 2057       4       Many::m515 (14 bytes)
890 2056       3       Many::m515 (14 bytes)   made not entrant: not used
892 2058       3       Many::m516 (14 bytes)
892 2059       4       Many::m516 (14 bytes)
892 2058       3       Many::m516 (14 bytes)   made not entrant: not used
893 2060       3       Many::m517 (14 bytes)
893 2061       4       Many::m517 (14 bytes)
893 2060       3       Many::m517 (14 bytes)   made not entrant: not used
894 2062       3       Many::m518 (14 bytes)
895 2063       4       Many::m518 (14 bytes)
895 2062       3       Many::m518 (14 bytes)   made not entrant: not used
896 2064       3       Many::m519 (14 bytes)
896 2065       4       Many::m519 (14 bytes)
896 2064       3       Many::m519 (14 bytes)   made not entrant: not used
897 2066       3       Many::m520 (14 bytes)
897 2067       4       Many::m520 (14 bytes)
898 2066       3       Many::m520 (14 bytes)   made not entrant: not used
899 2068       3       Many::m521 (14 bytes)
899 2069       4       Many::m521 (14 bytes)
899 2068       3       Many::m521 (14 bytes)   made not entrant: not used
900 2070       3       Many::m522 (14 bytes)
900 2071       4       Many::m522 (14 bytes)
900 2070       3       Many::m522 (14 bytes)   made not entrant: not used
902 2072       3       Many::m523 (14 bytes)
902 2073       4       Many::m523 (14 bytes)
902 2072       3       Many::m523 (14 bytes)   made not entrant: not used
903 2074       3       Many::m524 (14 bytes)
903 2075       4       Many::m524 (14 bytes)
903 2074       3       Many::m524 (14 bytes)   made not entrant: not used
904 2076       3       Many::m525 (14 bytes)
904 2077       4       Many::m525 (14 bytes)
905 2076       3       Many::m525 (14 bytes)   made not entrant: not used
906 2078       3       Many::m526 (14 bytes)
906 2079       4       Many::m526 (14 bytes)
906 2078       3       Many::m526 (14 bytes)   made not entrant: not used
907 2080       3       Many::m527 (14 bytes)
907 2081       4       Many::m527 (14 bytes)
907 2080       3       Many::m527 (14 bytes)   made not entrant: not used
909 2082       3       Many::m528 (14 bytes)
909 2083       4       Many::m528 (14 bytes)
909 2082       3       Many::m528 (14 bytes)   made not entrant: not used
910 2084       3       Many::m529 (14 bytes)
910 2085       4       Many::m529 (14 bytes)
910 2084       3       Many::m529 (14 bytes)   made not entrant: not used
912 2086       3       Many::m530 (14 bytes)
912 2087       4       Many::m530 (14 bytes)
912 2086       3       Many::m530 (14 bytes)   made not entrant: not used
913 2088       3       Many::m531 (14 bytes)
913 2089       4       Many::m531 (14 bytes)
913 2088       3       Many::m531 (14 bytes)   made not entrant: not used
914 2090       3       Many::m532 (14 bytes)
914 2091       4       Many::m532 (14 bytes)
915 2090       3       Many::m532 (14 bytes)   made not entrant: not used
916 2092       3       Many::m533 (14 bytes)
916 2093       4       Many::m533 (14 bytes)
916 2092       3       Many::m533 (14 bytes)   made not entrant: not used
917 2094       3       Many::m534 (14 bytes)
917 2095       4       Many::m534 (14 bytes)
917 2094       3       Many::m534 (14 bytes)   made not entrant: not used
919 2096       3       Many::m535 (14 bytes)
919 2097       4       Many::m535 (14 bytes)
919 2096       3       Many::m535 (14 bytes)   made not entrant: not used
920 2098       3       Many::m536 (14 bytes)
920 2099       4       Many::m536 (14 bytes)
920 2098       3       Many::m536 (14 bytes)   made not entrant: not used
921 2100       3       Many::m537 (14 bytes)
922 2101       4       Many::m537 (14 bytes)
922 2100       3       Many::m537 (14 bytes)   made not entrant: not used
923 2102       3       Many::m538 (14 bytes)
923 2103       4       Many::m538 (14 bytes)
923 2102       3       Many::m538 (14 bytes)   made not entrant: not used
924 2104       3       Many::m539 (14 bytes)
925 2105       4       Many::m539 (14 bytes)
925 2104       3       Many::m539 (14 bytes)   made not entrant: not used
926 2106       3       Many::m540 (14 bytes)
926 2107       4       Many::m540 (14 bytes)
926 2106       3       Many::m540 (14 bytes)   made not entrant: not used
927 2108       3       Many::m541 (14 bytes)
927 2109       4       Many::m541 (14 bytes)
927 2108       3       Many::m541 (14 bytes)   made not entrant: not used
929 2110       3       Many::m542 (14 bytes)
929 2111       4       Many::m542 (14 bytes)
929 2110       3       Many::m542 (14 bytes)   made not entrant: not used
930 2112       3       Many::m543 (14 bytes)
930 2113       4       Many::m543 (14 bytes)
930 2112       3       Many::m543 (14 bytes)   made not entrant: not used
932 2114       3       Many::m544 (14 bytes)
932 2115       4       Many::m544 (14 bytes)
932 2114       3       Many::m544 (14 bytes)   made not entrant: not used
933 2116       3       Many::m545 (14 bytes)
933 2117       4       Many::m545 (14 bytes)
933 2116       3       Many::m545 (14 bytes)   made not entrant: not used
934 2118       3       Many::m546 (14 bytes)
934 2119       4       Many::m546 (14 bytes)
935 2118       3       Many::m546 (14 bytes)   made not entrant: not used
936 2120       3       Many::m547 (14 bytes)
936 2121       4       Many::m547 (14 bytes)
936 2120       3       Many::m547 (14 bytes)   made not entrant: not used
937 2122       3       Many::m548 (14 bytes)
937 2123       4       Many::m548 (14 bytes)
937 2122       3       Many::m548 (14 bytes)   made not entrant: not used
939 2124       3       Many::m549 (14 bytes)
939 2125       4       Many::m549 (14 bytes)
939 2124       3       Many::m549 (14 bytes)   made not entrant: not used
940 2126       3       Many::m550 (14 bytes)
940 2127       4       Many::m550 (14 bytes)
940 2126       3       Many::m550 (14 bytes)   made not entrant: not used
942 2128       3       Many::m551 (14 bytes)
942 2129       4       Many::m551 (14 bytes)
942 2128       3       Many::m551 (14 bytes)   made not entrant: not used
943 2130       3       Many::m552 (14 bytes)
943 2131       4       Many::m552 (14 bytes)
943 2130       3       Many::m552 (14 bytes)   made not entrant: not used
944 2132       3       Many::m553 (14 bytes)
945 2133       4       Many::m553 (14 bytes)
945 2132       3       Many::m553 (14 bytes)   made not entrant: not used
946 2134       3       Many::m554 (14 bytes)
946 2135       4       Many::m554 (14 bytes)
946 2134       3       Many::m554 (14 bytes)   made not entrant: not used
947 2136       3       Many::m555 (14 bytes)
947 2137       4       Many::m555 (14 bytes)
948 2136       3       Many::m555 (14 bytes)   made not entrant: not used
949 2138       3       Many::m556 (14 bytes)
949 2139       4       Many::m556 (14 bytes)
949 2138       3       Many::m556 (14 bytes)   made not entrant: not used
950 2140       3       Many::m557 (14 bytes)
950 2141       4       Many::m557 (14 bytes)
950 2140       3       Many::m557 (14 bytes)   made not entrant: not used
952 2142       3       Many::m558 (14 bytes)
952 2143       4       Many::m558 (14 bytes)
952 2142       3       Many::m558 (14 bytes)   made not entrant: not used
953 2144       3       Many::m559 (14 bytes)
953 2145       4       Many::m559 (14 bytes)
953 2144       3       Many::m559 (14 bytes)   made not entrant: not used
954 2146       3       Many::m560 (14 bytes)
954 2147       4       Many::m560 (14 bytes)
955 2146       3       Many::m560 (14 bytes)   made not entrant: not used
956 2148       3       Many::m561 (14 bytes)
956 2149       4       Many::m561 (14 bytes)
956 2148       3       Many::m561 (14 bytes)   made not entrant: not used
957 2150       3       Many::m562 (14 bytes)
957 2151       4       Many::m562 (14 bytes)
957 2150       3       Many::m562 (14 bytes)   made not entrant: not used
959 2152       3       Many::m563 (14 bytes)
959 2153       4       Many::m563 (14 bytes)
959 2152       3       Many::m563 (14 bytes)   made not entrant: not used
960 2154       3       Many::m564 (14 bytes)
960 2155       4       Many::m564 (14 bytes)
960 2154       3       Many::m564 (14 bytes)   made not entrant: not used
962 2156       3       Many::m565 (14 bytes)
962 2157       4       Many::m565 (14 bytes)
962 2156       3       Many::m565 (14 bytes)   made not entrant: not used
963 2158       3       Many::m566 (14 bytes)
963 2159       4       Many::m566 (14 bytes)
963 2158       3       Many::m566 (14 bytes)   made not entrant: not used
964 2160       3       Many::m567 (14 bytes)
965 2161       4       Many::m567 (14 bytes)
965 2160       3       Many::m567 (14 bytes)   made not entrant: not used
966 2162       3       Many::m568 (14 bytes)
966 2163       4       Many::m568 (14 bytes)
966 2162       3       Many::m568 (14 bytes)   made not entrant: not used
967 2164       3       Many::m569 (14 bytes)
967 2165       4       Many::m569 (14 bytes)
967 2164       3       Many::m569 (14 bytes)   made not entrant: not used
969 2166       3       Many::m570 (14 bytes)
969 2167       4       Many::m570 (14 bytes)
969 2166       3       Many::m570 (14 bytes)   made not entrant: not used
970 2168       3       Many::m571 (14 bytes)
970 2169       4       Many::m571 (14 bytes)
970 2168       3       Many::m571 (14 bytes)   made not entrant: not used
971 2170       3       Many::m572 (14 bytes)
972 2171       4       Many::m572 (14 bytes)
972 2170       3       Many::m572 (14 bytes)   made not entrant: not used
973 2172       3       Many::m573 (14 bytes)
973 2173       4       Many::m573 (14 bytes)
973 2172       3       Many::m573 (14 bytes)   made not entrant: not used
974 2174       3       Many::m574 (14 bytes)
975 2175       4       Many::m574 (14 bytes)
975 2174       3       Many::m574 (14 bytes)   made not entrant: not used
976 2176       3       Many::m575 (14 bytes)
976 2177       4       Many::m575 (14 bytes)
976 2176       3       Many::m575 (14 bytes)   made not entrant: not used
977 2178       3       Many::m576 (14 bytes)
977 2179       4       Many::m576 (14 bytes)
977 2178       3       Many::m576 (14 bytes)   made not entrant: not used
979 2180       3       Many::m577 (14 bytes)
979 2181       4       Many::m577 (14 bytes)
979 2180       3       Many::m577 (14 bytes)   made not entrant: not used
980 2182       3       Many::m578 (14 bytes)
980 2183       4       Many::m578 (14 bytes)
980 2182       3       Many::m578 (14 bytes)   made not entrant: not used
982 2184       3       Many::m579 (14 bytes)
982 2185       4       Many::m579 (14 bytes)
982 2184       3       Many::m579 (14 bytes)   made not entrant: not used
983 2186       3       Many::m580 (14 bytes)
983 2187       4       Many::m580 (14 bytes)
983 2186       3       Many::m580 (14 bytes)   made not entrant: not used
984 2188       3       Many::m581 (14 bytes)
984 2189       4       Many::m581 (14 bytes)
984 2188       3       Many::m581 (14 bytes)   made not entrant: not used
986 2190       3       Many::m582 (14 bytes)
986 2191       4       Many::m582 (14 bytes)
986 2190       3       Many::m582 (14 bytes)   made not entrant: not used
987 2192       3       Many::m583 (14 bytes)
987 2193       4       Many::m583 (14 bytes)
987 2192       3       Many::m583 (14 bytes)   made not entrant: not used
989 2194       3       Many::m584 (14 bytes)
989 2195       4       Many::m584 (14 bytes)
989 2194       3       Many::m584 (14 bytes)   made not entrant: not used
990 2196       3       Many::m585 (14 bytes)
990 2197       4       Many::m585 (14 bytes)
990 2196       3       Many::m585 (14 bytes)   made not entrant: not used
992 2198       3       Many::m586 (14 bytes)
992 2199       4       Many::m586 (14 bytes)
992 2198       3       Many::m586 (14 bytes)   made not entrant: not used
993 2200       3       Many::m587 (14 bytes)
993 2201       4       Many::m587 (14 bytes)
993 2200       3       Many::m587 (14 bytes)   made not entrant: not used
994 2202       3       Many::m588 (14 bytes)
994 2203       4       Many::m588 (14 bytes)
995 2202       3       Many::m588 (14 bytes)   made not entrant: not used
996 2204       3       Many::m589 (14 bytes)
996 2205       4       Many::m589 (14 bytes)
996 2204       3       Many::m589 (14 bytes)   made not entrant: not used
997 2206       3       Many::m590 (14 bytes)
997 2207       4       Many::m590 (14 bytes)
997 2206       3       Many::m590 (14 bytes)   made not entrant: not used
999 2208       3       Many::m591 (14 bytes)
999 2209       4       Many::m591 (14 bytes)
999 2208       3       Many::m591 (14 bytes)   made not entrant: not used
1000 2210       3       Many::m592 (14 bytes)
1000 2211       4       Many::m592 (14 bytes)
1000 2210       3       Many::m592 (14 bytes)   made not entrant: not used
1001 2212       3       Many::m593 (14 bytes)
1002 2213       4       Many::m593 (14 bytes)
1002 2212       3       Many::m593 (14 bytes)   made not entrant: not used
1003 2214       3       Many::m594 (14 bytes)
1003 2215       4       Many::m594 (14 bytes)
1003 2214       3       Many::m594 (14 bytes)   made not entrant: not used
1004 2216       3       Many::m595 (14 bytes)
1004 2217       4       Many::m595 (14 bytes)
1004 2216       3       Many::m595 (14 bytes)   made not entrant: not used
1006 2218       3       Many::m596 (14 bytes)
1006 2219       4       Many::m596 (14 bytes)
1006 2218       3       Many::m596 (14 bytes)   made not entrant: not used
1007 2220       3       Many::m597 (14 bytes)
1007 2221       4       Many::m597 (14 bytes)
1007 2220       3       Many::m597 (14 bytes)   made not entrant: not used
1009 2222       3       Many::m598 (14 bytes)
1009 2223       4       Many::m598 (14 bytes)
1009 2222       3       Many::m598 (14 bytes)   made not entrant: not used
1010 2224       3       Many::m599 (14 bytes)
1010 2225       4       Many::m599 (14 bytes)
1010 2224       3       Many::m599 (14 bytes)   made not entrant: not used
1011 2226       3       Many::m600 (14 bytes)
1012 2227       4       Many::m600 (14 bytes)
1012 2226       3       Many::m600 (14 bytes)   made not entrant: not used
1013 2228       3       Many::m601 (14 bytes)
1013 2229       4       Many::m601 (14 bytes)
1013 2228       3       Many::m601 (14 bytes)   made not entrant: not used
1014 2230       3       Many::m602 (14 bytes)
1014 2231       4       Many::m602 (14 bytes)
1014 2230       3       Many::m602 (14 bytes)   made not entrant: not used
1016 2232       3       Many::m603 (14 bytes)
1016 2233       4       Many::m603 (14 bytes)
1016 2232       3       Many::m603 (14 bytes)   made not entrant: not used
1017 2234       3       Many::m604 (14 bytes)
1017 2235       4       Many::m604 (14 bytes)
1017 2234       3       Many::m604 (14 bytes)   made not entrant: not used
1019 2236       3       Many::m605 (14 bytes)
1019 2237       4       Many::m605 (14 bytes)
1019 2236       3       Many::m605 (14 bytes)   made not entrant: not used
1020 2238       3       Many::m606 (14 bytes)
1020 2239       4       Many::m606 (14 bytes)
1020 2238       3       Many::m606 (14 bytes)   made not entrant: not used
1021 2240       3       Many::m607 (14 bytes)
1021 2241       4       Many::m607 (14 bytes)
1022 2240       3       Many::m607 (14 bytes)   made not entrant: not used
1023 2242       3       Many::m608 (14 bytes)
1023 2243       4       Many::m608 (14 bytes)
1023 2242       3       Many::m608 (14 bytes)   made not entrant: not used
1024 2244       3       Many::m609 (14 bytes)
1024 2245       4       Many::m609 (14 bytes)
1024 2244       3       Many::m609 (14 bytes)   made not entrant: not used
1026 2246       3       Many::m610 (14 bytes)
1026 2247       4       Many::m610 (14 bytes)
1026 2246       3       Many::m610 (14 bytes)   made not entrant: not used
1027 2248       3       Many::m611 (14 bytes)
1027 2249       4       Many::m611 (14 bytes)
1027 2248       3       Many::m611 (14 bytes)   made not entrant: not used
1029 2250       3       Many::m612 (14 bytes)
1029 2251       4       Many::m612 (14 bytes)
1029 2250       3       Many::m612 (14 bytes)   made not entrant: not used
1030 2252       3       Many::m613 (14 bytes)
1030 2253       4       Many::m613 (14 bytes)
1030 2252       3       Many::m613 (14 bytes)   made not entrant: not used
1031 2254       3       Many::m614 (14 bytes)
1031 2255       4       Many::m614 (14 bytes)
1032 2254       3       Many::m614 (14 bytes)   made not entrant: not used
1033 2256       3       Many::m615 (14 bytes)
1033 2257       4       Many::m615 (14 bytes)
1033 2256       3       Many::m615 (14 bytes)   made not entrant: not used
1034 2258       3       Many::m616 (14 bytes)
1034 2259       4       Many::m616 (14 bytes)
1034 2258       3       Many::m616 (14 bytes)   made not entrant: not used
1036 2260       3       Many::m617 (14 bytes)
1036 2261       4       Many::m617 (14 bytes)
1036 2260       3       Many::m617 (14 bytes)   made not entrant: not used
1037 2262       3       Many::m618 (14 bytes)
1037 2263       4       Many::m618 (14 bytes)
1037 2262       3       Many::m618 (14 bytes)   made not entrant: not used
1039 2264       3       Many::m619 (14 bytes)
1039 2265       4       Many::m619 (14 bytes)
1039 2264       3       Many::m619 (14 bytes)   made not entrant: not used
1040 2266       3       Many::m620 (14 bytes)
1040 2267       4       Many::m620 (14 bytes)
1040 2266       3       Many::m620 (14 bytes)   made not entrant: not used
1041 2268       3       Many::m621 (14 bytes)
1041 2269       4       Many::m621 (14 bytes)
1042 2268       3       Many::m621 (14 bytes)   made not entrant: not used
1043 2270       3       Many::m622 (14 bytes)
1043 2271       4       Many::m622 (14 bytes)
1043 2270       3       Many::m622 (14 bytes)   made not entrant: not used
1044 2272       3       Many::m623 (14 bytes)
1044 2273       4       Many::m623 (14 bytes)
1044 2272       3       Many::m623 (14 bytes)   made not entrant: not used
1046 2274       3       Many::m624 (14 bytes)
1046 2275       4       Many::m624 (14 bytes)
1046 2274       3       Many::m624 (14 bytes)   made not entrant: not used
1047 2276       3       Many::m625 (14 bytes)
1047 2277       4       Many::m625 (14 bytes)
1047 2276       3       Many::m625 (14 bytes)   made not entrant: not used
1048 2278       3       Many::m626 (14 bytes)
1049 2279       4       Many::m626 (14 bytes)
1049 2278       3       Many::m626 (14 bytes)   made not entrant: not used
1050 2280       3       Many::m627 (14 bytes)
1050 2281       4       Many::m627 (14 bytes)
1050 2280       3       Many::m627 (14 bytes)   made not entrant: not used
1051 2282       3       Many::m628 (14 bytes)
1051 2283       4       Many::m628 (14 bytes)
1051 2282       3       Many::m628 (14 bytes)   made not entrant: not used
1053 2284       3       Many::m629 (14 bytes)
1053 2285       4       Many::m629 (14 bytes)
1053 2284       3       Many::m629 (14 bytes)   made not entrant: not used
1054 2286       3       Many::m630 (14 bytes)
1054 2287       4       Many::m630 (14 bytes)
1054 2286       3       Many::m630 (14 bytes)   made not entrant: not used
1056 2288       3       Many::m631 (14 bytes)
1056 2289       4       Many::m631 (14 bytes)
1056 2288       3       Many::m631 (14 bytes)   made not entrant: not used
1057 2290       3       Many::m632 (14 bytes)
1057 2291       4       Many::m632 (14 bytes)
1057 2290       3       Many::m632 (14 bytes)   made not entrant: not used
1058 2292       3       Many::m633 (14 bytes)
1059 2293       4       Many::m633 (14 bytes)
1059 2292       3       Many::m633 (14 bytes)   made not entrant: not used
1060 2294       3       Many::m634 (14 bytes)
1060 2295       4       Many::m634 (14 bytes)
1060 2294       3       Many::m634 (14 bytes)   made not entrant: not used
1061 2296       3       Many::m635 (14 bytes)
1061 2297       4       Many::m635 (14 bytes)
1061 2296       3       Many::m635 (14 bytes)   made not entrant: not used
1063 2298       3       Many::m636 (14 bytes)
1063 2299       4       Many::m636 (14 bytes)
1063 2298       3       Many::m636 (14 bytes)   made not entrant: not used
1064 2300       3       Many::m637 (14 bytes)
1064 2301       4       Many::m637 (14 bytes)
1064 2300       3       Many::m637 (14 bytes)   made not entrant: not used
1065 2302       3       Many::m638 (14 bytes)
1066 2303       4       Many::m638 (14 bytes)
1066 2302       3       Many::m638 (14 bytes)   made not entrant: not used
1067 2304       3       Many::m639 (14 bytes)
1067 2305       4       Many::m639 (14 bytes)
1067 2304       3       Many::m639 (14 bytes)   made not entrant: not used
1068 2306       3       Many::m640 (14 bytes)
1068 2307       4       Many::m640 (14 bytes)
1068 2306       3       Many::m640 (14 bytes)   made not entrant: not used
1070 2308       3       Many::m641 (14 bytes)
1070 2309       4       Many::m641 (14 bytes)
1070 2308       3       Many::m641 (14 bytes)   made not entrant: not used
1071 2310       3       Many::m642 (14 bytes)
1071 2311       4       Many::m642 (14 bytes)
1071 2310       3       Many::m642 (14 bytes)   made not entrant: not used
1073 2312       3       Many::m643 (14 bytes)
1073 2313       4       Many::m643 (14 bytes)
1073 2312       3       Many::m643 (14 bytes)   made not entrant: not used
1074 2314       3       Many::m644 (14 bytes)
1074 2315       4       Many::m644 (14 bytes)
1074 2314       3       Many::m644 (14 bytes)   made not entrant: not used
1075 2316       3       Many::m645 (14 bytes)
1076 2317       4       Many::m645 (14 bytes)
1076 2316       3       Many::m645 (14 bytes)   made not entrant: not used
1077 2318       3       Many::m646 (14 bytes)
1077 2319       4       Many::m646 (14 bytes)
1077 2318       3       Many::m646 (14 bytes)   made not entrant: not used
1078 2320       3       Many::m647 (14 bytes)
1078 2321       4       Many::m647 (14 bytes)
1079 2320       3       Many::m647 (14 bytes)   made not entrant: not used
1080 2322       3       Many::m648 (14 bytes)
1080 2323       4       Many::m648 (14 bytes)
1080 2322       3       Many::m648 (14 bytes)   made not entrant: not used
1081 2324       3       Many::m649 (14 bytes)
1081 2325       4       Many::m649 (14 bytes)
1081 2324       3       Many::m649 (14 bytes)   made not entrant: not used
1083 2326       3       Many::m650 (14 bytes)
1083 2327       4       Many::m650 (14 bytes)
1083 2326       3       Many::m650 (14 bytes)   made not entrant: not used
1084 2328       3       Many::m651 (14 bytes)
1084 2329       4       Many::m651 (14 bytes)
1084 2328       3       Many::m651 (14 bytes)   made not entrant: not used
1085 2330       3       Many::m652 (14 bytes)
1085 2331       4       Many::m652 (14 bytes)
1086 2330       3       Many::m652 (14 bytes)   made not entrant: not used
1087 2332       3       Many::m653 (14 bytes)
1087 2333       4       Many::m653 (14 bytes)
1087 2332       3       Many::m653 (14 bytes)   made not entrant: not used
1088 2334       3       Many::m654 (14 bytes)
1088 2335       4       Many::m654 (14 bytes)
1089 2334       3       Many::m654 (14 bytes)   made not entrant: not used
1090 2336       3       Many::m655 (14 bytes)
1090 2337       4       Many::m655 (14 bytes)
1090 2336       3       Many::m655 (14 bytes)   made not entrant: not used
1091 2338       3       Many::m656 (14 bytes)
1091 2339       4       Many::m656 (14 bytes)
1091 2338       3       Many::m656 (14 bytes)   made not entrant: not used
1093 2340       3       Many::m657 (14 bytes)
1093 2341       4       Many::m657 (14 bytes)
1093 2340       3       Many::m657 (14 bytes)   made not entrant: not used
1094 2342       3       Many::m658 (14 bytes)
1094 2343       4       Many::m658 (14 bytes)
1094 2342       3       Many::m658 (14 bytes)   made not entrant: not used
1095 2344       3       Many::m659 (14 bytes)
1095 2345       4       Many::m659 (14 bytes)
1096 2344       3       Many::m659 (14 bytes)   made not entrant: not used
1097 2346       3       Many::m660 (14 bytes)
1097 2347       4       Many::m660 (14 bytes)
1097 2346       3       Many::m660 (14 bytes)   made not entrant: not used
1098 2348       3       Many::m661 (14 bytes)
1098 2349       4       Many::m661 (14 bytes)
1098 2348       3       Many::m661 (14 bytes)   made not entrant: not used
1100 2350       3       Many::m662 (14 bytes)
1100 2351       4       Many::m662 (14 bytes)
1100 2350       3       Many::m662 (14 bytes)   made not entrant: not used
1101 2352       3       Many::m663 (14 bytes)
1101 2353       4       Many::m663 (14 bytes)
1101 2352       3       Many::m663 (14 bytes)   made not entrant: not used
1102 2354       3       Many::m664 (14 bytes)
1103 2355       4       Many::m664 (14 bytes)
1103 2354       3       Many::m664 (14 bytes)   made not entrant: not used
1104 2356       3       Many::m665 (14 bytes)
1104 2357       4       Many::m665 (14 bytes)
1104 2356       3       Many::m665 (14 bytes)   made not entrant: not used
1105 2358       3       Many::m666 (14 bytes)
1105 2359       4       Many::m666 (14 bytes)
1106 2358       3       Many::m666 (14 bytes)   made not entrant: not used
1107 2360       3       Many::m667 (14 bytes)
1107 2361       4       Many::m667 (14 bytes)
1107 2360       3       Many::m667 (14 bytes)   made not entrant: not used
1108 2362       3       Many::m668 (14 bytes)
1108 2363       4       Many::m668 (14 bytes)
1108 2362       3       Many::m668 (14 bytes)   made not entrant: not used
1110 2364       3       Many::m669 (14 bytes)
1110 2365       4       Many::m669 (14 bytes)
1110 2364       3       Many::m669 (14 bytes)   made not entrant: not used
1111 2366       3       Many::m670 (14 bytes)
1111 2367       4       Many::m670 (14 bytes)
1111 2366       3       Many::m670 (14 bytes)   made not entrant: not used
1112 2368       3       Many::m671 (14 bytes)
1112 2369       4       Many::m671 (14 bytes)
1113 2368       3       Many::m671 (14 bytes)   made not entrant: not used
1114 2370       3       Many::m672 (14 bytes)
1114 2371       4       Many::m672 (14 bytes)
1114 2370       3       Many::m672 (14 bytes)   made not entrant: not used
1115 2372       3       Many::m673 (14 bytes)
1115 2373       4       Many::m673 (14 bytes)
1115 2372       3       Many::m673 (14 bytes)   made not entrant: not used
1117 2374       3       Many::m674 (14 bytes)
1117 2375       4       Many::m674 (14 bytes)
1117 2374       3       Many::m674 (14 bytes)   made not entrant: not used
1118 2376       3       Many::m675 (14 bytes)
1118 2377       4       Many::m675 (14 bytes)
1118 2376       3       Many::m675 (14 bytes)   made not entrant: not used
1119 2378       3       Many::m676 (14 bytes)
1120 2379       4       Many::m676 (14 bytes)
1120 2378       3       Many::m676 (14 bytes)   made not entrant: not used
1121 2380       3       Many::m677 (14 bytes)
1121 2381       4       Many::m677 (14 bytes)
1121 2380       3       Many::m677 (14 bytes)   made not entrant: not used
1122 2382       3       Many::m678 (14 bytes)
1122 2383       4       Many::m678 (14 bytes)
1122 2382       3       Many::m678 (14 bytes)   made not entrant: not used
1124 2384       3       Many::m679 (14 bytes)
1124 2385       4       Many::m679 (14 bytes)
1124 2384       3       Many::m679 (14 bytes)   made not entrant: not used
1125 2386       3       Many::m680 (14 bytes)
1125 2387       4       Many::m680 (14 bytes)
1125 2386       3       Many::m680 (14 bytes)   made not entrant: not used
1127 2388       3       Many::m681 (14 bytes)
1127 2389       4       Many::m681 (14 bytes)
1127 2388       3       Many::m681 (14 bytes)   made not entrant: not used
1128 2390       3       Many::m682 (14 bytes)
1128 2391       4       Many::m682 (14 bytes)
1128 2390       3       Many::m682 (14 bytes)   made not entrant: not used
1129 2392       3       Many::m683 (14 bytes)
1130 2393       4       Many::m683 (14 bytes)
1130 2392       3       Many::m683 (14 bytes)   made not entrant: not used
1131 2394       3       Many::m684 (14 bytes)
1131 2395       4       Many::m684 (14 bytes)
1131 2394       3       Many::m684 (14 bytes)   made not entrant: not used
1132 2396       3       Many::m685 (14 bytes)
1132 2397       4       Many::m685 (14 bytes)
1132 2396       3       Many::m685 (14 bytes)   made not entrant: not used
1134 2398       3       Many::m686 (14 bytes)
1134 2399       4       Many::m686 (14 bytes)
1134 2398       3       Many::m686 (14 bytes)   made not entrant: not used
1135 2400       3       Many::m687 (14 bytes)
1135 2401       4       Many::m687 (14 bytes)
1135 2400       3       Many::m687 (14 bytes)   made not entrant: not used
1136 2402       3       Many::m688 (14 bytes)
1137 2403       4       Many::m688 (14 bytes)
1137 2402       3       Many::m688 (14 bytes)   made not entrant: not used
1138 2404       3       Many::m689 (14 bytes)
1138 2405       4       Many::m689 (14 bytes)
1138 2404       3       Many::m689 (14 bytes)   made not entrant: not used
1139 2406       3       Many::m690 (14 bytes)
1139 2407       4       Many::m690 (14 bytes)
1140 2406       3       Many::m690 (14 bytes)   made not entrant: not used
1141 2408       3       Many::m691 (14 bytes)
1141 2409       4       Many::m691 (14 bytes)
1141 2408       3       Many::m691 (14 bytes)   made not entrant: not used
1142 2410       3       Many::m692 (14 bytes)
1142 2411       4       Many::m692 (14 bytes)
1142 2410       3       Many::m692 (14 bytes)   made not entrant: not used
1144 2412       3       Many::m693 (14 bytes)
1144 2413       4       Many::m693 (14 bytes)
1144 2412       3       Many::m693 (14 bytes)   made not entrant: not used
1145 2414       3       Many::m694 (14 bytes)
1145 2415       4       Many::m694 (14 bytes)
1145 2414       3       Many::m694 (14 bytes)   made not entrant: not used
1147 2416       3       Many::m695 (14 bytes)
1147 2417       4       Many::m695 (14 bytes)
1147 2416       3       Many::m695 (14 bytes)   made not entrant: not used
1148 2418       3       Many::m696 (14 bytes)
1148 2419       4       Many::m696 (14 bytes)
1148 2418       3       Many::m696 (14 bytes)   made not entrant: not used
1150 2420       3       Many::m697 (14 bytes)
1150 2421       4       Many::m697 (14 bytes)
1150 2420       3       Many::m697 (14 bytes)   made not entrant: not used
1151 2422       3       Many::m698 (14 bytes)
1151 2423       4       Many::m698 (14 bytes)
1151 2422       3       Many::m698 (14 bytes)   made not entrant: not used
1152 2424       3       Many::m699 (14 bytes)
1153 2425       4       Many::m699 (14 bytes)
1153 2424       3       Many::m699 (14 bytes)   made not entrant: not used
1154 2426       3       Many::m700 (14 bytes)
1154 2427       4       Many::m700 (14 bytes)
1154 2426       3       Many::m700 (14 bytes)   made not entrant: not used
1155 2428       3       Many::m701 (14 bytes)
1155 2429       4       Many::m701 (14 bytes)
1156 2428       3       Many::m701 (14 bytes)   made not entrant: not used
1157 2430       3       Many::m702 (14 bytes)
1157 2431       4       Many::m702 (14 bytes)
1157 2430       3       Many::m702 (14 bytes)   made not entrant: not used
1158 2432       3       Many::m703 (14 bytes)
1158 2433       4       Many::m703 (14 bytes)
1158 2432       3       Many::m703 (14 bytes)   made not entrant: not used
1160 2434       3       Many::m704 (14 bytes)
1160 2435       4       Many::m704 (14 bytes)
1160 2434       3       Many::m704 (14 bytes)   made not entrant: not used
1161 2436       3       Many::m705 (14 bytes)
1161 2437       4       Many::m705 (14 bytes)
1161 2436       3       Many::m705 (14 bytes)   made not entrant: not used
1162 2438       3       Many::m706 (14 bytes)
1163 2439       4       Many::m706 (14 bytes)
1163 2438       3       Many::m706 (14 bytes)   made not entrant: not used
1164 2440       3       Many::m707 (14 bytes)
1164 2441       4       Many::m707 (14 bytes)
1164 2440       3       Many::m707 (14 bytes)   made not entrant: not used
1165 2442       3       Many::m708 (14 bytes)
1165 2443       4       Many::m708 (14 bytes)
1165 2442       3       Many::m708 (14 bytes)   made not entrant: not used
1167 2444       3       Many::m709 (14 bytes)
1167 2445       4       Many::m709 (14 bytes)
1167 2444       3       Many::m709 (14 bytes)   made not entrant: not used
1168 2446       3       Many::m710 (14 bytes)
1168 2447       4       Many::m710 (14 bytes)
1168 2446       3       Many::m710 (14 bytes)   made not entrant: not used
1170 2448       3       Many::m711 (14 bytes)
1170 2449       4       Many::m711 (14 bytes)
1170 2448       3       Many::m711 (14 bytes)   made not entrant: not used
1171 2450       3       Many::m712 (14 bytes)
1171 2451       4       Many::m712 (14 bytes)
1171 2450       3       Many::m712 (14 bytes)   made not entrant: not used
1173 2452       3       Many::m713 (14 bytes)
1173 2453       4       Many::m713 (14 bytes)
1173 2452       3       Many::m713 (14 bytes)   made not entrant: not used
1174 2454       3       Many::m714 (14 bytes)
1174 2455       4       Many::m714 (14 bytes)
1174 2454       3       Many::m714 (14 bytes)   made not entrant: not used
1176 2456       3       Many::m715 (14 bytes)
1176 2457       4       Many::m715 (14 bytes)
1176 2456       3       Many::m715 (14 bytes)   made not entrant: not used
1177 2458       3       Many::m716 (14 bytes)
1177 2459       4       Many::m716 (14 bytes)
1177 2458       3       Many::m716 (14 bytes)   made not entrant: not used
1178 2460       3       Many::m717 (14 bytes)
1179 2461       4       Many::m717 (14 bytes)
1179 2460       3       Many::m717 (14 bytes)   made not entrant: not used
1180 2462       3       Many::m718 (14 bytes)
1180 2463       4       Many::m718 (14 bytes)
1180 2462       3       Many::m718 (14 bytes)   made not entrant: not used
1181 2464       3       Many::m719 (14 bytes)
1181 2465       4       Many::m719 (14 bytes)
1181 2464       3       Many::m719 (14 bytes)   made not entrant: not used
1183 2466       3       Many::m720 (14 bytes)
1183 2467       4       Many::m720 (14 bytes)
1183 2466       3       Many::m720 (14 bytes)   made not entrant: not used
1184 2468       3       Many::m721 (14 bytes)
1184 2469       4       Many::m721 (14 bytes)
1184 2468       3       Many::m721 (14 bytes)   made not entrant: not used
1185 2470       3       Many::m722 (14 bytes)
1186 2471       4       Many::m722 (14 bytes)
1186 2470       3       Many::m722 (14 bytes)   made not entrant: not used
1187 2472       3       Many::m723 (14 bytes)
1187 2473       4       Many::m723 (14 bytes)
1187 2472       3       Many::m723 (14 bytes)   made not entrant: not used
1188 2474       3       Many::m724 (14 bytes)
1188 2475       4       Many::m724 (14 bytes)
1189 2474       3       Many::m724 (14 bytes)   made not entrant: not used
1190 2476       3       Many::m725 (14 bytes)
1190 2477       4       Many::m725 (14 bytes)
1190 2476       3       Many::m725 (14 bytes)   made not entrant: not used
1191 2478       3       Many::m726 (14 bytes)
1191 2479       4       Many::m726 (14 bytes)
1191 2478       3       Many::m726 (14 bytes)   made not entrant: not used
1193 2480       3       Many::m727 (14 bytes)
1193 2481       4       Many::m727 (14 bytes)
1193 2480       3       Many::m727 (14 bytes)   made not entrant: not used
1194 2482       3       Many::m728 (14 bytes)
1194 2483       4       Many::m728 (14 bytes)
1194 2482       3       Many::m728 (14 bytes)   made not entrant: not used
1195 2484       3       Many::m729 (14 bytes)
1196 2485       4       Many::m729 (14 bytes)
1196 2484       3       Many::m729 (14 bytes)   made not entrant: not used
1197 2486       3       Many::m730 (14 bytes)
1197 2487       4       Many::m730 (14 bytes)
1197 2486       3       Many::m730 (14 bytes)   made not entrant: not used
1198 2488       3       Many::m731 (14 bytes)
1198 2489       4       Many::m731 (14 bytes)
1199 2488       3       Many::m731 (14 bytes)   made not entrant: not used
1200 2490       3       Many::m732 (14 bytes)
1200 2491       4       Many::m732 (14 bytes)
1200 2490       3       Many::m732 (14 bytes)   made not entrant: not used
1201 2492       3       Many::m733 (14 bytes)
1201 2493       4       Many::m733 (14 bytes)
1201 2492       3       Many::m733 (14 bytes)   made not entrant: not used
1203 2494       3       Many::m734 (14 bytes)
1203 2495       4       Many::m734 (14 bytes)
1203 2494       3       Many::m734 (14 bytes)   made not entrant: not used
1204 2496       3       Many::m735 (14 bytes)
1204 2497       4       Many::m735 (14 bytes)
1204 2496       3       Many::m735 (14 bytes)   made not entrant: not used
1205 2498       3       Many::m736 (14 bytes)
1206 2499       4       Many::m736 (14 bytes)
1206 2498       3       Many::m736 (14 bytes)   made not entrant: not used
1207 2500       3       Many::m737 (14 bytes)
1207 2501       4       Many::m737 (14 bytes)
1207 2500       3       Many::m737 (14 bytes)   made not entrant: not used
1208 2502       3       Many::m738 (14 bytes)
1209 2503       4       Many::m738 (14 bytes)
1209 2502       3       Many::m738 (14 bytes)   made not entrant: not used
1210 2504       3       Many::m739 (14 bytes)
1210 2505       4       Many::m739 (14 bytes)
1210 2504       3       Many::m739 (14 bytes)   made not entrant: not used
1211 2506       3       Many::m740 (14 bytes)
1211 2507       4       Many::m740 (14 bytes)
1211 2506       3       Many::m740 (14 bytes)   made not entrant: not used
1213 2508       3       Many::m741 (14 bytes)
1213 2509       4       Many::m741 (14 bytes)
1213 2508       3       Many::m741 (14 bytes)   made not entrant: not used
1214 2510       3       Many::m742 (14 bytes)
1214 2511       4       Many::m742 (14 bytes)
1214 2510       3       Many::m742 (14 bytes)   made not entrant: not used
1215 2512       3       Many::m743 (14 bytes)
1216 2513       4       Many::m743 (14 bytes)
1216 2512       3       Many::m743 (14 bytes)   made not entrant: not used
1217 2514       3       Many::m744 (14 bytes)
1217 2515       4       Many::m744 (14 bytes)
1217 2514       3       Many::m744 (14 bytes)   made not entrant: not used
1218 2516       3       Many::m745 (14 bytes)
1218 2517       4       Many::m745 (14 bytes)
1218 2516       3       Many::m745 (14 bytes)   made not entrant: not used
1220 2518       3       Many::m746 (14 bytes)
1220 2519       4       Many::m746 (14 bytes)
1220 2518       3       Many::m746 (14 bytes)   made not entrant: not used
1221 2520       3       Many::m747 (14 bytes)
1221 2521       4       Many::m747 (14 bytes)
1221 2520       3       Many::m747 (14 bytes)   made not entrant: not used
1223 2522       3       Many::m748 (14 bytes)
1223 2523       4       Many::m748 (14 bytes)
1223 2522       3       Many::m748 (14 bytes)   made not entrant: not used
1224 2524       3       Many::m749 (14 bytes)
1224 2525       4       Many::m749 (14 bytes)
1224 2524       3       Many::m749 (14 bytes)   made not entrant: not used
1225 2526       3       Many::m750 (14 bytes)
1226 2527       4       Many::m750 (14 bytes)
1226 2526       3       Many::m750 (14 bytes)   made not entrant: not used
1227 2528       3       Many::m751 (14 bytes)
1227 2529       4       Many::m751 (14 bytes)
1227 2528       3       Many::m751 (14 bytes)   made not entrant: not used
1228 2530       3       Many::m752 (14 bytes)
1228 2531       4       Many::m752 (14 bytes)
1228 2530       3       Many::m752 (14 bytes)   made not entrant: not used
1230 2532       3       Many::m753 (14 bytes)
1230 2533       4       Many::m753 (14 bytes)
1230 2532       3       Many::m753 (14 bytes)   made not entrant: not used
1231 2534       3       Many::m754 (14 bytes)
1231 2535       4       Many::m754 (14 bytes)
1231 2534       3       Many::m754 (14 bytes)   made not entrant: not used
1233 2536       3       Many::m755 (14 bytes)
1233 2537       4       Many::m755 (14 bytes)
1233 2536       3       Many::m755 (14 bytes)   made not entrant: not used
1234 2538       3       Many::m756 (14 bytes)
1234 2539       4       Many::m756 (14 bytes)
1234 2538       3       Many::m756 (14 bytes)   made not entrant: not used
1235 2540       3       Many::m757 (14 bytes)
1235 2541       4       Many::m757 (14 bytes)
1236 2540       3       Many::m757 (14 bytes)   made not entrant: not used
1237 2542       3       Many::m758 (14 bytes)
1237 2543       4       Many::m758 (14 bytes)
1237 2542       3       Many::m758 (14 bytes)   made not entrant: not used
1238 2544       3       Many::m759 (14 bytes)
1238 2545       4       Many::m759 (14 bytes)
1238 2544       3       Many::m759 (14 bytes)   made not entrant: not used
1240 2546       3       Many::m760 (14 bytes)
1240 2547       4       Many::m760 (14 bytes)
1240 2546       3       Many::m760 (14 bytes)   made not entrant: not used
1241 2548       3       Many::m761 (14 bytes)
1241 2549       4       Many::m761 (14 bytes)
1241 2548       3       Many::m761 (14 bytes)   made not entrant: not used
1243 2550       3       Many::m762 (14 bytes)
1243 2551       4       Many::m762 (14 bytes)
1243 2550       3       Many::m762 (14 bytes)   made not entrant: not used
1244 2552       3       Many::m763 (14 bytes)
1244 2553       4       Many::m763 (14 bytes)
1244 2552       3       Many::m763 (14 bytes)   made not entrant: not used
1245 2554       3       Many::m764 (14 bytes)
1245 2555       4       Many::m764 (14 bytes)
1246 2554       3       Many::m764 (14 bytes)   made not entrant: not used
1247 2556       3       Many::m765 (14 bytes)
1247 2557       4       Many::m765 (14 bytes)
1247 2556       3       Many::m765 (14 bytes)   made not entrant: not used
1248 2558       3       Many::m766 (14 bytes)
1248 2559       4       Many::m766 (14 bytes)
1248 2558       3       Many::m766 (14 bytes)   made not entrant: not used
1250 2560       3       Many::m767 (14 bytes)
1250 2561       4       Many::m767 (14 bytes)
1250 2560       3       Many::m767 (14 bytes)   made not entrant: not used
1251 2562       3       Many::m768 (14 bytes)
1251 2563       4       Many::m768 (14 bytes)
1251 2562       3       Many::m768 (14 bytes)   made not entrant: not used
1253 2564       3       Many::m769 (14 bytes)
1253 2565       4       Many::m769 (14 bytes)
1253 2564       3       Many::m769 (14 bytes)   made not entrant: not used
1254 2566       3       Many::m770 (14 bytes)
1254 2567       4       Many::m770 (14 bytes)
1254 2566       3       Many::m770 (14 bytes)   made not entrant: not used
1255 2568       3       Many::m771 (14 bytes)
1256 2569       4       Many::m771 (14 bytes)
1256 2568       3       Many::m771 (14 bytes)   made not entrant: not used
1257 2570       3       Many::m772 (14 bytes)
1257 2571       4       Many::m772 (14 bytes)
1257 2570       3       Many::m772 (14 bytes)   made not entrant: not used
1258 2572       3       Many::m773 (14 bytes)
1258 2573       4       Many::m773 (14 bytes)
1259 2572       3       Many::m773 (14 bytes)   made not entrant: not used
1260 2574       3       Many::m774 (14 bytes)
1260 2575       4       Many::m774 (14 bytes)
1260 2574       3       Many::m774 (14 bytes)   made not entrant: not used
1261 2576       3       Many::m775 (14 bytes)
1261 2577       4       Many::m775 (14 bytes)
1261 2576       3       Many::m775 (14 bytes)   made not entrant: not used
1263 2578       3       Many::m776 (14 bytes)
1263 2579       4       Many::m776 (14 bytes)
1263 2578       3       Many::m776 (14 bytes)   made not entrant: not used
1264 2580       3       Many::m777 (14 bytes)
1264 2581       4       Many::m777 (14 bytes)
1264 2580       3       Many::m777 (14 bytes)   made not entrant: not used
1265 2582       3       Many::m778 (14 bytes)
1266 2583       4       Many::m778 (14 bytes)
1266 2582       3       Many::m778 (14 bytes)   made not entrant: not used
1267 2584       3       Many::m779 (14 bytes)
1267 2585       4       Many::m779 (14 bytes)
1267 2584       3       Many::m779 (14 bytes)   made not entrant: not used
1268 2586       3       Many::m780 (14 bytes)
1268 2587       4       Many::m780 (14 bytes)
1268 2586       3       Many::m780 (14 bytes)   made not entrant: not used
1270 2588       3       Many::m781 (14 bytes)
1270 2589       4       Many::m781 (14 bytes)
1270 2588       3       Many::m781 (14 bytes)   made not entrant: not used
1271 2590       3       Many::m782 (14 bytes)
1271 2591       4       Many::m782 (14 bytes)
1271 2590       3       Many::m782 (14 bytes)   made not entrant: not used
1273 2592       3       Many::m783 (14 bytes)
1273 2593       4       Many::m783 (14 bytes)
1273 2592       3       Many::m783 (14 bytes)   made not entrant: not used
1274 2594       3       Many::m784 (14 bytes)
1274 2595       4       Many::m784 (14 bytes)
1274 2594       3       Many::m784 (14 bytes)   made not entrant: not used
1275 2596       3       Many::m785 (14 bytes)
1276 2597       4       Many::m785 (14 bytes)
1276 2596       3       Many::m785 (14 bytes)   made not entrant: not used
1277 2598       3       Many::m786 (14 bytes)
1277 2599       4       Many::m786 (14 bytes)
1277 2598       3       Many::m786 (14 bytes)   made not entrant: not used
1278 2600       3       Many::m787 (14 bytes)
1278 2601       4       Many::m787 (14 bytes)
1279 2600       3       Many::m787 (14 bytes)   made not entrant: not used
1280 2602       3       Many::m788 (14 bytes)
1280 2603       4       Many::m788 (14 bytes)
1280 2602       3       Many::m788 (14 bytes)   made not entrant: not used
1281 2604       3       Many::m789 (14 bytes)
1281 2605       4       Many::m789 (14 bytes)
1281 2604       3       Many::m789 (14 bytes)   made not entrant: not used
1283 2606       3       Many::m790 (14 bytes)
1283 2607       4       Many::m790 (14 bytes)
1283 2606       3       Many::m790 (14 bytes)   made not entrant: not used
1284 2608       3       Many::m791 (14 bytes)
1284 2609       4       Many::m791 (14 bytes)
1284 2608       3       Many::m791 (14 bytes)   made not entrant: not used
1285 2610       3       Many::m792 (14 bytes)
1285 2611       4       Many::m792 (14 bytes)
1286 2610       3       Many::m792 (14 bytes)   made not entrant: not used
1287 2612       3       Many::m793 (14 bytes)
1287 2613       4       Many::m793 (14 bytes)
1287 2612       3       Many::m793 (14 bytes)   made not entrant: not used
1288 2614       3       Many::m794 (14 bytes)
1288 2615       4       Many::m794 (14 bytes)
1288 2614       3       Many::m794 (14 bytes)   made not entrant: not used
1290 2616       3       Many::m795 (14 bytes)
1290 2617       4       Many::m795 (14 bytes)
1290 2616       3       Many::m795 (14 bytes)   made not entrant: not used
1291 2618       3       Many::m796 (14 bytes)
1291 2619       4       Many::m796 (14 bytes)
1291 2618       3       Many::m796 (14 bytes)   made not entrant: not used
1293 2620       3       Many::m797 (14 bytes)
1293 2621       4       Many::m797 (14 bytes)
1293 2620       3       Many::m797 (14 bytes)   made not entrant: not used
1294 2622       3       Many::m798 (14 bytes)
1294 2623       4       Many::m798 (14 bytes)
1294 2622       3       Many::m798 (14 bytes)   made not entrant: not used
1295 2624       3       Many::m799 (14 bytes)
1296 2625       4       Many::m799 (14 bytes)
1296 2624       3       Many::m799 (14 bytes)   made not entrant: not used
1297 2626       3       Many::m800 (14 bytes)
1297 2627       4       Many::m800 (14 bytes)
1297 2626       3       Many::m800 (14 bytes)   made not entrant: not used
1298 2628       3       Many::m801 (14 bytes)
1298 2629       4       Many::m801 (14 bytes)
1298 2628       3       Many::m801 (14 bytes)   made not entrant: not used
1300 2630       3       Many::m802 (14 bytes)
1300 2631       4       Many::m802 (14 bytes)
1300 2630       3       Many::m802 (14 bytes)   made not entrant: not used
1301 2632       3       Many::m803 (14 bytes)
1301 2633       4       Many::m803 (14 bytes)
1301 2632       3       Many::m803 (14 bytes)   made not entrant: not used
1303 2634       3       Many::m804 (14 bytes)
1303 2635       4       Many::m804 (14 bytes)
1303 2634       3       Many::m804 (14 bytes)   made not entrant: not used
1304 2636       3       Many::m805 (14 bytes)
1304 2637       4       Many::m805 (14 bytes)
1304 2636       3       Many::m805 (14 bytes)   made not entrant: not used
1305 2638       3       Many::m806 (14 bytes)
1306 2639       4       Many::m806 (14 bytes)
1306 2638       3       Many::m806 (14 bytes)   made not entrant: not used
1307 2640       3       Many::m807 (14 bytes)
1307 2641       4       Many::m807 (14 bytes)
1307 2640       3       Many::m807 (14 bytes)   made not entrant: not used
1308 2642       3       Many::m808 (14 bytes)
1308 2643       4       Many::m808 (14 bytes)
1308 2642       3       Many::m808 (14 bytes)   made not entrant: not used
1310 2644       3       Many::m809 (14 bytes)
1310 2645       4       Many::m809 (14 bytes)
1310 2644       3       Many::m809 (14 bytes)   made not entrant: not used
1311 2646       3       Many::m810 (14 bytes)
1311 2647       4       Many::m810 (14 bytes)
1311 2646       3       Many::m810 (14 bytes)   made not entrant: not used
1313 2648       3       Many::m811 (14 bytes)
1313 2649       4       Many::m811 (14 bytes)
1313 2648       3       Many::m811 (14 bytes)   made not entrant: not used
1314 2650       3       Many::m812 (14 bytes)
1314 2651       4       Many::m812 (14 bytes)
1314 2650       3       Many::m812 (14 bytes)   made not entrant: not used
1315 2652       3       Many::m813 (14 bytes)
1316 2653       4       Many::m813 (14 bytes)
1316 2652       3       Many::m813 (14 bytes)   made not entrant: not used
1317 2654       3       Many::m814 (14 bytes)
1317 2655       4       Many::m814 (14 bytes)
1317 2654       3       Many::m814 (14 bytes)   made not entrant: not used
1318 2656       3       Many::m815 (14 bytes)
1318 2657       4       Many::m815 (14 bytes)
1318 2656       3       Many::m815 (14 bytes)   made not entrant: not used
1320 2658       3       Many::m816 (14 bytes)
1320 2659       4       Many::m816 (14 bytes)
1320 2658       3       Many::m816 (14 bytes)   made not entrant: not used
1321 2660       3       Many::m817 (14 bytes)
1321 2661       4       Many::m817 (14 bytes)
1321 2660       3       Many::m817 (14 bytes)   made not entrant: not used
1323 2662       3       Many::m818 (14 bytes)
1323 2663       4       Many::m818 (14 bytes)
1323 2662       3       Many::m818 (14 bytes)   made not entrant: not used
1324 2664       3       Many::m819 (14 bytes)
1324 2665       4       Many::m819 (14 bytes)
1324 2664       3       Many::m819 (14 bytes)   made not entrant: not used
1325 2666       3       Many::m820 (14 bytes)
1326 2667       4       Many::m820 (14 bytes)
1326 2666       3       Many::m820 (14 bytes)   made not entrant: not used
1327 2668       3       Many::m821 (14 bytes)
1327 2669       4       Many::m821 (14 bytes)
1327 2668       3       Many::m821 (14 bytes)   made not entrant: not used
1328 2670       3       Many::m822 (14 bytes)
1328 2671       4       Many::m822 (14 bytes)
1328 2670       3       Many::m822 (14 bytes)   made not entrant: not used
1330 2672       3       Many::m823 (14 bytes)
1330 2673       4       Many::m823 (14 bytes)
1330 2672       3       Many::m823 (14 bytes)   made not entrant: not used
1331 2674       3       Many::m824 (14 bytes)
1331 2675       4       Many::m824 (14 bytes)
1331 2674       3       Many::m824 (14 bytes)   made not entrant: not used
1332 2676       3       Many::m825 (14 bytes)
1333 2677       4       Many::m825 (14 bytes)
1333 2676       3       Many::m825 (14 bytes)   made not entrant: not used
1334 2678       3       Many::m826 (14 bytes)
1334 2679       4       Many::m826 (14 bytes)
1334 2678       3       Many::m826 (14 bytes)   made not entrant: not used
1335 2680       3       Many::m827 (14 bytes)
1335 2681       4       Many::m827 (14 bytes)
1336 2680       3       Many::m827 (14 bytes)   made not entrant: not used
1337 2682       3       Many::m828 (14 bytes)
1337 2683       4       Many::m828 (14 bytes)
1337 2682       3       Many::m828 (14 bytes)   made not entrant: not used
1338 2684       3       Many::m829 (14 bytes)
1338 2685       4       Many::m829 (14 bytes)
1338 2684       3       Many::m829 (14 bytes)   made not entrant: not used
1340 2686       3       Many::m830 (14 bytes)
1340 2687       4       Many::m830 (14 bytes)
1340 2686       3       Many::m830 (14 bytes)   made not entrant: not used
1341 2688       3       Many::m831 (14 bytes)
1341 2689       4       Many::m831 (14 bytes)
1341 2688       3       Many::m831 (14 bytes)   made not entrant: not used
1343 2690       3       Many::m832 (14 bytes)
1343 2691       4       Many::m832 (14 bytes)
1343 2690       3       Many::m832 (14 bytes)   made not entrant: not used
1344 2692       3       Many::m833 (14 bytes)
1344 2693       4       Many::m833 (14 bytes)
1344 2692       3       Many::m833 (14 bytes)   made not entrant: not used
1345 2694       3       Many::m834 (14 bytes)
1345 2695       4       Many::m834 (14 bytes)
1346 2694       3       Many::m834 (14 bytes)   made not entrant: not used
1347 2696       3       Many::m835 (14 bytes)
1347 2697       4       Many::m835 (14 bytes)
1347 2696       3       Many::m835 (14 bytes)   made not entrant: not used
1348 2698       3       Many::m836 (14 bytes)
1348 2699       4       Many::m836 (14 bytes)
1348 2698       3       Many::m836 (14 bytes)   made not entrant: not used
1350 2700       3       Many::m837 (14 bytes)
1350 2701       4       Many::m837 (14 bytes)
1350 2700       3       Many::m837 (14 bytes)   made not entrant: not used
1351 2702       3       Many::m838 (14 bytes)
1351 2703       4       Many::m838 (14 bytes)
1351 2702       3       Many::m838 (14 bytes)   made not entrant: not used
1352 2704       3       Many::m839 (14 bytes)
1353 2705       4       Many::m839 (14 bytes)
1353 2704       3       Many::m839 (14 bytes)   made not entrant: not used
1354 2706       3       Many::m840 (14 bytes)
1354 2707       4       Many::m840 (14 bytes)
1354 2706       3       Many::m840 (14 bytes)   made not entrant: not used
1355 2708       3       Many::m841 (14 bytes)
1355 2709       4       Many::m841 (14 bytes)
1356 2708       3       Many::m841 (14 bytes)   made not entrant: not used
1357 2710       3       Many::m842 (14 bytes)
1357 2711       4       Many::m842 (14 bytes)
1357 2710       3       Many::m842 (14 bytes)   made not entrant: not used
1358 2712       3       Many::m843 (14 bytes)
1358 2713       4       Many::m843 (14 bytes)
1358 2712       3       Many::m843 (14 bytes)   made not entrant: not used
1360 2714       3       Many::m844 (14 bytes)
1360 2715       4       Many::m844 (14 bytes)
1360 2714       3       Many::m844 (14 bytes)   made not entrant: not used
1361 2716       3       Many::m845 (14 bytes)
1361 2717       4       Many::m845 (14 bytes)
1361 2716       3       Many::m845 (14 bytes)   made not entrant: not used
1362 2718       3       Many::m846 (14 bytes)
1363 2719       4       Many::m846 (14 bytes)
1363 2718       3       Many::m846 (14 bytes)   made not entrant: not used
1364 2720       3       Many::m847 (14 bytes)
1364 2721       4       Many::m847 (14 bytes)
1364 2720       3       Many::m847 (14 bytes)   made not entrant: not used
1365 2722       3       Many::m848 (14 bytes)
1365 2723       4       Many::m848 (14 bytes)
1365 2722       3       Many::m848 (14 bytes)   made not entrant: not used
1367 2724       3       Many::m849 (14 bytes)
1367 2725       4       Many::m849 (14 bytes)
1367 2724       3       Many::m849 (14 bytes)   made not entrant: not used
1368 2726       3       Many::m850 (14 bytes)
1368 2727       4       Many::m850 (14 bytes)
1368 2726       3       Many::m850 (14 bytes)   made not entrant: not used
1370 2728       3       Many::m851 (14 bytes)
1370 2729       4       Many::m851 (14 bytes)
1370 2728       3       Many::m851 (14 bytes)   made not entrant: not used
1371 2730       3       Many::m852 (14 bytes)
1371 2731       4       Many::m852 (14 bytes)
1371 2730       3       Many::m852 (14 bytes)   made not entrant: not used
1372 2732       3       Many::m853 (14 bytes)
1373 2733       4       Many::m853 (14 bytes)
1373 2732       3       Many::m853 (14 bytes)   made not entrant: not used
1374 2734       3       Many::m854 (14 bytes)
1374 2735       4       Many::m854 (14 bytes)
1374 2734       3       Many::m854 (14 bytes)   made not entrant: not used
1375 2736       3       Many::m855 (14 bytes)
1375 2737       4       Many::m855 (14 bytes)
1375 2736       3       Many::m855 (14 bytes)   made not entrant: not used
1377 2738       3       Many::m856 (14 bytes)
1377 2739       4       Many::m856 (14 bytes)
1377 2738       3       Many::m856 (14 bytes)   made not entrant: not used
1378 2740       3       Many::m857 (14 bytes)
1378 2741       4       Many::m857 (14 bytes)
1378 2740       3       Many::m857 (14 bytes)   made not entrant: not used
1379 2742       3       Many::m858 (14 bytes)
1380 2743       4       Many::m858 (14 bytes)
1380 2742       3       Many::m858 (14 bytes)   made not entrant: not used
1381 2744       3       Many::m859 (14 bytes)
1381 2745       4       Many::m859 (14 bytes)
1381 2744       3       Many::m859 (14 bytes)   made not entrant: not used
1382 2746       3       Many::m860 (14 bytes)
1382 2747       4       Many::m860 (14 bytes)
1383 2746       3       Many::m860 (14 bytes)   made not entrant: not used
1384 2748       3       Many::m861 (14 bytes)
1384 2749       4       Many::m861 (14 bytes)
1384 2748       3       Many::m861 (14 bytes)   made not entrant: not used
1385 2750       3       Many::m862 (14 bytes)
1385 2751       4       Many::m862 (14 bytes)
1385 2750       3       Many::m862 (14 bytes)   made not entrant: not used
1387 2752       3       Many::m863 (14 bytes)
1387 2753       4       Many::m863 (14 bytes)
1387 2752       3       Many::m863 (14 bytes)   made not entrant: not used
1388 2754       3       Many::m864 (14 bytes)
1388 2755       4       Many::m864 (14 bytes)
1388 2754       3       Many::m864 (14 bytes)   made not entrant: not used
1389 2756       3       Many::m865 (14 bytes)
1390 2757       4       Many::m865 (14 bytes)
1390 2756       3       Many::m865 (14 bytes)   made not entrant: not used
1391 2758       3       Many::m866 (14 bytes)
1391 2759       4       Many::m866 (14 bytes)
1391 2758       3       Many::m866 (14 bytes)   made not entrant: not used
1392 2760       3       Many::m867 (14 bytes)
1392 2761       4       Many::m867 (14 bytes)
1392 2760       3       Many::m867 (14 bytes)   made not entrant: not used
1394 2762       3       Many::m868 (14 bytes)
1394 2763       4       Many::m868 (14 bytes)
1394 2762       3       Many::m868 (14 bytes)   made not entrant: not used
1395 2764       3       Many::m869 (14 bytes)
1395 2765       4       Many::m869 (14 bytes)
1395 2764       3       Many::m869 (14 bytes)   made not entrant: not used
1396 2766       3       Many::m870 (14 bytes)
1397 2767       4       Many::m870 (14 bytes)
1397 2766       3       Many::m870 (14 bytes)   made not entrant: not used
1398 2768       3       Many::m871 (14 bytes)
1398 2769       4       Many::m871 (14 bytes)
1398 2768       3       Many::m871 (14 bytes)   made not entrant: not used
1399 2770       3       Many::m872 (14 bytes)
1399 2771       4       Many::m872 (14 bytes)
1399 2770       3       Many::m872 (14 bytes)   made not entrant: not used
1401 2772       3       Many::m873 (14 bytes)
1401 2773       4       Many::m873 (14 bytes)
1401 2772       3       Many::m873 (14 bytes)   made not entrant: not used
1402 2774       3       Many::m874 (14 bytes)
1402 2775       4       Many::m874 (14 bytes)
1402 2774       3       Many::m874 (14 bytes)   made not entrant: not used
1404 2776       3       Many::m875 (14 bytes)
1404 2777       4       Many::m875 (14 bytes)
1404 2776       3       Many::m875 (14 bytes)   made not entrant: not used
1405 2778       3       Many::m876 (14 bytes)
1405 2779       4       Many::m876 (14 bytes)
1405 2778       3       Many::m876 (14 bytes)   made not entrant: not used
1407 2780       3       Many::m877 (14 bytes)
1407 2781       4       Many::m877 (14 bytes)
1407 2780       3       Many::m877 (14 bytes)   made not entrant: not used
1408 2782       3       Many::m878 (14 bytes)
1408 2783       4       Many::m878 (14 bytes)
1408 2782       3       Many::m878 (14 bytes)   made not entrant: not used
1409 2784       3       Many::m879 (14 bytes)
1409 2785       4       Many::m879 (14 bytes)
1410 2784       3       Many::m879 (14 bytes)   made not entrant: not used
1411 2786       3       Many::m880 (14 bytes)
1411 2787       4       Many::m880 (14 bytes)
1411 2786       3       Many::m880 (14 bytes)   made not entrant: not used
1412 2788       3       Many::m881 (14 bytes)
1412 2789       4       Many::m881 (14 bytes)
1412 2788       3       Many::m881 (14 bytes)   made not entrant: not used
1414 2790       3       Many::m882 (14 bytes)
1414 2791       4       Many::m882 (14 bytes)
1414 2790       3       Many::m882 (14 bytes)   made not entrant: not used
1415 2792       3       Many::m883 (14 bytes)
1415 2793       4       Many::m883 (14 bytes)
1415 2792       3       Many::m883 (14 bytes)   made not entrant: not used
1416 2794       3       Many::m884 (14 bytes)
1417 2795       4       Many::m884 (14 bytes)
1417 2794       3       Many::m884 (14 bytes)   made not entrant: not used
1418 2796       3       Many::m885 (14 bytes)
1418 2797       4       Many::m885 (14 bytes)
1418 2796       3       Many::m885 (14 bytes)   made not entrant: not used
1419 2798       3       Many::m886 (14 bytes)
1419 2799       4       Many::m886 (14 bytes)
1419 2798       3       Many::m886 (14 bytes)   made not entrant: not used
1421 2800       3       Many::m887 (14 bytes)
1421 2801       4       Many::m887 (14 bytes)
1421 2800       3       Many::m887 (14 bytes)   made not entrant: not used
1422 2802       3       Many::m888 (14 bytes)
1422 2803       4       Many::m888 (14 bytes)
1422 2802       3       Many::m888 (14 bytes)   made not entrant: not used
1424 2804       3       Many::m889 (14 bytes)
1424 2805       4       Many::m889 (14 bytes)
1424 2804       3       Many::m889 (14 bytes)   made not entrant: not used
1425 2806       3       Many::m890 (14 bytes)
1425 2807       4       Many::m890 (14 bytes)
1425 2806       3       Many::m890 (14 bytes)   made not entrant: not used
1426 2808       3       Many::m891 (14 bytes)
1427 2809       4       Many::m891 (14 bytes)
1427 2808       3       Many::m891 (14 bytes)   made not entrant: not used
1428 2810       3       Many::m892 (14 bytes)
1428 2811       4       Many::m892 (14 bytes)
1428 2810       3       Many::m892 (14 bytes)   made not entrant: not used
1429 2812       3       Many::m893 (14 bytes)
1429 2813       4       Many::m893 (14 bytes)
1429 2812       3       Many::m893 (14 bytes)   made not entrant: not used
1431 2814       3       Many::m894 (14 bytes)
1431 2815       4       Many::m894 (14 bytes)
1431 2814       3       Many::m894 (14 bytes)   made not entrant: not used
1432 2816       3       Many::m895 (14 bytes)
1432 2817       4       Many::m895 (14 bytes)
1432 2816       3       Many::m895 (14 bytes)   made not entrant: not used
1434 2818       3       Many::m896 (14 bytes)
1434 2819       4       Many::m896 (14 bytes)
1434 2818       3       Many::m896 (14 bytes)   made not entrant: not used
1435 2820       3       Many::m897 (14 bytes)
1435 2821       4       Many::m897 (14 bytes)
1435 2820       3       Many::m897 (14 bytes)   made not entrant: not used
1436 2822       3       Many::m898 (14 bytes)
1437 2823       4       Many::m898 (14 bytes)
1437 2822       3       Many::m898 (14 bytes)   made not entrant: not used
1438 2824       3       Many::m899 (14 bytes)
1438 2825       4       Many::m899 (14 bytes)
1438 2824       3       Many::m899 (14 bytes)   made not entrant: not used
1439 2826       3       Many::m900 (14 bytes)
1440 2827       4       Many::m900 (14 bytes)
1440 2826       3       Many::m900 (14 bytes)   made not entrant: not used
1441 2828       3       Many::m901 (14 bytes)
1441 2829       4       Many::m901 (14 bytes)
1441 2828       3       Many::m901 (14 bytes)   made not entrant: not used
1442 2830       3       Many::m902 (14 bytes)
1442 2831       4       Many::m902 (14 bytes)
1443 2830       3       Many::m902 (14 bytes)   made not entrant: not used
1444 2832       3       Many::m903 (14 bytes)
1444 2833       4       Many::m903 (14 bytes)
1444 2832       3       Many::m903 (14 bytes)   made not entrant: not used
1445 2834       3       Many::m904 (14 bytes)
1445 2835       4       Many::m904 (14 bytes)
1445 2834       3       Many::m904 (14 bytes)   made not entrant: not used
1447 2836       3       Many::m905 (14 bytes)
1447 2837       4       Many::m905 (14 bytes)
1447 2836       3       Many::m905 (14 bytes)   made not entrant: not used
1448 2838       3       Many::m906 (14 bytes)
1448 2839       4       Many::m906 (14 bytes)
1448 2838       3       Many::m906 (14 bytes)   made not entrant: not used
1450 2840       3       Many::m907 (14 bytes)
1450 2841       4       Many::m907 (14 bytes)
1450 2840       3       Many::m907 (14 bytes)   made not entrant: not used
1451 2842       3       Many::m908 (14 bytes)
1451 2843       4       Many::m908 (14 bytes)
1451 2842       3       Many::m908 (14 bytes)   made not entrant: not used
1452 2844       3       Many::m909 (14 bytes)
1452 2845       4       Many::m909 (14 bytes)
1453 2844       3       Many::m909 (14 bytes)   made not entrant: not used
1454 2846       3       Many::m910 (14 bytes)
1454 2847       4       Many::m910 (14 bytes)
1454 2846       3       Many::m910 (14 bytes)   made not entrant: not used
1455 2848       3       Many::m911 (14 bytes)
1455 2849       4       Many::m911 (14 bytes)
1455 2848       3       Many::m911 (14 bytes)   made not entrant: not used
1457 2850       3       Many::m912 (14 bytes)
1457 2851       4       Many::m912 (14 bytes)
1457 2850       3       Many::m912 (14 bytes)   made not entrant: not used
1458 2852       3       Many::m913 (14 bytes)
1458 2853       4       Many::m913 (14 bytes)
1458 2852       3       Many::m913 (14 bytes)   made not entrant: not used
1460 2854       3       Many::m914 (14 bytes)
1460 2855       4       Many::m914 (14 bytes)
1460 2854       3       Many::m914 (14 bytes)   made not entrant: not used
1461 2856       3       Many::m915 (14 bytes)
1461 2857       4       Many::m915 (14 bytes)
1461 2856       3       Many::m915 (14 bytes)   made not entrant: not used
1462 2858       3       Many::m916 (14 bytes)
1462 2859       4       Many::m916 (14 bytes)
1463 2858       3       Many::m916 (14 bytes)   made not entrant: not used
1464 2860       3       Many::m917 (14 bytes)
1464 2861       4       Many::m917 (14 bytes)
1464 2860       3       Many::m917 (14 bytes)   made not entrant: not used
1465 2862       3       Many::m918 (14 bytes)
1465 2863       4       Many::m918 (14 bytes)
1465 2862       3       Many::m918 (14 bytes)   made not entrant: not used
1467 2864       3       Many::m919 (14 bytes)
1467 2865       4       Many::m919 (14 bytes)
1467 2864       3       Many::m919 (14 bytes)   made not entrant: not used
1468 2866       3       Many::m920 (14 bytes)
1468 2867       4       Many::m920 (14 bytes)
1468 2866       3       Many::m920 (14 bytes)   made not entrant: not used
1469 2868       3       Many::m921 (14 bytes)
1470 2869       4       Many::m921 (14 bytes)
1470 2868       3       Many::m921 (14 bytes)   made not entrant: not used
1471 2870       3       Many::m922 (14 bytes)
1471 2871       4       Many::m922 (14 bytes)
1471 2870       3       Many::m922 (14 bytes)   made not entrant: not used
1472 2872       3       Many::m923 (14 bytes)
1472 2873       4       Many::m923 (14 bytes)
1473 2872       3       Many::m923 (14 bytes)   made not entrant: not used
1474 2874       3       Many::m924 (14 bytes)
1474 2875       4       Many::m924 (14 bytes)
1474 2874       3       Many::m924 (14 bytes)   made not entrant: not used
1475 2876       3       Many::m925 (14 bytes)
1475 2877       4       Many::m925 (14 bytes)
1475 2876       3       Many::m925 (14 bytes)   made not entrant: not used
1477 2878       3       Many::m926 (14 bytes)
1477 2879       4       Many::m926 (14 bytes)
1477 2878       3       Many::m926 (14 bytes)   made not entrant: not used
1478 2880       3       Many::m927 (14 bytes)
1478 2881       4       Many::m927 (14 bytes)
1478 2880       3       Many::m927 (14 bytes)   made not entrant: not used
1479 2882       3       Many::m928 (14 bytes)
1480 2883       4       Many::m928 (14 bytes)
1480 2882       3       Many::m928 (14 bytes)   made not entrant: not used
1481 2884       3       Many::m929 (14 bytes)
1481 2885       4       Many::m929 (14 bytes)
1481 2884       3       Many::m929 (14 bytes)   made not entrant: not used
1482 2886       3       Many::m930 (14 bytes)
1482 2887       4       Many::m930 (14 bytes)
1482 2886       3       Many::m930 (14 bytes)   made not entrant: not used
1484 2888       3       Many::m931 (14 bytes)
1484 2889       4       Many::m931 (14 bytes)
1484 2888       3       Many::m931 (14 bytes)   made not entrant: not used
1485 2890       3       Many::m932 (14 bytes)
1485 2891       4       Many::m932 (14 bytes)
1485 2890       3       Many::m932 (14 bytes)   made not entrant: not used
1487 2892       3       Many::m933 (14 bytes)
1487 2893       4       Many::m933 (14 bytes)
1487 2892       3       Many::m933 (14 bytes)   made not entrant: not used
1488 2894       3       Many::m934 (14 bytes)
1488 2895       4       Many::m934 (14 bytes)
1488 2894       3       Many::m934 (14 bytes)   made not entrant: not used
1489 2896       3       Many::m935 (14 bytes)
1490 2897       4       Many::m935 (14 bytes)
1490 2896       3       Many::m935 (14 bytes)   made not entrant: not used
1491 2898       3       Many::m936 (14 bytes)
1491 2899       4       Many::m936 (14 bytes)
1491 2898       3       Many::m936 (14 bytes)   made not entrant: not used
1492 2900       3       Many::m937 (14 bytes)
1492 2901       4       Many::m937 (14 bytes)
1492 2900       3       Many::m937 (14 bytes)   made not entrant: not used
1494 2902       3       Many::m938 (14 bytes)
1494 2903       4       Many::m938 (14 bytes)
1494 2902       3       Many::m938 (14 bytes)   made not entrant: not used
1495 2904       3       Many::m939 (14 bytes)
1495 2905       4       Many::m939 (14 bytes)
1495 2904       3       Many::m939 (14 bytes)   made not entrant: not used
1497 2906       3       Many::m940 (14 bytes)
1497 2907       4       Many::m940 (14 bytes)
1497 2906       3       Many::m940 (14 bytes)   made not entrant: not used
1498 2908       3       Many::m941 (14 bytes)
1498 2909       4       Many::m941 (14 bytes)
1498 2908       3       Many::m941 (14 bytes)   made not entrant: not used
1499 2910       3       Many::m942 (14 bytes)
1500 2911       4       Many::m942 (14 bytes)
1500 2910       3       Many::m942 (14 bytes)   made not entrant: not used
1501 2912       3       Many::m943 (14 bytes)
1501 2913       4       Many::m943 (14 bytes)
1501 2912       3       Many::m943 (14 bytes)   made not entrant: not used
1502 2914       3       Many::m944 (14 bytes)
1502 2915       4       Many::m944 (14 bytes)
1502 2914       3       Many::m944 (14 bytes)   made not entrant: not used
1504 2916       3       Many::m945 (14 bytes)
1504 2917       4       Many::m945 (14 bytes)
1504 2916       3       Many::m945 (14 bytes)   made not entrant: not used
1505 2918       3       Many::m946 (14 bytes)
1505 2919       4       Many::m946 (14 bytes)
1505 2918       3       Many::m946 (14 bytes)   made not entrant: not used
1507 2920       3       Many::m947 (14 bytes)
1507 2921       4       Many::m947 (14 bytes)
1507 2920       3       Many::m947 (14 bytes)   made not entrant: not used
1508 2922       3       Many::m948 (14 bytes)
1508 2923       4       Many::m948 (14 bytes)
1508 2922       3       Many::m948 (14 bytes)   made not entrant: not used
1509 2924       3       Many::m949 (14 bytes)
1509 2925       4       Many::m949 (14 bytes)
1510 2924       3       Many::m949 (14 bytes)   made not entrant: not used
1511 2926       3       Many::m950 (14 bytes)
1511 2927       4       Many::m950 (14 bytes)
1511 2926       3       Many::m950 (14 bytes)   made not entrant: not used
1512 2928       3       Many::m951 (14 bytes)
1512 2929       4       Many::m951 (14 bytes)
1512 2928       3       Many::m951 (14 bytes)   made not entrant: not used
1514 2930       3       Many::m952 (14 bytes)
1514 2931       4       Many::m952 (14 bytes)
1514 2930       3       Many::m952 (14 bytes)   made not entrant: not used
1515 2932       3       Many::m953 (14 bytes)
1515 2933       4       Many::m953 (14 bytes)
1515 2932       3       Many::m953 (14 bytes)   made not entrant: not used
1516 2934       3       Many::m954 (14 bytes)
1517 2935       4       Many::m954 (14 bytes)
1517 2934       3       Many::m954 (14 bytes)   made not entrant: not used
1518 2936       3       Many::m955 (14 bytes)
1518 2937       4       Many::m955 (14 bytes)
1518 2936       3       Many::m955 (14 bytes)   made not entrant: not used
1519 2938       3       Many::m956 (14 bytes)
1519 2939       4       Many::m956 (14 bytes)
1520 2938       3       Many::m956 (14 bytes)   made not entrant: not used
1521 2940       3       Many::m957 (14 bytes)
1521 2941       4       Many::m957 (14 bytes)
1521 2940       3       Many::m957 (14 bytes)   made not entrant: not used
1522 2942       3       Many::m958 (14 bytes)
1522 2943       4       Many::m958 (14 bytes)
1522 2942       3       Many::m958 (14 bytes)   made not entrant: not used
1524 2944       3       Many::m959 (14 bytes)
1524 2945       4       Many::m959 (14 bytes)
1524 2944       3       Many::m959 (14 bytes)   made not entrant: not used
1525 2946       3       Many::m960 (14 bytes)
1525 2947       4       Many::m960 (14 bytes)
1525 2946       3       Many::m960 (14 bytes)   made not entrant: not used
1527 2948       3       Many::m961 (14 bytes)
1527 2949       4       Many::m961 (14 bytes)
1527 2948       3       Many::m961 (14 bytes)   made not entrant: not used
1528 2950       3       Many::m962 (14 bytes)
1528 2951       4       Many::m962 (14 bytes)
1528 2950       3       Many::m962 (14 bytes)   made not entrant: not used
1529 2952       3       Many::m963 (14 bytes)
1530 2953       4       Many::m963 (14 bytes)
1530 2952       3       Many::m963 (14 bytes)   made not entrant: not used
1531 2954       3       Many::m964 (14 bytes)
1531 2955       4       Many::m964 (14 bytes)
1531 2954       3       Many::m964 (14 bytes)   made not entrant: not used
1532 2956       3       Many::m965 (14 bytes)
1532 2957       4       Many::m965 (14 bytes)
1533 2956       3       Many::m965 (14 bytes)   made not entrant: not used
1534 2958       3       Many::m966 (14 bytes)
1534 2959       4       Many::m966 (14 bytes)
1534 2958       3       Many::m966 (14 bytes)   made not entrant: not used
1535 2960       3       Many::m967 (14 bytes)
1535 2961       4       Many::m967 (14 bytes)
1535 2960       3       Many::m967 (14 bytes)   made not entrant: not used
1537 2962       3       Many::m968 (14 bytes)
1537 2963       4       Many::m968 (14 bytes)
1537 2962       3       Many::m968 (14 bytes)   made not entrant: not used
1538 2964       3       Many::m969 (14 bytes)
1538 2965       4       Many::m969 (14 bytes)
1538 2964       3       Many::m969 (14 bytes)   made not entrant: not used
1540 2966       3       Many::m970 (14 bytes)
1540 2967       4       Many::m970 (14 bytes)
1540 2966       3       Many::m970 (14 bytes)   made not entrant: not used
1541 2968       3       Many::m971 (14 bytes)
1541 2969       4       Many::m971 (14 bytes)
1541 2968       3       Many::m971 (14 bytes)   made not entrant: not used
1542 2970       3       Many::m972 (14 bytes)
1543 2971       4       Many::m972 (14 bytes)
1543 2970       3       Many::m972 (14 bytes)   made not entrant: not used
1544 2972       3       Many::m973 (14 bytes)
1544 2973       4       Many::m973 (14 bytes)
1544 2972       3       Many::m973 (14 bytes)   made not entrant: not used
1545 2974       3       Many::m974 (14 bytes)
1546 2975       4       Many::m974 (14 bytes)
1546 2974       3       Many::m974 (14 bytes)   made not entrant: not used
1547 2976       3       Many::m975 (14 bytes)
1547 2977       4       Many::m975 (14 bytes)
1547 2976       3       Many::m975 (14 bytes)   made not entrant: not used
1548 2978       3       Many::m976 (14 bytes)
1548 2979       4       Many::m976 (14 bytes)
1548 2978       3       Many::m976 (14 bytes)   made not entrant: not used
1550 2980       3       Many::m977 (14 bytes)
1550 2981       4       Many::m977 (14 bytes)
1550 2980       3       Many::m977 (14 bytes)   made not entrant: not used
1551 2982       3       Many::m978 (14 bytes)
1551 2983       4       Many::m978 (14 bytes)
1551 2982       3       Many::m978 (14 bytes)   made not entrant: not used
1553 2984       3       Many::m979 (14 bytes)
1553 2985       4       Many::m979 (14 bytes)
1553 2984       3       Many::m979 (14 bytes)   made not entrant: not used
1554 2986       3       Many::m980 (14 bytes)
1554 2987       4       Many::m980 (14 bytes)
1554 2986       3       Many::m980 (14 bytes)   made not entrant: not used
1555 2988       3       Many::m981 (14 bytes)
1556 2989       4       Many::m981 (14 bytes)
1556 2988       3       Many::m981 (14 bytes)   made not entrant: not used
1557 2990       3       Many::m982 (14 bytes)
1557 2991       4       Many::m982 (14 bytes)
1557 2990       3       Many::m982 (14 bytes)   made not entrant: not used
1558 2992       3       Many::m983 (14 bytes)
1558 2993       4       Many::m983 (14 bytes)
1559 2992       3       Many::m983 (14 bytes)   made not entrant: not used
1560 2994       3       Many::m984 (14 bytes)
1560 2995       4       Many::m984 (14 bytes)
1560 2994       3       Many::m984 (14 bytes)   made not entrant: not used
1561 2996       3       Many::m985 (14 bytes)
1561 2997       4       Many::m985 (14 bytes)
1561 2996       3       Many::m985 (14 bytes)   made not entrant: not used
1563 2998       3       Many::m986 (14 bytes)
1563 2999       4       Many::m986 (14 bytes)
1563 2998       3       Many::m986 (14 bytes)   made not entrant: not used
1564 3000       3       Many::m987 (14 bytes)
1564 3001       4       Many::m987 (14 bytes)
1564 3000       3       Many::m987 (14 bytes)   made not entrant: not used
1566 3002       3       Many::m988 (14 bytes)
1566 3003       4       Many::m988 (14 bytes)
1566 3002       3       Many::m988 (14 bytes)   made not entrant: not used
1567 3004       3       Many::m989 (14 bytes)
1567 3005       4       Many::m989 (14 bytes)
1567 3004       3       Many::m989 (14 bytes)   made not entrant: not used
1568 3006       3       Many::m990 (14 bytes)
1568 3007       4       Many::m990 (14 bytes)
1569 3006       3       Many::m990 (14 bytes)   made not entrant: not used
1570 3008       3       Many::m991 (14 bytes)
1570 3009       4       Many::m991 (14 bytes)
1570 3008       3       Many::m991 (14 bytes)   made not entrant: not used
1571 3010       3       Many::m992 (14 bytes)
1571 3011       4       Many::m992 (14 bytes)
1571 3010       3       Many::m992 (14 bytes)   made not entrant: not used
1573 3012       3       Many::m993 (14 bytes)
1573 3013       4       Many::m993 (14 bytes)
1573 3012       3       Many::m993 (14 bytes)   made not entrant: not used
1574 3014       3       Many::m994 (14 bytes)
1574 3015       4       Many::m994 (14 bytes)
1574 3014       3       Many::m994 (14 bytes)   made not entrant: not used
1576 3016       3       Many::m995 (14 bytes)
1576 3017       4       Many::m995 (14 bytes)
1576 3016       3       Many::m995 (14 bytes)   made not entrant: not used
1577 3018       3       Many::m996 (14 bytes)
1577 3019       4       Many::m996 (14 bytes)
1577 3018       3       Many::m996 (14 bytes)   made not entrant: not used
1579 3020       3       Many::m997 (14 bytes)
1579 3021       4       Many::m997 (14 bytes)
1579 3020       3       Many::m997 (14 bytes)   made not entrant: not used
1580 3022       3       Many::m998 (14 bytes)
1580 3023       4       Many::m998 (14 bytes)
1580 3022       3       Many::m998 (14 bytes)   made not entrant: not used
1581 3024       3       Many::m999 (14 bytes)
1581 3025       4       Many::m999 (14 bytes)
1582 3024       3       Many::m999 (14 bytes)   made not entrant: not used
1583 3026       3       Many::m1000 (14 bytes)
1583 3027       4       Many::m1000 (14 bytes)
1583 3026       3       Many::m1000 (14 bytes)   made not entrant: not used
1584 3028       3       Many::m1001 (14 bytes)
1584 3029       4       Many::m1001 (14 bytes)
1584 3028       3       Many::m1001 (14 bytes)   made not entrant: not used
1586 3030       3       Many::m1002 (14 bytes)
1586 3031       4       Many::m1002 (14 bytes)
1586 3030       3       Many::m1002 (14 bytes)   made not entrant: not used
1587 3032       3       Many::m1003 (14 bytes)
1587 3033       4       Many::m1003 (14 bytes)
1587 3032       3       Many::m1003 (14 bytes)   made not entrant: not used
1589 3034       3       Many::m1004 (14 bytes)
1589 3035       4       Many::m1004 (14 bytes)
1589 3034       3       Many::m1004 (14 bytes)   made not entrant: not used
1590 3036       3       Many::m1005 (14 bytes)
1590 3037       4       Many::m1005 (14 bytes)
1590 3036       3       Many::m1005 (14 bytes)   made not entrant: not used
1592 3038       3       Many::m1006 (14 bytes)
1592 3039       4       Many::m1006 (14 bytes)
1592 3038       3       Many::m1006 (14 bytes)   made not entrant: not used
1593 3040       3       Many::m1007 (14 bytes)
1593 3041       4       Many::m1007 (14 bytes)
1593 3040       3       Many::m1007 (14 bytes)   made not entrant: not used
1595 3042       3       Many::m1008 (14 bytes)
1595 3043       4       Many::m1008 (14 bytes)
1595 3042       3       Many::m1008 (14 bytes)   made not entrant: not used
1596 3044       3       Many::m1009 (14 bytes)
1596 3045       4       Many::m1009 (14 bytes)
1596 3044       3       Many::m1009 (14 bytes)   made not entrant: not used
1597 3046       3       Many::m1010 (14 bytes)
1597 3047       4       Many::m1010 (14 bytes)
1598 3046       3       Many::m1010 (14 bytes)   made not entrant: not used
1599 3048       3       Many::m1011 (14 bytes)
1599 3049       4       Many::m1011 (14 bytes)
1599 3048       3       Many::m1011 (14 bytes)   made not entrant: not used
1600 3050       3       Many::m1012 (14 bytes)
1600 3051       4       Many::m1012 (14 bytes)
1600 3050       3       Many::m1012 (14 bytes)   made not entrant: not used
1602 3052       3       Many::m1013 (14 bytes)
1602 3053       4       Many::m1013 (14 bytes)
1602 3052       3       Many::m1013 (14 bytes)   made not entrant: not used
1603 3054       3       Many::m1014 (14 bytes)
1603 3055       4       Many::m1014 (14 bytes)
1603 3054       3       Many::m1014 (14 bytes)   made not entrant: not used
1604 3056       3       Many::m1015 (14 bytes)
1605 3057       4       Many::m1015 (14 bytes)
1605 3056       3       Many::m1015 (14 bytes)   made not entrant: not used
1606 3058       3       Many::m1016 (14 bytes)
1606 3059       4       Many::m1016 (14 bytes)
1606 3058       3       Many::m1016 (14 bytes)   made not entrant: not used
1607 3060       3       Many::m1017 (14 bytes)
1608 3061       4       Many::m1017 (14 bytes)
1608 3060       3       Many::m1017 (14 bytes)   made not entrant: not used
1609 3062       3       Many::m1018 (14 bytes)
1609 3063       4       Many::m1018 (14 bytes)
1609 3062       3       Many::m1018 (14 bytes)   made not entrant: not used
1610 3064       3       Many::m1019 (14 bytes)
1610 3065       4       Many::m1019 (14 bytes)
1610 3064       3       Many::m1019 (14 bytes)   made not entrant: not used
1612 3066       3       Many::m1020 (14 bytes)
1612 3067       4       Many::m1020 (14 bytes)
1612 3066       3       Many::m1020 (14 bytes)   made not entrant: not used
1613 3068       3       Many::m1021 (14 bytes)
1613 3069       4       Many::m1021 (14 bytes)
1613 3068       3       Many::m1021 (14 bytes)   made not entrant: not used
1615 3070       3       Many::m1022 (14 bytes)
1615 3071       4       Many::m1022 (14 bytes)
1615 3070       3       Many::m1022 (14 bytes)   made not entrant: not used
1616 3072       3       Many::m1023 (14 bytes)
1616 3073       4       Many::m1023 (14 bytes)
1616 3072       3       Many::m1023 (14 bytes)   made not entrant: not used
1617 3074       3       Many::m1024 (14 bytes)
1618 3075       4       Many::m1024 (14 bytes)
1618 3074       3       Many::m1024 (14 bytes)   made not entrant: not used
1619 3076       3       Many::m1025 (14 bytes)
1619 3077       4       Many::m1025 (14 bytes)
1619 3076       3       Many::m1025 (14 bytes)   made not entrant: not used
1620 3078       3       Many::m1026 (14 bytes)
1620 3079       4       Many::m1026 (14 bytes)
1620 3078       3       Many::m1026 (14 bytes)   made not entrant: not used
1622 3080       3       Many::m1027 (14 bytes)
1622 3081       4       Many::m1027 (14 bytes)
1622 3080       3       Many::m1027 (14 bytes)   made not entrant: not used
1623 3082       3       Many::m1028 (14 bytes)
1623 3083       4       Many::m1028 (14 bytes)
1624 3082       3       Many::m1028 (14 bytes)   made not entrant: not used
1625 3084       3       Many::m1029 (14 bytes)
1625 3085       4       Many::m1029 (14 bytes)
1625 3084       3       Many::m1029 (14 bytes)   made not entrant: not used
1626 3086       3       Many::m1030 (14 bytes)
1626 3087       4       Many::m1030 (14 bytes)
1626 3086       3       Many::m1030 (14 bytes)   made not entrant: not used
1628 3088       3       Many::m1031 (14 bytes)
1628 3089       4       Many::m1031 (14 bytes)
1628 3088       3       Many::m1031 (14 bytes)   made not entrant: not used
1629 3090       3       Many::m1032 (14 bytes)
1629 3091       4       Many::m1032 (14 bytes)
1629 3090       3       Many::m1032 (14 bytes)   made not entrant: not used
1631 3092       3       Many::m1033 (14 bytes)
1631 3093       4       Many::m1033 (14 bytes)
1631 3092       3       Many::m1033 (14 bytes)   made not entrant: not used
1632 3094       3       Many::m1034 (14 bytes)
1632 3095       4       Many::m1034 (14 bytes)
1632 3094       3       Many::m1034 (14 bytes)   made not entrant: not used
1633 3096       3       Many::m1035 (14 bytes)
1633 3097       4       Many::m1035 (14 bytes)
1634 3096       3       Many::m1035 (14 bytes)   made not entrant: not used
1635 3098       3       Many::m1036 (14 bytes)
1635 3099       4       Many::m1036 (14 bytes)
1635 3098       3       Many::m1036 (14 bytes)   made not entrant: not used
1636 3100       3       Many::m1037 (14 bytes)
1636 3101       4       Many::m1037 (14 bytes)
1636 3100       3       Many::m1037 (14 bytes)   made not entrant: not used
1638 3102       3       Many::m1038 (14 bytes)
1638 3103       4       Many::m1038 (14 bytes)
1638 3102       3       Many::m1038 (14 bytes)   made not entrant: not used
1639 3104       3       Many::m1039 (14 bytes)
1639 3105       4       Many::m1039 (14 bytes)
1639 3104       3       Many::m1039 (14 bytes)   made not entrant: not used
1641 3106       3       Many::m1040 (14 bytes)
1641 3107       4       Many::m1040 (14 bytes)
1641 3106       3       Many::m1040 (14 bytes)   made not entrant: not used
1642 3108       3       Many::m1041 (14 bytes)
1642 3109       4       Many::m1041 (14 bytes)
1642 3108       3       Many::m1041 (14 bytes)   made not entrant: not used
1643 3110       3       Many::m1042 (14 bytes)
1643 3111       4       Many::m1042 (14 bytes)
1644 3110       3       Many::m1042 (14 bytes)   made not entrant: not used
1645 3112       3       Many::m1043 (14 bytes)
1645 3113       4       Many::m1043 (14 bytes)
1645 3112       3       Many::m1043 (14 bytes)   made not entrant: not used
1646 3114       3       Many::m1044 (14 bytes)
1646 3115       4       Many::m1044 (14 bytes)
1646 3114       3       Many::m1044 (14 bytes)   made not entrant: not used
1648 3116       3       Many::m1045 (14 bytes)
1648 3117       4       Many::m1045 (14 bytes)
1648 3116       3       Many::m1045 (14 bytes)   made not entrant: not used
1649 3118       3       Many::m1046 (14 bytes)
1649 3119       4       Many::m1046 (14 bytes)
1649 3118       3       Many::m1046 (14 bytes)   made not entrant: not used
1651 3120       3       Many::m1047 (14 bytes)
1651 3121       4       Many::m1047 (14 bytes)
1651 3120       3       Many::m1047 (14 bytes)   made not entrant: not used
1652 3122       3       Many::m1048 (14 bytes)
1652 3123       4       Many::m1048 (14 bytes)
1652 3122       3       Many::m1048 (14 bytes)   made not entrant: not used
1653 3124       3       Many::m1049 (14 bytes)
1653 3125       4       Many::m1049 (14 bytes)
1654 3124       3       Many::m1049 (14 bytes)   made not entrant: not used
1655 3126       3       Many::m1050 (14 bytes)
1655 3127       4       Many::m1050 (14 bytes)
1655 3126       3       Many::m1050 (14 bytes)   made not entrant: not used
1656 3128       3       Many::m1051 (14 bytes)
1656 3129       4       Many::m1051 (14 bytes)
1656 3128       3       Many::m1051 (14 bytes)   made not entrant: not used
1658 3130       3       Many::m1052 (14 bytes)
1658 3131       4       Many::m1052 (14 bytes)
1658 3130       3       Many::m1052 (14 bytes)   made not entrant: not used
1659 3132       3       Many::m1053 (14 bytes)
1659 3133       4       Many::m1053 (14 bytes)
1659 3132       3       Many::m1053 (14 bytes)   made not entrant: not used
1661 3134       3       Many::m1054 (14 bytes)
1661 3135       4       Many::m1054 (14 bytes)
1661 3134       3       Many::m1054 (14 bytes)   made not entrant: not used
1662 3136       3       Many::m1055 (14 bytes)
1662 3137       4       Many::m1055 (14 bytes)
1662 3136       3       Many::m1055 (14 bytes)   made not entrant: not used
1663 3138       3       Many::m1056 (14 bytes)
1663 3139       4       Many::m1056 (14 bytes)
1664 3138       3       Many::m1056 (14 bytes)   made not entrant: not used
1665 3140       3       Many::m1057 (14 bytes)
1665 3141       4       Many::m1057 (14 bytes)
1665 3140       3       Many::m1057 (14 bytes)   made not entrant: not used
1666 3142       3       Many::m1058 (14 bytes)
1666 3143       4       Many::m1058 (14 bytes)
1666 3142       3       Many::m1058 (14 bytes)   made not entrant: not used
1668 3144       3       Many::m1059 (14 bytes)
1668 3145       4       Many::m1059 (14 bytes)
1668 3144       3       Many::m1059 (14 bytes)   made not entrant: not used
1669 3146       3       Many::m1060 (14 bytes)
1669 3147       4       Many::m1060 (14 bytes)
1669 3146       3       Many::m1060 (14 bytes)   made not entrant: not used
1670 3148       3       Many::m1061 (14 bytes)
1671 3149       4       Many::m1061 (14 bytes)
1671 3148       3       Many::m1061 (14 bytes)   made not entrant: not used
1672 3150       3       Many::m1062 (14 bytes)
1672 3151       4       Many::m1062 (14 bytes)
1672 3150       3       Many::m1062 (14 bytes)   made not entrant: not used
1673 3152       3       Many::m1063 (14 bytes)
1674 3153       4       Many::m1063 (14 bytes)
1674 3152       3       Many::m1063 (14 bytes)   made not entrant: not used
1675 3154       3       Many::m1064 (14 bytes)
1675 3155       4       Many::m1064 (14 bytes)
1675 3154       3       Many::m1064 (14 bytes)   made not entrant: not used
1676 3156       3       Many::m1065 (14 bytes)
1676 3157       4       Many::m1065 (14 bytes)
1676 3156       3       Many::m1065 (14 bytes)   made not entrant: not used
1678 3158       3       Many::m1066 (14 bytes)
1678 3159       4       Many::m1066 (14 bytes)
1678 3158       3       Many::m1066 (14 bytes)   made not entrant: not used
1679 3160       3       Many::m1067 (14 bytes)
1679 3161       4       Many::m1067 (14 bytes)
1679 3160       3       Many::m1067 (14 bytes)   made not entrant: not used
1681 3162       3       Many::m1068 (14 bytes)
1681 3163       4       Many::m1068 (14 bytes)
1681 3162       3       Many::m1068 (14 bytes)   made not entrant: not used
1682 3164       3       Many::m1069 (14 bytes)
1682 3165       4       Many::m1069 (14 bytes)
1682 3164       3       Many::m1069 (14 bytes)   made not entrant: not used
1683 3166       3       Many::m1070 (14 bytes)
1683 3167       4       Many::m1070 (14 bytes)
1684 3166       3       Many::m1070 (14 bytes)   made not entrant: not used
1685 3168       3       Many::m1071 (14 bytes)
1685 3169       4       Many::m1071 (14 bytes)
1685 3168       3       Many::m1071 (14 bytes)   made not entrant: not used
1686 3170       3       Many::m1072 (14 bytes)
1686 3171       4       Many::m1072 (14 bytes)
1686 3170       3       Many::m1072 (14 bytes)   made not entrant: not used
1688 3172       3       Many::m1073 (14 bytes)
1688 3173       4       Many::m1073 (14 bytes)
1688 3172       3       Many::m1073 (14 bytes)   made not entrant: not used
1689 3174       3       Many::m1074 (14 bytes)
1689 3175       4       Many::m1074 (14 bytes)
1689 3174       3       Many::m1074 (14 bytes)   made not entrant: not used
1691 3176       3       Many::m1075 (14 bytes)
1691 3177       4       Many::m1075 (14 bytes)
1691 3176       3       Many::m1075 (14 bytes)   made not entrant: not used
1692 3178       3       Many::m1076 (14 bytes)
1692 3179       4       Many::m1076 (14 bytes)
1692 3178       3       Many::m1076 (14 bytes)   made not entrant: not used
1693 3180       3       Many::m1077 (14 bytes)
1694 3181       4       Many::m1077 (14 bytes)
1694 3180       3       Many::m1077 (14 bytes)   made not entrant: not used
1695 3182       3       Many::m1078 (14 bytes)
1695 3183       4       Many::m1078 (14 bytes)
1695 3182       3       Many::m1078 (14 bytes)   made not entrant: not used
1696 3184       3       Many::m1079 (14 bytes)
1696 3185       4       Many::m1079 (14 bytes)
1697 3184       3       Many::m1079 (14 bytes)   made not entrant: not used
1698 3186       3       Many::m1080 (14 bytes)
1698 3187       4       Many::m1080 (14 bytes)
1698 3186       3       Many::m1080 (14 bytes)   made not entrant: not used
1699 3188       3       Many::m1081 (14 bytes)
1699 3189       4       Many::m1081 (14 bytes)
1699 3188       3       Many::m1081 (14 bytes)   made not entrant: not used
1701 3190       3       Many::m1082 (14 bytes)
1701 3191       4       Many::m1082 (14 bytes)
1701 3190       3       Many::m1082 (14 bytes)   made not entrant: not used
1702 3192       3       Many::m1083 (14 bytes)
1702 3193       4       Many::m1083 (14 bytes)
1702 3192       3       Many::m1083 (14 bytes)   made not entrant: not used
1703 3194       3       Many::m1084 (14 bytes)
1704 3195       4       Many::m1084 (14 bytes)
1704 3194       3       Many::m1084 (14 bytes)   made not entrant: not used
1705 3196       3       Many::m1085 (14 bytes)
1705 3197       4       Many::m1085 (14 bytes)
1705 3196       3       Many::m1085 (14 bytes)   made not entrant: not used
1706 3198       3       Many::m1086 (14 bytes)
1706 3199       4       Many::m1086 (14 bytes)
1707 3198       3       Many::m1086 (14 bytes)   made not entrant: not used
1708 3200       3       Many::m1087 (14 bytes)
1708 3201       4       Many::m1087 (14 bytes)
1708 3200       3       Many::m1087 (14 bytes)   made not entrant: not used
1709 3202       3       Many::m1088 (14 bytes)
1709 3203       4       Many::m1088 (14 bytes)
1709 3202       3       Many::m1088 (14 bytes)   made not entrant: not used
1711 3204       3       Many::m1089 (14 bytes)
1711 3205       4       Many::m1089 (14 bytes)
1711 3204       3       Many::m1089 (14 bytes)   made not entrant: not used
1712 3206       3       Many::m1090 (14 bytes)
1712 3207       4       Many::m1090 (14 bytes)
1712 3206       3       Many::m1090 (14 bytes)   made not entrant: not used
1713 3208       3       Many::m1091 (14 bytes)
1714 3209       4       Many::m1091 (14 bytes)
1714 3208       3       Many::m1091 (14 bytes)   made not entrant: not used
1715 3210       3       Many::m1092 (14 bytes)
1715 3211       4       Many::m1092 (14 bytes)
1715 3210       3       Many::m1092 (14 bytes)   made not entrant: not used
1716 3212       3       Many::m1093 (14 bytes)
1716 3213       4       Many::m1093 (14 bytes)
1716 3212       3       Many::m1093 (14 bytes)   made not entrant: not used
1718 3214       3       Many::m1094 (14 bytes)
1718 3215       4       Many::m1094 (14 bytes)
1718 3214       3       Many::m1094 (14 bytes)   made not entrant: not used
1719 3216       3       Many::m1095 (14 bytes)
1719 3217       4       Many::m1095 (14 bytes)
1719 3216       3       Many::m1095 (14 bytes)   made not entrant: not used
1720 3218       3       Many::m1096 (14 bytes)
1721 3219       4       Many::m1096 (14 bytes)
1721 3218       3       Many::m1096 (14 bytes)   made not entrant: not used
1722 3220       3       Many::m1097 (14 bytes)
1722 3221       4       Many::m1097 (14 bytes)
1722 3220       3       Many::m1097 (14 bytes)   made not entrant: not used
1723 3222       3       Many::m1098 (14 bytes)
1724 3223       4       Many::m1098 (14 bytes)
1724 3222       3       Many::m1098 (14 bytes)   made not entrant: not used
1725 3224       3       Many::m1099 (14 bytes)
1725 3225       4       Many::m1099 (14 bytes)
1725 3224       3       Many::m1099 (14 bytes)   made not entrant: not used
1726 3226       3       Many::m1100 (14 bytes)
1726 3227       4       Many::m1100 (14 bytes)
1726 3226       3       Many::m1100 (14 bytes)   made not entrant: not used
1728 3228       3       Many::m1101 (14 bytes)
1728 3229       4       Many::m1101 (14 bytes)
1728 3228       3       Many::m1101 (14 bytes)   made not entrant: not used
1729 3230       3       Many::m1102 (14 bytes)
1729 3231       4       Many::m1102 (14 bytes)
1729 3230       3       Many::m1102 (14 bytes)   made not entrant: not used
1731 3232       3       Many::m1103 (14 bytes)
1731 3233       4       Many::m1103 (14 bytes)
1731 3232       3       Many::m1103 (14 bytes)   made not entrant: not used
1732 3234       3       Many::m1104 (14 bytes)
1732 3235       4       Many::m1104 (14 bytes)
1732 3234       3       Many::m1104 (14 bytes)   made not entrant: not used
1733 3236       3       Many::m1105 (14 bytes)
1733 3237       4       Many::m1105 (14 bytes)
1734 3236       3       Many::m1105 (14 bytes)   made not entrant: not used
1735 3238       3       Many::m1106 (14 bytes)
1735 3239       4       Many::m1106 (14 bytes)
1735 3238       3       Many::m1106 (14 bytes)   made not entrant: not used
1736 3240       3       Many::m1107 (14 bytes)
1736 3241       4       Many::m1107 (14 bytes)
1736 3240       3       Many::m1107 (14 bytes)   made not entrant: not used
1738 3242       3       Many::m1108 (14 bytes)
1738 3243       4       Many::m1108 (14 bytes)
1738 3242       3       Many::m1108 (14 bytes)   made not entrant: not used
1739 3244       3       Many::m1109 (14 bytes)
1739 3245       4       Many::m1109 (14 bytes)
1739 3244       3       Many::m1109 (14 bytes)   made not entrant: not used
1740 3246       3       Many::m1110 (14 bytes)
1741 3247       4       Many::m1110 (14 bytes)
1741 3246       3       Many::m1110 (14 bytes)   made not entrant: not used
1742 3248       3       Many::m1111 (14 bytes)
1742 3249       4       Many::m1111 (14 bytes)
1742 3248       3       Many::m1111 (14 bytes)   made not entrant: not used
1743 3250       3       Many::m1112 (14 bytes)
1743 3251       4       Many::m1112 (14 bytes)
1743 3250       3       Many::m1112 (14 bytes)   made not entrant: not used
1745 3252       3       Many::m1113 (14 bytes)
1745 3253       4       Many::m1113 (14 bytes)
1745 3252       3       Many::m1113 (14 bytes)   made not entrant: not used
1746 3254       3       Many::m1114 (14 bytes)
1746 3255       4       Many::m1114 (14 bytes)
1746 3254       3       Many::m1114 (14 bytes)   made not entrant: not used
1748 3256       3       Many::m1115 (14 bytes)
1748 3257       4       Many::m1115 (14 bytes)
1748 3256       3       Many::m1115 (14 bytes)   made not entrant: not used
1749 3258       3       Many::m1116 (14 bytes)
1749 3259       4       Many::m1116 (14 bytes)
1749 3258       3       Many::m1116 (14 bytes)   made not entrant: not used
1750 3260       3       Many::m1117 (14 bytes)
1750 3261       4       Many::m1117 (14 bytes)
1751 3260       3       Many::m1117 (14 bytes)   made not entrant: not used
1752 3262       3       Many::m1118 (14 bytes)
1752 3263       4       Many::m1118 (14 bytes)
1752 3262       3       Many::m1118 (14 bytes)   made not entrant: not used
1753 3264       3       Many::m1119 (14 bytes)
1753 3265       4       Many::m1119 (14 bytes)
1753 3264       3       Many::m1119 (14 bytes)   made not entrant: not used
1755 3266       3       Many::m1120 (14 bytes)
1755 3267       4       Many::m1120 (14 bytes)
1755 3266       3       Many::m1120 (14 bytes)   made not entrant: not used
1756 3268       3       Many::m1121 (14 bytes)
1756 3269       4       Many::m1121 (14 bytes)
1756 3268       3       Many::m1121 (14 bytes)   made not entrant: not used
1758 3270       3       Many::m1122 (14 bytes)
1758 3271       4       Many::m1122 (14 bytes)
1758 3270       3       Many::m1122 (14 bytes)   made not entrant: not used
1759 3272       3       Many::m1123 (14 bytes)
1759 3273       4       Many::m1123 (14 bytes)
1759 3272       3       Many::m1123 (14 bytes)   made not entrant: not used
1760 3274       3       Many::m1124 (14 bytes)
1760 3275       4       Many::m1124 (14 bytes)
1761 3274       3       Many::m1124 (14 bytes)   made not entrant: not used
1762 3276       3       Many::m1125 (14 bytes)
1762 3277       4       Many::m1125 (14 bytes)
1762 3276       3       Many::m1125 (14 bytes)   made not entrant: not used
1763 3278       3       Many::m1126 (14 bytes)
1763 3279       4       Many::m1126 (14 bytes)
1763 3278       3       Many::m1126 (14 bytes)   made not entrant: not used
1765 3280       3       Many::m1127 (14 bytes)
1765 3281       4       Many::m1127 (14 bytes)
1765 3280       3       Many::m1127 (14 bytes)   made not entrant: not used
1766 3282       3       Many::m1128 (14 bytes)
1766 3283       4       Many::m1128 (14 bytes)
1766 3282       3       Many::m1128 (14 bytes)   made not entrant: not used
1767 3284       3       Many::m1129 (14 bytes)
1768 3285       4       Many::m1129 (14 bytes)
1768 3284       3       Many::m1129 (14 bytes)   made not entrant: not used
1769 3286       3       Many::m1130 (14 bytes)
1769 3287       4       Many::m1130 (14 bytes)
1769 3286       3       Many::m1130 (14 bytes)   made not entrant: not used
1770 3288       3       Many::m1131 (14 bytes)
1770 3289       4       Many::m1131 (14 bytes)
1770 3288       3       Many::m1131 (14 bytes)   made not entrant: not used
1772 3290       3       Many::m1132 (14 bytes)
1772 3291       4       Many::m1132 (14 bytes)
1772 3290       3       Many::m1132 (14 bytes)   made not entrant: not used
1773 3292       3       Many::m1133 (14 bytes)
1773 3293       4       Many::m1133 (14 bytes)
1773 3292       3       Many::m1133 (14 bytes)   made not entrant: not used
1775 3294       3       Many::m1134 (14 bytes)
1775 3295       4       Many::m1134 (14 bytes)
1775 3294       3       Many::m1134 (14 bytes)   made not entrant: not used
1776 3296       3       Many::m1135 (14 bytes)
1776 3297       4       Many::m1135 (14 bytes)
1776 3296       3       Many::m1135 (14 bytes)   made not entrant: not used
1778 3298       3       Many::m1136 (14 bytes)
1778 3299       4       Many::m1136 (14 bytes)
1778 3298       3       Many::m1136 (14 bytes)   made not entrant: not used
1779 3300       3       Many::m1137 (14 bytes)
1779 3301       4       Many::m1137 (14 bytes)
1779 3300       3       Many::m1137 (14 bytes)   made not entrant: not used
1780 3302       3       Many::m1138 (14 bytes)
1781 3303       4       Many::m1138 (14 bytes)
1781 3302       3       Many::m1138 (14 bytes)   made not entrant: not used
1782 3304       3       Many::m1139 (14 bytes)
1782 3305       4       Many::m1139 (14 bytes)
1782 3304       3       Many::m1139 (14 bytes)   made not entrant: not used
1783 3306       3       Many::m1140 (14 bytes)
1783 3307       4       Many::m1140 (14 bytes)
1783 3306       3       Many::m1140 (14 bytes)   made not entrant: not used
1785 3308       3       Many::m1141 (14 bytes)
1785 3309       4       Many::m1141 (14 bytes)
1785 3308       3       Many::m1141 (14 bytes)   made not entrant: not used
1786 3310       3       Many::m1142 (14 bytes)
1786 3311       4       Many::m1142 (14 bytes)
1786 3310       3       Many::m1142 (14 bytes)   made not entrant: not used
1788 3312       3       Many::m1143 (14 bytes)
1788 3313       4       Many::m1143 (14 bytes)
1788 3312       3       Many::m1143 (14 bytes)   made not entrant: not used
1789 3314       3       Many::m1144 (14 bytes)
1789 3315       4       Many::m1144 (14 bytes)
1789 3314       3       Many::m1144 (14 bytes)   made not entrant: not used
1790 3316       3       Many::m1145 (14 bytes)
1791 3317       4       Many::m1145 (14 bytes)
1791 3316       3       Many::m1145 (14 bytes)   made not entrant: not used
1792 3318       3       Many::m1146 (14 bytes)
1792 3319       4       Many::m1146 (14 bytes)
1792 3318       3       Many::m1146 (14 bytes)   made not entrant: not used
1793 3320       3       Many::m1147 (14 bytes)
1793 3321       4       Many::m1147 (14 bytes)
1793 3320       3       Many::m1147 (14 bytes)   made not entrant: not used
1795 3322       3       Many::m1148 (14 bytes)
1795 3323       4       Many::m1148 (14 bytes)
1795 3322       3       Many::m1148 (14 bytes)   made not entrant: not used
1796 3324       3       Many::m1149 (14 bytes)
1796 3325       4       Many::m1149 (14 bytes)
1796 3324       3       Many::m1149 (14 bytes)   made not entrant: not used
1797 3326       3       Many::m1150 (14 bytes)
1798 3327       4       Many::m1150 (14 bytes)
1798 3326       3       Many::m1150 (14 bytes)   made not entrant: not used
1799 3328       3       Many::m1151 (14 bytes)
1799 3329       4       Many::m1151 (14 bytes)
1799 3328       3       Many::m1151 (14 bytes)   made not entrant: not used
1800 3330       3       Many::m1152 (14 bytes)
1800 3331       4       Many::m1152 (14 bytes)
1800 3330       3       Many::m1152 (14 bytes)   made not entrant: not used
1802 3332       3       Many::m1153 (14 bytes)
1802 3333       4       Many::m1153 (14 bytes)
1802 3332       3       Many::m1153 (14 bytes)   made not entrant: not used
1803 3334       3       Many::m1154 (14 bytes)
1803 3335       4       Many::m1154 (14 bytes)
1803 3334       3       Many::m1154 (14 bytes)   made not entrant: not used
1805 3336       3       Many::m1155 (14 bytes)
1805 3337       4       Many::m1155 (14 bytes)
1805 3336       3       Many::m1155 (14 bytes)   made not entrant: not used
1806 3338       3       Many::m1156 (14 bytes)
1806 3339       4       Many::m1156 (14 bytes)
1806 3338       3       Many::m1156 (14 bytes)   made not entrant: not used
1807 3340       3       Many::m1157 (14 bytes)
1807 3341       4       Many::m1157 (14 bytes)
1808 3340       3       Many::m1157 (14 bytes)   made not entrant: not used
1809 3342       3       Many::m1158 (14 bytes)
1809 3343       4       Many::m1158 (14 bytes)
1809 3342       3       Many::m1158 (14 bytes)   made not entrant: not used
1810 3344       3       Many::m1159 (14 bytes)
1810 3345       4       Many::m1159 (14 bytes)
1810 3344       3       Many::m1159 (14 bytes)   made not entrant: not used
1812 3346       3       Many::m1160 (14 bytes)
1812 3347       4       Many::m1160 (14 bytes)
1812 3346       3       Many::m1160 (14 bytes)   made not entrant: not used
1813 3348       3       Many::m1161 (14 bytes)
1813 3349       4       Many::m1161 (14 bytes)
1813 3348       3       Many::m1161 (14 bytes)   made not entrant: not used
1814 3350       3       Many::m1162 (14 bytes)
1815 3351       4       Many::m1162 (14 bytes)
1815 3350       3       Many::m1162 (14 bytes)   made not entrant: not used
1816 3352       3       Many::m1163 (14 bytes)
1816 3353       4       Many::m1163 (14 bytes)
1816 3352       3       Many::m1163 (14 bytes)   made not entrant: not used
1817 3354       3       Many::m1164 (14 bytes)
1817 3355       4       Many::m1164 (14 bytes)
1817 3354       3       Many::m1164 (14 bytes)   made not entrant: not used
1819 3356       3       Many::m1165 (14 bytes)
1819 3357       4       Many::m1165 (14 bytes)
1819 3356       3       Many::m1165 (14 bytes)   made not entrant: not used
1820 3358       3       Many::m1166 (14 bytes)
1820 3359       4       Many::m1166 (14 bytes)
1820 3358       3       Many::m1166 (14 bytes)   made not entrant: not used
1822 3360       3       Many::m1167 (14 bytes)
1822 3361       4       Many::m1167 (14 bytes)
1822 3360       3       Many::m1167 (14 bytes)   made not entrant: not used
1823 3362       3       Many::m1168 (14 bytes)
1823 3363       4       Many::m1168 (14 bytes)
1823 3362       3       Many::m1168 (14 bytes)   made not entrant: not used
1824 3364       3       Many::m1169 (14 bytes)
1825 3365       4       Many::m1169 (14 bytes)
1825 3364       3       Many::m1169 (14 bytes)   made not entrant: not used
1826 3366       3       Many::m1170 (14 bytes)
1826 3367       4       Many::m1170 (14 bytes)
1826 3366       3       Many::m1170 (14 bytes)   made not entrant: not used
1827 3368       3       Many::m1171 (14 bytes)
1827 3369       4       Many::m1171 (14 bytes)
1827 3368       3       Many::m1171 (14 bytes)   made not entrant: not used
1829 3370       3       Many::m1172 (14 bytes)
1829 3371       4       Many::m1172 (14 bytes)
1829 3370       3       Many::m1172 (14 bytes)   made not entrant: not used
1830 3372       3       Many::m1173 (14 bytes)
1830 3373       4       Many::m1173 (14 bytes)
1830 3372       3       Many::m1173 (14 bytes)   made not entrant: not used
1832 3374       3       Many::m1174 (14 bytes)
1832 3375       4       Many::m1174 (14 bytes)
1832 3374       3       Many::m1174 (14 bytes)   made not entrant: not used
1833 3376       3       Many::m1175 (14 bytes)
1833 3377       4       Many::m1175 (14 bytes)
1833 3376       3       Many::m1175 (14 bytes)   made not entrant: not used
1834 3378       3       Many::m1176 (14 bytes)
1834 3379       4       Many::m1176 (14 bytes)
1835 3378       3       Many::m1176 (14 bytes)   made not entrant: not used
1836 3380       3       Many::m1177 (14 bytes)
1836 3381       4       Many::m1177 (14 bytes)
1836 3380       3       Many::m1177 (14 bytes)   made not entrant: not used
1837 3382       3       Many::m1178 (14 bytes)
1837 3383       4       Many::m1178 (14 bytes)
1837 3382       3       Many::m1178 (14 bytes)   made not entrant: not used
1839 3384       3       Many::m1179 (14 bytes)
1839 3385       4       Many::m1179 (14 bytes)
1839 3384       3       Many::m1179 (14 bytes)   made not entrant: not used
1840 3386       3       Many::m1180 (14 bytes)
1840 3387       4       Many::m1180 (14 bytes)
1840 3386       3       Many::m1180 (14 bytes)   made not entrant: not used
1842 3388       3       Many::m1181 (14 bytes)
1842 3389       4       Many::m1181 (14 bytes)
1842 3388       3       Many::m1181 (14 bytes)   made not entrant: not used
1843 3390       3       Many::m1182 (14 bytes)
1843 3391       4       Many::m1182 (14 bytes)
1843 3390       3       Many::m1182 (14 bytes)   made not entrant: not used
1844 3392       3       Many::m1183 (14 bytes)
1845 3393       4       Many::m1183 (14 bytes)
1845 3392       3       Many::m1183 (14 bytes)   made not entrant: not used
1846 3394       3       Many::m1184 (14 bytes)
1846 3395       4       Many::m1184 (14 bytes)
1846 3394       3       Many::m1184 (14 bytes)   made not entrant: not used
1847 3396       3       Many::m1185 (14 bytes)
1847 3397       4       Many::m1185 (14 bytes)
1848 3396       3       Many::m1185 (14 bytes)   made not entrant: not used
1849 3398       3       Many::m1186 (14 bytes)
1849 3399       4       Many::m1186 (14 bytes)
1849 3398       3       Many::m1186 (14 bytes)   made not entrant: not used
1850 3400       3       Many::m1187 (14 bytes)
1850 3401       4       Many::m1187 (14 bytes)
1850 3400       3       Many::m1187 (14 bytes)   made not entrant: not used
1852 3402       3       Many::m1188 (14 bytes)
1852 3403       4       Many::m1188 (14 bytes)
1852 3402       3       Many::m1188 (14 bytes)   made not entrant: not used
1853 3404       3       Many::m1189 (14 bytes)
1853 3405       4       Many::m1189 (14 bytes)
1853 3404       3       Many::m1189 (14 bytes)   made not entrant: not used
1854 3406       3       Many::m1190 (14 bytes)
1855 3407       4       Many::m1190 (14 bytes)
1855 3406       3       Many::m1190 (14 bytes)   made not entrant: not used
1856 3408       3       Many::m1191 (14 bytes)
1856 3409       4       Many::m1191 (14 bytes)
1856 3408       3       Many::m1191 (14 bytes)   made not entrant: not used
1857 3410       3       Many::m1192 (14 bytes)
1858 3411       4       Many::m1192 (14 bytes)
1858 3410       3       Many::m1192 (14 bytes)   made not entrant: not used
1859 3412       3       Many::m1193 (14 bytes)
1859 3413       4       Many::m1193 (14 bytes)
1859 3412       3       Many::m1193 (14 bytes)   made not entrant: not used
1860 3414       3       Many::m1194 (14 bytes)
1860 3415       4       Many::m1194 (14 bytes)
1860 3414       3       Many::m1194 (14 bytes)   made not entrant: not used
1862 3416       3       Many::m1195 (14 bytes)
1862 3417       4       Many::m1195 (14 bytes)
1862 3416       3       Many::m1195 (14 bytes)   made not entrant: not used
1863 3418       3       Many::m1196 (14 bytes)
1863 3419       4       Many::m1196 (14 bytes)
1863 3418       3       Many::m1196 (14 bytes)   made not entrant: not used
1864 3420       3       Many::m1197 (14 bytes)
1865 3421       4       Many::m1197 (14 bytes)
1865 3420       3       Many::m1197 (14 bytes)   made not entrant: not used
1866 3422       3       Many::m1198 (14 bytes)
1866 3423       4       Many::m1198 (14 bytes)
1866 3422       3       Many::m1198 (14 bytes)   made not entrant: not used
1867 3424       3       Many::m1199 (14 bytes)
1867 3425       4       Many::m1199 (14 bytes)
1868 3424       3       Many::m1199 (14 bytes)   made not entrant: not used
1869 3426       3       Many::m1200 (14 bytes)
1869 3427       4       Many::m1200 (14 bytes)
1869 3426       3       Many::m1200 (14 bytes)   made not entrant: not used
1870 3428       3       Many::m1201 (14 bytes)
1870 3429       4       Many::m1201 (14 bytes)
1870 3428       3       Many::m1201 (14 bytes)   made not entrant: not used
1872 3430       3       Many::m1202 (14 bytes)
1872 3431       4       Many::m1202 (14 bytes)
1872 3430       3       Many::m1202 (14 bytes)   made not entrant: not used
1873 3432       3       Many::m1203 (14 bytes)
1873 3433       4       Many::m1203 (14 bytes)
1873 3432       3       Many::m1203 (14 bytes)   made not entrant: not used
1875 3434       3       Many::m1204 (14 bytes)
1875 3435       4       Many::m1204 (14 bytes)
1875 3434       3       Many::m1204 (14 bytes)   made not entrant: not used
1876 3436       3       Many::m1205 (14 bytes)
1876 3437       4       Many::m1205 (14 bytes)
1876 3436       3       Many::m1205 (14 bytes)   made not entrant: not used
1877 3438       3       Many::m1206 (14 bytes)
1878 3439       4       Many::m1206 (14 bytes)
1878 3438       3       Many::m1206 (14 bytes)   made not entrant: not used
1879 3440       3       Many::m1207 (14 bytes)
1879 3441       4       Many::m1207 (14 bytes)
1879 3440       3       Many::m1207 (14 bytes)   made not entrant: not used
1880 3442       3       Many::m1208 (14 bytes)
1880 3443       4       Many::m1208 (14 bytes)
1880 3442       3       Many::m1208 (14 bytes)   made not entrant: not used
1882 3444       3       Many::m1209 (14 bytes)
1882 3445       4       Many::m1209 (14 bytes)
1882 3444       3       Many::m1209 (14 bytes)   made not entrant: not used
1883 3446       3       Many::m1210 (14 bytes)
1883 3447       4       Many::m1210 (14 bytes)
1883 3446       3       Many::m1210 (14 bytes)   made not entrant: not used
1884 3448       3       Many::m1211 (14 bytes)
1885 3449       4       Many::m1211 (14 bytes)
1885 3448       3       Many::m1211 (14 bytes)   made not entrant: not used
1886 3450       3       Many::m1212 (14 bytes)
1886 3451       4       Many::m1212 (14 bytes)
1886 3450       3       Many::m1212 (14 bytes)   made not entrant: not used
1887 3452       3       Many::m1213 (14 bytes)
1887 3453       4       Many::m1213 (14 bytes)
1887 3452       3       Many::m1213 (14 bytes)   made not entrant: not used
1889 3454       3       Many::m1214 (14 bytes)
1889 3455       4       Many::m1214 (14 bytes)
1889 3454       3       Many::m1214 (14 bytes)   made not entrant: not used
1890 3456       3       Many::m1215 (14 bytes)
1890 3457       4       Many::m1215 (14 bytes)
1890 3456       3       Many::m1215 (14 bytes)   made not entrant: not used
1892 3458       3       Many::m1216 (14 bytes)
1892 3459       4       Many::m1216 (14 bytes)
1892 3458       3       Many::m1216 (14 bytes)   made not entrant: not used
1893 3460       3       Many::m1217 (14 bytes)
1893 3461       4       Many::m1217 (14 bytes)
1893 3460       3       Many::m1217 (14 bytes)   made not entrant: not used
1894 3462       3       Many::m1218 (14 bytes)
1895 3463       4       Many::m1218 (14 bytes)
1895 3462       3       Many::m1218 (14 bytes)   made not entrant: not used
1896 3464       3       Many::m1219 (14 bytes)
1896 3465       4       Many::m1219 (14 bytes)
1896 3464       3       Many::m1219 (14 bytes)   made not entrant: not used
1897 3466       3       Many::m1220 (14 bytes)
1897 3467       4       Many::m1220 (14 bytes)
1897 3466       3       Many::m1220 (14 bytes)   made not entrant: not used
1899 3468       3       Many::m1221 (14 bytes)
1899 3469       4       Many::m1221 (14 bytes)
1899 3468       3       Many::m1221 (14 bytes)   made not entrant: not used
1900 3470       3       Many::m1222 (14 bytes)
1900 3471       4       Many::m1222 (14 bytes)
1900 3470       3       Many::m1222 (14 bytes)   made not entrant: not used
1902 3472       3       Many::m1223 (14 bytes)
1902 3473       4       Many::m1223 (14 bytes)
1902 3472       3       Many::m1223 (14 bytes)   made not entrant: not used
1903 3474       3       Many::m1224 (14 bytes)
1903 3475       4       Many::m1224 (14 bytes)
1903 3474       3       Many::m1224 (14 bytes)   made not entrant: not used
1904 3476       3       Many::m1225 (14 bytes)
1905 3477       4       Many::m1225 (14 bytes)
1905 3476       3       Many::m1225 (14 bytes)   made not entrant: not used
1906 3478       3       Many::m1226 (14 bytes)
1906 3479       4       Many::m1226 (14 bytes)
1906 3478       3       Many::m1226 (14 bytes)   made not entrant: not used
1907 3480       3       Many::m1227 (14 bytes)
1908 3481       4       Many::m1227 (14 bytes)
1908 3480       3       Many::m1227 (14 bytes)   made not entrant: not used
1909 3482       3       Many::m1228 (14 bytes)
1909 3483       4       Many::m1228 (14 bytes)
1909 3482       3       Many::m1228 (14 bytes)   made not entrant: not used
1910 3484       3       Many::m1229 (14 bytes)
1910 3485       4       Many::m1229 (14 bytes)
1910 3484       3       Many::m1229 (14 bytes)   made not entrant: not used
1912 3486       3       Many::m1230 (14 bytes)
1912 3487       4       Many::m1230 (14 bytes)
1912 3486       3       Many::m1230 (14 bytes)   made not entrant: not used
1913 3488       3       Many::m1231 (14 bytes)
1913 3489       4       Many::m1231 (14 bytes)
1913 3488       3       Many::m1231 (14 bytes)   made not entrant: not used
1915 3490       3       Many::m1232 (14 bytes)
1915 3491       4       Many::m1232 (14 bytes)
1915 3490       3       Many::m1232 (14 bytes)   made not entrant: not used
1916 3492       3       Many::m1233 (14 bytes)
1916 3493       4       Many::m1233 (14 bytes)
1916 3492       3       Many::m1233 (14 bytes)   made not entrant: not used
1917 3494       3       Many::m1234 (14 bytes)
1918 3495       4       Many::m1234 (14 bytes)
1918 3494       3       Many::m1234 (14 bytes)   made not entrant: not used
1919 3496       3       Many::m1235 (14 bytes)
1919 3497       4       Many::m1235 (14 bytes)
1919 3496       3       Many::m1235 (14 bytes)   made not entrant: not used
1920 3498       3       Many::m1236 (14 bytes)
1920 3499       4       Many::m1236 (14 bytes)
1920 3498       3       Many::m1236 (14 bytes)   made not entrant: not used
1922 3500       3       Many::m1237 (14 bytes)
1922 3501       4       Many::m1237 (14 bytes)
1922 3500       3       Many::m1237 (14 bytes)   made not entrant: not used
1923 3502       3       Many::m1238 (14 bytes)
1923 3503       4       Many::m1238 (14 bytes)
1923 3502       3       Many::m1238 (14 bytes)   made not entrant: not used
1925 3504       3       Many::m1239 (14 bytes)
1925 3505       4       Many::m1239 (14 bytes)
1925 3504       3       Many::m1239 (14 bytes)   made not entrant: not used
1926 3506       3       Many::m1240 (14 bytes)
1926 3507       4       Many::m1240 (14 bytes)
1926 3506       3       Many::m1240 (14 bytes)   made not entrant: not used
1928 3508       3       Many::m1241 (14 bytes)
1928 3509       4       Many::m1241 (14 bytes)
1928 3508       3       Many::m1241 (14 bytes)   made not entrant: not used
1929 3510       3       Many::m1242 (14 bytes)
1929 3511       4       Many::m1242 (14 bytes)
1929 3510       3       Many::m1242 (14 bytes)   made not entrant: not used
1930 3512       3       Many::m1243 (14 bytes)
1930 3513       4       Many::m1243 (14 bytes)
1931 3512       3       Many::m1243 (14 bytes)   made not entrant: not used
1932 3514       3       Many::m1244 (14 bytes)
1932 3515       4       Many::m1244 (14 bytes)
1932 3514       3       Many::m1244 (14 bytes)   made not entrant: not used
1933 3516       3       Many::m1245 (14 bytes)
1933 3517       4       Many::m1245 (14 bytes)
1933 3516       3       Many::m1245 (14 bytes)   made not entrant: not used
1935 3518       3       Many::m1246 (14 bytes)
1935 3519       4       Many::m1246 (14 bytes)
1935 3518       3       Many::m1246 (14 bytes)   made not entrant: not used
1936 3520       3       Many::m1247 (14 bytes)
1936 3521       4       Many::m1247 (14 bytes)
1936 3520       3       Many::m1247 (14 bytes)   made not entrant: not used
1937 3522       3       Many::m1248 (14 bytes)
1938 3523       4       Many::m1248 (14 bytes)
1938 3522       3       Many::m1248 (14 bytes)   made not entrant: not used
1939 3524       3       Many::m1249 (14 bytes)
1939 3525       4       Many::m1249 (14 bytes)
1939 3524       3       Many::m1249 (14 bytes)   made not entrant: not used
1940 3526       3       Many::m1250 (14 bytes)
1941 3527       4       Many::m1250 (14 bytes)
1941 3526       3       Many::m1250 (14 bytes)   made not entrant: not used
1942 3528       3       Many::m1251 (14 bytes)
1942 3529       4       Many::m1251 (14 bytes)
1942 3528       3       Many::m1251 (14 bytes)   made not entrant: not used
1943 3530       3       Many::m1252 (14 bytes)
1943 3531       4       Many::m1252 (14 bytes)
1943 3530       3       Many::m1252 (14 bytes)   made not entrant: not used
1945 3532       3       Many::m1253 (14 bytes)
1945 3533       4       Many::m1253 (14 bytes)
1945 3532       3       Many::m1253 (14 bytes)   made not entrant: not used
1946 3534       3       Many::m1254 (14 bytes)
1946 3535       4       Many::m1254 (14 bytes)
1946 3534       3       Many::m1254 (14 bytes)   made not entrant: not used
1948 3536       3       Many::m1255 (14 bytes)
1948 3537       4       Many::m1255 (14 bytes)
1948 3536       3       Many::m1255 (14 bytes)   made not entrant: not used
1949 3538       3       Many::m1256 (14 bytes)
1949 3539       4       Many::m1256 (14 bytes)
1949 3538       3       Many::m1256 (14 bytes)   made not entrant: not used
1950 3540       3       Many::m1257 (14 bytes)
1950 3541       4       Many::m1257 (14 bytes)
1951 3540       3       Many::m1257 (14 bytes)   made not entrant: not used
1952 3542       3       Many::m1258 (14 bytes)
1952 3543       4       Many::m1258 (14 bytes)
1952 3542       3       Many::m1258 (14 bytes)   made not entrant: not used
1953 3544       3       Many::m1259 (14 bytes)
1953 3545       4       Many::m1259 (14 bytes)
1953 3544       3       Many::m1259 (14 bytes)   made not entrant: not used
1955 3546       3       Many::m1260 (14 bytes)
1955 3547       4       Many::m1260 (14 bytes)
1955 3546       3       Many::m1260 (14 bytes)   made not entrant: not used
1956 3548       3       Many::m1261 (14 bytes)
1956 3549       4       Many::m1261 (14 bytes)
1956 3548       3       Many::m1261 (14 bytes)   made not entrant: not used
1958 3550       3       Many::m1262 (14 bytes)
1958 3551       4       Many::m1262 (14 bytes)
1958 3550       3       Many::m1262 (14 bytes)   made not entrant: not used
1959 3552       3       Many::m1263 (14 bytes)
1959 3553       4       Many::m1263 (14 bytes)
1959 3552       3       Many::m1263 (14 bytes)   made not entrant: not used
1960 3554       3       Many::m1264 (14 bytes)
1961 3555       4       Many::m1264 (14 bytes)
1961 3554       3       Many::m1264 (14 bytes)   made not entrant: not used
1962 3556       3       Many::m1265 (14 bytes)
1962 3557       4       Many::m1265 (14 bytes)
1962 3556       3       Many::m1265 (14 bytes)   made not entrant: not used
1963 3558       3       Many::m1266 (14 bytes)
1963 3559       4       Many::m1266 (14 bytes)
1963 3558       3       Many::m1266 (14 bytes)   made not entrant: not used
1965 3560       3       Many::m1267 (14 bytes)
1965 3561       4       Many::m1267 (14 bytes)
1965 3560       3       Many::m1267 (14 bytes)   made not entrant: not used
1966 3562       3       Many::m1268 (14 bytes)
1966 3563       4       Many::m1268 (14 bytes)
1966 3562       3       Many::m1268 (14 bytes)   made not entrant: not used
1968 3564       3       Many::m1269 (14 bytes)
1968 3565       4       Many::m1269 (14 bytes)
1968 3564       3       Many::m1269 (14 bytes)   made not entrant: not used
1969 3566       3       Many::m1270 (14 bytes)
1969 3567       4       Many::m1270 (14 bytes)
1969 3566       3       Many::m1270 (14 bytes)   made not entrant: not used
1970 3568       3       Many::m1271 (14 bytes)
1970 3569       4       Many::m1271 (14 bytes)
1971 3568       3       Many::m1271 (14 bytes)   made not entrant: not used
1972 3570       3       Many::m1272 (14 bytes)
1972 3571       4       Many::m1272 (14 bytes)
1972 3570       3       Many::m1272 (14 bytes)   made not entrant: not used
1973 3572       3       Many::m1273 (14 bytes)
1973 3573       4       Many::m1273 (14 bytes)
1973 3572       3       Many::m1273 (14 bytes)   made not entrant: not used
1975 3574       3       Many::m1274 (14 bytes)
1975 3575       4       Many::m1274 (14 bytes)
1975 3574       3       Many::m1274 (14 bytes)   made not entrant: not used
1976 3576       3       Many::m1275 (14 bytes)
1976 3577       4       Many::m1275 (14 bytes)
1976 3576       3       Many::m1275 (14 bytes)   made not entrant: not used
1977 3578       3       Many::m1276 (14 bytes)
1978 3579       4       Many::m1276 (14 bytes)
1978 3578       3       Many::m1276 (14 bytes)   made not entrant: not used
1979 3580       3       Many::m1277 (14 bytes)
1979 3581       4       Many::m1277 (14 bytes)
1979 3580       3       Many::m1277 (14 bytes)   made not entrant: not used
1980 3582       3       Many::m1278 (14 bytes)
1980 3583       4       Many::m1278 (14 bytes)
1980 3582       3       Many::m1278 (14 bytes)   made not entrant: not used
1982 3584       3       Many::m1279 (14 bytes)
1982 3585       4       Many::m1279 (14 bytes)
1982 3584       3       Many::m1279 (14 bytes)   made not entrant: not used
1983 3586       3       Many::m1280 (14 bytes)
1983 3587       4       Many::m1280 (14 bytes)
1983 3586       3       Many::m1280 (14 bytes)   made not entrant: not used
1985 3588       3       Many::m1281 (14 bytes)
1985 3589       4       Many::m1281 (14 bytes)
1985 3588       3       Many::m1281 (14 bytes)   made not entrant: not used
1986 3590       3       Many::m1282 (14 bytes)
1986 3591       4       Many::m1282 (14 bytes)
1986 3590       3       Many::m1282 (14 bytes)   made not entrant: not used
1987 3592       3       Many::m1283 (14 bytes)
1988 3593       4       Many::m1283 (14 bytes)
1988 3592       3       Many::m1283 (14 bytes)   made not entrant: not used
1989 3594       3       Many::m1284 (14 bytes)
1989 3595       4       Many::m1284 (14 bytes)
1989 3594       3       Many::m1284 (14 bytes)   made not entrant: not used
1990 3596       3       Many::m1285 (14 bytes)
1990 3597       4       Many::m1285 (14 bytes)
1991 3596       3       Many::m1285 (14 bytes)   made not entrant: not used
1992 3598       3       Many::m1286 (14 bytes)
1992 3599       4       Many::m1286 (14 bytes)
1992 3598       3       Many::m1286 (14 bytes)   made not entrant: not used
1993 3600       3       Many::m1287 (14 bytes)
1993 3601       4       Many::m1287 (14 bytes)
1993 3600       3       Many::m1287 (14 bytes)   made not entrant: not used
1995 3602       3       Many::m1288 (14 bytes)
1995 3603       4       Many::m1288 (14 bytes)
1995 3602       3       Many::m1288 (14 bytes)   made not entrant: not used
1996 3604       3       Many::m1289 (14 bytes)
1996 3605       4       Many::m1289 (14 bytes)
1996 3604       3       Many::m1289 (14 bytes)   made not entrant: not used
1997 3606       3       Many::m1290 (14 bytes)
1998 3607       4       Many::m1290 (14 bytes)
1998 3606       3       Many::m1290 (14 bytes)   made not entrant: not used
1999 3608       3       Many::m1291 (14 bytes)
1999 3609       4       Many::m1291 (14 bytes)
1999 3608       3       Many::m1291 (14 bytes)   made not entrant: not used
2000 3610       3       Many::m1292 (14 bytes)
2000 3611       4       Many::m1292 (14 bytes)
2000 3610       3       Many::m1292 (14 bytes)   made not entrant: not used
2002 3612       3       Many::m1293 (14 bytes)
2002 3613       4       Many::m1293 (14 bytes)
2002 3612       3       Many::m1293 (14 bytes)   made not entrant: not used
2003 3614       3       Many::m1294 (14 bytes)
2003 3615       4       Many::m1294 (14 bytes)
2003 3614       3       Many::m1294 (14 bytes)   made not entrant: not used
2004 3616       3       Many::m1295 (14 bytes)
2005 3617       4       Many::m1295 (14 bytes)
2005 3616       3       Many::m1295 (14 bytes)   made not entrant: not used
2006 3618       3       Many::m1296 (14 bytes)
2006 3619       4       Many::m1296 (14 bytes)
2006 3618       3       Many::m1296 (14 bytes)   made not entrant: not used
2007 3620       3       Many::m1297 (14 bytes)
2008 3621       4       Many::m1297 (14 bytes)
2008 3620       3       Many::m1297 (14 bytes)   made not entrant: not used
2009 3622       3       Many::m1298 (14 bytes)
2009 3623       4       Many::m1298 (14 bytes)
2009 3622       3       Many::m1298 (14 bytes)   made not entrant: not used
2010 3624       3       Many::m1299 (14 bytes)
2010 3625       4       Many::m1299 (14 bytes)
2010 3624       3       Many::m1299 (14 bytes)   made not entrant: not used
2012 3626       3       Many::m1300 (14 bytes)
2012 3627       4       Many::m1300 (14 bytes)
2012 3626       3       Many::m1300 (14 bytes)   made not entrant: not used
2013 3628       3       Many::m1301 (14 bytes)
2013 3629       4       Many::m1301 (14 bytes)
2013 3628       3       Many::m1301 (14 bytes)   made not entrant: not used
2014 3630       3       Many::m1302 (14 bytes)
2015 3631       4       Many::m1302 (14 bytes)
2015 3630       3       Many::m1302 (14 bytes)   made not entrant: not used
2016 3632       3       Many::m1303 (14 bytes)
2016 3633       4       Many::m1303 (14 bytes)
2016 3632       3       Many::m1303 (14 bytes)   made not entrant: not used
2017 3634       3       Many::m1304 (14 bytes)
2017 3635       4       Many::m1304 (14 bytes)
2017 3634       3       Many::m1304 (14 bytes)   made not entrant: not used
2019 3636       3       Many::m1305 (14 bytes)
2019 3637       4       Many::m1305 (14 bytes)
2019 3636       3       Many::m1305 (14 bytes)   made not entrant: not used
2020 3638       3       Many::m1306 (14 bytes)
2020 3639       4       Many::m1306 (14 bytes)
2020 3638       3       Many::m1306 (14 bytes)   made not entrant: not used
2022 3640       3       Many::m1307 (14 bytes)
2022 3641       4       Many::m1307 (14 bytes)
2022 3640       3       Many::m1307 (14 bytes)   made not entrant: not used
2023 3642       3       Many::m1308 (14 bytes)
2023 3643       4       Many::m1308 (14 bytes)
2023 3642       3       Many::m1308 (14 bytes)   made not entrant: not used
2025 3644       3       Many::m1309 (14 bytes)
2025 3645       4       Many::m1309 (14 bytes)
2025 3644       3       Many::m1309 (14 bytes)   made not entrant: not used
2026 3646       3       Many::m1310 (14 bytes)
2026 3647       4       Many::m1310 (14 bytes)
2026 3646       3       Many::m1310 (14 bytes)   made not entrant: not used
2027 3648       3       Many::m1311 (14 bytes)
2028 3649       4       Many::m1311 (14 bytes)
2028 3648       3       Many::m1311 (14 bytes)   made not entrant: not used
2029 3650       3       Many::m1312 (14 bytes)
2029 3651       4       Many::m1312 (14 bytes)
2029 3650       3       Many::m1312 (14 bytes)   made not entrant: not used
2030 3652       3       Many::m1313 (14 bytes)
2030 3653       4       Many::m1313 (14 bytes)
2031 3652       3       Many::m1313 (14 bytes)   made not entrant: not used
2032 3654       3       Many::m1314 (14 bytes)
2032 3655       4       Many::m1314 (14 bytes)
2032 3654       3       Many::m1314 (14 bytes)   made not entrant: not used
2033 3656       3       Many::m1315 (14 bytes)
2033 3657       4       Many::m1315 (14 bytes)
2033 3656       3       Many::m1315 (14 bytes)   made not entrant: not used
2035 3658       3       Many::m1316 (14 bytes)
2035 3659       4       Many::m1316 (14 bytes)
2035 3658       3       Many::m1316 (14 bytes)   made not entrant: not used
2036 3660       3       Many::m1317 (14 bytes)
2036 3661       4       Many::m1317 (14 bytes)
2036 3660       3       Many::m1317 (14 bytes)   made not entrant: not used
2037 3662       3       Many::m1318 (14 bytes)
2038 3663       4       Many::m1318 (14 bytes)
2038 3662       3       Many::m1318 (14 bytes)   made not entrant: not used
2039 3664       3       Many::m1319 (14 bytes)
2039 3665       4       Many::m1319 (14 bytes)
2039 3664       3       Many::m1319 (14 bytes)   made not entrant: not used
2040 3666       3       Many::m1320 (14 bytes)
2040 3667       4       Many::m1320 (14 bytes)
2041 3666       3       Many::m1320 (14 bytes)   made not entrant: not used
2042 3668       3       Many::m1321 (14 bytes)
2042 3669       4       Many::m1321 (14 bytes)
2042 3668       3       Many::m1321 (14 bytes)   made not entrant: not used
2043 3670       3       Many::m1322 (14 bytes)
2043 3671       4       Many::m1322 (14 bytes)
2043 3670       3       Many::m1322 (14 bytes)   made not entrant: not used
2045 3672       3       Many::m1323 (14 bytes)
2045 3673       4       Many::m1323 (14 bytes)
2045 3672       3       Many::m1323 (14 bytes)   made not entrant: not used
2046 3674       3       Many::m1324 (14 bytes)
2046 3675       4       Many::m1324 (14 bytes)
2046 3674       3       Many::m1324 (14 bytes)   made not entrant: not used
2047 3676       3       Many::m1325 (14 bytes)
2048 3677       4       Many::m1325 (14 bytes)
2048 3676       3       Many::m1325 (14 bytes)   made not entrant: not used
2049 3678       3       Many::m1326 (14 bytes)
2049 3679       4       Many::m1326 (14 bytes)
2049 3678       3       Many::m1326 (14 bytes)   made not entrant: not used
2050 3680       3       Many::m1327 (14 bytes)
2050 3681       4       Many::m1327 (14 bytes)
2050 3680       3       Many::m1327 (14 bytes)   made not entrant: not used
2052 3682       3       Many::m1328 (14 bytes)
2052 3683       4       Many::m1328 (14 bytes)
2052 3682       3       Many::m1328 (14 bytes)   made not entrant: not used
2053 3684       3       Many::m1329 (14 bytes)
2053 3685       4       Many::m1329 (14 bytes)
2053 3684       3       Many::m1329 (14 bytes)   made not entrant: not used
2055 3686       3       Many::m1330 (14 bytes)
2055 3687       4       Many::m1330 (14 bytes)
2055 3686       3       Many::m1330 (14 bytes)   made not entrant: not used
2056 3688       3       Many::m1331 (14 bytes)
2056 3689       4       Many::m1331 (14 bytes)
2056 3688       3       Many::m1331 (14 bytes)   made not entrant: not used
2058 3690       3       Many::m1332 (14 bytes)
2058 3691       4       Many::m1332 (14 bytes)
2058 3690       3       Many::m1332 (14 bytes)   made not entrant: not used
2059 3692       3       Many::m1333 (14 bytes)
2059 3693       4       Many::m1333 (14 bytes)
2059 3692       3       Many::m1333 (14 bytes)   made not entrant: not used
2060 3694       3       Many::m1334 (14 bytes)
2060 3695       4       Many::m1334 (14 bytes)
2061 3694       3       Many::m1334 (14 bytes)   made not entrant: not used
2062 3696       3       Many::m1335 (14 bytes)
2062 3697       4       Many::m1335 (14 bytes)
2062 3696       3       Many::m1335 (14 bytes)   made not entrant: not used
2063 3698       3       Many::m1336 (14 bytes)
2063 3699       4       Many::m1336 (14 bytes)
2063 3698       3       Many::m1336 (14 bytes)   made not entrant: not used
2065 3700       3       Many::m1337 (14 bytes)
2065 3701       4       Many::m1337 (14 bytes)
2065 3700       3       Many::m1337 (14 bytes)   made not entrant: not used
2066 3702       3       Many::m1338 (14 bytes)
2066 3703       4       Many::m1338 (14 bytes)
2066 3702       3       Many::m1338 (14 bytes)   made not entrant: not used
2067 3704       3       Many::m1339 (14 bytes)
2068 3705       4       Many::m1339 (14 bytes)
2068 3704       3       Many::m1339 (14 bytes)   made not entrant: not used
2069 3706       3       Many::m1340 (14 bytes)
2069 3707       4       Many::m1340 (14 bytes)
2069 3706       3       Many::m1340 (14 bytes)   made not entrant: not used
2070 3708       3       Many::m1341 (14 bytes)
2070 3709       4       Many::m1341 (14 bytes)
2070 3708       3       Many::m1341 (14 bytes)   made not entrant: not used
2072 3710       3       Many::m1342 (14 bytes)
2072 3711       4       Many::m1342 (14 bytes)
2072 3710       3       Many::m1342 (14 bytes)   made not entrant: not used
2073 3712       3       Many::m1343 (14 bytes)
2073 3713       4       Many::m1343 (14 bytes)
2073 3712       3       Many::m1343 (14 bytes)   made not entrant: not used
2075 3714       3       Many::m1344 (14 bytes)
2075 3715       4       Many::m1344 (14 bytes)
2075 3714       3       Many::m1344 (14 bytes)   made not entrant: not used
2076 3716       3       Many::m1345 (14 bytes)
2076 3717       4       Many::m1345 (14 bytes)
2076 3716       3       Many::m1345 (14 bytes)   made not entrant: not used
2077 3718       3       Many::m1346 (14 bytes)
2078 3719       4       Many::m1346 (14 bytes)
2078 3718       3       Many::m1346 (14 bytes)   made not entrant: not used
2079 3720       3       Many::m1347 (14 bytes)
2079 3721       4       Many::m1347 (14 bytes)
2079 3720       3       Many::m1347 (14 bytes)   made not entrant: not used
2080 3722       3       Many::m1348 (14 bytes)
2080 3723       4       Many::m1348 (14 bytes)
2081 3722       3       Many::m1348 (14 bytes)   made not entrant: not used
2082 3724       3       Many::m1349 (14 bytes)
2082 3725       4       Many::m1349 (14 bytes)
2082 3724       3       Many::m1349 (14 bytes)   made not entrant: not used
2083 3726       3       Many::m1350 (14 bytes)
2083 3727       4       Many::m1350 (14 bytes)
2083 3726       3       Many::m1350 (14 bytes)   made not entrant: not used
2085 3728       3       Many::m1351 (14 bytes)
2085 3729       4       Many::m1351 (14 bytes)
2085 3728       3       Many::m1351 (14 bytes)   made not entrant: not used
2086 3730       3       Many::m1352 (14 bytes)
2086 3731       4       Many::m1352 (14 bytes)
2086 3730       3       Many::m1352 (14 bytes)   made not entrant: not used
2087 3732       3       Many::m1353 (14 bytes)
2088 3733       4       Many::m1353 (14 bytes)
2088 3732       3       Many::m1353 (14 bytes)   made not entrant: not used
2089 3734       3       Many::m1354 (14 bytes)
2089 3735       4       Many::m1354 (14 bytes)
2089 3734       3       Many::m1354 (14 bytes)   made not entrant: not used
2090 3736       3       Many::m1355 (14 bytes)
2091 3737       4       Many::m1355 (14 bytes)
2091 3736       3       Many::m1355 (14 bytes)   made not entrant: not used
2092 3738       3       Many::m1356 (14 bytes)
2092 3739       4       Many::m1356 (14 bytes)
2092 3738       3       Many::m1356 (14 bytes)   made not entrant: not used
2093 3740       3       Many::m1357 (14 bytes)
2093 3741       4       Many::m1357 (14 bytes)
2093 3740       3       Many::m1357 (14 bytes)   made not entrant: not used
2095 3742       3       Many::m1358 (14 bytes)
2095 3743       4       Many::m1358 (14 bytes)
2095 3742       3       Many::m1358 (14 bytes)   made not entrant: not used
2096 3744       3       Many::m1359 (14 bytes)
2096 3745       4       Many::m1359 (14 bytes)
2096 3744       3       Many::m1359 (14 bytes)   made not entrant: not used
2097 3746       3       Many::m1360 (14 bytes)
2098 3747       4       Many::m1360 (14 bytes)
2098 3746       3       Many::m1360 (14 bytes)   made not entrant: not used
2099 3748       3       Many::m1361 (14 bytes)
2099 3749       4       Many::m1361 (14 bytes)
2099 3748       3       Many::m1361 (14 bytes)   made not entrant: not used
2100 3750       3       Many::m1362 (14 bytes)
2100 3751       4       Many::m1362 (14 bytes)
2101 3750       3       Many::m1362 (14 bytes)   made not entrant: not used
2102 3752       3       Many::m1363 (14 bytes)
2102 3753       4       Many::m1363 (14 bytes)
2102 3752       3       Many::m1363 (14 bytes)   made not entrant: not used
2103 3754       3       Many::m1364 (14 bytes)
2103 3755       4       Many::m1364 (14 bytes)
2103 3754       3       Many::m1364 (14 bytes)   made not entrant: not used
2105 3756       3       Many::m1365 (14 bytes)
2105 3757       4       Many::m1365 (14 bytes)
2105 3756       3       Many::m1365 (14 bytes)   made not entrant: not used
2106 3758       3       Many::m1366 (14 bytes)
2106 3759       4       Many::m1366 (14 bytes)
2106 3758       3       Many::m1366 (14 bytes)   made not entrant: not used
2108 3760       3       Many::m1367 (14 bytes)
2108 3761       4       Many::m1367 (14 bytes)
2108 3760       3       Many::m1367 (14 bytes)   made not entrant: not used
2109 3762       3       Many::m1368 (14 bytes)
2109 3763       4       Many::m1368 (14 bytes)
2109 3762       3       Many::m1368 (14 bytes)   made not entrant: not used
2110 3764       3       Many::m1369 (14 bytes)
2111 3765       4       Many::m1369 (14 bytes)
2111 3764       3       Many::m1369 (14 bytes)   made not entrant: not used
2112 3766       3       Many::m1370 (14 bytes)
2112 3767       4       Many::m1370 (14 bytes)
2112 3766       3       Many::m1370 (14 bytes)   made not entrant: not used
2113 3768       3       Many::m1371 (14 bytes)
2113 3769       4       Many::m1371 (14 bytes)
2113 3768       3       Many::m1371 (14 bytes)   made not entrant: not used
2115 3770       3       Many::m1372 (14 bytes)
2115 3771       4       Many::m1372 (14 bytes)
2115 3770       3       Many::m1372 (14 bytes)   made not entrant: not used
2116 3772       3       Many::m1373 (14 bytes)
2116 3773       4       Many::m1373 (14 bytes)
2116 3772       3       Many::m1373 (14 bytes)   made not entrant: not used
2117 3774       3       Many::m1374 (14 bytes)
2118 3775       4       Many::m1374 (14 bytes)
2118 3774       3       Many::m1374 (14 bytes)   made not entrant: not used
2119 3776       3       Many::m1375 (14 bytes)
2119 3777       4       Many::m1375 (14 bytes)
2119 3776       3       Many::m1375 (14 bytes)   made not entrant: not used
2120 3778       3       Many::m1376 (14 bytes)
2120 3779       4       Many::m1376 (14 bytes)
2120 3778       3       Many::m1376 (14 bytes)   made not entrant: not used
2122 3780       3       Many::m1377 (14 bytes)
2122 3781       4       Many::m1377 (14 bytes)
2122 3780       3       Many::m1377 (14 bytes)   made not entrant: not used
2123 3782       3       Many::m1378 (14 bytes)
2123 3783       4       Many::m1378 (14 bytes)
2124 3782       3       Many::m1378 (14 bytes)   made not entrant: not used
2125 3784       3       Many::m1379 (14 bytes)
2125 3785       4       Many::m1379 (14 bytes)
2125 3784       3       Many::m1379 (14 bytes)   made not entrant: not used
2126 3786       3       Many::m1380 (14 bytes)
2126 3787       4       Many::m1380 (14 bytes)
2126 3786       3       Many::m1380 (14 bytes)   made not entrant: not used
2128 3788       3       Many::m1381 (14 bytes)
2128 3789       4       Many::m1381 (14 bytes)
2128 3788       3       Many::m1381 (14 bytes)   made not entrant: not used
2129 3790       3       Many::m1382 (14 bytes)
2129 3791       4       Many::m1382 (14 bytes)
2129 3790       3       Many::m1382 (14 bytes)   made not entrant: not used
2130 3792       3       Many::m1383 (14 bytes)
2131 3793       4       Many::m1383 (14 bytes)
2131 3792       3       Many::m1383 (14 bytes)   made not entrant: not used
2132 3794       3       Many::m1384 (14 bytes)
2132 3795       4       Many::m1384 (14 bytes)
2132 3794       3       Many::m1384 (14 bytes)   made not entrant: not used
2133 3796       3       Many::m1385 (14 bytes)
2133 3797       4       Many::m1385 (14 bytes)
2133 3796       3       Many::m1385 (14 bytes)   made not entrant: not used
2135 3798       3       Many::m1386 (14 bytes)
2135 3799       4       Many::m1386 (14 bytes)
2135 3798       3       Many::m1386 (14 bytes)   made not entrant: not used
2136 3800       3       Many::m1387 (14 bytes)
2136 3801       4       Many::m1387 (14 bytes)
2136 3800       3       Many::m1387 (14 bytes)   made not entrant: not used
2138 3802       3       Many::m1388 (14 bytes)
2138 3803       4       Many::m1388 (14 bytes)
2138 3802       3       Many::m1388 (14 bytes)   made not entrant: not used
2139 3804       3       Many::m1389 (14 bytes)
2139 3805       4       Many::m1389 (14 bytes)
2139 3804       3       Many::m1389 (14 bytes)   made not entrant: not used
2140 3806       3       Many::m1390 (14 bytes)
2141 3807       4       Many::m1390 (14 bytes)
2141 3806       3       Many::m1390 (14 bytes)   made not entrant: not used
2142 3808       3       Many::m1391 (14 bytes)
2142 3809       4       Many::m1391 (14 bytes)
2142 3808       3       Many::m1391 (14 bytes)   made not entrant: not used
2143 3810       3       Many::m1392 (14 bytes)
2143 3811       4       Many::m1392 (14 bytes)
2144 3810       3       Many::m1392 (14 bytes)   made not entrant: not used
2145 3812       3       Many::m1393 (14 bytes)
2145 3813       4       Many::m1393 (14 bytes)
2145 3812       3       Many::m1393 (14 bytes)   made not entrant: not used
2146 3814       3       Many::m1394 (14 bytes)
2146 3815       4       Many::m1394 (14 bytes)
2146 3814       3       Many::m1394 (14 bytes)   made not entrant: not used
2148 3816       3       Many::m1395 (14 bytes)
2148 3817       4       Many::m1395 (14 bytes)
2148 3816       3       Many::m1395 (14 bytes)   made not entrant: not used
2149 3818       3       Many::m1396 (14 bytes)
2149 3819       4       Many::m1396 (14 bytes)
2149 3818       3       Many::m1396 (14 bytes)   made not entrant: not used
2150 3820       3       Many::m1397 (14 bytes)
2151 3821       4       Many::m1397 (14 bytes)
2151 3820       3       Many::m1397 (14 bytes)   made not entrant: not used
2152 3822       3       Many::m1398 (14 bytes)
2152 3823       4       Many::m1398 (14 bytes)
2152 3822       3       Many::m1398 (14 bytes)   made not entrant: not used
2153 3824       3       Many::m1399 (14 bytes)
2153 3825       4       Many::m1399 (14 bytes)
2153 3824       3       Many::m1399 (14 bytes)   made not entrant: not used
2155 3826       3       Many::m1400 (14 bytes)
2155 3827       4       Many::m1400 (14 bytes)
2155 3826       3       Many::m1400 (14 bytes)   made not entrant: not used
2156 3828       3       Many::m1401 (14 bytes)
2156 3829       4       Many::m1401 (14 bytes)
2156 3828       3       Many::m1401 (14 bytes)   made not entrant: not used
2158 3830       3       Many::m1402 (14 bytes)
2158 3831       4       Many::m1402 (14 bytes)
2158 3830       3       Many::m1402 (14 bytes)   made not entrant: not used
2159 3832       3       Many::m1403 (14 bytes)
2159 3833       4       Many::m1403 (14 bytes)
2159 3832       3       Many::m1403 (14 bytes)   made not entrant: not used
2161 3834       3       Many::m1404 (14 bytes)
2161 3835       4       Many::m1404 (14 bytes)
2161 3834       3       Many::m1404 (14 bytes)   made not entrant: not used
2162 3836       3       Many::m1405 (14 bytes)
2162 3837       4       Many::m1405 (14 bytes)
2162 3836       3       Many::m1405 (14 bytes)   made not entrant: not used
2163 3838       3       Many::m1406 (14 bytes)
2164 3839       4       Many::m1406 (14 bytes)
2164 3838       3       Many::m1406 (14 bytes)   made not entrant: not used
2165 3840       3       Many::m1407 (14 bytes)
2165 3841       4       Many::m1407 (14 bytes)
2165 3840       3       Many::m1407 (14 bytes)   made not entrant: not used
2166 3842       3       Many::m1408 (14 bytes)
2167 3843       4       Many::m1408 (14 bytes)
2167 3842       3       Many::m1408 (14 bytes)   made not entrant: not used
2168 3844       3       Many::m1409 (14 bytes)
2168 3845       4       Many::m1409 (14 bytes)
2168 3844       3       Many::m1409 (14 bytes)   made not entrant: not used
2169 3846       3       Many::m1410 (14 bytes)
2169 3847       4       Many::m1410 (14 bytes)
2169 3846       3       Many::m1410 (14 bytes)   made not entrant: not used
2171 3848       3       Many::m1411 (14 bytes)
2171 3849       4       Many::m1411 (14 bytes)
2171 3848       3       Many::m1411 (14 bytes)   made not entrant: not used
2172 3850       3       Many::m1412 (14 bytes)
2173 3851       4       Many::m1412 (14 bytes)
2173 3850       3       Many::m1412 (14 bytes)   made not entrant: not used
2174 3852       3       Many::m1413 (14 bytes)
2174 3853       4       Many::m1413 (14 bytes)
2174 3852       3       Many::m1413 (14 bytes)   made not entrant: not used
2175 3854       3       Many::m1414 (14 bytes)
2175 3855       4       Many::m1414 (14 bytes)
2175 3854       3       Many::m1414 (14 bytes)   made not entrant: not used
2177 3856       3       Many::m1415 (14 bytes)
2177 3857       4       Many::m1415 (14 bytes)
2177 3856       3       Many::m1415 (14 bytes)   made not entrant: not used
2178 3858       3       Many::m1416 (14 bytes)
2178 3859       4       Many::m1416 (14 bytes)
2178 3858       3       Many::m1416 (14 bytes)   made not entrant: not used
2180 3860       3       Many::m1417 (14 bytes)
2180 3861       4       Many::m1417 (14 bytes)
2180 3860       3       Many::m1417 (14 bytes)   made not entrant: not used
2181 3862       3       Many::m1418 (14 bytes)
2181 3863       4       Many::m1418 (14 bytes)
2181 3862       3       Many::m1418 (14 bytes)   made not entrant: not used
2182 3864       3       Many::m1419 (14 bytes)
2182 3865       4       Many::m1419 (14 bytes)
2183 3864       3       Many::m1419 (14 bytes)   made not entrant: not used
2184 3866       3       Many::m1420 (14 bytes)
2184 3867       4       Many::m1420 (14 bytes)
2184 3866       3       Many::m1420 (14 bytes)   made not entrant: not used
2185 3868       3       Many::m1421 (14 bytes)
2185 3869       4       Many::m1421 (14 bytes)
2185 3868       3       Many::m1421 (14 bytes)   made not entrant: not used
2187 3870       3       Many::m1422 (14 bytes)
2187 3871       4       Many::m1422 (14 bytes)
2187 3870       3       Many::m1422 (14 bytes)   made not entrant: not used
2188 3872       3       Many::m1423 (14 bytes)
2188 3873       4       Many::m1423 (14 bytes)
2188 3872       3       Many::m1423 (14 bytes)   made not entrant: not used
2190 3874       3       Many::m1424 (14 bytes)
2190 3875       4       Many::m1424 (14 bytes)
2190 3874       3       Many::m1424 (14 bytes)   made not entrant: not used
2191 3876       3       Many::m1425 (14 bytes)
2191 3877       4       Many::m1425 (14 bytes)
2191 3876       3       Many::m1425 (14 bytes)   made not entrant: not used
2192 3878       3       Many::m1426 (14 bytes)
2192 3879       4       Many::m1426 (14 bytes)
2193 3878       3       Many::m1426 (14 bytes)   made not entrant: not used
2194 3880       3       Many::m1427 (14 bytes)
2194 3881       4       Many::m1427 (14 bytes)
2194 3880       3       Many::m1427 (14 bytes)   made not entrant: not used
2195 3882       3       Many::m1428 (14 bytes)
2195 3883       4       Many::m1428 (14 bytes)
2195 3882       3       Many::m1428 (14 bytes)   made not entrant: not used
2197 3884       3       Many::m1429 (14 bytes)
2197 3885       4       Many::m1429 (14 bytes)
2197 3884       3       Many::m1429 (14 bytes)   made not entrant: not used
2198 3886       3       Many::m1430 (14 bytes)
2198 3887       4       Many::m1430 (14 bytes)
2198 3886       3       Many::m1430 (14 bytes)   made not entrant: not used
2199 3888       3       Many::m1431 (14 bytes)
2200 3889       4       Many::m1431 (14 bytes)
2200 3888       3       Many::m1431 (14 bytes)   made not entrant: not used
2201 3890       3       Many::m1432 (14 bytes)
2201 3891       4       Many::m1432 (14 bytes)
2201 3890       3       Many::m1432 (14 bytes)   made not entrant: not used
2202 3892       3       Many::m1433 (14 bytes)
2202 3893       4       Many::m1433 (14 bytes)
2202 3892       3       Many::m1433 (14 bytes)   made not entrant: not used
2204 3894       3       Many::m1434 (14 bytes)
2204 3895       4       Many::m1434 (14 bytes)
2204 3894       3       Many::m1434 (14 bytes)   made not entrant: not used
2205 3896       3       Many::m1435 (14 bytes)
2205 3897       4       Many::m1435 (14 bytes)
2205 3896       3       Many::m1435 (14 bytes)   made not entrant: not used
2207 3898       3       Many::m1436 (14 bytes)
2207 3899       4       Many::m1436 (14 bytes)
2207 3898       3       Many::m1436 (14 bytes)   made not entrant: not used
2208 3900       3       Many::m1437 (14 bytes)
2208 3901       4       Many::m1437 (14 bytes)
2208 3900       3       Many::m1437 (14 bytes)   made not entrant: not used
2209 3902       3       Many::m1438 (14 bytes)
2210 3903       4       Many::m1438 (14 bytes)
2210 3902       3       Many::m1438 (14 bytes)   made not entrant: not used
2211 3904       3       Many::m1439 (14 bytes)
2211 3905       4       Many::m1439 (14 bytes)
2211 3904       3       Many::m1439 (14 bytes)   made not entrant: not used
2212 3906       3       Many::m1440 (14 bytes)
2212 3907       4       Many::m1440 (14 bytes)
2212 3906       3       Many::m1440 (14 bytes)   made not entrant: not used
2214 3908       3       Many::m1441 (14 bytes)
2214 3909       4       Many::m1441 (14 bytes)
2214 3908       3       Many::m1441 (14 bytes)   made not entrant: not used
2215 3910       3       Many::m1442 (14 bytes)
2215 3911       4       Many::m1442 (14 bytes)
2215 3910       3       Many::m1442 (14 bytes)   made not entrant: not used
2216 3912       3       Many::m1443 (14 bytes)
2217 3913       4       Many::m1443 (14 bytes)
2217 3912       3       Many::m1443 (14 bytes)   made not entrant: not used
2218 3914       3       Many::m1444 (14 bytes)
2218 3915       4       Many::m1444 (14 bytes)
2218 3914       3       Many::m1444 (14 bytes)   made not entrant: not used
2219 3916       3       Many::m1445 (14 bytes)
2219 3917       4       Many::m1445 (14 bytes)
2219 3916       3       Many::m1445 (14 bytes)   made not entrant: not used
2221 3918       3       Many::m1446 (14 bytes)
2221 3919       4       Many::m1446 (14 bytes)
2221 3918       3       Many::m1446 (14 bytes)   made not entrant: not used
2222 3920       3       Many::m1447 (14 bytes)
2222 3921       4       Many::m1447 (14 bytes)
2222 3920       3       Many::m1447 (14 bytes)   made not entrant: not used
2224 3922       3       Many::m1448 (14 bytes)
2224 3923       4       Many::m1448 (14 bytes)
2224 3922       3       Many::m1448 (14 bytes)   made not entrant: not used
2225 3924       3       Many::m1449 (14 bytes)
2225 3925       4       Many::m1449 (14 bytes)
2225 3924       3       Many::m1449 (14 bytes)   made not entrant: not used
2227 3926       3       Many::m1450 (14 bytes)
2227 3927       4       Many::m1450 (14 bytes)
2227 3926       3       Many::m1450 (14 bytes)   made not entrant: not used
2228 3928       3       Many::m1451 (14 bytes)
2228 3929       4       Many::m1451 (14 bytes)
2228 3928       3       Many::m1451 (14 bytes)   made not entrant: not used
2229 3930       3       Many::m1452 (14 bytes)
2230 3931       4       Many::m1452 (14 bytes)
2230 3930       3       Many::m1452 (14 bytes)   made not entrant: not used
2231 3932       3       Many::m1453 (14 bytes)
2231 3933       4       Many::m1453 (14 bytes)
2231 3932       3       Many::m1453 (14 bytes)   made not entrant: not used
2232 3934       3       Many::m1454 (14 bytes)
2232 3935       4       Many::m1454 (14 bytes)
2232 3934       3       Many::m1454 (14 bytes)   made not entrant: not used
2234 3936       3       Many::m1455 (14 bytes)
2234 3937       4       Many::m1455 (14 bytes)
2234 3936       3       Many::m1455 (14 bytes)   made not entrant: not used
2235 3938       3       Many::m1456 (14 bytes)
2235 3939       4       Many::m1456 (14 bytes)
2235 3938       3       Many::m1456 (14 bytes)   made not entrant: not used
2237 3940       3       Many::m1457 (14 bytes)
2237 3941       4       Many::m1457 (14 bytes)
2237 3940       3       Many::m1457 (14 bytes)   made not entrant: not used
2238 3942       3       Many::m1458 (14 bytes)
2238 3943       4       Many::m1458 (14 bytes)
2238 3942       3       Many::m1458 (14 bytes)   made not entrant: not used
2240 3944       3       Many::m1459 (14 bytes)
2240 3945       4       Many::m1459 (14 bytes)
2240 3944       3       Many::m1459 (14 bytes)   made not entrant: not used
2241 3946       3       Many::m1460 (14 bytes)
2241 3947       4       Many::m1460 (14 bytes)
2241 3946       3       Many::m1460 (14 bytes)   made not entrant: not used
2242 3948       3       Many::m1461 (14 bytes)
2243 3949       4       Many::m1461 (14 bytes)
2243 3948       3       Many::m1461 (14 bytes)   made not entrant: not used
2244 3950       3       Many::m1462 (14 bytes)
2244 3951       4       Many::m1462 (14 bytes)
2244 3950       3       Many::m1462 (14 bytes)   made not entrant: not used
2245 3952       3       Many::m1463 (14 bytes)
2245 3953       4       Many::m1463 (14 bytes)
2246 3952       3       Many::m1463 (14 bytes)   made not entrant: not used
2247 3954       3       Many::m1464 (14 bytes)
2247 3955       4       Many::m1464 (14 bytes)
2247 3954       3       Many::m1464 (14 bytes)   made not entrant: not used
2248 3956       3       Many::m1465 (14 bytes)
2248 3957       4       Many::m1465 (14 bytes)
2248 3956       3       Many::m1465 (14 bytes)   made not entrant: not used
2250 3958       3       Many::m1466 (14 bytes)
2250 3959       4       Many::m1466 (14 bytes)
2250 3958       3       Many::m1466 (14 bytes)   made not entrant: not used
2251 3960       3       Many::m1467 (14 bytes)
2251 3961       4       Many::m1467 (14 bytes)
2251 3960       3       Many::m1467 (14 bytes)   made not entrant: not used
2253 3962       3       Many::m1468 (14 bytes)
2253 3963       4       Many::m1468 (14 bytes)
2253 3962       3       Many::m1468 (14 bytes)   made not entrant: not used
2254 3964       3       Many::m1469 (14 bytes)
2254 3965       4       Many::m1469 (14 bytes)
2254 3964       3       Many::m1469 (14 bytes)   made not entrant: not used
2255 3966       3       Many::m1470 (14 bytes)
2256 3967       4       Many::m1470 (14 bytes)
2256 3966       3       Many::m1470 (14 bytes)   made not entrant: not used
2257 3968       3       Many::m1471 (14 bytes)
2257 3969       4       Many::m1471 (14 bytes)
2257 3968       3       Many::m1471 (14 bytes)   made not entrant: not used
2258 3970       3       Many::m1472 (14 bytes)
2259 3971       4       Many::m1472 (14 bytes)
2259 3970       3       Many::m1472 (14 bytes)   made not entrant: not used
2260 3972       3       Many::m1473 (14 bytes)
2260 3973       4       Many::m1473 (14 bytes)
2260 3972       3       Many::m1473 (14 bytes)   made not entrant: not used
2261 3974       3       Many::m1474 (14 bytes)
2261 3975       4       Many::m1474 (14 bytes)
2262 3974       3       Many::m1474 (14 bytes)   made not entrant: not used
2263 3976       3       Many::m1475 (14 bytes)
2263 3977       4       Many::m1475 (14 bytes)
2263 3976       3       Many::m1475 (14 bytes)   made not entrant: not used
2264 3978       3       Many::m1476 (14 bytes)
2264 3979       4       Many::m1476 (14 bytes)
2264 3978       3       Many::m1476 (14 bytes)   made not entrant: not used
2266 3980       3       Many::m1477 (14 bytes)
2266 3981       4       Many::m1477 (14 bytes)
2266 3980       3       Many::m1477 (14 bytes)   made not entrant: not used
2267 3982       3       Many::m1478 (14 bytes)
2267 3983       4       Many::m1478 (14 bytes)
2267 3982       3       Many::m1478 (14 bytes)   made not entrant: not used
2268 3984       3       Many::m1479 (14 bytes)
2269 3985       4       Many::m1479 (14 bytes)
2269 3984       3       Many::m1479 (14 bytes)   made not entrant: not used
2270 3986       3       Many::m1480 (14 bytes)
2270 3987       4       Many::m1480 (14 bytes)
2270 3986       3       Many::m1480 (14 bytes)   made not entrant: not used
2271 3988       3       Many::m1481 (14 bytes)
2271 3989       4       Many::m1481 (14 bytes)
2271 3988       3       Many::m1481 (14 bytes)   made not entrant: not used
2273 3990       3       Many::m1482 (14 bytes)
2273 3991       4       Many::m1482 (14 bytes)
2273 3990       3       Many::m1482 (14 bytes)   made not entrant: not used
2274 3992       3       Many::m1483 (14 bytes)
2274 3993       4       Many::m1483 (14 bytes)
2275 3992       3       Many::m1483 (14 bytes)   made not entrant: not used
2276 3994       3       Many::m1484 (14 bytes)
2276 3995       4       Many::m1484 (14 bytes)
2276 3994       3       Many::m1484 (14 bytes)   made not entrant: not used
2277 3996       3       Many::m1485 (14 bytes)
2277 3997       4       Many::m1485 (14 bytes)
2277 3996       3       Many::m1485 (14 bytes)   made not entrant: not used
2279 3998       3       Many::m1486 (14 bytes)
2279 3999       4       Many::m1486 (14 bytes)
2279 3998       3       Many::m1486 (14 bytes)   made not entrant: not used
2280 4000       3       Many::m1487 (14 bytes)
2280 4001       4       Many::m1487 (14 bytes)
2280 4000       3       Many::m1487 (14 bytes)   made not entrant: not used
2282 4002       3       Many::m1488 (14 bytes)
2282 4003       4       Many::m1488 (14 bytes)
2282 4002       3       Many::m1488 (14 bytes)   made not entrant: not used
2283 4004       3       Many::m1489 (14 bytes)
2283 4005       4       Many::m1489 (14 bytes)
2283 4004       3       Many::m1489 (14 bytes)   made not entrant: not used
2285 4006       3       Many::m1490 (14 bytes)
2285 4007       4       Many::m1490 (14 bytes)
2285 4006       3       Many::m1490 (14 bytes)   made not entrant: not used
2286 4008       3       Many::m1491 (14 bytes)
2286 4009       4       Many::m1491 (14 bytes)
2286 4008       3       Many::m1491 (14 bytes)   made not entrant: not used
2287 4010       3       Many::m1492 (14 bytes)
2288 4011       4       Many::m1492 (14 bytes)
2288 4010       3       Many::m1492 (14 bytes)   made not entrant: not used
2289 4012       3       Many::m1493 (14 bytes)
2289 4013       4       Many::m1493 (14 bytes)
2289 4012       3       Many::m1493 (14 bytes)   made not entrant: not used
2290 4014       3       Many::m1494 (14 bytes)
2291 4015       4       Many::m1494 (14 bytes)
2291 4014       3       Many::m1494 (14 bytes)   made not entrant: not used
2292 4016       3       Many::m1495 (14 bytes)
2292 4017       4       Many::m1495 (14 bytes)
2292 4016       3       Many::m1495 (14 bytes)   made not entrant: not used
2293 4018       3       Many::m1496 (14 bytes)
2294 4019       4       Many::m1496 (14 bytes)
2294 4018       3       Many::m1496 (14 bytes)   made not entrant: not used
2295 4020       3       Many::m1497 (14 bytes)
2295 4021       4       Many::m1497 (14 bytes)
2295 4020       3       Many::m1497 (14 bytes)   made not entrant: not used
2296 4022       3       Many::m1498 (14 bytes)
2296 4023       4       Many::m1498 (14 bytes)
2297 4022       3       Many::m1498 (14 bytes)   made not entrant: not used
2298 4024       3       Many::m1499 (14 bytes)
2298 4025       4       Many::m1499 (14 bytes)
2298 4024       3       Many::m1499 (14 bytes)   made not entrant: not used
2299 4026       3       Many::m1500 (14 bytes)
2299 4027       4       Many::m1500 (14 bytes)
2299 4026       3       Many::m1500 (14 bytes)   made not entrant: not used
2301 4028       3       Many::m1501 (14 bytes)
2301 4029       4       Many::m1501 (14 bytes)
2301 4028       3       Many::m1501 (14 bytes)   made not entrant: not used
2302 4030       3       Many::m1502 (14 bytes)
2302 4031       4       Many::m1502 (14 bytes)
2302 4030       3       Many::m1502 (14 bytes)   made not entrant: not used
2304 4032       3       Many::m1503 (14 bytes)
2304 4033       4       Many::m1503 (14 bytes)
2304 4032       3       Many::m1503 (14 bytes)   made not entrant: not used
2305 4034       3       Many::m1504 (14 bytes)
2305 4035       4       Many::m1504 (14 bytes)
2305 4034       3       Many::m1504 (14 bytes)   made not entrant: not used
2307 4036       3       Many::m1505 (14 bytes)
2307 4037       4       Many::m1505 (14 bytes)
2307 4036       3       Many::m1505 (14 bytes)   made not entrant: not used
2308 4038       3       Many::m1506 (14 bytes)
2308 4039       4       Many::m1506 (14 bytes)
2308 4038       3       Many::m1506 (14 bytes)   made not entrant: not used
2310 4040       3       Many::m1507 (14 bytes)
2310 4041       4       Many::m1507 (14 bytes)
2310 4040       3       Many::m1507 (14 bytes)   made not entrant: not used
2311 4042       3       Many::m1508 (14 bytes)
2311 4043       4       Many::m1508 (14 bytes)
2311 4042       3       Many::m1508 (14 bytes)   made not entrant: not used
2312 4044       3       Many::m1509 (14 bytes)
2313 4045       4       Many::m1509 (14 bytes)
2313 4044       3       Many::m1509 (14 bytes)   made not entrant: not used
2314 4046       3       Many::m1510 (14 bytes)
2314 4047       4       Many::m1510 (14 bytes)
2314 4046       3       Many::m1510 (14 bytes)   made not entrant: not used
2315 4048       3       Many::m1511 (14 bytes)
2315 4049       4       Many::m1511 (14 bytes)
2316 4048       3       Many::m1511 (14 bytes)   made not entrant: not used
2317 4050       3       Many::m1512 (14 bytes)
2317 4051       4       Many::m1512 (14 bytes)
2317 4050       3       Many::m1512 (14 bytes)   made not entrant: not used
2318 4052       3       Many::m1513 (14 bytes)
2318 4053       4       Many::m1513 (14 bytes)
2318 4052       3       Many::m1513 (14 bytes)   made not entrant: not used
2320 4054       3       Many::m1514 (14 bytes)
2320 4055       4       Many::m1514 (14 bytes)
2320 4054       3       Many::m1514 (14 bytes)   made not entrant: not used
2321 4056       3       Many::m1515 (14 bytes)
2321 4057       4       Many::m1515 (14 bytes)
2322 4056       3       Many::m1515 (14 bytes)   made not entrant: not used
2323 4058       3       Many::m1516 (14 bytes)
2323 4059       4       Many::m1516 (14 bytes)
2323 4058       3       Many::m1516 (14 bytes)   made not entrant: not used
2324 4060       3       Many::m1517 (14 bytes)
2324 4061       4       Many::m1517 (14 bytes)
2324 4060       3       Many::m1517 (14 bytes)   made not entrant: not used
2326 4062       3       Many::m1518 (14 bytes)
2326 4063       4       Many::m1518 (14 bytes)
2326 4062       3       Many::m1518 (14 bytes)   made not entrant: not used
2327 4064       3       Many::m1519 (14 bytes)
2327 4065       4       Many::m1519 (14 bytes)
2327 4064       3       Many::m1519 (14 bytes)   made not entrant: not used
2329 4066       3       Many::m1520 (14 bytes)
2329 4067       4       Many::m1520 (14 bytes)
2329 4066       3       Many::m1520 (14 bytes)   made not entrant: not used
2330 4068       3       Many::m1521 (14 bytes)
2330 4069       4       Many::m1521 (14 bytes)
2330 4068       3       Many::m1521 (14 bytes)   made not entrant: not used
2331 4070       3       Many::m1522 (14 bytes)
2332 4071       4       Many::m1522 (14 bytes)
2332 4070       3       Many::m1522 (14 bytes)   made not entrant: not used
2333 4072       3       Many::m1523 (14 bytes)
2333 4073       4       Many::m1523 (14 bytes)
2333 4072       3       Many::m1523 (14 bytes)   made not entrant: not used
2334 4074       3       Many::m1524 (14 bytes)
2334 4075       4       Many::m1524 (14 bytes)
2335 4074       3       Many::m1524 (14 bytes)   made not entrant: not used
2336 4076       3       Many::m1525 (14 bytes)
2336 4077       4       Many::m1525 (14 bytes)
2336 4076       3       Many::m1525 (14 bytes)   made not entrant: not used
2337 4078       3       Many::m1526 (14 bytes)
2337 4079       4       Many::m1526 (14 bytes)
2337 4078       3       Many::m1526 (14 bytes)   made not entrant: not used
2339 4080       3       Many::m1527 (14 bytes)
2339 4081       4       Many::m1527 (14 bytes)
2339 4080       3       Many::m1527 (14 bytes)   made not entrant: not used
2340 4082       3       Many::m1528 (14 bytes)
2340 4083       4       Many::m1528 (14 bytes)
2340 4082       3       Many::m1528 (14 bytes)   made not entrant: not used
2342 4084       3       Many::m1529 (14 bytes)
2342 4085       4       Many::m1529 (14 bytes)
2342 4084       3       Many::m1529 (14 bytes)   made not entrant: not used
2343 4086       3       Many::m1530 (14 bytes)
2343 4087       4       Many::m1530 (14 bytes)
2343 4086       3       Many::m1530 (14 bytes)   made not entrant: not used
2345 4088       3       Many::m1531 (14 bytes)
2345 4089       4       Many::m1531 (14 bytes)
2345 4088       3       Many::m1531 (14 bytes)   made not entrant: not used
2346 4090       3       Many::m1532 (14 bytes)
2346 4091       4       Many::m1532 (14 bytes)
2346 4090       3       Many::m1532 (14 bytes)   made not entrant: not used
2347 4092       3       Many::m1533 (14 bytes)
2347 4093       4       Many::m1533 (14 bytes)
2348 4092       3       Many::m1533 (14 bytes)   made not entrant: not used
2349 4094       3       Many::m1534 (14 bytes)
2349 4095       4       Many::m1534 (14 bytes)
2349 4094       3       Many::m1534 (14 bytes)   made not entrant: not used
2350 4096       3       Many::m1535 (14 bytes)
2350 4097       4       Many::m1535 (14 bytes)
2350 4096       3       Many::m1535 (14 bytes)   made not entrant: not used
2352 4098       3       Many::m1536 (14 bytes)
2352 4099       4       Many::m1536 (14 bytes)
2352 4098       3       Many::m1536 (14 bytes)   made not entrant: not used
2353 4100       3       Many::m1537 (14 bytes)
2353 4101       4       Many::m1537 (14 bytes)
2353 4100       3       Many::m1537 (14 bytes)   made not entrant: not used
2355 4102       3       Many::m1538 (14 bytes)
2355 4103       4       Many::m1538 (14 bytes)
2355 4102       3       Many::m1538 (14 bytes)   made not entrant: not used
2356 4104       3       Many::m1539 (14 bytes)
2356 4105       4       Many::m1539 (14 bytes)
2356 4104       3       Many::m1539 (14 bytes)   made not entrant: not used
2358 4106       3       Many::m1540 (14 bytes)
2358 4107       4       Many::m1540 (14 bytes)
2358 4106       3       Many::m1540 (14 bytes)   made not entrant: not used
2359 4108       3       Many::m1541 (14 bytes)
2359 4109       4       Many::m1541 (14 bytes)
2359 4108       3       Many::m1541 (14 bytes)   made not entrant: not used
2360 4110       3       Many::m1542 (14 bytes)
2361 4111       4       Many::m1542 (14 bytes)
2361 4110       3       Many::m1542 (14 bytes)   made not entrant: not used
2362 4112       3       Many::m1543 (14 bytes)
2362 4113       4       Many::m1543 (14 bytes)
2362 4112       3       Many::m1543 (14 bytes)   made not entrant: not used
2363 4114       3       Many::m1544 (14 bytes)
2363 4115       4       Many::m1544 (14 bytes)
2364 4114       3       Many::m1544 (14 bytes)   made not entrant: not used
2365 4116       3       Many::m1545 (14 bytes)
2365 4117       4       Many::m1545 (14 bytes)
2365 4116       3       Many::m1545 (14 bytes)   made not entrant: not used
2366 4118       3       Many::m1546 (14 bytes)
2366 4119       4       Many::m1546 (14 bytes)
2366 4118       3       Many::m1546 (14 bytes)   made not entrant: not used
2368 4120       3       Many::m1547 (14 bytes)
2368 4121       4       Many::m1547 (14 bytes)
2368 4120       3       Many::m1547 (14 bytes)   made not entrant: not used
2369 4122       3       Many::m1548 (14 bytes)
2369 4123       4       Many::m1548 (14 bytes)
2369 4122       3       Many::m1548 (14 bytes)   made not entrant: not used
2370 4124       3       Many::m1549 (14 bytes)
2371 4125       4       Many::m1549 (14 bytes)
2371 4124       3       Many::m1549 (14 bytes)   made not entrant: not used
2372 4126       3       Many::m1550 (14 bytes)
2372 4127       4       Many::m1550 (14 bytes)
2372 4126       3       Many::m1550 (14 bytes)   made not entrant: not used
2373 4128       3       Many::m1551 (14 bytes)
2374 4129       4       Many::m1551 (14 bytes)
2374 4128       3       Many::m1551 (14 bytes)   made not entrant: not used
2375 4130       3       Many::m1552 (14 bytes)
2375 4131       4       Many::m1552 (14 bytes)
2375 4130       3       Many::m1552 (14 bytes)   made not entrant: not used
2376 4132       3       Many::m1553 (14 bytes)
2376 4133       4       Many::m1553 (14 bytes)
2377 4132       3       Many::m1553 (14 bytes)   made not entrant: not used
2378 4134       3       Many::m1554 (14 bytes)
2378 4135       4       Many::m1554 (14 bytes)
2378 4134       3       Many::m1554 (14 bytes)   made not entrant: not used
2379 4136       3       Many::m1555 (14 bytes)
2379 4137       4       Many::m1555 (14 bytes)
2379 4136       3       Many::m1555 (14 bytes)   made not entrant: not used
2381 4138       3       Many::m1556 (14 bytes)
2381 4139       4       Many::m1556 (14 bytes)
2381 4138       3       Many::m1556 (14 bytes)   made not entrant: not used
2382 4140       3       Many::m1557 (14 bytes)
2382 4141       4       Many::m1557 (14 bytes)
2382 4140       3       Many::m1557 (14 bytes)   made not entrant: not used
2384 4142       3       Many::m1558 (14 bytes)
2384 4143       4       Many::m1558 (14 bytes)
2384 4142       3       Many::m1558 (14 bytes)   made not entrant: not used
2385 4144       3       Many::m1559 (14 bytes)
2385 4145       4       Many::m1559 (14 bytes)
2385 4144       3       Many::m1559 (14 bytes)   made not entrant: not used
2386 4146       3       Many::m1560 (14 bytes)
2386 4147       4       Many::m1560 (14 bytes)
2387 4146       3       Many::m1560 (14 bytes)   made not entrant: not used
2388 4148       3       Many::m1561 (14 bytes)
2388 4149       4       Many::m1561 (14 bytes)
2388 4148       3       Many::m1561 (14 bytes)   made not entrant: not used
2389 4150       3       Many::m1562 (14 bytes)
2389 4151       4       Many::m1562 (14 bytes)
2390 4150       3       Many::m1562 (14 bytes)   made not entrant: not used
2391 4152       3       Many::m1563 (14 bytes)
2391 4153       4       Many::m1563 (14 bytes)
2391 4152       3       Many::m1563 (14 bytes)   made not entrant: not used
2392 4154       3       Many::m1564 (14 bytes)
2392 4155       4       Many::m1564 (14 bytes)
2392 4154       3       Many::m1564 (14 bytes)   made not entrant: not used
2394 4156       3       Many::m1565 (14 bytes)
2394 4157       4       Many::m1565 (14 bytes)
2394 4156       3       Many::m1565 (14 bytes)   made not entrant: not used
2395 4158       3       Many::m1566 (14 bytes)
2395 4159       4       Many::m1566 (14 bytes)
2395 4158       3       Many::m1566 (14 bytes)   made not entrant: not used
2396 4160       3       Many::m1567 (14 bytes)
2397 4161       4       Many::m1567 (14 bytes)
2397 4160       3       Many::m1567 (14 bytes)   made not entrant: not used
2398 4162       3       Many::m1568 (14 bytes)
2398 4163       4       Many::m1568 (14 bytes)
2398 4162       3       Many::m1568 (14 bytes)   made not entrant: not used
2399 4164       3       Many::m1569 (14 bytes)
2399 4165       4       Many::m1569 (14 bytes)
2399 4164       3       Many::m1569 (14 bytes)   made not entrant: not used
2401 4166       3       Many::m1570 (14 bytes)
2401 4167       4       Many::m1570 (14 bytes)
2401 4166       3       Many::m1570 (14 bytes)   made not entrant: not used
2402 4168       3       Many::m1571 (14 bytes)
2402 4169       4       Many::m1571 (14 bytes)
2402 4168       3       Many::m1571 (14 bytes)   made not entrant: not used
2404 4170       3       Many::m1572 (14 bytes)
2404 4171       4       Many::m1572 (14 bytes)
2404 4170       3       Many::m1572 (14 bytes)   made not entrant: not used
2405 4172       3       Many::m1573 (14 bytes)
2405 4173       4       Many::m1573 (14 bytes)
2405 4172       3       Many::m1573 (14 bytes)   made not entrant: not used
2407 4174       3       Many::m1574 (14 bytes)
2407 4175       4       Many::m1574 (14 bytes)
2407 4174       3       Many::m1574 (14 bytes)   made not entrant: not used
2408 4176       3       Many::m1575 (14 bytes)
2408 4177       4       Many::m1575 (14 bytes)
2408 4176       3       Many::m1575 (14 bytes)   made not entrant: not used
2410 4178       3       Many::m1576 (14 bytes)
2410 4179       4       Many::m1576 (14 bytes)
2410 4178       3       Many::m1576 (14 bytes)   made not entrant: not used
2411 4180       3       Many::m1577 (14 bytes)
2411 4181       4       Many::m1577 (14 bytes)
2411 4180       3       Many::m1577 (14 bytes)   made not entrant: not used
2412 4182       3       Many::m1578 (14 bytes)
2413 4183       4       Many::m1578 (14 bytes)
2413 4182       3       Many::m1578 (14 bytes)   made not entrant: not used
2414 4184       3       Many::m1579 (14 bytes)
2414 4185       4       Many::m1579 (14 bytes)
2414 4184       3       Many::m1579 (14 bytes)   made not entrant: not used
2415 4186       3       Many::m1580 (14 bytes)
2415 4187       4       Many::m1580 (14 bytes)
2415 4186       3       Many::m1580 (14 bytes)   made not entrant: not used
2417 4188       3       Many::m1581 (14 bytes)
2417 4189       4       Many::m1581 (14 bytes)
2417 4188       3       Many::m1581 (14 bytes)   made not entrant: not used
2418 4190       3       Many::m1582 (14 bytes)
2418 4191       4       Many::m1582 (14 bytes)
2418 4190       3       Many::m1582 (14 bytes)   made not entrant: not used
2420 4192       3       Many::m1583 (14 bytes)
2420 4193       4       Many::m1583 (14 bytes)
2420 4192       3       Many::m1583 (14 bytes)   made not entrant: not used
2421 4194       3       Many::m1584 (14 bytes)
2421 4195       4       Many::m1584 (14 bytes)
2421 4194       3       Many::m1584 (14 bytes)   made not entrant: not used
2423 4196       3       Many::m1585 (14 bytes)
2423 4197       4       Many::m1585 (14 bytes)
2423 4196       3       Many::m1585 (14 bytes)   made not entrant: not used
2424 4198       3       Many::m1586 (14 bytes)
2424 4199       4       Many::m1586 (14 bytes)
2424 4198       3       Many::m1586 (14 bytes)   made not entrant: not used
2425 4200       3       Many::m1587 (14 bytes)
2426 4201       4       Many::m1587 (14 bytes)
2426 4200       3       Many::m1587 (14 bytes)   made not entrant: not used
2427 4202       3       Many::m1588 (14 bytes)
2427 4203       4       Many::m1588 (14 bytes)
2427 4202       3       Many::m1588 (14 bytes)   made not entrant: not used
2428 4204       3       Many::m1589 (14 bytes)
2428 4205       4       Many::m1589 (14 bytes)
2429 4204       3       Many::m1589 (14 bytes)   made not entrant: not used
2430 4206       3       Many::m1590 (14 bytes)
2430 4207       4       Many::m1590 (14 bytes)
2430 4206       3       Many::m1590 (14 bytes)   made not entrant: not used
2431 4208       3       Many::m1591 (14 bytes)
2431 4209       4       Many::m1591 (14 bytes)
2431 4208       3       Many::m1591 (14 bytes)   made not entrant: not used
2433 4210       3       Many::m1592 (14 bytes)
2433 4211       4       Many::m1592 (14 bytes)
2433 4210       3       Many::m1592 (14 bytes)   made not entrant: not used
2434 4212       3       Many::m1593 (14 bytes)
2434 4213       4       Many::m1593 (14 bytes)
2434 4212       3       Many::m1593 (14 bytes)   made not entrant: not used
2436 4214       3       Many::m1594 (14 bytes)
2436 4215       4       Many::m1594 (14 bytes)
2436 4214       3       Many::m1594 (14 bytes)   made not entrant: not used
2437 4216       3       Many::m1595 (14 bytes)
2437 4217       4       Many::m1595 (14 bytes)
2437 4216       3       Many::m1595 (14 bytes)   made not entrant: not used
2438 4218       3       Many::m1596 (14 bytes)
2438 4219       4       Many::m1596 (14 bytes)
2439 4218       3       Many::m1596 (14 bytes)   made not entrant: not used
2440 4220       3       Many::m1597 (14 bytes)
2440 4221       4       Many::m1597 (14 bytes)
2440 4220       3       Many::m1597 (14 bytes)   made not entrant: not used
2441 4222       3       Many::m1598 (14 bytes)
2442 4223       4       Many::m1598 (14 bytes)
2442 4222       3       Many::m1598 (14 bytes)   made not entrant: not used
2443 4224       3       Many::m1599 (14 bytes)
2443 4225       4       Many::m1599 (14 bytes)
2443 4224       3       Many::m1599 (14 bytes)   made not entrant: not used
2444 4226       3       Many::m1600 (14 bytes)
2444 4227       4       Many::m1600 (14 bytes)
2445 4226       3       Many::m1600 (14 bytes)   made not entrant: not used
2446 4228       3       Many::m1601 (14 bytes)
2446 4229       4       Many::m1601 (14 bytes)
2446 4228       3       Many::m1601 (14 bytes)   made not entrant: not used
2447 4230       3       Many::m1602 (14 bytes)
2447 4231       4       Many::m1602 (14 bytes)
2447 4230       3       Many::m1602 (14 bytes)   made not entrant: not used
2449 4232       3       Many::m1603 (14 bytes)
2449 4233       4       Many::m1603 (14 bytes)
2449 4232       3       Many::m1603 (14 bytes)   made not entrant: not used
2450 4234       3       Many::m1604 (14 bytes)
2450 4235       4       Many::m1604 (14 bytes)
2450 4234       3       Many::m1604 (14 bytes)   made not entrant: not used
2452 4236       3       Many::m1605 (14 bytes)
2452 4237       4       Many::m1605 (14 bytes)
2452 4236       3       Many::m1605 (14 bytes)   made not entrant: not used
2453 4238       3       Many::m1606 (14 bytes)
2453 4239       4       Many::m1606 (14 bytes)
2453 4238       3       Many::m1606 (14 bytes)   made not entrant: not used
2454 4240       3       Many::m1607 (14 bytes)
2455 4241       4       Many::m1607 (14 bytes)
2455 4240       3       Many::m1607 (14 bytes)   made not entrant: not used
2456 4242       3       Many::m1608 (14 bytes)
2456 4243       4       Many::m1608 (14 bytes)
2456 4242       3       Many::m1608 (14 bytes)   made not entrant: not used
2458 4244       3       Many::m1609 (14 bytes)
2458 4245       4       Many::m1609 (14 bytes)
2458 4244       3       Many::m1609 (14 bytes)   made not entrant: not used
2459 4246       3       Many::m1610 (14 bytes)
2459 4247       4       Many::m1610 (14 bytes)
2459 4246       3       Many::m1610 (14 bytes)   made not entrant: not used
2460 4248       3       Many::m1611 (14 bytes)
2461 4249       4       Many::m1611 (14 bytes)
2461 4248       3       Many::m1611 (14 bytes)   made not entrant: not used
2462 4250       3       Many::m1612 (14 bytes)
2462 4251       4       Many::m1612 (14 bytes)
2462 4250       3       Many::m1612 (14 bytes)   made not entrant: not used
2463 4252       3       Many::m1613 (14 bytes)
2463 4253       4       Many::m1613 (14 bytes)
2464 4252       3       Many::m1613 (14 bytes)   made not entrant: not used
2465 4254       3       Many::m1614 (14 bytes)
2465 4255       4       Many::m1614 (14 bytes)
2465 4254       3       Many::m1614 (14 bytes)   made not entrant: not used
2466 4256       3       Many::m1615 (14 bytes)
2466 4257       4       Many::m1615 (14 bytes)
2466 4256       3       Many::m1615 (14 bytes)   made not entrant: not used
2468 4258       3       Many::m1616 (14 bytes)
2468 4259       4       Many::m1616 (14 bytes)
2468 4258       3       Many::m1616 (14 bytes)   made not entrant: not used
2469 4260       3       Many::m1617 (14 bytes)
2469 4261       4       Many::m1617 (14 bytes)
2469 4260       3       Many::m1617 (14 bytes)   made not entrant: not used
2470 4262       3       Many::m1618 (14 bytes)
2471 4263       4       Many::m1618 (14 bytes)
2471 4262       3       Many::m1618 (14 bytes)   made not entrant: not used
2472 4264       3       Many::m1619 (14 bytes)
2472 4265       4       Many::m1619 (14 bytes)
2472 4264       3       Many::m1619 (14 bytes)   made not entrant: not used
2473 4266       3       Many::m1620 (14 bytes)
2474 4267       4       Many::m1620 (14 bytes)
2474 4266       3       Many::m1620 (14 bytes)   made not entrant: not used
2475 4268       3       Many::m1621 (14 bytes)
2475 4269       4       Many::m1621 (14 bytes)
2475 4268       3       Many::m1621 (14 bytes)   made not entrant: not used
2476 4270       3       Many::m1622 (14 bytes)
2477 4271       4       Many::m1622 (14 bytes)
2477 4270       3       Many::m1622 (14 bytes)   made not entrant: not used
2478 4272       3       Many::m1623 (14 bytes)
2478 4273       4       Many::m1623 (14 bytes)
2478 4272       3       Many::m1623 (14 bytes)   made not entrant: not used
2479 4274       3       Many::m1624 (14 bytes)
2479 4275       4       Many::m1624 (14 bytes)
2479 4274       3       Many::m1624 (14 bytes)   made not entrant: not used
2481 4276       3       Many::m1625 (14 bytes)
2481 4277       4       Many::m1625 (14 bytes)
2481 4276       3       Many::m1625 (14 bytes)   made not entrant: not used
2482 4278       3       Many::m1626 (14 bytes)
2482 4279       4       Many::m1626 (14 bytes)
2482 4278       3       Many::m1626 (14 bytes)   made not entrant: not used
2484 4280       3       Many::m1627 (14 bytes)
2484 4281       4       Many::m1627 (14 bytes)
2484 4280       3       Many::m1627 (14 bytes)   made not entrant: not used
2485 4282       3       Many::m1628 (14 bytes)
2485 4283       4       Many::m1628 (14 bytes)
2485 4282       3       Many::m1628 (14 bytes)   made not entrant: not used
2486 4284       3       Many::m1629 (14 bytes)
2487 4285       4       Many::m1629 (14 bytes)
2487 4284       3       Many::m1629 (14 bytes)   made not entrant: not used
2488 4286       3       Many::m1630 (14 bytes)
2488 4287       4       Many::m1630 (14 bytes)
2488 4286       3       Many::m1630 (14 bytes)   made not entrant: not used
2489 4288       3       Many::m1631 (14 bytes)
2489 4289       4       Many::m1631 (14 bytes)
2490 4288       3       Many::m1631 (14 bytes)   made not entrant: not used
2491 4290       3       Many::m1632 (14 bytes)
2491 4291       4       Many::m1632 (14 bytes)
2491 4290       3       Many::m1632 (14 bytes)   made not entrant: not used
2492 4292       3       Many::m1633 (14 bytes)
2492 4293       4       Many::m1633 (14 bytes)
2492 4292       3       Many::m1633 (14 bytes)   made not entrant: not used
2494 4294       3       Many::m1634 (14 bytes)
2494 4295       4       Many::m1634 (14 bytes)
2494 4294       3       Many::m1634 (14 bytes)   made not entrant: not used
2495 4296       3       Many::m1635 (14 bytes)
2495 4297       4       Many::m1635 (14 bytes)
2495 4296       3       Many::m1635 (14 bytes)   made not entrant: not used
2497 4298       3       Many::m1636 (14 bytes)
2497 4299       4       Many::m1636 (14 bytes)
2497 4298       3       Many::m1636 (14 bytes)   made not entrant: not used
2498 4300       3       Many::m1637 (14 bytes)
2498 4301       4       Many::m1637 (14 bytes)
2498 4300       3       Many::m1637 (14 bytes)   made not entrant: not used
2499 4302       3       Many::m1638 (14 bytes)
2500 4303       4       Many::m1638 (14 bytes)
2500 4302       3       Many::m1638 (14 bytes)   made not entrant: not used
2501 4304       3       Many::m1639 (14 bytes)
2501 4305       4       Many::m1639 (14 bytes)
2501 4304       3       Many::m1639 (14 bytes)   made not entrant: not used
2502 4306       3       Many::m1640 (14 bytes)
2502 4307       4       Many::m1640 (14 bytes)
2502 4306       3       Many::m1640 (14 bytes)   made not entrant: not used
2504 4308       3       Many::m1641 (14 bytes)
2504 4309       4       Many::m1641 (14 bytes)
2504 4308       3       Many::m1641 (14 bytes)   made not entrant: not used
2505 4310       3       Many::m1642 (14 bytes)
2505 4311       4       Many::m1642 (14 bytes)
2505 4310       3       Many::m1642 (14 bytes)   made not entrant: not used
2507 4312       3       Many::m1643 (14 bytes)
2507 4313       4       Many::m1643 (14 bytes)
2507 4312       3       Many::m1643 (14 bytes)   made not entrant: not used
2508 4314       3       Many::m1644 (14 bytes)
2508 4315       4       Many::m1644 (14 bytes)
2508 4314       3       Many::m1644 (14 bytes)   made not entrant: not used
2510 4316       3       Many::m1645 (14 bytes)
2510 4317       4       Many::m1645 (14 bytes)
2510 4316       3       Many::m1645 (14 bytes)   made not entrant: not used
2511 4318       3       Many::m1646 (14 bytes)
2511 4319       4       Many::m1646 (14 bytes)
2511 4318       3       Many::m1646 (14 bytes)   made not entrant: not used
2512 4320       3       Many::m1647 (14 bytes)
2513 4321       4       Many::m1647 (14 bytes)
2513 4320       3       Many::m1647 (14 bytes)   made not entrant: not used
2514 4322       3       Many::m1648 (14 bytes)
2514 4323       4       Many::m1648 (14 bytes)
2514 4322       3       Many::m1648 (14 bytes)   made not entrant: not used
2515 4324       3       Many::m1649 (14 bytes)
2515 4325       4       Many::m1649 (14 bytes)
2515 4324       3       Many::m1649 (14 bytes)   made not entrant: not used
2517 4326       3       Many::m1650 (14 bytes)
2517 4327       4       Many::m1650 (14 bytes)
2517 4326       3       Many::m1650 (14 bytes)   made not entrant: not used
2518 4328       3       Many::m1651 (14 bytes)
2518 4329       4       Many::m1651 (14 bytes)
2518 4328       3       Many::m1651 (14 bytes)   made not entrant: not used
2520 4330       3       Many::m1652 (14 bytes)
2520 4331       4       Many::m1652 (14 bytes)
2520 4330       3       Many::m1652 (14 bytes)   made not entrant: not used
2521 4332       3       Many::m1653 (14 bytes)
2521 4333       4       Many::m1653 (14 bytes)
2521 4332       3       Many::m1653 (14 bytes)   made not entrant: not used
2523 4334       3       Many::m1654 (14 bytes)
2523 4335       4       Many::m1654 (14 bytes)
2523 4334       3       Many::m1654 (14 bytes)   made not entrant: not used
2524 4336       3       Many::m1655 (14 bytes)
2524 4337       4       Many::m1655 (14 bytes)
2524 4336       3       Many::m1655 (14 bytes)   made not entrant: not used
2526 4338       3       Many::m1656 (14 bytes)
2526 4339       4       Many::m1656 (14 bytes)
2526 4338       3       Many::m1656 (14 bytes)   made not entrant: not used
2527 4340       3       Many::m1657 (14 bytes)
2527 4341       4       Many::m1657 (14 bytes)
2527 4340       3       Many::m1657 (14 bytes)   made not entrant: not used
2528 4342       3       Many::m1658 (14 bytes)
2529 4343       4       Many::m1658 (14 bytes)
2529 4342       3       Many::m1658 (14 bytes)   made not entrant: not used
2530 4344       3       Many::m1659 (14 bytes)
2530 4345       4       Many::m1659 (14 bytes)
2530 4344       3       Many::m1659 (14 bytes)   made not entrant: not used
2531 4346       3       Many::m1660 (14 bytes)
2531 4347       4       Many::m1660 (14 bytes)
2531 4346       3       Many::m1660 (14 bytes)   made not entrant: not used
2533 4348       3       Many::m1661 (14 bytes)
2533 4349       4       Many::m1661 (14 bytes)
2533 4348       3       Many::m1661 (14 bytes)   made not entrant: not used
2534 4350       3       Many::m1662 (14 bytes)
2534 4351       4       Many::m1662 (14 bytes)
2534 4350       3       Many::m1662 (14 bytes)   made not entrant: not used
2536 4352       3       Many::m1663 (14 bytes)
2536 4353       4       Many::m1663 (14 bytes)
2536 4352       3       Many::m1663 (14 bytes)   made not entrant: not used
2537 4354       3       Many::m1664 (14 bytes)
2537 4355       4       Many::m1664 (14 bytes)
2537 4354       3       Many::m1664 (14 bytes)   made not entrant: not used
2538 4356       3       Many::m1665 (14 bytes)
2539 4357       4       Many::m1665 (14 bytes)
2539 4356       3       Many::m1665 (14 bytes)   made not entrant: not used
2540 4358       3       Many::m1666 (14 bytes)
2540 4359       4       Many::m1666 (14 bytes)
2540 4358       3       Many::m1666 (14 bytes)   made not entrant: not used
2541 4360       3       Many::m1667 (14 bytes)
2542 4361       4       Many::m1667 (14 bytes)
2542 4360       3       Many::m1667 (14 bytes)   made not entrant: not used
2543 4362       3       Many::m1668 (14 bytes)
2543 4363       4       Many::m1668 (14 bytes)
2543 4362       3       Many::m1668 (14 bytes)   made not entrant: not used
2544 4364       3       Many::m1669 (14 bytes)
2544 4365       4       Many::m1669 (14 bytes)
2545 4364       3       Many::m1669 (14 bytes)   made not entrant: not used
2546 4366       3       Many::m1670 (14 bytes)
2546 4367       4       Many::m1670 (14 bytes)
2546 4366       3       Many::m1670 (14 bytes)   made not entrant: not used
2547 4368       3       Many::m1671 (14 bytes)
2547 4369       4       Many::m1671 (14 bytes)
2548 4368       3       Many::m1671 (14 bytes)   made not entrant: not used
2549 4370       3       Many::m1672 (14 bytes)
2549 4371       4       Many::m1672 (14 bytes)
2549 4370       3       Many::m1672 (14 bytes)   made not entrant: not used
2550 4372       3       Many::m1673 (14 bytes)
2550 4373       4       Many::m1673 (14 bytes)
2550 4372       3       Many::m1673 (14 bytes)   made not entrant: not used
2552 4374       3       Many::m1674 (14 bytes)
2552 4375       4       Many::m1674 (14 bytes)
2552 4374       3       Many::m1674 (14 bytes)   made not entrant: not used
2553 4376       3       Many::m1675 (14 bytes)
2553 4377       4       Many::m1675 (14 bytes)
2553 4376       3       Many::m1675 (14 bytes)   made not entrant: not used
2554 4378       3       Many::m1676 (14 bytes)
2555 4379       4       Many::m1676 (14 bytes)
2555 4378       3       Many::m1676 (14 bytes)   made not entrant: not used
2556 4380       3       Many::m1677 (14 bytes)
2556 4381       4       Many::m1677 (14 bytes)
2556 4380       3       Many::m1677 (14 bytes)   made not entrant: not used
2557 4382       3       Many::m1678 (14 bytes)
2558 4383       4       Many::m1678 (14 bytes)
2558 4382       3       Many::m1678 (14 bytes)   made not entrant: not used
2559 4384       3       Many::m1679 (14 bytes)
2559 4385       4       Many::m1679 (14 bytes)
2559 4384       3       Many::m1679 (14 bytes)   made not entrant: not used
2560 4386       3       Many::m1680 (14 bytes)
2560 4387       4       Many::m1680 (14 bytes)
2561 4386       3       Many::m1680 (14 bytes)   made not entrant: not used
2562 4388       3       Many::m1681 (14 bytes)
2562 4389       4       Many::m1681 (14 bytes)
2562 4388       3       Many::m1681 (14 bytes)   made not entrant: not used
2563 4390       3       Many::m1682 (14 bytes)
2563 4391       4       Many::m1682 (14 bytes)
2563 4390       3       Many::m1682 (14 bytes)   made not entrant: not used
2565 4392       3       Many::m1683 (14 bytes)
2565 4393       4       Many::m1683 (14 bytes)
2565 4392       3       Many::m1683 (14 bytes)   made not entrant: not used
2566 4394       3       Many::m1684 (14 bytes)
2566 4395       4       Many::m1684 (14 bytes)
2566 4394       3       Many::m1684 (14 bytes)   made not entrant: not used
2568 4396       3       Many::m1685 (14 bytes)
2568 4397       4       Many::m1685 (14 bytes)
2568 4396       3       Many::m1685 (14 bytes)   made not entrant: not used
2569 4398       3       Many::m1686 (14 bytes)
2569 4399       4       Many::m1686 (14 bytes)
2569 4398       3       Many::m1686 (14 bytes)   made not entrant: not used
2570 4400       3       Many::m1687 (14 bytes)
2570 4401       4       Many::m1687 (14 bytes)
2571 4400       3       Many::m1687 (14 bytes)   made not entrant: not used
2572 4402       3       Many::m1688 (14 bytes)
2572 4403       4       Many::m1688 (14 bytes)
2572 4402       3       Many::m1688 (14 bytes)   made not entrant: not used
2573 4404       3       Many::m1689 (14 bytes)
2573 4405       4       Many::m1689 (14 bytes)
2574 4404       3       Many::m1689 (14 bytes)   made not entrant: not used
2575 4406       3       Many::m1690 (14 bytes)
2575 4407       4       Many::m1690 (14 bytes)
2575 4406       3       Many::m1690 (14 bytes)   made not entrant: not used
2576 4408       3       Many::m1691 (14 bytes)
2576 4409       4       Many::m1691 (14 bytes)
2576 4408       3       Many::m1691 (14 bytes)   made not entrant: not used
2578 4410       3       Many::m1692 (14 bytes)
2578 4411       4       Many::m1692 (14 bytes)
2578 4410       3       Many::m1692 (14 bytes)   made not entrant: not used
2579 4412       3       Many::m1693 (14 bytes)
2579 4413       4       Many::m1693 (14 bytes)
2579 4412       3       Many::m1693 (14 bytes)   made not entrant: not used
2581 4414       3       Many::m1694 (14 bytes)
2581 4415       4       Many::m1694 (14 bytes)
2581 4414       3       Many::m1694 (14 bytes)   made not entrant: not used
2582 4416       3       Many::m1695 (14 bytes)
2582 4417       4       Many::m1695 (14 bytes)
2582 4416       3       Many::m1695 (14 bytes)   made not entrant: not used
2583 4418       3       Many::m1696 (14 bytes)
2583 4419       4       Many::m1696 (14 bytes)
2584 4418       3       Many::m1696 (14 bytes)   made not entrant: not used
2585 4420       3       Many::m1697 (14 bytes)
2585 4421       4       Many::m1697 (14 bytes)
2585 4420       3       Many::m1697 (14 bytes)   made not entrant: not used
2586 4422       3       Many::m1698 (14 bytes)
2586 4423       4       Many::m1698 (14 bytes)
2586 4422       3       Many::m1698 (14 bytes)   made not entrant: not used
2588 4424       3       Many::m1699 (14 bytes)
2588 4425       4       Many::m1699 (14 bytes)
2588 4424       3       Many::m1699 (14 bytes)   made not entrant: not used
2589 4426       3       Many::m1700 (14 bytes)
2589 4427       4       Many::m1700 (14 bytes)
2589 4426       3       Many::m1700 (14 bytes)   made not entrant: not used
2591 4428       3       Many::m1701 (14 bytes)
2591 4429       4       Many::m1701 (14 bytes)
2591 4428       3       Many::m1701 (14 bytes)   made not entrant: not used
2592 4430       3       Many::m1702 (14 bytes)
2592 4431       4       Many::m1702 (14 bytes)
2592 4430       3       Many::m1702 (14 bytes)   made not entrant: not used
2594 4432       3       Many::m1703 (14 bytes)
2594 4433       4       Many::m1703 (14 bytes)
2594 4432       3       Many::m1703 (14 bytes)   made not entrant: not used
2595 4434       3       Many::m1704 (14 bytes)
2595 4435       4       Many::m1704 (14 bytes)
2595 4434       3       Many::m1704 (14 bytes)   made not entrant: not used
2597 4436       3       Many::m1705 (14 bytes)
2597 4437       4       Many::m1705 (14 bytes)
2597 4436       3       Many::m1705 (14 bytes)   made not entrant: not used
2598 4438       3       Many::m1706 (14 bytes)
2598 4439       4       Many::m1706 (14 bytes)
2598 4438       3       Many::m1706 (14 bytes)   made not entrant: not used
2599 4440       3       Many::m1707 (14 bytes)
2599 4441       4       Many::m1707 (14 bytes)
2600 4440       3       Many::m1707 (14 bytes)   made not entrant: not used
2601 4442       3       Many::m1708 (14 bytes)
2601 4443       4       Many::m1708 (14 bytes)
2601 4442       3       Many::m1708 (14 bytes)   made not entrant: not used
2602 4444       3       Many::m1709 (14 bytes)
2602 4445       4       Many::m1709 (14 bytes)
2602 4444       3       Many::m1709 (14 bytes)   made not entrant: not used
2604 4446       3       Many::m1710 (14 bytes)
2604 4447       4       Many::m1710 (14 bytes)
2604 4446       3       Many::m1710 (14 bytes)   made not entrant: not used
2605 4448       3       Many::m1711 (14 bytes)
2605 4449       4       Many::m1711 (14 bytes)
2605 4448       3       Many::m1711 (14 bytes)   made not entrant: not used
2607 4450       3       Many::m1712 (14 bytes)
2607 4451       4       Many::m1712 (14 bytes)
2607 4450       3       Many::m1712 (14 bytes)   made not entrant: not used
2608 4452       3       Many::m1713 (14 bytes)
2608 4453       4       Many::m1713 (14 bytes)
2608 4452       3       Many::m1713 (14 bytes)   made not entrant: not used
2609 4454       3       Many::m1714 (14 bytes)
2610 4455       4       Many::m1714 (14 bytes)
2610 4454       3       Many::m1714 (14 bytes)   made not entrant: not used
2611 4456       3       Many::m1715 (14 bytes)
2611 4457       4       Many::m1715 (14 bytes)
2611 4456       3       Many::m1715 (14 bytes)   made not entrant: not used
2612 4458       3       Many::m1716 (14 bytes)
2612 4459       4       Many::m1716 (14 bytes)
2613 4458       3       Many::m1716 (14 bytes)   made not entrant: not used
2614 4460       3       Many::m1717 (14 bytes)
2614 4461       4       Many::m1717 (14 bytes)
2614 4460       3       Many::m1717 (14 bytes)   made not entrant: not used
2615 4462       3       Many::m1718 (14 bytes)
2615 4463       4       Many::m1718 (14 bytes)
2615 4462       3       Many::m1718 (14 bytes)   made not entrant: not used
2617 4464       3       Many::m1719 (14 bytes)
2617 4465       4       Many::m1719 (14 bytes)
2617 4464       3       Many::m1719 (14 bytes)   made not entrant: not used
2618 4466       3       Many::m1720 (14 bytes)
2618 4467       4       Many::m1720 (14 bytes)
2618 4466       3       Many::m1720 (14 bytes)   made not entrant: not used
2619 4468       3       Many::m1721 (14 bytes)
2620 4469       4       Many::m1721 (14 bytes)
2620 4468       3       Many::m1721 (14 bytes)   made not entrant: not used
2621 4470       3       Many::m1722 (14 bytes)
2621 4471       4       Many::m1722 (14 bytes)
2621 4470       3       Many::m1722 (14 bytes)   made not entrant: not used
2622 4472       3       Many::m1723 (14 bytes)
2623 4473       4       Many::m1723 (14 bytes)
2623 4472       3       Many::m1723 (14 bytes)   made not entrant: not used
2624 4474       3       Many::m1724 (14 bytes)
2624 4475       4       Many::m1724 (14 bytes)
2624 4474       3       Many::m1724 (14 bytes)   made not entrant: not used
2625 4476       3       Many::m1725 (14 bytes)
2625 4477       4       Many::m1725 (14 bytes)
2626 4476       3       Many::m1725 (14 bytes)   made not entrant: not used
2627 4478       3       Many::m1726 (14 bytes)
2627 4479       4       Many::m1726 (14 bytes)
2627 4478       3       Many::m1726 (14 bytes)   made not entrant: not used
2628 4480       3       Many::m1727 (14 bytes)
2628 4481       4       Many::m1727 (14 bytes)
2628 4480       3       Many::m1727 (14 bytes)   made not entrant: not used
2630 4482       3       Many::m1728 (14 bytes)
2630 4483       4       Many::m1728 (14 bytes)
2630 4482       3       Many::m1728 (14 bytes)   made not entrant: not used
2631 4484       3       Many::m1729 (14 bytes)
2631 4485       4       Many::m1729 (14 bytes)
2631 4484       3       Many::m1729 (14 bytes)   made not entrant: not used
2632 4486       3       Many::m1730 (14 bytes)
2633 4487       4       Many::m1730 (14 bytes)
2633 4486       3       Many::m1730 (14 bytes)   made not entrant: not used
2634 4488       3       Many::m1731 (14 bytes)
2634 4489       4       Many::m1731 (14 bytes)
2634 4488       3       Many::m1731 (14 bytes)   made not entrant: not used
2635 4490       3       Many::m1732 (14 bytes)
2635 4491       4       Many::m1732 (14 bytes)
2635 4490       3       Many::m1732 (14 bytes)   made not entrant: not used
2637 4492       3       Many::m1733 (14 bytes)
2637 4493       4       Many::m1733 (14 bytes)
2637 4492       3       Many::m1733 (14 bytes)   made not entrant: not used
2638 4494       3       Many::m1734 (14 bytes)
2638 4495       4       Many::m1734 (14 bytes)
2638 4494       3       Many::m1734 (14 bytes)   made not entrant: not used
2640 4496       3       Many::m1735 (14 bytes)
2640 4497       4       Many::m1735 (14 bytes)
2640 4496       3       Many::m1735 (14 bytes)   made not entrant: not used
2641 4498       3       Many::m1736 (14 bytes)
2641 4499       4       Many::m1736 (14 bytes)
2642 4498       3       Many::m1736 (14 bytes)   made not entrant: not used
2643 4500       3       Many::m1737 (14 bytes)
2643 4501       4       Many::m1737 (14 bytes)
2643 4500       3       Many::m1737 (14 bytes)   made not entrant: not used
2644 4502       3       Many::m1738 (14 bytes)
2644 4503       4       Many::m1738 (14 bytes)
2644 4502       3       Many::m1738 (14 bytes)   made not entrant: not used
2646 4504       3       Many::m1739 (14 bytes)
2646 4505       4       Many::m1739 (14 bytes)
2646 4504       3       Many::m1739 (14 bytes)   made not entrant: not used
2647 4506       3       Many::m1740 (14 bytes)
2647 4507       4       Many::m1740 (14 bytes)
2647 4506       3       Many::m1740 (14 bytes)   made not entrant: not used
2648 4508       3       Many::m1741 (14 bytes)
2649 4509       4       Many::m1741 (14 bytes)
2649 4508       3       Many::m1741 (14 bytes)   made not entrant: not used
2650 4510       3       Many::m1742 (14 bytes)
2650 4511       4       Many::m1742 (14 bytes)
2650 4510       3       Many::m1742 (14 bytes)   made not entrant: not used
2651 4512       3       Many::m1743 (14 bytes)
2651 4513       4       Many::m1743 (14 bytes)
2652 4512       3       Many::m1743 (14 bytes)   made not entrant: not used
2653 4514       3       Many::m1744 (14 bytes)
2653 4515       4       Many::m1744 (14 bytes)
2653 4514       3       Many::m1744 (14 bytes)   made not entrant: not used
2654 4516       3       Many::m1745 (14 bytes)
2654 4517       4       Many::m1745 (14 bytes)
2654 4516       3       Many::m1745 (14 bytes)   made not entrant: not used
2656 4518       3       Many::m1746 (14 bytes)
2656 4519       4       Many::m1746 (14 bytes)
2656 4518       3       Many::m1746 (14 bytes)   made not entrant: not used
2657 4520       3       Many::m1747 (14 bytes)
2657 4521       4       Many::m1747 (14 bytes)
2658 4520       3       Many::m1747 (14 bytes)   made not entrant: not used
2659 4522       3       Many::m1748 (14 bytes)
2659 4523       4       Many::m1748 (14 bytes)
2659 4522       3       Many::m1748 (14 bytes)   made not entrant: not used
2660 4524       3       Many::m1749 (14 bytes)
2660 4525       4       Many::m1749 (14 bytes)
2660 4524       3       Many::m1749 (14 bytes)   made not entrant: not used
2662 4526       3       Many::m1750 (14 bytes)
2662 4527       4       Many::m1750 (14 bytes)
2662 4526       3       Many::m1750 (14 bytes)   made not entrant: not used
2663 4528       3       Many::m1751 (14 bytes)
2663 4529       4       Many::m1751 (14 bytes)
2663 4528       3       Many::m1751 (14 bytes)   made not entrant: not used
2665 4530       3       Many::m1752 (14 bytes)
2665 4531       4       Many::m1752 (14 bytes)
2665 4530       3       Many::m1752 (14 bytes)   made not entrant: not used
2666 4532       3       Many::m1753 (14 bytes)
2666 4533       4       Many::m1753 (14 bytes)
2666 4532       3       Many::m1753 (14 bytes)   made not entrant: not used
2667 4534       3       Many::m1754 (14 bytes)
2667 4535       4       Many::m1754 (14 bytes)
2668 4534       3       Many::m1754 (14 bytes)   made not entrant: not used
2669 4536       3       Many::m1755 (14 bytes)
2669 4537       4       Many::m1755 (14 bytes)
2669 4536       3       Many::m1755 (14 bytes)   made not entrant: not used
2670 4538       3       Many::m1756 (14 bytes)
2670 4539       4       Many::m1756 (14 bytes)
2670 4538       3       Many::m1756 (14 bytes)   made not entrant: not used
2672 4540       3       Many::m1757 (14 bytes)
2672 4541       4       Many::m1757 (14 bytes)
2672 4540       3       Many::m1757 (14 bytes)   made not entrant: not used
2673 4542       3       Many::m1758 (14 bytes)
2673 4543       4       Many::m1758 (14 bytes)
2673 4542       3       Many::m1758 (14 bytes)   made not entrant: not used
2675 4544       3       Many::m1759 (14 bytes)
2675 4545       4       Many::m1759 (14 bytes)
2675 4544       3       Many::m1759 (14 bytes)   made not entrant: not used
2676 4546       3       Many::m1760 (14 bytes)
2676 4547       4       Many::m1760 (14 bytes)
2676 4546       3       Many::m1760 (14 bytes)   made not entrant: not used
2678 4548       3       Many::m1761 (14 bytes)
2678 4549       4       Many::m1761 (14 bytes)
2678 4548       3       Many::m1761 (14 bytes)   made not entrant: not used
2679 4550       3       Many::m1762 (14 bytes)
2679 4551       4       Many::m1762 (14 bytes)
2679 4550       3       Many::m1762 (14 bytes)   made not entrant: not used
2680 4552       3       Many::m1763 (14 bytes)
2681 4553       4       Many::m1763 (14 bytes)
2681 4552       3       Many::m1763 (14 bytes)   made not entrant: not used
2682 4554       3       Many::m1764 (14 bytes)
2682 4555       4       Many::m1764 (14 bytes)
2682 4554       3       Many::m1764 (14 bytes)   made not entrant: not used
2683 4556       3       Many::m1765 (14 bytes)
2683 4557       4       Many::m1765 (14 bytes)
2683 4556       3       Many::m1765 (14 bytes)   made not entrant: not used
2685 4558       3       Many::m1766 (14 bytes)
2685 4559       4       Many::m1766 (14 bytes)
2685 4558       3       Many::m1766 (14 bytes)   made not entrant: not used
2686 4560       3       Many::m1767 (14 bytes)
2686 4561       4       Many::m1767 (14 bytes)
2686 4560       3       Many::m1767 (14 bytes)   made not entrant: not used
2688 4562       3       Many::m1768 (14 bytes)
2688 4563       4       Many::m1768 (14 bytes)
2688 4562       3       Many::m1768 (14 bytes)   made not entrant: not used
2689 4564       3       Many::m1769 (14 bytes)
2689 4565       4       Many::m1769 (14 bytes)
2689 4564       3       Many::m1769 (14 bytes)   made not entrant: not used
2691 4566       3       Many::m1770 (14 bytes)
2691 4567       4       Many::m1770 (14 bytes)
2691 4566       3       Many::m1770 (14 bytes)   made not entrant: not used
2692 4568       3       Many::m1771 (14 bytes)
2692 4569       4       Many::m1771 (14 bytes)
2692 4568       3       Many::m1771 (14 bytes)   made not entrant: not used
2693 4570       3       Many::m1772 (14 bytes)
2693 4571       4       Many::m1772 (14 bytes)
2694 4570       3       Many::m1772 (14 bytes)   made not entrant: not used
2695 4572       3       Many::m1773 (14 bytes)
2695 4573       4       Many::m1773 (14 bytes)
2695 4572       3       Many::m1773 (14 bytes)   made not entrant: not used
2696 4574       3       Many::m1774 (14 bytes)
2696 4575       4       Many::m1774 (14 bytes)
2696 4574       3       Many::m1774 (14 bytes)   made not entrant: not used
2698 4576       3       Many::m1775 (14 bytes)
2698 4577       4       Many::m1775 (14 bytes)
2698 4576       3       Many::m1775 (14 bytes)   made not entrant: not used
2699 4578       3       Many::m1776 (14 bytes)
2699 4579       4       Many::m1776 (14 bytes)
2699 4578       3       Many::m1776 (14 bytes)   made not entrant: not used
2700 4580       3       Many::m1777 (14 bytes)
2701 4581       4       Many::m1777 (14 bytes)
2701 4580       3       Many::m1777 (14 bytes)   made not entrant: not used
2702 4582       3       Many::m1778 (14 bytes)
2702 4583       4       Many::m1778 (14 bytes)
2702 4582       3       Many::m1778 (14 bytes)   made not entrant: not used
2703 4584       3       Many::m1779 (14 bytes)
2703 4585       4       Many::m1779 (14 bytes)
2704 4584       3       Many::m1779 (14 bytes)   made not entrant: not used
2705 4586       3       Many::m1780 (14 bytes)
2705 4587       4       Many::m1780 (14 bytes)
2705 4586       3       Many::m1780 (14 bytes)   made not entrant: not used
2706 4588       3       Many::m1781 (14 bytes)
2706 4589       4       Many::m1781 (14 bytes)
2706 4588       3       Many::m1781 (14 bytes)   made not entrant: not used
2708 4590       3       Many::m1782 (14 bytes)
2708 4591       4       Many::m1782 (14 bytes)
2708 4590       3       Many::m1782 (14 bytes)   made not entrant: not used
2709 4592       3       Many::m1783 (14 bytes)
2709 4593       4       Many::m1783 (14 bytes)
2709 4592       3       Many::m1783 (14 bytes)   made not entrant: not used
2711 4594       3       Many::m1784 (14 bytes)
2711 4595       4       Many::m1784 (14 bytes)
2711 4594       3       Many::m1784 (14 bytes)   made not entrant: not used
2712 4596       3       Many::m1785 (14 bytes)
2712 4597       4       Many::m1785 (14 bytes)
2712 4596       3       Many::m1785 (14 bytes)   made not entrant: not used
2714 4598       3       Many::m1786 (14 bytes)
2714 4599       4       Many::m1786 (14 bytes)
2714 4598       3       Many::m1786 (14 bytes)   made not entrant: not used
2715 4600       3       Many::m1787 (14 bytes)
2715 4601       4       Many::m1787 (14 bytes)
2715 4600       3       Many::m1787 (14 bytes)   made not entrant: not used
2716 4602       3       Many::m1788 (14 bytes)
2716 4603       4       Many::m1788 (14 bytes)
2717 4602       3       Many::m1788 (14 bytes)   made not entrant: not used
2718 4604       3       Many::m1789 (14 bytes)
2718 4605       4       Many::m1789 (14 bytes)
2718 4604       3       Many::m1789 (14 bytes)   made not entrant: not used
2719 4606       3       Many::m1790 (14 bytes)
2719 4607       4       Many::m1790 (14 bytes)
2719 4606       3       Many::m1790 (14 bytes)   made not entrant: not used
2721 4608       3       Many::m1791 (14 bytes)
2721 4609       4       Many::m1791 (14 bytes)
2721 4608       3       Many::m1791 (14 bytes)   made not entrant: not used
2722 4610       3       Many::m1792 (14 bytes)
2722 4611       4       Many::m1792 (14 bytes)
2722 4610       3       Many::m1792 (14 bytes)   made not entrant: not used
2724 4612       3       Many::m1793 (14 bytes)
2724 4613       4       Many::m1793 (14 bytes)
2724 4612       3       Many::m1793 (14 bytes)   made not entrant: not used
2725 4614       3       Many::m1794 (14 bytes)
2725 4615       4       Many::m1794 (14 bytes)
2725 4614       3       Many::m1794 (14 bytes)   made not entrant: not used
2727 4616       3       Many::m1795 (14 bytes)
2727 4617       4       Many::m1795 (14 bytes)
2727 4616       3       Many::m1795 (14 bytes)   made not entrant: not used
2728 4618       3       Many::m1796 (14 bytes)
2728 4619       4       Many::m1796 (14 bytes)
2728 4618       3       Many::m1796 (14 bytes)   made not entrant: not used
2729 4620       3       Many::m1797 (14 bytes)
2730 4621       4       Many::m1797 (14 bytes)
2730 4620       3       Many::m1797 (14 bytes)   made not entrant: not used
2731 4622       3       Many::m1798 (14 bytes)
2731 4623       4       Many::m1798 (14 bytes)
2731 4622       3       Many::m1798 (14 bytes)   made not entrant: not used
2732 4624       3       Many::m1799 (14 bytes)
2732 4625       4       Many::m1799 (14 bytes)
2732 4624       3       Many::m1799 (14 bytes)   made not entrant: not used
2734 4626       3       Many::m1800 (14 bytes)
2734 4627       4       Many::m1800 (14 bytes)
2734 4626       3       Many::m1800 (14 bytes)   made not entrant: not used
2735 4628       3       Many::m1801 (14 bytes)
2735 4629       4       Many::m1801 (14 bytes)
2735 4628       3       Many::m1801 (14 bytes)   made not entrant: not used
2737 4630       3       Many::m1802 (14 bytes)
2737 4631       4       Many::m1802 (14 bytes)
2737 4630       3       Many::m1802 (14 bytes)   made not entrant: not used
2738 4632       3       Many::m1803 (14 bytes)
2738 4633       4       Many::m1803 (14 bytes)
2738 4632       3       Many::m1803 (14 bytes)   made not entrant: not used
2740 4634       3       Many::m1804 (14 bytes)
2740 4635       4       Many::m1804 (14 bytes)
2740 4634       3       Many::m1804 (14 bytes)   made not entrant: not used
2741 4636       3       Many::m1805 (14 bytes)
2741 4637       4       Many::m1805 (14 bytes)
2741 4636       3       Many::m1805 (14 bytes)   made not entrant: not used
2742 4638       3       Many::m1806 (14 bytes)
2743 4639       4       Many::m1806 (14 bytes)
2743 4638       3       Many::m1806 (14 bytes)   made not entrant: not used
2744 4640       3       Many::m1807 (14 bytes)
2744 4641       4       Many::m1807 (14 bytes)
2744 4640       3       Many::m1807 (14 bytes)   made not entrant: not used
2745 4642       3       Many::m1808 (14 bytes)
2745 4643       4       Many::m1808 (14 bytes)
2746 4642       3       Many::m1808 (14 bytes)   made not entrant: not used
2747 4644       3       Many::m1809 (14 bytes)
2747 4645       4       Many::m1809 (14 bytes)
2747 4644       3       Many::m1809 (14 bytes)   made not entrant: not used
2748 4646       3       Many::m1810 (14 bytes)
2748 4647       4       Many::m1810 (14 bytes)
2748 4646       3       Many::m1810 (14 bytes)   made not entrant: not used
2750 4648       3       Many::m1811 (14 bytes)
2750 4649       4       Many::m1811 (14 bytes)
2750 4648       3       Many::m1811 (14 bytes)   made not entrant: not used
2751 4650       3       Many::m1812 (14 bytes)
2751 4651       4       Many::m1812 (14 bytes)
2751 4650       3       Many::m1812 (14 bytes)   made not entrant: not used
2752 4652       3       Many::m1813 (14 bytes)
2753 4653       4       Many::m1813 (14 bytes)
2753 4652       3       Many::m1813 (14 bytes)   made not entrant: not used
2754 4654       3       Many::m1814 (14 bytes)
2754 4655       4       Many::m1814 (14 bytes)
2754 4654       3       Many::m1814 (14 bytes)   made not entrant: not used
2755 4656       3       Many::m1815 (14 bytes)
2755 4657       4       Many::m1815 (14 bytes)
2756 4656       3       Many::m1815 (14 bytes)   made not entrant: not used
2757 4658       3       Many::m1816 (14 bytes)
2757 4659       4       Many::m1816 (14 bytes)
2757 4658       3       Many::m1816 (14 bytes)   made not entrant: not used
2758 4660       3       Many::m1817 (14 bytes)
2758 4661       4       Many::m1817 (14 bytes)
2758 4660       3       Many::m1817 (14 bytes)   made not entrant: not used
2760 4662       3       Many::m1818 (14 bytes)
2760 4663       4       Many::m1818 (14 bytes)
2760 4662       3       Many::m1818 (14 bytes)   made not entrant: not used
2761 4664       3       Many::m1819 (14 bytes)
2761 4665       4       Many::m1819 (14 bytes)
2761 4664       3       Many::m1819 (14 bytes)   made not entrant: not used
2763 4666       3       Many::m1820 (14 bytes)
2763 4667       4       Many::m1820 (14 bytes)
2763 4666       3       Many::m1820 (14 bytes)   made not entrant: not used
2764 4668       3       Many::m1821 (14 bytes)
2764 4669       4       Many::m1821 (14 bytes)
2764 4668       3       Many::m1821 (14 bytes)   made not entrant: not used
2765 4670       3       Many::m1822 (14 bytes)
2766 4671       4       Many::m1822 (14 bytes)
2766 4670       3       Many::m1822 (14 bytes)   made not entrant: not used
2767 4672       3       Many::m1823 (14 bytes)
2767 4673       4       Many::m1823 (14 bytes)
2767 4672       3       Many::m1823 (14 bytes)   made not entrant: not used
2768 4674       3       Many::m1824 (14 bytes)
2768 4675       4       Many::m1824 (14 bytes)
2768 4674       3       Many::m1824 (14 bytes)   made not entrant: not used
2770 4676       3       Many::m1825 (14 bytes)
2770 4677       4       Many::m1825 (14 bytes)
2770 4676       3       Many::m1825 (14 bytes)   made not entrant: not used
2771 4678       3       Many::m1826 (14 bytes)
2771 4679       4       Many::m1826 (14 bytes)
2771 4678       3       Many::m1826 (14 bytes)   made not entrant: not used
2773 4680       3       Many::m1827 (14 bytes)
2773 4681       4       Many::m1827 (14 bytes)
2773 4680       3       Many::m1827 (14 bytes)   made not entrant: not used
2774 4682       3       Many::m1828 (14 bytes)
2774 4683       4       Many::m1828 (14 bytes)
2774 4682       3       Many::m1828 (14 bytes)   made not entrant: not used
2776 4684       3       Many::m1829 (14 bytes)
2776 4685       4       Many::m1829 (14 bytes)
2776 4684       3       Many::m1829 (14 bytes)   made not entrant: not used
2777 4686       3       Many::m1830 (14 bytes)
2777 4687       4       Many::m1830 (14 bytes)
2777 4686       3       Many::m1830 (14 bytes)   made not entrant: not used
2779 4688       3       Many::m1831 (14 bytes)
2779 4689       4       Many::m1831 (14 bytes)
2779 4688       3       Many::m1831 (14 bytes)   made not entrant: not used
2780 4690       3       Many::m1832 (14 bytes)
2780 4691       4       Many::m1832 (14 bytes)
2780 4690       3       Many::m1832 (14 bytes)   made not entrant: not used
2782 4692       3       Many::m1833 (14 bytes)
2782 4693       4       Many::m1833 (14 bytes)
2782 4692       3       Many::m1833 (14 bytes)   made not entrant: not used
2783 4694       3       Many::m1834 (14 bytes)
2783 4695       4       Many::m1834 (14 bytes)
2783 4694       3       Many::m1834 (14 bytes)   made not entrant: not used
2784 4696       3       Many::m1835 (14 bytes)
2784 4697       4       Many::m1835 (14 bytes)
2785 4696       3       Many::m1835 (14 bytes)   made not entrant: not used
2786 4698       3       Many::m1836 (14 bytes)
2786 4699       4       Many::m1836 (14 bytes)
2786 4698       3       Many::m1836 (14 bytes)   made not entrant: not used
2787 4700       3       Many::m1837 (14 bytes)
2787 4701       4       Many::m1837 (14 bytes)
2787 4700       3       Many::m1837 (14 bytes)   made not entrant: not used
2789 4702       3       Many::m1838 (14 bytes)
2789 4703       4       Many::m1838 (14 bytes)
2789 4702       3       Many::m1838 (14 bytes)   made not entrant: not used
2790 4704       3       Many::m1839 (14 bytes)
2790 4705       4       Many::m1839 (14 bytes)
2790 4704       3       Many::m1839 (14 bytes)   made not entrant: not used
2792 4706       3       Many::m1840 (14 bytes)
2792 4707       4       Many::m1840 (14 bytes)
2792 4706       3       Many::m1840 (14 bytes)   made not entrant: not used
2793 4708       3       Many::m1841 (14 bytes)
2793 4709       4       Many::m1841 (14 bytes)
2793 4708       3       Many::m1841 (14 bytes)   made not entrant: not used
2795 4710       3       Many::m1842 (14 bytes)
2795 4711       4       Many::m1842 (14 bytes)
2795 4710       3       Many::m1842 (14 bytes)   made not entrant: not used
2796 4712       3       Many::m1843 (14 bytes)
2796 4713       4       Many::m1843 (14 bytes)
2796 4712       3       Many::m1843 (14 bytes)   made not entrant: not used
2797 4714       3       Many::m1844 (14 bytes)
2797 4715       4       Many::m1844 (14 bytes)
2798 4714       3       Many::m1844 (14 bytes)   made not entrant: not used
2799 4716       3       Many::m1845 (14 bytes)
2799 4717       4       Many::m1845 (14 bytes)
2799 4716       3       Many::m1845 (14 bytes)   made not entrant: not used
2800 4718       3       Many::m1846 (14 bytes)
2800 4719       4       Many::m1846 (14 bytes)
2800 4718       3       Many::m1846 (14 bytes)   made not entrant: not used
2802 4720       3       Many::m1847 (14 bytes)
2802 4721       4       Many::m1847 (14 bytes)
2802 4720       3       Many::m1847 (14 bytes)   made not entrant: not used
2803 4722       3       Many::m1848 (14 bytes)
2803 4723       4       Many::m1848 (14 bytes)
2803 4722       3       Many::m1848 (14 bytes)   made not entrant: not used
2805 4724       3       Many::m1849 (14 bytes)
2805 4725       4       Many::m1849 (14 bytes)
2805 4724       3       Many::m1849 (14 bytes)   made not entrant: not used
2806 4726       3       Many::m1850 (14 bytes)
2806 4727       4       Many::m1850 (14 bytes)
2806 4726       3       Many::m1850 (14 bytes)   made not entrant: not used
2808 4728       3       Many::m1851 (14 bytes)
2808 4729       4       Many::m1851 (14 bytes)
2808 4728       3       Many::m1851 (14 bytes)   made not entrant: not used
2809 4730       3       Many::m1852 (14 bytes)
2809 4731       4       Many::m1852 (14 bytes)
2809 4730       3       Many::m1852 (14 bytes)   made not entrant: not used
2810 4732       3       Many::m1853 (14 bytes)
2810 4733       4       Many::m1853 (14 bytes)
2811 4732       3       Many::m1853 (14 bytes)   made not entrant: not used
2812 4734       3       Many::m1854 (14 bytes)
2812 4735       4       Many::m1854 (14 bytes)
2812 4734       3       Many::m1854 (14 bytes)   made not entrant: not used
2813 4736       3       Many::m1855 (14 bytes)
2813 4737       4       Many::m1855 (14 bytes)
2813 4736       3       Many::m1855 (14 bytes)   made not entrant: not used
2815 4738       3       Many::m1856 (14 bytes)
2815 4739       4       Many::m1856 (14 bytes)
2815 4738       3       Many::m1856 (14 bytes)   made not entrant: not used
2816 4740       3       Many::m1857 (14 bytes)
2816 4741       4       Many::m1857 (14 bytes)
2816 4740       3       Many::m1857 (14 bytes)   made not entrant: not used
2817 4742       3       Many::m1858 (14 bytes)
2818 4743       4       Many::m1858 (14 bytes)
2818 4742       3       Many::m1858 (14 bytes)   made not entrant: not used
2819 4744       3       Many::m1859 (14 bytes)
2819 4745       4       Many::m1859 (14 bytes)
2819 4744       3       Many::m1859 (14 bytes)   made not entrant: not used
2820 4746       3       Many::m1860 (14 bytes)
2820 4747       4       Many::m1860 (14 bytes)
2820 4746       3       Many::m1860 (14 bytes)   made not entrant: not used
2822 4748       3       Many::m1861 (14 bytes)
2822 4749       4       Many::m1861 (14 bytes)
2822 4748       3       Many::m1861 (14 bytes)   made not entrant: not used
2823 4750       3       Many::m1862 (14 bytes)
2823 4751       4       Many::m1862 (14 bytes)
2824 4750       3       Many::m1862 (14 bytes)   made not entrant: not used
2825 4752       3       Many::m1863 (14 bytes)
2825 4753       4       Many::m1863 (14 bytes)
2825 4752       3       Many::m1863 (14 bytes)   made not entrant: not used
2826 4754       3       Many::m1864 (14 bytes)
2826 4755       4       Many::m1864 (14 bytes)
2826 4754       3       Many::m1864 (14 bytes)   made not entrant: not used
2828 4756       3       Many::m1865 (14 bytes)
2828 4757       4       Many::m1865 (14 bytes)
2828 4756       3       Many::m1865 (14 bytes)   made not entrant: not used
2829 4758       3       Many::m1866 (14 bytes)
2829 4759       4       Many::m1866 (14 bytes)
2829 4758       3       Many::m1866 (14 bytes)   made not entrant: not used
2831 4760       3       Many::m1867 (14 bytes)
2831 4761       4       Many::m1867 (14 bytes)
2831 4760       3       Many::m1867 (14 bytes)   made not entrant: not used
2832 4762       3       Many::m1868 (14 bytes)
2832 4763       4       Many::m1868 (14 bytes)
2832 4762       3       Many::m1868 (14 bytes)   made not entrant: not used
2833 4764       3       Many::m1869 (14 bytes)
2833 4765       4       Many::m1869 (14 bytes)
2834 4764       3       Many::m1869 (14 bytes)   made not entrant: not used
2835 4766       3       Many::m1870 (14 bytes)
2835 4767       4       Many::m1870 (14 bytes)
2835 4766       3       Many::m1870 (14 bytes)   made not entrant: not used
2836 4768       3       Many::m1871 (14 bytes)
2836 4769       4       Many::m1871 (14 bytes)
2836 4768       3       Many::m1871 (14 bytes)   made not entrant: not used
2838 4770       3       Many::m1872 (14 bytes)
2838 4771       4       Many::m1872 (14 bytes)
2838 4770       3       Many::m1872 (14 bytes)   made not entrant: not used
2839 4772       3       Many::m1873 (14 bytes)
2839 4773       4       Many::m1873 (14 bytes)
2839 4772       3       Many::m1873 (14 bytes)   made not entrant: not used
2841 4774       3       Many::m1874 (14 bytes)
2841 4775       4       Many::m1874 (14 bytes)
2841 4774       3       Many::m1874 (14 bytes)   made not entrant: not used
2842 4776       3       Many::m1875 (14 bytes)
2842 4777       4       Many::m1875 (14 bytes)
2842 4776       3       Many::m1875 (14 bytes)   made not entrant: not used
2844 4778       3       Many::m1876 (14 bytes)
2844 4779       4       Many::m1876 (14 bytes)
2844 4778       3       Many::m1876 (14 bytes)   made not entrant: not used
2845 4780       3       Many::m1877 (14 bytes)
2845 4781       4       Many::m1877 (14 bytes)
2845 4780       3       Many::m1877 (14 bytes)   made not entrant: not used
2846 4782       3       Many::m1878 (14 bytes)
2846 4783       4       Many::m1878 (14 bytes)
2847 4782       3       Many::m1878 (14 bytes)   made not entrant: not used
2848 4784       3       Many::m1879 (14 bytes)
2848 4785       4       Many::m1879 (14 bytes)
2848 4784       3       Many::m1879 (14 bytes)   made not entrant: not used
2849 4786       3       Many::m1880 (14 bytes)
2849 4787       4       Many::m1880 (14 bytes)
2849 4786       3       Many::m1880 (14 bytes)   made not entrant: not used
2851 4788       3       Many::m1881 (14 bytes)
2851 4789       4       Many::m1881 (14 bytes)
2851 4788       3       Many::m1881 (14 bytes)   made not entrant: not used
2852 4790       3       Many::m1882 (14 bytes)
2852 4791       4       Many::m1882 (14 bytes)
2852 4790       3       Many::m1882 (14 bytes)   made not entrant: not used
2853 4792       3       Many::m1883 (14 bytes)
2854 4793       4       Many::m1883 (14 bytes)
2854 4792       3       Many::m1883 (14 bytes)   made not entrant: not used
2855 4794       3       Many::m1884 (14 bytes)
2855 4795       4       Many::m1884 (14 bytes)
2855 4794       3       Many::m1884 (14 bytes)   made not entrant: not used
2857 4796       3       Many::m1885 (14 bytes)
2857 4797       4       Many::m1885 (14 bytes)
2857 4796       3       Many::m1885 (14 bytes)   made not entrant: not used
2858 4798       3       Many::m1886 (14 bytes)
2858 4799       4       Many::m1886 (14 bytes)
2858 4798       3       Many::m1886 (14 bytes)   made not entrant: not used
2859 4800       3       Many::m1887 (14 bytes)
2860 4801       4       Many::m1887 (14 bytes)
2860 4800       3       Many::m1887 (14 bytes)   made not entrant: not used
2861 4802       3       Many::m1888 (14 bytes)
2861 4803       4       Many::m1888 (14 bytes)
2861 4802       3       Many::m1888 (14 bytes)   made not entrant: not used
2862 4804       3       Many::m1889 (14 bytes)
2862 4805       4       Many::m1889 (14 bytes)
2863 4804       3       Many::m1889 (14 bytes)   made not entrant: not used
2864 4806       3       Many::m1890 (14 bytes)
2864 4807       4       Many::m1890 (14 bytes)
2864 4806       3       Many::m1890 (14 bytes)   made not entrant: not used
2865 4808       3       Many::m1891 (14 bytes)
2865 4809       4       Many::m1891 (14 bytes)
2865 4808       3       Many::m1891 (14 bytes)   made not entrant: not used
2867 4810       3       Many::m1892 (14 bytes)
2867 4811       4       Many::m1892 (14 bytes)
2867 4810       3       Many::m1892 (14 bytes)   made not entrant: not used
2868 4812       3       Many::m1893 (14 bytes)
2868 4813       4       Many::m1893 (14 bytes)
2868 4812       3       Many::m1893 (14 bytes)   made not entrant: not used
2869 4814       3       Many::m1894 (14 bytes)
2870 4815       4       Many::m1894 (14 bytes)
2870 4814       3       Many::m1894 (14 bytes)   made not entrant: not used
2871 4816       3       Many::m1895 (14 bytes)
2871 4817       4       Many::m1895 (14 bytes)
2871 4816       3       Many::m1895 (14 bytes)   made not entrant: not used
2872 4818       3       Many::m1896 (14 bytes)
2873 4819       4       Many::m1896 (14 bytes)
2873 4818       3       Many::m1896 (14 bytes)   made not entrant: not used
2874 4820       3       Many::m1897 (14 bytes)
2874 4821       4       Many::m1897 (14 bytes)
2874 4820       3       Many::m1897 (14 bytes)   made not entrant: not used
2875 4822       3       Many::m1898 (14 bytes)
2875 4823       4       Many::m1898 (14 bytes)
2876 4822       3       Many::m1898 (14 bytes)   made not entrant: not used
2877 4824       3       Many::m1899 (14 bytes)
2877 4825       4       Many::m1899 (14 bytes)
2877 4824       3       Many::m1899 (14 bytes)   made not entrant: not used
2878 4826       3       Many::m1900 (14 bytes)
2878 4827       4       Many::m1900 (14 bytes)
2878 4826       3       Many::m1900 (14 bytes)   made not entrant: not used
2880 4828       3       Many::m1901 (14 bytes)
2880 4829       4       Many::m1901 (14 bytes)
2880 4828       3       Many::m1901 (14 bytes)   made not entrant: not used
2881 4830       3       Many::m1902 (14 bytes)
2881 4831       4       Many::m1902 (14 bytes)
2881 4830       3       Many::m1902 (14 bytes)   made not entrant: not used
2883 4832       3       Many::m1903 (14 bytes)
2883 4833       4       Many::m1903 (14 bytes)
2883 4832       3       Many::m1903 (14 bytes)   made not entrant: not used
2884 4834       3       Many::m1904 (14 bytes)
2884 4835       4       Many::m1904 (14 bytes)
2884 4834       3       Many::m1904 (14 bytes)   made not entrant: not used
2885 4836       3       Many::m1905 (14 bytes)
2886 4837       4       Many::m1905 (14 bytes)
2886 4836       3       Many::m1905 (14 bytes)   made not entrant: not used
2887 4838       3       Many::m1906 (14 bytes)
2887 4839       4       Many::m1906 (14 bytes)
2887 4838       3       Many::m1906 (14 bytes)   made not entrant: not used
2888 4840       3       Many::m1907 (14 bytes)
2888 4841       4       Many::m1907 (14 bytes)
2889 4840       3       Many::m1907 (14 bytes)   made not entrant: not used
2890 4842       3       Many::m1908 (14 bytes)
2890 4843       4       Many::m1908 (14 bytes)
2890 4842       3       Many::m1908 (14 bytes)   made not entrant: not used
2891 4844       3       Many::m1909 (14 bytes)
2891 4845       4       Many::m1909 (14 bytes)
2891 4844       3       Many::m1909 (14 bytes)   made not entrant: not used
2893 4846       3       Many::m1910 (14 bytes)
2893 4847       4       Many::m1910 (14 bytes)
2893 4846       3       Many::m1910 (14 bytes)   made not entrant: not used
2894 4848       3       Many::m1911 (14 bytes)
2894 4849       4       Many::m1911 (14 bytes)
2894 4848       3       Many::m1911 (14 bytes)   made not entrant: not used
2896 4850       3       Many::m1912 (14 bytes)
2896 4851       4       Many::m1912 (14 bytes)
2896 4850       3       Many::m1912 (14 bytes)   made not entrant: not used
2897 4852       3       Many::m1913 (14 bytes)
2897 4853       4       Many::m1913 (14 bytes)
2897 4852       3       Many::m1913 (14 bytes)   made not entrant: not used
2898 4854       3       Many::m1914 (14 bytes)
2899 4855       4       Many::m1914 (14 bytes)
2899 4854       3       Many::m1914 (14 bytes)   made not entrant: not used
2900 4856       3       Many::m1915 (14 bytes)
2900 4857       4       Many::m1915 (14 bytes)
2900 4856       3       Many::m1915 (14 bytes)   made not entrant: not used
2901 4858       3       Many::m1916 (14 bytes)
2901 4859       4       Many::m1916 (14 bytes)
2901 4858       3       Many::m1916 (14 bytes)   made not entrant: not used
2903 4860       3       Many::m1917 (14 bytes)
2903 4861       4       Many::m1917 (14 bytes)
2903 4860       3       Many::m1917 (14 bytes)   made not entrant: not used
2904 4862       3       Many::m1918 (14 bytes)
2904 4863       4       Many::m1918 (14 bytes)
2904 4862       3       Many::m1918 (14 bytes)   made not entrant: not used
2906 4864       3       Many::m1919 (14 bytes)
2906 4865       4       Many::m1919 (14 bytes)
2906 4864       3       Many::m1919 (14 bytes)   made not entrant: not used
2907 4866       3       Many::m1920 (14 bytes)
2907 4867       4       Many::m1920 (14 bytes)
2907 4866       3       Many::m1920 (14 bytes)   made not entrant: not used
2909 4868       3       Many::m1921 (14 bytes)
2909 4869       4       Many::m1921 (14 bytes)
2909 4868       3       Many::m1921 (14 bytes)   made not entrant: not used
2910 4870       3       Many::m1922 (14 bytes)
2910 4871       4       Many::m1922 (14 bytes)
2910 4870       3       Many::m1922 (14 bytes)   made not entrant: not used
2911 4872       3       Many::m1923 (14 bytes)
2912 4873       4       Many::m1923 (14 bytes)
2912 4872       3       Many::m1923 (14 bytes)   made not entrant: not used
2913 4874       3       Many::m1924 (14 bytes)
2913 4875       4       Many::m1924 (14 bytes)
2913 4874       3       Many::m1924 (14 bytes)   made not entrant: not used
2914 4876       3       Many::m1925 (14 bytes)
2914 4877       4       Many::m1925 (14 bytes)
2914 4876       3       Many::m1925 (14 bytes)   made not entrant: not used
2916 4878       3       Many::m1926 (14 bytes)
2916 4879       4       Many::m1926 (14 bytes)
2916 4878       3       Many::m1926 (14 bytes)   made not entrant: not used
2917 4880       3       Many::m1927 (14 bytes)
2917 4881       4       Many::m1927 (14 bytes)
2917 4880       3       Many::m1927 (14 bytes)   made not entrant: not used
2919 4882       3       Many::m1928 (14 bytes)
2919 4883       4       Many::m1928 (14 bytes)
2919 4882       3       Many::m1928 (14 bytes)   made not entrant: not used
2920 4884       3       Many::m1929 (14 bytes)
2920 4885       4       Many::m1929 (14 bytes)
2920 4884       3       Many::m1929 (14 bytes)   made not entrant: not used
2921 4886       3       Many::m1930 (14 bytes)
2922 4887       4       Many::m1930 (14 bytes)
2922 4886       3       Many::m1930 (14 bytes)   made not entrant: not used
2923 4888       3       Many::m1931 (14 bytes)
2923 4889       4       Many::m1931 (14 bytes)
2923 4888       3       Many::m1931 (14 bytes)   made not entrant: not used
2924 4890       3       Many::m1932 (14 bytes)
2925 4891       4       Many::m1932 (14 bytes)
2925 4890       3       Many::m1932 (14 bytes)   made not entrant: not used
2926 4892       3       Many::m1933 (14 bytes)
2926 4893       4       Many::m1933 (14 bytes)
2926 4892       3       Many::m1933 (14 bytes)   made not entrant: not used
2927 4894       3       Many::m1934 (14 bytes)
2927 4895       4       Many::m1934 (14 bytes)
2928 4894       3       Many::m1934 (14 bytes)   made not entrant: not used
2929 4896       3       Many::m1935 (14 bytes)
2929 4897       4       Many::m1935 (14 bytes)
2929 4896       3       Many::m1935 (14 bytes)   made not entrant: not used
2930 4898       3       Many::m1936 (14 bytes)
2930 4899       4       Many::m1936 (14 bytes)
2930 4898       3       Many::m1936 (14 bytes)   made not entrant: not used
2932 4900       3       Many::m1937 (14 bytes)
2932 4901       4       Many::m1937 (14 bytes)
2932 4900       3       Many::m1937 (14 bytes)   made not entrant: not used
2933 4902       3       Many::m1938 (14 bytes)
2933 4903       4       Many::m1938 (14 bytes)
2933 4902       3       Many::m1938 (14 bytes)   made not entrant: not used
2934 4904       3       Many::m1939 (14 bytes)
2935 4905       4       Many::m1939 (14 bytes)
2935 4904       3       Many::m1939 (14 bytes)   made not entrant: not used
2936 4906       3       Many::m1940 (14 bytes)
2936 4907       4       Many::m1940 (14 bytes)
2936 4906       3       Many::m1940 (14 bytes)   made not entrant: not used
2937 4908       3       Many::m1941 (14 bytes)
2937 4909       4       Many::m1941 (14 bytes)
2937 4908       3       Many::m1941 (14 bytes)   made not entrant: not used
2939 4910       3       Many::m1942 (14 bytes)
2939 4911       4       Many::m1942 (14 bytes)
2939 4910       3       Many::m1942 (14 bytes)   made not entrant: not used
2940 4912       3       Many::m1943 (14 bytes)
2940 4913       4       Many::m1943 (14 bytes)
2941 4912       3       Many::m1943 (14 bytes)   made not entrant: not used
2942 4914       3       Many::m1944 (14 bytes)
2942 4915       4       Many::m1944 (14 bytes)
2942 4914       3       Many::m1944 (14 bytes)   made not entrant: not used
2943 4916       3       Many::m1945 (14 bytes)
2943 4917       4       Many::m1945 (14 bytes)
2944 4916       3       Many::m1945 (14 bytes)   made not entrant: not used
2945 4918       3       Many::m1946 (14 bytes)
2945 4919       4       Many::m1946 (14 bytes)
2945 4918       3       Many::m1946 (14 bytes)   made not entrant: not used
2946 4920       3       Many::m1947 (14 bytes)
2946 4921       4       Many::m1947 (14 bytes)
2946 4920       3       Many::m1947 (14 bytes)   made not entrant: not used
2948 4922       3       Many::m1948 (14 bytes)
2948 4923       4       Many::m1948 (14 bytes)
2948 4922       3       Many::m1948 (14 bytes)   made not entrant: not used
2949 4924       3       Many::m1949 (14 bytes)
2949 4925       4       Many::m1949 (14 bytes)
2949 4924       3       Many::m1949 (14 bytes)   made not entrant: not used
2950 4926       3       Many::m1950 (14 bytes)
2951 4927       4       Many::m1950 (14 bytes)
2951 4926       3       Many::m1950 (14 bytes)   made not entrant: not used
2952 4928       3       Many::m1951 (14 bytes)
2952 4929       4       Many::m1951 (14 bytes)
2952 4928       3       Many::m1951 (14 bytes)   made not entrant: not used
2953 4930       3       Many::m1952 (14 bytes)
2953 4931       4       Many::m1952 (14 bytes)
2954 4930       3       Many::m1952 (14 bytes)   made not entrant: not used
2955 4932       3       Many::m1953 (14 bytes)
2955 4933       4       Many::m1953 (14 bytes)
2955 4932       3       Many::m1953 (14 bytes)   made not entrant: not used
2956 4934       3       Many::m1954 (14 bytes)
2956 4935       4       Many::m1954 (14 bytes)
2957 4934       3       Many::m1954 (14 bytes)   made not entrant: not used
2958 4936       3       Many::m1955 (14 bytes)
2958 4937       4       Many::m1955 (14 bytes)
2958 4936       3       Many::m1955 (14 bytes)   made not entrant: not used
2959 4938       3       Many::m1956 (14 bytes)
2959 4939       4       Many::m1956 (14 bytes)
2959 4938       3       Many::m1956 (14 bytes)   made not entrant: not used
2961 4940       3       Many::m1957 (14 bytes)
2961 4941       4       Many::m1957 (14 bytes)
2961 4940       3       Many::m1957 (14 bytes)   made not entrant: not used
2962 4942       3       Many::m1958 (14 bytes)
2962 4943       4       Many::m1958 (14 bytes)
2962 4942       3       Many::m1958 (14 bytes)   made not entrant: not used
2963 4944       3       Many::m1959 (14 bytes)
2964 4945       4       Many::m1959 (14 bytes)
2964 4944       3       Many::m1959 (14 bytes)   made not entrant: not used
2965 4946       3       Many::m1960 (14 bytes)
2965 4947       4       Many::m1960 (14 bytes)
2965 4946       3       Many::m1960 (14 bytes)   made not entrant: not used
2966 4948       3       Many::m1961 (14 bytes)
2966 4949       4       Many::m1961 (14 bytes)
2967 4948       3       Many::m1961 (14 bytes)   made not entrant: not used
2968 4950       3       Many::m1962 (14 bytes)
2968 4951       4       Many::m1962 (14 bytes)
2968 4950       3       Many::m1962 (14 bytes)   made not entrant: not used
2969 4952       3       Many::m1963 (14 bytes)
2969 4953       4       Many::m1963 (14 bytes)
2969 4952       3       Many::m1963 (14 bytes)   made not entrant: not used
2971 4954       3       Many::m1964 (14 bytes)
2971 4955       4       Many::m1964 (14 bytes)
2971 4954       3       Many::m1964 (14 bytes)   made not entrant: not used
2972 4956       3       Many::m1965 (14 bytes)
2972 4957       4       Many::m1965 (14 bytes)
2972 4956       3       Many::m1965 (14 bytes)   made not entrant: not used
2974 4958       3       Many::m1966 (14 bytes)
2974 4959       4       Many::m1966 (14 bytes)
2974 4958       3       Many::m1966 (14 bytes)   made not entrant: not used
2975 4960       3       Many::m1967 (14 bytes)
2975 4961       4       Many::m1967 (14 bytes)
2975 4960       3       Many::m1967 (14 bytes)   made not entrant: not used
2977 4962       3       Many::m1968 (14 bytes)
2977 4963       4       Many::m1968 (14 bytes)
2977 4962       3       Many::m1968 (14 bytes)   made not entrant: not used
2978 4964       3       Many::m1969 (14 bytes)
2978 4965       4       Many::m1969 (14 bytes)
2978 4964       3       Many::m1969 (14 bytes)   made not entrant: not used
2979 4966       3       Many::m1970 (14 bytes)
2979 4967       4       Many::m1970 (14 bytes)
2980 4966       3       Many::m1970 (14 bytes)   made not entrant: not used
2981 4968       3       Many::m1971 (14 bytes)
2981 4969       4       Many::m1971 (14 bytes)
2981 4968       3       Many::m1971 (14 bytes)   made not entrant: not used
2982 4970       3       Many::m1972 (14 bytes)
2982 4971       4       Many::m1972 (14 bytes)
2982 4970       3       Many::m1972 (14 bytes)   made not entrant: not used
2984 4972       3       Many::m1973 (14 bytes)
2984 4973       4       Many::m1973 (14 bytes)
2984 4972       3       Many::m1973 (14 bytes)   made not entrant: not used
2985 4974       3       Many::m1974 (14 bytes)
2985 4975       4       Many::m1974 (14 bytes)
2985 4974       3       Many::m1974 (14 bytes)   made not entrant: not used
2986 4976       3       Many::m1975 (14 bytes)
2987 4977       4       Many::m1975 (14 bytes)
2987 4976       3       Many::m1975 (14 bytes)   made not entrant: not used
2988 4978       3       Many::m1976 (14 bytes)
2988 4979       4       Many::m1976 (14 bytes)
2988 4978       3       Many::m1976 (14 bytes)   made not entrant: not used
2990 4980       3       Many::m1977 (14 bytes)
2990 4981       4       Many::m1977 (14 bytes)
2990 4980       3       Many::m1977 (14 bytes)   made not entrant: not used
2991 4982       3       Many::m1978 (14 bytes)
2991 4983       4       Many::m1978 (14 bytes)
2991 4982       3       Many::m1978 (14 bytes)   made not entrant: not used
2992 4984       3       Many::m1979 (14 bytes)
2993 4985       4       Many::m1979 (14 bytes)
2993 4984       3       Many::m1979 (14 bytes)   made not entrant: not used
2994 4986       3       Many::m1980 (14 bytes)
2994 4987       4       Many::m1980 (14 bytes)
2994 4986       3       Many::m1980 (14 bytes)   made not entrant: not used
2995 4988       3       Many::m1981 (14 bytes)
2995 4989       4       Many::m1981 (14 bytes)
2995 4988       3       Many::m1981 (14 bytes)   made not entrant: not used
2997 4990       3       Many::m1982 (14 bytes)
2997 4991       4       Many::m1982 (14 bytes)
2997 4990       3       Many::m1982 (14 bytes)   made not entrant: not used
2998 4992       3       Many::m1983 (14 bytes)
2998 4993       4       Many::m1983 (14 bytes)
2998 4992       3       Many::m1983 (14 bytes)   made not entrant: not used
3000 4994       3       Many::m1984 (14 bytes)
3000 4995       4       Many::m1984 (14 bytes)
3000 4994       3       Many::m1984 (14 bytes)   made not entrant: not used
3001 4996       3       Many::m1985 (14 bytes)
3001 4997       4       Many::m1985 (14 bytes)
3001 4996       3       Many::m1985 (14 bytes)   made not entrant: not used
3002 4998       3       Many::m1986 (14 bytes)
3003 4999       4       Many::m1986 (14 bytes)
3003 4998       3       Many::m1986 (14 bytes)   made not entrant: not used
3004 5000       3       Many::m1987 (14 bytes)
3004 5001       4       Many::m1987 (14 bytes)
3004 5000       3       Many::m1987 (14 bytes)   made not entrant: not used
3005 5002       3       Many::m1988 (14 bytes)
3006 5003       4       Many::m1988 (14 bytes)
3006 5002       3       Many::m1988 (14 bytes)   made not entrant: not used
3007 5004       3       Many::m1989 (14 bytes)
3007 5005       4       Many::m1989 (14 bytes)
3007 5004       3       Many::m1989 (14 bytes)   made not entrant: not used
3008 5006       3       Many::m1990 (14 bytes)
3008 5007       4       Many::m1990 (14 bytes)
3009 5006       3       Many::m1990 (14 bytes)   made not entrant: not used
3010 5008       3       Many::m1991 (14 bytes)
3010 5009       4       Many::m1991 (14 bytes)
3010 5008       3       Many::m1991 (14 bytes)   made not entrant: not used
3011 5010       3       Many::m1992 (14 bytes)
3011 5011       4       Many::m1992 (14 bytes)
3011 5010       3       Many::m1992 (14 bytes)   made not entrant: not used
3013 5012       3       Many::m1993 (14 bytes)
3013 5013       4       Many::m1993 (14 bytes)
3013 5012       3       Many::m1993 (14 bytes)   made not entrant: not used
3014 5014       3       Many::m1994 (14 bytes)
3014 5015       4       Many::m1994 (14 bytes)
3014 5014       3       Many::m1994 (14 bytes)   made not entrant: not used
3016 5016       3       Many::m1995 (14 bytes)
3016 5017       4       Many::m1995 (14 bytes)
3016 5016       3       Many::m1995 (14 bytes)   made not entrant: not used
3017 5018       3       Many::m1996 (14 bytes)
3017 5019       4       Many::m1996 (14 bytes)
3017 5018       3       Many::m1996 (14 bytes)   made not entrant: not used
3018 5020       3       Many::m1997 (14 bytes)
3018 5021       4       Many::m1997 (14 bytes)
3019 5020       3       Many::m1997 (14 bytes)   made not entrant: not used
3020 5022       3       Many::m1998 (14 bytes)
3020 5023       4       Many::m1998 (14 bytes)
3020 5022       3       Many::m1998 (14 bytes)   made not entrant: not used
3021 5024       3       Many::m1999 (14 bytes)
3021 5025       4       Many::m1999 (14 bytes)
3021 5024       3       Many::m1999 (14 bytes)   made not entrant: not used
3023 5026       3       Many::m2000 (14 bytes)
3023 5027       4       Many::m2000 (14 bytes)
3023 5026       3       Many::m2000 (14 bytes)   made not entrant: not used
3024 5028       3       Many::m2001 (14 bytes)
3024 5029       4       Many::m2001 (14 bytes)
3024 5028       3       Many::m2001 (14 bytes)   made not entrant: not used
3026 5030       3       Many::m2002 (14 bytes)
3026 5031       4       Many::m2002 (14 bytes)
3026 5030       3       Many::m2002 (14 bytes)   made not entrant: not used
3027 5032       3       Many::m2003 (14 bytes)
3027 5033       4       Many::m2003 (14 bytes)
3027 5032       3       Many::m2003 (14 bytes)   made not entrant: not used
3029 5034       3       Many::m2004 (14 bytes)
3029 5035       4       Many::m2004 (14 bytes)
3029 5034       3       Many::m2004 (14 bytes)   made not entrant: not used
3030 5036       3       Many::m2005 (14 bytes)
3030 5037       4       Many::m2005 (14 bytes)
3030 5036       3       Many::m2005 (14 bytes)   made not entrant: not used
3031 5038       3       Many::m2006 (14 bytes)
3031 5039       4       Many::m2006 (14 bytes)
3031 5038       3       Many::m2006 (14 bytes)   made not entrant: not used
3033 5040       3       Many::m2007 (14 bytes)
3033 5041       4       Many::m2007 (14 bytes)
3033 5040       3       Many::m2007 (14 bytes)   made not entrant: not used
3034 5042       3       Many::m2008 (14 bytes)
3034 5043       4       Many::m2008 (14 bytes)
3034 5042       3       Many::m2008 (14 bytes)   made not entrant: not used
3036 5044       3       Many::m2009 (14 bytes)
3036 5045       4       Many::m2009 (14 bytes)
3036 5044       3       Many::m2009 (14 bytes)   made not entrant: not used
3037 5046       3       Many::m2010 (14 bytes)
3037 5047       4       Many::m2010 (14 bytes)
3037 5046       3       Many::m2010 (14 bytes)   made not entrant: not used
3039 5048       3       Many::m2011 (14 bytes)
3039 5049       4       Many::m2011 (14 bytes)
3039 5048       3       Many::m2011 (14 bytes)   made not entrant: not used
3040 5050       3       Many::m2012 (14 bytes)
3040 5051       4       Many::m2012 (14 bytes)
3040 5050       3       Many::m2012 (14 bytes)   made not entrant: not used
3041 5052       3       Many::m2013 (14 bytes)
3042 5053       4       Many::m2013 (14 bytes)
3042 5052       3       Many::m2013 (14 bytes)   made not entrant: not used
3043 5054       3       Many::m2014 (14 bytes)
3043 5055       4       Many::m2014 (14 bytes)
3043 5054       3       Many::m2014 (14 bytes)   made not entrant: not used
3044 5056       3       Many::m2015 (14 bytes)
3045 5057       4       Many::m2015 (14 bytes)
3045 5056       3       Many::m2015 (14 bytes)   made not entrant: not used
3046 5058       3       Many::m2016 (14 bytes)
3046 5059       4       Many::m2016 (14 bytes)
3046 5058       3       Many::m2016 (14 bytes)   made not entrant: not used
3047 5060       3       Many::m2017 (14 bytes)
3047 5061       4       Many::m2017 (14 bytes)
3047 5060       3       Many::m2017 (14 bytes)   made not entrant: not used
3049 5062       3       Many::m2018 (14 bytes)
3049 5063       4       Many::m2018 (14 bytes)
3049 5062       3       Many::m2018 (14 bytes)   made not entrant: not used
3050 5064       3       Many::m2019 (14 bytes)
3050 5065       4       Many::m2019 (14 bytes)
3050 5064       3       Many::m2019 (14 bytes)   made not entrant: not used
3051 5066       3       Many::m2020 (14 bytes)
3052 5067       4       Many::m2020 (14 bytes)
3052 5066       3       Many::m2020 (14 bytes)   made not entrant: not used
3053 5068       3       Many::m2021 (14 bytes)
3053 5069       4       Many::m2021 (14 bytes)
3053 5068       3       Many::m2021 (14 bytes)   made not entrant: not used
3054 5070       3       Many::m2022 (14 bytes)
3054 5071       4       Many::m2022 (14 bytes)
3055 5070       3       Many::m2022 (14 bytes)   made not entrant: not used
3056 5072       3       Many::m2023 (14 bytes)
3056 5073       4       Many::m2023 (14 bytes)
3056 5072       3       Many::m2023 (14 bytes)   made not entrant: not used
3057 5074       3       Many::m2024 (14 bytes)
3057 5075       4       Many::m2024 (14 bytes)
3058 5074       3       Many::m2024 (14 bytes)   made not entrant: not used
3059 5076       3       Many::m2025 (14 bytes)
3059 5077       4       Many::m2025 (14 bytes)
3059 5076       3       Many::m2025 (14 bytes)   made not entrant: not used
3060 5078       3       Many::m2026 (14 bytes)
3060 5079       4       Many::m2026 (14 bytes)
3060 5078       3       Many::m2026 (14 bytes)   made not entrant: not used
3062 5080       3       Many::m2027 (14 bytes)
3062 5081       4       Many::m2027 (14 bytes)
3062 5080       3       Many::m2027 (14 bytes)   made not entrant: not used
3063 5082       3       Many::m2028 (14 bytes)
3063 5083       4       Many::m2028 (14 bytes)
3063 5082       3       Many::m2028 (14 bytes)   made not entrant: not used
3064 5084       3       Many::m2029 (14 bytes)
3065 5085       4       Many::m2029 (14 bytes)
3065 5084       3       Many::m2029 (14 bytes)   made not entrant: not used
3066 5086       3       Many::m2030 (14 bytes)
3066 5087       4       Many::m2030 (14 bytes)
3066 5086       3       Many::m2030 (14 bytes)   made not entrant: not used
3067 5088       3       Many::m2031 (14 bytes)
3067 5089       4       Many::m2031 (14 bytes)
3068 5088       3       Many::m2031 (14 bytes)   made not entrant: not used
3069 5090       3       Many::m2032 (14 bytes)
3069 5091       4       Many::m2032 (14 bytes)
3069 5090       3       Many::m2032 (14 bytes)   made not entrant: not used
3070 5092       3       Many::m2033 (14 bytes)
3070 5093       4       Many::m2033 (14 bytes)
3070 5092       3       Many::m2033 (14 bytes)   made not entrant: not used
3072 5094       3       Many::m2034 (14 bytes)
3072 5095       4       Many::m2034 (14 bytes)
3072 5094       3       Many::m2034 (14 bytes)   made not entrant: not used
3073 5096       3       Many::m2035 (14 bytes)
3073 5097       4       Many::m2035 (14 bytes)
3073 5096       3       Many::m2035 (14 bytes)   made not entrant: not used
3075 5098       3       Many::m2036 (14 bytes)
3075 5099       4       Many::m2036 (14 bytes)
3075 5098       3       Many::m2036 (14 bytes)   made not entrant: not used
3076 5100       3       Many::m2037 (14 bytes)
3076 5101       4       Many::m2037 (14 bytes)
3076 5100       3       Many::m2037 (14 bytes)   made not entrant: not used
3078 5102       3       Many::m2038 (14 bytes)
3078 5103       4       Many::m2038 (14 bytes)
3078 5102       3       Many::m2038 (14 bytes)   made not entrant: not used
3079 5104       3       Many::m2039 (14 bytes)
3079 5105       4       Many::m2039 (14 bytes)
3079 5104       3       Many::m2039 (14 bytes)   made not entrant: not used
3080 5106       3       Many::m2040 (14 bytes)
3080 5107       4       Many::m2040 (14 bytes)
3081 5106       3       Many::m2040 (14 bytes)   made not entrant: not used
3082 5108       3       Many::m2041 (14 bytes)
3082 5109       4       Many::m2041 (14 bytes)
3082 5108       3       Many::m2041 (14 bytes)   made not entrant: not used
3083 5110       3       Many::m2042 (14 bytes)
3083 5111       4       Many::m2042 (14 bytes)
3083 5110       3       Many::m2042 (14 bytes)   made not entrant: not used
3085 5112       3       Many::m2043 (14 bytes)
3085 5113       4       Many::m2043 (14 bytes)
3085 5112       3       Many::m2043 (14 bytes)   made not entrant: not used
3086 5114       3       Many::m2044 (14 bytes)
3086 5115       4       Many::m2044 (14 bytes)
3086 5114       3       Many::m2044 (14 bytes)   made not entrant: not used
3088 5116       3       Many::m2045 (14 bytes)
3088 5117       4       Many::m2045 (14 bytes)
3088 5116       3       Many::m2045 (14 bytes)   made not entrant: not used
3089 5118       3       Many::m2046 (14 bytes)
3089 5119       4       Many::m2046 (14 bytes)
3089 5118       3       Many::m2046 (14 bytes)   made not entrant: not used
3090 5120       3       Many::m2047 (14 bytes)
3091 5121       4       Many::m2047 (14 bytes)
3091 5120       3       Many::m2047 (14 bytes)   made not entrant: not used
3092 5122       3       Many::m2048 (14 bytes)
3092 5123       4       Many::m2048 (14 bytes)
3092 5122       3       Many::m2048 (14 bytes)   made not entrant: not used
3093 5124       3       Many::m2049 (14 bytes)
3093 5125       4       Many::m2049 (14 bytes)
3094 5124       3       Many::m2049 (14 bytes)   made not entrant: not used
3095 5126       3       Many::m2050 (14 bytes)
3095 5127       4       Many::m2050 (14 bytes)
3095 5126       3       Many::m2050 (14 bytes)   made not entrant: not used
3096 5128       3       Many::m2051 (14 bytes)
3096 5129       4       Many::m2051 (14 bytes)
3096 5128       3       Many::m2051 (14 bytes)   made not entrant: not used
3098 5130       3       Many::m2052 (14 bytes)
3098 5131       4       Many::m2052 (14 bytes)
3098 5130       3       Many::m2052 (14 bytes)   made not entrant: not used
3099 5132       3       Many::m2053 (14 bytes)
3099 5133       4       Many::m2053 (14 bytes)
3099 5132       3       Many::m2053 (14 bytes)   made not entrant: not used
3100 5134       3       Many::m2054 (14 bytes)
3101 5135       4       Many::m2054 (14 bytes)
3101 5134       3       Many::m2054 (14 bytes)   made not entrant: not used
3102 5136       3       Many::m2055 (14 bytes)
3102 5137       4       Many::m2055 (14 bytes)
3102 5136       3       Many::m2055 (14 bytes)   made not entrant: not used
3103 5138       3       Many::m2056 (14 bytes)
3103 5139       4       Many::m2056 (14 bytes)
3104 5138       3       Many::m2056 (14 bytes)   made not entrant: not used
3105 5140       3       Many::m2057 (14 bytes)
3105 5141       4       Many::m2057 (14 bytes)
3105 5140       3       Many::m2057 (14 bytes)   made not entrant: not used
3106 5142       3       Many::m2058 (14 bytes)
3107 5143       4       Many::m2058 (14 bytes)
3107 5142       3       Many::m2058 (14 bytes)   made not entrant: not used
3108 5144       3       Many::m2059 (14 bytes)
3108 5145       4       Many::m2059 (14 bytes)
3108 5144       3       Many::m2059 (14 bytes)   made not entrant: not used
3109 5146       3       Many::m2060 (14 bytes)
3109 5147       4       Many::m2060 (14 bytes)
3109 5146       3       Many::m2060 (14 bytes)   made not entrant: not used
3111 5148       3       Many::m2061 (14 bytes)
3111 5149       4       Many::m2061 (14 bytes)
3111 5148       3       Many::m2061 (14 bytes)   made not entrant: not used
3112 5150       3       Many::m2062 (14 bytes)
3112 5151       4       Many::m2062 (14 bytes)
3112 5150       3       Many::m2062 (14 bytes)   made not entrant: not used
3114 5152       3       Many::m2063 (14 bytes)
3114 5153       4       Many::m2063 (14 bytes)
3114 5152       3       Many::m2063 (14 bytes)   made not entrant: not used
3115 5154       3       Many::m2064 (14 bytes)
3115 5155       4       Many::m2064 (14 bytes)
3115 5154       3       Many::m2064 (14 bytes)   made not entrant: not used
3116 5156       3       Many::m2065 (14 bytes)
3117 5157       4       Many::m2065 (14 bytes)
3117 5156       3       Many::m2065 (14 bytes)   made not entrant: not used
3118 5158       3       Many::m2066 (14 bytes)
3118 5159       4       Many::m2066 (14 bytes)
3118 5158       3       Many::m2066 (14 bytes)   made not entrant: not used
3119 5160       3       Many::m2067 (14 bytes)
3119 5161       4       Many::m2067 (14 bytes)
3120 5160       3       Many::m2067 (14 bytes)   made not entrant: not used
3121 5162       3       Many::m2068 (14 bytes)
3121 5163       4       Many::m2068 (14 bytes)
3121 5162       3       Many::m2068 (14 bytes)   made not entrant: not used
3122 5164       3       Many::m2069 (14 bytes)
3122 5165       4       Many::m2069 (14 bytes)
3122 5164       3       Many::m2069 (14 bytes)   made not entrant: not used
3124 5166       3       Many::m2070 (14 bytes)
3124 5167       4       Many::m2070 (14 bytes)
3124 5166       3       Many::m2070 (14 bytes)   made not entrant: not used
3125 5168       3       Many::m2071 (14 bytes)
3125 5169       4       Many::m2071 (14 bytes)
3125 5168       3       Many::m2071 (14 bytes)   made not entrant: not used
3127 5170       3       Many::m2072 (14 bytes)
3127 5171       4       Many::m2072 (14 bytes)
3127 5170       3       Many::m2072 (14 bytes)   made not entrant: not used
3128 5172       3       Many::m2073 (14 bytes)
3128 5173       4       Many::m2073 (14 bytes)
3128 5172       3       Many::m2073 (14 bytes)   made not entrant: not used
3129 5174       3       Many::m2074 (14 bytes)
3130 5175       4       Many::m2074 (14 bytes)
3130 5174       3       Many::m2074 (14 bytes)   made not entrant: not used
3131 5176       3       Many::m2075 (14 bytes)
3131 5177       4       Many::m2075 (14 bytes)
3131 5176       3       Many::m2075 (14 bytes)   made not entrant: not used
3132 5178       3       Many::m2076 (14 bytes)
3132 5179       4       Many::m2076 (14 bytes)
3133 5178       3       Many::m2076 (14 bytes)   made not entrant: not used
3134 5180       3       Many::m2077 (14 bytes)
3134 5181       4       Many::m2077 (14 bytes)
3134 5180       3       Many::m2077 (14 bytes)   made not entrant: not used
3135 5182       3       Many::m2078 (14 bytes)
3135 5183       4       Many::m2078 (14 bytes)
3135 5182       3       Many::m2078 (14 bytes)   made not entrant: not used
3137 5184       3       Many::m2079 (14 bytes)
3137 5185       4       Many::m2079 (14 bytes)
3137 5184       3       Many::m2079 (14 bytes)   made not entrant: not used
3138 5186       3       Many::m2080 (14 bytes)
3138 5187       4       Many::m2080 (14 bytes)
3138 5186       3       Many::m2080 (14 bytes)   made not entrant: not used
3139 5188       3       Many::m2081 (14 bytes)
3140 5189       4       Many::m2081 (14 bytes)
3140 5188       3       Many::m2081 (14 bytes)   made not entrant: not used
3141 5190       3       Many::m2082 (14 bytes)
3141 5191       4       Many::m2082 (14 bytes)
3141 5190       3       Many::m2082 (14 bytes)   made not entrant: not used
3142 5192       3       Many::m2083 (14 bytes)
3142 5193       4       Many::m2083 (14 bytes)
3143 5192       3       Many::m2083 (14 bytes)   made not entrant: not used
3144 5194       3       Many::m2084 (14 bytes)
3144 5195       4       Many::m2084 (14 bytes)
3144 5194       3       Many::m2084 (14 bytes)   made not entrant: not used
3145 5196       3       Many::m2085 (14 bytes)
3145 5197       4       Many::m2085 (14 bytes)
3145 5196       3       Many::m2085 (14 bytes)   made not entrant: not used
3147 5198       3       Many::m2086 (14 bytes)
3147 5199       4       Many::m2086 (14 bytes)
3147 5198       3       Many::m2086 (14 bytes)   made not entrant: not used
3148 5200       3       Many::m2087 (14 bytes)
3148 5201       4       Many::m2087 (14 bytes)
3148 5200       3       Many::m2087 (14 bytes)   made not entrant: not used
3150 5202       3       Many::m2088 (14 bytes)
3150 5203       4       Many::m2088 (14 bytes)
3150 5202       3       Many::m2088 (14 bytes)   made not entrant: not used
3151 5204       3       Many::m2089 (14 bytes)
3151 5205       4       Many::m2089 (14 bytes)
3151 5204       3       Many::m2089 (14 bytes)   made not entrant: not used
3152 5206       3       Many::m2090 (14 bytes)
3153 5207       4       Many::m2090 (14 bytes)
3153 5206       3       Many::m2090 (14 bytes)   made not entrant: not used
3154 5208       3       Many::m2091 (14 bytes)
3154 5209       4       Many::m2091 (14 bytes)
3154 5208       3       Many::m2091 (14 bytes)   made not entrant: not used
3155 5210       3       Many::m2092 (14 bytes)
3155 5211       4       Many::m2092 (14 bytes)
3156 5210       3       Many::m2092 (14 bytes)   made not entrant: not used
3157 5212       3       Many::m2093 (14 bytes)
3157 5213       4       Many::m2093 (14 bytes)
3157 5212       3       Many::m2093 (14 bytes)   made not entrant: not used
3158 5214       3       Many::m2094 (14 bytes)
3158 5215       4       Many::m2094 (14 bytes)
3159 5214       3       Many::m2094 (14 bytes)   made not entrant: not used
3160 5216       3       Many::m2095 (14 bytes)
3160 5217       4       Many::m2095 (14 bytes)
3160 5216       3       Many::m2095 (14 bytes)   made not entrant: not used
3161 5218       3       Many::m2096 (14 bytes)
3161 5219       4       Many::m2096 (14 bytes)
3161 5218       3       Many::m2096 (14 bytes)   made not entrant: not used
3163 5220       3       Many::m2097 (14 bytes)
3163 5221       4       Many::m2097 (14 bytes)
3163 5220       3       Many::m2097 (14 bytes)   made not entrant: not used
3164 5222       3       Many::m2098 (14 bytes)
3164 5223       4       Many::m2098 (14 bytes)
3164 5222       3       Many::m2098 (14 bytes)   made not entrant: not used
3165 5224       3       Many::m2099 (14 bytes)
3166 5225       4       Many::m2099 (14 bytes)
3166 5224       3       Many::m2099 (14 bytes)   made not entrant: not used
3167 5226       3       Many::m2100 (14 bytes)
3167 5227       4       Many::m2100 (14 bytes)
3167 5226       3       Many::m2100 (14 bytes)   made not entrant: not used
3168 5228       3       Many::m2101 (14 bytes)
3168 5229       4       Many::m2101 (14 bytes)
3169 5228       3       Many::m2101 (14 bytes)   made not entrant: not used
3170 5230       3       Many::m2102 (14 bytes)
3170 5231       4       Many::m2102 (14 bytes)
3170 5230       3       Many::m2102 (14 bytes)   made not entrant: not used
3171 5232       3       Many::m2103 (14 bytes)
3171 5233       4       Many::m2103 (14 bytes)
3171 5232       3       Many::m2103 (14 bytes)   made not entrant: not used
3173 5234       3       Many::m2104 (14 bytes)
3173 5235       4       Many::m2104 (14 bytes)
3173 5234       3       Many::m2104 (14 bytes)   made not entrant: not used
3174 5236       3       Many::m2105 (14 bytes)
3175 5237       4       Many::m2105 (14 bytes)
3175 5236       3       Many::m2105 (14 bytes)   made not entrant: not used
3176 5238       3       Many::m2106 (14 bytes)
3176 5239       4       Many::m2106 (14 bytes)
3176 5238       3       Many::m2106 (14 bytes)   made not entrant: not used
3177 5240       3       Many::m2107 (14 bytes)
3178 5241       4       Many::m2107 (14 bytes)
3178 5240       3       Many::m2107 (14 bytes)   made not entrant: not used
3179 5242       3       Many::m2108 (14 bytes)
3179 5243       4       Many::m2108 (14 bytes)
3179 5242       3       Many::m2108 (14 bytes)   made not entrant: not used
3180 5244       3       Many::m2109 (14 bytes)
3181 5245       4       Many::m2109 (14 bytes)
3181 5244       3       Many::m2109 (14 bytes)   made not entrant: not used
3182 5246       3       Many::m2110 (14 bytes)
3182 5247       4       Many::m2110 (14 bytes)
3182 5246       3       Many::m2110 (14 bytes)   made not entrant: not used
3183 5248       3       Many::m2111 (14 bytes)
3183 5249       4       Many::m2111 (14 bytes)
3184 5248       3       Many::m2111 (14 bytes)   made not entrant: not used
3185 5250       3       Many::m2112 (14 bytes)
3185 5251       4       Many::m2112 (14 bytes)
3185 5250       3       Many::m2112 (14 bytes)   made not entrant: not used
3186 5252       3       Many::m2113 (14 bytes)
3186 5253       4       Many::m2113 (14 bytes)
3186 5252       3       Many::m2113 (14 bytes)   made not entrant: not used
3188 5254       3       Many::m2114 (14 bytes)
3188 5255       4       Many::m2114 (14 bytes)
3188 5254       3       Many::m2114 (14 bytes)   made not entrant: not used
3189 5256       3       Many::m2115 (14 bytes)
3189 5257       4       Many::m2115 (14 bytes)
3189 5256       3       Many::m2115 (14 bytes)   made not entrant: not used
3191 5258       3       Many::m2116 (14 bytes)
3191 5259       4       Many::m2116 (14 bytes)
3191 5258       3       Many::m2116 (14 bytes)   made not entrant: not used
3192 5260       3       Many::m2117 (14 bytes)
3192 5261       4       Many::m2117 (14 bytes)
3192 5260       3       Many::m2117 (14 bytes)   made not entrant: not used
3194 5262       3       Many::m2118 (14 bytes)
3194 5263       4       Many::m2118 (14 bytes)
3194 5262       3       Many::m2118 (14 bytes)   made not entrant: not used
3195 5264       3       Many::m2119 (14 bytes)
3195 5265       4       Many::m2119 (14 bytes)
3195 5264       3       Many::m2119 (14 bytes)   made not entrant: not used
3196 5266       3       Many::m2120 (14 bytes)
3197 5267       4       Many::m2120 (14 bytes)
3197 5266       3       Many::m2120 (14 bytes)   made not entrant: not used
3198 5268       3       Many::m2121 (14 bytes)
3198 5269       4       Many::m2121 (14 bytes)
3198 5268       3       Many::m2121 (14 bytes)   made not entrant: not used
3199 5270       3       Many::m2122 (14 bytes)
3199 5271       4       Many::m2122 (14 bytes)
3200 5270       3       Many::m2122 (14 bytes)   made not entrant: not used
3201 5272       3       Many::m2123 (14 bytes)
3201 5273       4       Many::m2123 (14 bytes)
3201 5272       3       Many::m2123 (14 bytes)   made not entrant: not used
3202 5274       3       Many::m2124 (14 bytes)
3202 5275       4       Many::m2124 (14 bytes)
3202 5274       3       Many::m2124 (14 bytes)   made not entrant: not used
3204 5276       3       Many::m2125 (14 bytes)
3204 5277       4       Many::m2125 (14 bytes)
3204 5276       3       Many::m2125 (14 bytes)   made not entrant: not used
3205 5278       3       Many::m2126 (14 bytes)
3205 5279       4       Many::m2126 (14 bytes)
3205 5278       3       Many::m2126 (14 bytes)   made not entrant: not used
3207 5280       3       Many::m2127 (14 bytes)
3207 5281       4       Many::m2127 (14 bytes)
3207 5280       3       Many::m2127 (14 bytes)   made not entrant: not used
3208 5282       3       Many::m2128 (14 bytes)
3208 5283       4       Many::m2128 (14 bytes)
3208 5282       3       Many::m2128 (14 bytes)   made not entrant: not used
3209 5284       3       Many::m2129 (14 bytes)
3210 5285       4       Many::m2129 (14 bytes)
3210 5284       3       Many::m2129 (14 bytes)   made not entrant: not used
3211 5286       3       Many::m2130 (14 bytes)
3211 5287       4       Many::m2130 (14 bytes)
3211 5286       3       Many::m2130 (14 bytes)   made not entrant: not used
3212 5288       3       Many::m2131 (14 bytes)
3212 5289       4       Many::m2131 (14 bytes)
3213 5288       3       Many::m2131 (14 bytes)   made not entrant: not used
3214 5290       3       Many::m2132 (14 bytes)
3214 5291       4       Many::m2132 (14 bytes)
3214 5290       3       Many::m2132 (14 bytes)   made not entrant: not used
3215 5292       3       Many::m2133 (14 bytes)
3215 5293       4       Many::m2133 (14 bytes)
3215 5292       3       Many::m2133 (14 bytes)   made not entrant: not used
3217 5294       3       Many::m2134 (14 bytes)
3217 5295       4       Many::m2134 (14 bytes)
3217 5294       3       Many::m2134 (14 bytes)   made not entrant: not used
3218 5296       3       Many::m2135 (14 bytes)
3218 5297       4       Many::m2135 (14 bytes)
3218 5296       3       Many::m2135 (14 bytes)   made not entrant: not used
3219 5298       3       Many::m2136 (14 bytes)
3220 5299       4       Many::m2136 (14 bytes)
3220 5298       3       Many::m2136 (14 bytes)   made not entrant: not used
3221 5300       3       Many::m2137 (14 bytes)
3221 5301       4       Many::m2137 (14 bytes)
3221 5300       3       Many::m2137 (14 bytes)   made not entrant: not used
3222 5302       3       Many::m2138 (14 bytes)
3223 5303       4       Many::m2138 (14 bytes)
3223 5302       3       Many::m2138 (14 bytes)   made not entrant: not used
3224 5304       3       Many::m2139 (14 bytes)
3224 5305       4       Many::m2139 (14 bytes)
3224 5304       3       Many::m2139 (14 bytes)   made not entrant: not used
3225 5306       3       Many::m2140 (14 bytes)
3225 5307       4       Many::m2140 (14 bytes)
3225 5306       3       Many::m2140 (14 bytes)   made not entrant: not used
3227 5308       3       Many::m2141 (14 bytes)
3227 5309       4       Many::m2141 (14 bytes)
3227 5308       3       Many::m2141 (14 bytes)   made not entrant: not used
3228 5310       3       Many::m2142 (14 bytes)
3228 5311       4       Many::m2142 (14 bytes)
3228 5310       3       Many::m2142 (14 bytes)   made not entrant: not used
3230 5312       3       Many::m2143 (14 bytes)
3230 5313       4       Many::m2143 (14 bytes)
3230 5312       3       Many::m2143 (14 bytes)   made not entrant: not used
3231 5314       3       Many::m2144 (14 bytes)
3231 5315       4       Many::m2144 (14 bytes)
3231 5314       3       Many::m2144 (14 bytes)   made not entrant: not used
3232 5316       3       Many::m2145 (14 bytes)
3233 5317       4       Many::m2145 (14 bytes)
3233 5316       3       Many::m2145 (14 bytes)   made not entrant: not used
3234 5318       3       Many::m2146 (14 bytes)
3234 5319       4       Many::m2146 (14 bytes)
3234 5318       3       Many::m2146 (14 bytes)   made not entrant: not used
3235 5320       3       Many::m2147 (14 bytes)
3235 5321       4       Many::m2147 (14 bytes)
3236 5320       3       Many::m2147 (14 bytes)   made not entrant: not used
3237 5322       3       Many::m2148 (14 bytes)
3237 5323       4       Many::m2148 (14 bytes)
3237 5322       3       Many::m2148 (14 bytes)   made not entrant: not used
3238 5324       3       Many::m2149 (14 bytes)
3238 5325       4       Many::m2149 (14 bytes)
3238 5324       3       Many::m2149 (14 bytes)   made not entrant: not used
3240 5326       3       Many::m2150 (14 bytes)
3240 5327       4       Many::m2150 (14 bytes)
3240 5326       3       Many::m2150 (14 bytes)   made not entrant: not used
3241 5328       3       Many::m2151 (14 bytes)
3241 5329       4       Many::m2151 (14 bytes)
3241 5328       3       Many::m2151 (14 bytes)   made not entrant: not used
3242 5330       3       Many::m2152 (14 bytes)
3243 5331       4       Many::m2152 (14 bytes)
3243 5330       3       Many::m2152 (14 bytes)   made not entrant: not used
3244 5332       3       Many::m2153 (14 bytes)
3244 5333       4       Many::m2153 (14 bytes)
3244 5332       3       Many::m2153 (14 bytes)   made not entrant: not used
3245 5334       3       Many::m2154 (14 bytes)
3245 5335       4       Many::m2154 (14 bytes)
3246 5334       3       Many::m2154 (14 bytes)   made not entrant: not used
3247 5336       3       Many::m2155 (14 bytes)
3247 5337       4       Many::m2155 (14 bytes)
3247 5336       3       Many::m2155 (14 bytes)   made not entrant: not used
3248 5338       3       Many::m2156 (14 bytes)
3248 5339       4       Many::m2156 (14 bytes)
3248 5338       3       Many::m2156 (14 bytes)   made not entrant: not used
3250 5340       3       Many::m2157 (14 bytes)
3250 5341       4       Many::m2157 (14 bytes)
3250 5340       3       Many::m2157 (14 bytes)   made not entrant: not used
3251 5342       3       Many::m2158 (14 bytes)
3251 5343       4       Many::m2158 (14 bytes)
3251 5342       3       Many::m2158 (14 bytes)   made not entrant: not used
3252 5344       3       Many::m2159 (14 bytes)
3253 5345       4       Many::m2159 (14 bytes)
3253 5344       3       Many::m2159 (14 bytes)   made not entrant: not used
3254 5346       3       Many::m2160 (14 bytes)
3254 5347       4       Many::m2160 (14 bytes)
3254 5346       3       Many::m2160 (14 bytes)   made not entrant: not used
3255 5348       3       Many::m2161 (14 bytes)
3256 5349       4       Many::m2161 (14 bytes)
3256 5348       3       Many::m2161 (14 bytes)   made not entrant: not used
3257 5350       3       Many::m2162 (14 bytes)
3257 5351       4       Many::m2162 (14 bytes)
3257 5350       3       Many::m2162 (14 bytes)   made not entrant: not used
3258 5352       3       Many::m2163 (14 bytes)
3258 5353       4       Many::m2163 (14 bytes)
3259 5352       3       Many::m2163 (14 bytes)   made not entrant: not used
3260 5354       3       Many::m2164 (14 bytes)
3260 5355       4       Many::m2164 (14 bytes)
3260 5354       3       Many::m2164 (14 bytes)   made not entrant: not used
3261 5356       3       Many::m2165 (14 bytes)
3262 5357       4       Many::m2165 (14 bytes)
3262 5356       3       Many::m2165 (14 bytes)   made not entrant: not used
3263 5358       3       Many::m2166 (14 bytes)
3263 5359       4       Many::m2166 (14 bytes)
3263 5358       3       Many::m2166 (14 bytes)   made not entrant: not used
3264 5360       3       Many::m2167 (14 bytes)
3265 5361       4       Many::m2167 (14 bytes)
3265 5360       3       Many::m2167 (14 bytes)   made not entrant: not used
3266 5362       3       Many::m2168 (14 bytes)
3267 5363       4       Many::m2168 (14 bytes)
3267 5362       3       Many::m2168 (14 bytes)   made not entrant: not used
3268 5364       3       Many::m2169 (14 bytes)
3268 5365       4       Many::m2169 (14 bytes)
3268 5364       3       Many::m2169 (14 bytes)   made not entrant: not used
3269 5366       3       Many::m2170 (14 bytes)
3269 5367       4       Many::m2170 (14 bytes)
3269 5366       3       Many::m2170 (14 bytes)   made not entrant: not used
3271 5368       3       Many::m2171 (14 bytes)
3271 5369       4       Many::m2171 (14 bytes)
3271 5368       3       Many::m2171 (14 bytes)   made not entrant: not used
3272 5370       3       Many::m2172 (14 bytes)
3272 5371       4       Many::m2172 (14 bytes)
3272 5370       3       Many::m2172 (14 bytes)   made not entrant: not used
3273 5372       3       Many::m2173 (14 bytes)
3274 5373       4       Many::m2173 (14 bytes)
3274 5372       3       Many::m2173 (14 bytes)   made not entrant: not used
3275 5374       3       Many::m2174 (14 bytes)
3275 5375       4       Many::m2174 (14 bytes)
3275 5374       3       Many::m2174 (14 bytes)   made not entrant: not used
3276 5376       3       Many::m2175 (14 bytes)
3276 5377       4       Many::m2175 (14 bytes)
3277 5376       3       Many::m2175 (14 bytes)   made not entrant: not used
3278 5378       3       Many::m2176 (14 bytes)
3278 5379       4       Many::m2176 (14 bytes)
3278 5378       3       Many::m2176 (14 bytes)   made not entrant: not used
3279 5380       3       Many::m2177 (14 bytes)
3279 5381       4       Many::m2177 (14 bytes)
3279 5380       3       Many::m2177 (14 bytes)   made not entrant: not used
3281 5382       3       Many::m2178 (14 bytes)
3281 5383       4       Many::m2178 (14 bytes)
3281 5382       3       Many::m2178 (14 bytes)   made not entrant: not used
3282 5384       3       Many::m2179 (14 bytes)
3282 5385       4       Many::m2179 (14 bytes)
3282 5384       3       Many::m2179 (14 bytes)   made not entrant: not used
3283 5386       3       Many::m2180 (14 bytes)
3283 5387       4       Many::m2180 (14 bytes)
3284 5386       3       Many::m2180 (14 bytes)   made not entrant: not used
3285 5388       3       Many::m2181 (14 bytes)
3285 5389       4       Many::m2181 (14 bytes)
3285 5388       3       Many::m2181 (14 bytes)   made not entrant: not used
3286 5390       3       Many::m2182 (14 bytes)
3286 5391       4       Many::m2182 (14 bytes)
3286 5390       3       Many::m2182 (14 bytes)   made not entrant: not used
3288 5392       3       Many::m2183 (14 bytes)
3288 5393       4       Many::m2183 (14 bytes)
3288 5392       3       Many::m2183 (14 bytes)   made not entrant: not used
3289 5394       3       Many::m2184 (14 bytes)
3289 5395       4       Many::m2184 (14 bytes)
3289 5394       3       Many::m2184 (14 bytes)   made not entrant: not used
3291 5396       3       Many::m2185 (14 bytes)
3291 5397       4       Many::m2185 (14 bytes)
3291 5396       3       Many::m2185 (14 bytes)   made not entrant: not used
3292 5398       3       Many::m2186 (14 bytes)
3292 5399       4       Many::m2186 (14 bytes)
3292 5398       3       Many::m2186 (14 bytes)   made not entrant: not used
3294 5400       3       Many::m2187 (14 bytes)
3294 5401       4       Many::m2187 (14 bytes)
3294 5400       3       Many::m2187 (14 bytes)   made not entrant: not used
3295 5402       3       Many::m2188 (14 bytes)
3295 5403       4       Many::m2188 (14 bytes)
3295 5402       3       Many::m2188 (14 bytes)   made not entrant: not used
3296 5404       3       Many::m2189 (14 bytes)
3297 5405       4       Many::m2189 (14 bytes)
3297 5404       3       Many::m2189 (14 bytes)   made not entrant: not used
3298 5406       3       Many::m2190 (14 bytes)
3298 5407       4       Many::m2190 (14 bytes)
3298 5406       3       Many::m2190 (14 bytes)   made not entrant: not used
3299 5408       3       Many::m2191 (14 bytes)
3299 5409       4       Many::m2191 (14 bytes)
3299 5408       3       Many::m2191 (14 bytes)   made not entrant: not used
3301 5410       3       Many::m2192 (14 bytes)
3301 5411       4       Many::m2192 (14 bytes)
3301 5410       3       Many::m2192 (14 bytes)   made not entrant: not used
3302 5412       3       Many::m2193 (14 bytes)
3302 5413       4       Many::m2193 (14 bytes)
3302 5412       3       Many::m2193 (14 bytes)   made not entrant: not used
3304 5414       3       Many::m2194 (14 bytes)
3304 5415       4       Many::m2194 (14 bytes)
3304 5414       3       Many::m2194 (14 bytes)   made not entrant: not used
3305 5416       3       Many::m2195 (14 bytes)
3305 5417       4       Many::m2195 (14 bytes)
3305 5416       3       Many::m2195 (14 bytes)   made not entrant: not used
3307 5418       3       Many::m2196 (14 bytes)
3307 5419       4       Many::m2196 (14 bytes)
3307 5418       3       Many::m2196 (14 bytes)   made not entrant: not used
3308 5420       3       Many::m2197 (14 bytes)
3308 5421       4       Many::m2197 (14 bytes)
3308 5420       3       Many::m2197 (14 bytes)   made not entrant: not used
3310 5422       3       Many::m2198 (14 bytes)
3310 5423       4       Many::m2198 (14 bytes)
3310 5422       3       Many::m2198 (14 bytes)   made not entrant: not used
3311 5424       3       Many::m2199 (14 bytes)
3311 5425       4       Many::m2199 (14 bytes)
3311 5424       3       Many::m2199 (14 bytes)   made not entrant: not used
3312 5426       3       Many::m2200 (14 bytes)
3312 5427       4       Many::m2200 (14 bytes)
3313 5426       3       Many::m2200 (14 bytes)   made not entrant: not used
3314 5428       3       Many::m2201 (14 bytes)
3314 5429       4       Many::m2201 (14 bytes)
3314 5428       3       Many::m2201 (14 bytes)   made not entrant: not used
3315 5430       3       Many::m2202 (14 bytes)
3315 5431       4       Many::m2202 (14 bytes)
3315 5430       3       Many::m2202 (14 bytes)   made not entrant: not used
3317 5432       3       Many::m2203 (14 bytes)
3317 5433       4       Many::m2203 (14 bytes)
3317 5432       3       Many::m2203 (14 bytes)   made not entrant: not used
3318 5434       3       Many::m2204 (14 bytes)
3318 5435       4       Many::m2204 (14 bytes)
3318 5434       3       Many::m2204 (14 bytes)   made not entrant: not used
3320 5436       3       Many::m2205 (14 bytes)
3320 5437       4       Many::m2205 (14 bytes)
3320 5436       3       Many::m2205 (14 bytes)   made not entrant: not used
3321 5438       3       Many::m2206 (14 bytes)
3321 5439       4       Many::m2206 (14 bytes)
3321 5438       3       Many::m2206 (14 bytes)   made not entrant: not used
3322 5440       3       Many::m2207 (14 bytes)
3323 5441       4       Many::m2207 (14 bytes)
3323 5440       3       Many::m2207 (14 bytes)   made not entrant: not used
3324 5442       3       Many::m2208 (14 bytes)
3324 5443       4       Many::m2208 (14 bytes)
3324 5442       3       Many::m2208 (14 bytes)   made not entrant: not used
3325 5444       3       Many::m2209 (14 bytes)
3325 5445       4       Many::m2209 (14 bytes)
3326 5444       3       Many::m2209 (14 bytes)   made not entrant: not used
3327 5446       3       Many::m2210 (14 bytes)
3327 5447       4       Many::m2210 (14 bytes)
3327 5446       3       Many::m2210 (14 bytes)   made not entrant: not used
3328 5448       3       Many::m2211 (14 bytes)
3328 5449       4       Many::m2211 (14 bytes)
3328 5448       3       Many::m2211 (14 bytes)   made not entrant: not used
3330 5450       3       Many::m2212 (14 bytes)
3330 5451       4       Many::m2212 (14 bytes)
3330 5450       3       Many::m2212 (14 bytes)   made not entrant: not used
3331 5452       3       Many::m2213 (14 bytes)
3331 5453       4       Many::m2213 (14 bytes)
3331 5452       3       Many::m2213 (14 bytes)   made not entrant: not used
3332 5454       3       Many::m2214 (14 bytes)
3333 5455       4       Many::m2214 (14 bytes)
3333 5454       3       Many::m2214 (14 bytes)   made not entrant: not used
3334 5456       3       Many::m2215 (14 bytes)
3334 5457       4       Many::m2215 (14 bytes)
3334 5456       3       Many::m2215 (14 bytes)   made not entrant: not used
3335 5458       3       Many::m2216 (14 bytes)
3335 5459       4       Many::m2216 (14 bytes)
3335 5458       3       Many::m2216 (14 bytes)   made not entrant: not used
3337 5460       3       Many::m2217 (14 bytes)
3337 5461       4       Many::m2217 (14 bytes)
3337 5460       3       Many::m2217 (14 bytes)   made not entrant: not used
3338 5462       3       Many::m2218 (14 bytes)
3338 5463       4       Many::m2218 (14 bytes)
3338 5462       3       Many::m2218 (14 bytes)   made not entrant: not used
3340 5464       3       Many::m2219 (14 bytes)
3340 5465       4       Many::m2219 (14 bytes)
3340 5464       3       Many::m2219 (14 bytes)   made not entrant: not used
3341 5466       3       Many::m2220 (14 bytes)
3341 5467       4       Many::m2220 (14 bytes)
3341 5466       3       Many::m2220 (14 bytes)   made not entrant: not used
3343 5468       3       Many::m2221 (14 bytes)
3343 5469       4       Many::m2221 (14 bytes)
3343 5468       3       Many::m2221 (14 bytes)   made not entrant: not used
3344 5470       3       Many::m2222 (14 bytes)
3344 5471       4       Many::m2222 (14 bytes)
3344 5470       3       Many::m2222 (14 bytes)   made not entrant: not used
3345 5472       3       Many::m2223 (14 bytes)
3346 5473       4       Many::m2223 (14 bytes)
3346 5472       3       Many::m2223 (14 bytes)   made not entrant: not used
3347 5474       3       Many::m2224 (14 bytes)
3347 5475       4       Many::m2224 (14 bytes)
3347 5474       3       Many::m2224 (14 bytes)   made not entrant: not used
3348 5476       3       Many::m2225 (14 bytes)
3348 5477       4       Many::m2225 (14 bytes)
3349 5476       3       Many::m2225 (14 bytes)   made not entrant: not used
3350 5478       3       Many::m2226 (14 bytes)
3350 5479       4       Many::m2226 (14 bytes)
3350 5478       3       Many::m2226 (14 bytes)   made not entrant: not used
3351 5480       3       Many::m2227 (14 bytes)
3351 5481       4       Many::m2227 (14 bytes)
3351 5480       3       Many::m2227 (14 bytes)   made not entrant: not used
3353 5482       3       Many::m2228 (14 bytes)
3353 5483       4       Many::m2228 (14 bytes)
3353 5482       3       Many::m2228 (14 bytes)   made not entrant: not used
3354 5484       3       Many::m2229 (14 bytes)
3354 5485       4       Many::m2229 (14 bytes)
3354 5484       3       Many::m2229 (14 bytes)   made not entrant: not used
3356 5486       3       Many::m2230 (14 bytes)
3356 5487       4       Many::m2230 (14 bytes)
3356 5486       3       Many::m2230 (14 bytes)   made not entrant: not used
3357 5488       3       Many::m2231 (14 bytes)
3357 5489       4       Many::m2231 (14 bytes)
3357 5488       3       Many::m2231 (14 bytes)   made not entrant: not used
3359 5490       3       Many::m2232 (14 bytes)
3359 5491       4       Many::m2232 (14 bytes)
3359 5490       3       Many::m2232 (14 bytes)   made not entrant: not used
3360 5492       3       Many::m2233 (14 bytes)
3360 5493       4       Many::m2233 (14 bytes)
3360 5492       3       Many::m2233 (14 bytes)   made not entrant: not used
3361 5494       3       Many::m2234 (14 bytes)
3362 5495       4       Many::m2234 (14 bytes)
3362 5494       3       Many::m2234 (14 bytes)   made not entrant: not used
3363 5496       3       Many::m2235 (14 bytes)
3363 5497       4       Many::m2235 (14 bytes)
3363 5496       3       Many::m2235 (14 bytes)   made not entrant: not used
3364 5498       3       Many::m2236 (14 bytes)
3364 5499       4       Many::m2236 (14 bytes)
3364 5498       3       Many::m2236 (14 bytes)   made not entrant: not used
3366 5500       3       Many::m2237 (14 bytes)
3366 5501       4       Many::m2237 (14 bytes)
3366 5500       3       Many::m2237 (14 bytes)   made not entrant: not used
3367 5502       3       Many::m2238 (14 bytes)
3367 5503       4       Many::m2238 (14 bytes)
3367 5502       3       Many::m2238 (14 bytes)   made not entrant: not used
3369 5504       3       Many::m2239 (14 bytes)
3369 5505       4       Many::m2239 (14 bytes)
3369 5504       3       Many::m2239 (14 bytes)   made not entrant: not used
3370 5506       3       Many::m2240 (14 bytes)
3370 5507       4       Many::m2240 (14 bytes)
3370 5506       3       Many::m2240 (14 bytes)   made not entrant: not used
3371 5508       3       Many::m2241 (14 bytes)
3372 5509       4       Many::m2241 (14 bytes)
3372 5508       3       Many::m2241 (14 bytes)   made not entrant: not used
3373 5510       3       Many::m2242 (14 bytes)
3373 5511       4       Many::m2242 (14 bytes)
3373 5510       3       Many::m2242 (14 bytes)   made not entrant: not used
3374 5512       3       Many::m2243 (14 bytes)
3375 5513       4       Many::m2243 (14 bytes)
3375 5512       3       Many::m2243 (14 bytes)   made not entrant: not used
3376 5514       3       Many::m2244 (14 bytes)
3376 5515       4       Many::m2244 (14 bytes)
3376 5514       3       Many::m2244 (14 bytes)   made not entrant: not used
3377 5516       3       Many::m2245 (14 bytes)
3377 5517       4       Many::m2245 (14 bytes)
3378 5516       3       Many::m2245 (14 bytes)   made not entrant: not used
3379 5518       3       Many::m2246 (14 bytes)
3379 5519       4       Many::m2246 (14 bytes)
3379 5518       3       Many::m2246 (14 bytes)   made not entrant: not used
3380 5520       3       Many::m2247 (14 bytes)
3380 5521       4       Many::m2247 (14 bytes)
3380 5520       3       Many::m2247 (14 bytes)   made not entrant: not used
3382 5522       3       Many::m2248 (14 bytes)
3382 5523       4       Many::m2248 (14 bytes)
3382 5522       3       Many::m2248 (14 bytes)   made not entrant: not used
3383 5524       3       Many::m2249 (14 bytes)
3383 5525       4       Many::m2249 (14 bytes)
3383 5524       3       Many::m2249 (14 bytes)   made not entrant: not used
3384 5526       3       Many::m2250 (14 bytes)
3384 5527       4       Many::m2250 (14 bytes)
3385 5526       3       Many::m2250 (14 bytes)   made not entrant: not used
3386 5528       3       Many::m2251 (14 bytes)
3386 5529       4       Many::m2251 (14 bytes)
3386 5528       3       Many::m2251 (14 bytes)   made not entrant: not used
3387 5530       3       Many::m2252 (14 bytes)
3387 5531       4       Many::m2252 (14 bytes)
3387 5530       3       Many::m2252 (14 bytes)   made not entrant: not used
3389 5532       3       Many::m2253 (14 bytes)
3389 5533       4       Many::m2253 (14 bytes)
3389 5532       3       Many::m2253 (14 bytes)   made not entrant: not used
3390 5534       3       Many::m2254 (14 bytes)
3390 5535       4       Many::m2254 (14 bytes)
3390 5534       3       Many::m2254 (14 bytes)   made not entrant: not used
3392 5536       3       Many::m2255 (14 bytes)
3392 5537       4       Many::m2255 (14 bytes)
3392 5536       3       Many::m2255 (14 bytes)   made not entrant: not used
3393 5538       3       Many::m2256 (14 bytes)
3393 5539       4       Many::m2256 (14 bytes)
3393 5538       3       Many::m2256 (14 bytes)   made not entrant: not used
3395 5540       3       Many::m2257 (14 bytes)
3395 5541       4       Many::m2257 (14 bytes)
3395 5540       3       Many::m2257 (14 bytes)   made not entrant: not used
3396 5542       3       Many::m2258 (14 bytes)
3396 5543       4       Many::m2258 (14 bytes)
3396 5542       3       Many::m2258 (14 bytes)   made not entrant: not used
3397 5544       3       Many::m2259 (14 bytes)
3397 5545       4       Many::m2259 (14 bytes)
3398 5544       3       Many::m2259 (14 bytes)   made not entrant: not used
3399 5546       3       Many::m2260 (14 bytes)
3399 5547       4       Many::m2260 (14 bytes)
3399 5546       3       Many::m2260 (14 bytes)   made not entrant: not used
3400 5548       3       Many::m2261 (14 bytes)
3400 5549       4       Many::m2261 (14 bytes)
3400 5548       3       Many::m2261 (14 bytes)   made not entrant: not used
3402 5550       3       Many::m2262 (14 bytes)
3402 5551       4       Many::m2262 (14 bytes)
3402 5550       3       Many::m2262 (14 bytes)   made not entrant: not used
3403 5552       3       Many::m2263 (14 bytes)
3403 5553       4       Many::m2263 (14 bytes)
3403 5552       3       Many::m2263 (14 bytes)   made not entrant: not used
3405 5554       3       Many::m2264 (14 bytes)
3405 5555       4       Many::m2264 (14 bytes)
3405 5554       3       Many::m2264 (14 bytes)   made not entrant: not used
3406 5556       3       Many::m2265 (14 bytes)
3406 5557       4       Many::m2265 (14 bytes)
3406 5556       3       Many::m2265 (14 bytes)   made not entrant: not used
3408 5558       3       Many::m2266 (14 bytes)
3408 5559       4       Many::m2266 (14 bytes)
3408 5558       3       Many::m2266 (14 bytes)   made not entrant: not used
3409 5560       3       Many::m2267 (14 bytes)
3409 5561       4       Many::m2267 (14 bytes)
3409 5560       3       Many::m2267 (14 bytes)   made not entrant: not used
3410 5562       3       Many::m2268 (14 bytes)
3411 5563       4       Many::m2268 (14 bytes)
3411 5562       3       Many::m2268 (14 bytes)   made not entrant: not used
3412 5564       3       Many::m2269 (14 bytes)
3412 5565       4       Many::m2269 (14 bytes)
3412 5564       3       Many::m2269 (14 bytes)   made not entrant: not used
3413 5566       3       Many::m2270 (14 bytes)
3413 5567       4       Many::m2270 (14 bytes)
3413 5566       3       Many::m2270 (14 bytes)   made not entrant: not used
3415 5568       3       Many::m2271 (14 bytes)
3415 5569       4       Many::m2271 (14 bytes)
3415 5568       3       Many::m2271 (14 bytes)   made not entrant: not used
3416 5570       3       Many::m2272 (14 bytes)
3416 5571       4       Many::m2272 (14 bytes)
3416 5570       3       Many::m2272 (14 bytes)   made not entrant: not used
3418 5572       3       Many::m2273 (14 bytes)
3418 5573       4       Many::m2273 (14 bytes)
3418 5572       3       Many::m2273 (14 bytes)   made not entrant: not used
3419 5574       3       Many::m2274 (14 bytes)
3419 5575       4       Many::m2274 (14 bytes)
3419 5574       3       Many::m2274 (14 bytes)   made not entrant: not used
3420 5576       3       Many::m2275 (14 bytes)
3421 5577       4       Many::m2275 (14 bytes)
3421 5576       3       Many::m2275 (14 bytes)   made not entrant: not used
3422 5578       3       Many::m2276 (14 bytes)
3422 5579       4       Many::m2276 (14 bytes)
3422 5578       3       Many::m2276 (14 bytes)   made not entrant: not used
3423 5580       3       Many::m2277 (14 bytes)
3424 5581       4       Many::m2277 (14 bytes)
3424 5580       3       Many::m2277 (14 bytes)   made not entrant: not used
3425 5582       3       Many::m2278 (14 bytes)
3425 5583       4       Many::m2278 (14 bytes)
3425 5582       3       Many::m2278 (14 bytes)   made not entrant: not used
3426 5584       3       Many::m2279 (14 bytes)
3426 5585       4       Many::m2279 (14 bytes)
3426 5584       3       Many::m2279 (14 bytes)   made not entrant: not used
3428 5586       3       Many::m2280 (14 bytes)
3428 5587       4       Many::m2280 (14 bytes)
3428 5586       3       Many::m2280 (14 bytes)   made not entrant: not used
3429 5588       3       Many::m2281 (14 bytes)
3429 5589       4       Many::m2281 (14 bytes)
3429 5588       3       Many::m2281 (14 bytes)   made not entrant: not used
3431 5590       3       Many::m2282 (14 bytes)
3431 5591       4       Many::m2282 (14 bytes)
3431 5590       3       Many::m2282 (14 bytes)   made not entrant: not used
3432 5592       3       Many::m2283 (14 bytes)
3432 5593       4       Many::m2283 (14 bytes)
3432 5592       3       Many::m2283 (14 bytes)   made not entrant: not used
3433 5594       3       Many::m2284 (14 bytes)
3433 5595       4       Many::m2284 (14 bytes)
3434 5594       3       Many::m2284 (14 bytes)   made not entrant: not used
3435 5596       3       Many::m2285 (14 bytes)
3435 5597       4       Many::m2285 (14 bytes)
3435 5596       3       Many::m2285 (14 bytes)   made not entrant: not used
3436 5598       3       Many::m2286 (14 bytes)
3436 5599       4       Many::m2286 (14 bytes)
3436 5598       3       Many::m2286 (14 bytes)   made not entrant: not used
3438 5600       3       Many::m2287 (14 bytes)
3438 5601       4       Many::m2287 (14 bytes)
3438 5600       3       Many::m2287 (14 bytes)   made not entrant: not used
3439 5602       3       Many::m2288 (14 bytes)
3439 5603       4       Many::m2288 (14 bytes)
3439 5602       3       Many::m2288 (14 bytes)   made not entrant: not used
3441 5604       3       Many::m2289 (14 bytes)
3441 5605       4       Many::m2289 (14 bytes)
3441 5604       3       Many::m2289 (14 bytes)   made not entrant: not used
3442 5606       3       Many::m2290 (14 bytes)
3442 5607       4       Many::m2290 (14 bytes)
3442 5606       3       Many::m2290 (14 bytes)   made not entrant: not used
3444 5608       3       Many::m2291 (14 bytes)
3444 5609       4       Many::m2291 (14 bytes)
3444 5608       3       Many::m2291 (14 bytes)   made not entrant: not used
3445 5610       3       Many::m2292 (14 bytes)
3445 5611       4       Many::m2292 (14 bytes)
3445 5610       3       Many::m2292 (14 bytes)   made not entrant: not used
3446 5612       3       Many::m2293 (14 bytes)
3447 5613       4       Many::m2293 (14 bytes)
3447 5612       3       Many::m2293 (14 bytes)   made not entrant: not used
3448 5614       3       Many::m2294 (14 bytes)
3448 5615       4       Many::m2294 (14 bytes)
3448 5614       3       Many::m2294 (14 bytes)   made not entrant: not used
3449 5616       3       Many::m2295 (14 bytes)
3450 5617       4       Many::m2295 (14 bytes)
3450 5616       3       Many::m2295 (14 bytes)   made not entrant: not used
3451 5618       3       Many::m2296 (14 bytes)
3451 5619       4       Many::m2296 (14 bytes)
3451 5618       3       Many::m2296 (14 bytes)   made not entrant: not used
3452 5620       3       Many::m2297 (14 bytes)
3452 5621       4       Many::m2297 (14 bytes)
3452 5620       3       Many::m2297 (14 bytes)   made not entrant: not used
3454 5622       3       Many::m2298 (14 bytes)
3454 5623       4       Many::m2298 (14 bytes)
3454 5622       3       Many::m2298 (14 bytes)   made not entrant: not used
3455 5624       3       Many::m2299 (14 bytes)
3455 5625       4       Many::m2299 (14 bytes)
3455 5624       3       Many::m2299 (14 bytes)   made not entrant: not used
3457 5626       3       Many::m2300 (14 bytes)
3457 5627       4       Many::m2300 (14 bytes)
3457 5626       3       Many::m2300 (14 bytes)   made not entrant: not used
3458 5628       3       Many::m2301 (14 bytes)
3458 5629       4       Many::m2301 (14 bytes)
3458 5628       3       Many::m2301 (14 bytes)   made not entrant: not used
3460 5630       3       Many::m2302 (14 bytes)
3460 5631       4       Many::m2302 (14 bytes)
3460 5630       3       Many::m2302 (14 bytes)   made not entrant: not used
3461 5632       3       Many::m2303 (14 bytes)
3461 5633       4       Many::m2303 (14 bytes)
3461 5632       3       Many::m2303 (14 bytes)   made not entrant: not used
3462 5634       3       Many::m2304 (14 bytes)
3463 5635       4       Many::m2304 (14 bytes)
3463 5634       3       Many::m2304 (14 bytes)   made not entrant: not used
3464 5636       3       Many::m2305 (14 bytes)
3464 5637       4       Many::m2305 (14 bytes)
3464 5636       3       Many::m2305 (14 bytes)   made not entrant: not used
3465 5638       3       Many::m2306 (14 bytes)
3465 5639       4       Many::m2306 (14 bytes)
3465 5638       3       Many::m2306 (14 bytes)   made not entrant: not used
3467 5640       3       Many::m2307 (14 bytes)
3467 5641       4       Many::m2307 (14 bytes)
3467 5640       3       Many::m2307 (14 bytes)   made not entrant: not used
3468 5642       3       Many::m2308 (14 bytes)
3468 5643       4       Many::m2308 (14 bytes)
3468 5642       3       Many::m2308 (14 bytes)   made not entrant: not used
3470 5644       3       Many::m2309 (14 bytes)
3470 5645       4       Many::m2309 (14 bytes)
3470 5644       3       Many::m2309 (14 bytes)   made not entrant: not used
3471 5646       3       Many::m2310 (14 bytes)
3471 5647       4       Many::m2310 (14 bytes)
3471 5646       3       Many::m2310 (14 bytes)   made not entrant: not used
3473 5648       3       Many::m2311 (14 bytes)
3473 5649       4       Many::m2311 (14 bytes)
3473 5648       3       Many::m2311 (14 bytes)   made not entrant: not used
3474 5650       3       Many::m2312 (14 bytes)
3474 5651       4       Many::m2312 (14 bytes)
3474 5650       3       Many::m2312 (14 bytes)   made not entrant: not used
3475 5652       3       Many::m2313 (14 bytes)
3476 5653       4       Many::m2313 (14 bytes)
3476 5652       3       Many::m2313 (14 bytes)   made not entrant: not used
3477 5654       3       Many::m2314 (14 bytes)
3477 5655       4       Many::m2314 (14 bytes)
3477 5654       3       Many::m2314 (14 bytes)   made not entrant: not used
3478 5656       3       Many::m2315 (14 bytes)
3478 5657       4       Many::m2315 (14 bytes)
3478 5656       3       Many::m2315 (14 bytes)   made not entrant: not used
3480 5658       3       Many::m2316 (14 bytes)
3480 5659       4       Many::m2316 (14 bytes)
3480 5658       3       Many::m2316 (14 bytes)   made not entrant: not used
3481 5660       3       Many::m2317 (14 bytes)
3481 5661       4       Many::m2317 (14 bytes)
3481 5660       3       Many::m2317 (14 bytes)   made not entrant: not used
3483 5662       3       Many::m2318 (14 bytes)
3483 5663       4       Many::m2318 (14 bytes)
3483 5662       3       Many::m2318 (14 bytes)   made not entrant: not used
3484 5664       3       Many::m2319 (14 bytes)
3484 5665       4       Many::m2319 (14 bytes)
3484 5664       3       Many::m2319 (14 bytes)   made not entrant: not used
3485 5666       3       Many::m2320 (14 bytes)
3486 5667       4       Many::m2320 (14 bytes)
3486 5666       3       Many::m2320 (14 bytes)   made not entrant: not used
3487 5668       3       Many::m2321 (14 bytes)
3487 5669       4       Many::m2321 (14 bytes)
3487 5668       3       Many::m2321 (14 bytes)   made not entrant: not used
3488 5670       3       Many::m2322 (14 bytes)
3488 5671       4       Many::m2322 (14 bytes)
3489 5670       3       Many::m2322 (14 bytes)   made not entrant: not used
3490 5672       3       Many::m2323 (14 bytes)
3490 5673       4       Many::m2323 (14 bytes)
3490 5672       3       Many::m2323 (14 bytes)   made not entrant: not used
3491 5674       3       Many::m2324 (14 bytes)
3492 5675       4       Many::m2324 (14 bytes)
3492 5674       3       Many::m2324 (14 bytes)   made not entrant: not used
3493 5676       3       Many::m2325 (14 bytes)
3493 5677       4       Many::m2325 (14 bytes)
3493 5676       3       Many::m2325 (14 bytes)   made not entrant: not used
3494 5678       3       Many::m2326 (14 bytes)
3494 5679       4       Many::m2326 (14 bytes)
3494 5678       3       Many::m2326 (14 bytes)   made not entrant: not used
3496 5680       3       Many::m2327 (14 bytes)
3496 5681       4       Many::m2327 (14 bytes)
3496 5680       3       Many::m2327 (14 bytes)   made not entrant: not used
3497 5682       3       Many::m2328 (14 bytes)
3497 5683       4       Many::m2328 (14 bytes)
3497 5682       3       Many::m2328 (14 bytes)   made not entrant: not used
3499 5684       3       Many::m2329 (14 bytes)
3499 5685       4       Many::m2329 (14 bytes)
3499 5684       3       Many::m2329 (14 bytes)   made not entrant: not used
3500 5686       3       Many::m2330 (14 bytes)
3500 5687       4       Many::m2330 (14 bytes)
3500 5686       3       Many::m2330 (14 bytes)   made not entrant: not used
3502 5688       3       Many::m2331 (14 bytes)
3502 5689       4       Many::m2331 (14 bytes)
3502 5688       3       Many::m2331 (14 bytes)   made not entrant: not used
3503 5690       3       Many::m2332 (14 bytes)
3503 5691       4       Many::m2332 (14 bytes)
3503 5690       3       Many::m2332 (14 bytes)   made not entrant: not used
3504 5692       3       Many::m2333 (14 bytes)
3505 5693       4       Many::m2333 (14 bytes)
3505 5692       3       Many::m2333 (14 bytes)   made not entrant: not used
3506 5694       3       Many::m2334 (14 bytes)
3506 5695       4       Many::m2334 (14 bytes)
3506 5694       3       Many::m2334 (14 bytes)   made not entrant: not used
3508 5696       3       Many::m2335 (14 bytes)
3508 5697       4       Many::m2335 (14 bytes)
3508 5696       3       Many::m2335 (14 bytes)   made not entrant: not used
3509 5698       3       Many::m2336 (14 bytes)
3509 5699       4       Many::m2336 (14 bytes)
3509 5698       3       Many::m2336 (14 bytes)   made not entrant: not used
3510 5700       3       Many::m2337 (14 bytes)
3511 5701       4       Many::m2337 (14 bytes)
3511 5700       3       Many::m2337 (14 bytes)   made not entrant: not used
3512 5702       3       Many::m2338 (14 bytes)
3512 5703       4       Many::m2338 (14 bytes)
3512 5702       3       Many::m2338 (14 bytes)   made not entrant: not used
3513 5704       3       Many::m2339 (14 bytes)
3513 5705       4       Many::m2339 (14 bytes)
3514 5704       3       Many::m2339 (14 bytes)   made not entrant: not used
3515 5706       3       Many::m2340 (14 bytes)
3515 5707       4       Many::m2340 (14 bytes)
3515 5706       3       Many::m2340 (14 bytes)   made not entrant: not used
3516 5708       3       Many::m2341 (14 bytes)
3516 5709       4       Many::m2341 (14 bytes)
3516 5708       3       Many::m2341 (14 bytes)   made not entrant: not used
3518 5710       3       Many::m2342 (14 bytes)
3518 5711       4       Many::m2342 (14 bytes)
3518 5710       3       Many::m2342 (14 bytes)   made not entrant: not used
3519 5712       3       Many::m2343 (14 bytes)
3519 5713       4       Many::m2343 (14 bytes)
3519 5712       3       Many::m2343 (14 bytes)   made not entrant: not used
3520 5714       3       Many::m2344 (14 bytes)
3521 5715       4       Many::m2344 (14 bytes)
3521 5714       3       Many::m2344 (14 bytes)   made not entrant: not used
3522 5716       3       Many::m2345 (14 bytes)
3522 5717       4       Many::m2345 (14 bytes)
3522 5716       3       Many::m2345 (14 bytes)   made not entrant: not used
3523 5718       3       Many::m2346 (14 bytes)
3524 5719       4       Many::m2346 (14 bytes)
3524 5718       3       Many::m2346 (14 bytes)   made not entrant: not used
3525 5720       3       Many::m2347 (14 bytes)
3525 5721       4       Many::m2347 (14 bytes)
3525 5720       3       Many::m2347 (14 bytes)   made not entrant: not used
3526 5722       3       Many::m2348 (14 bytes)
3526 5723       4       Many::m2348 (14 bytes)
3527 5722       3       Many::m2348 (14 bytes)   made not entrant: not used
3528 5724       3       Many::m2349 (14 bytes)
3528 5725       4       Many::m2349 (14 bytes)
3528 5724       3       Many::m2349 (14 bytes)   made not entrant: not used
3529 5726       3       Many::m2350 (14 bytes)
3529 5727       4       Many::m2350 (14 bytes)
3529 5726       3       Many::m2350 (14 bytes)   made not entrant: not used
3531 5728       3       Many::m2351 (14 bytes)
3531 5729       4       Many::m2351 (14 bytes)
3531 5728       3       Many::m2351 (14 bytes)   made not entrant: not used
3532 5730       3       Many::m2352 (14 bytes)
3532 5731       4       Many::m2352 (14 bytes)
3532 5730       3       Many::m2352 (14 bytes)   made not entrant: not used
3533 5732       3       Many::m2353 (14 bytes)
3534 5733       4       Many::m2353 (14 bytes)
3534 5732       3       Many::m2353 (14 bytes)   made not entrant: not used
3535 5734       3       Many::m2354 (14 bytes)
3535 5735       4       Many::m2354 (14 bytes)
3535 5734       3       Many::m2354 (14 bytes)   made not entrant: not used
3536 5736       3       Many::m2355 (14 bytes)
3536 5737       4       Many::m2355 (14 bytes)
3537 5736       3       Many::m2355 (14 bytes)   made not entrant: not used
3538 5738       3       Many::m2356 (14 bytes)
3538 5739       4       Many::m2356 (14 bytes)
3538 5738       3       Many::m2356 (14 bytes)   made not entrant: not used
3539 5740       3       Many::m2357 (14 bytes)
3539 5741       4       Many::m2357 (14 bytes)
3540 5740       3       Many::m2357 (14 bytes)   made not entrant: not used
3541 5742       3       Many::m2358 (14 bytes)
3541 5743       4       Many::m2358 (14 bytes)
3541 5742       3       Many::m2358 (14 bytes)   made not entrant: not used
3542 5744       3       Many::m2359 (14 bytes)
3542 5745       4       Many::m2359 (14 bytes)
3542 5744       3       Many::m2359 (14 bytes)   made not entrant: not used
3544 5746       3       Many::m2360 (14 bytes)
3544 5747       4       Many::m2360 (14 bytes)
3544 5746       3       Many::m2360 (14 bytes)   made not entrant: not used
3545 5748       3       Many::m2361 (14 bytes)
3545 5749       4       Many::m2361 (14 bytes)
3545 5748       3       Many::m2361 (14 bytes)   made not entrant: not used
3547 5750       3       Many::m2362 (14 bytes)
3547 5751       4       Many::m2362 (14 bytes)
3547 5750       3       Many::m2362 (14 bytes)   made not entrant: not used
3548 5752       3       Many::m2363 (14 bytes)
3548 5753       4       Many::m2363 (14 bytes)
3548 5752       3       Many::m2363 (14 bytes)   made not entrant: not used
3549 5754       3       Many::m2364 (14 bytes)
3550 5755       4       Many::m2364 (14 bytes)
3550 5754       3       Many::m2364 (14 bytes)   made not entrant: not used
3551 5756       3       Many::m2365 (14 bytes)
3551 5757       4       Many::m2365 (14 bytes)
3551 5756       3       Many::m2365 (14 bytes)   made not entrant: not used
3552 5758       3       Many::m2366 (14 bytes)
3552 5759       4       Many::m2366 (14 bytes)
3552 5758       3       Many::m2366 (14 bytes)   made not entrant: not used
3554 5760       3       Many::m2367 (14 bytes)
3554 5761       4       Many::m2367 (14 bytes)
3554 5760       3       Many::m2367 (14 bytes)   made not entrant: not used
3555 5762       3       Many::m2368 (14 bytes)
3555 5763       4       Many::m2368 (14 bytes)
3556 5762       3       Many::m2368 (14 bytes)   made not entrant: not used
3557 5764       3       Many::m2369 (14 bytes)
3557 5765       4       Many::m2369 (14 bytes)
3557 5764       3       Many::m2369 (14 bytes)   made not entrant: not used
3558 5766       3       Many::m2370 (14 bytes)
3558 5767       4       Many::m2370 (14 bytes)
3558 5766       3       Many::m2370 (14 bytes)   made not entrant: not used
3560 5768       3       Many::m2371 (14 bytes)
3560 5769       4       Many::m2371 (14 bytes)
3560 5768       3       Many::m2371 (14 bytes)   made not entrant: not used
3561 5770       3       Many::m2372 (14 bytes)
3561 5771       4       Many::m2372 (14 bytes)
3561 5770       3       Many::m2372 (14 bytes)   made not entrant: not used
3563 5772       3       Many::m2373 (14 bytes)
3563 5773       4       Many::m2373 (14 bytes)
3563 5772       3       Many::m2373 (14 bytes)   made not entrant: not used
3564 5774       3       Many::m2374 (14 bytes)
3564 5775       4       Many::m2374 (14 bytes)
3564 5774       3       Many::m2374 (14 bytes)   made not entrant: not used
3565 5776       3       Many::m2375 (14 bytes)
3565 5777       4       Many::m2375 (14 bytes)
3566 5776       3       Many::m2375 (14 bytes)   made not entrant: not used
3567 5778       3       Many::m2376 (14 bytes)
3567 5779       4       Many::m2376 (14 bytes)
3567 5778       3       Many::m2376 (14 bytes)   made not entrant: not used
3568 5780       3       Many::m2377 (14 bytes)
3568 5781       4       Many::m2377 (14 bytes)
3568 5780       3       Many::m2377 (14 bytes)   made not entrant: not used
3570 5782       3       Many::m2378 (14 bytes)
3570 5783       4       Many::m2378 (14 bytes)
3570 5782       3       Many::m2378 (14 bytes)   made not entrant: not used
3571 5784       3       Many::m2379 (14 bytes)
3571 5785       4       Many::m2379 (14 bytes)
3571 5784       3       Many::m2379 (14 bytes)   made not entrant: not used
3573 5786       3       Many::m2380 (14 bytes)
3573 5787       4       Many::m2380 (14 bytes)
3573 5786       3       Many::m2380 (14 bytes)   made not entrant: not used
3574 5788       3       Many::m2381 (14 bytes)
3574 5789       4       Many::m2381 (14 bytes)
3574 5788       3       Many::m2381 (14 bytes)   made not entrant: not used
3576 5790       3       Many::m2382 (14 bytes)
3576 5791       4       Many::m2382 (14 bytes)
3576 5790       3       Many::m2382 (14 bytes)   made not entrant: not used
3577 5792       3       Many::m2383 (14 bytes)
3577 5793       4       Many::m2383 (14 bytes)
3577 5792       3       Many::m2383 (14 bytes)   made not entrant: not used
3578 5794       3       Many::m2384 (14 bytes)
3578 5795       4       Many::m2384 (14 bytes)
3579 5794       3       Many::m2384 (14 bytes)   made not entrant: not used
3580 5796       3       Many::m2385 (14 bytes)
3580 5797       4       Many::m2385 (14 bytes)
3580 5796       3       Many::m2385 (14 bytes)   made not entrant: not used
3581 5798       3       Many::m2386 (14 bytes)
3581 5799       4       Many::m2386 (14 bytes)
3581 5798       3       Many::m2386 (14 bytes)   made not entrant: not used
3583 5800       3       Many::m2387 (14 bytes)
3583 5801       4       Many::m2387 (14 bytes)
3583 5800       3       Many::m2387 (14 bytes)   made not entrant: not used
3584 5802       3       Many::m2388 (14 bytes)
3584 5803       4       Many::m2388 (14 bytes)
3584 5802       3       Many::m2388 (14 bytes)   made not entrant: not used
3585 5804       3       Many::m2389 (14 bytes)
3586 5805       4       Many::m2389 (14 bytes)
3586 5804       3       Many::m2389 (14 bytes)   made not entrant: not used
3587 5806       3       Many::m2390 (14 bytes)
3587 5807       4       Many::m2390 (14 bytes)
3587 5806       3       Many::m2390 (14 bytes)   made not entrant: not used
3588 5808       3       Many::m2391 (14 bytes)
3589 5809       4       Many::m2391 (14 bytes)
3589 5808       3       Many::m2391 (14 bytes)   made not entrant: not used
3590 5810       3       Many::m2392 (14 bytes)
3590 5811       4       Many::m2392 (14 bytes)
3590 5810       3       Many::m2392 (14 bytes)   made not entrant: not used
3591 5812       3       Many::m2393 (14 bytes)
3591 5813       4       Many::m2393 (14 bytes)
3592 5812       3       Many::m2393 (14 bytes)   made not entrant: not used
3593 5814       3       Many::m2394 (14 bytes)
3593 5815       4       Many::m2394 (14 bytes)
3593 5814       3       Many::m2394 (14 bytes)   made not entrant: not used
3594 5816       3       Many::m2395 (14 bytes)
3594 5817       4       Many::m2395 (14 bytes)
3594 5816       3       Many::m2395 (14 bytes)   made not entrant: not used
3596 5818       3       Many::m2396 (14 bytes)
3596 5819       4       Many::m2396 (14 bytes)
3596 5818       3       Many::m2396 (14 bytes)   made not entrant: not used
3597 5820       3       Many::m2397 (14 bytes)
3597 5821       4       Many::m2397 (14 bytes)
3597 5820       3       Many::m2397 (14 bytes)   made not entrant: not used
3599 5822       3       Many::m2398 (14 bytes)
3599 5823       4       Many::m2398 (14 bytes)
3599 5822       3       Many::m2398 (14 bytes)   made not entrant: not used
3600 5824       3       Many::m2399 (14 bytes)
3600 5825       4       Many::m2399 (14 bytes)
3600 5824       3       Many::m2399 (14 bytes)   made not entrant: not used
3601 5826       3       Many::m2400 (14 bytes)
3601 5827       4       Many::m2400 (14 bytes)
3602 5826       3       Many::m2400 (14 bytes)   made not entrant: not used
3603 5828       3       Many::m2401 (14 bytes)
3603 5829       4       Many::m2401 (14 bytes)
3603 5828       3       Many::m2401 (14 bytes)   made not entrant: not used
3604 5830       3       Many::m2402 (14 bytes)
3604 5831       4       Many::m2402 (14 bytes)
3604 5830       3       Many::m2402 (14 bytes)   made not entrant: not used
3606 5832       3       Many::m2403 (14 bytes)
3606 5833       4       Many::m2403 (14 bytes)
3606 5832       3       Many::m2403 (14 bytes)   made not entrant: not used
3607 5834       3       Many::m2404 (14 bytes)
3607 5835       4       Many::m2404 (14 bytes)
3607 5834       3       Many::m2404 (14 bytes)   made not entrant: not used
3609 5836       3       Many::m2405 (14 bytes)
3609 5837       4       Many::m2405 (14 bytes)
3609 5836       3       Many::m2405 (14 bytes)   made not entrant: not used
3610 5838       3       Many::m2406 (14 bytes)
3610 5839       4       Many::m2406 (14 bytes)
3610 5838       3       Many::m2406 (14 bytes)   made not entrant: not used
3612 5840       3       Many::m2407 (14 bytes)
3612 5841       4       Many::m2407 (14 bytes)
3612 5840       3       Many::m2407 (14 bytes)   made not entrant: not used
3613 5842       3       Many::m2408 (14 bytes)
3613 5843       4       Many::m2408 (14 bytes)
3613 5842       3       Many::m2408 (14 bytes)   made not entrant: not used
3614 5844       3       Many::m2409 (14 bytes)
3614 5845       4       Many::m2409 (14 bytes)
3615 5844       3       Many::m2409 (14 bytes)   made not entrant: not used
3616 5846       3       Many::m2410 (14 bytes)
3616 5847       4       Many::m2410 (14 bytes)
3616 5846       3       Many::m2410 (14 bytes)   made not entrant: not used
3617 5848       3       Many::m2411 (14 bytes)
3617 5849       4       Many::m2411 (14 bytes)
3617 5848       3       Many::m2411 (14 bytes)   made not entrant: not used
3619 5850       3       Many::m2412 (14 bytes)
3619 5851       4       Many::m2412 (14 bytes)
3619 5850       3       Many::m2412 (14 bytes)   made not entrant: not used
3620 5852       3       Many::m2413 (14 bytes)
3620 5853       4       Many::m2413 (14 bytes)
3620 5852       3       Many::m2413 (14 bytes)   made not entrant: not used
3621 5854       3       Many::m2414 (14 bytes)
3622 5855       4       Many::m2414 (14 bytes)
3622 5854       3       Many::m2414 (14 bytes)   made not entrant: not used
3623 5856       3       Many::m2415 (14 bytes)
3623 5857       4       Many::m2415 (14 bytes)
3623 5856       3       Many::m2415 (14 bytes)   made not entrant: not used
3625 5858       3       Many::m2416 (14 bytes)
3625 5859       4       Many::m2416 (14 bytes)
3625 5858       3       Many::m2416 (14 bytes)   made not entrant: not used
3626 5860       3       Many::m2417 (14 bytes)
3626 5861       4       Many::m2417 (14 bytes)
3626 5860       3       Many::m2417 (14 bytes)   made not entrant: not used
3627 5862       3       Many::m2418 (14 bytes)
3628 5863       4       Many::m2418 (14 bytes)
3628 5862       3       Many::m2418 (14 bytes)   made not entrant: not used
3629 5864       3       Many::m2419 (14 bytes)
3629 5865       4       Many::m2419 (14 bytes)
3629 5864       3       Many::m2419 (14 bytes)   made not entrant: not used
3630 5866       3       Many::m2420 (14 bytes)
3630 5867       4       Many::m2420 (14 bytes)
3630 5866       3       Many::m2420 (14 bytes)   made not entrant: not used
3632 5868       3       Many::m2421 (14 bytes)
3632 5869       4       Many::m2421 (14 bytes)
3632 5868       3       Many::m2421 (14 bytes)   made not entrant: not used
3633 5870       3       Many::m2422 (14 bytes)
3633 5871       4       Many::m2422 (14 bytes)
3633 5870       3       Many::m2422 (14 bytes)   made not entrant: not used
3635 5872       3       Many::m2423 (14 bytes)
3635 5873       4       Many::m2423 (14 bytes)
3635 5872       3       Many::m2423 (14 bytes)   made not entrant: not used
3636 5874       3       Many::m2424 (14 bytes)
3636 5875       4       Many::m2424 (14 bytes)
3636 5874       3       Many::m2424 (14 bytes)   made not entrant: not used
3637 5876       3       Many::m2425 (14 bytes)
3637 5877       4       Many::m2425 (14 bytes)
3638 5876       3       Many::m2425 (14 bytes)   made not entrant: not used
3639 5878       3       Many::m2426 (14 bytes)
3639 5879       4       Many::m2426 (14 bytes)
3639 5878       3       Many::m2426 (14 bytes)   made not entrant: not used
3640 5880       3       Many::m2427 (14 bytes)
3640 5881       4       Many::m2427 (14 bytes)
3641 5880       3       Many::m2427 (14 bytes)   made not entrant: not used
3642 5882       3       Many::m2428 (14 bytes)
3642 5883       4       Many::m2428 (14 bytes)
3642 5882       3       Many::m2428 (14 bytes)   made not entrant: not used
3643 5884       3       Many::m2429 (14 bytes)
3643 5885       4       Many::m2429 (14 bytes)
3643 5884       3       Many::m2429 (14 bytes)   made not entrant: not used
3645 5886       3       Many::m2430 (14 bytes)
3645 5887       4       Many::m2430 (14 bytes)
3645 5886       3       Many::m2430 (14 bytes)   made not entrant: not used
3646 5888       3       Many::m2431 (14 bytes)
3646 5889       4       Many::m2431 (14 bytes)
3646 5888       3       Many::m2431 (14 bytes)   made not entrant: not used
3647 5890       3       Many::m2432 (14 bytes)
3648 5891       4       Many::m2432 (14 bytes)
3648 5890       3       Many::m2432 (14 bytes)   made not entrant: not used
3649 5892       3       Many::m2433 (14 bytes)
3649 5893       4       Many::m2433 (14 bytes)
3649 5892       3       Many::m2433 (14 bytes)   made not entrant: not used
3650 5894       3       Many::m2434 (14 bytes)
3650 5895       4       Many::m2434 (14 bytes)
3651 5894       3       Many::m2434 (14 bytes)   made not entrant: not used
3652 5896       3       Many::m2435 (14 bytes)
3652 5897       4       Many::m2435 (14 bytes)
3652 5896       3       Many::m2435 (14 bytes)   made not entrant: not used
3653 5898       3       Many::m2436 (14 bytes)
3653 5899       4       Many::m2436 (14 bytes)
3653 5898       3       Many::m2436 (14 bytes)   made not entrant: not used
3655 5900       3       Many::m2437 (14 bytes)
3655 5901       4       Many::m2437 (14 bytes)
3655 5900       3       Many::m2437 (14 bytes)   made not entrant: not used
3656 5902       3       Many::m2438 (14 bytes)
3656 5903       4       Many::m2438 (14 bytes)
3657 5902       3       Many::m2438 (14 bytes)   made not entrant: not used
3658 5904       3       Many::m2439 (14 bytes)
3658 5905       4       Many::m2439 (14 bytes)
3658 5904       3       Many::m2439 (14 bytes)   made not entrant: not used
3659 5906       3       Many::m2440 (14 bytes)
3659 5907       4       Many::m2440 (14 bytes)
3659 5906       3       Many::m2440 (14 bytes)   made not entrant: not used
3661 5908       3       Many::m2441 (14 bytes)
3661 5909       4       Many::m2441 (14 bytes)
3661 5908       3       Many::m2441 (14 bytes)   made not entrant: not used
3662 5910       3       Many::m2442 (14 bytes)
3662 5911       4       Many::m2442 (14 bytes)
3662 5910       3       Many::m2442 (14 bytes)   made not entrant: not used
3663 5912       3       Many::m2443 (14 bytes)
3664 5913       4       Many::m2443 (14 bytes)
3664 5912       3       Many::m2443 (14 bytes)   made not entrant: not used
3665 5914       3       Many::m2444 (14 bytes)
3665 5915       4       Many::m2444 (14 bytes)
3665 5914       3       Many::m2444 (14 bytes)   made not entrant: not used
3666 5916       3       Many::m2445 (14 bytes)
3666 5917       4       Many::m2445 (14 bytes)
3666 5916       3       Many::m2445 (14 bytes)   made not entrant: not used
3668 5918       3       Many::m2446 (14 bytes)
3668 5919       4       Many::m2446 (14 bytes)
3668 5918       3       Many::m2446 (14 bytes)   made not entrant: not used
3669 5920       3       Many::m2447 (14 bytes)
3669 5921       4       Many::m2447 (14 bytes)
3669 5920       3       Many::m2447 (14 bytes)   made not entrant: not used
3671 5922       3       Many::m2448 (14 bytes)
3671 5923       4       Many::m2448 (14 bytes)
3671 5922       3       Many::m2448 (14 bytes)   made not entrant: not used
3672 5924       3       Many::m2449 (14 bytes)
3672 5925       4       Many::m2449 (14 bytes)
3672 5924       3       Many::m2449 (14 bytes)   made not entrant: not used
3674 5926       3       Many::m2450 (14 bytes)
3674 5927       4       Many::m2450 (14 bytes)
3674 5926       3       Many::m2450 (14 bytes)   made not entrant: not used
3675 5928       3       Many::m2451 (14 bytes)
3675 5929       4       Many::m2451 (14 bytes)
3675 5928       3       Many::m2451 (14 bytes)   made not entrant: not used
3677 5930       3       Many::m2452 (14 bytes)
3677 5931       4       Many::m2452 (14 bytes)
3677 5930       3       Many::m2452 (14 bytes)   made not entrant: not used
3678 5932       3       Many::m2453 (14 bytes)
3678 5933       4       Many::m2453 (14 bytes)
3678 5932       3       Many::m2453 (14 bytes)   made not entrant: not used
3679 5934       3       Many::m2454 (14 bytes)
3680 5935       4       Many::m2454 (14 bytes)
3680 5934       3       Many::m2454 (14 bytes)   made not entrant: not used
3681 5936       3       Many::m2455 (14 bytes)
3681 5937       4       Many::m2455 (14 bytes)
3681 5936       3       Many::m2455 (14 bytes)   made not entrant: not used
3682 5938       3       Many::m2456 (14 bytes)
3682 5939       4       Many::m2456 (14 bytes)
3682 5938       3       Many::m2456 (14 bytes)   made not entrant: not used
3684 5940       3       Many::m2457 (14 bytes)
3684 5941       4       Many::m2457 (14 bytes)
3684 5940       3       Many::m2457 (14 bytes)   made not entrant: not used
3685 5942       3       Many::m2458 (14 bytes)
3685 5943       4       Many::m2458 (14 bytes)
3685 5942       3       Many::m2458 (14 bytes)   made not entrant: not used
3686 5944       3       Many::m2459 (14 bytes)
3687 5945       4       Many::m2459 (14 bytes)
3687 5944       3       Many::m2459 (14 bytes)   made not entrant: not used
3688 5946       3       Many::m2460 (14 bytes)
3688 5947       4       Many::m2460 (14 bytes)
3688 5946       3       Many::m2460 (14 bytes)   made not entrant: not used
3689 5948       3       Many::m2461 (14 bytes)
3690 5949       4       Many::m2461 (14 bytes)
3690 5948       3       Many::m2461 (14 bytes)   made not entrant: not used
3691 5950       3       Many::m2462 (14 bytes)
3691 5951       4       Many::m2462 (14 bytes)
3691 5950       3       Many::m2462 (14 bytes)   made not entrant: not used
3692 5952       3       Many::m2463 (14 bytes)
3692 5953       4       Many::m2463 (14 bytes)
3693 5952       3       Many::m2463 (14 bytes)   made not entrant: not used
3694 5954       3       Many::m2464 (14 bytes)
3694 5955       4       Many::m2464 (14 bytes)
3694 5954       3       Many::m2464 (14 bytes)   made not entrant: not used
3695 5956       3       Many::m2465 (14 bytes)
3695 5957       4       Many::m2465 (14 bytes)
3695 5956       3       Many::m2465 (14 bytes)   made not entrant: not used
3697 5958       3       Many::m2466 (14 bytes)
3697 5959       4       Many::m2466 (14 bytes)
3697 5958       3       Many::m2466 (14 bytes)   made not entrant: not used
3698 5960       3       Many::m2467 (14 bytes)
3698 5961       4       Many::m2467 (14 bytes)
3698 5960       3       Many::m2467 (14 bytes)   made not entrant: not used
3700 5962       3       Many::m2468 (14 bytes)
3700 5963       4       Many::m2468 (14 bytes)
3700 5962       3       Many::m2468 (14 bytes)   made not entrant: not used
3701 5964       3       Many::m2469 (14 bytes)
3701 5965       4       Many::m2469 (14 bytes)
3701 5964       3       Many::m2469 (14 bytes)   made not entrant: not used
3702 5966       3       Many::m2470 (14 bytes)
3702 5967       4       Many::m2470 (14 bytes)
3703 5966       3       Many::m2470 (14 bytes)   made not entrant: not used
3704 5968       3       Many::m2471 (14 bytes)
3704 5969       4       Many::m2471 (14 bytes)
3704 5968       3       Many::m2471 (14 bytes)   made not entrant: not used
3705 5970       3       Many::m2472 (14 bytes)
3705 5971       4       Many::m2472 (14 bytes)
3705 5970       3       Many::m2472 (14 bytes)   made not entrant: not used
3707 5972       3       Many::m2473 (14 bytes)
3707 5973       4       Many::m2473 (14 bytes)
3707 5972       3       Many::m2473 (14 bytes)   made not entrant: not used
3708 5974       3       Many::m2474 (14 bytes)
3708 5975       4       Many::m2474 (14 bytes)
3708 5974       3       Many::m2474 (14 bytes)   made not entrant: not used
3710 5976       3       Many::m2475 (14 bytes)
3710 5977       4       Many::m2475 (14 bytes)
3710 5976       3       Many::m2475 (14 bytes)   made not entrant: not used
3711 5978       3       Many::m2476 (14 bytes)
3711 5979       4       Many::m2476 (14 bytes)
3711 5978       3       Many::m2476 (14 bytes)   made not entrant: not used
3712 5980       3       Many::m2477 (14 bytes)
3713 5981       4       Many::m2477 (14 bytes)
3713 5980       3       Many::m2477 (14 bytes)   made not entrant: not used
3714 5982       3       Many::m2478 (14 bytes)
3714 5983       4       Many::m2478 (14 bytes)
3714 5982       3       Many::m2478 (14 bytes)   made not entrant: not used
3715 5984       3       Many::m2479 (14 bytes)
3715 5985       4       Many::m2479 (14 bytes)
3715 5984       3       Many::m2479 (14 bytes)   made not entrant: not used
3717 5986       3       Many::m2480 (14 bytes)
3717 5987       4       Many::m2480 (14 bytes)
3717 5986       3       Many::m2480 (14 bytes)   made not entrant: not used
3718 5988       3       Many::m2481 (14 bytes)
3718 5989       4       Many::m2481 (14 bytes)
3718 5988       3       Many::m2481 (14 bytes)   made not entrant: not used
3720 5990       3       Many::m2482 (14 bytes)
3720 5991       4       Many::m2482 (14 bytes)
3720 5990       3       Many::m2482 (14 bytes)   made not entrant: not used
3721 5992       3       Many::m2483 (14 bytes)
3721 5993       4       Many::m2483 (14 bytes)
3721 5992       3       Many::m2483 (14 bytes)   made not entrant: not used
3723 5994       3       Many::m2484 (14 bytes)
3723 5995       4       Many::m2484 (14 bytes)
3723 5994       3       Many::m2484 (14 bytes)   made not entrant: not used
3724 5996       3       Many::m2485 (14 bytes)
3724 5997       4       Many::m2485 (14 bytes)
3724 5996       3       Many::m2485 (14 bytes)   made not entrant: not used
3725 5998       3       Many::m2486 (14 bytes)
3726 5999       4       Many::m2486 (14 bytes)
3726 5998       3       Many::m2486 (14 bytes)   made not entrant: not used
3727 6000       3       Many::m2487 (14 bytes)
3727 6001       4       Many::m2487 (14 bytes)
3727 6000       3       Many::m2487 (14 bytes)   made not entrant: not used
3728 6002       3       Many::m2488 (14 bytes)
3728 6003       4       Many::m2488 (14 bytes)
3729 6002       3       Many::m2488 (14 bytes)   made not entrant: not used
3730 6004       3       Many::m2489 (14 bytes)
3730 6005       4       Many::m2489 (14 bytes)
3730 6004       3       Many::m2489 (14 bytes)   made not entrant: not used
3731 6006       3       Many::m2490 (14 bytes)
3731 6007       4       Many::m2490 (14 bytes)
3731 6006       3       Many::m2490 (14 bytes)   made not entrant: not used
3733 6008       3       Many::m2491 (14 bytes)
3733 6009       4       Many::m2491 (14 bytes)
3733 6008       3       Many::m2491 (14 bytes)   made not entrant: not used
3734 6010       3       Many::m2492 (14 bytes)
3734 6011       4       Many::m2492 (14 bytes)
3734 6010       3       Many::m2492 (14 bytes)   made not entrant: not used
3735 6012       3       Many::m2493 (14 bytes)
3736 6013       4       Many::m2493 (14 bytes)
3736 6012       3       Many::m2493 (14 bytes)   made not entrant: not used
3737 6014       3       Many::m2494 (14 bytes)
3737 6015       4       Many::m2494 (14 bytes)
3737 6014       3       Many::m2494 (14 bytes)   made not entrant: not used
3738 6016       3       Many::m2495 (14 bytes)
3738 6017       4       Many::m2495 (14 bytes)
3739 6016       3       Many::m2495 (14 bytes)   made not entrant: not used
3740 6018       3       Many::m2496 (14 bytes)
3740 6019       4       Many::m2496 (14 bytes)
3740 6018       3       Many::m2496 (14 bytes)   made not entrant: not used
3741 6020       3       Many::m2497 (14 bytes)
3741 6021       4       Many::m2497 (14 bytes)
3741 6020       3       Many::m2497 (14 bytes)   made not entrant: not used
3743 6022       3       Many::m2498 (14 bytes)
3743 6023       4       Many::m2498 (14 bytes)
3743 6022       3       Many::m2498 (14 bytes)   made not entrant: not used
3744 6024       3       Many::m2499 (14 bytes)
3744 6025       4       Many::m2499 (14 bytes)
3744 6024       3       Many::m2499 (14 bytes)   made not entrant: not used
3746 6026       3       Many::m2500 (14 bytes)
3746 6027       4       Many::m2500 (14 bytes)
3746 6026       3       Many::m2500 (14 bytes)   made not entrant: not used
3747 6028       3       Many::m2501 (14 bytes)
3747 6029       4       Many::m2501 (14 bytes)
3747 6028       3       Many::m2501 (14 bytes)   made not entrant: not used
3748 6030       3       Many::m2502 (14 bytes)
3749 6031       4       Many::m2502 (14 bytes)
3749 6030       3       Many::m2502 (14 bytes)   made not entrant: not used
3750 6032       3       Many::m2503 (14 bytes)
3750 6033       4       Many::m2503 (14 bytes)
3750 6032       3       Many::m2503 (14 bytes)   made not entrant: not used
3751 6034       3       Many::m2504 (14 bytes)
3751 6035       4       Many::m2504 (14 bytes)
3751 6034       3       Many::m2504 (14 bytes)   made not entrant: not used
3753 6036       3       Many::m2505 (14 bytes)
3753 6037       4       Many::m2505 (14 bytes)
3753 6036       3       Many::m2505 (14 bytes)   made not entrant: not used
3754 6038       3       Many::m2506 (14 bytes)
3754 6039       4       Many::m2506 (14 bytes)
3754 6038       3       Many::m2506 (14 bytes)   made not entrant: not used
3756 6040       3       Many::m2507 (14 bytes)
3756 6041       4       Many::m2507 (14 bytes)
3756 6040       3       Many::m2507 (14 bytes)   made not entrant: not used
3757 6042       3       Many::m2508 (14 bytes)
3757 6043       4       Many::m2508 (14 bytes)
3757 6042       3       Many::m2508 (14 bytes)   made not entrant: not used
3758 6044       3       Many::m2509 (14 bytes)
3759 6045       4       Many::m2509 (14 bytes)
3759 6044       3       Many::m2509 (14 bytes)   made not entrant: not used
3760 6046       3       Many::m2510 (14 bytes)
3760 6047       4       Many::m2510 (14 bytes)
3760 6046       3       Many::m2510 (14 bytes)   made not entrant: not used
3761 6048       3       Many::m2511 (14 bytes)
3761 6049       4       Many::m2511 (14 bytes)
3762 6048       3       Many::m2511 (14 bytes)   made not entrant: not used
3763 6050       3       Many::m2512 (14 bytes)
3763 6051       4       Many::m2512 (14 bytes)
3763 6050       3       Many::m2512 (14 bytes)   made not entrant: not used
3764 6052       3       Many::m2513 (14 bytes)
3764 6053       4       Many::m2513 (14 bytes)
3764 6052       3       Many::m2513 (14 bytes)   made not entrant: not used
3766 6054       3       Many::m2514 (14 bytes)
3766 6055       4       Many::m2514 (14 bytes)
3766 6054       3       Many::m2514 (14 bytes)   made not entrant: not used
3767 6056       3       Many::m2515 (14 bytes)
3767 6057       4       Many::m2515 (14 bytes)
3767 6056       3       Many::m2515 (14 bytes)   made not entrant: not used
3768 6058       3       Many::m2516 (14 bytes)
3769 6059       4       Many::m2516 (14 bytes)
3769 6058       3       Many::m2516 (14 bytes)   made not entrant: not used
3770 6060       3       Many::m2517 (14 bytes)
3770 6061       4       Many::m2517 (14 bytes)
3770 6060       3       Many::m2517 (14 bytes)   made not entrant: not used
3771 6062       3       Many::m2518 (14 bytes)
3771 6063       4       Many::m2518 (14 bytes)
3771 6062       3       Many::m2518 (14 bytes)   made not entrant: not used
3773 6064       3       Many::m2519 (14 bytes)
3773 6065       4       Many::m2519 (14 bytes)
3773 6064       3       Many::m2519 (14 bytes)   made not entrant: not used
3774 6066       3       Many::m2520 (14 bytes)
3774 6067       4       Many::m2520 (14 bytes)
3774 6066       3       Many::m2520 (14 bytes)   made not entrant: not used
3776 6068       3       Many::m2521 (14 bytes)
3776 6069       4       Many::m2521 (14 bytes)
3776 6068       3       Many::m2521 (14 bytes)   made not entrant: not used
3777 6070       3       Many::m2522 (14 bytes)
3777 6071       4       Many::m2522 (14 bytes)
3777 6070       3       Many::m2522 (14 bytes)   made not entrant: not used
3778 6072       3       Many::m2523 (14 bytes)
3779 6073       4       Many::m2523 (14 bytes)
3779 6072       3       Many::m2523 (14 bytes)   made not entrant: not used
3780 6074       3       Many::m2524 (14 bytes)
3780 6075       4       Many::m2524 (14 bytes)
3780 6074       3       Many::m2524 (14 bytes)   made not entrant: not used
3781 6076       3       Many::m2525 (14 bytes)
3781 6077       4       Many::m2525 (14 bytes)
3781 6076       3       Many::m2525 (14 bytes)   made not entrant: not used
3783 6078       3       Many::m2526 (14 bytes)
3783 6079       4       Many::m2526 (14 bytes)
3783 6078       3       Many::m2526 (14 bytes)   made not entrant: not used
3784 6080       3       Many::m2527 (14 bytes)
3784 6081       4       Many::m2527 (14 bytes)
3784 6080       3       Many::m2527 (14 bytes)   made not entrant: not used
3786 6082       3       Many::m2528 (14 bytes)
3786 6083       4       Many::m2528 (14 bytes)
3786 6082       3       Many::m2528 (14 bytes)   made not entrant: not used
3787 6084       3       Many::m2529 (14 bytes)
3787 6085       4       Many::m2529 (14 bytes)
3787 6084       3       Many::m2529 (14 bytes)   made not entrant: not used
3789 6086       3       Many::m2530 (14 bytes)
3789 6087       4       Many::m2530 (14 bytes)
3789 6086       3       Many::m2530 (14 bytes)   made not entrant: not used
3790 6088       3       Many::m2531 (14 bytes)
3790 6089       4       Many::m2531 (14 bytes)
3790 6088       3       Many::m2531 (14 bytes)   made not entrant: not used
3791 6090       3       Many::m2532 (14 bytes)
3792 6091       4       Many::m2532 (14 bytes)
3792 6090       3       Many::m2532 (14 bytes)   made not entrant: not used
3793 6092       3       Many::m2533 (14 bytes)
3793 6093       4       Many::m2533 (14 bytes)
3793 6092       3       Many::m2533 (14 bytes)   made not entrant: not used
3794 6094       3       Many::m2534 (14 bytes)
3794 6095       4       Many::m2534 (14 bytes)
3795 6094       3       Many::m2534 (14 bytes)   made not entrant: not used
3796 6096       3       Many::m2535 (14 bytes)
3796 6097       4       Many::m2535 (14 bytes)
3796 6096       3       Many::m2535 (14 bytes)   made not entrant: not used
3797 6098       3       Many::m2536 (14 bytes)
3797 6099       4       Many::m2536 (14 bytes)
3797 6098       3       Many::m2536 (14 bytes)   made not entrant: not used
3799 6100       3       Many::m2537 (14 bytes)
3799 6101       4       Many::m2537 (14 bytes)
3799 6100       3       Many::m2537 (14 bytes)   made not entrant: not used
3800 6102       3       Many::m2538 (14 bytes)
3800 6103       4       Many::m2538 (14 bytes)
3800 6102       3       Many::m2538 (14 bytes)   made not entrant: not used
3801 6104       3       Many::m2539 (14 bytes)
3802 6105       4       Many::m2539 (14 bytes)
3802 6104       3       Many::m2539 (14 bytes)   made not entrant: not used
3803 6106       3       Many::m2540 (14 bytes)
3803 6107       4       Many::m2540 (14 bytes)
3803 6106       3       Many::m2540 (14 bytes)   made not entrant: not used
3804 6108       3       Many::m2541 (14 bytes)
3804 6109       4       Many::m2541 (14 bytes)
3804 6108       3       Many::m2541 (14 bytes)   made not entrant: not used
3806 6110       3       Many::m2542 (14 bytes)
3806 6111       4       Many::m2542 (14 bytes)
3806 6110       3       Many::m2542 (14 bytes)   made not entrant: not used
3807 6112       3       Many::m2543 (14 bytes)
3807 6113       4       Many::m2543 (14 bytes)
3808 6112       3       Many::m2543 (14 bytes)   made not entrant: not used
3809 6114       3       Many::m2544 (14 bytes)
3809 6115       4       Many::m2544 (14 bytes)
3809 6114       3       Many::m2544 (14 bytes)   made not entrant: not used
3810 6116       3       Many::m2545 (14 bytes)
3810 6117       4       Many::m2545 (14 bytes)
3810 6116       3       Many::m2545 (14 bytes)   made not entrant: not used
3812 6118       3       Many::m2546 (14 bytes)
3812 6119       4       Many::m2546 (14 bytes)
3812 6118       3       Many::m2546 (14 bytes)   made not entrant: not used
3813 6120       3       Many::m2547 (14 bytes)
3813 6121       4       Many::m2547 (14 bytes)
3813 6120       3       Many::m2547 (14 bytes)   made not entrant: not used
3814 6122       3       Many::m2548 (14 bytes)
3815 6123       4       Many::m2548 (14 bytes)
3815 6122       3       Many::m2548 (14 bytes)   made not entrant: not used
3816 6124       3       Many::m2549 (14 bytes)
3816 6125       4       Many::m2549 (14 bytes)
3816 6124       3       Many::m2549 (14 bytes)   made not entrant: not used
3817 6126       3       Many::m2550 (14 bytes)
3817 6127       4       Many::m2550 (14 bytes)
3817 6126       3       Many::m2550 (14 bytes)   made not entrant: not used
3819 6128       3       Many::m2551 (14 bytes)
3819 6129       4       Many::m2551 (14 bytes)
3819 6128       3       Many::m2551 (14 bytes)   made not entrant: not used
3820 6130       3       Many::m2552 (14 bytes)
3820 6131       4       Many::m2552 (14 bytes)
3820 6130       3       Many::m2552 (14 bytes)   made not entrant: not used
3822 6132       3       Many::m2553 (14 bytes)
3822 6133       4       Many::m2553 (14 bytes)
3822 6132       3       Many::m2553 (14 bytes)   made not entrant: not used
3823 6134       3       Many::m2554 (14 bytes)
3823 6135       4       Many::m2554 (14 bytes)
3823 6134       3       Many::m2554 (14 bytes)   made not entrant: not used
3825 6136       3       Many::m2555 (14 bytes)
3825 6137       4       Many::m2555 (14 bytes)
3825 6136       3       Many::m2555 (14 bytes)   made not entrant: not used
3826 6138       3       Many::m2556 (14 bytes)
3826 6139       4       Many::m2556 (14 bytes)
3826 6138       3       Many::m2556 (14 bytes)   made not entrant: not used
3827 6140       3       Many::m2557 (14 bytes)
3828 6141       4       Many::m2557 (14 bytes)
3828 6140       3       Many::m2557 (14 bytes)   made not entrant: not used
3829 6142       3       Many::m2558 (14 bytes)
3829 6143       4       Many::m2558 (14 bytes)
3829 6142       3       Many::m2558 (14 bytes)   made not entrant: not used
3830 6144       3       Many::m2559 (14 bytes)
3830 6145       4       Many::m2559 (14 bytes)
3830 6144       3       Many::m2559 (14 bytes)   made not entrant: not used
3832 6146       3       Many::m2560 (14 bytes)
3832 6147       4       Many::m2560 (14 bytes)
3832 6146       3       Many::m2560 (14 bytes)   made not entrant: not used
3833 6148       3       Many::m2561 (14 bytes)
3833 6149       4       Many::m2561 (14 bytes)
3833 6148       3       Many::m2561 (14 bytes)   made not entrant: not used
3835 6150       3       Many::m2562 (14 bytes)
3835 6151       4       Many::m2562 (14 bytes)
3835 6150       3       Many::m2562 (14 bytes)   made not entrant: not used
3836 6152       3       Many::m2563 (14 bytes)
3836 6153       4       Many::m2563 (14 bytes)
3836 6152       3       Many::m2563 (14 bytes)   made not entrant: not used
3837 6154       3       Many::m2564 (14 bytes)
3838 6155       4       Many::m2564 (14 bytes)
3838 6154       3       Many::m2564 (14 bytes)   made not entrant: not used
3839 6156       3       Many::m2565 (14 bytes)
3839 6157       4       Many::m2565 (14 bytes)
3839 6156       3       Many::m2565 (14 bytes)   made not entrant: not used
3840 6158       3       Many::m2566 (14 bytes)
3840 6159       4       Many::m2566 (14 bytes)
3841 6158       3       Many::m2566 (14 bytes)   made not entrant: not used
3842 6160       3       Many::m2567 (14 bytes)
3842 6161       4       Many::m2567 (14 bytes)
3842 6160       3       Many::m2567 (14 bytes)   made not entrant: not used
3843 6162       3       Many::m2568 (14 bytes)
3843 6163       4       Many::m2568 (14 bytes)
3843 6162       3       Many::m2568 (14 bytes)   made not entrant: not used
3845 6164       3       Many::m2569 (14 bytes)
3845 6165       4       Many::m2569 (14 bytes)
3845 6164       3       Many::m2569 (14 bytes)   made not entrant: not used
3846 6166       3       Many::m2570 (14 bytes)
3846 6167       4       Many::m2570 (14 bytes)
3846 6166       3       Many::m2570 (14 bytes)   made not entrant: not used
3848 6168       3       Many::m2571 (14 bytes)
3848 6169       4       Many::m2571 (14 bytes)
3848 6168       3       Many::m2571 (14 bytes)   made not entrant: not used
3849 6170       3       Many::m2572 (14 bytes)
3849 6171       4       Many::m2572 (14 bytes)
3849 6170       3       Many::m2572 (14 bytes)   made not entrant: not used
3850 6172       3       Many::m2573 (14 bytes)
3850 6173       4       Many::m2573 (14 bytes)
3851 6172       3       Many::m2573 (14 bytes)   made not entrant: not used
3852 6174       3       Many::m2574 (14 bytes)
3852 6175       4       Many::m2574 (14 bytes)
3852 6174       3       Many::m2574 (14 bytes)   made not entrant: not used
3853 6176       3       Many::m2575 (14 bytes)
3853 6177       4       Many::m2575 (14 bytes)
3853 6176       3       Many::m2575 (14 bytes)   made not entrant: not used
3855 6178       3       Many::m2576 (14 bytes)
3855 6179       4       Many::m2576 (14 bytes)
3855 6178       3       Many::m2576 (14 bytes)   made not entrant: not used
3856 6180       3       Many::m2577 (14 bytes)
3856 6181       4       Many::m2577 (14 bytes)
3856 6180       3       Many::m2577 (14 bytes)   made not entrant: not used
3858 6182       3       Many::m2578 (14 bytes)
3858 6183       4       Many::m2578 (14 bytes)
3858 6182       3       Many::m2578 (14 bytes)   made not entrant: not used
3859 6184       3       Many::m2579 (14 bytes)
3859 6185       4       Many::m2579 (14 bytes)
3859 6184       3       Many::m2579 (14 bytes)   made not entrant: not used
3861 6186       3       Many::m2580 (14 bytes)
3861 6187       4       Many::m2580 (14 bytes)
3861 6186       3       Many::m2580 (14 bytes)   made not entrant: not used
3862 6188       3       Many::m2581 (14 bytes)
3862 6189       4       Many::m2581 (14 bytes)
3862 6188       3       Many::m2581 (14 bytes)   made not entrant: not used
3863 6190       3       Many::m2582 (14 bytes)
3864 6191       4       Many::m2582 (14 bytes)
3864 6190       3       Many::m2582 (14 bytes)   made not entrant: not used
3865 6192       3       Many::m2583 (14 bytes)
3865 6193       4       Many::m2583 (14 bytes)
3865 6192       3       Many::m2583 (14 bytes)   made not entrant: not used
3866 6194       3       Many::m2584 (14 bytes)
3866 6195       4       Many::m2584 (14 bytes)
3866 6194       3       Many::m2584 (14 bytes)   made not entrant: not used
3868 6196       3       Many::m2585 (14 bytes)
3868 6197       4       Many::m2585 (14 bytes)
3868 6196       3       Many::m2585 (14 bytes)   made not entrant: not used
3869 6198       3       Many::m2586 (14 bytes)
3869 6199       4       Many::m2586 (14 bytes)
3869 6198       3       Many::m2586 (14 bytes)   made not entrant: not used
3871 6200       3       Many::m2587 (14 bytes)
3871 6201       4       Many::m2587 (14 bytes)
3871 6200       3       Many::m2587 (14 bytes)   made not entrant: not used
3872 6202       3       Many::m2588 (14 bytes)
3872 6203       4       Many::m2588 (14 bytes)
3872 6202       3       Many::m2588 (14 bytes)   made not entrant: not used
3874 6204       3       Many::m2589 (14 bytes)
3874 6205       4       Many::m2589 (14 bytes)
3874 6204       3       Many::m2589 (14 bytes)   made not entrant: not used
3875 6206       3       Many::m2590 (14 bytes)
3875 6207       4       Many::m2590 (14 bytes)
3875 6206       3       Many::m2590 (14 bytes)   made not entrant: not used
3876 6208       3       Many::m2591 (14 bytes)
3877 6209       4       Many::m2591 (14 bytes)
3877 6208       3       Many::m2591 (14 bytes)   made not entrant: not used
3878 6210       3       Many::m2592 (14 bytes)
3878 6211       4       Many::m2592 (14 bytes)
3878 6210       3       Many::m2592 (14 bytes)   made not entrant: not used
3879 6212       3       Many::m2593 (14 bytes)
3879 6213       4       Many::m2593 (14 bytes)
3880 6212       3       Many::m2593 (14 bytes)   made not entrant: not used
3881 6214       3       Many::m2594 (14 bytes)
3881 6215       4       Many::m2594 (14 bytes)
3881 6214       3       Many::m2594 (14 bytes)   made not entrant: not used
3882 6216       3       Many::m2595 (14 bytes)
3882 6217       4       Many::m2595 (14 bytes)
3882 6216       3       Many::m2595 (14 bytes)   made not entrant: not used
3884 6218       3       Many::m2596 (14 bytes)
3884 6219       4       Many::m2596 (14 bytes)
3884 6218       3       Many::m2596 (14 bytes)   made not entrant: not used
3885 6220       3       Many::m2597 (14 bytes)
3885 6221       4       Many::m2597 (14 bytes)
3885 6220       3       Many::m2597 (14 bytes)   made not entrant: not used
3886 6222       3       Many::m2598 (14 bytes)
3887 6223       4       Many::m2598 (14 bytes)
3887 6222       3       Many::m2598 (14 bytes)   made not entrant: not used
3888 6224       3       Many::m2599 (14 bytes)
3888 6225       4       Many::m2599 (14 bytes)
3888 6224       3       Many::m2599 (14 bytes)   made not entrant: not used
3890 6226       3       Many::m2600 (14 bytes)
3890 6227       4       Many::m2600 (14 bytes)
3890 6226       3       Many::m2600 (14 bytes)   made not entrant: not used
3891 6228       3       Many::m2601 (14 bytes)
3891 6229       4       Many::m2601 (14 bytes)
3891 6228       3       Many::m2601 (14 bytes)   made not entrant: not used
3893 6230       3       Many::m2602 (14 bytes)
3893 6231       4       Many::m2602 (14 bytes)
3893 6230       3       Many::m2602 (14 bytes)   made not entrant: not used
3894 6232       3       Many::m2603 (14 bytes)
3894 6233       4       Many::m2603 (14 bytes)
3894 6232       3       Many::m2603 (14 bytes)   made not entrant: not used
3895 6234       3       Many::m2604 (14 bytes)
3895 6235       4       Many::m2604 (14 bytes)
3896 6234       3       Many::m2604 (14 bytes)   made not entrant: not used
3897 6236       3       Many::m2605 (14 bytes)
3897 6237       4       Many::m2605 (14 bytes)
3897 6236       3       Many::m2605 (14 bytes)   made not entrant: not used
3898 6238       3       Many::m2606 (14 bytes)
3898 6239       4       Many::m2606 (14 bytes)
3898 6238       3       Many::m2606 (14 bytes)   made not entrant: not used
3900 6240       3       Many::m2607 (14 bytes)
3900 6241       4       Many::m2607 (14 bytes)
3900 6240       3       Many::m2607 (14 bytes)   made not entrant: not used
3901 6242       3       Many::m2608 (14 bytes)
3901 6243       4       Many::m2608 (14 bytes)
3901 6242       3       Many::m2608 (14 bytes)   made not entrant: not used
3902 6244       3       Many::m2609 (14 bytes)
3903 6245       4       Many::m2609 (14 bytes)
3903 6244       3       Many::m2609 (14 bytes)   made not entrant: not used
3904 6246       3       Many::m2610 (14 bytes)
3904 6247       4       Many::m2610 (14 bytes)
3904 6246       3       Many::m2610 (14 bytes)   made not entrant: not used
3906 6248       3       Many::m2611 (14 bytes)
3906 6249       4       Many::m2611 (14 bytes)
3906 6248       3       Many::m2611 (14 bytes)   made not entrant: not used
3907 6250       3       Many::m2612 (14 bytes)
3907 6251       4       Many::m2612 (14 bytes)
3907 6250       3       Many::m2612 (14 bytes)   made not entrant: not used
3908 6252       3       Many::m2613 (14 bytes)
3909 6253       4       Many::m2613 (14 bytes)
3909 6252       3       Many::m2613 (14 bytes)   made not entrant: not used
3910 6254       3       Many::m2614 (14 bytes)
3910 6255       4       Many::m2614 (14 bytes)
3910 6254       3       Many::m2614 (14 bytes)   made not entrant: not used
3911 6256       3       Many::m2615 (14 bytes)
3911 6257       4       Many::m2615 (14 bytes)
3911 6256       3       Many::m2615 (14 bytes)   made not entrant: not used
3913 6258       3       Many::m2616 (14 bytes)
3913 6259       4       Many::m2616 (14 bytes)
3913 6258       3       Many::m2616 (14 bytes)   made not entrant: not used
3914 6260       3       Many::m2617 (14 bytes)
3914 6261       4       Many::m2617 (14 bytes)
3914 6260       3       Many::m2617 (14 bytes)   made not entrant: not used
3916 6262       3       Many::m2618 (14 bytes)
3916 6263       4       Many::m2618 (14 bytes)
3916 6262       3       Many::m2618 (14 bytes)   made not entrant: not used
3917 6264       3       Many::m2619 (14 bytes)
3917 6265       4       Many::m2619 (14 bytes)
3917 6264       3       Many::m2619 (14 bytes)   made not entrant: not used
3918 6266       3       Many::m2620 (14 bytes)
3918 6267       4       Many::m2620 (14 bytes)
3919 6266       3       Many::m2620 (14 bytes)   made not entrant: not used
3920 6268       3       Many::m2621 (14 bytes)
3920 6269       4       Many::m2621 (14 bytes)
3920 6268       3       Many::m2621 (14 bytes)   made not entrant: not used
3921 6270       3       Many::m2622 (14 bytes)
3921 6271       4       Many::m2622 (14 bytes)
3921 6270       3       Many::m2622 (14 bytes)   made not entrant: not used
3923 6272       3       Many::m2623 (14 bytes)
3923 6273       4       Many::m2623 (14 bytes)
3923 6272       3       Many::m2623 (14 bytes)   made not entrant: not used
3924 6274       3       Many::m2624 (14 bytes)
3924 6275       4       Many::m2624 (14 bytes)
3924 6274       3       Many::m2624 (14 bytes)   made not entrant: not used
3926 6276       3       Many::m2625 (14 bytes)
3926 6277       4       Many::m2625 (14 bytes)
3926 6276       3       Many::m2625 (14 bytes)   made not entrant: not used
3927 6278       3       Many::m2626 (14 bytes)
3927 6279       4       Many::m2626 (14 bytes)
3927 6278       3       Many::m2626 (14 bytes)   made not entrant: not used
3929 6280       3       Many::m2627 (14 bytes)
3929 6281       4       Many::m2627 (14 bytes)
3929 6280       3       Many::m2627 (14 bytes)   made not entrant: not used
3930 6282       3       Many::m2628 (14 bytes)
3930 6283       4       Many::m2628 (14 bytes)
3930 6282       3       Many::m2628 (14 bytes)   made not entrant: not used
3931 6284       3       Many::m2629 (14 bytes)
3931 6285       4       Many::m2629 (14 bytes)
3932 6284       3       Many::m2629 (14 bytes)   made not entrant: not used
3933 6286       3       Many::m2630 (14 bytes)
3933 6287       4       Many::m2630 (14 bytes)
3933 6286       3       Many::m2630 (14 bytes)   made not entrant: not used
3934 6288       3       Many::m2631 (14 bytes)
3934 6289       4       Many::m2631 (14 bytes)
3934 6288       3       Many::m2631 (14 bytes)   made not entrant: not used
3936 6290       3       Many::m2632 (14 bytes)
3936 6291       4       Many::m2632 (14 bytes)
3936 6290       3       Many::m2632 (14 bytes)   made not entrant: not used
3937 6292       3       Many::m2633 (14 bytes)
3937 6293       4       Many::m2633 (14 bytes)
3937 6292       3       Many::m2633 (14 bytes)   made not entrant: not used
3938 6294       3       Many::m2634 (14 bytes)
3939 6295       4       Many::m2634 (14 bytes)
3939 6294       3       Many::m2634 (14 bytes)   made not entrant: not used
3940 6296       3       Many::m2635 (14 bytes)
3940 6297       4       Many::m2635 (14 bytes)
3940 6296       3       Many::m2635 (14 bytes)   made not entrant: not used
3941 6298       3       Many::m2636 (14 bytes)
3942 6299       4       Many::m2636 (14 bytes)
3942 6298       3       Many::m2636 (14 bytes)   made not entrant: not used
3943 6300       3       Many::m2637 (14 bytes)
3943 6301       4       Many::m2637 (14 bytes)
3943 6300       3       Many::m2637 (14 bytes)   made not entrant: not used
3944 6302       3       Many::m2638 (14 bytes)
3944 6303       4       Many::m2638 (14 bytes)
3945 6302       3       Many::m2638 (14 bytes)   made not entrant: not used
3946 6304       3       Many::m2639 (14 bytes)
3946 6305       4       Many::m2639 (14 bytes)
3946 6304       3       Many::m2639 (14 bytes)   made not entrant: not used
3947 6306       3       Many::m2640 (14 bytes)
3947 6307       4       Many::m2640 (14 bytes)
3947 6306       3       Many::m2640 (14 bytes)   made not entrant: not used
3949 6308       3       Many::m2641 (14 bytes)
3949 6309       4       Many::m2641 (14 bytes)
3949 6308       3       Many::m2641 (14 bytes)   made not entrant: not used
3950 6310       3       Many::m2642 (14 bytes)
3950 6311       4       Many::m2642 (14 bytes)
3950 6310       3       Many::m2642 (14 bytes)   made not entrant: not used
3951 6312       3       Many::m2643 (14 bytes)
3952 6313       4       Many::m2643 (14 bytes)
3952 6312       3       Many::m2643 (14 bytes)   made not entrant: not used
3953 6314       3       Many::m2644 (14 bytes)
3953 6315       4       Many::m2644 (14 bytes)
3953 6314       3       Many::m2644 (14 bytes)   made not entrant: not used
3954 6316       3       Many::m2645 (14 bytes)
3954 6317       4       Many::m2645 (14 bytes)
3955 6316       3       Many::m2645 (14 bytes)   made not entrant: not used
3956 6318       3       Many::m2646 (14 bytes)
3956 6319       4       Many::m2646 (14 bytes)
3956 6318       3       Many::m2646 (14 bytes)   made not entrant: not used
3957 6320       3       Many::m2647 (14 bytes)
3957 6321       4       Many::m2647 (14 bytes)
3958 6320       3       Many::m2647 (14 bytes)   made not entrant: not used
3959 6322       3       Many::m2648 (14 bytes)
3959 6323       4       Many::m2648 (14 bytes)
3959 6322       3       Many::m2648 (14 bytes)   made not entrant: not used
3960 6324       3       Many::m2649 (14 bytes)
3960 6325       4       Many::m2649 (14 bytes)
3960 6324       3       Many::m2649 (14 bytes)   made not entrant: not used
3962 6326       3       Many::m2650 (14 bytes)
3962 6327       4       Many::m2650 (14 bytes)
3962 6326       3       Many::m2650 (14 bytes)   made not entrant: not used
3963 6328       3       Many::m2651 (14 bytes)
3963 6329       4       Many::m2651 (14 bytes)
3963 6328       3       Many::m2651 (14 bytes)   made not entrant: not used
3964 6330       3       Many::m2652 (14 bytes)
3965 6331       4       Many::m2652 (14 bytes)
3965 6330       3       Many::m2652 (14 bytes)   made not entrant: not used
3966 6332       3       Many::m2653 (14 bytes)
3966 6333       4       Many::m2653 (14 bytes)
3966 6332       3       Many::m2653 (14 bytes)   made not entrant: not used
3967 6334       3       Many::m2654 (14 bytes)
3967 6335       4       Many::m2654 (14 bytes)
3967 6334       3       Many::m2654 (14 bytes)   made not entrant: not used
3969 6336       3       Many::m2655 (14 bytes)
3969 6337       4       Many::m2655 (14 bytes)
3969 6336       3       Many::m2655 (14 bytes)   made not entrant: not used
3970 6338       3       Many::m2656 (14 bytes)
3970 6339       4       Many::m2656 (14 bytes)
3970 6338       3       Many::m2656 (14 bytes)   made not entrant: not used
3972 6340       3       Many::m2657 (14 bytes)
3972 6341       4       Many::m2657 (14 bytes)
3972 6340       3       Many::m2657 (14 bytes)   made not entrant: not used
3973 6342       3       Many::m2658 (14 bytes)
3973 6343       4       Many::m2658 (14 bytes)
3973 6342       3       Many::m2658 (14 bytes)   made not entrant: not used
3975 6344       3       Many::m2659 (14 bytes)
3975 6345       4       Many::m2659 (14 bytes)
3975 6344       3       Many::m2659 (14 bytes)   made not entrant: not used
3976 6346       3       Many::m2660 (14 bytes)
3976 6347       4       Many::m2660 (14 bytes)
3976 6346       3       Many::m2660 (14 bytes)   made not entrant: not used
3977 6348       3       Many::m2661 (14 bytes)
3978 6349       4       Many::m2661 (14 bytes)
3978 6348       3       Many::m2661 (14 bytes)   made not entrant: not used
3979 6350       3       Many::m2662 (14 bytes)
3979 6351       4       Many::m2662 (14 bytes)
3979 6350       3       Many::m2662 (14 bytes)   made not entrant: not used
3980 6352       3       Many::m2663 (14 bytes)
3980 6353       4       Many::m2663 (14 bytes)
3980 6352       3       Many::m2663 (14 bytes)   made not entrant: not used
3982 6354       3       Many::m2664 (14 bytes)
3982 6355       4       Many::m2664 (14 bytes)
3982 6354       3       Many::m2664 (14 bytes)   made not entrant: not used
3983 6356       3       Many::m2665 (14 bytes)
3983 6357       4       Many::m2665 (14 bytes)
3983 6356       3       Many::m2665 (14 bytes)   made not entrant: not used
3985 6358       3       Many::m2666 (14 bytes)
3985 6359       4       Many::m2666 (14 bytes)
3985 6358       3       Many::m2666 (14 bytes)   made not entrant: not used
3986 6360       3       Many::m2667 (14 bytes)
3986 6361       4       Many::m2667 (14 bytes)
3986 6360       3       Many::m2667 (14 bytes)   made not entrant: not used
3987 6362       3       Many::m2668 (14 bytes)
3987 6363       4       Many::m2668 (14 bytes)
3988 6362       3       Many::m2668 (14 bytes)   made not entrant: not used
3989 6364       3       Many::m2669 (14 bytes)
3989 6365       4       Many::m2669 (14 bytes)
3989 6364       3       Many::m2669 (14 bytes)   made not entrant: not used
3990 6366       3       Many::m2670 (14 bytes)
3990 6367       4       Many::m2670 (14 bytes)
3991 6366       3       Many::m2670 (14 bytes)   made not entrant: not used
3992 6368       3       Many::m2671 (14 bytes)
3992 6369       4       Many::m2671 (14 bytes)
3992 6368       3       Many::m2671 (14 bytes)   made not entrant: not used
3993 6370       3       Many::m2672 (14 bytes)
3993 6371       4       Many::m2672 (14 bytes)
3993 6370       3       Many::m2672 (14 bytes)   made not entrant: not used
3995 6372       3       Many::m2673 (14 bytes)
3995 6373       4       Many::m2673 (14 bytes)
3995 6372       3       Many::m2673 (14 bytes)   made not entrant: not used
3996 6374       3       Many::m2674 (14 bytes)
3996 6375       4       Many::m2674 (14 bytes)
3996 6374       3       Many::m2674 (14 bytes)   made not entrant: not used
3998 6376       3       Many::m2675 (14 bytes)
3998 6377       4       Many::m2675 (14 bytes)
3998 6376       3       Many::m2675 (14 bytes)   made not entrant: not used
3999 6378       3       Many::m2676 (14 bytes)
3999 6379       4       Many::m2676 (14 bytes)
3999 6378       3       Many::m2676 (14 bytes)   made not entrant: not used
4000 6380       3       Many::m2677 (14 bytes)
4000 6381       4       Many::m2677 (14 bytes)
4001 6380       3       Many::m2677 (14 bytes)   made not entrant: not used
4002 6382       3       Many::m2678 (14 bytes)
4002 6383       4       Many::m2678 (14 bytes)
4002 6382       3       Many::m2678 (14 bytes)   made not entrant: not used
4003 6384       3       Many::m2679 (14 bytes)
4003 6385       4       Many::m2679 (14 bytes)
4003 6384       3       Many::m2679 (14 bytes)   made not entrant: not used
4005 6386       3       Many::m2680 (14 bytes)
4005 6387       4       Many::m2680 (14 bytes)
4005 6386       3       Many::m2680 (14 bytes)   made not entrant: not used
4006 6388       3       Many::m2681 (14 bytes)
4006 6389       4       Many::m2681 (14 bytes)
4006 6388       3       Many::m2681 (14 bytes)   made not entrant: not used
4008 6390       3       Many::m2682 (14 bytes)
4008 6391       4       Many::m2682 (14 bytes)
4008 6390       3       Many::m2682 (14 bytes)   made not entrant: not used
4009 6392       3       Many::m2683 (14 bytes)
4009 6393       4       Many::m2683 (14 bytes)
4009 6392       3       Many::m2683 (14 bytes)   made not entrant: not used
4010 6394       3       Many::m2684 (14 bytes)
4011 6395       4       Many::m2684 (14 bytes)
4011 6394       3       Many::m2684 (14 bytes)   made not entrant: not used
4012 6396       3       Many::m2685 (14 bytes)
4012 6397       4       Many::m2685 (14 bytes)
4012 6396       3       Many::m2685 (14 bytes)   made not entrant: not used
4013 6398       3       Many::m2686 (14 bytes)
4013 6399       4       Many::m2686 (14 bytes)
4014 6398       3       Many::m2686 (14 bytes)   made not entrant: not used
4015 6400       3       Many::m2687 (14 bytes)
4015 6401       4       Many::m2687 (14 bytes)
4015 6400       3       Many::m2687 (14 bytes)   made not entrant: not used
4016 6402       3       Many::m2688 (14 bytes)
4016 6403       4       Many::m2688 (14 bytes)
4016 6402       3       Many::m2688 (14 bytes)   made not entrant: not used
4018 6404       3       Many::m2689 (14 bytes)
4018 6405       4       Many::m2689 (14 bytes)
4018 6404       3       Many::m2689 (14 bytes)   made not entrant: not used
4019 6406       3       Many::m2690 (14 bytes)
4019 6407       4       Many::m2690 (14 bytes)
4019 6406       3       Many::m2690 (14 bytes)   made not entrant: not used
4020 6408       3       Many::m2691 (14 bytes)
4021 6409       4       Many::m2691 (14 bytes)
4021 6408       3       Many::m2691 (14 bytes)   made not entrant: not used
4022 6410       3       Many::m2692 (14 bytes)
4022 6411       4       Many::m2692 (14 bytes)
4022 6410       3       Many::m2692 (14 bytes)   made not entrant: not used
4023 6412       3       Many::m2693 (14 bytes)
4024 6413       4       Many::m2693 (14 bytes)
4024 6412       3       Many::m2693 (14 bytes)   made not entrant: not used
4025 6414       3       Many::m2694 (14 bytes)
4025 6415       4       Many::m2694 (14 bytes)
4025 6414       3       Many::m2694 (14 bytes)   made not entrant: not used
4026 6416       3       Many::m2695 (14 bytes)
4026 6417       4       Many::m2695 (14 bytes)
4026 6416       3       Many::m2695 (14 bytes)   made not entrant: not used
4028 6418       3       Many::m2696 (14 bytes)
4028 6419       4       Many::m2696 (14 bytes)
4028 6418       3       Many::m2696 (14 bytes)   made not entrant: not used
4029 6420       3       Many::m2697 (14 bytes)
4029 6421       4       Many::m2697 (14 bytes)
4029 6420       3       Many::m2697 (14 bytes)   made not entrant: not used
4031 6422       3       Many::m2698 (14 bytes)
4031 6423       4       Many::m2698 (14 bytes)
4031 6422       3       Many::m2698 (14 bytes)   made not entrant: not used
4032 6424       3       Many::m2699 (14 bytes)
4032 6425       4       Many::m2699 (14 bytes)
4032 6424       3       Many::m2699 (14 bytes)   made not entrant: not used
4033 6426       3       Many::m2700 (14 bytes)
4033 6427       4       Many::m2700 (14 bytes)
4034 6426       3       Many::m2700 (14 bytes)   made not entrant: not used
4035 6428       3       Many::m2701 (14 bytes)
4035 6429       4       Many::m2701 (14 bytes)
4035 6428       3       Many::m2701 (14 bytes)   made not entrant: not used
4036 6430       3       Many::m2702 (14 bytes)
4036 6431       4       Many::m2702 (14 bytes)
4036 6430       3       Many::m2702 (14 bytes)   made not entrant: not used
4038 6432       3       Many::m2703 (14 bytes)
4038 6433       4       Many::m2703 (14 bytes)
4038 6432       3       Many::m2703 (14 bytes)   made not entrant: not used
4039 6434       3       Many::m2704 (14 bytes)
4039 6435       4       Many::m2704 (14 bytes)
4039 6434       3       Many::m2704 (14 bytes)   made not entrant: not used
4041 6436       3       Many::m2705 (14 bytes)
4041 6437       4       Many::m2705 (14 bytes)
4041 6436       3       Many::m2705 (14 bytes)   made not entrant: not used
4042 6438       3       Many::m2706 (14 bytes)
4042 6439       4       Many::m2706 (14 bytes)
4042 6438       3       Many::m2706 (14 bytes)   made not entrant: not used
4044 6440       3       Many::m2707 (14 bytes)
4044 6441       4       Many::m2707 (14 bytes)
4044 6440       3       Many::m2707 (14 bytes)   made not entrant: not used
4045 6442       3       Many::m2708 (14 bytes)
4045 6443       4       Many::m2708 (14 bytes)
4045 6442       3       Many::m2708 (14 bytes)   made not entrant: not used
4046 6444       3       Many::m2709 (14 bytes)
4046 6445       4       Many::m2709 (14 bytes)
4047 6444       3       Many::m2709 (14 bytes)   made not entrant: not used
4048 6446       3       Many::m2710 (14 bytes)
4048 6447       4       Many::m2710 (14 bytes)
4048 6446       3       Many::m2710 (14 bytes)   made not entrant: not used
4049 6448       3       Many::m2711 (14 bytes)
4049 6449       4       Many::m2711 (14 bytes)
4049 6448       3       Many::m2711 (14 bytes)   made not entrant: not used
4051 6450       3       Many::m2712 (14 bytes)
4051 6451       4       Many::m2712 (14 bytes)
4051 6450       3       Many::m2712 (14 bytes)   made not entrant: not used
4052 6452       3       Many::m2713 (14 bytes)
4052 6453       4       Many::m2713 (14 bytes)
4052 6452       3       Many::m2713 (14 bytes)   made not entrant: not used
4053 6454       3       Many::m2714 (14 bytes)
4054 6455       4       Many::m2714 (14 bytes)
4054 6454       3       Many::m2714 (14 bytes)   made not entrant: not used
4055 6456       3       Many::m2715 (14 bytes)
4055 6457       4       Many::m2715 (14 bytes)
4055 6456       3       Many::m2715 (14 bytes)   made not entrant: not used
4056 6458       3       Many::m2716 (14 bytes)
4057 6459       4       Many::m2716 (14 bytes)
4057 6458       3       Many::m2716 (14 bytes)   made not entrant: not used
4058 6460       3       Many::m2717 (14 bytes)
4058 6461       4       Many::m2717 (14 bytes)
4058 6460       3       Many::m2717 (14 bytes)   made not entrant: not used
4059 6462       3       Many::m2718 (14 bytes)
4059 6463       4       Many::m2718 (14 bytes)
4059 6462       3       Many::m2718 (14 bytes)   made not entrant: not used
4061 6464       3       Many::m2719 (14 bytes)
4061 6465       4       Many::m2719 (14 bytes)
4061 6464       3       Many::m2719 (14 bytes)   made not entrant: not used
4062 6466       3       Many::m2720 (14 bytes)
4062 6467       4       Many::m2720 (14 bytes)
4062 6466       3       Many::m2720 (14 bytes)   made not entrant: not used
4064 6468       3       Many::m2721 (14 bytes)
4064 6469       4       Many::m2721 (14 bytes)
4064 6468       3       Many::m2721 (14 bytes)   made not entrant: not used
4065 6470       3       Many::m2722 (14 bytes)
4065 6471       4       Many::m2722 (14 bytes)
4065 6470       3       Many::m2722 (14 bytes)   made not entrant: not used
4066 6472       3       Many::m2723 (14 bytes)
4066 6473       4       Many::m2723 (14 bytes)
4067 6472       3       Many::m2723 (14 bytes)   made not entrant: not used
4068 6474       3       Many::m2724 (14 bytes)
4068 6475       4       Many::m2724 (14 bytes)
4068 6474       3       Many::m2724 (14 bytes)   made not entrant: not used
4069 6476       3       Many::m2725 (14 bytes)
4069 6477       4       Many::m2725 (14 bytes)
4069 6476       3       Many::m2725 (14 bytes)   made not entrant: not used
4071 6478       3       Many::m2726 (14 bytes)
4071 6479       4       Many::m2726 (14 bytes)
4071 6478       3       Many::m2726 (14 bytes)   made not entrant: not used
4072 6480       3       Many::m2727 (14 bytes)
4072 6481       4       Many::m2727 (14 bytes)
4072 6480       3       Many::m2727 (14 bytes)   made not entrant: not used
4074 6482       3       Many::m2728 (14 bytes)
4074 6483       4       Many::m2728 (14 bytes)
4074 6482       3       Many::m2728 (14 bytes)   made not entrant: not used
4075 6484       3       Many::m2729 (14 bytes)
4075 6485       4       Many::m2729 (14 bytes)
4075 6484       3       Many::m2729 (14 bytes)   made not entrant: not used
4077 6486       3       Many::m2730 (14 bytes)
4077 6487       4       Many::m2730 (14 bytes)
4077 6486       3       Many::m2730 (14 bytes)   made not entrant: not used
4078 6488       3       Many::m2731 (14 bytes)
4078 6489       4       Many::m2731 (14 bytes)
4078 6488       3       Many::m2731 (14 bytes)   made not entrant: not used
4081 6490       3       Many::m2732 (14 bytes)
4082 6491       4       Many::m2732 (14 bytes)
4082 6490       3       Many::m2732 (14 bytes)   made not entrant: not used
4083 6492       3       Many::m2733 (14 bytes)
4083 6493       4       Many::m2733 (14 bytes)
4083 6492       3       Many::m2733 (14 bytes)   made not entrant: not used
4084 6494       3       Many::m2734 (14 bytes)
4084 6495       4       Many::m2734 (14 bytes)
4084 6494       3       Many::m2734 (14 bytes)   made not entrant: not used
4086 6496       3       Many::m2735 (14 bytes)
4086 6497       4       Many::m2735 (14 bytes)
4086 6496       3       Many::m2735 (14 bytes)   made not entrant: not used
4087 6498       3       Many::m2736 (14 bytes)
4087 6499       4       Many::m2736 (14 bytes)
4087 6498       3       Many::m2736 (14 bytes)   made not entrant: not used
4088 6500       3       Many::m2737 (14 bytes)
4089 6501       4       Many::m2737 (14 bytes)
4089 6500       3       Many::m2737 (14 bytes)   made not entrant: not used
4090 6502       3       Many::m2738 (14 bytes)
4090 6503       4       Many::m2738 (14 bytes)
4090 6502       3       Many::m2738 (14 bytes)   made not entrant: not used
4091 6504       3       Many::m2739 (14 bytes)
4091 6505       4       Many::m2739 (14 bytes)
4092 6504       3       Many::m2739 (14 bytes)   made not entrant: not used
4093 6506       3       Many::m2740 (14 bytes)
4093 6507       4       Many::m2740 (14 bytes)
4093 6506       3       Many::m2740 (14 bytes)   made not entrant: not used
4094 6508       3       Many::m2741 (14 bytes)
4094 6509       4       Many::m2741 (14 bytes)
4094 6508       3       Many::m2741 (14 bytes)   made not entrant: not used
4096 6510       3       Many::m2742 (14 bytes)
4096 6511       4       Many::m2742 (14 bytes)
4096 6510       3       Many::m2742 (14 bytes)   made not entrant: not used
4097 6512       3       Many::m2743 (14 bytes)
4097 6513       4       Many::m2743 (14 bytes)
4097 6512       3       Many::m2743 (14 bytes)   made not entrant: not used
4099 6514       3       Many::m2744 (14 bytes)
4099 6515       4       Many::m2744 (14 bytes)
4099 6514       3       Many::m2744 (14 bytes)   made not entrant: not used
4100 6516       3       Many::m2745 (14 bytes)
4100 6517       4       Many::m2745 (14 bytes)
4100 6516       3       Many::m2745 (14 bytes)   made not entrant: not used
4101 6518       3       Many::m2746 (14 bytes)
4101 6519       4       Many::m2746 (14 bytes)
4102 6518       3       Many::m2746 (14 bytes)   made not entrant: not used
4103 6520       3       Many::m2747 (14 bytes)
4103 6521       4       Many::m2747 (14 bytes)
4103 6520       3       Many::m2747 (14 bytes)   made not entrant: not used
4104 6522       3       Many::m2748 (14 bytes)
4104 6523       4       Many::m2748 (14 bytes)
4104 6522       3       Many::m2748 (14 bytes)   made not entrant: not used
4106 6524       3       Many::m2749 (14 bytes)
4106 6525       4       Many::m2749 (14 bytes)
4106 6524       3       Many::m2749 (14 bytes)   made not entrant: not used
4107 6526       3       Many::m2750 (14 bytes)
4107 6527       4       Many::m2750 (14 bytes)
4107 6526       3       Many::m2750 (14 bytes)   made not entrant: not used
4109 6528       3       Many::m2751 (14 bytes)
4109 6529       4       Many::m2751 (14 bytes)
4109 6528       3       Many::m2751 (14 bytes)   made not entrant: not used
4110 6530       3       Many::m2752 (14 bytes)
4110 6531       4       Many::m2752 (14 bytes)
4110 6530       3       Many::m2752 (14 bytes)   made not entrant: not used
4111 6532       3       Many::m2753 (14 bytes)
4111 6533       4       Many::m2753 (14 bytes)
4112 6532       3       Many::m2753 (14 bytes)   made not entrant: not used
4113 6534       3       Many::m2754 (14 bytes)
4113 6535       4       Many::m2754 (14 bytes)
4113 6534       3       Many::m2754 (14 bytes)   made not entrant: not used
4114 6536       3       Many::m2755 (14 bytes)
4114 6537       4       Many::m2755 (14 bytes)
4114 6536       3       Many::m2755 (14 bytes)   made not entrant: not used
4116 6538       3       Many::m2756 (14 bytes)
4116 6539       4       Many::m2756 (14 bytes)
4116 6538       3       Many::m2756 (14 bytes)   made not entrant: not used
4117 6540       3       Many::m2757 (14 bytes)
4117 6541       4       Many::m2757 (14 bytes)
4117 6540       3       Many::m2757 (14 bytes)   made not entrant: not used
4119 6542       3       Many::m2758 (14 bytes)
4119 6543       4       Many::m2758 (14 bytes)
4119 6542       3       Many::m2758 (14 bytes)   made not entrant: not used
4120 6544       3       Many::m2759 (14 bytes)
4120 6545       4       Many::m2759 (14 bytes)
4120 6544       3       Many::m2759 (14 bytes)   made not entrant: not used
4121 6546       3       Many::m2760 (14 bytes)
4121 6547       4       Many::m2760 (14 bytes)
4122 6546       3       Many::m2760 (14 bytes)   made not entrant: not used
4123 6548       3       Many::m2761 (14 bytes)
4123 6549       4       Many::m2761 (14 bytes)
4123 6548       3       Many::m2761 (14 bytes)   made not entrant: not used
4124 6550       3       Many::m2762 (14 bytes)
4124 6551       4       Many::m2762 (14 bytes)
4124 6550       3       Many::m2762 (14 bytes)   made not entrant: not used
4126 6552       3       Many::m2763 (14 bytes)
4126 6553       4       Many::m2763 (14 bytes)
4126 6552       3       Many::m2763 (14 bytes)   made not entrant: not used
4127 6554       3       Many::m2764 (14 bytes)
4127 6555       4       Many::m2764 (14 bytes)
4127 6554       3       Many::m2764 (14 bytes)   made not entrant: not used
4129 6556       3       Many::m2765 (14 bytes)
4129 6557       4       Many::m2765 (14 bytes)
4129 6556       3       Many::m2765 (14 bytes)   made not entrant: not used
4130 6558       3       Many::m2766 (14 bytes)
4130 6559       4       Many::m2766 (14 bytes)
4130 6558       3       Many::m2766 (14 bytes)   made not entrant: not used
4131 6560       3       Many::m2767 (14 bytes)
4132 6561       4       Many::m2767 (14 bytes)
4132 6560       3       Many::m2767 (14 bytes)   made not entrant: not used
4133 6562       3       Many::m2768 (14 bytes)
4133 6563       4       Many::m2768 (14 bytes)
4133 6562       3       Many::m2768 (14 bytes)   made not entrant: not used
4134 6564       3       Many::m2769 (14 bytes)
4134 6565       4       Many::m2769 (14 bytes)
4134 6564       3       Many::m2769 (14 bytes)   made not entrant: not used
4136 6566       3       Many::m2770 (14 bytes)
4136 6567       4       Many::m2770 (14 bytes)
4136 6566       3       Many::m2770 (14 bytes)   made not entrant: not used
4137 6568       3       Many::m2771 (14 bytes)
4137 6569       4       Many::m2771 (14 bytes)
4137 6568       3       Many::m2771 (14 bytes)   made not entrant: not used
4139 6570       3       Many::m2772 (14 bytes)
4139 6571       4       Many::m2772 (14 bytes)
4139 6570       3       Many::m2772 (14 bytes)   made not entrant: not used
4140 6572       3       Many::m2773 (14 bytes)
4140 6573       4       Many::m2773 (14 bytes)
4140 6572       3       Many::m2773 (14 bytes)   made not entrant: not used
4141 6574       3       Many::m2774 (14 bytes)
4142 6575       4       Many::m2774 (14 bytes)
4142 6574       3       Many::m2774 (14 bytes)   made not entrant: not used
4143 6576       3       Many::m2775 (14 bytes)
4143 6577       4       Many::m2775 (14 bytes)
4143 6576       3       Many::m2775 (14 bytes)   made not entrant: not used
4144 6578       3       Many::m2776 (14 bytes)
4144 6579       4       Many::m2776 (14 bytes)
4145 6578       3       Many::m2776 (14 bytes)   made not entrant: not used
4146 6580       3       Many::m2777 (14 bytes)
4146 6581       4       Many::m2777 (14 bytes)
4146 6580       3       Many::m2777 (14 bytes)   made not entrant: not used
4147 6582       3       Many::m2778 (14 bytes)
4147 6583       4       Many::m2778 (14 bytes)
4147 6582       3       Many::m2778 (14 bytes)   made not entrant: not used
4149 6584       3       Many::m2779 (14 bytes)
4149 6585       4       Many::m2779 (14 bytes)
4149 6584       3       Many::m2779 (14 bytes)   made not entrant: not used
4150 6586       3       Many::m2780 (14 bytes)
4150 6587       4       Many::m2780 (14 bytes)
4150 6586       3       Many::m2780 (14 bytes)   made not entrant: not used
4151 6588       3       Many::m2781 (14 bytes)
4152 6589       4       Many::m2781 (14 bytes)
4152 6588       3       Many::m2781 (14 bytes)   made not entrant: not used
4153 6590       3       Many::m2782 (14 bytes)
4153 6591       4       Many::m2782 (14 bytes)
4153 6590       3       Many::m2782 (14 bytes)   made not entrant: not used
4154 6592       3       Many::m2783 (14 bytes)
4154 6593       4       Many::m2783 (14 bytes)
4155 6592       3       Many::m2783 (14 bytes)   made not entrant: not used
4156 6594       3       Many::m2784 (14 bytes)
4156 6595       4       Many::m2784 (14 bytes)
4156 6594       3       Many::m2784 (14 bytes)   made not entrant: not used
4157 6596       3       Many::m2785 (14 bytes)
4157 6597       4       Many::m2785 (14 bytes)
4157 6596       3       Many::m2785 (14 bytes)   made not entrant: not used
4159 6598       3       Many::m2786 (14 bytes)
4159 6599       4       Many::m2786 (14 bytes)
4159 6598       3       Many::m2786 (14 bytes)   made not entrant: not used
4160 6600       3       Many::m2787 (14 bytes)
4160 6601       4       Many::m2787 (14 bytes)
4160 6600       3       Many::m2787 (14 bytes)   made not entrant: not used
4162 6602       3       Many::m2788 (14 bytes)
4162 6603       4       Many::m2788 (14 bytes)
4162 6602       3       Many::m2788 (14 bytes)   made not entrant: not used
4163 6604       3       Many::m2789 (14 bytes)
4163 6605       4       Many::m2789 (14 bytes)
4163 6604       3       Many::m2789 (14 bytes)   made not entrant: not used
4164 6606       3       Many::m2790 (14 bytes)
4165 6607       4       Many::m2790 (14 bytes)
4165 6606       3       Many::m2790 (14 bytes)   made not entrant: not used
4166 6608       3       Many::m2791 (14 bytes)
4166 6609       4       Many::m2791 (14 bytes)
4166 6608       3       Many::m2791 (14 bytes)   made not entrant: not used
4167 6610       3       Many::m2792 (14 bytes)
4167 6611       4       Many::m2792 (14 bytes)
4167 6610       3       Many::m2792 (14 bytes)   made not entrant: not used
4169 6612       3       Many::m2793 (14 bytes)
4169 6613       4       Many::m2793 (14 bytes)
4169 6612       3       Many::m2793 (14 bytes)   made not entrant: not used
4170 6614       3       Many::m2794 (14 bytes)
4170 6615       4       Many::m2794 (14 bytes)
4170 6614       3       Many::m2794 (14 bytes)   made not entrant: not used
4172 6616       3       Many::m2795 (14 bytes)
4172 6617       4       Many::m2795 (14 bytes)
4172 6616       3       Many::m2795 (14 bytes)   made not entrant: not used
4173 6618       3       Many::m2796 (14 bytes)
4173 6619       4       Many::m2796 (14 bytes)
4174 6618       3       Many::m2796 (14 bytes)   made not entrant: not used
4175 6620       3       Many::m2797 (14 bytes)
4175 6621       4       Many::m2797 (14 bytes)
4175 6620       3       Many::m2797 (14 bytes)   made not entrant: not used
4176 6622       3       Many::m2798 (14 bytes)
4176 6623       4       Many::m2798 (14 bytes)
4176 6622       3       Many::m2798 (14 bytes)   made not entrant: not used
4178 6624       3       Many::m2799 (14 bytes)
4178 6625       4       Many::m2799 (14 bytes)
4178 6624       3       Many::m2799 (14 bytes)   made not entrant: not used
4179 6626       3       Many::m2800 (14 bytes)
4179 6627       4       Many::m2800 (14 bytes)
4179 6626       3       Many::m2800 (14 bytes)   made not entrant: not used
4180 6628       3       Many::m2801 (14 bytes)
4180 6629       4       Many::m2801 (14 bytes)
4181 6628       3       Many::m2801 (14 bytes)   made not entrant: not used
4182 6630       3       Many::m2802 (14 bytes)
4182 6631       4       Many::m2802 (14 bytes)
4182 6630       3       Many::m2802 (14 bytes)   made not entrant: not used
4183 6632       3       Many::m2803 (14 bytes)
4183 6633       4       Many::m2803 (14 bytes)
4183 6632       3       Many::m2803 (14 bytes)   made not entrant: not used
4185 6634       3       Many::m2804 (14 bytes)
4185 6635       4       Many::m2804 (14 bytes)
4185 6634       3       Many::m2804 (14 bytes)   made not entrant: not used
4186 6636       3       Many::m2805 (14 bytes)
4186 6637       4       Many::m2805 (14 bytes)
4186 6636       3       Many::m2805 (14 bytes)   made not entrant: not used
4187 6638       3       Many::m2806 (14 bytes)
4188 6639       4       Many::m2806 (14 bytes)
4188 6638       3       Many::m2806 (14 bytes)   made not entrant: not used
4189 6640       3       Many::m2807 (14 bytes)
4189 6641       4       Many::m2807 (14 bytes)
4189 6640       3       Many::m2807 (14 bytes)   made not entrant: not used
4190 6642       3       Many::m2808 (14 bytes)
4191 6643       4       Many::m2808 (14 bytes)
4191 6642       3       Many::m2808 (14 bytes)   made not entrant: not used
4192 6644       3       Many::m2809 (14 bytes)
4192 6645       4       Many::m2809 (14 bytes)
4192 6644       3       Many::m2809 (14 bytes)   made not entrant: not used
4193 6646       3       Many::m2810 (14 bytes)
4193 6647       4       Many::m2810 (14 bytes)
4194 6646       3       Many::m2810 (14 bytes)   made not entrant: not used
4195 6648       3       Many::m2811 (14 bytes)
4195 6649       4       Many::m2811 (14 bytes)
4195 6648       3       Many::m2811 (14 bytes)   made not entrant: not used
4196 6650       3       Many::m2812 (14 bytes)
4196 6651       4       Many::m2812 (14 bytes)
4196 6650       3       Many::m2812 (14 bytes)   made not entrant: not used
4198 6652       3       Many::m2813 (14 bytes)
4198 6653       4       Many::m2813 (14 bytes)
4198 6652       3       Many::m2813 (14 bytes)   made not entrant: not used
4199 6654       3       Many::m2814 (14 bytes)
4199 6655       4       Many::m2814 (14 bytes)
4199 6654       3       Many::m2814 (14 bytes)   made not entrant: not used
4201 6656       3       Many::m2815 (14 bytes)
4201 6657       4       Many::m2815 (14 bytes)
4201 6656       3       Many::m2815 (14 bytes)   made not entrant: not used
4202 6658       3       Many::m2816 (14 bytes)
4202 6659       4       Many::m2816 (14 bytes)
4202 6658       3       Many::m2816 (14 bytes)   made not entrant: not used
4204 6660       3       Many::m2817 (14 bytes)
4204 6661       4       Many::m2817 (14 bytes)
4204 6660       3       Many::m2817 (14 bytes)   made not entrant: not used
4205 6662       3       Many::m2818 (14 bytes)
4205 6663       4       Many::m2818 (14 bytes)
4205 6662       3       Many::m2818 (14 bytes)   made not entrant: not used
4207 6664       3       Many::m2819 (14 bytes)
4207 6665       4       Many::m2819 (14 bytes)
4207 6664       3       Many::m2819 (14 bytes)   made not entrant: not used
4208 6666       3       Many::m2820 (14 bytes)
4208 6667       4       Many::m2820 (14 bytes)
4208 6666       3       Many::m2820 (14 bytes)   made not entrant: not used
4209 6668       3       Many::m2821 (14 bytes)
4210 6669       4       Many::m2821 (14 bytes)
4210 6668       3       Many::m2821 (14 bytes)   made not entrant: not used
4211 6670       3       Many::m2822 (14 bytes)
4211 6671       4       Many::m2822 (14 bytes)
4211 6670       3       Many::m2822 (14 bytes)   made not entrant: not used
4212 6672       3       Many::m2823 (14 bytes)
4212 6673       4       Many::m2823 (14 bytes)
4213 6672       3       Many::m2823 (14 bytes)   made not entrant: not used
4214 6674       3       Many::m2824 (14 bytes)
4214 6675       4       Many::m2824 (14 bytes)
4214 6674       3       Many::m2824 (14 bytes)   made not entrant: not used
4215 6676       3       Many::m2825 (14 bytes)
4215 6677       4       Many::m2825 (14 bytes)
4215 6676       3       Many::m2825 (14 bytes)   made not entrant: not used
4217 6678       3       Many::m2826 (14 bytes)
4217 6679       4       Many::m2826 (14 bytes)
4217 6678       3       Many::m2826 (14 bytes)   made not entrant: not used
4218 6680       3       Many::m2827 (14 bytes)
4218 6681       4       Many::m2827 (14 bytes)
4218 6680       3       Many::m2827 (14 bytes)   made not entrant: not used
4219 6682       3       Many::m2828 (14 bytes)
4220 6683       4       Many::m2828 (14 bytes)
4220 6682       3       Many::m2828 (14 bytes)   made not entrant: not used
4221 6684       3       Many::m2829 (14 bytes)
4221 6685       4       Many::m2829 (14 bytes)
4221 6684       3       Many::m2829 (14 bytes)   made not entrant: not used
4222 6686       3       Many::m2830 (14 bytes)
4223 6687       4       Many::m2830 (14 bytes)
4223 6686       3       Many::m2830 (14 bytes)   made not entrant: not used
4224 6688       3       Many::m2831 (14 bytes)
4224 6689       4       Many::m2831 (14 bytes)
4224 6688       3       Many::m2831 (14 bytes)   made not entrant: not used
4225 6690       3       Many::m2832 (14 bytes)
4225 6691       4       Many::m2832 (14 bytes)
4225 6690       3       Many::m2832 (14 bytes)   made not entrant: not used
4227 6692       3       Many::m2833 (14 bytes)
4227 6693       4       Many::m2833 (14 bytes)
4227 6692       3       Many::m2833 (14 bytes)   made not entrant: not used
4228 6694       3       Many::m2834 (14 bytes)
4228 6695       4       Many::m2834 (14 bytes)
4228 6694       3       Many::m2834 (14 bytes)   made not entrant: not used
4230 6696       3       Many::m2835 (14 bytes)
4230 6697       4       Many::m2835 (14 bytes)
4230 6696       3       Many::m2835 (14 bytes)   made not entrant: not used
4231 6698       3       Many::m2836 (14 bytes)
4231 6699       4       Many::m2836 (14 bytes)
4231 6698       3       Many::m2836 (14 bytes)   made not entrant: not used
4232 6700       3       Many::m2837 (14 bytes)
4232 6701       4       Many::m2837 (14 bytes)
4233 6700       3       Many::m2837 (14 bytes)   made not entrant: not used
4234 6702       3       Many::m2838 (14 bytes)
4234 6703       4       Many::m2838 (14 bytes)
4234 6702       3       Many::m2838 (14 bytes)   made not entrant: not used
4235 6704       3       Many::m2839 (14 bytes)
4235 6705       4       Many::m2839 (14 bytes)
4235 6704       3       Many::m2839 (14 bytes)   made not entrant: not used
4237 6706       3       Many::m2840 (14 bytes)
4237 6707       4       Many::m2840 (14 bytes)
4237 6706       3       Many::m2840 (14 bytes)   made not entrant: not used
4238 6708       3       Many::m2841 (14 bytes)
4238 6709       4       Many::m2841 (14 bytes)
4238 6708       3       Many::m2841 (14 bytes)   made not entrant: not used
4239 6710       3       Many::m2842 (14 bytes)
4240 6711       4       Many::m2842 (14 bytes)
4240 6710       3       Many::m2842 (14 bytes)   made not entrant: not used
4241 6712       3       Many::m2843 (14 bytes)
4241 6713       4       Many::m2843 (14 bytes)
4241 6712       3       Many::m2843 (14 bytes)   made not entrant: not used
4242 6714       3       Many::m2844 (14 bytes)
4242 6715       4       Many::m2844 (14 bytes)
4243 6714       3       Many::m2844 (14 bytes)   made not entrant: not used
4244 6716       3       Many::m2845 (14 bytes)
4244 6717       4       Many::m2845 (14 bytes)
4244 6716       3       Many::m2845 (14 bytes)   made not entrant: not used
4245 6718       3       Many::m2846 (14 bytes)
4245 6719       4       Many::m2846 (14 bytes)
4245 6718       3       Many::m2846 (14 bytes)   made not entrant: not used
4247 6720       3       Many::m2847 (14 bytes)
4247 6721       4       Many::m2847 (14 bytes)
4247 6720       3       Many::m2847 (14 bytes)   made not entrant: not used
4248 6722       3       Many::m2848 (14 bytes)
4248 6723       4       Many::m2848 (14 bytes)
4248 6722       3       Many::m2848 (14 bytes)   made not entrant: not used
4249 6724       3       Many::m2849 (14 bytes)
4250 6725       4       Many::m2849 (14 bytes)
4250 6724       3       Many::m2849 (14 bytes)   made not entrant: not used
4251 6726       3       Many::m2850 (14 bytes)
4251 6727       4       Many::m2850 (14 bytes)
4251 6726       3       Many::m2850 (14 bytes)   made not entrant: not used
4252 6728       3       Many::m2851 (14 bytes)
4252 6729       4       Many::m2851 (14 bytes)
4253 6728       3       Many::m2851 (14 bytes)   made not entrant: not used
4254 6730       3       Many::m2852 (14 bytes)
4254 6731       4       Many::m2852 (14 bytes)
4254 6730       3       Many::m2852 (14 bytes)   made not entrant: not used
4255 6732       3       Many::m2853 (14 bytes)
4256 6733       4       Many::m2853 (14 bytes)
4256 6732       3       Many::m2853 (14 bytes)   made not entrant: not used
4257 6734       3       Many::m2854 (14 bytes)
4257 6735       4       Many::m2854 (14 bytes)
4257 6734       3       Many::m2854 (14 bytes)   made not entrant: not used
4258 6736       3       Many::m2855 (14 bytes)
4258 6737       4       Many::m2855 (14 bytes)
4258 6736       3       Many::m2855 (14 bytes)   made not entrant: not used
4260 6738       3       Many::m2856 (14 bytes)
4260 6739       4       Many::m2856 (14 bytes)
4260 6738       3       Many::m2856 (14 bytes)   made not entrant: not used
4261 6740       3       Many::m2857 (14 bytes)
4261 6741       4       Many::m2857 (14 bytes)
4261 6740       3       Many::m2857 (14 bytes)   made not entrant: not used
4263 6742       3       Many::m2858 (14 bytes)
4263 6743       4       Many::m2858 (14 bytes)
4263 6742       3       Many::m2858 (14 bytes)   made not entrant: not used
4264 6744       3       Many::m2859 (14 bytes)
4264 6745       4       Many::m2859 (14 bytes)
4264 6744       3       Many::m2859 (14 bytes)   made not entrant: not used
4265 6746       3       Many::m2860 (14 bytes)
4265 6747       4       Many::m2860 (14 bytes)
4266 6746       3       Many::m2860 (14 bytes)   made not entrant: not used
4267 6748       3       Many::m2861 (14 bytes)
4267 6749       4       Many::m2861 (14 bytes)
4267 6748       3       Many::m2861 (14 bytes)   made not entrant: not used
4268 6750       3       Many::m2862 (14 bytes)
4268 6751       4       Many::m2862 (14 bytes)
4268 6750       3       Many::m2862 (14 bytes)   made not entrant: not used
4270 6752       3       Many::m2863 (14 bytes)
4270 6753       4       Many::m2863 (14 bytes)
4270 6752       3       Many::m2863 (14 bytes)   made not entrant: not used
4271 6754       3       Many::m2864 (14 bytes)
4271 6755       4       Many::m2864 (14 bytes)
4271 6754       3       Many::m2864 (14 bytes)   made not entrant: not used
4273 6756       3       Many::m2865 (14 bytes)
4273 6757       4       Many::m2865 (14 bytes)
4273 6756       3       Many::m2865 (14 bytes)   made not entrant: not used
4274 6758       3       Many::m2866 (14 bytes)
4274 6759       4       Many::m2866 (14 bytes)
4274 6758       3       Many::m2866 (14 bytes)   made not entrant: not used
4275 6760       3       Many::m2867 (14 bytes)
4276 6761       4       Many::m2867 (14 bytes)
4276 6760       3       Many::m2867 (14 bytes)   made not entrant: not used
4277 6762       3       Many::m2868 (14 bytes)
4277 6763       4       Many::m2868 (14 bytes)
4277 6762       3       Many::m2868 (14 bytes)   made not entrant: not used
4278 6764       3       Many::m2869 (14 bytes)
4278 6765       4       Many::m2869 (14 bytes)
4278 6764       3       Many::m2869 (14 bytes)   made not entrant: not used
4280 6766       3       Many::m2870 (14 bytes)
4280 6767       4       Many::m2870 (14 bytes)
4280 6766       3       Many::m2870 (14 bytes)   made not entrant: not used
4281 6768       3       Many::m2871 (14 bytes)
4281 6769       4       Many::m2871 (14 bytes)
4281 6768       3       Many::m2871 (14 bytes)   made not entrant: not used
4283 6770       3       Many::m2872 (14 bytes)
4283 6771       4       Many::m2872 (14 bytes)
4283 6770       3       Many::m2872 (14 bytes)   made not entrant: not used
4284 6772       3       Many::m2873 (14 bytes)
4284 6773       4       Many::m2873 (14 bytes)
4284 6772       3       Many::m2873 (14 bytes)   made not entrant: not used
4285 6774       3       Many::m2874 (14 bytes)
4286 6775       4       Many::m2874 (14 bytes)
4286 6774       3       Many::m2874 (14 bytes)   made not entrant: not used
4287 6776       3       Many::m2875 (14 bytes)
4287 6777       4       Many::m2875 (14 bytes)
4287 6776       3       Many::m2875 (14 bytes)   made not entrant: not used
4288 6778       3       Many::m2876 (14 bytes)
4288 6779       4       Many::m2876 (14 bytes)
4289 6778       3       Many::m2876 (14 bytes)   made not entrant: not used
4290 6780       3       Many::m2877 (14 bytes)
4290 6781       4       Many::m2877 (14 bytes)
4290 6780       3       Many::m2877 (14 bytes)   made not entrant: not used
4291 6782       3       Many::m2878 (14 bytes)
4291 6783       4       Many::m2878 (14 bytes)
4291 6782       3       Many::m2878 (14 bytes)   made not entrant: not used
4293 6784       3       Many::m2879 (14 bytes)
4293 6785       4       Many::m2879 (14 bytes)
4293 6784       3       Many::m2879 (14 bytes)   made not entrant: not used
4294 6786       3       Many::m2880 (14 bytes)
4294 6787       4       Many::m2880 (14 bytes)
4294 6786       3       Many::m2880 (14 bytes)   made not entrant: not used
4295 6788       3       Many::m2881 (14 bytes)
4296 6789       4       Many::m2881 (14 bytes)
4296 6788       3       Many::m2881 (14 bytes)   made not entrant: not used
4297 6790       3       Many::m2882 (14 bytes)
4297 6791       4       Many::m2882 (14 bytes)
4297 6790       3       Many::m2882 (14 bytes)   made not entrant: not used
4298 6792       3       Many::m2883 (14 bytes)
4298 6793       4       Many::m2883 (14 bytes)
4299 6792       3       Many::m2883 (14 bytes)   made not entrant: not used
4300 6794       3       Many::m2884 (14 bytes)
4300 6795       4       Many::m2884 (14 bytes)
4300 6794       3       Many::m2884 (14 bytes)   made not entrant: not used
4301 6796       3       Many::m2885 (14 bytes)
4301 6797       4       Many::m2885 (14 bytes)
4301 6796       3       Many::m2885 (14 bytes)   made not entrant: not used
4303 6798       3       Many::m2886 (14 bytes)
4303 6799       4       Many::m2886 (14 bytes)
4303 6798       3       Many::m2886 (14 bytes)   made not entrant: not used
4304 6800       3       Many::m2887 (14 bytes)
4304 6801       4       Many::m2887 (14 bytes)
4304 6800       3       Many::m2887 (14 bytes)   made not entrant: not used
4306 6802       3       Many::m2888 (14 bytes)
4306 6803       4       Many::m2888 (14 bytes)
4306 6802       3       Many::m2888 (14 bytes)   made not entrant: not used
4307 6804       3       Many::m2889 (14 bytes)
4307 6805       4       Many::m2889 (14 bytes)
4307 6804       3       Many::m2889 (14 bytes)   made not entrant: not used
4308 6806       3       Many::m2890 (14 bytes)
4309 6807       4       Many::m2890 (14 bytes)
4309 6806       3       Many::m2890 (14 bytes)   made not entrant: not used
4310 6808       3       Many::m2891 (14 bytes)
4310 6809       4       Many::m2891 (14 bytes)
4310 6808       3       Many::m2891 (14 bytes)   made not entrant: not used
4311 6810       3       Many::m2892 (14 bytes)
4311 6811       4       Many::m2892 (14 bytes)
4311 6810       3       Many::m2892 (14 bytes)   made not entrant: not used
4313 6812       3       Many::m2893 (14 bytes)
4313 6813       4       Many::m2893 (14 bytes)
4313 6812       3       Many::m2893 (14 bytes)   made not entrant: not used
4314 6814       3       Many::m2894 (14 bytes)
4314 6815       4       Many::m2894 (14 bytes)
4314 6814       3       Many::m2894 (14 bytes)   made not entrant: not used
4316 6816       3       Many::m2895 (14 bytes)
4316 6817       4       Many::m2895 (14 bytes)
4316 6816       3       Many::m2895 (14 bytes)   made not entrant: not used
4317 6818       3       Many::m2896 (14 bytes)
4317 6819       4       Many::m2896 (14 bytes)
4317 6818       3       Many::m2896 (14 bytes)   made not entrant: not used
4318 6820       3       Many::m2897 (14 bytes)
4318 6821       4       Many::m2897 (14 bytes)
4319 6820       3       Many::m2897 (14 bytes)   made not entrant: not used
4320 6822       3       Many::m2898 (14 bytes)
4320 6823       4       Many::m2898 (14 bytes)
4320 6822       3       Many::m2898 (14 bytes)   made not entrant: not used
4321 6824       3       Many::m2899 (14 bytes)
4321 6825       4       Many::m2899 (14 bytes)
4321 6824       3       Many::m2899 (14 bytes)   made not entrant: not used
4323 6826       3       Many::m2900 (14 bytes)
4323 6827       4       Many::m2900 (14 bytes)
4323 6826       3       Many::m2900 (14 bytes)   made not entrant: not used
4324 6828       3       Many::m2901 (14 bytes)
4324 6829       4       Many::m2901 (14 bytes)
4324 6828       3       Many::m2901 (14 bytes)   made not entrant: not used
4326 6830       3       Many::m2902 (14 bytes)
4326 6831       4       Many::m2902 (14 bytes)
4326 6830       3       Many::m2902 (14 bytes)   made not entrant: not used
4327 6832       3       Many::m2903 (14 bytes)
4327 6833       4       Many::m2903 (14 bytes)
4327 6832       3       Many::m2903 (14 bytes)   made not entrant: not used
4328 6834       3       Many::m2904 (14 bytes)
4329 6835       4       Many::m2904 (14 bytes)
4329 6834       3       Many::m2904 (14 bytes)   made not entrant: not used
4330 6836       3       Many::m2905 (14 bytes)
4330 6837       4       Many::m2905 (14 bytes)
4330 6836       3       Many::m2905 (14 bytes)   made not entrant: not used
4331 6838       3       Many::m2906 (14 bytes)
4331 6839       4       Many::m2906 (14 bytes)
4331 6838       3       Many::m2906 (14 bytes)   made not entrant: not used
4333 6840       3       Many::m2907 (14 bytes)
4333 6841       4       Many::m2907 (14 bytes)
4333 6840       3       Many::m2907 (14 bytes)   made not entrant: not used
4334 6842       3       Many::m2908 (14 bytes)
4334 6843       4       Many::m2908 (14 bytes)
4334 6842       3       Many::m2908 (14 bytes)   made not entrant: not used
4336 6844       3       Many::m2909 (14 bytes)
4336 6845       4       Many::m2909 (14 bytes)
4336 6844       3       Many::m2909 (14 bytes)   made not entrant: not used
4337 6846       3       Many::m2910 (14 bytes)
4337 6847       4       Many::m2910 (14 bytes)
4337 6846       3       Many::m2910 (14 bytes)   made not entrant: not used
4338 6848       3       Many::m2911 (14 bytes)
4339 6849       4       Many::m2911 (14 bytes)
4339 6848       3       Many::m2911 (14 bytes)   made not entrant: not used
4340 6850       3       Many::m2912 (14 bytes)
4340 6851       4       Many::m2912 (14 bytes)
4340 6850       3       Many::m2912 (14 bytes)   made not entrant: not used
4341 6852       3       Many::m2913 (14 bytes)
4341 6853       4       Many::m2913 (14 bytes)
4342 6852       3       Many::m2913 (14 bytes)   made not entrant: not used
4343 6854       3       Many::m2914 (14 bytes)
4343 6855       4       Many::m2914 (14 bytes)
4343 6854       3       Many::m2914 (14 bytes)   made not entrant: not used
4344 6856       3       Many::m2915 (14 bytes)
4344 6857       4       Many::m2915 (14 bytes)
4344 6856       3       Many::m2915 (14 bytes)   made not entrant: not used
4346 6858       3       Many::m2916 (14 bytes)
4346 6859       4       Many::m2916 (14 bytes)
4346 6858       3       Many::m2916 (14 bytes)   made not entrant: not used
4347 6860       3       Many::m2917 (14 bytes)
4347 6861       4       Many::m2917 (14 bytes)
4347 6860       3       Many::m2917 (14 bytes)   made not entrant: not used
4348 6862       3       Many::m2918 (14 bytes)
4349 6863       4       Many::m2918 (14 bytes)
4349 6862       3       Many::m2918 (14 bytes)   made not entrant: not used
4350 6864       3       Many::m2919 (14 bytes)
4350 6865       4       Many::m2919 (14 bytes)
4350 6864       3       Many::m2919 (14 bytes)   made not entrant: not used
4351 6866       3       Many::m2920 (14 bytes)
4351 6867       4       Many::m2920 (14 bytes)
4352 6866       3       Many::m2920 (14 bytes)   made not entrant: not used
4353 6868       3       Many::m2921 (14 bytes)
4353 6869       4       Many::m2921 (14 bytes)
4353 6868       3       Many::m2921 (14 bytes)   made not entrant: not used
4354 6870       3       Many::m2922 (14 bytes)
4354 6871       4       Many::m2922 (14 bytes)
4354 6870       3       Many::m2922 (14 bytes)   made not entrant: not used
4356 6872       3       Many::m2923 (14 bytes)
4356 6873       4       Many::m2923 (14 bytes)
4356 6872       3       Many::m2923 (14 bytes)   made not entrant: not used
4357 6874       3       Many::m2924 (14 bytes)
4357 6875       4       Many::m2924 (14 bytes)
4357 6874       3       Many::m2924 (14 bytes)   made not entrant: not used
4359 6876       3       Many::m2925 (14 bytes)
4359 6877       4       Many::m2925 (14 bytes)
4359 6876       3       Many::m2925 (14 bytes)   made not entrant: not used
4360 6878       3       Many::m2926 (14 bytes)
4360 6879       4       Many::m2926 (14 bytes)
4360 6878       3       Many::m2926 (14 bytes)   made not entrant: not used
4362 6880       3       Many::m2927 (14 bytes)
4362 6881       4       Many::m2927 (14 bytes)
4362 6880       3       Many::m2927 (14 bytes)   made not entrant: not used
4363 6882       3       Many::m2928 (14 bytes)
4363 6883       4       Many::m2928 (14 bytes)
4363 6882       3       Many::m2928 (14 bytes)   made not entrant: not used
4364 6884       3       Many::m2929 (14 bytes)
4364 6885       4       Many::m2929 (14 bytes)
4365 6884       3       Many::m2929 (14 bytes)   made not entrant: not used
4366 6886       3       Many::m2930 (14 bytes)
4366 6887       4       Many::m2930 (14 bytes)
4366 6886       3       Many::m2930 (14 bytes)   made not entrant: not used
4367 6888       3       Many::m2931 (14 bytes)
4367 6889       4       Many::m2931 (14 bytes)
4367 6888       3       Many::m2931 (14 bytes)   made not entrant: not used
4369 6890       3       Many::m2932 (14 bytes)
4369 6891       4       Many::m2932 (14 bytes)
4369 6890       3       Many::m2932 (14 bytes)   made not entrant: not used
4370 6892       3       Many::m2933 (14 bytes)
4370 6893       4       Many::m2933 (14 bytes)
4370 6892       3       Many::m2933 (14 bytes)   made not entrant: not used
4372 6894       3       Many::m2934 (14 bytes)
4372 6895       4       Many::m2934 (14 bytes)
4372 6894       3       Many::m2934 (14 bytes)   made not entrant: not used
4373 6896       3       Many::m2935 (14 bytes)
4373 6897       4       Many::m2935 (14 bytes)
4373 6896       3       Many::m2935 (14 bytes)   made not entrant: not used
4374 6898       3       Many::m2936 (14 bytes)
4375 6899       4       Many::m2936 (14 bytes)
4375 6898       3       Many::m2936 (14 bytes)   made not entrant: not used
4376 6900       3       Many::m2937 (14 bytes)
4376 6901       4       Many::m2937 (14 bytes)
4376 6900       3       Many::m2937 (14 bytes)   made not entrant: not used
4377 6902       3       Many::m2938 (14 bytes)
4377 6903       4       Many::m2938 (14 bytes)
4377 6902       3       Many::m2938 (14 bytes)   made not entrant: not used
4379 6904       3       Many::m2939 (14 bytes)
4379 6905       4       Many::m2939 (14 bytes)
4379 6904       3       Many::m2939 (14 bytes)   made not entrant: not used
4380 6906       3       Many::m2940 (14 bytes)
4380 6907       4       Many::m2940 (14 bytes)
4380 6906       3       Many::m2940 (14 bytes)   made not entrant: not used
4382 6908       3       Many::m2941 (14 bytes)
4382 6909       4       Many::m2941 (14 bytes)
4382 6908       3       Many::m2941 (14 bytes)   made not entrant: not used
4383 6910       3       Many::m2942 (14 bytes)
4383 6911       4       Many::m2942 (14 bytes)
4383 6910       3       Many::m2942 (14 bytes)   made not entrant: not used
4384 6912       3       Many::m2943 (14 bytes)
4384 6913       4       Many::m2943 (14 bytes)
4385 6912       3       Many::m2943 (14 bytes)   made not entrant: not used
4386 6914       3       Many::m2944 (14 bytes)
4386 6915       4       Many::m2944 (14 bytes)
4386 6914       3       Many::m2944 (14 bytes)   made not entrant: not used
4387 6916       3       Many::m2945 (14 bytes)
4387 6917       4       Many::m2945 (14 bytes)
4387 6916       3       Many::m2945 (14 bytes)   made not entrant: not used
4389 6918       3       Many::m2946 (14 bytes)
4389 6919       4       Many::m2946 (14 bytes)
4389 6918       3       Many::m2946 (14 bytes)   made not entrant: not used
4390 6920       3       Many::m2947 (14 bytes)
4390 6921       4       Many::m2947 (14 bytes)
4390 6920       3       Many::m2947 (14 bytes)   made not entrant: not used
4392 6922       3       Many::m2948 (14 bytes)
4392 6923       4       Many::m2948 (14 bytes)
4392 6922       3       Many::m2948 (14 bytes)   made not entrant: not used
4393 6924       3       Many::m2949 (14 bytes)
4393 6925       4       Many::m2949 (14 bytes)
4393 6924       3       Many::m2949 (14 bytes)   made not entrant: not used
4394 6926       3       Many::m2950 (14 bytes)
4395 6927       4       Many::m2950 (14 bytes)
4395 6926       3       Many::m2950 (14 bytes)   made not entrant: not used
4396 6928       3       Many::m2951 (14 bytes)
4396 6929       4       Many::m2951 (14 bytes)
4396 6928       3       Many::m2951 (14 bytes)   made not entrant: not used
4397 6930       3       Many::m2952 (14 bytes)
4397 6931       4       Many::m2952 (14 bytes)
4397 6930       3       Many::m2952 (14 bytes)   made not entrant: not used
4399 6932       3       Many::m2953 (14 bytes)
4399 6933       4       Many::m2953 (14 bytes)
4399 6932       3       Many::m2953 (14 bytes)   made not entrant: not used
4400 6934       3       Many::m2954 (14 bytes)
4400 6935       4       Many::m2954 (14 bytes)
4400 6934       3       Many::m2954 (14 bytes)   made not entrant: not used
4402 6936       3       Many::m2955 (14 bytes)
4402 6937       4       Many::m2955 (14 bytes)
4402 6936       3       Many::m2955 (14 bytes)   made not entrant: not used
4403 6938       3       Many::m2956 (14 bytes)
4403 6939       4       Many::m2956 (14 bytes)
4403 6938       3       Many::m2956 (14 bytes)   made not entrant: not used
4404 6940       3       Many::m2957 (14 bytes)
4405 6941       4       Many::m2957 (14 bytes)
4405 6940       3       Many::m2957 (14 bytes)   made not entrant: not used
4406 6942       3       Many::m2958 (14 bytes)
4406 6943       4       Many::m2958 (14 bytes)
4406 6942       3       Many::m2958 (14 bytes)   made not entrant: not used
4407 6944       3       Many::m2959 (14 bytes)
4407 6945       4       Many::m2959 (14 bytes)
4408 6944       3       Many::m2959 (14 bytes)   made not entrant: not used
4409 6946       3       Many::m2960 (14 bytes)
4409 6947       4       Many::m2960 (14 bytes)
4409 6946       3       Many::m2960 (14 bytes)   made not entrant: not used
4410 6948       3       Many::m2961 (14 bytes)
4410 6949       4       Many::m2961 (14 bytes)
4410 6948       3       Many::m2961 (14 bytes)   made not entrant: not used
4412 6950       3       Many::m2962 (14 bytes)
4412 6951       4       Many::m2962 (14 bytes)
4412 6950       3       Many::m2962 (14 bytes)   made not entrant: not used
4413 6952       3       Many::m2963 (14 bytes)
4413 6953       4       Many::m2963 (14 bytes)
4413 6952       3       Many::m2963 (14 bytes)   made not entrant: not used
4414 6954       3       Many::m2964 (14 bytes)
4415 6955       4       Many::m2964 (14 bytes)
4415 6954       3       Many::m2964 (14 bytes)   made not entrant: not used
4416 6956       3       Many::m2965 (14 bytes)
4416 6957       4       Many::m2965 (14 bytes)
4416 6956       3       Many::m2965 (14 bytes)   made not entrant: not used
4417 6958       3       Many::m2966 (14 bytes)
4417 6959       4       Many::m2966 (14 bytes)
4417 6958       3       Many::m2966 (14 bytes)   made not entrant: not used
4419 6960       3       Many::m2967 (14 bytes)
4419 6961       4       Many::m2967 (14 bytes)
4419 6960       3       Many::m2967 (14 bytes)   made not entrant: not used
4420 6962       3       Many::m2968 (14 bytes)
4420 6963       4       Many::m2968 (14 bytes)
4420 6962       3       Many::m2968 (14 bytes)   made not entrant: not used
4422 6964       3       Many::m2969 (14 bytes)
4422 6965       4       Many::m2969 (14 bytes)
4422 6964       3       Many::m2969 (14 bytes)   made not entrant: not used
4423 6966       3       Many::m2970 (14 bytes)
4423 6967       4       Many::m2970 (14 bytes)
4423 6966       3       Many::m2970 (14 bytes)   made not entrant: not used
4424 6968       3       Many::m2971 (14 bytes)
4425 6969       4       Many::m2971 (14 bytes)
4425 6968       3       Many::m2971 (14 bytes)   made not entrant: not used
4426 6970       3       Many::m2972 (14 bytes)
4426 6971       4       Many::m2972 (14 bytes)
4426 6970       3       Many::m2972 (14 bytes)   made not entrant: not used
4427 6972       3       Many::m2973 (14 bytes)
4427 6973       4       Many::m2973 (14 bytes)
4428 6972       3       Many::m2973 (14 bytes)   made not entrant: not used
4429 6974       3       Many::m2974 (14 bytes)
4429 6975       4       Many::m2974 (14 bytes)
4429 6974       3       Many::m2974 (14 bytes)   made not entrant: not used
4430 6976       3       Many::m2975 (14 bytes)
4430 6977       4       Many::m2975 (14 bytes)
4430 6976       3       Many::m2975 (14 bytes)   made not entrant: not used
4432 6978       3       Many::m2976 (14 bytes)
4432 6979       4       Many::m2976 (14 bytes)
4432 6978       3       Many::m2976 (14 bytes)   made not entrant: not used
4433 6980       3       Many::m2977 (14 bytes)
4433 6981       4       Many::m2977 (14 bytes)
4433 6980       3       Many::m2977 (14 bytes)   made not entrant: not used
4434 6982       3       Many::m2978 (14 bytes)
4435 6983       4       Many::m2978 (14 bytes)
4435 6982       3       Many::m2978 (14 bytes)   made not entrant: not used
4436 6984       3       Many::m2979 (14 bytes)
4436 6985       4       Many::m2979 (14 bytes)
4436 6984       3       Many::m2979 (14 bytes)   made not entrant: not used
4437 6986       3       Many::m2980 (14 bytes)
4437 6987       4       Many::m2980 (14 bytes)
4437 6986       3       Many::m2980 (14 bytes)   made not entrant: not used
4439 6988       3       Many::m2981 (14 bytes)
4439 6989       4       Many::m2981 (14 bytes)
4439 6988       3       Many::m2981 (14 bytes)   made not entrant: not used
4440 6990       3       Many::m2982 (14 bytes)
4440 6991       4       Many::m2982 (14 bytes)
4441 6990       3       Many::m2982 (14 bytes)   made not entrant: not used
4442 6992       3       Many::m2983 (14 bytes)
4442 6993       4       Many::m2983 (14 bytes)
4442 6992       3       Many::m2983 (14 bytes)   made not entrant: not used
4443 6994       3       Many::m2984 (14 bytes)
4443 6995       4       Many::m2984 (14 bytes)
4443 6994       3       Many::m2984 (14 bytes)   made not entrant: not used
4445 6996       3       Many::m2985 (14 bytes)
4445 6997       4       Many::m2985 (14 bytes)
4445 6996       3       Many::m2985 (14 bytes)   made not entrant: not used
4446 6998       3       Many::m2986 (14 bytes)
4446 6999       4       Many::m2986 (14 bytes)
4446 6998       3       Many::m2986 (14 bytes)   made not entrant: not used
4447 7000       3       Many::m2987 (14 bytes)
4448 7001       4       Many::m2987 (14 bytes)
4448 7000       3       Many::m2987 (14 bytes)   made not entrant: not used
4449 7002       2       Many::m2988 (14 bytes)
4450 7003       4       Many::m2988 (14 bytes)
4450 7002       2       Many::m2988 (14 bytes)   made not entrant: not used
4451 7004       3       Many::m2989 (14 bytes)
4451 7005       4       Many::m2989 (14 bytes)
4452 7004       3       Many::m2989 (14 bytes)   made not entrant: not used
4453 7006       3       Many::m2990 (14 bytes)
4453 7007       4       Many::m2990 (14 bytes)
4453 7006       3       Many::m2990 (14 bytes)   made not entrant: not used
4454 7008       3       Many::m2991 (14 bytes)
4455 7009       4       Many::m2991 (14 bytes)
4455 7008       3       Many::m2991 (14 bytes)   made not entrant: not used
4456 7010       3       Many::m2992 (14 bytes)
4457 7011       4       Many::m2992 (14 bytes)
4457 7010       3       Many::m2992 (14 bytes)   made not entrant: not used
4458 7012       3       Many::m2993 (14 bytes)
4458 7013       4       Many::m2993 (14 bytes)
4459 7012       3       Many::m2993 (14 bytes)   made not entrant: not used
4460 7014       3       Many::m2994 (14 bytes)
4460 7015       4       Many::m2994 (14 bytes)
4461 7014       3       Many::m2994 (14 bytes)   made not entrant: not used
4461 7016       3       Many::m2995 (14 bytes)
4462 7017       4       Many::m2995 (14 bytes)
4463 7016       3       Many::m2995 (14 bytes)   made not entrant: not used
4463 7018       3       Many::m2996 (14 bytes)
4463 7019       4       Many::m2996 (14 bytes)
4463 7018       3       Many::m2996 (14 bytes)   made not entrant: not used
4465 7020       3       Many::m2997 (14 bytes)
4465 7021       4       Many::m2997 (14 bytes)
4465 7020       3       Many::m2997 (14 bytes)   made not entrant: not used
4466 7022       3       Many::m2998 (14 bytes)
4466 7023       4       Many::m2998 (14 bytes)
4466 7022       3       Many::m2998 (14 bytes)   made not entrant: not used
4467 7024       3       Many::m2999 (14 bytes)
4468 7025       4       Many::m2999 (14 bytes)
4468 7024       3       Many::m2999 (14 bytes)   made not entrant: not used
8135639056108672
4544 7026     n 0       jdk.jfr.internal.JVM::getConfiguration (native)   (static)
4544 7027       3       jdk.jfr.internal.settings.BooleanSetting::setValue (27 bytes)
4544 7028       3       jdk.jfr.internal.PlatformEventType::setEnabled (126 bytes)
4545  461   !   3       java.lang.String::<init> (852 bytes)   made not entrant: OSR invalidation back branch
4545 7029       3       jdk.jfr.internal.PlatformEventType::updateCommittable (24 bytes)
4545 7033   !   3       java.lang.String::<init> (852 bytes)
4545 7030       1       jdk.jfr.internal.Control::getDefaultValue (5 bytes)
4545 7031       3       jdk.jfr.internal.settings.EnabledSetting::setValue (6 bytes)
4546 7035     n 0       java.lang.invoke.MethodHandle::linkToSpecial(LIJLLILL)V (native)   (static)
4546 7032       3       jdk.jfr.internal.settings.EnabledSetting::apply (32 bytes)
4546 7036       3       sun.invoke.util.Wrapper::forPrimitiveType (122 bytes)
4546 7037       4       java.lang.invoke.MethodType::parameterType (7 bytes)
4546 7039       3       jdk.internal.classfile.impl.Util::writeAttribute (67 bytes)
4546 7034       3       java.lang.invoke.MethodHandles$Lookup::lookupClassOrNull (17 bytes)
4546 7040     n 0       java.lang.invoke.MethodHandle::linkToStatic(LIL)I (native)   (static)
4546  184       3       java.lang.invoke.MethodType::parameterType (7 bytes)   made not entrant: not used
4546 7041     n 0       java.lang.invoke.MethodHandle::invokeBasic(LI)I (native)   
4546 7038       3       java.lang.invoke.LambdaForm$NamedFunction::methodType (28 bytes)
4546 7042     n 0       java.lang.invoke.MethodHandle::linkToSpecial(LLIL)I (native)   (static)
4547 7043       3       java.lang.invoke.LambdaForm$BasicType::basicType (187 bytes)
4547 7044       3       jdk.internal.constant.MethodTypeDescImpl::buildDescriptorString (205 bytes)
4547 7045       4       jdk.internal.classfile.impl.AbstractPoolEntry::maybeClone (26 bytes)
4547 7055     n 0       java.lang.invoke.MethodHandle::linkToStatic(LLLIL)L (native)   (static)
4548 7058     n 0       java.lang.invoke.MethodHandle::invokeBasic(LLLI)L (native)   
4548  288       3       jdk.internal.classfile.impl.AbstractPoolEntry::maybeClone (26 bytes)   made not entrant: not used
4548 7048       4       java.lang.Record::<init> (5 bytes)
4548  336       3       java.lang.Record::<init> (5 bytes)   made not entrant: not used
4548 7046       3       jdk.internal.classfile.impl.BufWriterImpl::patchInt (41 bytes)
4548 7047       3       jdk.internal.classfile.impl.StackMapGenerator$Type::referenceType (12 bytes)
4548 7060     n 0       java.lang.invoke.MethodHandle::linkToStatic(LIL)J (native)   (static)
4548 7049       3       jdk.internal.classfile.impl.StackMapGenerator$Frame::decStack (29 bytes)
4548 7054       3       jdk.internal.classfile.impl.StackMapGenerator$Type::<init> (20 bytes)
4549 7061     n 0       java.lang.invoke.MethodHandle::invokeBasic(LI)J (native)   
4549 7062     n 0       java.lang.invoke.MethodHandle::linkToSpecial(LLIL)J (native)   (static)
4549 7050       1       jdk.internal.classfile.impl.BufWriterImpl::getMajorVersion (5 bytes)
4549 7051       1       jdk.internal.classfile.impl.RawBytecodeHelper$CodeRange::length (5 bytes)
4549 7052       1       jdk.internal.classfile.impl.StackMapGenerator::maxStack (5 bytes)
4549 7053       1       jdk.internal.classfile.impl.StackMapGenerator::maxLocals (5 bytes)
4549 7059       3       jdk.internal.classfile.impl.BufWriterImpl::setLabelContext (11 bytes)
4549 7057       1       java.lang.invoke.LambdaForm$BasicType::basicTypeClass (5 bytes)
4549 7066       3       java.lang.StringLatin1::replace (197 bytes)
4549 7065       4       jdk.internal.classfile.impl.EntryMap::put (186 bytes)
4549 7068     n 0       java.lang.invoke.MethodHandle::invokeBasic(IJLLIL)L (native)   
4549 7069     n 0       java.lang.invoke.MethodHandle::linkToSpecial(LIJLLILL)L (native)   (static)
4549 7064       3       jdk.internal.classfile.impl.AbstractPoolEntry$MethodRefEntryImpl::<init> (12 bytes)
4549 7063       1       java.lang.invoke.LambdaForm$Name::type (5 bytes)
4549 7056       1       jdk.internal.util.ClassFileDumper::isEnabled (5 bytes)
4550 7067       3       jdk.internal.classfile.impl.BufWriterImpl::<init> (39 bytes)
4550 7070       3       java.lang.invoke.InvokerBytecodeGenerator::classDesc (88 bytes)
4550 7073       3       jdk.internal.classfile.impl.BufWriterImpl::writeU1U1 (39 bytes)
4550 7074       3       jdk.internal.constant.MethodTypeDescImpl::ofValidated (27 bytes)
4550 7078       3       java.lang.StringLatin1::lastIndexOf (40 bytes)
4550 7075       3       jdk.internal.constant.MethodTypeDescImpl::<init> (15 bytes)
4550 7071       3       java.lang.classfile.constantpool.ConstantPoolBuilder::nameAndTypeEntry (21 bytes)
4550 7072       3       jdk.internal.classfile.impl.SplitConstantPool::fieldRefEntry (72 bytes)
4550 7080     n 0       java.lang.invoke.MethodHandle::linkToStatic(LLLLLLLL)L (native)   (static)
4550  291       3       jdk.internal.classfile.impl.EntryMap::put (186 bytes)   made not entrant: not used
4551 7077       4       jdk.internal.classfile.impl.SplitConstantPool::internalAdd (78 bytes)
4551 7082     n 0       java.lang.invoke.MethodHandle::invokeBasic(L)J (native)   
4551 7079       3       java.lang.invoke.LambdaForm::uncustomize (57 bytes)
4551 7083     n 0       java.lang.invoke.MethodHandle::linkToSpecial(LLL)J (native)   (static)
4551 7081       3       java.lang.invoke.MemberName::isResolved (13 bytes)
4551 7085       3       java.lang.invoke.MemberName::getName (25 bytes)
4551 7086     n 0       java.lang.invoke.MethodHandle::invokeBasic(LLLLLLL)L (native)   
4551 7084       3       java.lang.invoke.LambdaForm$BasicType::basicTypeSlots (8 bytes)
4551 7087       3       jdk.internal.classfile.impl.SplitConstantPool::utf8Entry (25 bytes)
4551 7076       1       java.lang.invoke.MethodType::rtype (5 bytes)
4552 7089       3       jdk.internal.classfile.impl.AbstractPoolEntry$ClassEntryImpl::asSymbol (53 bytes)
4552 7094     n 0       java.lang.invoke.MethodHandle::linkToStatic(LLLLLLLLL)L (native)   (static)
4552 7095     n 0       java.lang.invoke.MethodHandle::invokeBasic(LLLLLLLL)L (native)   
4552 7092       3       jdk.internal.classfile.impl.RawBytecodeHelper$CodeRange::start (9 bytes)
4552 7093       3       jdk.internal.classfile.impl.RawBytecodeHelper::<init> (10 bytes)
4552 7090       3       jdk.internal.classfile.impl.AbstractPoolEntry$Utf8EntryImpl::charAt (62 bytes)
4553 7098       3       jdk.internal.classfile.impl.SplitConstantPool::utf8Entry (6 bytes)
4553 7096       3       java.lang.classfile.constantpool.MemberRefEntry::type (12 bytes)
4553 7100       3       jdk.internal.classfile.impl.StackMapGenerator$Frame::pushStack (84 bytes)
4553 7102     n 0       java.lang.invoke.MethodHandle::linkToStatic(LLLLLLLLLL)L (native)   (static)
4553 7097       3       jdk.internal.classfile.impl.DirectCodeBuilder::loadLocal (126 bytes)
4553 7103       3       java.util.Arrays::fill (21 bytes)
4553 7104     n 0       java.lang.invoke.MethodHandle::invokeBasic(LLLLLLLLL)L (native)   
4553 7099       1       java.lang.invoke.LambdaForm$BasicType::basicTypeWrapper (5 bytes)
4553 7101       3       jdk.internal.classfile.impl.UnboundAttribute::writeTo (12 bytes)
4553 7107       3       sun.invoke.util.VerifyType::isNullConversion (157 bytes)
4554  299       3       jdk.internal.classfile.impl.SplitConstantPool::internalAdd (78 bytes)   made not entrant: not used
4554 7088       4       jdk.internal.classfile.impl.SplitConstantPool::canWriteDirect (24 bytes)
4554 7105       3       java.lang.invoke.InvokerBytecodeGenerator::emitLoadInsn (15 bytes)
4554 7106       3       java.lang.invoke.InvokerBytecodeGenerator::emitPushArgument (145 bytes)
4554 7108     n 0       java.lang.invoke.MethodHandle::linkToStatic(LIL)L (native)   (static)
4554  289       3       jdk.internal.classfile.impl.SplitConstantPool::canWriteDirect (24 bytes)   made not entrant: not used
4554 7091       4       jdk.internal.classfile.impl.RawBytecodeHelper::next (81 bytes)
4554 7077       4       jdk.internal.classfile.impl.SplitConstantPool::internalAdd (78 bytes)   made not entrant: uncommon trap
4555 7109     n 0       java.lang.invoke.MethodHandle::invokeBasic(LI)L (native)   
4555 7110     n 0       java.lang.invoke.MethodHandle::linkToSpecial(LLIL)L (native)   (static)
4555 7111     n 0       java.lang.invoke.MethodHandle::linkToStatic(LILL)V (native)   (static)
4555  310       3       jdk.internal.classfile.impl.RawBytecodeHelper::next (81 bytes)   made not entrant: not used
4555 7112     n 0       java.lang.invoke.MethodHandle::invokeBasic(LIL)V (native)   
4555 7113     n 0       java.lang.invoke.MethodHandle::linkToSpecial(LLILL)V (native)   (static)
4555 7114       3       java.lang.invoke.MemberName::ensureTypeVisible (180 bytes)
4555 7116       4       jdk.internal.classfile.impl.SplitConstantPool::internalAdd (78 bytes)
4556 7115       3       java.lang.invoke.LambdaForm::internArgument (85 bytes)
4556 7119       3       jdk.internal.classfile.impl.StackMapGenerator$Frame::getLocalRawInternal (13 bytes)
4556 7117       3       java.lang.invoke.LambdaForm$NamedFunction::returnType (11 bytes)
4559 7118       4       java.util.Arrays::copyOf (40 bytes)
4562  282       3       java.util.Arrays::copyOf (40 bytes)   made not entrant: not used
4563 7120       4       java.lang.AbstractStringBuilder::needsNewBuffer (33 bytes)
4563 7121       3       java.lang.invoke.MethodHandles$Lookup::isClassAccessible (53 bytes)
4563  156       3       java.lang.AbstractStringBuilder::needsNewBuffer (33 bytes)   made not entrant: not used
4563 7122       3       java.lang.invoke.DirectMethodHandle::<init> (148 bytes)
