12    1       3       java.lang.Object::<init> (1 bytes)
13    2       3       java.lang.Byte::toUnsignedInt (6 bytes)
13    3       3       java.lang.String::hashCode (60 bytes)
13    4     n 0       jdk.internal.misc.Unsafe::getReferenceVolatile (native)   
13    5       3       java.lang.Math::floorMod (20 bytes)
14    6       3       java.util.ImmutableCollections$SetN::probe (56 bytes)
14    8       3       java.lang.StringLatin1::equals (36 bytes)
14    9       3       java.util.Objects::requireNonNull (14 bytes)
14    7       3       java.lang.String::equals (56 bytes)
14   12       4       java.lang.Object::<init> (1 bytes)
14   11       3       java.util.Set::of (4 bytes)
14   10       3       java.util.Objects::equals (23 bytes)
14    1       3       java.lang.Object::<init> (1 bytes)   made not entrant: not used
14   15       3       java.lang.module.ModuleDescriptor::modsHashCode (43 bytes)
15   16       3       java.util.AbstractCollection::<init> (5 bytes)
15   19     n 0       java.lang.System::arraycopy (native)   (static)
15   18       3       java.lang.String::coder (15 bytes)
15   17       3       java.util.ImmutableCollections$AbstractImmutableCollection::<init> (5 bytes)
15   13       3       java.util.ImmutableCollections$AbstractImmutableSet::<init> (5 bytes)
15   22       4       java.lang.Byte::toUnsignedInt (6 bytes)
15   14       3       java.util.Set::of (68 bytes)
15    2       3       java.lang.Byte::toUnsignedInt (6 bytes)   made not entrant: not used
15   24     n 0       jdk.internal.misc.Unsafe::compareAndSetLong (native)   
15   25     n 0       jdk.internal.misc.Unsafe::compareAndSetReference (native)   
15   23       3       java.util.ImmutableCollections$SetN$SetNIterator::hasNext (13 bytes)
15   21       1       java.lang.module.ModuleReference::descriptor (5 bytes)
15   27       3       java.util.ImmutableCollections$SetN$SetNIterator::next (90 bytes)
15   20       1       java.lang.module.ModuleDescriptor::name (5 bytes)
16   26       3       java.lang.String::length (11 bytes)
16   28       3       java.util.concurrent.ConcurrentHashMap::addCount (280 bytes)
16   31       3       java.lang.String::isLatin1 (19 bytes)
16   32       3       jdk.internal.util.Preconditions::checkIndex (18 bytes)
16   34     n 0       java.lang.invoke.MethodHandle::linkToStatic(L)L (native)   (static)
16   33       3       java.lang.String::charAt (25 bytes)
16   29   !   3       java.util.concurrent.ConcurrentHashMap::putVal (432 bytes)
17   36     n 0       java.lang.Object::hashCode (native)   
17   39     n 0       java.lang.invoke.MethodHandle::linkToStatic(LLL)L (native)   (static)
17   37       3       jdk.internal.misc.Unsafe::getReferenceAcquire (7 bytes)
17   40     n 0       java.lang.invoke.MethodHandle::linkToStatic(LLLL)L (native)   (static)
17   38       1       java.lang.Class::isPrimitive (5 bytes)
17   30       3       java.util.concurrent.ConcurrentHashMap$Node::<init> (20 bytes)
17   35       1       java.lang.Enum::ordinal (5 bytes)
18   41     n 0       java.lang.invoke.MethodHandle::invokeBasic()L (native)   
18   42     n 0       java.lang.invoke.MethodHandle::linkToSpecial(LL)L (native)   (static)
18   43       3       java.lang.Enum::<init> (15 bytes)
18   44       3       jdk.internal.util.ArraysSupport::unsignedHashCode (36 bytes)
19   45     n 0       java.lang.invoke.MethodHandle::invokeBasic(L)L (native)   
19   47     n 0       java.lang.invoke.MethodHandle::linkToSpecial(LLL)L (native)   (static)
19   46       1       jdk.internal.util.StrongReferenceKey::get (5 bytes)
19   48     n 0       java.lang.Object::getClass (native)   
19   49     n 0       java.lang.invoke.MethodHandle::linkToStatic(LLLLLLL)L (native)   (static)
19   50     n 0       java.lang.Object::clone (native)   
20   51       3       java.util.concurrent.ConcurrentHashMap::tabAt (21 bytes)
20   53     n 0       java.lang.invoke.MethodHandle::linkToStatic(LL)I (native)   (static)
20   52       3       java.util.concurrent.ConcurrentHashMap::spread (10 bytes)
20   55       1       java.lang.invoke.MethodType::returnType (5 bytes)
20   56     n 0       java.lang.invoke.MethodHandle::invokeBasic(LLLLLL)L (native)   
20   54       1       java.lang.Class::getClassLoader (5 bytes)
20   57       1       jdk.internal.classfile.impl.AbstractPoolEntry::index (5 bytes)
20   58       3       java.util.concurrent.ConcurrentHashMap::putIfAbsent (8 bytes)
20   59     n 0       java.lang.invoke.MethodHandle::linkToSpecial(LL)V (native)   (static)
20   60       3       java.util.Objects::hashCode (13 bytes)
20   61   !   3       java.lang.ref.ReferenceQueue::poll (44 bytes)
20   63     n 0       java.lang.invoke.MethodHandle::linkToStatic(LLL)I (native)   (static)
20   62       3       jdk.internal.util.ReferencedKeyMap::removeStaleReferences (30 bytes)
20   64     n 0       java.lang.invoke.MethodHandle::linkToSpecial(LLL)V (native)   (static)
21   65       1       java.lang.invoke.MemberName::getDeclaringClass (5 bytes)
21   66       3       java.lang.String::getBytes (44 bytes)
21   68       3       java.lang.invoke.MethodType::hashCode (53 bytes)
21   67       3       java.util.concurrent.ConcurrentHashMap::get (162 bytes)
21   70     n 0       java.lang.invoke.MethodHandle::linkToInterface(LLL)I (native)   (static)
21   69       3       java.lang.invoke.MemberName::isInvocable (8 bytes)
21   71     n 0       java.lang.invoke.MethodHandle::linkToStatic(LL)L (native)   (static)
21   72       3       java.lang.Class::isArray (13 bytes)
22   73       3       java.util.ImmutableCollections$SetN::iterator (9 bytes)
22   74       3       java.util.ImmutableCollections$SetN$SetNIterator::<init> (41 bytes)
22   77     n 0       java.lang.invoke.MethodHandle::linkToSpecial(LL)I (native)   (static)
22   76       3       java.util.Objects::requireNonNull (15 bytes)
22   75       1       java.lang.invoke.MethodType::form (5 bytes)
22   78       3       jdk.internal.util.ReferencedKeyMap::get (10 bytes)
22   79       3       jdk.internal.util.ReferencedKeyMap::getNoCheckStale (22 bytes)
22   80       3       java.util.HashMap::hash (20 bytes)
22   81       1       java.util.stream.FindOps$FindSink::cancellationRequested (5 bytes)
22   82       3       java.util.HashMap::putVal (300 bytes)
23   87       3       java.util.HashMap::afterNodeInsertion (1 bytes)
23   85       3       java.util.HashMap$Node::<init> (26 bytes)
23   82       3       java.util.HashMap::putVal (300 bytes)   made not entrant: marked for deoptimization
23   83       3       java.util.HashMap::newNode (13 bytes)
23   84       3       java.util.HashMap::put (13 bytes)
23   92       3       java.util.HashMap::putVal (300 bytes)
23   90       3       java.util.HashMap::getNode (150 bytes)
24   98       3       java.util.HashMap$HashIterator::nextNode (100 bytes)
24   89       1       java.lang.module.ModuleDescriptor$Requires::name (5 bytes)
24   91       3       java.util.ImmutableCollections$Set12$1::hasNext (13 bytes)
24   94       3       java.util.HashMap$HashIterator::hasNext (13 bytes)
24   95       3       java.util.HashMap::get (19 bytes)
24   88       1       java.lang.module.ModuleDescriptor$Requires::modifiers (5 bytes)
24  101       3       jdk.internal.module.ModuleReferenceImpl::hashCode (56 bytes)
24  107       4       java.util.HashMap::afterNodeInsertion (1 bytes)
24  104       1       java.lang.module.ModuleDescriptor$Exports::source (5 bytes)
24   87       3       java.util.HashMap::afterNodeInsertion (1 bytes)   made not entrant: not used
24  103       1       java.util.ImmutableCollections$Set12::isEmpty (2 bytes)
24  106       3       java.lang.module.ModuleDescriptor$Exports::isQualified (18 bytes)
25  111       4       java.lang.String::hashCode (60 bytes)
25  105       1       java.lang.module.ModuleDescriptor$Exports::targets (5 bytes)
25  108       3       java.util.ImmutableCollections$SetN::isEmpty (13 bytes)
25   97       1       java.lang.module.ModuleDescriptor::isAutomatic (5 bytes)
25  109       3       java.util.HashMap::putIfAbsent (13 bytes)
25  110       3       java.util.ImmutableCollections$Set12::contains (28 bytes)
25  112       3       java.lang.Object::equals (11 bytes)
25   93       3       java.lang.module.ModuleDescriptor::hashCode (170 bytes)
25    3       3       java.lang.String::hashCode (60 bytes)   made not entrant: not used
25  118       4       java.util.Objects::requireNonNull (14 bytes)
25    9       3       java.util.Objects::requireNonNull (14 bytes)   made not entrant: not used
25  114       3       java.util.ImmutableCollections$SetN::contains (26 bytes)
25  119       4       java.util.ImmutableCollections$SetN$SetNIterator::hasNext (13 bytes)
25  121       3       java.util.HashMap::resize (356 bytes)
25   23       3       java.util.ImmutableCollections$SetN$SetNIterator::hasNext (13 bytes)   made not entrant: not used
26  120       4       java.util.ImmutableCollections$SetN$SetNIterator::next (90 bytes)
26  113       3       java.util.HashMap$KeyIterator::next (8 bytes)
26  102       3       java.lang.module.ResolvedModule::hashCode (16 bytes)
26  115       3       java.util.HashSet::add (20 bytes)
26  124       3       java.util.HashMap::keySet (25 bytes)
26  117       1       java.lang.module.ModuleDescriptor::exports (5 bytes)
26   27       3       java.util.ImmutableCollections$SetN$SetNIterator::next (90 bytes)   made not entrant: not used
26  122       4       java.lang.module.ModuleDescriptor$Exports::isQualified (18 bytes)
26   96       1       java.lang.module.ModuleDescriptor::requires (5 bytes)
26   99       1       java.util.HashMap$Node::getKey (5 bytes)
26  100       1       java.util.HashMap$Node::getValue (5 bytes)
26  116       1       java.lang.module.ModuleDescriptor::provides (5 bytes)
26  125       3       java.util.HashSet::iterator (13 bytes)
27  106       3       java.lang.module.ModuleDescriptor$Exports::isQualified (18 bytes)   made not entrant: not used
27  126       4       java.util.HashMap::putVal (300 bytes)
27  123       1       java.lang.module.ModuleDescriptor::uses (5 bytes)
27  131       3       java.util.concurrent.ConcurrentHashMap::casTabAt (20 bytes)
27   86       1       jdk.internal.module.ModuleReferenceImpl::moduleResolution (5 bytes)
27  132       3       java.util.ImmutableCollections$Set12::iterator (9 bytes)
27  133       3       java.util.ImmutableCollections$Set12$1::<init> (37 bytes)
27  130       1       java.lang.module.ModuleDescriptor::packages (5 bytes)
27  136       3       java.util.Optional::<init> (10 bytes)
27  137       3       java.lang.Math::min (11 bytes)
27  138       3       java.util.Optional::ofNullable (19 bytes)
27  135       1       java.lang.module.ResolvedModule::reference (5 bytes)
27  127       1       java.util.KeyValueHolder::getKey (5 bytes)
27  139       1       java.lang.AbstractStringBuilder::length (5 bytes)
27  141       3       java.util.ImmutableCollections$Set12$1::next (95 bytes)
27  142       3       java.util.AbstractMap::<init> (5 bytes)
27  128       1       java.util.KeyValueHolder::getValue (5 bytes)
27  143       3       java.util.HashMap::<init> (11 bytes)
28  140       1       java.lang.module.ModuleDescriptor$Version::toString (5 bytes)
28  145     n 0       java.lang.Double::doubleToRawLongBits (native)   (static)
28  144       3       java.util.AbstractSet::<init> (5 bytes)
28  147     n 0       java.lang.Module::addReads0 (native)   (static)
28  146       1       java.lang.module.ResolvedModule::configuration (5 bytes)
28  148       3       java.lang.module.ResolvedModule::name (11 bytes)
28  149     n 0       java.lang.Module::addExports0 (native)   (static)
28  150     n 0       java.lang.Module::addExportsToAll0 (native)   (static)
28  151       3       java.util.HashSet::<init> (16 bytes)
28  152       3       java.util.HashMap::isEmpty (13 bytes)
28  153       1       java.lang.module.ModuleDescriptor$Provides::service (5 bytes)
28  154     n 0       jdk.internal.vm.Continuation::enterSpecial (native)   (static)
28  155     n 0       jdk.internal.vm.Continuation::doYield (native)   (static)
30   92       3       java.util.HashMap::putVal (300 bytes)   made not entrant: not used
30  129       4       java.util.HashMap::newNode (13 bytes)
30  156       3       java.lang.AbstractStringBuilder::needsNewBuffer (33 bytes)
31   83       3       java.util.HashMap::newNode (13 bytes)   made not entrant: not used
31  134       4       java.lang.String::equals (56 bytes)
31  157       3       jdk.jfr.internal.dcmd.ArgumentParser::currentChar (12 bytes)
31  158       3       java.lang.StringLatin1::canEncode (17 bytes)
31  159       1       jdk.internal.classfile.impl.AbstractPoolEntry::width (2 bytes)
31  160       1       jdk.internal.classfile.impl.SplitConstantPool::size (5 bytes)
31  161       1       java.lang.invoke.MethodType::ptypes (5 bytes)
31    7       3       java.lang.String::equals (56 bytes)   made not entrant: not used
32  163       3       java.lang.StringLatin1::indexOfChar (33 bytes)
32  162       3       java.lang.StringLatin1::indexOf (17 bytes)
33  164       3       java.lang.String::indexOf (41 bytes)
35  165       3       java.lang.String::checkBoundsBeginEnd (11 bytes)
35  166       3       jdk.internal.util.Preconditions::checkFromToIndex (24 bytes)
35  167       3       jdk.internal.util.StrongReferenceKey::hashCode (8 bytes)
37  168 %     3       java.lang.StringCoding::countPositives @ 7 (33 bytes)
38  169       3       java.lang.StringCoding::countPositives (33 bytes)
40  170       3       jdk.internal.util.xml.impl.Parser::ensureCapacity (96 bytes)
40  171       3       jdk.internal.util.xml.impl.Parser::bappend (26 bytes)
40  173       3       jdk.internal.util.ArraysSupport::vectorizedHashCode (158 bytes)
40  175       3       java.lang.CharacterDataLatin1::isUpperCase (16 bytes)
40  176       3       java.lang.CharacterDataLatin1::getPropertiesEx (11 bytes)
40  172       3       jdk.internal.util.xml.impl.Parser::bappend (200 bytes)
40  177       3       jdk.internal.util.ArraysSupport::hashCodeOfUnsigned (55 bytes)
40  174       1       java.lang.AbstractStringBuilder::getValue (5 bytes)
40  182       3       jdk.internal.util.xml.impl.Parser::wsskip (66 bytes)
41  178       3       java.util.Arrays::copyOfRange (82 bytes)
41  185       3       java.lang.StringUTF16::compress (47 bytes)
41  186       3       jdk.internal.util.xml.impl.Parser::getch (118 bytes)
41  187       3       java.lang.String::checkBoundsOffCount (10 bytes)
41  190       3       jdk.internal.util.xml.impl.Parser::step (891 bytes)
42  193       3       jdk.internal.util.xml.impl.Parser::bname (354 bytes)
42  191       3       java.lang.StringUTF16::coderFromArrayLen (9 bytes)
42  180       3       jdk.internal.util.xml.impl.Parser::bkch (24 bytes)
43  192       3       java.lang.StringBuilder::length (5 bytes)
43  181       3       jdk.internal.util.Preconditions::checkFromIndexSize (25 bytes)
43  194       3       jdk.internal.util.xml.impl.Parser::del (40 bytes)
43  183       3       java.lang.String::<init> (14 bytes)
43  199       3       java.lang.StringLatin1::toLowerCase (155 bytes)
43  204       4       jdk.internal.util.xml.impl.Parser::ensureCapacity (96 bytes)
43  184       3       java.lang.String::rangeCheck (10 bytes)
43  188       3       java.lang.String::<init> (74 bytes)
43  170       3       jdk.internal.util.xml.impl.Parser::ensureCapacity (96 bytes)   made not entrant: not used
43  205       4       java.lang.StringUTF16::coderFromArrayLen (9 bytes)
43  206       3       jdk.internal.util.xml.impl.Parser::bqstr (462 bytes)
43  191       3       java.lang.StringUTF16::coderFromArrayLen (9 bytes)   made not entrant: not used
44  211       4       jdk.internal.util.xml.impl.Parser::bappend (200 bytes)
44  195       3       jdk.internal.util.xml.impl.Parser::bcopy (41 bytes)
44  172       3       jdk.internal.util.xml.impl.Parser::bappend (200 bytes)   made not entrant: not used
44  212       4       jdk.internal.util.ArraysSupport::unsignedHashCode (36 bytes)
44  196       3       jdk.internal.util.xml.impl.Parser::pair (38 bytes)
44  179       3       java.lang.AbstractStringBuilder::isLatin1 (16 bytes)
44  197       3       java.lang.StringBuilder::append (8 bytes)
44  198       3       java.lang.AbstractStringBuilder::append (100 bytes)
44  203       3       jdk.internal.util.xml.impl.Parser::attr (500 bytes)
45  211       4       jdk.internal.util.xml.impl.Parser::bappend (200 bytes)   made not entrant: uncommon trap
45  204       4       jdk.internal.util.xml.impl.Parser::ensureCapacity (96 bytes)   made not entrant: uncommon trap
45  222       3       jdk.internal.util.xml.impl.Parser::bappend (200 bytes)
45  200       3       jdk.internal.util.xml.impl.Parser::qname (37 bytes)
45  201       3       jdk.internal.util.xml.impl.Pair::local (63 bytes)
45   44       3       jdk.internal.util.ArraysSupport::unsignedHashCode (36 bytes)   made not entrant: not used
45  217       4       java.lang.StringUTF16::compress (47 bytes)
45  202       3       java.lang.String::toLowerCase (29 bytes)
46  208       3       java.lang.String::toLowerCase (8 bytes)
46  209       3       java.util.Locale::getDefault (4 bytes)
46  210       3       jdk.jfr.internal.jfc.JFCParserHandler::characters (19 bytes)
46  207       3       java.lang.AbstractStringBuilder::ensureCapacitySameCoder (26 bytes)
46  219       3       jdk.internal.util.xml.impl.Parser::atype (290 bytes)
46  220       3       jdk.internal.util.xml.impl.Pair::qname (20 bytes)
46  221       3       jdk.internal.util.xml.impl.ParserSAX::bflash_ws (33 bytes)
46  189       3       java.lang.StringUTF16::compress (59 bytes)
47  214       3       java.lang.StringBuilder::toString (20 bytes)
47  215       3       java.lang.AbstractStringBuilder::isLatin1 (8 bytes)
47  216       3       java.lang.String::<init> (98 bytes)
47  225       3       java.util.LinkedHashMap::linkNodeAtEnd (76 bytes)
47  228       3       java.util.LinkedHashMap$LinkedHashIterator::hasNext (13 bytes)
47  230       3       java.util.LinkedHashMap$LinkedEntryIterator::next (5 bytes)
47  229       3       java.util.LinkedHashMap$LinkedEntryIterator::next (5 bytes)
47  231       3       java.util.LinkedHashMap$LinkedHashIterator::nextNode (68 bytes)
47  223       1       jdk.internal.classfile.impl.RawBytecodeHelper::bci (5 bytes)
47  224       1       jdk.internal.classfile.impl.AbstractPoolEntry::constantPool (5 bytes)
47  227       1       java.util.HashMap::size (5 bytes)
48  232       3       sun.nio.fs.UnixPath::checkNotNul (16 bytes)
48  185       3       java.lang.StringUTF16::compress (47 bytes)   made not entrant: not used
48  226       4       java.util.HashMap::hash (20 bytes)
48   80       3       java.util.HashMap::hash (20 bytes)   made not entrant: not used
48  218       4       jdk.internal.util.xml.impl.Parser::bappend (26 bytes)
49  233     n 0       java.lang.invoke.MethodHandle::linkToStatic(LLIL)L (native)   (static)
49  235     n 0       java.lang.invoke.MethodHandle::linkToStatic(LLILLL)L (native)   (static)
49  234       3       java.lang.invoke.MethodType::parameterType (7 bytes)
49  171       3       jdk.internal.util.xml.impl.Parser::bappend (26 bytes)   made not entrant: not used
49  213       4       jdk.internal.util.xml.impl.Parser::del (40 bytes)
49  236       3       java.lang.invoke.MethodTypeForm::canonicalize (74 bytes)
49  194       3       jdk.internal.util.xml.impl.Parser::del (40 bytes)   made not entrant: not used
49  238       3       java.lang.invoke.MethodType::<init> (15 bytes)
50  239       3       java.lang.invoke.MethodType::methodType (69 bytes)
50  240     n 0       java.lang.invoke.MethodHandle::linkToStatic(LLIL)I (native)   (static)
50  237       1       jdk.internal.util.WeakReferenceKey::hashCode (5 bytes)
50  241       3       java.lang.String::<init> (15 bytes)
50  242       3       java.util.Objects::checkFromIndexSize (8 bytes)
50  243     n 0       jdk.internal.misc.Unsafe::getShort (native)   
50  244       3       java.io.BufferedInputStream::getBufIfOpen (6 bytes)
50  245       3       java.io.BufferedInputStream::getBufIfOpen (61 bytes)
50  246       3       java.io.DataInputStream::readFully (59 bytes)
50  247  s    3       java.io.BufferedInputStream::read (112 bytes)
50  249       3       java.io.BufferedInputStream::read1 (121 bytes)
51  248       3       java.io.BufferedInputStream::ensureOpen (18 bytes)
51  253       3       java.lang.invoke.VarHandleByteArrayAsShorts$ArrayHandle::get (35 bytes)
51  254       3       java.lang.invoke.VarHandleByteArrayAsShorts$ArrayHandle::index (12 bytes)
51  257       3       jdk.internal.misc.Unsafe::convEndian (16 bytes)
51  258       3       java.lang.Short::reverseBytes (14 bytes)
51  255       3       jdk.internal.misc.Unsafe::getShortUnaligned (12 bytes)
51  250       3       java.lang.invoke.VarHandle::checkAccessModeThenIsDirect (29 bytes)
51  251       3       java.lang.invoke.VarForm::getMemberName (38 bytes)
51  252       3       java.lang.invoke.VarHandleGuards::guard_LI_I (78 bytes)
52  261     n 0       java.lang.invoke.MethodHandle::invokeBasic(LLI)I (native)   
52  256       3       jdk.internal.misc.Unsafe::getShortUnaligned (33 bytes)
52  259       3       java.io.DataInputStream::readShort (19 bytes)
52  260       3       jdk.internal.util.ByteArray::getShort (9 bytes)
52  263     n 0       java.lang.invoke.MethodHandle::linkToStatic(LLIL)J (native)   (static)
52  262       3       java.lang.invoke.MethodType::checkSlotCount (33 bytes)
53  264       3       sun.util.calendar.ZoneInfoFile::indexOf (32 bytes)
53  267       4       jdk.internal.util.Preconditions::checkFromIndexSize (25 bytes)
53  265       3       java.util.zip.Checksum::update (11 bytes)
54  269       3       java.util.zip.CRC32::updateBytes (14 bytes)
54  270       3       java.util.zip.CRC32::updateBytesCheck (35 bytes)
54  181       3       jdk.internal.util.Preconditions::checkFromIndexSize (25 bytes)   made not entrant: not used
54  266       3       java.util.zip.CRC32::update (38 bytes)
54  280       4       java.lang.StringCoding::countPositives (33 bytes)
54  271       3       java.io.DataInputStream::readUTF (5 bytes)
54  272       3       java.io.DataInputStream::readUTF (601 bytes)
54  283     n 0       jdk.internal.misc.Unsafe::putReferenceVolatile (native)   
55  273       3       java.io.DataInputStream::readUnsignedShort (19 bytes)
55  274       3       jdk.internal.util.ByteArray::getUnsignedShort (12 bytes)
55  284       3       jdk.internal.misc.Unsafe::putReferenceRelease (9 bytes)
55  285       3       java.util.concurrent.ConcurrentHashMap::setTabAt (19 bytes)
55  169       3       java.lang.StringCoding::countPositives (33 bytes)   made not entrant: not used
55  275       3       java.lang.Short::toUnsignedInt (5 bytes)
55  281       4       java.io.BufferedInputStream::getBufIfOpen (61 bytes)
55  289       3       java.util.concurrent.ConcurrentHashMap$Traverser::advance (188 bytes)
56  276       3       java.lang.System$1::uncheckedCountPositives (7 bytes)
56  277       3       java.lang.System$1::uncheckedNewStringNoRepl (6 bytes)
56  278   !   3       java.lang.String::newStringNoRepl (33 bytes)
56  279   !   3       java.lang.String::newStringNoRepl1 (284 bytes)
56  292     n 0       jdk.internal.misc.Unsafe::compareAndSetInt (native)   
56  245       3       java.io.BufferedInputStream::getBufIfOpen (61 bytes)   made not entrant: not used
56  291       4       java.util.concurrent.ConcurrentHashMap::tabAt (21 bytes)
56   51       3       java.util.concurrent.ConcurrentHashMap::tabAt (21 bytes)   made not entrant: not used
56  287       4       java.io.BufferedInputStream::read1 (121 bytes)
56  268       3       sun.util.calendar.ZoneInfoFile$Checksum::update (39 bytes)
57  282       3       java.io.DataInputStream::readFully (9 bytes)
57  290       1       java.lang.Module::getDescriptor (5 bytes)
57  288       3       java.util.concurrent.ConcurrentHashMap::put (8 bytes)
57  293       3       jdk.internal.util.ArraysSupport::newLength (27 bytes)
57  294       3       java.lang.ref.Reference::reachabilityFence (1 bytes)
57  295     n 0       jdk.internal.misc.Unsafe::getByte (native)   
57  296       3       java.util.concurrent.ConcurrentHashMap$BaseIterator::hasNext (13 bytes)
57  298       3       java.util.Optional::orElse (16 bytes)
57  297       3       java.nio.Buffer::session (20 bytes)
57  299   !   3       java.nio.DirectByteBuffer::get (34 bytes)
57  300       3       java.nio.Buffer::checkIndex (12 bytes)
57  301       3       java.nio.DirectByteBuffer::ix (10 bytes)
57  302   !   3       jdk.internal.misc.ScopedMemoryAccess::getByte (16 bytes)
58  303   !   3       jdk.internal.misc.ScopedMemoryAccess::getByteInternal (34 bytes)
58  304       1       java.nio.Buffer::limit (5 bytes)
58  307       3       java.lang.AbstractStringBuilder::<init> (39 bytes)
58  310     n 0       jdk.internal.misc.Unsafe::getInt (native)   
58  249       3       java.io.BufferedInputStream::read1 (121 bytes)   made not entrant: not used
58  311     n 0       java.lang.Class::isInstance (native)   
58  308       3       java.io.DataInputStream::readByte (6 bytes)
58  305       4       java.lang.ref.Reference::reachabilityFence (1 bytes)
58  309       3       java.io.DataInputStream::readUnsignedByte (22 bytes)
58  294       3       java.lang.ref.Reference::reachabilityFence (1 bytes)   made not entrant: not used
58  306       4       java.lang.String::charAt (25 bytes)
58  312       3       java.lang.Math::floorMod (28 bytes)
58  313       1       java.time.ZoneOffset::getTotalSeconds (5 bytes)
58  314       1       java.time.temporal.ChronoField::range (5 bytes)
58   33       3       java.lang.String::charAt (25 bytes)   made not entrant: not used
59  286       4       java.util.concurrent.ConcurrentHashMap::casTabAt (20 bytes)
59  315       1       java.time.temporal.ValueRange::getMinimum (5 bytes)
59  316       1       java.time.temporal.ValueRange::getMaximum (5 bytes)
59  317     n 0       java.lang.invoke.MethodHandle::linkToStatic(ILL)L (native)   (static)
59  131       3       java.util.concurrent.ConcurrentHashMap::casTabAt (20 bytes)   made not entrant: not used
59  318       3       java.lang.String::substring (58 bytes)
59  320       3       jdk.internal.classfile.impl.SplitConstantPool::map (161 bytes)
59  321       3       jdk.internal.classfile.impl.BufWriterImpl::reserveSpace (22 bytes)
59  323     n 0       java.lang.invoke.MethodHandle::linkToSpecial(LIL)V (native)   (static)
59  322       3       jdk.internal.classfile.impl.SplitConstantPool::entryByIndex (59 bytes)
60  324     n 0       java.lang.invoke.MethodHandle::invokeBasic(I)L (native)   
60  325     n 0       java.lang.invoke.MethodHandle::linkToSpecial(LIL)L (native)   (static)
60  319       3       java.lang.invoke.MemberName::allFlagsSet (16 bytes)
60  326       3       java.lang.invoke.MethodType::checkPtypes (76 bytes)
60  328       4       java.lang.String::isLatin1 (19 bytes)
60  327       3       java.lang.invoke.MethodType::parameterCount (6 bytes)
60  330     n 0       java.lang.invoke.MethodHandle::linkToStatic(IIL)I (native)   (static)
60  329       3       java.lang.invoke.MemberName::initResolved (53 bytes)
60   31       3       java.lang.String::isLatin1 (19 bytes)   made not entrant: not used
60  332     n 0       java.lang.invoke.MethodHandleNatives::resolve (native)   (static)
61  331       1       jdk.internal.constant.ClassOrInterfaceDescImpl::descriptorString (5 bytes)
61  333       1       java.lang.invoke.MethodTypeForm::erasedType (5 bytes)
61  334       1       java.util.ArrayList::size (5 bytes)
61  335     n 0       java.lang.Class::desiredAssertionStatus0 (native)   (static)
61  336       3       java.util.HashMap$EntryIterator::next (5 bytes)
61  337       3       java.util.HashMap$EntryIterator::next (5 bytes)
61  338       3       java.lang.ref.Reference::<init> (25 bytes)
61  340     n 0       java.lang.Class::isHidden (native)   
61  339   !   3       java.lang.invoke.MemberName::getMethodType (213 bytes)
64  341       3       java.lang.StringLatin1::replace (197 bytes)
66  342       3       java.lang.invoke.MemberName::getReferenceKind (12 bytes)
66  343       3       jdk.internal.classfile.impl.AbstractPoolEntry::<init> (20 bytes)
66  344       1       java.lang.String::value (5 bytes)
66  345       3       java.lang.StringCoding::countNonZeroAsciiLatin1 (33 bytes)
66  346       1       java.lang.module.ModuleDescriptor::isOpen (5 bytes)
66  347       1       java.lang.invoke.MethodHandles$Lookup::lookupClass (5 bytes)
66  348       3       jdk.internal.classfile.impl.SplitConstantPool::internalAdd (12 bytes)
66  349       3       jdk.internal.classfile.impl.SplitConstantPool::internalAdd (78 bytes)
66  350       1       jdk.internal.classfile.impl.BufWriterImpl::size (5 bytes)
67  351       1       java.lang.invoke.MethodHandle::type (5 bytes)
67  352       3       jdk.internal.misc.Unsafe::allocateUninitializedArray0 (90 bytes)
67  126       4       java.util.HashMap::putVal (300 bytes)   made not entrant: uncommon trap
67  353       3       java.lang.Class::getPackageName (81 bytes)
67  354       3       java.util.HashMap::putVal (300 bytes)
67  356       3       jdk.internal.classfile.impl.AbstractPoolEntry::hashString (5 bytes)
67  359       3       jdk.internal.classfile.impl.EntryMap::firstToken (50 bytes)
68  358       3       jdk.internal.util.ReferencedKeySet::get (27 bytes)
68  357       3       jdk.internal.classfile.impl.EntryMap::put (186 bytes)
68  355       3       java.lang.StringBuilder::<init> (7 bytes)
68  360       3       jdk.internal.classfile.impl.RawBytecodeHelper::next (81 bytes)
68  362       3       java.lang.Record::<init> (5 bytes)
68  363       3       java.lang.invoke.MethodType::makeImpl (109 bytes)
69  367       3       jdk.internal.util.ReferencedKeyMap::lookupKey (9 bytes)
69  368       3       jdk.internal.util.StrongReferenceKey::<init> (10 bytes)
69  364       3       java.lang.StringConcatHelper::newArray (28 bytes)
69  365       3       jdk.internal.misc.Unsafe::allocateUninitializedArray (55 bytes)
69  361       3       jdk.internal.classfile.impl.AbstractPoolEntry$Utf8EntryImpl::contentHash (19 bytes)
69  369       1       jdk.internal.classfile.impl.AbstractDirectBuilder::constantPool (5 bytes)
69  366       1       java.lang.Class::getComponentType (5 bytes)
69  370       3       jdk.internal.classfile.impl.SplitConstantPool::utf8Entry (45 bytes)
69  372       3       jdk.internal.classfile.impl.BufWriterImpl::cpIndex (33 bytes)
70  374       3       jdk.internal.classfile.impl.RawBytecodeHelper::opcode (9 bytes)
70  373       3       java.lang.String::toString (2 bytes)
70  371       1       jdk.internal.constant.ClassOrInterfaceDescImpl::isClassOrInterface (2 bytes)
70  375       3       jdk.internal.classfile.impl.SplitConstantPool::canWriteDirect (24 bytes)
70  377       4       java.lang.String::length (11 bytes)
70  378     n 0       java.lang.Class::isAssignableFrom (native)   
70  376       1       jdk.internal.classfile.impl.AbstractPoolEntry::hashCode (5 bytes)
70  379       3       java.lang.Class::cast (27 bytes)
70  380       3       jdk.internal.classfile.impl.BufWriterImpl::writeU2 (38 bytes)
70   26       3       java.lang.String::length (11 bytes)   made not entrant: not used
70  382     n 0       java.lang.reflect.Array::newArray (native)   (static)
70  381   !   3       sun.invoke.util.VerifyAccess::ensureTypeVisible (99 bytes)
70  383       3       jdk.internal.classfile.impl.AbstractPoolEntry::maybeClone (26 bytes)
71  384       1       jdk.internal.classfile.impl.LabelImpl::labelContext (5 bytes)
71  385       1       jdk.internal.classfile.impl.LabelImpl::getBCI (5 bytes)
71  386       1       jdk.internal.classfile.impl.AbstractPoolEntry$ClassEntryImpl::tag (3 bytes)
71  387       3       jdk.internal.classfile.impl.BufWriterImpl::writeU1U2 (50 bytes)
71  388       3       java.lang.ref.WeakReference::<init> (7 bytes)
71  389     n 0       java.lang.invoke.MethodHandle::invokeBasic(LL)L (native)   
71  390       3       java.lang.invoke.MethodType::equals (27 bytes)
71  391     n 0       java.lang.invoke.MethodHandle::linkToSpecial(LLLL)L (native)   (static)
71  392       1       java.lang.invoke.MethodTypeForm::basicType (5 bytes)
71  393     n 0       java.lang.invoke.MethodHandle::linkToStatic(LLLLL)L (native)   (static)
72  394     n 0       java.lang.invoke.MethodHandle::invokeBasic(LLLL)L (native)   
72  395       3       jdk.internal.classfile.impl.SplitConstantPool::tryFindUtf8 (103 bytes)
72  396       3       java.lang.invoke.LambdaForm$Name::<init> (126 bytes)
72  397       3       jdk.internal.constant.MethodTypeDescImpl::parameterCount (6 bytes)
72  398       3       jdk.internal.classfile.impl.RawBytecodeHelper::getU1Unchecked (13 bytes)
72  399       3       jdk.internal.classfile.impl.AbstractPoolEntry$Utf8EntryImpl::writeTo (44 bytes)
72  400       3       jdk.internal.classfile.impl.BufWriterImpl::writeUtfEntry (144 bytes)
73  405       3       jdk.internal.classfile.impl.AbstractPoolEntry$Utf8EntryImpl::hashCode (8 bytes)
73  406       3       jdk.internal.classfile.impl.AbstractPoolEntry$Utf8EntryImpl::<init> (49 bytes)
73  401       3       java.lang.System$1::countNonZeroAscii (5 bytes)
73  411     n 0       java.lang.System::identityHashCode (native)   (static)
73  402       3       java.lang.StringCoding::countNonZeroAscii (30 bytes)
73  413       3       java.lang.Math::max (11 bytes)
74  407       1       jdk.internal.classfile.impl.AbstractPoolEntry$Utf8EntryImpl::tag (2 bytes)
74  410       1       java.lang.reflect.Method::getName (5 bytes)
74  403       3       java.lang.StringLatin1::newString (24 bytes)
74  416       3       jdk.internal.classfile.impl.AbstractPoolEntry::hash2 (15 bytes)
74  409       1       jdk.internal.classfile.impl.DirectMethodBuilder::methodFlags (5 bytes)
74  418     n 0       jdk.internal.misc.Unsafe::getChar (native)   
74  408       1       jdk.internal.classfile.impl.AbstractDirectBuilder::setOriginal (6 bytes)
74  419       3       java.util.BitSet::wordIndex (5 bytes)
74  420       3       java.util.BitSet::checkInvariants (111 bytes)
74  424       3       java.lang.String::getBytes (60 bytes)
74  417       1       jdk.internal.classfile.impl.StackMapDecoder$StackMapFrameImpl::stack (5 bytes)
74  423       3       java.lang.StringLatin1::getBytes (12 bytes)
74  426       3       jdk.internal.classfile.impl.AbstractPoolEntry::hash1 (10 bytes)
74  414       1       jdk.internal.classfile.impl.UnboundAttribute::attributeMapper (5 bytes)
74  415       1       java.lang.classfile.Opcode::bytecode (5 bytes)
74  412       1       jdk.internal.classfile.impl.DirectMethodBuilder::methodType (5 bytes)
75  404       1       java.lang.Class::getModule (5 bytes)
75  422       1       jdk.internal.classfile.impl.AbstractPoolEntry$NameAndTypeEntryImpl::tag (3 bytes)
75  425       1       java.lang.reflect.Method::getSharedParameterTypes (5 bytes)
75  428       3       jdk.internal.classfile.impl.StackCounter::addStackSlot (30 bytes)
75  429       3       java.util.ImmutableCollections$ListItr::hasNext (17 bytes)
75  433       3       java.util.BitSet::set (58 bytes)
75  434       3       java.util.BitSet::expandTo (23 bytes)
75  436       3       sun.reflect.generics.parser.SignatureParser::current (59 bytes)
75  432       3       jdk.internal.classfile.impl.DirectCodeBuilder::labelToBci (27 bytes)
75  421       1       jdk.internal.constant.MethodTypeDescImpl::returnType (5 bytes)
75  430       1       jdk.internal.classfile.impl.StackMapDecoder$StackMapFrameImpl::locals (5 bytes)
75  431       1       jdk.internal.classfile.impl.StackMapDecoder$StackMapFrameImpl::target (5 bytes)
75  441       3       jdk.internal.classfile.impl.BufWriterImpl::writeU1 (24 bytes)
76  442       3       jdk.internal.classfile.impl.RawBytecodeHelper::endBci (8 bytes)
76  437       3       java.lang.CharacterData::of (136 bytes)
76  444       3       java.util.ImmutableCollections$List12::size (16 bytes)
76  445       3       jdk.internal.classfile.impl.Util::isDoubleSlot (20 bytes)
76  427       1       jdk.internal.classfile.impl.AbstractAttributeMapper::allowMultiple (5 bytes)
76  446       3       sun.reflect.generics.parser.SignatureParser::advance (53 bytes)
76  447       3       java.lang.CharacterDataLatin1::getProperties (11 bytes)
76  435       1       jdk.internal.classfile.impl.AbstractPseudoInstruction$ExceptionCatchImpl::catchTypeEntry (5 bytes)
76  440       1       jdk.internal.classfile.impl.LabelImpl::setBCI (6 bytes)
76  438       1       java.lang.reflect.Method::getModifiers (5 bytes)
76  443       1       java.lang.classfile.TypeKind::slotSize (5 bytes)
76  439       1       java.lang.reflect.Method::getReturnType (5 bytes)
77  448       3       java.util.HashSet::contains (9 bytes)
77  449     n 0       java.lang.Class::initClassName (native)   
77  450       1       java.util.LinkedHashMap::removeEldestEntry (2 bytes)
77  451       3       jdk.internal.classfile.impl.AbstractElement::<init> (5 bytes)
78  452       3       java.lang.invoke.MethodTypeForm::canonicalizeAll (63 bytes)
78  454     n 0       java.lang.invoke.MethodHandle::linkToSpecial(LLLL)V (native)   (static)
78  453   !   3       java.lang.invoke.MemberName::clone (14 bytes)
78  455       3       java.lang.Class::getName (18 bytes)
78  456       3       jdk.internal.classfile.impl.StackMapGenerator::processBlock (2767 bytes)
78  459     n 0       java.lang.invoke.MethodHandle::linkToStatic(L)V (native)   (static)
79  463       4       jdk.internal.classfile.impl.RawBytecodeHelper::opcode (9 bytes)
79  374       3       jdk.internal.classfile.impl.RawBytecodeHelper::opcode (9 bytes)   made not entrant: not used
79  465     n 0       java.lang.invoke.MethodHandle::linkToStatic(LLLL)V (native)   (static)
79  467     n 0       java.lang.invoke.MethodHandle::linkToStatic(LLL)V (native)   (static)
80  469     n 0       jdk.internal.misc.Unsafe::allocateInstance (native)   
81  472     n 0       java.lang.String::intern (native)   
81  473       4       java.lang.String::coder (15 bytes)
81   18       3       java.lang.String::coder (15 bytes)   made not entrant: not used
81  474       4       java.lang.StringCoding::countNonZeroAsciiLatin1 (33 bytes)
83  477     n 0       java.lang.invoke.MethodHandle::linkToInterface(LL)L (native)   (static)
83  345       3       java.lang.StringCoding::countNonZeroAsciiLatin1 (33 bytes)   made not entrant: not used
84  479     n 0       java.lang.invoke.MethodHandle::linkToSpecial(LLLLL)V (native)   (static)
84  480     n 0       java.lang.invoke.MethodHandle::invokeBasic(LLL)L (native)   
84  481     n 0       java.lang.invoke.MethodHandle::linkToSpecial(LLLLL)L (native)   (static)
84  482     n 0       java.lang.invoke.MethodHandle::linkToStatic(LL)V (native)   (static)
85  462       3       jdk.internal.classfile.impl.Util::parameterSlots (39 bytes)
85  461       3       jdk.internal.classfile.impl.SplitConstantPool::utf8Entry (6 bytes)
85  466       3       jdk.internal.constant.MethodTypeDescImpl::parameterType (7 bytes)
85  475       1       java.lang.classfile.Opcode::sizeIfFixed (5 bytes)
85  457       3       jdk.internal.classfile.impl.RawBytecodeHelper::isStoreIntoLocal (18 bytes)
85  476       1       java.lang.classfile.Opcode::kind (5 bytes)
85  458       3       jdk.internal.util.ReferencedKeyMap::entryKey (33 bytes)
85  460       1       java.lang.invoke.MethodTypeForm::parameterSlotCount (5 bytes)
85  468       1       java.lang.constant.ClassDesc::isPrimitive (2 bytes)
85  464       1       jdk.internal.classfile.impl.AbstractPoolEntry$MethodRefEntryImpl::tag (3 bytes)
85  483       3       jdk.internal.classfile.impl.AbstractPoolEntry$ClassEntryImpl::hashCode (37 bytes)
86  484       3       jdk.internal.classfile.impl.ClassReaderImpl::checkType (23 bytes)
86  470       1       jdk.internal.classfile.impl.BufWriterImpl::thisClass (5 bytes)
86  471       1       jdk.internal.classfile.impl.DirectMethodBuilder::methodName (5 bytes)
86  478       1       java.lang.invoke.MethodHandles$Lookup::previousLookupClass (5 bytes)
86  485       3       jdk.internal.classfile.impl.SplitConstantPool::nameAndTypeEntry (7 bytes)
86  486       3       jdk.internal.classfile.impl.SplitConstantPool::nameAndTypeEntry (60 bytes)
86  487       3       jdk.internal.classfile.impl.DirectCodeBuilder::constantPool (5 bytes)
86  488       3       sun.invoke.util.VerifyAccess::isClassAccessible (230 bytes)
87  493       3       jdk.internal.classfile.impl.AbstractPoolEntry$Utf8EntryImpl::toString (88 bytes)
87  491       3       jdk.internal.classfile.impl.SplitConstantPool::maybeCloneUtf8Entry (65 bytes)
87  495       3       jdk.internal.classfile.impl.LineNumberImpl::<init> (10 bytes)
87  489       3       java.lang.String::isEmpty (14 bytes)
87  497       3       jdk.internal.classfile.impl.SplitConstantPool::findEntry (130 bytes)
87  492       1       jdk.jfr.internal.util.Bytecode$FieldDesc::type (5 bytes)
87  494       1       jdk.internal.classfile.impl.AbstractInstruction::opcode (5 bytes)
87  496       3       jdk.internal.classfile.impl.DirectCodeBuilder::curPc (8 bytes)
87  490       1       jdk.internal.constant.PrimitiveClassDescImpl::descriptorString (5 bytes)
87  499       3       java.util.Arrays::copyOf (33 bytes)
87  501       3       jdk.internal.classfile.impl.AbstractPoolEntry$AbstractNamedEntry::<init> (10 bytes)
88  504       3       jdk.internal.classfile.impl.SplitConstantPool::tryFindClassOrInterface (138 bytes)
88  502       3       jdk.internal.classfile.impl.SplitConstantPool::classEntry (68 bytes)
88  503       3       jdk.internal.classfile.impl.SplitConstantPool::classEntryForClassOrInterface (111 bytes)
89  508       3       jdk.internal.classfile.impl.BufWriterImpl::writeIndex (11 bytes)
89  507       3       jdk.internal.classfile.impl.AbstractPoolEntry::hashClassFromDescriptor (7 bytes)
89  505       3       jdk.internal.classfile.impl.LabelImpl::<init> (15 bytes)
89  514       3       java.util.ArrayList$Itr::hasNext (20 bytes)
89  517       3       java.util.ArrayList$Itr::checkForComodification (23 bytes)
89  518       3       java.util.ArrayList$Itr::next (66 bytes)
89  515       1       jdk.internal.classfile.impl.AbstractPseudoInstruction$ExceptionCatchImpl::tryStart (5 bytes)
89  516       1       jdk.internal.classfile.impl.AbstractPseudoInstruction$ExceptionCatchImpl::tryEnd (5 bytes)
89  513       1       jdk.internal.classfile.impl.RawBytecodeHelper$CodeRange::length (5 bytes)
89  506       3       jdk.internal.classfile.impl.BufWriterImpl::writeU1U2U2 (75 bytes)
89  519       3       jdk.internal.classfile.impl.AbstractPoolEntry$AbstractRefsEntry::writeTo (27 bytes)
90  498       3       jdk.internal.classfile.impl.DirectCodeBuilder::with (9 bytes)
90  522       3       jdk.internal.classfile.impl.Util::methodTypeSymbol (8 bytes)
90  523       3       jdk.internal.classfile.impl.AbstractPoolEntry$Utf8EntryImpl::methodTypeSymbol (34 bytes)
90  520   !   3       jdk.internal.classfile.impl.ClassReaderImpl::readU2 (37 bytes)
90  500       3       jdk.internal.classfile.impl.DirectCodeBuilder::setLabelTarget (47 bytes)
90  526       4       jdk.internal.classfile.impl.SplitConstantPool::map (161 bytes)
90  527       3       jdk.internal.classfile.impl.AbstractInstruction$UnboundInstruction::<init> (6 bytes)
90  521       1       jdk.jfr.internal.util.Bytecode$MethodDesc::descriptor (5 bytes)
90  525       1       jdk.jfr.internal.util.Bytecode$MethodDesc::name (5 bytes)
90  510       3       jdk.internal.constant.ClassOrInterfaceDescImpl::ofValidated (64 bytes)
90  529       3       jdk.internal.classfile.impl.BlockCodeBuilderImpl::with (9 bytes)
90  530       3       jdk.internal.classfile.impl.BlockCodeBuilderImpl::with (83 bytes)
91  534       3       jdk.internal.classfile.impl.BytecodeHelpers::isUnconditionalBranch (64 bytes)
91  535       3       jdk.internal.classfile.impl.Util::checkKind (15 bytes)
91  533       3       jdk.internal.classfile.impl.SplitConstantPool::utf8Entry (25 bytes)
91  528       1       jdk.internal.classfile.impl.AbstractInstruction$UnboundInvokeInstruction::method (5 bytes)
91  524       1       jdk.internal.classfile.impl.AbstractPoolEntry$FieldRefEntryImpl::tag (3 bytes)
91  511       1       jdk.internal.classfile.impl.BufWriterImpl::constantPool (5 bytes)
91  512       1       jdk.internal.classfile.impl.AbstractAttributeMapper::name (5 bytes)
91  531       1       jdk.jfr.internal.util.Bytecode$FieldDesc::name (5 bytes)
91  532       1       jdk.jfr.internal.EventWriterMethod::method (5 bytes)
91  538       3       jdk.internal.classfile.impl.StackMapGenerator::addFrame (150 bytes)
91  539       3       jdk.internal.misc.Unsafe::toUnsignedInt (6 bytes)
91  541       3       jdk.internal.classfile.impl.StackMapGenerator$Frame::checkStack (96 bytes)
92  542       3       jdk.internal.classfile.impl.AttributeHolder::writeTo (34 bytes)
92  543       3       jdk.internal.constant.ClassOrInterfaceDescImpl::equals (33 bytes)
92  545       3       java.lang.Character::isWhitespace (5 bytes)
92  546       3       java.lang.Character::isWhitespace (9 bytes)
92  547       3       java.lang.CharacterDataLatin1::isWhitespace (23 bytes)
92  544       3       jdk.internal.classfile.impl.StackMapGenerator$Frame::pushStack (27 bytes)
92  540       3       jdk.internal.misc.Unsafe::pickPos (14 bytes)
92  548       3       java.util.AbstractList::<init> (10 bytes)
92  549       3       java.util.ArrayList$Itr::<init> (31 bytes)
92  550       3       java.lang.StringConcatHelper::concat (24 bytes)
93  551       3       java.lang.StringConcatHelper::stringOf (20 bytes)
93  556       3       java.util.HashMap$HashIterator::<init> (84 bytes)
93  320       3       jdk.internal.classfile.impl.SplitConstantPool::map (161 bytes)   made not entrant: not used
93  557       4       jdk.internal.classfile.impl.SplitConstantPool::entryByIndex (59 bytes)
93  552       3       java.lang.StringConcatHelper::concat0 (58 bytes)
93  553       3       jdk.internal.misc.Unsafe::getCharUnaligned (12 bytes)
93  554       3       jdk.internal.misc.Unsafe::getCharUnaligned (34 bytes)
93  555       3       jdk.internal.classfile.impl.AbstractPoolEntry$NameAndTypeEntryImpl::type (8 bytes)
93  322       3       jdk.internal.classfile.impl.SplitConstantPool::entryByIndex (59 bytes)   made not entrant: not used
93  559       3       java.util.ImmutableCollections$List12::get (35 bytes)
94  563       3       jdk.internal.classfile.impl.AbstractPoolEntry$AbstractRefsEntry::<init> (37 bytes)
94  564       3       java.util.ArrayList::add (25 bytes)
94  565       3       java.util.ArrayList::add (23 bytes)
94  566       3       java.util.ArrayDeque::inc (12 bytes)
94  567       3       jdk.internal.classfile.impl.AbstractPoolEntry$AbstractMemberRefEntry::nameAndType (5 bytes)
94  568       3       jdk.internal.classfile.impl.AbstractPoolEntry$AbstractMemberRefEntry::nameAndType (8 bytes)
94  558       3       java.util.Arrays::copyOf (40 bytes)
94  561       3       jdk.internal.classfile.impl.RawBytecodeHelper::getU2Unchecked (21 bytes)
94  562       3       jdk.internal.classfile.impl.RawBytecodeHelper::getIndexU2 (11 bytes)
94  570       3       java.util.ArrayList::iterator (9 bytes)
94  569       3       jdk.internal.classfile.impl.AbstractPoolEntry$AbstractRefEntry::<init> (24 bytes)
94  575       4       jdk.internal.classfile.impl.RawBytecodeHelper::endBci (8 bytes)
94  572       3       java.util.ArrayDeque::elementAt (4 bytes)
95  573       3       java.util.ArrayDeque::pollFirst (36 bytes)
95  442       3       jdk.internal.classfile.impl.RawBytecodeHelper::endBci (8 bytes)   made not entrant: not used
95  574       3       java.util.ArrayDeque::poll (5 bytes)
95  560       1       jdk.internal.classfile.impl.AbstractPseudoInstruction$ExceptionCatchImpl::handler (5 bytes)
95  509       1       java.lang.Class::getModifiers (5 bytes)
95  537       1       jdk.internal.classfile.impl.DirectCodeBuilder::curTopLocal (5 bytes)
95  536       1       jdk.internal.constant.PrimitiveClassDescImpl::isPrimitive (2 bytes)
95  571       1       jdk.internal.classfile.impl.DirectCodeBuilder::startLabel (5 bytes)
95  576       1       jdk.internal.classfile.impl.AbstractPoolEntry$StringEntryImpl::tag (3 bytes)
95  578       4       jdk.internal.classfile.impl.EntryMap::firstToken (50 bytes)
95  579       3       jdk.internal.classfile.impl.DirectClassBuilder::constantPool (5 bytes)
95  581       3       jdk.internal.classfile.impl.BufWriterImpl::writeIndex (10 bytes)
95  359       3       jdk.internal.classfile.impl.EntryMap::firstToken (50 bytes)   made not entrant: not used
95  588       3       jdk.internal.classfile.impl.ClassReaderImpl::entryByIndex (809 bytes)
97  580       3       jdk.internal.classfile.impl.AbstractPoolEntry$AbstractMemberRefEntry::<init> (12 bytes)
97  587       3       jdk.internal.classfile.impl.AbstractPoolEntry$AbstractRefEntry::writeTo (18 bytes)
97  584       3       java.util.BitSet::get (69 bytes)
98  582       1       jdk.internal.classfile.impl.UnboundAttribute$UnboundStackMapTableAttribute::entries (5 bytes)
98  583       1       java.util.ImmutableCollections$List12::isEmpty (2 bytes)
98  577       1       java.lang.reflect.Method::getSharedExceptionTypes (5 bytes)
98  585       1       jdk.internal.classfile.impl.StackMapDecoder$ObjectVerificationTypeInfoImpl::tag (3 bytes)
98  589       3       jdk.internal.classfile.impl.DirectCodeBuilder::writeBytecode (33 bytes)
98  590       3       jdk.internal.classfile.impl.NonterminalCodeBuilder::constantPool (10 bytes)
98  591       3       java.lang.classfile.CodeBuilder::invoke (46 bytes)
98  595       3       jdk.internal.classfile.impl.SplitConstantPool::methodRefEntry (72 bytes)
98  592       3       jdk.internal.classfile.impl.DirectCodeBuilder::writeInvokeNormal (13 bytes)
98  594       3       java.lang.classfile.constantpool.ConstantPoolBuilder::methodRefEntry (22 bytes)
99  593       3       jdk.internal.classfile.impl.DirectCodeBuilder::newLabel (10 bytes)
99  596       3       java.lang.classfile.constantpool.ConstantPoolBuilder::nameAndTypeEntry (21 bytes)
99  599       3       jdk.internal.classfile.impl.ClassReaderImpl::readEntry (16 bytes)
99  602       4       jdk.internal.classfile.impl.BufWriterImpl::reserveSpace (22 bytes)
99  601       3       jdk.internal.classfile.impl.StackMapGenerator$Frame::trimAndCompress (61 bytes)
99  604       3       java.util.Arrays::fill (21 bytes)
99  603       3       jdk.internal.classfile.impl.BufWriterImpl::writeU2U2U2 (89 bytes)
99  606   !   3       jdk.internal.classfile.impl.ClassReaderImpl::readU1 (17 bytes)
99  600       1       jdk.internal.classfile.impl.RawBytecodeHelper$CodeRange::array (5 bytes)
99  608       3       java.util.ImmutableCollections$AbstractImmutableList::iterator (13 bytes)
99  321       3       jdk.internal.classfile.impl.BufWriterImpl::reserveSpace (22 bytes)   made not entrant: not used
99  609       3       java.util.ImmutableCollections$ListItr::<init> (25 bytes)
99  597       3       jdk.internal.classfile.impl.AbstractPoolEntry$ClassEntryImpl::<init> (22 bytes)
100  598       3       jdk.internal.classfile.impl.AbstractPoolEntry$Utf8EntryImpl::stringValue (5 bytes)
100  605       3       jdk.internal.classfile.impl.BufWriterImpl::skip (22 bytes)
100  610       3       java.util.ArrayList::<init> (12 bytes)
100  611       3       java.util.Arrays::rangeCheck (74 bytes)
100  613       3       jdk.internal.classfile.impl.StackMapGenerator$Type::referenceType (12 bytes)
100  615     n 0       jdk.internal.reflect.ConstantPool::getUTF8At0 (native)   
100  612       3       jdk.internal.classfile.impl.StackMapGenerator$Frame::<init> (75 bytes)
100  616     n 0       java.lang.Class::forName0 (native)   (static)
100  607       1       jdk.internal.classfile.impl.BoundAttribute::attributeMapper (5 bytes)
100  617       3       java.util.ArrayList::<init> (61 bytes)
100  620       3       java.lang.String::replace (42 bytes)
101  623       4       jdk.internal.classfile.impl.SplitConstantPool::canWriteDirect (24 bytes)
101  622       3       java.lang.StringConcatHelper::prepend (62 bytes)
101  624       3       java.util.List::copyOf (5 bytes)
101  375       3       jdk.internal.classfile.impl.SplitConstantPool::canWriteDirect (24 bytes)   made not entrant: not used
101  621       3       java.lang.reflect.Modifier::isStatic (13 bytes)
101  625       3       java.util.ImmutableCollections::listCopy (54 bytes)
101  627   !   3       java.util.ImmutableCollections$ListItr::next (34 bytes)
101  626       3       java.lang.AbstractStringBuilder::ensureCapacityNewCoder (125 bytes)
101  628       3       jdk.internal.util.StrongReferenceKey::equals (28 bytes)
101  629       3       java.util.Arrays::equals (57 bytes)
102  634       3       java.util.ImmutableCollections$ListN::size (6 bytes)
102  633       3       java.util.Collections$UnmodifiableCollection$1::hasNext (10 bytes)
102  631       3       java.lang.invoke.DirectMethodHandle::allocateInstance (16 bytes)
102  632       3       java.lang.invoke.DirectMethodHandle::constructorMethod (10 bytes)
102  630       3       jdk.internal.classfile.impl.DirectMethodBuilder::methodTypeSymbol (8 bytes)
102  618       1       java.lang.reflect.Method::getDeclaringClass (5 bytes)
102  619       1       java.util.Collections$1::hasNext (5 bytes)
102  636       4       jdk.internal.classfile.impl.RawBytecodeHelper::next (81 bytes)
102  614       1       jdk.internal.loader.AbstractClassLoaderValue$Sub::parent (5 bytes)
102  586       1       jdk.internal.classfile.impl.StackMapDecoder$ObjectVerificationTypeInfoImpl::className (5 bytes)
102  637       3       jdk.internal.classfile.impl.StackMapGenerator$Frame::writeTo (299 bytes)
102  640       3       jdk.internal.classfile.impl.SplitConstantPool::entryByIndex (11 bytes)
102  360       3       jdk.internal.classfile.impl.RawBytecodeHelper::next (81 bytes)   made not entrant: not used
103  638       3       jdk.internal.classfile.impl.StackMapGenerator$Frame::equals (28 bytes)
103  643       3       java.lang.AbstractStringBuilder::newCapacity (49 bytes)
103  645       3       jdk.internal.classfile.impl.ClassReaderImpl::entryByIndex (8 bytes)
103  648       3       java.util.Arrays::copyOf (10 bytes)
103  646       3       java.lang.classfile.instruction.StackInstruction::of (16 bytes)
103  649       3       jdk.internal.classfile.impl.AbstractPoolEntry$NameAndTypeEntryImpl::<init> (12 bytes)
103  635       1       jdk.internal.classfile.impl.BlockCodeBuilderImpl::startLabel (5 bytes)
103  644       1       jdk.internal.classfile.impl.AccessFlagsImpl::flagsMask (5 bytes)
103  647       1       java.lang.invoke.DirectMethodHandle::internalMemberName (5 bytes)
103  639       1       jdk.internal.classfile.impl.BufWriterImpl::getMajorVersion (5 bytes)
103  641       1       jdk.internal.classfile.impl.StackMapGenerator::maxStack (5 bytes)
103  642       1       jdk.internal.classfile.impl.StackMapGenerator::maxLocals (5 bytes)
103  650       3       jdk.internal.classfile.impl.DirectCodeBuilder$DeferredLabel::<init> (26 bytes)
103  652       3       jdk.internal.classfile.impl.StackMapGenerator$Frame::checkLocal (97 bytes)
104  654       3       java.util.Arrays::fill (28 bytes)
104  655       3       jdk.internal.classfile.impl.StackMapGenerator$Frame::trimAndCompress (31 bytes)
104  653       3       jdk.internal.classfile.impl.StackMapGenerator::deadCodePatching (112 bytes)
104  651       3       jdk.internal.classfile.impl.DirectCodeBuilder::addLabel (53 bytes)
104  657       3       java.lang.StringLatin1::lastIndexOf (40 bytes)
104  658       3       jdk.internal.classfile.impl.AbstractDirectBuilder::<init> (26 bytes)
104  661       3       jdk.internal.classfile.impl.AttributeHolder::withAttribute (124 bytes)
105  659       3       jdk.internal.classfile.impl.AttributeHolder::<init> (17 bytes)
105  660       3       jdk.internal.classfile.impl.BufWriterImpl::writeU1U1 (39 bytes)
105  664       3       java.util.Collections$UnmodifiableCollection::iterator (9 bytes)
105  665       3       java.util.Collections$UnmodifiableCollection$1::<init> (31 bytes)
105  667       3       jdk.internal.classfile.impl.DirectCodeBuilder::setLabelTarget (10 bytes)
105  662       3       jdk.internal.classfile.impl.RawBytecodeHelper$CodeRange::start (9 bytes)
105  666       3       jdk.internal.classfile.impl.DirectCodeBuilder::labelBinding (11 bytes)
105  669       3       jdk.internal.classfile.impl.AbstractPoolEntry$MethodRefEntryImpl::<init> (12 bytes)
105  670       3       java.util.Objects::checkIndex (7 bytes)
105  677       3       jdk.internal.classfile.impl.AbstractInstruction$UnboundInstruction::writeTo (9 bytes)
105  673       3       java.lang.classfile.CodeBuilder::invoke (15 bytes)
105  674       3       java.lang.classfile.instruction.InvokeInstruction::of (17 bytes)
106  679       4       java.util.ArrayList$Itr::hasNext (20 bytes)
106  675       3       jdk.internal.classfile.impl.AbstractInstruction$UnboundInvokeInstruction::<init> (17 bytes)
106  676       3       jdk.internal.classfile.impl.AbstractInstruction$UnboundInvokeInstruction::writeTo (45 bytes)
106  680     n 0       jdk.internal.misc.Unsafe::putByte (native)   
106  514       3       java.util.ArrayList$Itr::hasNext (20 bytes)   made not entrant: not used
106  678       3       java.util.ArrayList::isEmpty (13 bytes)
106  671       3       java.lang.classfile.CodeBuilder::invokevirtual (14 bytes)
106  672       3       java.lang.classfile.CodeBuilder::dup (16 bytes)
106  663       3       jdk.internal.classfile.impl.RawBytecodeHelper::<init> (10 bytes)
106  685       3       jdk.jfr.internal.util.Bytecode::invokevirtual (17 bytes)
106  683       3       java.lang.invoke.Invokers$Holder::linkToTargetMethod (8 bytes)
107  684       3       java.lang.invoke.LambdaForm$Holder::constant_L (8 bytes)
107  689       4       jdk.internal.classfile.impl.AbstractPoolEntry::maybeClone (26 bytes)
107  682       3       jdk.internal.classfile.impl.SplitConstantPool::utf8Entry (6 bytes)
107  656       1       java.lang.Class::getAnnotationType (5 bytes)
107  668       3       jdk.internal.classfile.impl.BufWriterImpl::<init> (39 bytes)
107  681       1       jdk.internal.classfile.impl.ClassReaderImpl::classfileLength (5 bytes)
107  692       3       jdk.internal.classfile.impl.RawBytecodeHelper::reset (20 bytes)
107  693       3       jdk.internal.classfile.impl.BufWriterImpl::setLabelContext (11 bytes)
107  694       3       jdk.internal.classfile.impl.Util::writeAttribute (67 bytes)
107  695       3       java.nio.Buffer::nextGetIndex (32 bytes)
107  697       3       java.util.LinkedHashMap::newNode (23 bytes)
107  699       3       jdk.internal.classfile.impl.MethodImpl::methodType (21 bytes)
107  383       3       jdk.internal.classfile.impl.AbstractPoolEntry::maybeClone (26 bytes)   made not entrant: not used
107  696       4       java.util.HashMap::resize (356 bytes)
107  701       3       java.util.ImmutableCollections$ListN::get (7 bytes)
107  698       3       jdk.internal.classfile.impl.TransformImpl$$Lambda/0x00000c0001028a60::accept (16 bytes)
108  688       1       jdk.internal.classfile.impl.ClassReaderImpl::customAttributes (5 bytes)
108  702       3       jdk.internal.classfile.impl.StackMapGenerator$Frame::<init> (13 bytes)
108  703       3       jdk.internal.classfile.impl.StackMapGenerator::processExceptionHandlerTargets (125 bytes)
108  704       3       java.nio.HeapByteBuffer::getShort (29 bytes)
108  705       3       jdk.internal.classfile.impl.AbstractPoolEntry$Utf8EntryImpl::inflate (73 bytes)
108  686       1       jdk.internal.classfile.impl.TransformImpl$ResolvedTransform::startHandler (5 bytes)
108  706       3       jdk.internal.classfile.impl.RawBytecodeHelper::dest (16 bytes)
108  707       3       jdk.internal.classfile.impl.RawBytecodeHelper::getShortUnchecked (21 bytes)
108  708       3       jdk.internal.classfile.impl.AbstractPoolEntry$Utf8EntryImpl::equalsString (215 bytes)
109  588       3       jdk.internal.classfile.impl.ClassReaderImpl::entryByIndex (809 bytes)   made not entrant: C1 deoptimize for patching
109  710       3       jdk.jfr.internal.util.Bytecode$MethodDesc::matches (42 bytes)
109  713       3       jdk.internal.classfile.impl.ClassReaderImpl::entryByIndex (809 bytes)
110  121       3       java.util.HashMap::resize (356 bytes)   made not entrant: not used
110  709       4       java.util.HashMap$Node::<init> (26 bytes)
111   85       3       java.util.HashMap$Node::<init> (26 bytes)   made not entrant: not used
111  691       4       jdk.internal.misc.Unsafe::getShortUnaligned (12 bytes)
111  714       3       jdk.internal.classfile.impl.StackMapGenerator::removeRangeFromExcTable (326 bytes)
111  255       3       jdk.internal.misc.Unsafe::getShortUnaligned (12 bytes)   made not entrant: not used
111  718       4       jdk.internal.classfile.impl.SplitConstantPool::utf8Entry (45 bytes)
111  717       3       jdk.internal.classfile.impl.BufWriterImpl::grow (33 bytes)
112  715       3       jdk.internal.classfile.impl.ClassReaderImpl::checkTag (217 bytes)
112  711       3       jdk.internal.classfile.impl.MethodImpl::methodTypeSymbol (8 bytes)
112  712       3       jdk.internal.constant.MethodTypeDescImpl::equals (65 bytes)
112  713       3       jdk.internal.classfile.impl.ClassReaderImpl::entryByIndex (809 bytes)   made not entrant: C1 deoptimize for patching
112  719       3       jdk.internal.classfile.impl.StackMapGenerator$Frame::decStack (29 bytes)
112  722       3       jdk.internal.classfile.impl.ClassReaderImpl::entryByIndex (809 bytes)
114  721       3       jdk.internal.classfile.impl.StackMapGenerator$Type::writeTo (82 bytes)
114  728       3       jdk.jfr.internal.EventInstrumentation::isMethod (6 bytes)
114  723       3       java.lang.classfile.CodeBuilder::loadLocal (15 bytes)
114  726       3       java.lang.classfile.TypeKind::from (25 bytes)
114  724       3       java.lang.classfile.instruction.LoadInstruction::of (16 bytes)
114  725       3       jdk.internal.classfile.impl.BytecodeHelpers::loadOpcode (120 bytes)
115  737       3       jdk.internal.classfile.impl.StackMapGenerator$Frame::pushStack (84 bytes)
115  729       3       java.util.ArrayList::listIterator (10 bytes)
115  730       3       java.util.ArrayList$ListItr::<init> (21 bytes)
115  716       3       jdk.internal.classfile.impl.UnboundAttribute::<init> (10 bytes)
115  731       1       sun.reflect.generics.tree.ClassTypeSignature::getPath (5 bytes)
115  732       1       sun.reflect.generics.tree.SimpleClassTypeSignature::getName (5 bytes)
115  733       1       sun.reflect.generics.tree.SimpleClassTypeSignature::getDollar (5 bytes)
115  690       1       jdk.internal.classfile.impl.TransformImpl$ResolvedTransform::endHandler (5 bytes)
115  687       1       jdk.internal.classfile.impl.TransformImpl$ResolvedTransform::consumer (5 bytes)
115  700       1       jdk.internal.classfile.impl.ClassReaderImpl::context (5 bytes)
115  734       1       sun.reflect.generics.visitor.Reifier::getFactory (5 bytes)
115  739       3       jdk.internal.classfile.impl.AccessFlagsImpl::<init> (15 bytes)
115  740       3       jdk.internal.classfile.impl.Util::powerOctal (21 bytes)
115  741       3       jdk.internal.constant.ConstantUtils::skipOverFieldSignature (254 bytes)
116  745     n 0       java.lang.Double::longBitsToDouble (native)   (static)
116  743       3       java.lang.classfile.AttributedElement::findAttribute (62 bytes)
116  742       3       java.util.ArrayList::elementData (7 bytes)
116  748       3       java.util.Collections$UnmodifiableCollection$1::next (10 bytes)
116  738       3       jdk.internal.classfile.impl.AbstractDirectBuilder::canWriteDirect (9 bytes)
116  746       3       jdk.internal.classfile.impl.Util::fieldTypeSymbol (8 bytes)
116  750       3       sun.reflect.generics.parser.SignatureParser::skipIdentifier (67 bytes)
117  752       3       java.lang.constant.DynamicConstantDesc::equals (81 bytes)
117  747       3       jdk.internal.classfile.impl.AbstractPoolEntry$Utf8EntryImpl::fieldTypeSymbol (34 bytes)
117  754       3       jdk.internal.classfile.impl.CodeImpl::attributes (35 bytes)
117  755       3       java.util.ArrayList::get (15 bytes)
117  756   !   3       jdk.internal.classfile.impl.ClassReaderImpl::readInt (77 bytes)
117  744       3       java.lang.classfile.constantpool.MemberRefEntry::type (12 bytes)
117  749       3       java.lang.Class::descriptorString (137 bytes)
118  762       3       jdk.internal.classfile.impl.AbstractInstruction$UnboundLoadInstruction::writeTo (31 bytes)
118  763       3       java.lang.invoke.Invokers$Holder::linkToTargetMethod (10 bytes)
118  764       3       java.lang.invoke.DirectMethodHandle$Holder::newInvokeSpecial (24 bytes)
118  757       1       jdk.internal.classfile.impl.BoundAttribute::constantPool (5 bytes)
119  753       1       jdk.internal.classfile.impl.BoundAttribute$BoundCodeAttribute::codeLength (5 bytes)
119  761       1       jdk.jfr.internal.ClassInspector::isJDK (5 bytes)
119  768       3       jdk.internal.classfile.impl.BufWriterImpl::patchU2 (21 bytes)
119  769       3       java.lang.classfile.constantpool.ConstantPoolBuilder::nameAndTypeEntry (21 bytes)
119  770       3       jdk.internal.classfile.impl.SplitConstantPool::fieldRefEntry (72 bytes)
119  715       3       jdk.internal.classfile.impl.ClassReaderImpl::checkTag (217 bytes)   made not entrant: C1 deoptimize for patching
119  722       3       jdk.internal.classfile.impl.ClassReaderImpl::entryByIndex (809 bytes)   made not entrant: C1 deoptimize for patching
119  772       3       jdk.internal.classfile.impl.AbstractPoolEntry$Utf8EntryImpl::<init> (32 bytes)
119  773       3       java.lang.invoke.DirectMethodHandle$Holder::newInvokeSpecial (21 bytes)
119  775       3       jdk.internal.classfile.impl.DirectCodeBuilder::writeShortJump (92 bytes)
119  776       3       jdk.internal.classfile.impl.DirectCodeBuilder::writeParsedShortLabel (54 bytes)
120  777       3       java.lang.classfile.constantpool.ConstantPoolBuilder::fieldRefEntry (22 bytes)
120  778       3       jdk.internal.classfile.impl.StackMapGenerator::processInvokeInstructions (262 bytes)
121  779       3       jdk.internal.classfile.impl.ClassReaderImpl::checkTag (217 bytes)
121  765       3       java.lang.classfile.CodeBuilder::branch (15 bytes)
121  766       3       java.lang.classfile.instruction.BranchInstruction::of (17 bytes)
121  767       3       jdk.internal.classfile.impl.AbstractInstruction$UnboundBranchInstruction::<init> (17 bytes)
121  780       3       jdk.internal.classfile.impl.LabelImpl::writeTo (6 bytes)
121  781       3       java.lang.classfile.TypeKind::fromDescriptor (232 bytes)
122  735       1       sun.reflect.generics.tree.SimpleClassTypeSignature::getTypeArguments (5 bytes)
122  751       1       java.lang.invoke.MethodHandleImpl::isCompileConstant (2 bytes)
122  758       1       sun.reflect.annotation.AnnotationType::memberTypes (5 bytes)
122  759       1       sun.reflect.annotation.AnnotationType::memberDefaults (5 bytes)
122  760       1       sun.reflect.annotation.AnnotationType::retention (5 bytes)
122  787       1       sun.invoke.util.Wrapper::basicClassDescriptor (5 bytes)
122  782       1       jdk.jfr.internal.ClassInspector::getFields (5 bytes)
122  783       1       jdk.internal.classfile.impl.BlockCodeBuilderImpl::reachable (5 bytes)
122  784       1       jdk.internal.classfile.impl.BlockCodeBuilderImpl::endLabel (5 bytes)
122  785       1       jdk.internal.classfile.impl.AbstractPoolEntry$LongEntryImpl::tag (2 bytes)
122  786       1       jdk.internal.classfile.impl.StackMapGenerator$RawExceptionCatch::handler (5 bytes)
123  789       3       java.util.ImmutableCollections$AbstractImmutableList::<init> (5 bytes)
123  791       3       jdk.internal.classfile.impl.AbstractDirectBuilder::writeAttribute (20 bytes)
123  792       3       jdk.internal.classfile.impl.Util::isAttributeAllowed (45 bytes)
123  793       3       jdk.internal.classfile.impl.Util::slotSize (24 bytes)
123  790       3       java.util.LinkedHashMap$LinkedValueIterator::next (8 bytes)
123  794     n 0       java.lang.Class::getSuperclass (native)   
124  795     n 0       java.lang.invoke.MethodHandle::linkToSpecial(LLLLLL)V (native)   (static)
124  796       3       jdk.internal.classfile.impl.DirectMethodBuilder::<init> (42 bytes)
124  803     n 0       java.lang.invoke.MethodHandle::linkToSpecial(LLLLLL)L (native)   (static)
124  801       3       sun.invoke.util.VerifyAccess::isSamePackage (37 bytes)
124  797       3       jdk.internal.classfile.impl.DirectMethodBuilder::withCode (22 bytes)
124  804       3       java.util.LinkedHashMap::afterNodeInsertion (40 bytes)
124  805       3       java.util.LinkedHashMap$Entry::<init> (10 bytes)
124  798   !   3       jdk.internal.classfile.impl.DirectCodeBuilder::build (78 bytes)
124  806       3       java.util.ArrayDeque::addLast (51 bytes)
125  807       3       java.util.ArrayDeque::add (7 bytes)
125  808       3       jdk.internal.classfile.impl.StackCounter$Target::<init> (15 bytes)
125  799       3       jdk.internal.classfile.impl.DirectCodeBuilder::<init> (187 bytes)
125  812       3       java.lang.StringLatin1::coderFromChar (10 bytes)
125  800       3       jdk.internal.classfile.impl.ClassFileImpl::fixShortJumps (23 bytes)
125  813       3       java.lang.invoke.MemberName::getMethodOrFieldType (72 bytes)
126  815       3       jdk.internal.classfile.impl.StackCounter::next (68 bytes)
126  817       3       jdk.internal.classfile.impl.BufWriterImpl::writeBytes (30 bytes)
126  818       3       java.lang.PublicMethods$Key::matches (31 bytes)
126  814       3       jdk.internal.classfile.impl.UnboundAttribute$AdHocAttribute::<init> (6 bytes)
126  816       3       jdk.internal.classfile.impl.UnboundAttribute$AdHocAttribute::writeTo (49 bytes)
126  820       3       jdk.internal.classfile.impl.AbstractPseudoInstruction$ExceptionCatchImpl::<init> (44 bytes)
126  822       3       jdk.internal.classfile.impl.BufWriterImpl::writeInt (58 bytes)
127  821       3       jdk.internal.classfile.impl.AbstractPseudoInstruction::<init> (5 bytes)
127  823       3       java.lang.ref.SoftReference::get (29 bytes)
127  825       3       jdk.internal.reflect.ConstantPool::getUTF8At (10 bytes)
127  824       3       jdk.internal.access.SharedSecrets::getJavaLangAccess (4 bytes)
127  810       3       java.lang.invoke.MethodTypeForm::canonicalize (59 bytes)
127  370       3       jdk.internal.classfile.impl.SplitConstantPool::utf8Entry (45 bytes)   made not entrant: not used
127  811       3       jdk.internal.util.ReferencedKeyMap::existingKey (32 bytes)
127  802       4       java.lang.invoke.MethodType::parameterType (7 bytes)
127  827       3       java.lang.Integer::numberOfLeadingZeros (79 bytes)
127  234       3       java.lang.invoke.MethodType::parameterType (7 bytes)   made not entrant: not used
127  788       4       jdk.internal.classfile.impl.AbstractElement::<init> (5 bytes)
127  828       3       java.util.ImmutableCollections$MapN::get (35 bytes)
127  451       3       jdk.internal.classfile.impl.AbstractElement::<init> (5 bytes)   made not entrant: not used
127  720       4       java.util.ArrayList$Itr::next (66 bytes)
127  826       3       java.util.ImmutableCollections$List12::<init> (20 bytes)
128  829       3       java.lang.invoke.MethodHandles$Lookup::lookupClassOrNull (17 bytes)
128  830       3       java.lang.reflect.Modifier::isProtected (12 bytes)
128  718       4       jdk.internal.classfile.impl.SplitConstantPool::utf8Entry (45 bytes)   made not entrant: uncommon trap
128  809       1       java.lang.classfile.ClassFile::latestMajorVersion (3 bytes)
128  518       3       java.util.ArrayList$Itr::next (66 bytes)   made not entrant: not used
128  774       4       jdk.internal.classfile.impl.ClassReaderImpl::checkType (23 bytes)
128  831       3       sun.reflect.annotation.AnnotationInvocationHandler::invoke (182 bytes)
128  834       3       java.lang.reflect.Array::newInstance (6 bytes)
129  836       3       java.lang.Class::reflectionData (43 bytes)
129  484       3       jdk.internal.classfile.impl.ClassReaderImpl::checkType (23 bytes)   made not entrant: not used
129  819       4       java.lang.String::toString (2 bytes)
129  835       3       java.util.List::of (64 bytes)
129  373       3       java.lang.String::toString (2 bytes)   made not entrant: not used
129  838       4       java.lang.StringLatin1::replace (197 bytes)
129  839       3       java.lang.Module::isNamed (13 bytes)
129  832       3       java.lang.Character::charCount (12 bytes)
129  833       3       java.lang.Math::ceil (5 bytes)
129  840       3       java.lang.Class::getReflectionFactory (18 bytes)
129  272       3       java.io.DataInputStream::readUTF (601 bytes)   made not entrant: C1 deoptimize for patching
129  841  s    3       java.io.ByteArrayInputStream::read (36 bytes)
129  842       3       java.io.DataInputStream::readUTF (601 bytes)
130  847       3       java.io.DataInputStream::readBoolean (13 bytes)
131  843   !   3       java.lang.String::<init> (852 bytes)
131  849     n 0       jdk.internal.misc.Unsafe::getLong (native)   
131  845  s    2       java.io.ByteArrayInputStream::read (73 bytes)
132  844       3       java.lang.String::<init> (22 bytes)
132  850       3       jdk.jfr.internal.MetadataLoader$FieldElement::<init> (93 bytes)
132  852       3       jdk.internal.misc.Unsafe::getLongUnaligned (173 bytes)
132  853       3       jdk.internal.misc.Unsafe::getIntUnaligned (83 bytes)
133  854       3       java.lang.Character::codePointAt (51 bytes)
133  855       3       java.lang.Character::isHighSurrogate (18 bytes)
133  856       3       java.lang.Character::isJavaIdentifierPart (9 bytes)
133  857       3       java.lang.CharacterDataLatin1::isJavaIdentifierPart (20 bytes)
133  859       3       java.util.List::of (4 bytes)
133  860       3       java.util.ArrayList::grow (60 bytes)
134  861       3       java.lang.String::indexOf (65 bytes)
134  864       3       jdk.internal.module.Checks::isJavaIdentifier (76 bytes)
134  865       3       java.lang.Number::<init> (5 bytes)
134  862       1       jdk.jfr.ValueDescriptor::isArray (5 bytes)
134  341       3       java.lang.StringLatin1::replace (197 bytes)   made not entrant: not used
134  848       4       java.io.DataInputStream::readFully (59 bytes)
134  863       3       java.lang.Class::privateGetDeclaredMethods (56 bytes)
134  866       1       jdk.jfr.internal.Type::getName (5 bytes)
134  867       3       java.util.ArrayList::toArray (12 bytes)
135  869       3       java.lang.CharacterDataLatin1::isJavaIdentifierStart (23 bytes)
135  871       3       java.lang.Class::forName (8 bytes)
135  872       3       jdk.jfr.internal.Type::getFields (37 bytes)
135  873       3       jdk.jfr.internal.PrivateAccess::getInstance (15 bytes)
135  874       3       jdk.jfr.AnnotationElement::checkType (26 bytes)
135  875       3       jdk.jfr.internal.util.Utils::unboxType (82 bytes)
135  876       3       jdk.jfr.EventSettings$InternalAccess::newAnnotation (11 bytes)
135  877       3       java.util.ArrayList::set (24 bytes)
135  870       3       jdk.internal.loader.AbstractClassLoaderValue::map (20 bytes)
135  878       3       sun.reflect.annotation.AnnotationType::getInstance (65 bytes)
136  879       3       java.lang.System$1::getAnnotationType (5 bytes)
136  880       3       java.util.LinkedHashMap$LinkedKeyIterator::next (8 bytes)
136  881       3       java.util.LinkedHashMap$LinkedHashIterator::<init> (52 bytes)
136  882       3       java.util.Collections$UnmodifiableCollection::size (10 bytes)
136  886       3       jdk.jfr.AnnotationElement::<init> (308 bytes)
137  887       3       java.util.ImmutableCollections::listFromArray (39 bytes)
138  883       3       java.util.Collections$UnmodifiableList::get (11 bytes)
138  884       3       jdk.jfr.internal.MetadataLoader::newAnnotation (25 bytes)
138  888     n 0       jdk.jfr.internal.JVM::getTypeId (native)   (static)
138  885       3       jdk.jfr.internal.AnnotationConstruct::<init> (18 bytes)
138  889       3       jdk.jfr.internal.Type::setAnnotations (9 bytes)
139  894       3       jdk.jfr.internal.Type::add (17 bytes)
139  893       3       java.util.LinkedHashMap::get (29 bytes)
139  897       3       jdk.jfr.internal.Type::getKnownType (51 bytes)
139  895       3       jdk.jfr.internal.util.Utils::ensureJavaIdentifier (42 bytes)
139  896       3       jdk.jfr.EventSettings$InternalAccess::newValueDescriptor (17 bytes)
140  902       3       java.util.LinkedHashMap::sequencedKeySet (31 bytes)
140  898       3       jdk.jfr.ValueDescriptor::<init> (101 bytes)
140  904     n 0       java.lang.invoke.MethodHandle::linkToVirtual(LL)J (native)   (static)
140  899       3       java.util.LinkedHashMap$LinkedKeySet::iterator (16 bytes)
140  900       3       java.util.LinkedHashMap$LinkedKeyIterator::<init> (14 bytes)
140  892       3       java.lang.invoke.DirectMethodHandle::internalMemberName (8 bytes)
140  903       3       sun.invoke.util.Wrapper::forPrimitiveType (122 bytes)
141  891       3       jdk.internal.loader.AbstractClassLoaderValue::<init> (5 bytes)
141  906       3       java.lang.invoke.LambdaForm::forceInterpretation (14 bytes)
141  907     n 0       java.lang.invoke.MethodHandle::linkToStatic(LLLL)I (native)   (static)
141  890       3       jdk.jfr.internal.AnnotationConstruct::setAnnotationElements (9 bytes)
141  908       3       jdk.internal.classfile.impl.DirectCodeBuilder::aload (32 bytes)
141  909       3       java.lang.Class::isInterface (8 bytes)
141  910       3       java.lang.reflect.Modifier::isInterface (14 bytes)
141  911       2       jdk.internal.classfile.impl.SplitConstantPool::utf8Entry (45 bytes)
142  912       3       jdk.internal.classfile.impl.BytecodeHelpers::ldcOpcode (41 bytes)
142  913       3       jdk.internal.classfile.impl.DirectCodeBuilder::writeDirectLoadConstant (77 bytes)
142  914       3       jdk.internal.classfile.impl.DirectCodeBuilder::ldc (23 bytes)
142  915       1       jdk.jfr.internal.Type::getId (5 bytes)
142  916       3       jdk.jfr.internal.TypeLibrary$$Lambda/0x00000c000106d5c8::applyAsLong (8 bytes)
142  918       3       java.util.Comparator::lambda$comparingLong$6043328a$1 (18 bytes)
142  917       3       java.util.Comparator$$Lambda/0x00000c000106e070::compare (10 bytes)
142  919       3       java.lang.Long::compare (22 bytes)
142  920       3       jdk.internal.classfile.impl.BufWriterImpl::writeU2U2 (61 bytes)
142  922       3       jdk.internal.constant.ConstantUtils::referenceClassDesc (20 bytes)
143  924     n 0       java.lang.invoke.MethodHandle::linkToVirtual(LLL)V (native)   (static)
143  921       3       java.lang.invoke.MemberName::getModifiers (8 bytes)
143  926       3       java.lang.invoke.MemberName::isConstructor (8 bytes)
143  923       3       java.lang.invoke.LambdaForm::uncustomize (57 bytes)
143  925       3       java.lang.invoke.LambdaForm$BasicType::basicType (187 bytes)
143  928       3       java.lang.invoke.Invokers$Holder::linkToTargetMethod (9 bytes)
143  927       3       java.util.ArrayDeque$$Lambda/0x00000c000106e7a8::accept (9 bytes)
143  929       1       jdk.jfr.internal.AnnotationConstruct::getUnmodifiableAnnotationElements (5 bytes)
143  931       3       java.util.ArrayDeque::size (17 bytes)
143  932       3       java.util.ArrayDeque::sub (14 bytes)
143  930       1       jdk.jfr.AnnotationElement::getType (5 bytes)
143  937       3       java.util.ArrayDeque$$Lambda/0x00000c000106e7a8::<init> (10 bytes)
143  939       3       java.lang.Iterable::forEach (39 bytes)
144  934       3       java.util.ArrayDeque::isEmpty (17 bytes)
144  940       3       jdk.jfr.internal.Type::getAnnotationElements (8 bytes)
144  941       3       jdk.jfr.AnnotationElement::getAnnotationElements (8 bytes)
144  942       3       java.util.ArrayDeque::addAll (50 bytes)
144  935       3       java.util.ArrayDeque::copyElements (13 bytes)
144  936       3       jdk.jfr.EventSettings$InternalAccess::getType (98 bytes)
144  938       3       java.lang.Long::hashCode (8 bytes)
145  943       1       jdk.jfr.ValueDescriptor::getType (5 bytes)
145  945       3       java.util.ImmutableCollections$List12::forEach (31 bytes)
145  246       3       java.io.DataInputStream::readFully (59 bytes)   made not entrant: not used
145  905       4       java.lang.invoke.MethodType::parameterCount (6 bytes)
145  946       3       jdk.jfr.internal.TypeLibrary::visitAnnotations (92 bytes)
145  327       3       java.lang.invoke.MethodType::parameterCount (6 bytes)   made not entrant: not used
145  846       4       java.util.Objects::checkFromIndexSize (8 bytes)
145  949       3       java.util.ArrayDeque::grow (165 bytes)
145  242       3       java.util.Objects::checkFromIndexSize (8 bytes)   made not entrant: not used
145  868       4       java.lang.CharacterData::of (136 bytes)
146  437       3       java.lang.CharacterData::of (136 bytes)   made not entrant: not used
146  858       4       java.lang.CharacterDataLatin1::getProperties (11 bytes)
146  947       3       java.util.ArrayDeque::<init> (35 bytes)
146  948       3       java.util.ArrayDeque::<init> (16 bytes)
146  447       3       java.lang.CharacterDataLatin1::getProperties (11 bytes)   made not entrant: not used
146  837       4       sun.reflect.generics.parser.SignatureParser::current (59 bytes)
146  950       3       jdk.jfr.ValueDescriptor::getAnnotationElements (8 bytes)
146  956       3       java.util.Collections::unmodifiableList (51 bytes)
146  954       3       java.lang.Long::valueOf (40 bytes)
146  436       3       sun.reflect.generics.parser.SignatureParser::current (59 bytes)   made not entrant: not used
146  955       4       java.util.ArrayDeque::addLast (51 bytes)
146  951       3       java.util.Collections$UnmodifiableCollection::<init> (22 bytes)
147  952       3       java.util.Collections$UnmodifiableRandomAccessList::<init> (6 bytes)
147  953       3       java.util.Collections$UnmodifiableList::<init> (11 bytes)
147  957       1       jdk.jfr.internal.PlatformEventType::getAllSettings (5 bytes)
147  960       3       java.lang.Long::hashCode (8 bytes)
147  962       2       java.util.HashMap::containsKey (14 bytes)
147  806       3       java.util.ArrayDeque::addLast (51 bytes)   made not entrant: not used
147  961       4       java.util.HashMap::getNode (150 bytes)
147  964       3       jdk.jfr.internal.TypeLibrary$$Lambda/0x00000c000106e318::test (8 bytes)
147  966       3       jdk.jfr.internal.TypeLibrary::lambda$initialize$0 (24 bytes)
147  965       3       java.lang.Long::equals (32 bytes)
148  963       1       java.lang.Long::longValue (5 bytes)
149  971       3       java.lang.Class::isAnnotation (17 bytes)
149  972       3       jdk.internal.loader.AbstractClassLoaderValue::sub (10 bytes)
149  974       3       jdk.internal.util.ArraysSupport::hashCode (42 bytes)
149  976       3       java.util.HashMap$KeySet::iterator (12 bytes)
149  977       3       java.util.HashMap$KeyIterator::<init> (13 bytes)
149   90       3       java.util.HashMap::getNode (150 bytes)   made not entrant: not used
149  968       4       java.util.ArrayDeque::isEmpty (17 bytes)
149  979       3       jdk.internal.classfile.impl.EntryMap::nextToken (37 bytes)
149  934       3       java.util.ArrayDeque::isEmpty (17 bytes)   made not entrant: not used
149  969       4       java.util.ArrayDeque::pollFirst (36 bytes)
149  980       3       jdk.internal.classfile.impl.BufWriterImpl::patchInt (41 bytes)
149  975       3       java.lang.reflect.AccessibleObject::<init> (5 bytes)
149  981       3       java.lang.classfile.Attributes::stackMapTable (4 bytes)
149  973       3       java.util.Arrays::hashCode (15 bytes)
149  978       3       java.lang.reflect.Executable::<init> (5 bytes)
150  573       3       java.util.ArrayDeque::pollFirst (36 bytes)   made not entrant: not used
150  982       1       jdk.internal.classfile.impl.StackCounter::maxStack (5 bytes)
150  970       4       java.util.ArrayDeque::poll (5 bytes)
150  984       3       jdk.internal.reflect.ReflectionFactory::copyMethod (11 bytes)
150  985       3       java.lang.reflect.ReflectAccess::copyMethod (5 bytes)
150  986       3       java.lang.reflect.Method::copy (92 bytes)
150  987       3       java.lang.reflect.Method::<init> (68 bytes)
150  574       3       java.util.ArrayDeque::poll (5 bytes)   made not entrant: not used
150  933       4       java.util.ImmutableCollections$ListN::size (6 bytes)
150  988       3       java.nio.HeapByteBuffer::get (14 bytes)
150  634       3       java.util.ImmutableCollections$ListN::size (6 bytes)   made not entrant: not used
150  959       4       java.util.ImmutableCollections$ListItr::hasNext (17 bytes)
150  991       3       jdk.internal.constant.MethodTypeDescImpl::ofValidated (27 bytes)
150  429       3       java.util.ImmutableCollections$ListItr::hasNext (17 bytes)   made not entrant: not used
150  958       4       java.util.HashMap::put (13 bytes)
150  989       3       java.nio.Buffer::nextGetIndex (30 bytes)
151  990       3       java.nio.HeapByteBuffer::ix (7 bytes)
151  994       3       java.lang.reflect.Modifier::isPublic (12 bytes)
151  992       3       jdk.internal.classfile.impl.RawBytecodeHelper::getIndexU1 (11 bytes)
151  996       3       sun.reflect.annotation.AnnotationParser::parseSig (62 bytes)
151  997       3       sun.reflect.generics.parser.SignatureParser::make (8 bytes)
151  999       3       java.lang.Class::getInterfaces (40 bytes)
151  998       3       sun.reflect.generics.parser.SignatureParser::<init> (5 bytes)
151 1003       3       jdk.jfr.internal.Type::getKnownType (65 bytes)
152 1001       3       java.util.LinkedHashMap::entrySet (5 bytes)
152  983       1       jdk.internal.classfile.impl.StackCounter::maxLocals (5 bytes)
152 1004       1       java.lang.Boolean::booleanValue (5 bytes)
152  995       1       java.lang.invoke.MethodType::rtype (5 bytes)
152 1005       3       jdk.jfr.internal.Type::getTypeId (21 bytes)
152 1006       3       jdk.jfr.AnnotationElement::getTypeId (8 bytes)
152 1007       3       java.lang.StringLatin1::indexOf (121 bytes)
152 1010       3       java.util.LinkedHashMap::sequencedEntrySet (31 bytes)
152 1008       3       java.util.LinkedHashMap$LinkedEntrySet::iterator (16 bytes)
152 1009       3       java.util.LinkedHashMap$LinkedEntryIterator::<init> (14 bytes)
153 1012       3       jdk.jfr.AnnotationElement::getTypeName (8 bytes)
153 1011       1       jdk.jfr.ValueDescriptor::getName (5 bytes)
153 1013       3       jdk.jfr.internal.EventControl::remove (76 bytes)
153 1014       3       jdk.jfr.internal.AnnotationConstruct::getAnnotationElement (127 bytes)
153 1016       3       jdk.jfr.internal.Type::hasAnnotation (17 bytes)
153 1017       1       jdk.jfr.internal.PlatformEventType::hasPeriod (5 bytes)
153 1019       3       java.util.Collections::emptyList (4 bytes)
153 1020       3       java.util.ArrayList::fastRemove (44 bytes)
153 1022       3       jdk.internal.util.DecimalDigits::uncheckedPutCharLatin1 (40 bytes)
154 1018       1       java.util.Collections$EmptyList::isEmpty (2 bytes)
154 1021       1       jdk.jfr.AnnotationElement::getValues (5 bytes)
154 1024       1       jdk.jfr.internal.PlatformEventType::isJVM (5 bytes)
154 1025       3       jdk.jfr.internal.util.Utils::findField (44 bytes)
155 1026       3       java.util.ArrayList::remove (76 bytes)
155 1027       1       jdk.jfr.internal.PlatformEventType::setHasCutoff (6 bytes)
155 1028       1       jdk.jfr.internal.PlatformEventType::setHasThrottle (6 bytes)
155 1029       1       jdk.jfr.internal.PlatformEventType::setHasLevel (6 bytes)
155 1030       1       jdk.jfr.internal.PlatformEventType::setHasPeriod (6 bytes)
155 1031       1       jdk.jfr.internal.PlatformEventType::hasCutoff (5 bytes)
155 1034     n 0       jdk.internal.misc.Unsafe::getLongVolatile (native)   
155   84       3       java.util.HashMap::put (13 bytes)   made not entrant: not used
155  993       4       java.util.LinkedHashMap$LinkedHashIterator::hasNext (13 bytes)
155 1032       1       jdk.jfr.internal.PlatformEventType::hasThrottle (5 bytes)
155 1033       1       jdk.jfr.internal.PlatformEventType::hasLevel (5 bytes)
155  228       3       java.util.LinkedHashMap$LinkedHashIterator::hasNext (13 bytes)   made not entrant: not used
155 1000       4       java.util.LinkedHashMap$LinkedHashIterator::nextNode (68 bytes)
155  231       3       java.util.LinkedHashMap$LinkedHashIterator::nextNode (68 bytes)   made not entrant: not used
156 1015       4       java.util.LinkedHashMap$LinkedEntryIterator::next (5 bytes)
156 1035       3       sun.reflect.generics.parser.SignatureParser::parsePackageNameAndSimpleClassTypeSignature (119 bytes)
156  229       3       java.util.LinkedHashMap$LinkedEntryIterator::next (5 bytes)   made not entrant: not used
156 1023   !   4       java.util.ImmutableCollections$ListItr::next (34 bytes)
156 1037     n 0       java.lang.invoke.MethodHandle::linkToStatic(IL)L (native)   (static)
156 1038       3       java.lang.invoke.LambdaForm$Name::withIndex (35 bytes)
156 1039     n 0       java.lang.invoke.MethodHandle::invokeBasic(L)I (native)   
156 1040     n 0       java.lang.invoke.MethodHandle::linkToSpecial(LLL)I (native)   (static)
156 1041       3       jdk.internal.classfile.impl.DirectCodeBuilder::fieldAccess (14 bytes)
157 1042       3       jdk.internal.classfile.impl.StackMapGenerator::processFieldInstructions (140 bytes)
157  627   !   3       java.util.ImmutableCollections$ListItr::next (34 bytes)   made not entrant: not used
157  944       4       java.util.ImmutableCollections$ListN::get (7 bytes)
157 1043     n 0       java.lang.invoke.MethodHandle::linkToStatic(LLLLLL)L (native)   (static)
157  701       3       java.util.ImmutableCollections$ListN::get (7 bytes)   made not entrant: not used
157  901       4       java.lang.Character::codePointAt (51 bytes)
157 1045     n 0       java.lang.invoke.MethodHandle::invokeBasic(LLLLL)L (native)   
157 1046       3       java.lang.StringBuilder::append (8 bytes)
157 1047       3       java.lang.AbstractStringBuilder::append (102 bytes)
157 1048       3       jdk.internal.classfile.impl.UnboundAttribute::writeTo (12 bytes)
157  854       3       java.lang.Character::codePointAt (51 bytes)   made not entrant: not used
157 1036       4       sun.reflect.generics.parser.SignatureParser::advance (53 bytes)
157 1050       3       java.lang.invoke.MemberName::isStatic (8 bytes)
158 1051       3       java.lang.invoke.MethodTypeForm::cachedLambdaForm (23 bytes)
158 1052       3       java.lang.invoke.MethodHandle::<init> (37 bytes)
158  446       3       sun.reflect.generics.parser.SignatureParser::advance (53 bytes)   made not entrant: not used
158 1002       4       java.lang.CharacterDataLatin1::isJavaIdentifierPart (20 bytes)
158 1049       3       java.lang.invoke.MemberName::getName (25 bytes)
158  857       3       java.lang.CharacterDataLatin1::isJavaIdentifierPart (20 bytes)   made not entrant: not used
158  727       4       jdk.internal.classfile.impl.DirectCodeBuilder::labelToBci (27 bytes)
158 1053       3       java.lang.invoke.MethodType::basicType (8 bytes)
158 1054       3       java.lang.invoke.MemberName::isCallerSensitive (8 bytes)
158 1044       3       java.lang.invoke.MemberName$Factory::resolveOrFail (83 bytes)
158  432       3       jdk.internal.classfile.impl.DirectCodeBuilder::labelToBci (27 bytes)   made not entrant: not used
158  736       4       jdk.internal.classfile.impl.SplitConstantPool::tryFindUtf8 (103 bytes)
158 1056       3       java.lang.Class::getAnnotation (22 bytes)
158 1057       3       java.lang.PublicMethods$MethodList::getMostSpecific (63 bytes)
159 1059       3       java.lang.invoke.Invokers$Holder::invokeExact_MT (23 bytes)
159 1060       3       java.lang.invoke.Invokers::checkExactType (17 bytes)
159 1063       3       jdk.internal.classfile.impl.DirectClassBuilder::withMethod (54 bytes)
159 1065       3       java.util.ImmutableCollections$List12::<init> (21 bytes)
159 1061       3       java.lang.invoke.Invokers::checkCustomized (23 bytes)
159 1068       3       java.lang.PublicMethods$MethodList::<init> (10 bytes)
159 1058       3       java.lang.Module::implIsExportedOrOpen (92 bytes)
159 1069       3       java.lang.invoke.LambdaForm$MH/0x00000c0001040c00::invoke (25 bytes)
160 1071       3       java.lang.Class::getMethodsRecursive (104 bytes)
160  961       4       java.util.HashMap::getNode (150 bytes)   made not entrant: uncommon trap
161 1070       3       jdk.internal.classfile.impl.AbstractPoolEntry$Utf8EntryImpl::charAt (62 bytes)
162 1072       3       java.lang.invoke.MemberName::isResolved (13 bytes)
162 1066       1       jdk.internal.classfile.impl.BufWriterImpl::labelContext (5 bytes)
162 1067       1       jdk.internal.classfile.impl.DirectCodeBuilder::methodInfo (5 bytes)
162 1073     n 0       java.lang.Class::getConstantPool (native)   
162 1055       1       jdk.internal.util.ClassFileDumper::isEnabled (5 bytes)
162  936       3       jdk.jfr.EventSettings$InternalAccess::getType (98 bytes)   made not entrant: C1 deoptimize for patching
162 1076     n 0       jdk.internal.reflect.Reflection::getCallerClass (native)   (static)
162 1078       3       java.lang.Class::getMethod (38 bytes)
163 1080       3       java.lang.String::indexOf (64 bytes)
163 1079       3       java.lang.Class::getMethod0 (32 bytes)
164 1084   !   3       sun.reflect.annotation.AnnotationParser::parseAnnotation2 (275 bytes)
164 1085       2       jdk.jfr.EventSettings$InternalAccess::getType (98 bytes)
164 1082       3       java.lang.WeakPairMap::expungeStaleAssociations (31 bytes)
165 1088       3       java.lang.PublicMethods$MethodList::filter (104 bytes)
165 1081       3       java.lang.StringLatin1::indexOf (25 bytes)
165 1086       3       java.lang.reflect.Method::getParameterCount (6 bytes)
165 1077       1       java.lang.reflect.Method::getRoot (5 bytes)
165 1083       1       java.util.Collections$EmptyMap::get (2 bytes)
165  395       3       jdk.internal.classfile.impl.SplitConstantPool::tryFindUtf8 (103 bytes)   made not entrant: not used
165 1089       3       java.lang.Class::annotationData (44 bytes)
165 1074       4       java.util.HashMap::getNode (150 bytes)
166 1090       3       java.lang.WeakPairMap::get (17 bytes)
166 1087       1       java.lang.reflect.Field::getType (5 bytes)
166 1095       3       java.lang.WeakPairMap$Pair::hashCode (10 bytes)
166 1097       3       java.lang.WeakPairMap$Pair$Lookup::hashCode (12 bytes)
166 1091       3       java.lang.invoke.Invokers::maybeCustomize (5 bytes)
166 1092       3       java.lang.invoke.MethodHandle::maybeCustomize (38 bytes)
166 1093       3       java.lang.invoke.DirectMethodHandle$Holder::invokeSpecial (15 bytes)
167 1098       3       java.lang.WeakPairMap$Pair::equals (34 bytes)
167 1099       3       java.lang.WeakPairMap$Pair$Lookup::equals (31 bytes)
167 1094       1       java.lang.reflect.Field::getModifiers (5 bytes)
167 1100       3       java.lang.Module::isExplicitlyExportedOrOpened (70 bytes)
167 1102       3       sun.reflect.generics.parser.SignatureParser::parseTypeSignature (130 bytes)
167 1096       1       java.lang.reflect.Field::getName (5 bytes)
167 1103       3       sun.reflect.generics.parser.SignatureParser::parseFieldTypeSignature (6 bytes)
167 1104       3       sun.reflect.generics.parser.SignatureParser::parseFieldTypeSignature (73 bytes)
167 1105       3       sun.reflect.generics.parser.SignatureParser::parseClassTypeSignature (95 bytes)
168 1109       4       jdk.jfr.internal.Type::getKnownType (65 bytes)
168 1106       3       sun.reflect.generics.tree.SimpleClassTypeSignature::<init> (20 bytes)
168 1107       3       sun.reflect.generics.parser.SignatureParser::parseClassTypeSignatureSuffix (29 bytes)
168 1114       3       java.util.ArrayList::indexOfRange (71 bytes)
168 1111       3       jdk.jfr.internal.TypeLibrary$$Lambda/0x00000c0001072ec0::test (8 bytes)
168 1110       3       java.lang.WeakPairMap$Pair$Weak::first (5 bytes)
168 1101       3       java.lang.reflect.Modifier::isPrivate (12 bytes)
168 1115       3       java.lang.WeakPairMap$Pair$Weak::second (8 bytes)
168 1118       3       sun.reflect.generics.tree.SimpleClassTypeSignature::make (11 bytes)
169 1117   !   3       java.lang.reflect.Executable::declaredAnnotations (85 bytes)
169 1112       3       java.util.ArrayList::contains (14 bytes)
169 1119       3       jdk.internal.classfile.impl.StackMapDecoder::writeFrame (376 bytes)
169 1121       3       jdk.internal.classfile.impl.ClassFileImpl::passDebugElements (23 bytes)
169 1122       3       java.lang.classfile.Attributes::code (4 bytes)
170 1124       3       jdk.internal.classfile.impl.AbstractPoolEntry$ClassEntryImpl::asSymbol (53 bytes)
170 1003       3       jdk.jfr.internal.Type::getKnownType (65 bytes)   made not entrant: not used
170 1062       4       java.lang.CharacterDataLatin1::isWhitespace (23 bytes)
170 1130       3       jdk.internal.reflect.ReflectionFactory::getExecutableSharedParameterTypes (11 bytes)
170  547       3       java.lang.CharacterDataLatin1::isWhitespace (23 bytes)   made not entrant: not used
170 1075       4       java.util.ImmutableCollections$AbstractImmutableList::iterator (13 bytes)
170 1131       3       java.lang.reflect.ReflectAccess::getExecutableSharedParameterTypes (5 bytes)
170 1123       3       jdk.internal.classfile.impl.StackCounter::ensureLocalSlot (16 bytes)
170 1125       3       java.lang.Module::isReflectivelyExportedOrOpened (182 bytes)
171  608       3       java.util.ImmutableCollections$AbstractImmutableList::iterator (13 bytes)   made not entrant: not used
171 1108       4       jdk.jfr.internal.PrivateAccess::getInstance (15 bytes)
171 1126       3       jdk.internal.classfile.impl.BufWriterImpl::writeIndexOrZero (10 bytes)
171  873       3       jdk.jfr.internal.PrivateAccess::getInstance (15 bytes)   made not entrant: not used
171 1116       4       java.lang.Class::cast (27 bytes)
171 1134       3       java.lang.invoke.LambdaForm$MH/0x00000c0001041000::invoke (35 bytes)
171 1113       3       java.util.ArrayList::indexOf (11 bytes)
171 1129       3       jdk.internal.classfile.impl.BufWriterImpl::cpIndexOrZero (21 bytes)
171  379       3       java.lang.Class::cast (27 bytes)   made not entrant: not used
171  967       4       java.lang.Long::hashCode (8 bytes)
172  938       3       java.lang.Long::hashCode (8 bytes)   made not entrant: not used
172 1064       4       java.lang.invoke.Invokers$Holder::linkToTargetMethod (9 bytes)
172 1133       1       java.lang.reflect.Field::getDeclaringClass (5 bytes)
172 1120       3       java.lang.Float::isNaN (12 bytes)
172  928       3       java.lang.invoke.Invokers$Holder::linkToTargetMethod (9 bytes)   made not entrant: not used
172  771       4       jdk.internal.classfile.impl.ClassReaderImpl::entryByIndex (809 bytes)
172 1135       3       java.lang.Module::isExported (18 bytes)
172 1132       1       java.util.Collections$SingletonList::size (2 bytes)
172 1136       3       jdk.internal.misc.VM::isSystemDomainLoader (17 bytes)
172 1137       3       java.lang.Boolean::valueOf (14 bytes)
172 1139       3       jdk.jfr.internal.Type::getField (68 bytes)
173 1092       3       java.lang.invoke.MethodHandle::maybeCustomize (38 bytes)   made not entrant: C1 deoptimize for patching
173 1140       3       jdk.internal.loader.AbstractClassLoaderValue$Sub::hashCode (19 bytes)
173 1138       3       jdk.jfr.internal.TypeLibrary::defineType (110 bytes)
173 1141       3       jdk.internal.module.Modules::addExports (12 bytes)
173 1142       3       java.lang.System$1::addExports (7 bytes)
173 1144       1       java.lang.invoke.LambdaForm$Name::index (5 bytes)
173 1128       1       jdk.internal.classfile.impl.UnboundAttribute$UnboundExceptionsAttribute::exceptions (5 bytes)
174 1147       3       sun.invoke.util.VerifyType::isNullConversion (157 bytes)
174 1148       3       java.lang.invoke.MethodHandle::maybeCustomize (38 bytes)
174 1151       3       jdk.internal.classfile.impl.StackMapGenerator$Frame::getLocalRawInternal (13 bytes)
174 1149   !   3       jdk.proxy1.$Proxy6::annotationType (28 bytes)
174 1152       3       jdk.internal.classfile.impl.AbstractPoolEntry$Utf8EntryImpl::clone (6 bytes)
174 1150       1       java.lang.invoke.LambdaForm$BasicType::basicTypeKind (5 bytes)
175 1153       1       java.lang.classfile.ClassFile::latestMinorVersion (2 bytes)
175 1154       1       jdk.internal.classfile.impl.DirectClassBuilder::setFlags (6 bytes)
175 1157       3       java.util.HashMap::putMapEntries (170 bytes)
175 1160  s    3       jdk.jfr.internal.TypeLibrary::createAnnotationType (148 bytes)
176 1163       3       jdk.internal.classfile.impl.ClassReaderImpl::skipAttributeHolder (113 bytes)
176 1161       3       jdk.jfr.internal.TypeLibrary::shouldPersist (21 bytes)
176 1159       3       sun.reflect.annotation.AnnotationParser::annotationForMap (28 bytes)
176 1165       3       sun.reflect.generics.tree.ClassTypeSignature::accept (8 bytes)
176 1166       3       sun.reflect.generics.visitor.Reifier::visitClassTypeSignature (381 bytes)
177 1167       3       java.lang.StringBuilder::<init> (6 bytes)
177 1168       3       java.lang.AbstractStringBuilder::<init> (68 bytes)
177 1169       3       java.lang.StringBuilder::append (6 bytes)
177 1170   !   3       sun.reflect.generics.factory.CoreReflectionFactory::makeNamedType (21 bytes)
177 1171       3       sun.reflect.generics.factory.CoreReflectionFactory::getDeclsLoader (87 bytes)
177 1164       3       jdk.internal.loader.AbstractClassLoaderValue::extractValue (17 bytes)
177 1158   !   3       java.lang.reflect.Field::declaredAnnotations (82 bytes)
178 1172       3       jdk.internal.loader.AbstractClassLoaderValue$Sub::equals (55 bytes)
178 1173       3       java.lang.Module::implAddExports (9 bytes)
178 1176     n 0       java.lang.invoke.MethodHandle::invokeBasic(I)V (native)   
178 1174       3       java.lang.invoke.MemberName::flagsMods (45 bytes)
178 1175       3       java.lang.invoke.MemberName::init (53 bytes)
178 1177       3       java.lang.invoke.LambdaForm$NamedFunction::methodType (28 bytes)
178 1178       1       jdk.internal.classfile.impl.AnnotationImpl::className (5 bytes)
178  842       3       java.io.DataInputStream::readUTF (601 bytes)   made not entrant: marked for deoptimization
179 1162       4       java.lang.Long::hashCode (8 bytes)
179 1179       3       jdk.internal.constant.ConstantUtils::dropFirstAndLastChar (12 bytes)
179  960       3       java.lang.Long::hashCode (8 bytes)   made not entrant: not used
179 1155       4       java.lang.Long::valueOf (40 bytes)
179 1180     n 0       java.lang.invoke.MethodHandle::linkToSpecial(LL)J (native)   (static)
179 1181       3       java.lang.invoke.LambdaForm$BasicType::basicType (8 bytes)
179 1186   !   3       jdk.internal.classfile.impl.StackMapGenerator::detectFrames (498 bytes)
179  954       3       java.lang.Long::valueOf (40 bytes)   made not entrant: not used
179 1146       4       java.util.ArrayList::add (25 bytes)
179  918       3       java.util.Comparator::lambda$comparingLong$6043328a$1 (18 bytes)   made not entrant: marked for deoptimization
179  917       3       java.util.Comparator$$Lambda/0x00000c000106e070::compare (10 bytes)   made not entrant: marked for deoptimization
179  815       3       jdk.internal.classfile.impl.StackCounter::next (68 bytes)   made not entrant: marked for deoptimization
180  946       3       jdk.jfr.internal.TypeLibrary::visitAnnotations (92 bytes)   made not entrant: marked for deoptimization
180 1184       3       jdk.internal.classfile.impl.DirectCodeBuilder::processDeferredLabels (109 bytes)
180 1182       3       sun.invoke.util.Wrapper::basicTypeChar (18 bytes)
180 1187       3       jdk.internal.classfile.impl.DirectMethodBuilder::writeTo (33 bytes)
181 1188       3       jdk.internal.classfile.impl.DirectCodeBuilder$4::writeBody (243 bytes)
181  564       3       java.util.ArrayList::add (25 bytes)   made not entrant: not used
181 1145       4       java.util.List::of (4 bytes)
181  859       3       java.util.List::of (4 bytes)   made not entrant: not used
181 1143       4       jdk.internal.util.ArraysSupport::hashCodeOfUnsigned (55 bytes)
181 1189       3       jdk.internal.classfile.impl.ClassFileImpl::stackMapsWhenRequired (23 bytes)
181  177       3       jdk.internal.util.ArraysSupport::hashCodeOfUnsigned (55 bytes)   made not entrant: not used
181 1127       4       jdk.internal.constant.MethodTypeDescImpl::parameterType (7 bytes)
182 1190       3       jdk.internal.classfile.impl.BufWriterImpl::bytecodeView (12 bytes)
182 1185       3       jdk.internal.classfile.impl.DirectCodeBuilder$4::<init> (16 bytes)
182  466       3       jdk.internal.constant.MethodTypeDescImpl::parameterType (7 bytes)   made not entrant: not used
182 1183       3       jdk.internal.classfile.impl.Util::maxLocals (18 bytes)
182 1156       4       java.util.HashMap::containsKey (14 bytes)
182 1192       1       jdk.jfr.internal.Type::isVisible (5 bytes)
182 1191       1       java.lang.invoke.InfoFromMemberName::getReferenceKind (5 bytes)
182 1193       3       jdk.jfr.internal.Type::compareTo (9 bytes)
182 1194       3       jdk.jfr.internal.Type::compareTo (12 bytes)
183 1155       4       java.lang.Long::valueOf (40 bytes)   made not entrant: uncommon trap
183 1195       3       jdk.internal.util.DecimalDigits::stringSize (55 bytes)
183 1196       3       jdk.internal.util.DecimalDigits::uncheckedGetCharsLatin1 (160 bytes)
183 1200       3       java.lang.Long::valueOf (40 bytes)
183 1198       3       jdk.internal.util.DecimalDigits::uncheckedPutPairLatin1 (31 bytes)
183 1202       3       java.lang.String::valueOf (15 bytes)
183 1204       3       jdk.jfr.internal.MetadataDescriptor$Element::addAttribute (23 bytes)
183 1205       3       jdk.jfr.internal.MetadataDescriptor$Attribute::<init> (15 bytes)
183 1206       3       java.lang.Long::toString (55 bytes)
184 1197       3       java.lang.Boolean::toString (8 bytes)
184 1209       3       jdk.jfr.internal.MetadataDescriptor$Element::newChild (22 bytes)
184 1213       3       jdk.jfr.internal.MetadataWriter::makeAnnotation (115 bytes)
184 1210       3       java.lang.Long::toString (8 bytes)
184 1208       3       jdk.jfr.internal.MetadataDescriptor$Element::<init> (32 bytes)
184 1215       3       jdk.jfr.internal.MetadataWriter::makeFieldElement (114 bytes)
184  962       2       java.util.HashMap::containsKey (14 bytes)   made not entrant: not used
184 1207       4       jdk.jfr.AnnotationElement::getTypeId (8 bytes)
184 1006       3       jdk.jfr.AnnotationElement::getTypeId (8 bytes)   made not entrant: not used
185 1203       4       java.lang.String::<init> (15 bytes)
185 1214       3       jdk.jfr.AnnotationElement::getValueDescriptors (11 bytes)
185  241       3       java.lang.String::<init> (15 bytes)   made not entrant: not used
185 1220       4       jdk.internal.util.DecimalDigits::uncheckedPutCharLatin1 (40 bytes)
185 1211       1       jdk.jfr.ValueDescriptor::isConstantPool (5 bytes)
185 1216       3       jdk.jfr.ValueDescriptor::getTypeId (8 bytes)
185 1217       3       jdk.jfr.EventSettings$InternalAccess::isConstantPool (5 bytes)
185 1022       3       jdk.internal.util.DecimalDigits::uncheckedPutCharLatin1 (40 bytes)   made not entrant: not used
185 1199       4       java.util.Collections$UnmodifiableCollection$1::hasNext (10 bytes)
185 1222       3       jdk.jfr.SettingDescriptor::getTypeId (8 bytes)
185 1223       3       java.util.ArrayList::elementAt (4 bytes)
185 1218       1       jdk.jfr.SettingDescriptor::getName (5 bytes)
185 1219       1       jdk.jfr.SettingDescriptor::getDefaultValue (5 bytes)
185 1221       1       jdk.jfr.internal.Type::getSuperType (5 bytes)
185  633       3       java.util.Collections$UnmodifiableCollection$1::hasNext (10 bytes)   made not entrant: not used
185 1212       4       java.lang.String::getBytes (44 bytes)
185 1226       3       jdk.jfr.SettingDescriptor::getAnnotationElements (8 bytes)
186 1227       3       jdk.jfr.internal.MetadataWriter$$Lambda/0x00000c000107c618::accept (12 bytes)
186 1229       3       jdk.internal.util.DecimalDigits::stringSize (47 bytes)
186 1233       3       java.lang.StringBuilder::append (8 bytes)
186   66       3       java.lang.String::getBytes (44 bytes)   made not entrant: not used
186 1224       4       jdk.jfr.internal.MetadataDescriptor$Element::addAttribute (23 bytes)
186 1234       3       java.lang.AbstractStringBuilder::append (72 bytes)
186 1230       3       jdk.internal.util.DecimalDigits::uncheckedGetCharsLatin1 (105 bytes)
186 1239       3       jdk.jfr.internal.MetadataWriter::buildStringPool (109 bytes)
186 1228       3       jdk.jfr.internal.MetadataWriter::lambda$new$0 (10 bytes)
186 1231       3       jdk.jfr.internal.util.Utils::isSettingVisible (45 bytes)
186 1232       3       jdk.jfr.internal.settings.ThresholdSetting::isType (14 bytes)
186 1236       1       jdk.jfr.internal.MetadataDescriptor$Attribute::name (5 bytes)
187 1237       1       jdk.jfr.internal.MetadataDescriptor$Attribute::value (5 bytes)
187 1240  s    3       java.io.ByteArrayOutputStream::write (32 bytes)
187 1243       3       java.io.DataOutputStream::incCount (20 bytes)
187 1244       3       jdk.jfr.internal.MetadataWriter::writeInt (148 bytes)
187 1241       3       java.io.ByteArrayOutputStream::ensureCapacity (32 bytes)
187 1245       3       jdk.jfr.internal.MetadataWriter::writeString (67 bytes)
187 1204       3       jdk.jfr.internal.MetadataDescriptor$Element::addAttribute (23 bytes)   made not entrant: not used
187 1238       4       java.util.HashSet::add (20 bytes)
188 1242  s    2       java.io.DataOutputStream::write (14 bytes)
188 1247       3       java.lang.Integer::valueOf (32 bytes)
188 1249       3       java.io.DataOutputStream::writeByte (14 bytes)
188 1248       3       java.lang.Integer::<init> (10 bytes)
188 1246       1       jdk.jfr.internal.consumer.StringParser$Encoding::byteValue (5 bytes)
189 1255       1       java.lang.Integer::intValue (5 bytes)
189 1256       3       jdk.jfr.internal.MetadataWriter::write (168 bytes)
192 1258       3       java.util.HashMap::<init> (8 bytes)
192 1260       3       jdk.internal.util.ArraysSupport::mismatch (103 bytes)
192 1262       3       java.util.HashMap::tableSizeFor (32 bytes)
192 1261       3       java.util.HashMap::<init> (98 bytes)
192 1263       3       java.lang.StrictMath::floorOrCeil (128 bytes)
193  115       3       java.util.HashSet::add (20 bytes)   made not entrant: not used
193 1264       3       java.lang.Math::getExponent (17 bytes)
193 1254       4       jdk.jfr.internal.MetadataWriter::writeString (67 bytes)
193 1265       3       java.lang.StrictMath::ceil (10 bytes)
193 1266       3       java.lang.String::substring (10 bytes)
193 1267       3       java.util.HashMap::calculateHashMapCapacity (11 bytes)
193 1268       3       java.util.HashSet::<init> (17 bytes)
193 1259       3       java.lang.String::startsWith (123 bytes)
193 1271       1       jdk.jfr.internal.SettingsManager$InternalSetting::getSettingsId (5 bytes)
193 1269       3       java.util.HashSet::newHashSet (43 bytes)
194 1276     n 0       jdk.jfr.internal.JVM::setEnabled (native)   (static)
194 1270       3       jdk.jfr.internal.SettingsManager$InternalSetting::addToMap (43 bytes)
194 1272       1       jdk.jfr.internal.EventControl$NamedControl::name (5 bytes)
194 1273       1       jdk.jfr.internal.EventControl$NamedControl::control (5 bytes)
194 1274       1       jdk.jfr.internal.Control::getLastValue (5 bytes)
194 1275       1       jdk.jfr.internal.settings.BooleanSetting::getValue (5 bytes)
194 1277       1       jdk.jfr.internal.PlatformEventType::isEnabled (5 bytes)
194 1278       1       jdk.jfr.internal.EventControl::getEventType (5 bytes)
194 1279       1       jdk.jfr.internal.EventControl::getSettingsId (5 bytes)
194 1280       1       jdk.jfr.internal.EventControl::getNamedControls (5 bytes)
194 1281   !   3       jdk.jfr.internal.Control::setValue (69 bytes)
194 1282       3       jdk.jfr.internal.SettingsManager$InternalSetting::getValues (35 bytes)
194 1283     n 0       jdk.jfr.internal.JVM::getConfiguration (native)   (static)
195 1284       3       jdk.internal.misc.Unsafe::putByte (8 bytes)
195 1285       3       jdk.jfr.internal.event.EventWriter::putUncheckedByte (22 bytes)
195 1286       3       jdk.jfr.internal.event.EventWriter::putUncheckedLong (278 bytes)
195 1287       3       jdk.jfr.internal.event.EventWriter::putUncheckedChar (7 bytes)
195 1289       3       jdk.jfr.internal.event.EventWriter::isValidForSize (44 bytes)
195 1293     n 0       jdk.jfr.internal.JVM::getEventWriter (native)   (static)
195 1296     n 0       jdk.jfr.internal.JVM::commit (native)   (static)
195 1291       3       jdk.jfr.internal.event.EventWriter::putLong (15 bytes)
195 1288       1       jdk.jfr.internal.event.EventConfiguration::platformEventType (5 bytes)
195 1290       1       jdk.jfr.internal.PlatformEventType::isCommittable (5 bytes)
195 1299       3       jdk.jfr.internal.event.EventWriter::putStringValue (56 bytes)
195 1292       1       jdk.jfr.internal.PlatformEventType::hasEventHook (5 bytes)
196 1294       1       jdk.jfr.internal.event.EventConfiguration::id (5 bytes)
196 1295       1       jdk.jfr.internal.PlatformEventType::isLargeSize (5 bytes)
196 1300       3       jdk.jfr.internal.Control::isType (17 bytes)
196 1302       3       jdk.jfr.internal.event.EventWriter::putUncheckedInt (11 bytes)
196 1298       3       jdk.jfr.internal.event.EventWriter::putString (84 bytes)
196 1303       3       jdk.jfr.internal.Logger::shouldLog (17 bytes)
196 1301       1       jdk.jfr.internal.PlatformEventType::isRegistered (5 bytes)
196 1304       1       jdk.jfr.internal.periodic.EventTask::getEventType (5 bytes)
197 1305       3       jdk.jfr.internal.event.EventConfiguration::isEnabled (8 bytes)
199 1306 %     3       java.util.Properties$LineReader::readLine @ 224 (584 bytes)
199 1307     n 0       java.lang.ref.Reference::refersTo0 (native)   
199 1199       4       java.util.Collections$UnmodifiableCollection$1::hasNext (10 bytes)   made not entrant: uncommon trap
[0.200s][info][jfr,startup] Started recording 1. No limit specified, using maxsize=250MB as default.
[0.200s][info][jfr,startup] 
[0.200s][info][jfr,startup] Use jcmd 9592 JFR.dump name=1 to copy recording data to file.
200  838       4       java.lang.StringLatin1::replace (197 bytes)   made not entrant: uncommon trap
200 1309       3       jdk.jfr.internal.event.EventWriter::getEventWriter (14 bytes)
200 1310       3       jdk.jfr.internal.event.EventWriter::beginEvent (70 bytes)
200 1313       1       jdk.jfr.internal.periodic.PeriodicTask::getPeriod (5 bytes)
200 1308       3       jdk.jfr.internal.event.EventWriter::usedSize (11 bytes)
200 1311       3       jdk.jfr.internal.event.EventWriter::reserveEventSizeField (60 bytes)
201 1312       3       jdk.jfr.internal.event.EventWriter::endEvent (134 bytes)
203 1245       3       jdk.jfr.internal.MetadataWriter::writeString (67 bytes)   made not entrant: not used
203 1250  s    4       java.io.ByteArrayOutputStream::write (32 bytes)
203 1240  s    3       java.io.ByteArrayOutputStream::write (32 bytes)   made not entrant: not used
204 1251       4       java.io.ByteArrayOutputStream::ensureCapacity (32 bytes)
204 1241       3       java.io.ByteArrayOutputStream::ensureCapacity (32 bytes)   made not entrant: not used
204 1253       4       jdk.jfr.internal.MetadataWriter::writeInt (148 bytes)
207 1244       3       jdk.jfr.internal.MetadataWriter::writeInt (148 bytes)   made not entrant: not used
207 1257       4       java.util.LinkedHashMap::get (29 bytes)
207 1314       3       Many::m0 (14 bytes)
208 1316       3       Many::m1 (14 bytes)
209  893       3       java.util.LinkedHashMap::get (29 bytes)   made not entrant: not used
209 1315       4       Many::m0 (14 bytes)
209 1314       3       Many::m0 (14 bytes)   made not entrant: not used
209 1317       4       Many::m1 (14 bytes)
210 1316       3       Many::m1 (14 bytes)   made not entrant: not used
210 1225       4       java.util.ArrayList::iterator (9 bytes)
210 1318       3       Many::m2 (14 bytes)
210  570       3       java.util.ArrayList::iterator (9 bytes)   made not entrant: not used
210 1297       4       jdk.internal.misc.Unsafe::putByte (8 bytes)
210 1284       3       jdk.internal.misc.Unsafe::putByte (8 bytes)   made not entrant: not used
210 1319       4       Many::m2 (14 bytes)
210 1318       3       Many::m2 (14 bytes)   made not entrant: not used
210 1235       4       jdk.internal.util.DecimalDigits::uncheckedPutPairLatin1 (31 bytes)
210 1198       3       jdk.internal.util.DecimalDigits::uncheckedPutPairLatin1 (31 bytes)   made not entrant: not used
211 1252  s    4       java.io.DataOutputStream::write (14 bytes)
211 1320       3       Many::m3 (14 bytes)
212 1242  s    2       java.io.DataOutputStream::write (14 bytes)   made not entrant: not used
212 1321       4       Many::m3 (14 bytes)
212 1320       3       Many::m3 (14 bytes)   made not entrant: not used
212  851  s    4       java.io.ByteArrayInputStream::read (73 bytes)
213  845  s    2       java.io.ByteArrayInputStream::read (73 bytes)   made not entrant: not used
213 1201       4       java.lang.Long::<init> (10 bytes)
213 1322       3       Many::m4 (14 bytes)
213 1323       4       Many::m4 (14 bytes)
213 1322       3       Many::m4 (14 bytes)   made not entrant: not used
214 1324       3       Many::m5 (14 bytes)
214 1325       4       Many::m5 (14 bytes)
214 1324       3       Many::m5 (14 bytes)   made not entrant: not used
216 1326       3       Many::m6 (14 bytes)
216 1327       4       Many::m6 (14 bytes)
216 1326       3       Many::m6 (14 bytes)   made not entrant: not used
217 1328       3       Many::m7 (14 bytes)
217 1329       4       Many::m7 (14 bytes)
217 1328       3       Many::m7 (14 bytes)   made not entrant: not used
218 1330       3       Many::m8 (14 bytes)
219 1331       4       Many::m8 (14 bytes)
219 1330       3       Many::m8 (14 bytes)   made not entrant: not used
220 1332       3       Many::m9 (14 bytes)
220 1333       4       Many::m9 (14 bytes)
220 1332       3       Many::m9 (14 bytes)   made not entrant: not used
221 1334       3       Many::m10 (14 bytes)
221 1335       4       Many::m10 (14 bytes)
222 1334       3       Many::m10 (14 bytes)   made not entrant: not used
223 1336       3       Many::m11 (14 bytes)
223 1337       4       Many::m11 (14 bytes)
223 1336       3       Many::m11 (14 bytes)   made not entrant: not used
224 1338       3       Many::m12 (14 bytes)
224 1339       4       Many::m12 (14 bytes)
224 1338       3       Many::m12 (14 bytes)   made not entrant: not used
226 1340       3       Many::m13 (14 bytes)
226 1341       4       Many::m13 (14 bytes)
226 1340       3       Many::m13 (14 bytes)   made not entrant: not used
227 1342       3       Many::m14 (14 bytes)
227 1343       4       Many::m14 (14 bytes)
227 1342       3       Many::m14 (14 bytes)   made not entrant: not used
228 1344       3       Many::m15 (14 bytes)
229 1345       4       Many::m15 (14 bytes)
229 1344       3       Many::m15 (14 bytes)   made not entrant: not used
230 1346       3       Many::m16 (14 bytes)
230 1347       4       Many::m16 (14 bytes)
230 1346       3       Many::m16 (14 bytes)   made not entrant: not used
231 1348       3       Many::m17 (14 bytes)
231 1349       4       Many::m17 (14 bytes)
232 1348       3       Many::m17 (14 bytes)   made not entrant: not used
233 1350       3       Many::m18 (14 bytes)
233 1351       4       Many::m18 (14 bytes)
233 1350       3       Many::m18 (14 bytes)   made not entrant: not used
234 1352       3       Many::m19 (14 bytes)
234 1353       4       Many::m19 (14 bytes)
234 1352       3       Many::m19 (14 bytes)   made not entrant: not used
236 1354       3       Many::m20 (14 bytes)
236 1355       4       Many::m20 (14 bytes)
236 1354       3       Many::m20 (14 bytes)   made not entrant: not used
237 1356       3       Many::m21 (14 bytes)
237 1357       4       Many::m21 (14 bytes)
237 1356       3       Many::m21 (14 bytes)   made not entrant: not used
238 1358       3       Many::m22 (14 bytes)
239 1359       4       Many::m22 (14 bytes)
239 1358       3       Many::m22 (14 bytes)   made not entrant: not used
240 1360       3       Many::m23 (14 bytes)
240 1361       4       Many::m23 (14 bytes)
240 1360       3       Many::m23 (14 bytes)   made not entrant: not used
241 1362       3       Many::m24 (14 bytes)
241 1363       4       Many::m24 (14 bytes)
242 1362       3       Many::m24 (14 bytes)   made not entrant: not used
243 1364       3       Many::m25 (14 bytes)
243 1365       4       Many::m25 (14 bytes)
243 1364       3       Many::m25 (14 bytes)   made not entrant: not used
244 1366       3       Many::m26 (14 bytes)
244 1367       4       Many::m26 (14 bytes)
244 1366       3       Many::m26 (14 bytes)   made not entrant: not used
246 1368       3       Many::m27 (14 bytes)
246 1369       4       Many::m27 (14 bytes)
246 1368       3       Many::m27 (14 bytes)   made not entrant: not used
247 1370       3       Many::m28 (14 bytes)
247 1371       4       Many::m28 (14 bytes)
247 1370       3       Many::m28 (14 bytes)   made not entrant: not used
248 1372       3       Many::m29 (14 bytes)
249 1373       4       Many::m29 (14 bytes)
249 1372       3       Many::m29 (14 bytes)   made not entrant: not used
250 1374       3       Many::m30 (14 bytes)
250 1375       4       Many::m30 (14 bytes)
250 1374       3       Many::m30 (14 bytes)   made not entrant: not used
251 1376       3       Many::m31 (14 bytes)
251 1377       4       Many::m31 (14 bytes)
252 1376       3       Many::m31 (14 bytes)   made not entrant: not used
253 1378       3       Many::m32 (14 bytes)
253 1379       4       Many::m32 (14 bytes)
253 1378       3       Many::m32 (14 bytes)   made not entrant: not used
254 1380       3       Many::m33 (14 bytes)
254 1381       4       Many::m33 (14 bytes)
254 1380       3       Many::m33 (14 bytes)   made not entrant: not used
256 1382       3       Many::m34 (14 bytes)
256 1383       4       Many::m34 (14 bytes)
256 1382       3       Many::m34 (14 bytes)   made not entrant: not used
257 1384       3       Many::m35 (14 bytes)
257 1385       4       Many::m35 (14 bytes)
257 1384       3       Many::m35 (14 bytes)   made not entrant: not used
258 1386       3       Many::m36 (14 bytes)
259 1387       4       Many::m36 (14 bytes)
259 1386       3       Many::m36 (14 bytes)   made not entrant: not used
260 1388       3       Many::m37 (14 bytes)
260 1389       4       Many::m37 (14 bytes)
260 1388       3       Many::m37 (14 bytes)   made not entrant: not used
261 1390       3       Many::m38 (14 bytes)
261 1391       4       Many::m38 (14 bytes)
261 1390       3       Many::m38 (14 bytes)   made not entrant: not used
263 1392       3       Many::m39 (14 bytes)
263 1393       4       Many::m39 (14 bytes)
263 1392       3       Many::m39 (14 bytes)   made not entrant: not used
264 1394       3       Many::m40 (14 bytes)
264 1395       4       Many::m40 (14 bytes)
264 1394       3       Many::m40 (14 bytes)   made not entrant: not used
266 1396       3       Many::m41 (14 bytes)
266 1397       4       Many::m41 (14 bytes)
266 1396       3       Many::m41 (14 bytes)   made not entrant: not used
267 1398       3       Many::m42 (14 bytes)
267 1399       4       Many::m42 (14 bytes)
267 1398       3       Many::m42 (14 bytes)   made not entrant: not used
268 1400       3       Many::m43 (14 bytes)
269 1401       4       Many::m43 (14 bytes)
269 1400       3       Many::m43 (14 bytes)   made not entrant: not used
270 1402       3       Many::m44 (14 bytes)
270 1403       4       Many::m44 (14 bytes)
270 1402       3       Many::m44 (14 bytes)   made not entrant: not used
271 1404       3       Many::m45 (14 bytes)
271 1405       4       Many::m45 (14 bytes)
272 1404       3       Many::m45 (14 bytes)   made not entrant: not used
273 1406       3       Many::m46 (14 bytes)
273 1407       4       Many::m46 (14 bytes)
273 1406       3       Many::m46 (14 bytes)   made not entrant: not used
274 1408       3       Many::m47 (14 bytes)
274 1409       4       Many::m47 (14 bytes)
274 1408       3       Many::m47 (14 bytes)   made not entrant: not used
276 1410       3       Many::m48 (14 bytes)
276 1411       4       Many::m48 (14 bytes)
276 1410       3       Many::m48 (14 bytes)   made not entrant: not used
277 1412       3       Many::m49 (14 bytes)
277 1413       4       Many::m49 (14 bytes)
277 1412       3       Many::m49 (14 bytes)   made not entrant: not used
278 1414       3       Many::m50 (14 bytes)
279 1415       4       Many::m50 (14 bytes)
279 1414       3       Many::m50 (14 bytes)   made not entrant: not used
280 1416       3       Many::m51 (14 bytes)
280 1417       4       Many::m51 (14 bytes)
280 1416       3       Many::m51 (14 bytes)   made not entrant: not used
281 1418       3       Many::m52 (14 bytes)
281 1419       4       Many::m52 (14 bytes)
282 1418       3       Many::m52 (14 bytes)   made not entrant: not used
283 1420       3       Many::m53 (14 bytes)
283 1421       4       Many::m53 (14 bytes)
283 1420       3       Many::m53 (14 bytes)   made not entrant: not used
284 1422       3       Many::m54 (14 bytes)
284 1423       4       Many::m54 (14 bytes)
284 1422       3       Many::m54 (14 bytes)   made not entrant: not used
286 1424       3       Many::m55 (14 bytes)
286 1425       4       Many::m55 (14 bytes)
286 1424       3       Many::m55 (14 bytes)   made not entrant: not used
287 1426       3       Many::m56 (14 bytes)
287 1427       4       Many::m56 (14 bytes)
287 1426       3       Many::m56 (14 bytes)   made not entrant: not used
289 1428       3       Many::m57 (14 bytes)
289 1429       4       Many::m57 (14 bytes)
289 1428       3       Many::m57 (14 bytes)   made not entrant: not used
290 1430       3       Many::m58 (14 bytes)
290 1431       4       Many::m58 (14 bytes)
290 1430       3       Many::m58 (14 bytes)   made not entrant: not used
291 1432       3       Many::m59 (14 bytes)
292 1433       4       Many::m59 (14 bytes)
292 1432       3       Many::m59 (14 bytes)   made not entrant: not used
293 1434       3       Many::m60 (14 bytes)
293 1435       4       Many::m60 (14 bytes)
293 1434       3       Many::m60 (14 bytes)   made not entrant: not used
294 1436       3       Many::m61 (14 bytes)
294 1437       4       Many::m61 (14 bytes)
294 1436       3       Many::m61 (14 bytes)   made not entrant: not used
296 1438       3       Many::m62 (14 bytes)
296 1439       4       Many::m62 (14 bytes)
296 1438       3       Many::m62 (14 bytes)   made not entrant: not used
297 1440       3       Many::m63 (14 bytes)
297 1441       4       Many::m63 (14 bytes)
297 1440       3       Many::m63 (14 bytes)   made not entrant: not used
299 1442       3       Many::m64 (14 bytes)
299 1443       4       Many::m64 (14 bytes)
299 1442       3       Many::m64 (14 bytes)   made not entrant: not used
300 1444       3       Many::m65 (14 bytes)
300 1445       4       Many::m65 (14 bytes)
300 1444       3       Many::m65 (14 bytes)   made not entrant: not used
301 1446       3       Many::m66 (14 bytes)
301 1447       4       Many::m66 (14 bytes)
302 1446       3       Many::m66 (14 bytes)   made not entrant: not used
303 1448       3       Many::m67 (14 bytes)
303 1449       4       Many::m67 (14 bytes)
303 1448       3       Many::m67 (14 bytes)   made not entrant: not used
304 1450       3       Many::m68 (14 bytes)
304 1451       4       Many::m68 (14 bytes)
304 1450       3       Many::m68 (14 bytes)   made not entrant: not used
306 1452       3       Many::m69 (14 bytes)
306 1453       4       Many::m69 (14 bytes)
306 1452       3       Many::m69 (14 bytes)   made not entrant: not used
307 1454       3       Many::m70 (14 bytes)
307 1455       4       Many::m70 (14 bytes)
307 1454       3       Many::m70 (14 bytes)   made not entrant: not used
308 1456       3       Many::m71 (14 bytes)
309 1457       4       Many::m71 (14 bytes)
309 1456       3       Many::m71 (14 bytes)   made not entrant: not used
310 1458       3       Many::m72 (14 bytes)
310 1459       4       Many::m72 (14 bytes)
310 1458       3       Many::m72 (14 bytes)   made not entrant: not used
311 1460       3       Many::m73 (14 bytes)
311 1461       4       Many::m73 (14 bytes)
311 1460       3       Many::m73 (14 bytes)   made not entrant: not used
313 1462       3       Many::m74 (14 bytes)
313 1463       4       Many::m74 (14 bytes)
313 1462       3       Many::m74 (14 bytes)   made not entrant: not used
314 1464       3       Many::m75 (14 bytes)
314 1465       4       Many::m75 (14 bytes)
314 1464       3       Many::m75 (14 bytes)   made not entrant: not used
316 1466       3       Many::m76 (14 bytes)
316 1467       4       Many::m76 (14 bytes)
316 1466       3       Many::m76 (14 bytes)   made not entrant: not used
317 1468       3       Many::m77 (14 bytes)
317 1469       4       Many::m77 (14 bytes)
317 1468       3       Many::m77 (14 bytes)   made not entrant: not used
318 1470       3       Many::m78 (14 bytes)
319 1471       4       Many::m78 (14 bytes)
319 1470       3       Many::m78 (14 bytes)   made not entrant: not used
320 1472       3       Many::m79 (14 bytes)
320 1473       4       Many::m79 (14 bytes)
320 1472       3       Many::m79 (14 bytes)   made not entrant: not used
321 1474       3       Many::m80 (14 bytes)
321 1475       4       Many::m80 (14 bytes)
321 1474       3       Many::m80 (14 bytes)   made not entrant: not used
323 1476       3       Many::m81 (14 bytes)
323 1477       4       Many::m81 (14 bytes)
323 1476       3       Many::m81 (14 bytes)   made not entrant: not used
324 1478       3       Many::m82 (14 bytes)
324 1479       4       Many::m82 (14 bytes)
324 1478       3       Many::m82 (14 bytes)   made not entrant: not used
326 1480       3       Many::m83 (14 bytes)
326 1481       4       Many::m83 (14 bytes)
326 1480       3       Many::m83 (14 bytes)   made not entrant: not used
327 1482       3       Many::m84 (14 bytes)
327 1483       4       Many::m84 (14 bytes)
327 1482       3       Many::m84 (14 bytes)   made not entrant: not used
328 1484       3       Many::m85 (14 bytes)
328 1485       4       Many::m85 (14 bytes)
329 1484       3       Many::m85 (14 bytes)   made not entrant: not used
330 1486       3       Many::m86 (14 bytes)
330 1487       4       Many::m86 (14 bytes)
330 1486       3       Many::m86 (14 bytes)   made not entrant: not used
331 1488       3       Many::m87 (14 bytes)
331 1489       4       Many::m87 (14 bytes)
331 1488       3       Many::m87 (14 bytes)   made not entrant: not used
333 1490       3       Many::m88 (14 bytes)
333 1491       4       Many::m88 (14 bytes)
333 1490       3       Many::m88 (14 bytes)   made not entrant: not used
334 1492       3       Many::m89 (14 bytes)
334 1493       4       Many::m89 (14 bytes)
334 1492       3       Many::m89 (14 bytes)   made not entrant: not used
336 1494       3       Many::m90 (14 bytes)
336 1495       4       Many::m90 (14 bytes)
336 1494       3       Many::m90 (14 bytes)   made not entrant: not used
337 1496       3       Many::m91 (14 bytes)
337 1497       4       Many::m91 (14 bytes)
337 1496       3       Many::m91 (14 bytes)   made not entrant: not used
338 1498       3       Many::m92 (14 bytes)
338 1499       4       Many::m92 (14 bytes)
339 1498       3       Many::m92 (14 bytes)   made not entrant: not used
340 1500       3       Many::m93 (14 bytes)
340 1501       4       Many::m93 (14 bytes)
340 1500       3       Many::m93 (14 bytes)   made not entrant: not used
341 1502       3       Many::m94 (14 bytes)
341 1503       4       Many::m94 (14 bytes)
341 1502       3       Many::m94 (14 bytes)   made not entrant: not used
343 1504       3       Many::m95 (14 bytes)
343 1505       4       Many::m95 (14 bytes)
343 1504       3       Many::m95 (14 bytes)   made not entrant: not used
344 1506       3       Many::m96 (14 bytes)
344 1507       4       Many::m96 (14 bytes)
344 1506       3       Many::m96 (14 bytes)   made not entrant: not used
345 1508       3       Many::m97 (14 bytes)
345 1509       4       Many::m97 (14 bytes)
346 1508       3       Many::m97 (14 bytes)   made not entrant: not used
347 1510       3       Many::m98 (14 bytes)
347 1511       4       Many::m98 (14 bytes)
347 1510       3       Many::m98 (14 bytes)   made not entrant: not used
348 1512       3       Many::m99 (14 bytes)
348 1513       4       Many::m99 (14 bytes)
349 1512       3       Many::m99 (14 bytes)   made not entrant: not used
350 1514       3       Many::m100 (14 bytes)
350 1515       4       Many::m100 (14 bytes)
350 1514       3       Many::m100 (14 bytes)   made not entrant: not used
351 1516       3       Many::m101 (14 bytes)
351 1517       4       Many::m101 (14 bytes)
351 1516       3       Many::m101 (14 bytes)   made not entrant: not used
353 1518       3       Many::m102 (14 bytes)
353 1519       4       Many::m102 (14 bytes)
353 1518       3       Many::m102 (14 bytes)   made not entrant: not used
354 1520       3       Many::m103 (14 bytes)
354 1521       4       Many::m103 (14 bytes)
354 1520       3       Many::m103 (14 bytes)   made not entrant: not used
355 1522       3       Many::m104 (14 bytes)
355 1523       4       Many::m104 (14 bytes)
356 1522       3       Many::m104 (14 bytes)   made not entrant: not used
357 1524       3       Many::m105 (14 bytes)
357 1525       4       Many::m105 (14 bytes)
357 1524       3       Many::m105 (14 bytes)   made not entrant: not used
358 1526       3       Many::m106 (14 bytes)
358 1527       4       Many::m106 (14 bytes)
358 1526       3       Many::m106 (14 bytes)   made not entrant: not used
360 1528       3       Many::m107 (14 bytes)
360 1529       4       Many::m107 (14 bytes)
360 1528       3       Many::m107 (14 bytes)   made not entrant: not used
361 1530       3       Many::m108 (14 bytes)
361 1531       4       Many::m108 (14 bytes)
361 1530       3       Many::m108 (14 bytes)   made not entrant: not used
362 1532       3       Many::m109 (14 bytes)
363 1533       4       Many::m109 (14 bytes)
363 1532       3       Many::m109 (14 bytes)   made not entrant: not used
364 1534       3       Many::m110 (14 bytes)
364 1535       4       Many::m110 (14 bytes)
364 1534       3       Many::m110 (14 bytes)   made not entrant: not used
365 1536       3       Many::m111 (14 bytes)
365 1537       4       Many::m111 (14 bytes)
365 1536       3       Many::m111 (14 bytes)   made not entrant: not used
367 1538       3       Many::m112 (14 bytes)
367 1539       4       Many::m112 (14 bytes)
367 1538       3       Many::m112 (14 bytes)   made not entrant: not used
368 1540       3       Many::m113 (14 bytes)
368 1541       4       Many::m113 (14 bytes)
368 1540       3       Many::m113 (14 bytes)   made not entrant: not used
370 1542       3       Many::m114 (14 bytes)
370 1543       4       Many::m114 (14 bytes)
370 1542       3       Many::m114 (14 bytes)   made not entrant: not used
371 1544       3       Many::m115 (14 bytes)
371 1545       4       Many::m115 (14 bytes)
371 1544       3       Many::m115 (14 bytes)   made not entrant: not used
372 1546       3       Many::m116 (14 bytes)
372 1547       4       Many::m116 (14 bytes)
373 1546       3       Many::m116 (14 bytes)   made not entrant: not used
374 1548       3       Many::m117 (14 bytes)
374 1549       4       Many::m117 (14 bytes)
374 1548       3       Many::m117 (14 bytes)   made not entrant: not used
375 1550       3       Many::m118 (14 bytes)
375 1551       4       Many::m118 (14 bytes)
375 1550       3       Many::m118 (14 bytes)   made not entrant: not used
377 1552       3       Many::m119 (14 bytes)
377 1553       4       Many::m119 (14 bytes)
377 1552       3       Many::m119 (14 bytes)   made not entrant: not used
378 1554       3       Many::m120 (14 bytes)
378 1555       4       Many::m120 (14 bytes)
378 1554       3       Many::m120 (14 bytes)   made not entrant: not used
379 1556       3       Many::m121 (14 bytes)
380 1557       4       Many::m121 (14 bytes)
380 1556       3       Many::m121 (14 bytes)   made not entrant: not used
381 1558       3       Many::m122 (14 bytes)
381 1559       4       Many::m122 (14 bytes)
381 1558       3       Many::m122 (14 bytes)   made not entrant: not used
382 1560       3       Many::m123 (14 bytes)
382 1561       4       Many::m123 (14 bytes)
383 1560       3       Many::m123 (14 bytes)   made not entrant: not used
384 1562       3       Many::m124 (14 bytes)
384 1563       4       Many::m124 (14 bytes)
384 1562       3       Many::m124 (14 bytes)   made not entrant: not used
385 1564       3       Many::m125 (14 bytes)
385 1565       4       Many::m125 (14 bytes)
385 1564       3       Many::m125 (14 bytes)   made not entrant: not used
387 1566       3       Many::m126 (14 bytes)
387 1567       4       Many::m126 (14 bytes)
387 1566       3       Many::m126 (14 bytes)   made not entrant: not used
388 1568       3       Many::m127 (14 bytes)
388 1569       4       Many::m127 (14 bytes)
388 1568       3       Many::m127 (14 bytes)   made not entrant: not used
389 1570       3       Many::m128 (14 bytes)
390 1571       4       Many::m128 (14 bytes)
390 1570       3       Many::m128 (14 bytes)   made not entrant: not used
391 1572       3       Many::m129 (14 bytes)
391 1573       4       Many::m129 (14 bytes)
391 1572       3       Many::m129 (14 bytes)   made not entrant: not used
392 1574       3       Many::m130 (14 bytes)
392 1575       4       Many::m130 (14 bytes)
392 1574       3       Many::m130 (14 bytes)   made not entrant: not used
394 1576       3       Many::m131 (14 bytes)
394 1577       4       Many::m131 (14 bytes)
394 1576       3       Many::m131 (14 bytes)   made not entrant: not used
395 1578       3       Many::m132 (14 bytes)
395 1579       4       Many::m132 (14 bytes)
395 1578       3       Many::m132 (14 bytes)   made not entrant: not used
397 1580       3       Many::m133 (14 bytes)
397 1581       4       Many::m133 (14 bytes)
397 1580       3       Many::m133 (14 bytes)   made not entrant: not used
398 1582       3       Many::m134 (14 bytes)
398 1583       4       Many::m134 (14 bytes)
398 1582       3       Many::m134 (14 bytes)   made not entrant: not used
399 1584       3       Many::m135 (14 bytes)
400 1585       4       Many::m135 (14 bytes)
400 1584       3       Many::m135 (14 bytes)   made not entrant: not used
401 1586       3       Many::m136 (14 bytes)
401 1587       4       Many::m136 (14 bytes)
401 1586       3       Many::m136 (14 bytes)   made not entrant: not used
402 1588       3       Many::m137 (14 bytes)
402 1589       4       Many::m137 (14 bytes)
403 1588       3       Many::m137 (14 bytes)   made not entrant: not used
404 1590       3       Many::m138 (14 bytes)
404 1591       4       Many::m138 (14 bytes)
404 1590       3       Many::m138 (14 bytes)   made not entrant: not used
405 1592       3       Many::m139 (14 bytes)
405 1593       4       Many::m139 (14 bytes)
405 1592       3       Many::m139 (14 bytes)   made not entrant: not used
407 1594       3       Many::m140 (14 bytes)
407 1595       4       Many::m140 (14 bytes)
407 1594       3       Many::m140 (14 bytes)   made not entrant: not used
408 1596       3       Many::m141 (14 bytes)
408 1597       4       Many::m141 (14 bytes)
408 1596       3       Many::m141 (14 bytes)   made not entrant: not used
409 1598       3       Many::m142 (14 bytes)
410 1599       4       Many::m142 (14 bytes)
410 1598       3       Many::m142 (14 bytes)   made not entrant: not used
411 1600       3       Many::m143 (14 bytes)
411 1601       4       Many::m143 (14 bytes)
411 1600       3       Many::m143 (14 bytes)   made not entrant: not used
412 1602       3       Many::m144 (14 bytes)
412 1603       4       Many::m144 (14 bytes)
412 1602       3       Many::m144 (14 bytes)   made not entrant: not used
414 1604       3       Many::m145 (14 bytes)
414 1605       4       Many::m145 (14 bytes)
414 1604       3       Many::m145 (14 bytes)   made not entrant: not used
415 1606       3       Many::m146 (14 bytes)
415 1607       4       Many::m146 (14 bytes)
415 1606       3       Many::m146 (14 bytes)   made not entrant: not used
417 1608       3       Many::m147 (14 bytes)
417 1609       4       Many::m147 (14 bytes)
417 1608       3       Many::m147 (14 bytes)   made not entrant: not used
418 1610       3       Many::m148 (14 bytes)
418 1611       4       Many::m148 (14 bytes)
418 1610       3       Many::m148 (14 bytes)   made not entrant: not used
419 1612       3       Many::m149 (14 bytes)
420 1613       4       Many::m149 (14 bytes)
420 1612       3       Many::m149 (14 bytes)   made not entrant: not used
421 1614       3       Many::m150 (14 bytes)
421 1615       4       Many::m150 (14 bytes)
421 1614       3       Many::m150 (14 bytes)   made not entrant: not used
422 1616       3       Many::m151 (14 bytes)
422 1617       4       Many::m151 (14 bytes)
422 1616       3       Many::m151 (14 bytes)   made not entrant: not used
424 1618       3       Many::m152 (14 bytes)
424 1619       4       Many::m152 (14 bytes)
424 1618       3       Many::m152 (14 bytes)   made not entrant: not used
425 1620       3       Many::m153 (14 bytes)
425 1621       4       Many::m153 (14 bytes)
425 1620       3       Many::m153 (14 bytes)   made not entrant: not used
426 1622       3       Many::m154 (14 bytes)
427 1623       4       Many::m154 (14 bytes)
427 1622       3       Many::m154 (14 bytes)   made not entrant: not used
428 1624       3       Many::m155 (14 bytes)
428 1625       4       Many::m155 (14 bytes)
428 1624       3       Many::m155 (14 bytes)   made not entrant: not used
429 1626       3       Many::m156 (14 bytes)
429 1627       4       Many::m156 (14 bytes)
429 1626       3       Many::m156 (14 bytes)   made not entrant: not used
431 1628       3       Many::m157 (14 bytes)
431 1629       4       Many::m157 (14 bytes)
431 1628       3       Many::m157 (14 bytes)   made not entrant: not used
432 1630       3       Many::m158 (14 bytes)
432 1631       4       Many::m158 (14 bytes)
432 1630       3       Many::m158 (14 bytes)   made not entrant: not used
434 1632       3       Many::m159 (14 bytes)
434 1633       4       Many::m159 (14 bytes)
434 1632       3       Many::m159 (14 bytes)   made not entrant: not used
435 1634       3       Many::m160 (14 bytes)
435 1635       4       Many::m160 (14 bytes)
435 1634       3       Many::m160 (14 bytes)   made not entrant: not used
436 1636       3       Many::m161 (14 bytes)
437 1637       4       Many::m161 (14 bytes)
437 1636       3       Many::m161 (14 bytes)   made not entrant: not used
438 1638       3       Many::m162 (14 bytes)
438 1639       4       Many::m162 (14 bytes)
438 1638       3       Many::m162 (14 bytes)   made not entrant: not used
439 1640       3       Many::m163 (14 bytes)
439 1641       4       Many::m163 (14 bytes)
440 1640       3       Many::m163 (14 bytes)   made not entrant: not used
441 1642       3       Many::m164 (14 bytes)
441 1643       4       Many::m164 (14 bytes)
441 1642       3       Many::m164 (14 bytes)   made not entrant: not used
442 1644       3       Many::m165 (14 bytes)
442 1645       4       Many::m165 (14 bytes)
442 1644       3       Many::m165 (14 bytes)   made not entrant: not used
444 1646       3       Many::m166 (14 bytes)
444 1647       4       Many::m166 (14 bytes)
444 1646       3       Many::m166 (14 bytes)   made not entrant: not used
445 1648       3       Many::m167 (14 bytes)
445 1649       4       Many::m167 (14 bytes)
445 1648       3       Many::m167 (14 bytes)   made not entrant: not used
446 1650       3       Many::m168 (14 bytes)
447 1651       4       Many::m168 (14 bytes)
447 1650       3       Many::m168 (14 bytes)   made not entrant: not used
448 1652       3       Many::m169 (14 bytes)
448 1653       4       Many::m169 (14 bytes)
448 1652       3       Many::m169 (14 bytes)   made not entrant: not used
449 1654       3       Many::m170 (14 bytes)
449 1655       4       Many::m170 (14 bytes)
449 1654       3       Many::m170 (14 bytes)   made not entrant: not used
451 1656       3       Many::m171 (14 bytes)
451 1657       4       Many::m171 (14 bytes)
451 1656       3       Many::m171 (14 bytes)   made not entrant: not used
452 1658       3       Many::m172 (14 bytes)
452 1659       4       Many::m172 (14 bytes)
452 1658       3       Many::m172 (14 bytes)   made not entrant: not used
454 1660       3       Many::m173 (14 bytes)
454 1661       4       Many::m173 (14 bytes)
454 1660       3       Many::m173 (14 bytes)   made not entrant: not used
455 1662       3       Many::m174 (14 bytes)
455 1663       4       Many::m174 (14 bytes)
455 1662       3       Many::m174 (14 bytes)   made not entrant: not used
456 1664       3       Many::m175 (14 bytes)
456 1665       4       Many::m175 (14 bytes)
457 1664       3       Many::m175 (14 bytes)   made not entrant: not used
458 1666       3       Many::m176 (14 bytes)
458 1667       4       Many::m176 (14 bytes)
458 1666       3       Many::m176 (14 bytes)   made not entrant: not used
459 1668       3       Many::m177 (14 bytes)
459 1669       4       Many::m177 (14 bytes)
459 1668       3       Many::m177 (14 bytes)   made not entrant: not used
461 1670       3       Many::m178 (14 bytes)
461 1671       4       Many::m178 (14 bytes)
461 1670       3       Many::m178 (14 bytes)   made not entrant: not used
462 1672       3       Many::m179 (14 bytes)
462 1673       4       Many::m179 (14 bytes)
462 1672       3       Many::m179 (14 bytes)   made not entrant: not used
464 1674       3       Many::m180 (14 bytes)
464 1675       4       Many::m180 (14 bytes)
464 1674       3       Many::m180 (14 bytes)   made not entrant: not used
465 1676       3       Many::m181 (14 bytes)
465 1677       4       Many::m181 (14 bytes)
465 1676       3       Many::m181 (14 bytes)   made not entrant: not used
466 1678       3       Many::m182 (14 bytes)
466 1679       4       Many::m182 (14 bytes)
467 1678       3       Many::m182 (14 bytes)   made not entrant: not used
468 1680       3       Many::m183 (14 bytes)
468 1681       4       Many::m183 (14 bytes)
468 1680       3       Many::m183 (14 bytes)   made not entrant: not used
469 1682       3       Many::m184 (14 bytes)
469 1683       4       Many::m184 (14 bytes)
469 1682       3       Many::m184 (14 bytes)   made not entrant: not used
471 1684       3       Many::m185 (14 bytes)
471 1685       4       Many::m185 (14 bytes)
471 1684       3       Many::m185 (14 bytes)   made not entrant: not used
472 1686       3       Many::m186 (14 bytes)
472 1687       4       Many::m186 (14 bytes)
472 1686       3       Many::m186 (14 bytes)   made not entrant: not used
473 1688       3       Many::m187 (14 bytes)
473 1689       4       Many::m187 (14 bytes)
474 1688       3       Many::m187 (14 bytes)   made not entrant: not used
475 1690       3       Many::m188 (14 bytes)
475 1691       4       Many::m188 (14 bytes)
475 1690       3       Many::m188 (14 bytes)   made not entrant: not used
476 1692       3       Many::m189 (14 bytes)
476 1693       4       Many::m189 (14 bytes)
476 1692       3       Many::m189 (14 bytes)   made not entrant: not used
478 1694       3       Many::m190 (14 bytes)
478 1695       4       Many::m190 (14 bytes)
478 1694       3       Many::m190 (14 bytes)   made not entrant: not used
479 1696       3       Many::m191 (14 bytes)
479 1697       4       Many::m191 (14 bytes)
479 1696       3       Many::m191 (14 bytes)   made not entrant: not used
480 1698       3       Many::m192 (14 bytes)
481 1699       4       Many::m192 (14 bytes)
481 1698       3       Many::m192 (14 bytes)   made not entrant: not used
482 1700       3       Many::m193 (14 bytes)
482 1701       4       Many::m193 (14 bytes)
482 1700       3       Many::m193 (14 bytes)   made not entrant: not used
483 1702       3       Many::m194 (14 bytes)
483 1703       4       Many::m194 (14 bytes)
484 1702       3       Many::m194 (14 bytes)   made not entrant: not used
485 1704       3       Many::m195 (14 bytes)
485 1705       4       Many::m195 (14 bytes)
485 1704       3       Many::m195 (14 bytes)   made not entrant: not used
486 1706       3       Many::m196 (14 bytes)
486 1707       4       Many::m196 (14 bytes)
486 1706       3       Many::m196 (14 bytes)   made not entrant: not used
488 1708       3       Many::m197 (14 bytes)
488 1709       4       Many::m197 (14 bytes)
488 1708       3       Many::m197 (14 bytes)   made not entrant: not used
489 1710       3       Many::m198 (14 bytes)
489 1711       4       Many::m198 (14 bytes)
489 1710       3       Many::m198 (14 bytes)   made not entrant: not used
490 1712       3       Many::m199 (14 bytes)
491 1713       4       Many::m199 (14 bytes)
491 1712       3       Many::m199 (14 bytes)   made not entrant: not used
492 1714       3       Many::m200 (14 bytes)
492 1715       4       Many::m200 (14 bytes)
492 1714       3       Many::m200 (14 bytes)   made not entrant: not used
493 1716       3       Many::m201 (14 bytes)
493 1717       4       Many::m201 (14 bytes)
493 1716       3       Many::m201 (14 bytes)   made not entrant: not used
495 1718       3       Many::m202 (14 bytes)
495 1719       4       Many::m202 (14 bytes)
495 1718       3       Many::m202 (14 bytes)   made not entrant: not used
496 1720       3       Many::m203 (14 bytes)
496 1721       4       Many::m203 (14 bytes)
496 1720       3       Many::m203 (14 bytes)   made not entrant: not used
498 1722       3       Many::m204 (14 bytes)
498 1723       4       Many::m204 (14 bytes)
498 1722       3       Many::m204 (14 bytes)   made not entrant: not used
499 1724       3       Many::m205 (14 bytes)
499 1725       4       Many::m205 (14 bytes)
499 1724       3       Many::m205 (14 bytes)   made not entrant: not used
500 1726       3       Many::m206 (14 bytes)
500 1727       4       Many::m206 (14 bytes)
501 1726       3       Many::m206 (14 bytes)   made not entrant: not used
502 1728       3       Many::m207 (14 bytes)
502 1729       4       Many::m207 (14 bytes)
502 1728       3       Many::m207 (14 bytes)   made not entrant: not used
503 1730       3       Many::m208 (14 bytes)
503 1731       4       Many::m208 (14 bytes)
503 1730       3       Many::m208 (14 bytes)   made not entrant: not used
505 1732       3       Many::m209 (14 bytes)
505 1733       4       Many::m209 (14 bytes)
505 1732       3       Many::m209 (14 bytes)   made not entrant: not used
506 1734       3       Many::m210 (14 bytes)
506 1735       4       Many::m210 (14 bytes)
506 1734       3       Many::m210 (14 bytes)   made not entrant: not used
507 1736       3       Many::m211 (14 bytes)
508 1737       4       Many::m211 (14 bytes)
508 1736       3       Many::m211 (14 bytes)   made not entrant: not used
509 1738       3       Many::m212 (14 bytes)
509 1739       4       Many::m212 (14 bytes)
509 1738       3       Many::m212 (14 bytes)   made not entrant: not used
510 1740       3       Many::m213 (14 bytes)
510 1741       4       Many::m213 (14 bytes)
510 1740       3       Many::m213 (14 bytes)   made not entrant: not used
512 1742       3       Many::m214 (14 bytes)
512 1743       4       Many::m214 (14 bytes)
512 1742       3       Many::m214 (14 bytes)   made not entrant: not used
513 1744       3       Many::m215 (14 bytes)
513 1745       4       Many::m215 (14 bytes)
513 1744       3       Many::m215 (14 bytes)   made not entrant: not used
515 1746       3       Many::m216 (14 bytes)
515 1747       4       Many::m216 (14 bytes)
515 1746       3       Many::m216 (14 bytes)   made not entrant: not used
516 1748       3       Many::m217 (14 bytes)
516 1749       4       Many::m217 (14 bytes)
516 1748       3       Many::m217 (14 bytes)   made not entrant: not used
517 1750       3       Many::m218 (14 bytes)
518 1751       4       Many::m218 (14 bytes)
518 1750       3       Many::m218 (14 bytes)   made not entrant: not used
519 1752       3       Many::m219 (14 bytes)
519 1753       4       Many::m219 (14 bytes)
519 1752       3       Many::m219 (14 bytes)   made not entrant: not used
520 1754       3       Many::m220 (14 bytes)
520 1755       4       Many::m220 (14 bytes)
521 1754       3       Many::m220 (14 bytes)   made not entrant: not used
522 1756       3       Many::m221 (14 bytes)
522 1757       4       Many::m221 (14 bytes)
522 1756       3       Many::m221 (14 bytes)   made not entrant: not used
523 1758       3       Many::m222 (14 bytes)
523 1759       4       Many::m222 (14 bytes)
523 1758       3       Many::m222 (14 bytes)   made not entrant: not used
525 1760       3       Many::m223 (14 bytes)
525 1761       4       Many::m223 (14 bytes)
525 1760       3       Many::m223 (14 bytes)   made not entrant: not used
526 1762       3       Many::m224 (14 bytes)
526 1763       4       Many::m224 (14 bytes)
526 1762       3       Many::m224 (14 bytes)   made not entrant: not used
527 1764       3       Many::m225 (14 bytes)
527 1765       4       Many::m225 (14 bytes)
528 1764       3       Many::m225 (14 bytes)   made not entrant: not used
529 1766       3       Many::m226 (14 bytes)
529 1767       4       Many::m226 (14 bytes)
529 1766       3       Many::m226 (14 bytes)   made not entrant: not used
530 1768       3       Many::m227 (14 bytes)
530 1769       4       Many::m227 (14 bytes)
530 1768       3       Many::m227 (14 bytes)   made not entrant: not used
532 1770       3       Many::m228 (14 bytes)
532 1771       4       Many::m228 (14 bytes)
532 1770       3       Many::m228 (14 bytes)   made not entrant: not used
533 1772       3       Many::m229 (14 bytes)
533 1773       4       Many::m229 (14 bytes)
533 1772       3       Many::m229 (14 bytes)   made not entrant: not used
535 1774       3       Many::m230 (14 bytes)
535 1775       4       Many::m230 (14 bytes)
535 1774       3       Many::m230 (14 bytes)   made not entrant: not used
536 1776       3       Many::m231 (14 bytes)
536 1777       4       Many::m231 (14 bytes)
536 1776       3       Many::m231 (14 bytes)   made not entrant: not used
537 1778       3       Many::m232 (14 bytes)
537 1779       4       Many::m232 (14 bytes)
538 1778       3       Many::m232 (14 bytes)   made not entrant: not used
539 1780       3       Many::m233 (14 bytes)
539 1781       4       Many::m233 (14 bytes)
539 1780       3       Many::m233 (14 bytes)   made not entrant: not used
540 1782       3       Many::m234 (14 bytes)
540 1783       4       Many::m234 (14 bytes)
540 1782       3       Many::m234 (14 bytes)   made not entrant: not used
542 1784       3       Many::m235 (14 bytes)
542 1785       4       Many::m235 (14 bytes)
542 1784       3       Many::m235 (14 bytes)   made not entrant: not used
543 1786       3       Many::m236 (14 bytes)
543 1787       4       Many::m236 (14 bytes)
543 1786       3       Many::m236 (14 bytes)   made not entrant: not used
544 1788       3       Many::m237 (14 bytes)
545 1789       4       Many::m237 (14 bytes)
545 1788       3       Many::m237 (14 bytes)   made not entrant: not used
546 1790       3       Many::m238 (14 bytes)
546 1791       4       Many::m238 (14 bytes)
546 1790       3       Many::m238 (14 bytes)   made not entrant: not used
547 1792       3       Many::m239 (14 bytes)
547 1793       4       Many::m239 (14 bytes)
548 1792       3       Many::m239 (14 bytes)   made not entrant: not used
549 1794       3       Many::m240 (14 bytes)
549 1795       4       Many::m240 (14 bytes)
549 1794       3       Many::m240 (14 bytes)   made not entrant: not used
550 1796       3       Many::m241 (14 bytes)
550 1797       4       Many::m241 (14 bytes)
550 1796       3       Many::m241 (14 bytes)   made not entrant: not used
552 1798       3       Many::m242 (14 bytes)
552 1799       4       Many::m242 (14 bytes)
552 1798       3       Many::m242 (14 bytes)   made not entrant: not used
553 1800       3       Many::m243 (14 bytes)
553 1801       4       Many::m243 (14 bytes)
553 1800       3       Many::m243 (14 bytes)   made not entrant: not used
554 1802       3       Many::m244 (14 bytes)
555 1803       4       Many::m244 (14 bytes)
555 1802       3       Many::m244 (14 bytes)   made not entrant: not used
556 1804       3       Many::m245 (14 bytes)
556 1805       4       Many::m245 (14 bytes)
556 1804       3       Many::m245 (14 bytes)   made not entrant: not used
557 1806       3       Many::m246 (14 bytes)
557 1807       4       Many::m246 (14 bytes)
557 1806       3       Many::m246 (14 bytes)   made not entrant: not used
559 1808       3       Many::m247 (14 bytes)
559 1809       4       Many::m247 (14 bytes)
559 1808       3       Many::m247 (14 bytes)   made not entrant: not used
560 1810       3       Many::m248 (14 bytes)
560 1811       4       Many::m248 (14 bytes)
560 1810       3       Many::m248 (14 bytes)   made not entrant: not used
562 1812       3       Many::m249 (14 bytes)
562 1813       4       Many::m249 (14 bytes)
562 1812       3       Many::m249 (14 bytes)   made not entrant: not used
563 1814       3       Many::m250 (14 bytes)
563 1815       4       Many::m250 (14 bytes)
563 1814       3       Many::m250 (14 bytes)   made not entrant: not used
564 1816       3       Many::m251 (14 bytes)
565 1817       4       Many::m251 (14 bytes)
565 1816       3       Many::m251 (14 bytes)   made not entrant: not used
566 1818       3       Many::m252 (14 bytes)
566 1819       4       Many::m252 (14 bytes)
566 1818       3       Many::m252 (14 bytes)   made not entrant: not used
567 1820       3       Many::m253 (14 bytes)
567 1821       4       Many::m253 (14 bytes)
567 1820       3       Many::m253 (14 bytes)   made not entrant: not used
569 1822       3       Many::m254 (14 bytes)
569 1823       4       Many::m254 (14 bytes)
569 1822       3       Many::m254 (14 bytes)   made not entrant: not used
570 1824       3       Many::m255 (14 bytes)
570 1825       4       Many::m255 (14 bytes)
570 1824       3       Many::m255 (14 bytes)   made not entrant: not used
572 1826       3       Many::m256 (14 bytes)
572 1827       4       Many::m256 (14 bytes)
572 1826       3       Many::m256 (14 bytes)   made not entrant: not used
573 1828       3       Many::m257 (14 bytes)
573 1829       4       Many::m257 (14 bytes)
573 1828       3       Many::m257 (14 bytes)   made not entrant: not used
574 1830       3       Many::m258 (14 bytes)
574 1831       4       Many::m258 (14 bytes)
575 1830       3       Many::m258 (14 bytes)   made not entrant: not used
576 1832       3       Many::m259 (14 bytes)
576 1833       4       Many::m259 (14 bytes)
576 1832       3       Many::m259 (14 bytes)   made not entrant: not used
577 1834       3       Many::m260 (14 bytes)
577 1835       4       Many::m260 (14 bytes)
577 1834       3       Many::m260 (14 bytes)   made not entrant: not used
579 1836       3       Many::m261 (14 bytes)
579 1837       4       Many::m261 (14 bytes)
579 1836       3       Many::m261 (14 bytes)   made not entrant: not used
580 1838       3       Many::m262 (14 bytes)
580 1839       4       Many::m262 (14 bytes)
580 1838       3       Many::m262 (14 bytes)   made not entrant: not used
581 1840       3       Many::m263 (14 bytes)
582 1841       4       Many::m263 (14 bytes)
582 1840       3       Many::m263 (14 bytes)   made not entrant: not used
583 1842       3       Many::m264 (14 bytes)
583 1843       4       Many::m264 (14 bytes)
583 1842       3       Many::m264 (14 bytes)   made not entrant: not used
584 1844       3       Many::m265 (14 bytes)
584 1845       4       Many::m265 (14 bytes)
585 1844       3       Many::m265 (14 bytes)   made not entrant: not used
586 1846       3       Many::m266 (14 bytes)
586 1847       4       Many::m266 (14 bytes)
586 1846       3       Many::m266 (14 bytes)   made not entrant: not used
587 1848       3       Many::m267 (14 bytes)
587 1849       4       Many::m267 (14 bytes)
587 1848       3       Many::m267 (14 bytes)   made not entrant: not used
589 1850       3       Many::m268 (14 bytes)
589 1851       4       Many::m268 (14 bytes)
589 1850       3       Many::m268 (14 bytes)   made not entrant: not used
590 1852       3       Many::m269 (14 bytes)
590 1853       4       Many::m269 (14 bytes)
590 1852       3       Many::m269 (14 bytes)   made not entrant: not used
591 1854       3       Many::m270 (14 bytes)
592 1855       4       Many::m270 (14 bytes)
592 1854       3       Many::m270 (14 bytes)   made not entrant: not used
593 1856       3       Many::m271 (14 bytes)
593 1857       4       Many::m271 (14 bytes)
593 1856       3       Many::m271 (14 bytes)   made not entrant: not used
594 1858       3       Many::m272 (14 bytes)
594 1859       4       Many::m272 (14 bytes)
594 1858       3       Many::m272 (14 bytes)   made not entrant: not used
596 1860       3       Many::m273 (14 bytes)
596 1861       4       Many::m273 (14 bytes)
596 1860       3       Many::m273 (14 bytes)   made not entrant: not used
597 1862       3       Many::m274 (14 bytes)
597 1863       4       Many::m274 (14 bytes)
597 1862       3       Many::m274 (14 bytes)   made not entrant: not used
599 1864       3       Many::m275 (14 bytes)
599 1865       4       Many::m275 (14 bytes)
599 1864       3       Many::m275 (14 bytes)   made not entrant: not used
600 1866       3       Many::m276 (14 bytes)
600 1867       4       Many::m276 (14 bytes)
600 1866       3       Many::m276 (14 bytes)   made not entrant: not used
601 1868       3       Many::m277 (14 bytes)
602 1869       4       Many::m277 (14 bytes)
602 1868       3       Many::m277 (14 bytes)   made not entrant: not used
603 1870       3       Many::m278 (14 bytes)
603 1871       4       Many::m278 (14 bytes)
603 1870       3       Many::m278 (14 bytes)   made not entrant: not used
604 1872       3       Many::m279 (14 bytes)
604 1873       4       Many::m279 (14 bytes)
605 1872       3       Many::m279 (14 bytes)   made not entrant: not used
606 1874       3       Many::m280 (14 bytes)
606 1875       4       Many::m280 (14 bytes)
606 1874       3       Many::m280 (14 bytes)   made not entrant: not used
607 1876       3       Many::m281 (14 bytes)
607 1877       4       Many::m281 (14 bytes)
607 1876       3       Many::m281 (14 bytes)   made not entrant: not used
609 1878       3       Many::m282 (14 bytes)
609 1879       4       Many::m282 (14 bytes)
609 1878       3       Many::m282 (14 bytes)   made not entrant: not used
610 1880       3       Many::m283 (14 bytes)
610 1881       4       Many::m283 (14 bytes)
610 1880       3       Many::m283 (14 bytes)   made not entrant: not used
611 1882       3       Many::m284 (14 bytes)
612 1883       4       Many::m284 (14 bytes)
612 1882       3       Many::m284 (14 bytes)   made not entrant: not used
613 1884       3       Many::m285 (14 bytes)
613 1885       4       Many::m285 (14 bytes)
613 1884       3       Many::m285 (14 bytes)   made not entrant: not used
614 1886       3       Many::m286 (14 bytes)
615 1887       4       Many::m286 (14 bytes)
615 1886       3       Many::m286 (14 bytes)   made not entrant: not used
616 1888       3       Many::m287 (14 bytes)
616 1889       4       Many::m287 (14 bytes)
616 1888       3       Many::m287 (14 bytes)   made not entrant: not used
617 1890       3       Many::m288 (14 bytes)
617 1891       4       Many::m288 (14 bytes)
617 1890       3       Many::m288 (14 bytes)   made not entrant: not used
619 1892       3       Many::m289 (14 bytes)
619 1893       4       Many::m289 (14 bytes)
619 1892       3       Many::m289 (14 bytes)   made not entrant: not used
620 1894       3       Many::m290 (14 bytes)
620 1895       4       Many::m290 (14 bytes)
620 1894       3       Many::m290 (14 bytes)   made not entrant: not used
622 1896       3       Many::m291 (14 bytes)
622 1897       4       Many::m291 (14 bytes)
622 1896       3       Many::m291 (14 bytes)   made not entrant: not used
623 1898       3       Many::m292 (14 bytes)
623 1899       4       Many::m292 (14 bytes)
623 1898       3       Many::m292 (14 bytes)   made not entrant: not used
624 1900       3       Many::m293 (14 bytes)
624 1901       4       Many::m293 (14 bytes)
625 1900       3       Many::m293 (14 bytes)   made not entrant: not used
626 1902       3       Many::m294 (14 bytes)
626 1903       4       Many::m294 (14 bytes)
626 1902       3       Many::m294 (14 bytes)   made not entrant: not used
627 1904       3       Many::m295 (14 bytes)
627 1905       4       Many::m295 (14 bytes)
627 1904       3       Many::m295 (14 bytes)   made not entrant: not used
629 1906       3       Many::m296 (14 bytes)
629 1907       4       Many::m296 (14 bytes)
629 1906       3       Many::m296 (14 bytes)   made not entrant: not used
630 1908       3       Many::m297 (14 bytes)
630 1909       4       Many::m297 (14 bytes)
630 1908       3       Many::m297 (14 bytes)   made not entrant: not used
631 1910       3       Many::m298 (14 bytes)
632 1911       4       Many::m298 (14 bytes)
632 1910       3       Many::m298 (14 bytes)   made not entrant: not used
633 1912       3       Many::m299 (14 bytes)
633 1913       4       Many::m299 (14 bytes)
633 1912       3       Many::m299 (14 bytes)   made not entrant: not used
634 1914       3       Many::m300 (14 bytes)
634 1915       4       Many::m300 (14 bytes)
634 1914       3       Many::m300 (14 bytes)   made not entrant: not used
636 1916       3       Many::m301 (14 bytes)
636 1917       4       Many::m301 (14 bytes)
636 1916       3       Many::m301 (14 bytes)   made not entrant: not used
637 1918       3       Many::m302 (14 bytes)
637 1919       4       Many::m302 (14 bytes)
637 1918       3       Many::m302 (14 bytes)   made not entrant: not used
638 1920       3       Many::m303 (14 bytes)
639 1921       4       Many::m303 (14 bytes)
639 1920       3       Many::m303 (14 bytes)   made not entrant: not used
640 1922       3       Many::m304 (14 bytes)
640 1923       4       Many::m304 (14 bytes)
640 1922       3       Many::m304 (14 bytes)   made not entrant: not used
641 1924       3       Many::m305 (14 bytes)
641 1925       4       Many::m305 (14 bytes)
642 1924       3       Many::m305 (14 bytes)   made not entrant: not used
643 1926       3       Many::m306 (14 bytes)
643 1927       4       Many::m306 (14 bytes)
643 1926       3       Many::m306 (14 bytes)   made not entrant: not used
644 1928       3       Many::m307 (14 bytes)
644 1929       4       Many::m307 (14 bytes)
644 1928       3       Many::m307 (14 bytes)   made not entrant: not used
646 1930       3       Many::m308 (14 bytes)
646 1931       4       Many::m308 (14 bytes)
646 1930       3       Many::m308 (14 bytes)   made not entrant: not used
647 1932       3       Many::m309 (14 bytes)
647 1933       4       Many::m309 (14 bytes)
647 1932       3       Many::m309 (14 bytes)   made not entrant: not used
648 1934       3       Many::m310 (14 bytes)
649 1935       4       Many::m310 (14 bytes)
649 1934       3       Many::m310 (14 bytes)   made not entrant: not used
650 1936       3       Many::m311 (14 bytes)
650 1937       4       Many::m311 (14 bytes)
650 1936       3       Many::m311 (14 bytes)   made not entrant: not used
651 1938       3       Many::m312 (14 bytes)
651 1939       4       Many::m312 (14 bytes)
652 1938       3       Many::m312 (14 bytes)   made not entrant: not used
653 1940       3       Many::m313 (14 bytes)
653 1941       4       Many::m313 (14 bytes)
653 1940       3       Many::m313 (14 bytes)   made not entrant: not used
654 1942       3       Many::m314 (14 bytes)
654 1943       4       Many::m314 (14 bytes)
654 1942       3       Many::m314 (14 bytes)   made not entrant: not used
656 1944       3       Many::m315 (14 bytes)
656 1945       4       Many::m315 (14 bytes)
656 1944       3       Many::m315 (14 bytes)   made not entrant: not used
657 1946       3       Many::m316 (14 bytes)
657 1947       4       Many::m316 (14 bytes)
657 1946       3       Many::m316 (14 bytes)   made not entrant: not used
659 1948       3       Many::m317 (14 bytes)
659 1949       4       Many::m317 (14 bytes)
659 1948       3       Many::m317 (14 bytes)   made not entrant: not used
660 1950       3       Many::m318 (14 bytes)
660 1951       4       Many::m318 (14 bytes)
660 1950       3       Many::m318 (14 bytes)   made not entrant: not used
661 1952       3       Many::m319 (14 bytes)
662 1953       4       Many::m319 (14 bytes)
662 1952       3       Many::m319 (14 bytes)   made not entrant: not used
663 1954       3       Many::m320 (14 bytes)
663 1955       4       Many::m320 (14 bytes)
663 1954       3       Many::m320 (14 bytes)   made not entrant: not used
664 1956       3       Many::m321 (14 bytes)
664 1957       4       Many::m321 (14 bytes)
665 1956       3       Many::m321 (14 bytes)   made not entrant: not used
666 1958       3       Many::m322 (14 bytes)
666 1959       4       Many::m322 (14 bytes)
666 1958       3       Many::m322 (14 bytes)   made not entrant: not used
667 1960       3       Many::m323 (14 bytes)
667 1961       4       Many::m323 (14 bytes)
667 1960       3       Many::m323 (14 bytes)   made not entrant: not used
669 1962       3       Many::m324 (14 bytes)
669 1963       4       Many::m324 (14 bytes)
669 1962       3       Many::m324 (14 bytes)   made not entrant: not used
670 1964       3       Many::m325 (14 bytes)
670 1965       4       Many::m325 (14 bytes)
670 1964       3       Many::m325 (14 bytes)   made not entrant: not used
671 1966       3       Many::m326 (14 bytes)
672 1967       4       Many::m326 (14 bytes)
672 1966       3       Many::m326 (14 bytes)   made not entrant: not used
673 1968       3       Many::m327 (14 bytes)
673 1969       4       Many::m327 (14 bytes)
673 1968       3       Many::m327 (14 bytes)   made not entrant: not used
674 1970       3       Many::m328 (14 bytes)
674 1971       4       Many::m328 (14 bytes)
674 1970       3       Many::m328 (14 bytes)   made not entrant: not used
676 1972       3       Many::m329 (14 bytes)
676 1973       4       Many::m329 (14 bytes)
676 1972       3       Many::m329 (14 bytes)   made not entrant: not used
677 1974       3       Many::m330 (14 bytes)
677 1975       4       Many::m330 (14 bytes)
677 1974       3       Many::m330 (14 bytes)   made not entrant: not used
679 1976       3       Many::m331 (14 bytes)
679 1977       4       Many::m331 (14 bytes)
679 1976       3       Many::m331 (14 bytes)   made not entrant: not used
680 1978       3       Many::m332 (14 bytes)
680 1979       4       Many::m332 (14 bytes)
680 1978       3       Many::m332 (14 bytes)   made not entrant: not used
682 1980       3       Many::m333 (14 bytes)
682 1981       4       Many::m333 (14 bytes)
682 1980       3       Many::m333 (14 bytes)   made not entrant: not used
683 1982       3       Many::m334 (14 bytes)
683 1983       4       Many::m334 (14 bytes)
683 1982       3       Many::m334 (14 bytes)   made not entrant: not used
684 1984       3       Many::m335 (14 bytes)
684 1985       4       Many::m335 (14 bytes)
685 1984       3       Many::m335 (14 bytes)   made not entrant: not used
686 1986       3       Many::m336 (14 bytes)
686 1987       4       Many::m336 (14 bytes)
686 1986       3       Many::m336 (14 bytes)   made not entrant: not used
687 1988       3       Many::m337 (14 bytes)
687 1989       4       Many::m337 (14 bytes)
687 1988       3       Many::m337 (14 bytes)   made not entrant: not used
689 1990       3       Many::m338 (14 bytes)
689 1991       4       Many::m338 (14 bytes)
689 1990       3       Many::m338 (14 bytes)   made not entrant: not used
690 1992       3       Many::m339 (14 bytes)
690 1993       4       Many::m339 (14 bytes)
690 1992       3       Many::m339 (14 bytes)   made not entrant: not used
691 1994       3       Many::m340 (14 bytes)
691 1995       4       Many::m340 (14 bytes)
692 1994       3       Many::m340 (14 bytes)   made not entrant: not used
693 1996       3       Many::m341 (14 bytes)
693 1997       4       Many::m341 (14 bytes)
693 1996       3       Many::m341 (14 bytes)   made not entrant: not used
694 1998       3       Many::m342 (14 bytes)
694 1999       4       Many::m342 (14 bytes)
694 1998       3       Many::m342 (14 bytes)   made not entrant: not used
696 2000       3       Many::m343 (14 bytes)
696 2001       4       Many::m343 (14 bytes)
696 2000       3       Many::m343 (14 bytes)   made not entrant: not used
697 2002       3       Many::m344 (14 bytes)
697 2003       4       Many::m344 (14 bytes)
697 2002       3       Many::m344 (14 bytes)   made not entrant: not used
699 2004       3       Many::m345 (14 bytes)
699 2005       4       Many::m345 (14 bytes)
699 2004       3       Many::m345 (14 bytes)   made not entrant: not used
700 2006       3       Many::m346 (14 bytes)
700 2007       4       Many::m346 (14 bytes)
700 2006       3       Many::m346 (14 bytes)   made not entrant: not used
701 2008       3       Many::m347 (14 bytes)
702 2009       4       Many::m347 (14 bytes)
702 2008       3       Many::m347 (14 bytes)   made not entrant: not used
703 2010       3       Many::m348 (14 bytes)
703 2011       4       Many::m348 (14 bytes)
703 2010       3       Many::m348 (14 bytes)   made not entrant: not used
704 2012       3       Many::m349 (14 bytes)
704 2013       4       Many::m349 (14 bytes)
704 2012       3       Many::m349 (14 bytes)   made not entrant: not used
706 2014       3       Many::m350 (14 bytes)
706 2015       4       Many::m350 (14 bytes)
706 2014       3       Many::m350 (14 bytes)   made not entrant: not used
707 2016       3       Many::m351 (14 bytes)
707 2017       4       Many::m351 (14 bytes)
707 2016       3       Many::m351 (14 bytes)   made not entrant: not used
709 2018       3       Many::m352 (14 bytes)
709 2019       4       Many::m352 (14 bytes)
709 2018       3       Many::m352 (14 bytes)   made not entrant: not used
710 2020       3       Many::m353 (14 bytes)
710 2021       4       Many::m353 (14 bytes)
710 2020       3       Many::m353 (14 bytes)   made not entrant: not used
711 2022       3       Many::m354 (14 bytes)
711 2023       4       Many::m354 (14 bytes)
712 2022       3       Many::m354 (14 bytes)   made not entrant: not used
713 2024       3       Many::m355 (14 bytes)
713 2025       4       Many::m355 (14 bytes)
713 2024       3       Many::m355 (14 bytes)   made not entrant: not used
714 2026       3       Many::m356 (14 bytes)
714 2027       4       Many::m356 (14 bytes)
714 2026       3       Many::m356 (14 bytes)   made not entrant: not used
716 2028       3       Many::m357 (14 bytes)
716 2029       4       Many::m357 (14 bytes)
716 2028       3       Many::m357 (14 bytes)   made not entrant: not used
717 2030       3       Many::m358 (14 bytes)
717 2031       4       Many::m358 (14 bytes)
717 2030       3       Many::m358 (14 bytes)   made not entrant: not used
719 2032       3       Many::m359 (14 bytes)
719 2033       4       Many::m359 (14 bytes)
719 2032       3       Many::m359 (14 bytes)   made not entrant: not used
720 2034       3       Many::m360 (14 bytes)
720 2035       4       Many::m360 (14 bytes)
720 2034       3       Many::m360 (14 bytes)   made not entrant: not used
721 2036       3       Many::m361 (14 bytes)
721 2037       4       Many::m361 (14 bytes)
722 2036       3       Many::m361 (14 bytes)   made not entrant: not used
723 2038       3       Many::m362 (14 bytes)
723 2039       4       Many::m362 (14 bytes)
723 2038       3       Many::m362 (14 bytes)   made not entrant: not used
724 2040       3       Many::m363 (14 bytes)
724 2041       4       Many::m363 (14 bytes)
724 2040       3       Many::m363 (14 bytes)   made not entrant: not used
726 2042       3       Many::m364 (14 bytes)
726 2043       4       Many::m364 (14 bytes)
726 2042       3       Many::m364 (14 bytes)   made not entrant: not used
727 2044       3       Many::m365 (14 bytes)
727 2045       4       Many::m365 (14 bytes)
727 2044       3       Many::m365 (14 bytes)   made not entrant: not used
728 2046       3       Many::m366 (14 bytes)
729 2047       4       Many::m366 (14 bytes)
729 2046       3       Many::m366 (14 bytes)   made not entrant: not used
730 2048       3       Many::m367 (14 bytes)
730 2049       4       Many::m367 (14 bytes)
730 2048       3       Many::m367 (14 bytes)   made not entrant: not used
731 2050       3       Many::m368 (14 bytes)
731 2051       4       Many::m368 (14 bytes)
732 2050       3       Many::m368 (14 bytes)   made not entrant: not used
733 2052       3       Many::m369 (14 bytes)
733 2053       4       Many::m369 (14 bytes)
733 2052       3       Many::m369 (14 bytes)   made not entrant: not used
734 2054       3       Many::m370 (14 bytes)
734 2055       4       Many::m370 (14 bytes)
734 2054       3       Many::m370 (14 bytes)   made not entrant: not used
736 2056       3       Many::m371 (14 bytes)
736 2057       4       Many::m371 (14 bytes)
736 2056       3       Many::m371 (14 bytes)   made not entrant: not used
737 2058       3       Many::m372 (14 bytes)
737 2059       4       Many::m372 (14 bytes)
737 2058       3       Many::m372 (14 bytes)   made not entrant: not used
738 2060       3       Many::m373 (14 bytes)
739 2061       4       Many::m373 (14 bytes)
739 2060       3       Many::m373 (14 bytes)   made not entrant: not used
740 2062       3       Many::m374 (14 bytes)
740 2063       4       Many::m374 (14 bytes)
740 2062       3       Many::m374 (14 bytes)   made not entrant: not used
741 2064       3       Many::m375 (14 bytes)
741 2065       4       Many::m375 (14 bytes)
741 2064       3       Many::m375 (14 bytes)   made not entrant: not used
743 2066       3       Many::m376 (14 bytes)
743 2067       4       Many::m376 (14 bytes)
743 2066       3       Many::m376 (14 bytes)   made not entrant: not used
744 2068       3       Many::m377 (14 bytes)
744 2069       4       Many::m377 (14 bytes)
744 2068       3       Many::m377 (14 bytes)   made not entrant: not used
745 2070       3       Many::m378 (14 bytes)
746 2071       4       Many::m378 (14 bytes)
746 2070       3       Many::m378 (14 bytes)   made not entrant: not used
747 2072       3       Many::m379 (14 bytes)
747 2073       4       Many::m379 (14 bytes)
747 2072       3       Many::m379 (14 bytes)   made not entrant: not used
748 2074       3       Many::m380 (14 bytes)
749 2075       4       Many::m380 (14 bytes)
749 2074       3       Many::m380 (14 bytes)   made not entrant: not used
750 2076       3       Many::m381 (14 bytes)
750 2077       4       Many::m381 (14 bytes)
750 2076       3       Many::m381 (14 bytes)   made not entrant: not used
751 2078       3       Many::m382 (14 bytes)
751 2079       4       Many::m382 (14 bytes)
751 2078       3       Many::m382 (14 bytes)   made not entrant: not used
753 2080       3       Many::m383 (14 bytes)
753 2081       4       Many::m383 (14 bytes)
753 2080       3       Many::m383 (14 bytes)   made not entrant: not used
754 2082       3       Many::m384 (14 bytes)
754 2083       4       Many::m384 (14 bytes)
754 2082       3       Many::m384 (14 bytes)   made not entrant: not used
756 2084       3       Many::m385 (14 bytes)
756 2085       4       Many::m385 (14 bytes)
756 2084       3       Many::m385 (14 bytes)   made not entrant: not used
757 2086       3       Many::m386 (14 bytes)
757 2087       4       Many::m386 (14 bytes)
757 2086       3       Many::m386 (14 bytes)   made not entrant: not used
758 2088       3       Many::m387 (14 bytes)
758 2089       4       Many::m387 (14 bytes)
759 2088       3       Many::m387 (14 bytes)   made not entrant: not used
760 2090       3       Many::m388 (14 bytes)
760 2091       4       Many::m388 (14 bytes)
760 2090       3       Many::m388 (14 bytes)   made not entrant: not used
761 2092       3       Many::m389 (14 bytes)
761 2093       4       Many::m389 (14 bytes)
761 2092       3       Many::m389 (14 bytes)   made not entrant: not used
763 2094       3       Many::m390 (14 bytes)
763 2095       4       Many::m390 (14 bytes)
763 2094       3       Many::m390 (14 bytes)   made not entrant: not used
764 2096       3       Many::m391 (14 bytes)
764 2097       4       Many::m391 (14 bytes)
764 2096       3       Many::m391 (14 bytes)   made not entrant: not used
766 2098       3       Many::m392 (14 bytes)
766 2099       4       Many::m392 (14 bytes)
766 2098       3       Many::m392 (14 bytes)   made not entrant: not used
767 2100       3       Many::m393 (14 bytes)
767 2101       4       Many::m393 (14 bytes)
767 2100       3       Many::m393 (14 bytes)   made not entrant: not used
768 2102       3       Many::m394 (14 bytes)
768 2103       4       Many::m394 (14 bytes)
769 2102       3       Many::m394 (14 bytes)   made not entrant: not used
770 2104       3       Many::m395 (14 bytes)
770 2105       4       Many::m395 (14 bytes)
770 2104       3       Many::m395 (14 bytes)   made not entrant: not used
771 2106       3       Many::m396 (14 bytes)
771 2107       4       Many::m396 (14 bytes)
771 2106       3       Many::m396 (14 bytes)   made not entrant: not used
773 2108       3       Many::m397 (14 bytes)
773 2109       4       Many::m397 (14 bytes)
773 2108       3       Many::m397 (14 bytes)   made not entrant: not used
774 2110       3       Many::m398 (14 bytes)
774 2111       4       Many::m398 (14 bytes)
774 2110       3       Many::m398 (14 bytes)   made not entrant: not used
775 2112       3       Many::m399 (14 bytes)
776 2113       4       Many::m399 (14 bytes)
776 2112       3       Many::m399 (14 bytes)   made not entrant: not used
777 2114       3       Many::m400 (14 bytes)
777 2115       4       Many::m400 (14 bytes)
777 2114       3       Many::m400 (14 bytes)   made not entrant: not used
778 2116       3       Many::m401 (14 bytes)
778 2117       4       Many::m401 (14 bytes)
778 2116       3       Many::m401 (14 bytes)   made not entrant: not used
780 2118       3       Many::m402 (14 bytes)
780 2119       4       Many::m402 (14 bytes)
780 2118       3       Many::m402 (14 bytes)   made not entrant: not used
781 2120       3       Many::m403 (14 bytes)
781 2121       4       Many::m403 (14 bytes)
781 2120       3       Many::m403 (14 bytes)   made not entrant: not used
783 2122       3       Many::m404 (14 bytes)
783 2123       4       Many::m404 (14 bytes)
783 2122       3       Many::m404 (14 bytes)   made not entrant: not used
784 2124       3       Many::m405 (14 bytes)
784 2125       4       Many::m405 (14 bytes)
784 2124       3       Many::m405 (14 bytes)   made not entrant: not used
785 2126       3       Many::m406 (14 bytes)
786 2127       4       Many::m406 (14 bytes)
786 2126       3       Many::m406 (14 bytes)   made not entrant: not used
787 2128       3       Many::m407 (14 bytes)
787 2129       4       Many::m407 (14 bytes)
787 2128       3       Many::m407 (14 bytes)   made not entrant: not used
788 2130       3       Many::m408 (14 bytes)
788 2131       4       Many::m408 (14 bytes)
789 2130       3       Many::m408 (14 bytes)   made not entrant: not used
790 2132       3       Many::m409 (14 bytes)
790 2133       4       Many::m409 (14 bytes)
790 2132       3       Many::m409 (14 bytes)   made not entrant: not used
791 2134       3       Many::m410 (14 bytes)
791 2135       4       Many::m410 (14 bytes)
791 2134       3       Many::m410 (14 bytes)   made not entrant: not used
793 2136       3       Many::m411 (14 bytes)
793 2137       4       Many::m411 (14 bytes)
793 2136       3       Many::m411 (14 bytes)   made not entrant: not used
794 2138       3       Many::m412 (14 bytes)
794 2139       4       Many::m412 (14 bytes)
794 2138       3       Many::m412 (14 bytes)   made not entrant: not used
795 2140       3       Many::m413 (14 bytes)
796 2141       4       Many::m413 (14 bytes)
796 2140       3       Many::m413 (14 bytes)   made not entrant: not used
797 2142       3       Many::m414 (14 bytes)
797 2143       4       Many::m414 (14 bytes)
797 2142       3       Many::m414 (14 bytes)   made not entrant: not used
798 2144       3       Many::m415 (14 bytes)
798 2145       4       Many::m415 (14 bytes)
799 2144       3       Many::m415 (14 bytes)   made not entrant: not used
800 2146       3       Many::m416 (14 bytes)
800 2147       4       Many::m416 (14 bytes)
800 2146       3       Many::m416 (14 bytes)   made not entrant: not used
801 2148       3       Many::m417 (14 bytes)
801 2149       4       Many::m417 (14 bytes)
801 2148       3       Many::m417 (14 bytes)   made not entrant: not used
803 2150       3       Many::m418 (14 bytes)
803 2151       4       Many::m418 (14 bytes)
803 2150       3       Many::m418 (14 bytes)   made not entrant: not used
804 2152       3       Many::m419 (14 bytes)
804 2153       4       Many::m419 (14 bytes)
804 2152       3       Many::m419 (14 bytes)   made not entrant: not used
805 2154       3       Many::m420 (14 bytes)
806 2155       4       Many::m420 (14 bytes)
806 2154       3       Many::m420 (14 bytes)   made not entrant: not used
807 2156       3       Many::m421 (14 bytes)
807 2157       4       Many::m421 (14 bytes)
807 2156       3       Many::m421 (14 bytes)   made not entrant: not used
808 2158       3       Many::m422 (14 bytes)
808 2159       4       Many::m422 (14 bytes)
808 2158       3       Many::m422 (14 bytes)   made not entrant: not used
810 2160       3       Many::m423 (14 bytes)
810 2161       4       Many::m423 (14 bytes)
810 2160       3       Many::m423 (14 bytes)   made not entrant: not used
811 2162       3       Many::m424 (14 bytes)
811 2163       4       Many::m424 (14 bytes)
811 2162       3       Many::m424 (14 bytes)   made not entrant: not used
813 2164       3       Many::m425 (14 bytes)
813 2165       4       Many::m425 (14 bytes)
813 2164       3       Many::m425 (14 bytes)   made not entrant: not used
814 2166       3       Many::m426 (14 bytes)
814 2167       4       Many::m426 (14 bytes)
814 2166       3       Many::m426 (14 bytes)   made not entrant: not used
815 2168       3       Many::m427 (14 bytes)
816 2169       4       Many::m427 (14 bytes)
816 2168       3       Many::m427 (14 bytes)   made not entrant: not used
817 2170       3       Many::m428 (14 bytes)
817 2171       4       Many::m428 (14 bytes)
817 2170       3       Many::m428 (14 bytes)   made not entrant: not used
818 2172       3       Many::m429 (14 bytes)
818 2173       4       Many::m429 (14 bytes)
818 2172       3       Many::m429 (14 bytes)   made not entrant: not used
820 2174       3       Many::m430 (14 bytes)
820 2175       4       Many::m430 (14 bytes)
820 2174       3       Many::m430 (14 bytes)   made not entrant: not used
821 2176       3       Many::m431 (14 bytes)
821 2177       4       Many::m431 (14 bytes)
821 2176       3       Many::m431 (14 bytes)   made not entrant: not used
823 2178       3       Many::m432 (14 bytes)
823 2179       4       Many::m432 (14 bytes)
823 2178       3       Many::m432 (14 bytes)   made not entrant: not used
824 2180       3       Many::m433 (14 bytes)
824 2181       4       Many::m433 (14 bytes)
824 2180       3       Many::m433 (14 bytes)   made not entrant: not used
825 2182       3       Many::m434 (14 bytes)
825 2183       4       Many::m434 (14 bytes)
826 2182       3       Many::m434 (14 bytes)   made not entrant: not used
827 2184       3       Many::m435 (14 bytes)
827 2185       4       Many::m435 (14 bytes)
827 2184       3       Many::m435 (14 bytes)   made not entrant: not used
828 2186       3       Many::m436 (14 bytes)
828 2187       4       Many::m436 (14 bytes)
828 2186       3       Many::m436 (14 bytes)   made not entrant: not used
830 2188       3       Many::m437 (14 bytes)
830 2189       4       Many::m437 (14 bytes)
830 2188       3       Many::m437 (14 bytes)   made not entrant: not used
831 2190       3       Many::m438 (14 bytes)
831 2191       4       Many::m438 (14 bytes)
831 2190       3       Many::m438 (14 bytes)   made not entrant: not used
833 2192       3       Many::m439 (14 bytes)
833 2193       4       Many::m439 (14 bytes)
833 2192       3       Many::m439 (14 bytes)   made not entrant: not used
834 2194       3       Many::m440 (14 bytes)
834 2195       4       Many::m440 (14 bytes)
834 2194       3       Many::m440 (14 bytes)   made not entrant: not used
835 2196       3       Many::m441 (14 bytes)
836 2197       4       Many::m441 (14 bytes)
836 2196       3       Many::m441 (14 bytes)   made not entrant: not used
837 2198       3       Many::m442 (14 bytes)
837 2199       4       Many::m442 (14 bytes)
837 2198       3       Many::m442 (14 bytes)   made not entrant: not used
838 2200       3       Many::m443 (14 bytes)
838 2201       4       Many::m443 (14 bytes)
838 2200       3       Many::m443 (14 bytes)   made not entrant: not used
840 2202       3       Many::m444 (14 bytes)
840 2203       4       Many::m444 (14 bytes)
840 2202       3       Many::m444 (14 bytes)   made not entrant: not used
841 2204       3       Many::m445 (14 bytes)
841 2205       4       Many::m445 (14 bytes)
841 2204       3       Many::m445 (14 bytes)   made not entrant: not used
843 2206       3       Many::m446 (14 bytes)
843 2207       4       Many::m446 (14 bytes)
843 2206       3       Many::m446 (14 bytes)   made not entrant: not used
844 2208       3       Many::m447 (14 bytes)
844 2209       4       Many::m447 (14 bytes)
844 2208       3       Many::m447 (14 bytes)   made not entrant: not used
845 2210       3       Many::m448 (14 bytes)
845 2211       4       Many::m448 (14 bytes)
846 2210       3       Many::m448 (14 bytes)   made not entrant: not used
847 2212       3       Many::m449 (14 bytes)
847 2213       4       Many::m449 (14 bytes)
847 2212       3       Many::m449 (14 bytes)   made not entrant: not used
848 2214       3       Many::m450 (14 bytes)
848 2215       4       Many::m450 (14 bytes)
848 2214       3       Many::m450 (14 bytes)   made not entrant: not used
850 2216       3       Many::m451 (14 bytes)
850 2217       4       Many::m451 (14 bytes)
850 2216       3       Many::m451 (14 bytes)   made not entrant: not used
851 2218       3       Many::m452 (14 bytes)
851 2219       4       Many::m452 (14 bytes)
851 2218       3       Many::m452 (14 bytes)   made not entrant: not used
853 2220       3       Many::m453 (14 bytes)
853 2221       4       Many::m453 (14 bytes)
853 2220       3       Many::m453 (14 bytes)   made not entrant: not used
854 2222       3       Many::m454 (14 bytes)
854 2223       4       Many::m454 (14 bytes)
854 2222       3       Many::m454 (14 bytes)   made not entrant: not used
855 2224       3       Many::m455 (14 bytes)
855 2225       4       Many::m455 (14 bytes)
856 2224       3       Many::m455 (14 bytes)   made not entrant: not used
857 2226       3       Many::m456 (14 bytes)
857 2227       4       Many::m456 (14 bytes)
857 2226       3       Many::m456 (14 bytes)   made not entrant: not used
858 2228       3       Many::m457 (14 bytes)
858 2229       4       Many::m457 (14 bytes)
858 2228       3       Many::m457 (14 bytes)   made not entrant: not used
860 2230       3       Many::m458 (14 bytes)
860 2231       4       Many::m458 (14 bytes)
860 2230       3       Many::m458 (14 bytes)   made not entrant: not used
861 2232       3       Many::m459 (14 bytes)
861 2233       4       Many::m459 (14 bytes)
861 2232       3       Many::m459 (14 bytes)   made not entrant: not used
862 2234       3       Many::m460 (14 bytes)
863 2235       4       Many::m460 (14 bytes)
863 2234       3       Many::m460 (14 bytes)   made not entrant: not used
864 2236       3       Many::m461 (14 bytes)
864 2237       4       Many::m461 (14 bytes)
864 2236       3       Many::m461 (14 bytes)   made not entrant: not used
865 2238       3       Many::m462 (14 bytes)
865 2239       4       Many::m462 (14 bytes)
866 2238       3       Many::m462 (14 bytes)   made not entrant: not used
867 2240       3       Many::m463 (14 bytes)
867 2241       4       Many::m463 (14 bytes)
867 2240       3       Many::m463 (14 bytes)   made not entrant: not used
868 2242       3       Many::m464 (14 bytes)
868 2243       4       Many::m464 (14 bytes)
868 2242       3       Many::m464 (14 bytes)   made not entrant: not used
870 2244       3       Many::m465 (14 bytes)
870 2245       4       Many::m465 (14 bytes)
870 2244       3       Many::m465 (14 bytes)   made not entrant: not used
871 2246       3       Many::m466 (14 bytes)
871 2247       4       Many::m466 (14 bytes)
871 2246       3       Many::m466 (14 bytes)   made not entrant: not used
872 2248       3       Many::m467 (14 bytes)
873 2249       4       Many::m467 (14 bytes)
873 2248       3       Many::m467 (14 bytes)   made not entrant: not used
874 2250       3       Many::m468 (14 bytes)
874 2251       4       Many::m468 (14 bytes)
874 2250       3       Many::m468 (14 bytes)   made not entrant: not used
875 2252       3       Many::m469 (14 bytes)
875 2253       4       Many::m469 (14 bytes)
875 2252       3       Many::m469 (14 bytes)   made not entrant: not used
877 2254       3       Many::m470 (14 bytes)
877 2255       4       Many::m470 (14 bytes)
877 2254       3       Many::m470 (14 bytes)   made not entrant: not used
878 2256       3       Many::m471 (14 bytes)
878 2257       4       Many::m471 (14 bytes)
878 2256       3       Many::m471 (14 bytes)   made not entrant: not used
880 2258       3       Many::m472 (14 bytes)
880 2259       4       Many::m472 (14 bytes)
880 2258       3       Many::m472 (14 bytes)   made not entrant: not used
881 2260       3       Many::m473 (14 bytes)
881 2261       4       Many::m473 (14 bytes)
881 2260       3       Many::m473 (14 bytes)   made not entrant: not used
882 2262       3       Many::m474 (14 bytes)
882 2263       4       Many::m474 (14 bytes)
883 2262       3       Many::m474 (14 bytes)   made not entrant: not used
884 2264       3       Many::m475 (14 bytes)
884 2265       4       Many::m475 (14 bytes)
884 2264       3       Many::m475 (14 bytes)   made not entrant: not used
885 2266       3       Many::m476 (14 bytes)
885 2267       4       Many::m476 (14 bytes)
885 2266       3       Many::m476 (14 bytes)   made not entrant: not used
887 2268       3       Many::m477 (14 bytes)
887 2269       4       Many::m477 (14 bytes)
887 2268       3       Many::m477 (14 bytes)   made not entrant: not used
888 2270       3       Many::m478 (14 bytes)
888 2271       4       Many::m478 (14 bytes)
888 2270       3       Many::m478 (14 bytes)   made not entrant: not used
889 2272       3       Many::m479 (14 bytes)
890 2273       4       Many::m479 (14 bytes)
890 2272       3       Many::m479 (14 bytes)   made not entrant: not used
891 2274       3       Many::m480 (14 bytes)
891 2275       4       Many::m480 (14 bytes)
891 2274       3       Many::m480 (14 bytes)   made not entrant: not used
892 2276       3       Many::m481 (14 bytes)
892 2277       4       Many::m481 (14 bytes)
893 2276       3       Many::m481 (14 bytes)   made not entrant: not used
894 2278       3       Many::m482 (14 bytes)
894 2279       4       Many::m482 (14 bytes)
894 2278       3       Many::m482 (14 bytes)   made not entrant: not used
895 2280       3       Many::m483 (14 bytes)
895 2281       4       Many::m483 (14 bytes)
895 2280       3       Many::m483 (14 bytes)   made not entrant: not used
897 2282       3       Many::m484 (14 bytes)
897 2283       4       Many::m484 (14 bytes)
897 2282       3       Many::m484 (14 bytes)   made not entrant: not used
898 2284       3       Many::m485 (14 bytes)
898 2285       4       Many::m485 (14 bytes)
898 2284       3       Many::m485 (14 bytes)   made not entrant: not used
900 2286       3       Many::m486 (14 bytes)
900 2287       4       Many::m486 (14 bytes)
900 2286       3       Many::m486 (14 bytes)   made not entrant: not used
901 2288       3       Many::m487 (14 bytes)
901 2289       4       Many::m487 (14 bytes)
901 2288       3       Many::m487 (14 bytes)   made not entrant: not used
902 2290       3       Many::m488 (14 bytes)
902 2291       4       Many::m488 (14 bytes)
903 2290       3       Many::m488 (14 bytes)   made not entrant: not used
904 2292       3       Many::m489 (14 bytes)
904 2293       4       Many::m489 (14 bytes)
904 2292       3       Many::m489 (14 bytes)   made not entrant: not used
905 2294       3       Many::m490 (14 bytes)
905 2295       4       Many::m490 (14 bytes)
905 2294       3       Many::m490 (14 bytes)   made not entrant: not used
907 2296       3       Many::m491 (14 bytes)
907 2297       4       Many::m491 (14 bytes)
907 2296       3       Many::m491 (14 bytes)   made not entrant: not used
908 2298       3       Many::m492 (14 bytes)
908 2299       4       Many::m492 (14 bytes)
908 2298       3       Many::m492 (14 bytes)   made not entrant: not used
909 2300       3       Many::m493 (14 bytes)
910 2301       4       Many::m493 (14 bytes)
910 2300       3       Many::m493 (14 bytes)   made not entrant: not used
911 2302       3       Many::m494 (14 bytes)
911 2303       4       Many::m494 (14 bytes)
911 2302       3       Many::m494 (14 bytes)   made not entrant: not used
912 2304       3       Many::m495 (14 bytes)
912 2305       4       Many::m495 (14 bytes)
912 2304       3       Many::m495 (14 bytes)   made not entrant: not used
914 2306       3       Many::m496 (14 bytes)
914 2307       4       Many::m496 (14 bytes)
914 2306       3       Many::m496 (14 bytes)   made not entrant: not used
915 2308       3       Many::m497 (14 bytes)
915 2309       4       Many::m497 (14 bytes)
915 2308       3       Many::m497 (14 bytes)   made not entrant: not used
917 2310       3       Many::m498 (14 bytes)
917 2311       4       Many::m498 (14 bytes)
917 2310       3       Many::m498 (14 bytes)   made not entrant: not used
918 2312       3       Many::m499 (14 bytes)
918 2313       4       Many::m499 (14 bytes)
918 2312       3       Many::m499 (14 bytes)   made not entrant: not used
919 2314       3       Many::m500 (14 bytes)
920 2315       4       Many::m500 (14 bytes)
920 2314       3       Many::m500 (14 bytes)   made not entrant: not used
921 2316       3       Many::m501 (14 bytes)
921 2317       4       Many::m501 (14 bytes)
921 2316       3       Many::m501 (14 bytes)   made not entrant: not used
922 2318       3       Many::m502 (14 bytes)
922 2319       4       Many::m502 (14 bytes)
922 2318       3       Many::m502 (14 bytes)   made not entrant: not used
924 2320       3       Many::m503 (14 bytes)
924 2321       4       Many::m503 (14 bytes)
924 2320       3       Many::m503 (14 bytes)   made not entrant: not used
925 2322       3       Many::m504 (14 bytes)
925 2323       4       Many::m504 (14 bytes)
925 2322       3       Many::m504 (14 bytes)   made not entrant: not used
927 2324       3       Many::m505 (14 bytes)
927 2325       4       Many::m505 (14 bytes)
927 2324       3       Many::m505 (14 bytes)   made not entrant: not used
928 2326       3       Many::m506 (14 bytes)
928 2327       4       Many::m506 (14 bytes)
928 2326       3       Many::m506 (14 bytes)   made not entrant: not used
929 2328       3       Many::m507 (14 bytes)
929 2329       4       Many::m507 (14 bytes)
930 2328       3       Many::m507 (14 bytes)   made not entrant: not used
931 2330       3       Many::m508 (14 bytes)
931 2331       4       Many::m508 (14 bytes)
931 2330       3       Many::m508 (14 bytes)   made not entrant: not used
932 2332       3       Many::m509 (14 bytes)
933 2333       4       Many::m509 (14 bytes)
933 2332       3       Many::m509 (14 bytes)   made not entrant: not used
934 2334       3       Many::m510 (14 bytes)
934 2335       4       Many::m510 (14 bytes)
934 2334       3       Many::m510 (14 bytes)   made not entrant: not used
935 2336       3       Many::m511 (14 bytes)
935 2337       4       Many::m511 (14 bytes)
935 2336       3       Many::m511 (14 bytes)   made not entrant: not used
937 2338       3       Many::m512 (14 bytes)
937 2339       4       Many::m512 (14 bytes)
937 2338       3       Many::m512 (14 bytes)   made not entrant: not used
938 2340       3       Many::m513 (14 bytes)
938 2341       4       Many::m513 (14 bytes)
938 2340       3       Many::m513 (14 bytes)   made not entrant: not used
939 2342       3       Many::m514 (14 bytes)
940 2343       4       Many::m514 (14 bytes)
940 2342       3       Many::m514 (14 bytes)   made not entrant: not used
941 2344       3       Many::m515 (14 bytes)
941 2345       4       Many::m515 (14 bytes)
941 2344       3       Many::m515 (14 bytes)   made not entrant: not used
942 2346       3       Many::m516 (14 bytes)
942 2347       4       Many::m516 (14 bytes)
943 2346       3       Many::m516 (14 bytes)   made not entrant: not used
944 2348       3       Many::m517 (14 bytes)
944 2349       4       Many::m517 (14 bytes)
944 2348       3       Many::m517 (14 bytes)   made not entrant: not used
945 2350       3       Many::m518 (14 bytes)
945 2351       4       Many::m518 (14 bytes)
945 2350       3       Many::m518 (14 bytes)   made not entrant: not used
947 2352       3       Many::m519 (14 bytes)
947 2353       4       Many::m519 (14 bytes)
947 2352       3       Many::m519 (14 bytes)   made not entrant: not used
948 2354       3       Many::m520 (14 bytes)
948 2355       4       Many::m520 (14 bytes)
948 2354       3       Many::m520 (14 bytes)   made not entrant: not used
950 2356       3       Many::m521 (14 bytes)
950 2357       4       Many::m521 (14 bytes)
950 2356       3       Many::m521 (14 bytes)   made not entrant: not used
951 2358       3       Many::m522 (14 bytes)
951 2359       4       Many::m522 (14 bytes)
951 2358       3       Many::m522 (14 bytes)   made not entrant: not used
952 2360       3       Many::m523 (14 bytes)
953 2361       4       Many::m523 (14 bytes)
953 2360       3       Many::m523 (14 bytes)   made not entrant: not used
954 2362       3       Many::m524 (14 bytes)
954 2363       4       Many::m524 (14 bytes)
954 2362       3       Many::m524 (14 bytes)   made not entrant: not used
955 2364       3       Many::m525 (14 bytes)
955 2365       4       Many::m525 (14 bytes)
955 2364       3       Many::m525 (14 bytes)   made not entrant: not used
957 2366       3       Many::m526 (14 bytes)
957 2367       4       Many::m526 (14 bytes)
957 2366       3       Many::m526 (14 bytes)   made not entrant: not used
958 2368       3       Many::m527 (14 bytes)
958 2369       4       Many::m527 (14 bytes)
958 2368       3       Many::m527 (14 bytes)   made not entrant: not used
959 2370       3       Many::m528 (14 bytes)
960 2371       4       Many::m528 (14 bytes)
960 2370       3       Many::m528 (14 bytes)   made not entrant: not used
961 2372       3       Many::m529 (14 bytes)
961 2373       4       Many::m529 (14 bytes)
961 2372       3       Many::m529 (14 bytes)   made not entrant: not used
962 2374       3       Many::m530 (14 bytes)
962 2375       4       Many::m530 (14 bytes)
962 2374       3       Many::m530 (14 bytes)   made not entrant: not used
964 2376       3       Many::m531 (14 bytes)
964 2377       4       Many::m531 (14 bytes)
964 2376       3       Many::m531 (14 bytes)   made not entrant: not used
965 2378       3       Many::m532 (14 bytes)
965 2379       4       Many::m532 (14 bytes)
965 2378       3       Many::m532 (14 bytes)   made not entrant: not used
967 2380       3       Many::m533 (14 bytes)
967 2381       4       Many::m533 (14 bytes)
967 2380       3       Many::m533 (14 bytes)   made not entrant: not used
968 2382       3       Many::m534 (14 bytes)
968 2383       4       Many::m534 (14 bytes)
968 2382       3       Many::m534 (14 bytes)   made not entrant: not used
969 2384       3       Many::m535 (14 bytes)
970 2385       4       Many::m535 (14 bytes)
970 2384       3       Many::m535 (14 bytes)   made not entrant: not used
971 2386       3       Many::m536 (14 bytes)
971 2387       4       Many::m536 (14 bytes)
971 2386       3       Many::m536 (14 bytes)   made not entrant: not used
972 2388       3       Many::m537 (14 bytes)
972 2389       4       Many::m537 (14 bytes)
972 2388       3       Many::m537 (14 bytes)   made not entrant: not used
974 2390       3       Many::m538 (14 bytes)
974 2391       4       Many::m538 (14 bytes)
974 2390       3       Many::m538 (14 bytes)   made not entrant: not used
975 2392       3       Many::m539 (14 bytes)
975 2393       4       Many::m539 (14 bytes)
975 2392       3       Many::m539 (14 bytes)   made not entrant: not used
977 2394       3       Many::m540 (14 bytes)
977 2395       4       Many::m540 (14 bytes)
977 2394       3       Many::m540 (14 bytes)   made not entrant: not used
978 2396       3       Many::m541 (14 bytes)
978 2397       4       Many::m541 (14 bytes)
978 2396       3       Many::m541 (14 bytes)   made not entrant: not used
979 2398       3       Many::m542 (14 bytes)
979 2399       4       Many::m542 (14 bytes)
980 2398       3       Many::m542 (14 bytes)   made not entrant: not used
981 2400       3       Many::m543 (14 bytes)
981 2401       4       Many::m543 (14 bytes)
981 2400       3       Many::m543 (14 bytes)   made not entrant: not used
982 2402       3       Many::m544 (14 bytes)
982 2403       4       Many::m544 (14 bytes)
983 2402       3       Many::m544 (14 bytes)   made not entrant: not used
984 2404       3       Many::m545 (14 bytes)
984 2405       4       Many::m545 (14 bytes)
984 2404       3       Many::m545 (14 bytes)   made not entrant: not used
985 2406       3       Many::m546 (14 bytes)
985 2407       4       Many::m546 (14 bytes)
985 2406       3       Many::m546 (14 bytes)   made not entrant: not used
987 2408       3       Many::m547 (14 bytes)
987 2409       4       Many::m547 (14 bytes)
987 2408       3       Many::m547 (14 bytes)   made not entrant: not used
988 2410       3       Many::m548 (14 bytes)
988 2411       4       Many::m548 (14 bytes)
988 2410       3       Many::m548 (14 bytes)   made not entrant: not used
989 2412       3       Many::m549 (14 bytes)
989 2413       4       Many::m549 (14 bytes)
990 2412       3       Many::m549 (14 bytes)   made not entrant: not used
991 2414       3       Many::m550 (14 bytes)
991 2415       4       Many::m550 (14 bytes)
991 2414       3       Many::m550 (14 bytes)   made not entrant: not used
992 2416       3       Many::m551 (14 bytes)
992 2417       4       Many::m551 (14 bytes)
992 2416       3       Many::m551 (14 bytes)   made not entrant: not used
994 2418       3       Many::m552 (14 bytes)
994 2419       4       Many::m552 (14 bytes)
994 2418       3       Many::m552 (14 bytes)   made not entrant: not used
995 2420       3       Many::m553 (14 bytes)
995 2421       4       Many::m553 (14 bytes)
995 2420       3       Many::m553 (14 bytes)   made not entrant: not used
997 2422       3       Many::m554 (14 bytes)
997 2423       4       Many::m554 (14 bytes)
997 2422       3       Many::m554 (14 bytes)   made not entrant: not used
998 2424       3       Many::m555 (14 bytes)
998 2425       4       Many::m555 (14 bytes)
998 2424       3       Many::m555 (14 bytes)   made not entrant: not used
1000 2426       3       Many::m556 (14 bytes)
1000 2427       4       Many::m556 (14 bytes)
1000 2426       3       Many::m556 (14 bytes)   made not entrant: not used
1001 2428       3       Many::m557 (14 bytes)
1001 2429       4       Many::m557 (14 bytes)
1001 2428       3       Many::m557 (14 bytes)   made not entrant: not used
1002 2430       3       Many::m558 (14 bytes)
1002 2431       4       Many::m558 (14 bytes)
1003 2430       3       Many::m558 (14 bytes)   made not entrant: not used
1004 2432       3       Many::m559 (14 bytes)
1004 2433       4       Many::m559 (14 bytes)
1004 2432       3       Many::m559 (14 bytes)   made not entrant: not used
1005 2434       3       Many::m560 (14 bytes)
1005 2435       4       Many::m560 (14 bytes)
1005 2434       3       Many::m560 (14 bytes)   made not entrant: not used
1007 2436       3       Many::m561 (14 bytes)
1007 2437       4       Many::m561 (14 bytes)
1007 2436       3       Many::m561 (14 bytes)   made not entrant: not used
1008 2438       3       Many::m562 (14 bytes)
1008 2439       4       Many::m562 (14 bytes)
1008 2438       3       Many::m562 (14 bytes)   made not entrant: not used
1009 2440       3       Many::m563 (14 bytes)
1010 2441       4       Many::m563 (14 bytes)
1010 2440       3       Many::m563 (14 bytes)   made not entrant: not used
1011 2442       3       Many::m564 (14 bytes)
1011 2443       4       Many::m564 (14 bytes)
1011 2442       3       Many::m564 (14 bytes)   made not entrant: not used
1012 2444       3       Many::m565 (14 bytes)
1012 2445       4       Many::m565 (14 bytes)
1012 2444       3       Many::m565 (14 bytes)   made not entrant: not used
1014 2446       3       Many::m566 (14 bytes)
1014 2447       4       Many::m566 (14 bytes)
1014 2446       3       Many::m566 (14 bytes)   made not entrant: not used
1015 2448       3       Many::m567 (14 bytes)
1015 2449       4       Many::m567 (14 bytes)
1015 2448       3       Many::m567 (14 bytes)   made not entrant: not used
1017 2450       3       Many::m568 (14 bytes)
1017 2451       4       Many::m568 (14 bytes)
1017 2450       3       Many::m568 (14 bytes)   made not entrant: not used
1018 2452       3       Many::m569 (14 bytes)
1018 2453       4       Many::m569 (14 bytes)
1018 2452       3       Many::m569 (14 bytes)   made not entrant: not used
1019 2454       3       Many::m570 (14 bytes)
1020 2455       4       Many::m570 (14 bytes)
1020 2454       3       Many::m570 (14 bytes)   made not entrant: not used
1021 2456       3       Many::m571 (14 bytes)
1021 2457       4       Many::m571 (14 bytes)
1021 2456       3       Many::m571 (14 bytes)   made not entrant: not used
1022 2458       3       Many::m572 (14 bytes)
1022 2459       4       Many::m572 (14 bytes)
1022 2458       3       Many::m572 (14 bytes)   made not entrant: not used
1024 2460       3       Many::m573 (14 bytes)
1024 2461       4       Many::m573 (14 bytes)
1024 2460       3       Many::m573 (14 bytes)   made not entrant: not used
1025 2462       3       Many::m574 (14 bytes)
1025 2463       4       Many::m574 (14 bytes)
1025 2462       3       Many::m574 (14 bytes)   made not entrant: not used
1026 2464       3       Many::m575 (14 bytes)
1027 2465       4       Many::m575 (14 bytes)
1027 2464       3       Many::m575 (14 bytes)   made not entrant: not used
1028 2466       3       Many::m576 (14 bytes)
1028 2467       4       Many::m576 (14 bytes)
1028 2466       3       Many::m576 (14 bytes)   made not entrant: not used
1029 2468       3       Many::m577 (14 bytes)
1029 2469       4       Many::m577 (14 bytes)
1030 2468       3       Many::m577 (14 bytes)   made not entrant: not used
1031 2470       3       Many::m578 (14 bytes)
1031 2471       4       Many::m578 (14 bytes)
1031 2470       3       Many::m578 (14 bytes)   made not entrant: not used
1032 2472       3       Many::m579 (14 bytes)
1032 2473       4       Many::m579 (14 bytes)
1032 2472       3       Many::m579 (14 bytes)   made not entrant: not used
1034 2474       3       Many::m580 (14 bytes)
1034 2475       4       Many::m580 (14 bytes)
1034 2474       3       Many::m580 (14 bytes)   made not entrant: not used
1035 2476       3       Many::m581 (14 bytes)
1035 2477       4       Many::m581 (14 bytes)
1035 2476       3       Many::m581 (14 bytes)   made not entrant: not used
1037 2478       3       Many::m582 (14 bytes)
1037 2479       4       Many::m582 (14 bytes)
1037 2478       3       Many::m582 (14 bytes)   made not entrant: not used
1038 2480       3       Many::m583 (14 bytes)
1038 2481       4       Many::m583 (14 bytes)
1038 2480       3       Many::m583 (14 bytes)   made not entrant: not used
1039 2482       3       Many::m584 (14 bytes)
1039 2483       4       Many::m584 (14 bytes)
1040 2482       3       Many::m584 (14 bytes)   made not entrant: not used
1041 2484       3       Many::m585 (14 bytes)
1041 2485       4       Many::m585 (14 bytes)
1041 2484       3       Many::m585 (14 bytes)   made not entrant: not used
1042 2486       3       Many::m586 (14 bytes)
1042 2487       4       Many::m586 (14 bytes)
1042 2486       3       Many::m586 (14 bytes)   made not entrant: not used
1044 2488       3       Many::m587 (14 bytes)
1044 2489       4       Many::m587 (14 bytes)
1044 2488       3       Many::m587 (14 bytes)   made not entrant: not used
1045 2490       3       Many::m588 (14 bytes)
1045 2491       4       Many::m588 (14 bytes)
1045 2490       3       Many::m588 (14 bytes)   made not entrant: not used
1047 2492       3       Many::m589 (14 bytes)
1047 2493       4       Many::m589 (14 bytes)
1047 2492       3       Many::m589 (14 bytes)   made not entrant: not used
1048 2494       3       Many::m590 (14 bytes)
1048 2495       4       Many::m590 (14 bytes)
1048 2494       3       Many::m590 (14 bytes)   made not entrant: not used
1049 2496       3       Many::m591 (14 bytes)
1050 2497       4       Many::m591 (14 bytes)
1050 2496       3       Many::m591 (14 bytes)   made not entrant: not used
1051 2498       3       Many::m592 (14 bytes)
1051 2499       4       Many::m592 (14 bytes)
1051 2498       3       Many::m592 (14 bytes)   made not entrant: not used
1052 2500       3       Many::m593 (14 bytes)
1052 2501       4       Many::m593 (14 bytes)
1052 2500       3       Many::m593 (14 bytes)   made not entrant: not used
1054 2502       3       Many::m594 (14 bytes)
1054 2503       4       Many::m594 (14 bytes)
1054 2502       3       Many::m594 (14 bytes)   made not entrant: not used
1055 2504       3       Many::m595 (14 bytes)
1055 2505       4       Many::m595 (14 bytes)
1055 2504       3       Many::m595 (14 bytes)   made not entrant: not used
1056 2506       3       Many::m596 (14 bytes)
1057 2507       4       Many::m596 (14 bytes)
1057 2506       3       Many::m596 (14 bytes)   made not entrant: not used
1058 2508       3       Many::m597 (14 bytes)
1058 2509       4       Many::m597 (14 bytes)
1058 2508       3       Many::m597 (14 bytes)   made not entrant: not used
1059 2510       3       Many::m598 (14 bytes)
1059 2511       4       Many::m598 (14 bytes)
1059 2510       3       Many::m598 (14 bytes)   made not entrant: not used
1061 2512       3       Many::m599 (14 bytes)
1061 2513       4       Many::m599 (14 bytes)
1061 2512       3       Many::m599 (14 bytes)   made not entrant: not used
1062 2514       3       Many::m600 (14 bytes)
1062 2515       4       Many::m600 (14 bytes)
1062 2514       3       Many::m600 (14 bytes)   made not entrant: not used
1064 2516       3       Many::m601 (14 bytes)
1064 2517       4       Many::m601 (14 bytes)
1064 2516       3       Many::m601 (14 bytes)   made not entrant: not used
1065 2518       3       Many::m602 (14 bytes)
1065 2519       4       Many::m602 (14 bytes)
1065 2518       3       Many::m602 (14 bytes)   made not entrant: not used
1067 2520       3       Many::m603 (14 bytes)
1067 2521       4       Many::m603 (14 bytes)
1067 2520       3       Many::m603 (14 bytes)   made not entrant: not used
1068 2522       3       Many::m604 (14 bytes)
1068 2523       4       Many::m604 (14 bytes)
1068 2522       3       Many::m604 (14 bytes)   made not entrant: not used
1069 2524       3       Many::m605 (14 bytes)
1069 2525       4       Many::m605 (14 bytes)
1070 2524       3       Many::m605 (14 bytes)   made not entrant: not used
1071 2526       3       Many::m606 (14 bytes)
1071 2527       4       Many::m606 (14 bytes)
1071 2526       3       Many::m606 (14 bytes)   made not entrant: not used
1072 2528       3       Many::m607 (14 bytes)
1072 2529       4       Many::m607 (14 bytes)
1072 2528       3       Many::m607 (14 bytes)   made not entrant: not used
1074 2530       3       Many::m608 (14 bytes)
1074 2531       4       Many::m608 (14 bytes)
1074 2530       3       Many::m608 (14 bytes)   made not entrant: not used
1075 2532       3       Many::m609 (14 bytes)
1075 2533       4       Many::m609 (14 bytes)
1075 2532       3       Many::m609 (14 bytes)   made not entrant: not used
1076 2534       3       Many::m610 (14 bytes)
1077 2535       4       Many::m610 (14 bytes)
1077 2534       3       Many::m610 (14 bytes)   made not entrant: not used
1078 2536       3       Many::m611 (14 bytes)
1078 2537       4       Many::m611 (14 bytes)
1078 2536       3       Many::m611 (14 bytes)   made not entrant: not used
1079 2538       3       Many::m612 (14 bytes)
1079 2539       4       Many::m612 (14 bytes)
1079 2538       3       Many::m612 (14 bytes)   made not entrant: not used
1081 2540       3       Many::m613 (14 bytes)
1081 2541       4       Many::m613 (14 bytes)
1081 2540       3       Many::m613 (14 bytes)   made not entrant: not used
1082 2542       3       Many::m614 (14 bytes)
1082 2543       4       Many::m614 (14 bytes)
1082 2542       3       Many::m614 (14 bytes)   made not entrant: not used
1084 2544       3       Many::m615 (14 bytes)
1084 2545       4       Many::m615 (14 bytes)
1084 2544       3       Many::m615 (14 bytes)   made not entrant: not used
1085 2546       3       Many::m616 (14 bytes)
1085 2547       4       Many::m616 (14 bytes)
1085 2546       3       Many::m616 (14 bytes)   made not entrant: not used
1086 2548       3       Many::m617 (14 bytes)
1087 2549       4       Many::m617 (14 bytes)
1087 2548       3       Many::m617 (14 bytes)   made not entrant: not used
1088 2550       3       Many::m618 (14 bytes)
1088 2551       4       Many::m618 (14 bytes)
1088 2550       3       Many::m618 (14 bytes)   made not entrant: not used
1089 2552       3       Many::m619 (14 bytes)
1089 2553       4       Many::m619 (14 bytes)
1089 2552       3       Many::m619 (14 bytes)   made not entrant: not used
1091 2554       3       Many::m620 (14 bytes)
1091 2555       4       Many::m620 (14 bytes)
1091 2554       3       Many::m620 (14 bytes)   made not entrant: not used
1092 2556       3       Many::m621 (14 bytes)
1092 2557       4       Many::m621 (14 bytes)
1092 2556       3       Many::m621 (14 bytes)   made not entrant: not used
1094 2558       3       Many::m622 (14 bytes)
1094 2559       4       Many::m622 (14 bytes)
1094 2558       3       Many::m622 (14 bytes)   made not entrant: not used
1095 2560       3       Many::m623 (14 bytes)
1095 2561       4       Many::m623 (14 bytes)
1095 2560       3       Many::m623 (14 bytes)   made not entrant: not used
1096 2562       3       Many::m624 (14 bytes)
1097 2563       4       Many::m624 (14 bytes)
1097 2562       3       Many::m624 (14 bytes)   made not entrant: not used
1098 2564       3       Many::m625 (14 bytes)
1098 2565       4       Many::m625 (14 bytes)
1098 2564       3       Many::m625 (14 bytes)   made not entrant: not used
1099 2566       3       Many::m626 (14 bytes)
1099 2567       4       Many::m626 (14 bytes)
1099 2566       3       Many::m626 (14 bytes)   made not entrant: not used
1101 2568       3       Many::m627 (14 bytes)
1101 2569       4       Many::m627 (14 bytes)
1101 2568       3       Many::m627 (14 bytes)   made not entrant: not used
1102 2570       3       Many::m628 (14 bytes)
1102 2571       4       Many::m628 (14 bytes)
1102 2570       3       Many::m628 (14 bytes)   made not entrant: not used
1104 2572       3       Many::m629 (14 bytes)
1104 2573       4       Many::m629 (14 bytes)
1104 2572       3       Many::m629 (14 bytes)   made not entrant: not used
1105 2574       3       Many::m630 (14 bytes)
1105 2575       4       Many::m630 (14 bytes)
1105 2574       3       Many::m630 (14 bytes)   made not entrant: not used
1106 2576       3       Many::m631 (14 bytes)
1106 2577       4       Many::m631 (14 bytes)
1107 2576       3       Many::m631 (14 bytes)   made not entrant: not used
1108 2578       3       Many::m632 (14 bytes)
1108 2579       4       Many::m632 (14 bytes)
1108 2578       3       Many::m632 (14 bytes)   made not entrant: not used
1109 2580       3       Many::m633 (14 bytes)
1109 2581       4       Many::m633 (14 bytes)
1109 2580       3       Many::m633 (14 bytes)   made not entrant: not used
1111 2582       3       Many::m634 (14 bytes)
1111 2583       4       Many::m634 (14 bytes)
1111 2582       3       Many::m634 (14 bytes)   made not entrant: not used
1112 2584       3       Many::m635 (14 bytes)
1112 2585       4       Many::m635 (14 bytes)
1112 2584       3       Many::m635 (14 bytes)   made not entrant: not used
1114 2586       3       Many::m636 (14 bytes)
1114 2587       4       Many::m636 (14 bytes)
1114 2586       3       Many::m636 (14 bytes)   made not entrant: not used
1115 2588       3       Many::m637 (14 bytes)
1115 2589       4       Many::m637 (14 bytes)
1115 2588       3       Many::m637 (14 bytes)   made not entrant: not used
1116 2590       3       Many::m638 (14 bytes)
1117 2591       4       Many::m638 (14 bytes)
1117 2590       3       Many::m638 (14 bytes)   made not entrant: not used
1118 2592       3       Many::m639 (14 bytes)
1118 2593       4       Many::m639 (14 bytes)
1118 2592       3       Many::m639 (14 bytes)   made not entrant: not used
1119 2594       3       Many::m640 (14 bytes)
1119 2595       4       Many::m640 (14 bytes)
1119 2594       3       Many::m640 (14 bytes)   made not entrant: not used
1121 2596       3       Many::m641 (14 bytes)
1121 2597       4       Many::m641 (14 bytes)
1121 2596       3       Many::m641 (14 bytes)   made not entrant: not used
1122 2598       3       Many::m642 (14 bytes)
1122 2599       4       Many::m642 (14 bytes)
1122 2598       3       Many::m642 (14 bytes)   made not entrant: not used
1124 2600       3       Many::m643 (14 bytes)
1124 2601       4       Many::m643 (14 bytes)
1124 2600       3       Many::m643 (14 bytes)   made not entrant: not used
1125 2602       3       Many::m644 (14 bytes)
1125 2603       4       Many::m644 (14 bytes)
1125 2602       3       Many::m644 (14 bytes)   made not entrant: not used
1126 2604       3       Many::m645 (14 bytes)
1126 2605       4       Many::m645 (14 bytes)
1127 2604       3       Many::m645 (14 bytes)   made not entrant: not used
1128 2606       3       Many::m646 (14 bytes)
1128 2607       4       Many::m646 (14 bytes)
1128 2606       3       Many::m646 (14 bytes)   made not entrant: not used
1129 2608       3       Many::m647 (14 bytes)
1129 2609       4       Many::m647 (14 bytes)
1129 2608       3       Many::m647 (14 bytes)   made not entrant: not used
1131 2610       3       Many::m648 (14 bytes)
1131 2611       4       Many::m648 (14 bytes)
1131 2610       3       Many::m648 (14 bytes)   made not entrant: not used
1132 2612       3       Many::m649 (14 bytes)
1132 2613       4       Many::m649 (14 bytes)
1132 2612       3       Many::m649 (14 bytes)   made not entrant: not used
1134 2614       3       Many::m650 (14 bytes)
1134 2615       4       Many::m650 (14 bytes)
1134 2614       3       Many::m650 (14 bytes)   made not entrant: not used
1135 2616       3       Many::m651 (14 bytes)
1135 2617       4       Many::m651 (14 bytes)
1135 2616       3       Many::m651 (14 bytes)   made not entrant: not used
1137 2618       3       Many::m652 (14 bytes)
1137 2619       4       Many::m652 (14 bytes)
1137 2618       3       Many::m652 (14 bytes)   made not entrant: not used
1138 2620       3       Many::m653 (14 bytes)
1138 2621       4       Many::m653 (14 bytes)
1138 2620       3       Many::m653 (14 bytes)   made not entrant: not used
1139 2622       3       Many::m654 (14 bytes)
1139 2623       4       Many::m654 (14 bytes)
1140 2622       3       Many::m654 (14 bytes)   made not entrant: not used
1141 2624       3       Many::m655 (14 bytes)
1141 2625       4       Many::m655 (14 bytes)
1141 2624       3       Many::m655 (14 bytes)   made not entrant: not used
1142 2626       3       Many::m656 (14 bytes)
1142 2627       4       Many::m656 (14 bytes)
1142 2626       3       Many::m656 (14 bytes)   made not entrant: not used
1144 2628       3       Many::m657 (14 bytes)
1144 2629       4       Many::m657 (14 bytes)
1144 2628       3       Many::m657 (14 bytes)   made not entrant: not used
1145 2630       3       Many::m658 (14 bytes)
1145 2631       4       Many::m658 (14 bytes)
1145 2630       3       Many::m658 (14 bytes)   made not entrant: not used
1147 2632       3       Many::m659 (14 bytes)
1147 2633       4       Many::m659 (14 bytes)
1147 2632       3       Many::m659 (14 bytes)   made not entrant: not used
1148 2634       3       Many::m660 (14 bytes)
1148 2635       4       Many::m660 (14 bytes)
1148 2634       3       Many::m660 (14 bytes)   made not entrant: not used
1149 2636       3       Many::m661 (14 bytes)
1149 2637       4       Many::m661 (14 bytes)
1150 2636       3       Many::m661 (14 bytes)   made not entrant: not used
1151 2638       3       Many::m662 (14 bytes)
1151 2639       4       Many::m662 (14 bytes)
1151 2638       3       Many::m662 (14 bytes)   made not entrant: not used
1152 2640       3       Many::m663 (14 bytes)
1152 2641       4       Many::m663 (14 bytes)
1152 2640       3       Many::m663 (14 bytes)   made not entrant: not used
1154 2642       3       Many::m664 (14 bytes)
1154 2643       4       Many::m664 (14 bytes)
1154 2642       3       Many::m664 (14 bytes)   made not entrant: not used
1155 2644       3       Many::m665 (14 bytes)
1155 2645       4       Many::m665 (14 bytes)
1155 2644       3       Many::m665 (14 bytes)   made not entrant: not used
1156 2646       3       Many::m666 (14 bytes)
1157 2647       4       Many::m666 (14 bytes)
1157 2646       3       Many::m666 (14 bytes)   made not entrant: not used
1158 2648       3       Many::m667 (14 bytes)
1158 2649       4       Many::m667 (14 bytes)
1158 2648       3       Many::m667 (14 bytes)   made not entrant: not used
1159 2650       3       Many::m668 (14 bytes)
1159 2651       4       Many::m668 (14 bytes)
1159 2650       3       Many::m668 (14 bytes)   made not entrant: not used
1161 2652       3       Many::m669 (14 bytes)
1161 2653       4       Many::m669 (14 bytes)
1161 2652       3       Many::m669 (14 bytes)   made not entrant: not used
1162 2654       3       Many::m670 (14 bytes)
1162 2655       4       Many::m670 (14 bytes)
1162 2654       3       Many::m670 (14 bytes)   made not entrant: not used
1164 2656       3       Many::m671 (14 bytes)
1164 2657       4       Many::m671 (14 bytes)
1164 2656       3       Many::m671 (14 bytes)   made not entrant: not used
1165 2658       3       Many::m672 (14 bytes)
1165 2659       4       Many::m672 (14 bytes)
1165 2658       3       Many::m672 (14 bytes)   made not entrant: not used
1166 2660       3       Many::m673 (14 bytes)
1167 2661       4       Many::m673 (14 bytes)
1167 2660       3       Many::m673 (14 bytes)   made not entrant: not used
1168 2662       3       Many::m674 (14 bytes)
1168 2663       4       Many::m674 (14 bytes)
1168 2662       3       Many::m674 (14 bytes)   made not entrant: not used
1169 2664       3       Many::m675 (14 bytes)
1170 2665       4       Many::m675 (14 bytes)
1170 2664       3       Many::m675 (14 bytes)   made not entrant: not used
1171 2666       3       Many::m676 (14 bytes)
1171 2667       4       Many::m676 (14 bytes)
1171 2666       3       Many::m676 (14 bytes)   made not entrant: not used
1172 2668       3       Many::m677 (14 bytes)
1173 2669       4       Many::m677 (14 bytes)
1173 2668       3       Many::m677 (14 bytes)   made not entrant: not used
1174 2670       3       Many::m678 (14 bytes)
1174 2671       4       Many::m678 (14 bytes)
1174 2670       3       Many::m678 (14 bytes)   made not entrant: not used
1175 2672       3       Many::m679 (14 bytes)
1175 2673       4       Many::m679 (14 bytes)
1175 2672       3       Many::m679 (14 bytes)   made not entrant: not used
1177 2674       3       Many::m680 (14 bytes)
1177 2675       4       Many::m680 (14 bytes)
1177 2674       3       Many::m680 (14 bytes)   made not entrant: not used
1178 2676       3       Many::m681 (14 bytes)
1178 2677       4       Many::m681 (14 bytes)
1178 2676       3       Many::m681 (14 bytes)   made not entrant: not used
1179 2678       3       Many::m682 (14 bytes)
1180 2679       4       Many::m682 (14 bytes)
1180 2678       3       Many::m682 (14 bytes)   made not entrant: not used
1181 2680       3       Many::m683 (14 bytes)
1181 2681       4       Many::m683 (14 bytes)
1181 2680       3       Many::m683 (14 bytes)   made not entrant: not used
1183 2682       3       Many::m684 (14 bytes)
1183 2683       4       Many::m684 (14 bytes)
1183 2682       3       Many::m684 (14 bytes)   made not entrant: not used
1184 2684       3       Many::m685 (14 bytes)
1184 2685       4       Many::m685 (14 bytes)
1184 2684       3       Many::m685 (14 bytes)   made not entrant: not used
1185 2686       3       Many::m686 (14 bytes)
1185 2687       4       Many::m686 (14 bytes)
1186 2686       3       Many::m686 (14 bytes)   made not entrant: not used
1187 2688       3       Many::m687 (14 bytes)
1187 2689       4       Many::m687 (14 bytes)
1187 2688       3       Many::m687 (14 bytes)   made not entrant: not used
1188 2690       3       Many::m688 (14 bytes)
1188 2691       4       Many::m688 (14 bytes)
1188 2690       3       Many::m688 (14 bytes)   made not entrant: not used
1190 2692       3       Many::m689 (14 bytes)
1190 2693       4       Many::m689 (14 bytes)
1190 2692       3       Many::m689 (14 bytes)   made not entrant: not used
1191 2694       3       Many::m690 (14 bytes)
1191 2695       4       Many::m690 (14 bytes)
1191 2694       3       Many::m690 (14 bytes)   made not entrant: not used
1193 2696       3       Many::m691 (14 bytes)
1193 2697       4       Many::m691 (14 bytes)
1193 2696       3       Many::m691 (14 bytes)   made not entrant: not used
1194 2698       3       Many::m692 (14 bytes)
1194 2699       4       Many::m692 (14 bytes)
1194 2698       3       Many::m692 (14 bytes)   made not entrant: not used
1195 2700       3       Many::m693 (14 bytes)
1196 2701       4       Many::m693 (14 bytes)
1196 2700       3       Many::m693 (14 bytes)   made not entrant: not used
1197 2702       3       Many::m694 (14 bytes)
1197 2703       4       Many::m694 (14 bytes)
1197 2702       3       Many::m694 (14 bytes)   made not entrant: not used
1198 2704       3       Many::m695 (14 bytes)
1199 2705       4       Many::m695 (14 bytes)
1199 2704       3       Many::m695 (14 bytes)   made not entrant: not used
1200 2706       3       Many::m696 (14 bytes)
1200 2707       4       Many::m696 (14 bytes)
1200 2706       3       Many::m696 (14 bytes)   made not entrant: not used
1201 2708       3       Many::m697 (14 bytes)
1201 2709       4       Many::m697 (14 bytes)
1201 2708       3       Many::m697 (14 bytes)   made not entrant: not used
1203 2710       3       Many::m698 (14 bytes)
1203 2711       4       Many::m698 (14 bytes)
1203 2710       3       Many::m698 (14 bytes)   made not entrant: not used
1204 2712       3       Many::m699 (14 bytes)
1204 2713       4       Many::m699 (14 bytes)
1204 2712       3       Many::m699 (14 bytes)   made not entrant: not used
1205 2714       3       Many::m700 (14 bytes)
1206 2715       4       Many::m700 (14 bytes)
1206 2714       3       Many::m700 (14 bytes)   made not entrant: not used
1207 2716       3       Many::m701 (14 bytes)
1207 2717       4       Many::m701 (14 bytes)
1207 2716       3       Many::m701 (14 bytes)   made not entrant: not used
1208 2718       3       Many::m702 (14 bytes)
1209 2719       4       Many::m702 (14 bytes)
1209 2718       3       Many::m702 (14 bytes)   made not entrant: not used
1210 2720       3       Many::m703 (14 bytes)
1210 2721       4       Many::m703 (14 bytes)
1210 2720       3       Many::m703 (14 bytes)   made not entrant: not used
1211 2722       3       Many::m704 (14 bytes)
1212 2723       4       Many::m704 (14 bytes)
1212 2722       3       Many::m704 (14 bytes)   made not entrant: not used
1213 2724       3       Many::m705 (14 bytes)
1213 2725       4       Many::m705 (14 bytes)
1213 2724       3       Many::m705 (14 bytes)   made not entrant: not used
1215 2726       3       Many::m706 (14 bytes)
1215 2727       4       Many::m706 (14 bytes)
1215 2726       3       Many::m706 (14 bytes)   made not entrant: not used
1216 2728       3       Many::m707 (14 bytes)
1216 2729       4       Many::m707 (14 bytes)
1216 2728       3       Many::m707 (14 bytes)   made not entrant: not used
1217 2730       3       Many::m708 (14 bytes)
1217 2731       4       Many::m708 (14 bytes)
1218 2730       3       Many::m708 (14 bytes)   made not entrant: not used
1219 2732       3       Many::m709 (14 bytes)
1219 2733       4       Many::m709 (14 bytes)
1219 2732       3       Many::m709 (14 bytes)   made not entrant: not used
1220 2734       3       Many::m710 (14 bytes)
1220 2735       4       Many::m710 (14 bytes)
1220 2734       3       Many::m710 (14 bytes)   made not entrant: not used
1222 2736       3       Many::m711 (14 bytes)
1222 2737       4       Many::m711 (14 bytes)
1222 2736       3       Many::m711 (14 bytes)   made not entrant: not used
1223 2738       3       Many::m712 (14 bytes)
1223 2739       4       Many::m712 (14 bytes)
1223 2738       3       Many::m712 (14 bytes)   made not entrant: not used
1224 2740       3       Many::m713 (14 bytes)
1225 2741       4       Many::m713 (14 bytes)
1225 2740       3       Many::m713 (14 bytes)   made not entrant: not used
1226 2742       3       Many::m714 (14 bytes)
1226 2743       4       Many::m714 (14 bytes)
1226 2742       3       Many::m714 (14 bytes)   made not entrant: not used
1227 2744       3       Many::m715 (14 bytes)
1227 2745       4       Many::m715 (14 bytes)
1228 2744       3       Many::m715 (14 bytes)   made not entrant: not used
1229 2746       3       Many::m716 (14 bytes)
1229 2747       4       Many::m716 (14 bytes)
1229 2746       3       Many::m716 (14 bytes)   made not entrant: not used
1230 2748       3       Many::m717 (14 bytes)
1230 2749       4       Many::m717 (14 bytes)
1231 2748       3       Many::m717 (14 bytes)   made not entrant: not used
1232 2750       3       Many::m718 (14 bytes)
1232 2751       4       Many::m718 (14 bytes)
1232 2750       3       Many::m718 (14 bytes)   made not entrant: not used
1233 2752       3       Many::m719 (14 bytes)
1233 2753       4       Many::m719 (14 bytes)
1233 2752       3       Many::m719 (14 bytes)   made not entrant: not used
1235 2754       3       Many::m720 (14 bytes)
1235 2755       4       Many::m720 (14 bytes)
1235 2754       3       Many::m720 (14 bytes)   made not entrant: not used
1236 2756       3       Many::m721 (14 bytes)
1236 2757       4       Many::m721 (14 bytes)
1236 2756       3       Many::m721 (14 bytes)   made not entrant: not used
1237 2758       3       Many::m722 (14 bytes)
1237 2759       4       Many::m722 (14 bytes)
1238 2758       3       Many::m722 (14 bytes)   made not entrant: not used
1239 2760       3       Many::m723 (14 bytes)
1239 2761       4       Many::m723 (14 bytes)
1239 2760       3       Many::m723 (14 bytes)   made not entrant: not used
1240 2762       3       Many::m724 (14 bytes)
1240 2763       4       Many::m724 (14 bytes)
1240 2762       3       Many::m724 (14 bytes)   made not entrant: not used
1242 2764       3       Many::m725 (14 bytes)
1242 2765       4       Many::m725 (14 bytes)
1242 2764       3       Many::m725 (14 bytes)   made not entrant: not used
1243 2766       3       Many::m726 (14 bytes)
1243 2767       4       Many::m726 (14 bytes)
1243 2766       3       Many::m726 (14 bytes)   made not entrant: not used
1244 2768       3       Many::m727 (14 bytes)
1245 2769       4       Many::m727 (14 bytes)
1245 2768       3       Many::m727 (14 bytes)   made not entrant: not used
1246 2770       3       Many::m728 (14 bytes)
1246 2771       4       Many::m728 (14 bytes)
1246 2770       3       Many::m728 (14 bytes)   made not entrant: not used
1247 2772       3       Many::m729 (14 bytes)
1248 2773       4       Many::m729 (14 bytes)
1248 2772       3       Many::m729 (14 bytes)   made not entrant: not used
1249 2774       3       Many::m730 (14 bytes)
1249 2775       4       Many::m730 (14 bytes)
1249 2774       3       Many::m730 (14 bytes)   made not entrant: not used
1250 2776       3       Many::m731 (14 bytes)
1250 2777       4       Many::m731 (14 bytes)
1250 2776       3       Many::m731 (14 bytes)   made not entrant: not used
1252 2778       3       Many::m732 (14 bytes)
1252 2779       4       Many::m732 (14 bytes)
1252 2778       3       Many::m732 (14 bytes)   made not entrant: not used
1253 2780       3       Many::m733 (14 bytes)
1253 2781       4       Many::m733 (14 bytes)
1253 2780       3       Many::m733 (14 bytes)   made not entrant: not used
1254 2782       3       Many::m734 (14 bytes)
1255 2783       4       Many::m734 (14 bytes)
1255 2782       3       Many::m734 (14 bytes)   made not entrant: not used
1256 2784       3       Many::m735 (14 bytes)
1256 2785       4       Many::m735 (14 bytes)
1256 2784       3       Many::m735 (14 bytes)   made not entrant: not used
1257 2786       3       Many::m736 (14 bytes)
1257 2787       4       Many::m736 (14 bytes)
1257 2786       3       Many::m736 (14 bytes)   made not entrant: not used
1259 2788       3       Many::m737 (14 bytes)
1259 2789       4       Many::m737 (14 bytes)
1259 2788       3       Many::m737 (14 bytes)   made not entrant: not used
1260 2790       3       Many::m738 (14 bytes)
1260 2791       4       Many::m738 (14 bytes)
1260 2790       3       Many::m738 (14 bytes)   made not entrant: not used
1262 2792       3       Many::m739 (14 bytes)
1262 2793       4       Many::m739 (14 bytes)
1262 2792       3       Many::m739 (14 bytes)   made not entrant: not used
1263 2794       3       Many::m740 (14 bytes)
1263 2795       4       Many::m740 (14 bytes)
1263 2794       3       Many::m740 (14 bytes)   made not entrant: not used
1265 2796       3       Many::m741 (14 bytes)
1265 2797       4       Many::m741 (14 bytes)
1265 2796       3       Many::m741 (14 bytes)   made not entrant: not used
1266 2798       3       Many::m742 (14 bytes)
1266 2799       4       Many::m742 (14 bytes)
1266 2798       3       Many::m742 (14 bytes)   made not entrant: not used
1267 2800       3       Many::m743 (14 bytes)
1267 2801       4       Many::m743 (14 bytes)
1268 2800       3       Many::m743 (14 bytes)   made not entrant: not used
1269 2802       3       Many::m744 (14 bytes)
1269 2803       4       Many::m744 (14 bytes)
1269 2802       3       Many::m744 (14 bytes)   made not entrant: not used
1270 2804       3       Many::m745 (14 bytes)
1270 2805       4       Many::m745 (14 bytes)
1270 2804       3       Many::m745 (14 bytes)   made not entrant: not used
1272 2806       3       Many::m746 (14 bytes)
1272 2807       4       Many::m746 (14 bytes)
1272 2806       3       Many::m746 (14 bytes)   made not entrant: not used
1273 2808       3       Many::m747 (14 bytes)
1273 2809       4       Many::m747 (14 bytes)
1273 2808       3       Many::m747 (14 bytes)   made not entrant: not used
1274 2810       3       Many::m748 (14 bytes)
1275 2811       4       Many::m748 (14 bytes)
1275 2810       3       Many::m748 (14 bytes)   made not entrant: not used
1276 2812       3       Many::m749 (14 bytes)
1276 2813       4       Many::m749 (14 bytes)
1276 2812       3       Many::m749 (14 bytes)   made not entrant: not used
1277 2814       3       Many::m750 (14 bytes)
1277 2815       4       Many::m750 (14 bytes)
1277 2814       3       Many::m750 (14 bytes)   made not entrant: not used
1279 2816       3       Many::m751 (14 bytes)
1279 2817       4       Many::m751 (14 bytes)
1279 2816       3       Many::m751 (14 bytes)   made not entrant: not used
1280 2818       3       Many::m752 (14 bytes)
1280 2819       4       Many::m752 (14 bytes)
1280 2818       3       Many::m752 (14 bytes)   made not entrant: not used
1282 2820       3       Many::m753 (14 bytes)
1282 2821       4       Many::m753 (14 bytes)
1282 2820       3       Many::m753 (14 bytes)   made not entrant: not used
1283 2822       3       Many::m754 (14 bytes)
1283 2823       4       Many::m754 (14 bytes)
1283 2822       3       Many::m754 (14 bytes)   made not entrant: not used
1284 2824       3       Many::m755 (14 bytes)
1285 2825       4       Many::m755 (14 bytes)
1285 2824       3       Many::m755 (14 bytes)   made not entrant: not used
1286 2826       3       Many::m756 (14 bytes)
1286 2827       4       Many::m756 (14 bytes)
1286 2826       3       Many::m756 (14 bytes)   made not entrant: not used
1287 2828       3       Many::m757 (14 bytes)
1287 2829       4       Many::m757 (14 bytes)
1287 2828       3       Many::m757 (14 bytes)   made not entrant: not used
1289 2830       3       Many::m758 (14 bytes)
1289 2831       4       Many::m758 (14 bytes)
1289 2830       3       Many::m758 (14 bytes)   made not entrant: not used
1290 2832       3       Many::m759 (14 bytes)
1290 2833       4       Many::m759 (14 bytes)
1290 2832       3       Many::m759 (14 bytes)   made not entrant: not used
1292 2834       3       Many::m760 (14 bytes)
1292 2835       4       Many::m760 (14 bytes)
1292 2834       3       Many::m760 (14 bytes)   made not entrant: not used
1293 2836       3       Many::m761 (14 bytes)
1293 2837       4       Many::m761 (14 bytes)
1293 2836       3       Many::m761 (14 bytes)   made not entrant: not used
1294 2838       3       Many::m762 (14 bytes)
1295 2839       4       Many::m762 (14 bytes)
1295 2838       3       Many::m762 (14 bytes)   made not entrant: not used
1296 2840       3       Many::m763 (14 bytes)
1296 2841       4       Many::m763 (14 bytes)
1296 2840       3       Many::m763 (14 bytes)   made not entrant: not used
1297 2842       3       Many::m764 (14 bytes)
1298 2843       4       Many::m764 (14 bytes)
1298 2842       3       Many::m764 (14 bytes)   made not entrant: not used
1299 2844       3       Many::m765 (14 bytes)
1299 2845       4       Many::m765 (14 bytes)
1299 2844       3       Many::m765 (14 bytes)   made not entrant: not used
1300 2846       3       Many::m766 (14 bytes)
1300 2847       4       Many::m766 (14 bytes)
1300 2846       3       Many::m766 (14 bytes)   made not entrant: not used
1302 2848       3       Many::m767 (14 bytes)
1302 2849       4       Many::m767 (14 bytes)
1302 2848       3       Many::m767 (14 bytes)   made not entrant: not used
1303 2850       3       Many::m768 (14 bytes)
1303 2851       4       Many::m768 (14 bytes)
1303 2850       3       Many::m768 (14 bytes)   made not entrant: not used
1304 2852       3       Many::m769 (14 bytes)
1305 2853       4       Many::m769 (14 bytes)
1305 2852       3       Many::m769 (14 bytes)   made not entrant: not used
1306 2854       3       Many::m770 (14 bytes)
1306 2855       4       Many::m770 (14 bytes)
1306 2854       3       Many::m770 (14 bytes)   made not entrant: not used
1307 2856       3       Many::m771 (14 bytes)
1307 2857       4       Many::m771 (14 bytes)
1308 2856       3       Many::m771 (14 bytes)   made not entrant: not used
1309 2858       3       Many::m772 (14 bytes)
1309 2859       4       Many::m772 (14 bytes)
1309 2858       3       Many::m772 (14 bytes)   made not entrant: not used
1310 2860       3       Many::m773 (14 bytes)
1310 2861       4       Many::m773 (14 bytes)
1310 2860       3       Many::m773 (14 bytes)   made not entrant: not used
1312 2862       3       Many::m774 (14 bytes)
1312 2863       4       Many::m774 (14 bytes)
1312 2862       3       Many::m774 (14 bytes)   made not entrant: not used
1313 2864       3       Many::m775 (14 bytes)
1313 2865       4       Many::m775 (14 bytes)
1313 2864       3       Many::m775 (14 bytes)   made not entrant: not used
1315 2866       3       Many::m776 (14 bytes)
1315 2867       4       Many::m776 (14 bytes)
1315 2866       3       Many::m776 (14 bytes)   made not entrant: not used
1316 2868       3       Many::m777 (14 bytes)
1316 2869       4       Many::m777 (14 bytes)
1316 2868       3       Many::m777 (14 bytes)   made not entrant: not used
1317 2870       3       Many::m778 (14 bytes)
1318 2871       4       Many::m778 (14 bytes)
1318 2870       3       Many::m778 (14 bytes)   made not entrant: not used
1319 2872       3       Many::m779 (14 bytes)
1319 2873       4       Many::m779 (14 bytes)
1319 2872       3       Many::m779 (14 bytes)   made not entrant: not used
1320 2874       3       Many::m780 (14 bytes)
1320 2875       4       Many::m780 (14 bytes)
1320 2874       3       Many::m780 (14 bytes)   made not entrant: not used
1322 2876       3       Many::m781 (14 bytes)
1322 2877       4       Many::m781 (14 bytes)
1322 2876       3       Many::m781 (14 bytes)   made not entrant: not used
1323 2878       3       Many::m782 (14 bytes)
1323 2879       4       Many::m782 (14 bytes)
1323 2878       3       Many::m782 (14 bytes)   made not entrant: not used
1325 2880       3       Many::m783 (14 bytes)
1325 2881       4       Many::m783 (14 bytes)
1325 2880       3       Many::m783 (14 bytes)   made not entrant: not used
1326 2882       3       Many::m784 (14 bytes)
1326 2883       4       Many::m784 (14 bytes)
1326 2882       3       Many::m784 (14 bytes)   made not entrant: not used
1327 2884       3       Many::m785 (14 bytes)
1328 2885       4       Many::m785 (14 bytes)
1328 2884       3       Many::m785 (14 bytes)   made not entrant: not used
1329 2886       3       Many::m786 (14 bytes)
1329 2887       4       Many::m786 (14 bytes)
1329 2886       3       Many::m786 (14 bytes)   made not entrant: not used
1330 2888       3       Many::m787 (14 bytes)
1330 2889       4       Many::m787 (14 bytes)
1331 2888       3       Many::m787 (14 bytes)   made not entrant: not used
1332 2890       3       Many::m788 (14 bytes)
1332 2891       4       Many::m788 (14 bytes)
1332 2890       3       Many::m788 (14 bytes)   made not entrant: not used
1333 2892       3       Many::m789 (14 bytes)
1333 2893       4       Many::m789 (14 bytes)
1333 2892       3       Many::m789 (14 bytes)   made not entrant: not used
1335 2894       3       Many::m790 (14 bytes)
1335 2895       4       Many::m790 (14 bytes)
1335 2894       3       Many::m790 (14 bytes)   made not entrant: not used
1336 2896       3       Many::m791 (14 bytes)
1336 2897       4       Many::m791 (14 bytes)
1336 2896       3       Many::m791 (14 bytes)   made not entrant: not used
1337 2898       3       Many::m792 (14 bytes)
1337 2899       4       Many::m792 (14 bytes)
1338 2898       3       Many::m792 (14 bytes)   made not entrant: not used
1339 2900       3       Many::m793 (14 bytes)
1339 2901       4       Many::m793 (14 bytes)
1339 2900       3       Many::m793 (14 bytes)   made not entrant: not used
1340 2902       3       Many::m794 (14 bytes)
1340 2903       4       Many::m794 (14 bytes)
1340 2902       3       Many::m794 (14 bytes)   made not entrant: not used
1342 2904       3       Many::m795 (14 bytes)
1342 2905       4       Many::m795 (14 bytes)
1342 2904       3       Many::m795 (14 bytes)   made not entrant: not used
1343 2906       3       Many::m796 (14 bytes)
1344 2907       4       Many::m796 (14 bytes)
1344 2906       3       Many::m796 (14 bytes)   made not entrant: not used
1345 2908       3       Many::m797 (14 bytes)
1345 2909       4       Many::m797 (14 bytes)
1349 2910       3       Many::m798 (14 bytes)
1349 2908       3       Many::m797 (14 bytes)   made not entrant: not used
1349 2911       2       Many::m799 (14 bytes)
1349 2912       4       Many::m799 (14 bytes)
1349 2911       2       Many::m799 (14 bytes)   made not entrant: not used
1350 2913       3       Many::m800 (14 bytes)
1350 2914       4       Many::m800 (14 bytes)
1350 2913       3       Many::m800 (14 bytes)   made not entrant: not used
1352 2915       3       Many::m801 (14 bytes)
1352 2916       4       Many::m801 (14 bytes)
1352 2915       3       Many::m801 (14 bytes)   made not entrant: not used
1353 2917       3       Many::m802 (14 bytes)
1353 2918       4       Many::m802 (14 bytes)
1353 2917       3       Many::m802 (14 bytes)   made not entrant: not used
1354 2919       3       Many::m803 (14 bytes)
1355 2920       4       Many::m803 (14 bytes)
1355 2919       3       Many::m803 (14 bytes)   made not entrant: not used
1356 2921       3       Many::m804 (14 bytes)
1356 2922       4       Many::m804 (14 bytes)
1356 2921       3       Many::m804 (14 bytes)   made not entrant: not used
1357 2923       3       Many::m805 (14 bytes)
1357 2924       4       Many::m805 (14 bytes)
1357 2923       3       Many::m805 (14 bytes)   made not entrant: not used
1359 2925       3       Many::m806 (14 bytes)
1359 2926       4       Many::m806 (14 bytes)
1359 2925       3       Many::m806 (14 bytes)   made not entrant: not used
1360 2927       3       Many::m807 (14 bytes)
1360 2928       4       Many::m807 (14 bytes)
1360 2927       3       Many::m807 (14 bytes)   made not entrant: not used
1361 2929       3       Many::m808 (14 bytes)
1362 2930       4       Many::m808 (14 bytes)
1362 2929       3       Many::m808 (14 bytes)   made not entrant: not used
1363 2931       3       Many::m809 (14 bytes)
1363 2932       4       Many::m809 (14 bytes)
1363 2931       3       Many::m809 (14 bytes)   made not entrant: not used
1364 2933       3       Many::m810 (14 bytes)
1365 2934       4       Many::m810 (14 bytes)
1365 2933       3       Many::m810 (14 bytes)   made not entrant: not used
1366 2935       3       Many::m811 (14 bytes)
1366 2936       4       Many::m811 (14 bytes)
1366 2935       3       Many::m811 (14 bytes)   made not entrant: not used
1367 2937       3       Many::m812 (14 bytes)
1367 2938       4       Many::m812 (14 bytes)
1367 2937       3       Many::m812 (14 bytes)   made not entrant: not used
1369 2939       3       Many::m813 (14 bytes)
1369 2940       4       Many::m813 (14 bytes)
1369 2939       3       Many::m813 (14 bytes)   made not entrant: not used
1370 2941       3       Many::m814 (14 bytes)
1370 2942       4       Many::m814 (14 bytes)
1370 2941       3       Many::m814 (14 bytes)   made not entrant: not used
1371 2943       3       Many::m815 (14 bytes)
1372 2944       4       Many::m815 (14 bytes)
1372 2943       3       Many::m815 (14 bytes)   made not entrant: not used
1373 2945       3       Many::m816 (14 bytes)
1373 2946       4       Many::m816 (14 bytes)
1373 2945       3       Many::m816 (14 bytes)   made not entrant: not used
1374 2947       3       Many::m817 (14 bytes)
1374 2948       4       Many::m817 (14 bytes)
1374 2947       3       Many::m817 (14 bytes)   made not entrant: not used
1376 2949       3       Many::m818 (14 bytes)
1376 2950       4       Many::m818 (14 bytes)
1376 2949       3       Many::m818 (14 bytes)   made not entrant: not used
1377 2951       3       Many::m819 (14 bytes)
1377 2952       4       Many::m819 (14 bytes)
1377 2951       3       Many::m819 (14 bytes)   made not entrant: not used
1379 2953       3       Many::m820 (14 bytes)
1379 2954       4       Many::m820 (14 bytes)
1379 2953       3       Many::m820 (14 bytes)   made not entrant: not used
1380 2955       3       Many::m821 (14 bytes)
1380 2956       4       Many::m821 (14 bytes)
1380 2955       3       Many::m821 (14 bytes)   made not entrant: not used
1381 2957       3       Many::m822 (14 bytes)
1382 2958       4       Many::m822 (14 bytes)
1382 2957       3       Many::m822 (14 bytes)   made not entrant: not used
1383 2959       3       Many::m823 (14 bytes)
1383 2960       4       Many::m823 (14 bytes)
1383 2959       3       Many::m823 (14 bytes)   made not entrant: not used
1384 2961       3       Many::m824 (14 bytes)
1384 2962       4       Many::m824 (14 bytes)
1384 2961       3       Many::m824 (14 bytes)   made not entrant: not used
1386 2963       3       Many::m825 (14 bytes)
1386 2964       4       Many::m825 (14 bytes)
1386 2963       3       Many::m825 (14 bytes)   made not entrant: not used
1387 2965       3       Many::m826 (14 bytes)
1387 2966       4       Many::m826 (14 bytes)
1387 2965       3       Many::m826 (14 bytes)   made not entrant: not used
1389 2967       3       Many::m827 (14 bytes)
1389 2968       4       Many::m827 (14 bytes)
1389 2967       3       Many::m827 (14 bytes)   made not entrant: not used
1390 2969       3       Many::m828 (14 bytes)
1390 2970       4       Many::m828 (14 bytes)
1390 2969       3       Many::m828 (14 bytes)   made not entrant: not used
1391 2971       3       Many::m829 (14 bytes)
1391 2972       4       Many::m829 (14 bytes)
1392 2971       3       Many::m829 (14 bytes)   made not entrant: not used
1393 2973       3       Many::m830 (14 bytes)
1393 2974       4       Many::m830 (14 bytes)
1393 2973       3       Many::m830 (14 bytes)   made not entrant: not used
1394 2975       3       Many::m831 (14 bytes)
1394 2976       4       Many::m831 (14 bytes)
1394 2975       3       Many::m831 (14 bytes)   made not entrant: not used
1396 2977       3       Many::m832 (14 bytes)
1396 2978       4       Many::m832 (14 bytes)
1396 2977       3       Many::m832 (14 bytes)   made not entrant: not used
1397 2979       3       Many::m833 (14 bytes)
1397 2980       4       Many::m833 (14 bytes)
1398 2979       3       Many::m833 (14 bytes)   made not entrant: not used
1399 2981       3       Many::m834 (14 bytes)
1399 2982       4       Many::m834 (14 bytes)
1399 2981       3       Many::m834 (14 bytes)   made not entrant: not used
1400 2983       3       Many::m835 (14 bytes)
1400 2984       4       Many::m835 (14 bytes)
1400 2983       3       Many::m835 (14 bytes)   made not entrant: not used
1402 2985       3       Many::m836 (14 bytes)
1402 2986       4       Many::m836 (14 bytes)
1402 2985       3       Many::m836 (14 bytes)   made not entrant: not used
1403 2987       3       Many::m837 (14 bytes)
1403 2988       4       Many::m837 (14 bytes)
1403 2987       3       Many::m837 (14 bytes)   made not entrant: not used
1404 2989       3       Many::m838 (14 bytes)
1404 2990       4       Many::m838 (14 bytes)
1404 2989       3       Many::m838 (14 bytes)   made not entrant: not used
1406 2991       3       Many::m839 (14 bytes)
1406 2992       4       Many::m839 (14 bytes)
1406 2991       3       Many::m839 (14 bytes)   made not entrant: not used
1407 2993       3       Many::m840 (14 bytes)
1407 2994       4       Many::m840 (14 bytes)
1407 2993       3       Many::m840 (14 bytes)   made not entrant: not used
1409 2995       3       Many::m841 (14 bytes)
1409 2996       4       Many::m841 (14 bytes)
1409 2995       3       Many::m841 (14 bytes)   made not entrant: not used
1410 2997       3       Many::m842 (14 bytes)
1410 2998       4       Many::m842 (14 bytes)
1410 2997       3       Many::m842 (14 bytes)   made not entrant: not used
1411 2999       3       Many::m843 (14 bytes)
1412 3000       4       Many::m843 (14 bytes)
1412 2999       3       Many::m843 (14 bytes)   made not entrant: not used
1413 3001       3       Many::m844 (14 bytes)
1413 3002       4       Many::m844 (14 bytes)
1413 3001       3       Many::m844 (14 bytes)   made not entrant: not used
1414 3003       3       Many::m845 (14 bytes)
1415 3004       4       Many::m845 (14 bytes)
1415 3003       3       Many::m845 (14 bytes)   made not entrant: not used
1416 3005       3       Many::m846 (14 bytes)
1416 3006       4       Many::m846 (14 bytes)
1416 3005       3       Many::m846 (14 bytes)   made not entrant: not used
1417 3007       3       Many::m847 (14 bytes)
1417 3008       4       Many::m847 (14 bytes)
1417 3007       3       Many::m847 (14 bytes)   made not entrant: not used
1419 3009       3       Many::m848 (14 bytes)
1419 3010       4       Many::m848 (14 bytes)
1419 3009       3       Many::m848 (14 bytes)   made not entrant: not used
1420 3011       3       Many::m849 (14 bytes)
1420 3012       4       Many::m849 (14 bytes)
1420 3011       3       Many::m849 (14 bytes)   made not entrant: not used
1422 3013       3       Many::m850 (14 bytes)
1422 3014       4       Many::m850 (14 bytes)
1422 3013       3       Many::m850 (14 bytes)   made not entrant: not used
1423 3015       3       Many::m851 (14 bytes)
1423 3016       4       Many::m851 (14 bytes)
1423 3015       3       Many::m851 (14 bytes)   made not entrant: not used
1424 3017       3       Many::m852 (14 bytes)
1424 3018       4       Many::m852 (14 bytes)
1425 3017       3       Many::m852 (14 bytes)   made not entrant: not used
1426 3019       3       Many::m853 (14 bytes)
1426 3020       4       Many::m853 (14 bytes)
1426 3019       3       Many::m853 (14 bytes)   made not entrant: not used
1427 3021       3       Many::m854 (14 bytes)
1427 3022       4       Many::m854 (14 bytes)
1427 3021       3       Many::m854 (14 bytes)   made not entrant: not used
1429 3023       3       Many::m855 (14 bytes)
1429 3024       4       Many::m855 (14 bytes)
1429 3023       3       Many::m855 (14 bytes)   made not entrant: not used
1430 3025       3       Many::m856 (14 bytes)
1430 3026       4       Many::m856 (14 bytes)
1430 3025       3       Many::m856 (14 bytes)   made not entrant: not used
1432 3027       3       Many::m857 (14 bytes)
1432 3028       4       Many::m857 (14 bytes)
1432 3027       3       Many::m857 (14 bytes)   made not entrant: not used
1433 3029       3       Many::m858 (14 bytes)
1433 3030       4       Many::m858 (14 bytes)
1433 3029       3       Many::m858 (14 bytes)   made not entrant: not used
1434 3031       3       Many::m859 (14 bytes)
1435 3032       4       Many::m859 (14 bytes)
1435 3031       3       Many::m859 (14 bytes)   made not entrant: not used
1436 3033       3       Many::m860 (14 bytes)
1436 3034       4       Many::m860 (14 bytes)
1436 3033       3       Many::m860 (14 bytes)   made not entrant: not used
1437 3035       3       Many::m861 (14 bytes)
1437 3036       4       Many::m861 (14 bytes)
1437 3035       3       Many::m861 (14 bytes)   made not entrant: not used
1439 3037       3       Many::m862 (14 bytes)
1439 3038       4       Many::m862 (14 bytes)
1439 3037       3       Many::m862 (14 bytes)   made not entrant: not used
1440 3039       3       Many::m863 (14 bytes)
1440 3040       4       Many::m863 (14 bytes)
1440 3039       3       Many::m863 (14 bytes)   made not entrant: not used
1441 3041       3       Many::m864 (14 bytes)
1442 3042       4       Many::m864 (14 bytes)
1442 3041       3       Many::m864 (14 bytes)   made not entrant: not used
1443 3043       3       Many::m865 (14 bytes)
1443 3044       4       Many::m865 (14 bytes)
1443 3043       3       Many::m865 (14 bytes)   made not entrant: not used
1444 3045       3       Many::m866 (14 bytes)
1444 3046       4       Many::m866 (14 bytes)
1445 3045       3       Many::m866 (14 bytes)   made not entrant: not used
1446 3047       3       Many::m867 (14 bytes)
1446 3048       4       Many::m867 (14 bytes)
1446 3047       3       Many::m867 (14 bytes)   made not entrant: not used
1447 3049       3       Many::m868 (14 bytes)
1447 3050       4       Many::m868 (14 bytes)
1447 3049       3       Many::m868 (14 bytes)   made not entrant: not used
1449 3051       3       Many::m869 (14 bytes)
1449 3052       4       Many::m869 (14 bytes)
1449 3051       3       Many::m869 (14 bytes)   made not entrant: not used
1450 3053       3       Many::m870 (14 bytes)
1450 3054       4       Many::m870 (14 bytes)
1450 3053       3       Many::m870 (14 bytes)   made not entrant: not used
1452 3055       3       Many::m871 (14 bytes)
1452 3056       4       Many::m871 (14 bytes)
1452 3055       3       Many::m871 (14 bytes)   made not entrant: not used
1453 3057       3       Many::m872 (14 bytes)
1453 3058       4       Many::m872 (14 bytes)
1453 3057       3       Many::m872 (14 bytes)   made not entrant: not used
1454 3059       3       Many::m873 (14 bytes)
1454 3060       4       Many::m873 (14 bytes)
1454 3059       3       Many::m873 (14 bytes)   made not entrant: not used
1456 3061       3       Many::m874 (14 bytes)
1456 3062       4       Many::m874 (14 bytes)
1456 3061       3       Many::m874 (14 bytes)   made not entrant: not used
1457 3063       3       Many::m875 (14 bytes)
1457 3064       4       Many::m875 (14 bytes)
1457 3063       3       Many::m875 (14 bytes)   made not entrant: not used
1459 3065       3       Many::m876 (14 bytes)
1459 3066       4       Many::m876 (14 bytes)
1459 3065       3       Many::m876 (14 bytes)   made not entrant: not used
1460 3067       3       Many::m877 (14 bytes)
1460 3068       4       Many::m877 (14 bytes)
1460 3067       3       Many::m877 (14 bytes)   made not entrant: not used
1462 3069       3       Many::m878 (14 bytes)
1462 3070       4       Many::m878 (14 bytes)
1462 3069       3       Many::m878 (14 bytes)   made not entrant: not used
1463 3071       3       Many::m879 (14 bytes)
1463 3072       4       Many::m879 (14 bytes)
1463 3071       3       Many::m879 (14 bytes)   made not entrant: not used
1464 3073       3       Many::m880 (14 bytes)
1465 3074       4       Many::m880 (14 bytes)
1465 3073       3       Many::m880 (14 bytes)   made not entrant: not used
1466 3075       3       Many::m881 (14 bytes)
1466 3076       4       Many::m881 (14 bytes)
1466 3075       3       Many::m881 (14 bytes)   made not entrant: not used
1467 3077       3       Many::m882 (14 bytes)
1467 3078       4       Many::m882 (14 bytes)
1467 3077       3       Many::m882 (14 bytes)   made not entrant: not used
1469 3079       3       Many::m883 (14 bytes)
1469 3080       4       Many::m883 (14 bytes)
1469 3079       3       Many::m883 (14 bytes)   made not entrant: not used
1470 3081       3       Many::m884 (14 bytes)
1470 3082       4       Many::m884 (14 bytes)
1470 3081       3       Many::m884 (14 bytes)   made not entrant: not used
1471 3083       3       Many::m885 (14 bytes)
1472 3084       4       Many::m885 (14 bytes)
1472 3083       3       Many::m885 (14 bytes)   made not entrant: not used
1473 3085       3       Many::m886 (14 bytes)
1473 3086       4       Many::m886 (14 bytes)
1473 3085       3       Many::m886 (14 bytes)   made not entrant: not used
1474 3087       3       Many::m887 (14 bytes)
1474 3088       4       Many::m887 (14 bytes)
1474 3087       3       Many::m887 (14 bytes)   made not entrant: not used
1476 3089       3       Many::m888 (14 bytes)
1476 3090       4       Many::m888 (14 bytes)
1476 3089       3       Many::m888 (14 bytes)   made not entrant: not used
1477 3091       3       Many::m889 (14 bytes)
1477 3092       4       Many::m889 (14 bytes)
1477 3091       3       Many::m889 (14 bytes)   made not entrant: not used
1479 3093       3       Many::m890 (14 bytes)
1479 3094       4       Many::m890 (14 bytes)
1479 3093       3       Many::m890 (14 bytes)   made not entrant: not used
1480 3095       3       Many::m891 (14 bytes)
1480 3096       4       Many::m891 (14 bytes)
1480 3095       3       Many::m891 (14 bytes)   made not entrant: not used
1482 3097       3       Many::m892 (14 bytes)
1482 3098       4       Many::m892 (14 bytes)
1482 3097       3       Many::m892 (14 bytes)   made not entrant: not used
1483 3099       3       Many::m893 (14 bytes)
1483 3100       4       Many::m893 (14 bytes)
1483 3099       3       Many::m893 (14 bytes)   made not entrant: not used
1484 3101       3       Many::m894 (14 bytes)
1484 3102       4       Many::m894 (14 bytes)
1485 3101       3       Many::m894 (14 bytes)   made not entrant: not used
1486 3103       3       Many::m895 (14 bytes)
1486 3104       4       Many::m895 (14 bytes)
1486 3103       3       Many::m895 (14 bytes)   made not entrant: not used
1487 3105       3       Many::m896 (14 bytes)
1487 3106       4       Many::m896 (14 bytes)
1487 3105       3       Many::m896 (14 bytes)   made not entrant: not used
1489 3107       3       Many::m897 (14 bytes)
1489 3108       4       Many::m897 (14 bytes)
1489 3107       3       Many::m897 (14 bytes)   made not entrant: not used
1490 3109       3       Many::m898 (14 bytes)
1490 3110       4       Many::m898 (14 bytes)
1490 3109       3       Many::m898 (14 bytes)   made not entrant: not used
1491 3111       3       Many::m899 (14 bytes)
1492 3112       4       Many::m899 (14 bytes)
1492 3111       3       Many::m899 (14 bytes)   made not entrant: not used
1493 3113       3       Many::m900 (14 bytes)
1493 3114       4       Many::m900 (14 bytes)
1493 3113       3       Many::m900 (14 bytes)   made not entrant: not used
1494 3115       3       Many::m901 (14 bytes)
1494 3116       4       Many::m901 (14 bytes)
1494 3115       3       Many::m901 (14 bytes)   made not entrant: not used
1496 3117       3       Many::m902 (14 bytes)
1496 3118       4       Many::m902 (14 bytes)
1496 3117       3       Many::m902 (14 bytes)   made not entrant: not used
1497 3119       3       Many::m903 (14 bytes)
1497 3120       4       Many::m903 (14 bytes)
1497 3119       3       Many::m903 (14 bytes)   made not entrant: not used
1499 3121       3       Many::m904 (14 bytes)
1499 3122       4       Many::m904 (14 bytes)
1499 3121       3       Many::m904 (14 bytes)   made not entrant: not used
1500 3123       3       Many::m905 (14 bytes)
1500 3124       4       Many::m905 (14 bytes)
1500 3123       3       Many::m905 (14 bytes)   made not entrant: not used
1501 3125       3       Many::m906 (14 bytes)
1502 3126       4       Many::m906 (14 bytes)
1502 3125       3       Many::m906 (14 bytes)   made not entrant: not used
1503 3127       3       Many::m907 (14 bytes)
1503 3128       4       Many::m907 (14 bytes)
1503 3127       3       Many::m907 (14 bytes)   made not entrant: not used
1504 3129       3       Many::m908 (14 bytes)
1504 3130       4       Many::m908 (14 bytes)
1505 3129       3       Many::m908 (14 bytes)   made not entrant: not used
1506 3131       3       Many::m909 (14 bytes)
1506 3132       4       Many::m909 (14 bytes)
1506 3131       3       Many::m909 (14 bytes)   made not entrant: not used
1507 3133       3       Many::m910 (14 bytes)
1507 3134       4       Many::m910 (14 bytes)
1507 3133       3       Many::m910 (14 bytes)   made not entrant: not used
1509 3135       3       Many::m911 (14 bytes)
1509 3136       4       Many::m911 (14 bytes)
1509 3135       3       Many::m911 (14 bytes)   made not entrant: not used
1510 3137       3       Many::m912 (14 bytes)
1510 3138       4       Many::m912 (14 bytes)
1510 3137       3       Many::m912 (14 bytes)   made not entrant: not used
1511 3139       3       Many::m913 (14 bytes)
1512 3140       4       Many::m913 (14 bytes)
1512 3139       3       Many::m913 (14 bytes)   made not entrant: not used
1513 3141       3       Many::m914 (14 bytes)
1513 3142       4       Many::m914 (14 bytes)
1513 3141       3       Many::m914 (14 bytes)   made not entrant: not used
1514 3143       3       Many::m915 (14 bytes)
1515 3144       4       Many::m915 (14 bytes)
1515 3143       3       Many::m915 (14 bytes)   made not entrant: not used
1516 3145       3       Many::m916 (14 bytes)
1516 3146       4       Many::m916 (14 bytes)
1516 3145       3       Many::m916 (14 bytes)   made not entrant: not used
1517 3147       3       Many::m917 (14 bytes)
1517 3148       4       Many::m917 (14 bytes)
1517 3147       3       Many::m917 (14 bytes)   made not entrant: not used
1519 3149       3       Many::m918 (14 bytes)
1519 3150       4       Many::m918 (14 bytes)
1519 3149       3       Many::m918 (14 bytes)   made not entrant: not used
1520 3151       3       Many::m919 (14 bytes)
1520 3152       4       Many::m919 (14 bytes)
1520 3151       3       Many::m919 (14 bytes)   made not entrant: not used
1522 3153       3       Many::m920 (14 bytes)
1522 3154       4       Many::m920 (14 bytes)
1522 3153       3       Many::m920 (14 bytes)   made not entrant: not used
1523 3155       3       Many::m921 (14 bytes)
1523 3156       4       Many::m921 (14 bytes)
1523 3155       3       Many::m921 (14 bytes)   made not entrant: not used
1524 3157       3       Many::m922 (14 bytes)
1524 3158       4       Many::m922 (14 bytes)
1525 3157       3       Many::m922 (14 bytes)   made not entrant: not used
1526 3159       3       Many::m923 (14 bytes)
1526 3160       4       Many::m923 (14 bytes)
1526 3159       3       Many::m923 (14 bytes)   made not entrant: not used
1527 3161       3       Many::m924 (14 bytes)
1527 3162       4       Many::m924 (14 bytes)
1527 3161       3       Many::m924 (14 bytes)   made not entrant: not used
1529 3163       3       Many::m925 (14 bytes)
1529 3164       4       Many::m925 (14 bytes)
1529 3163       3       Many::m925 (14 bytes)   made not entrant: not used
1530 3165       3       Many::m926 (14 bytes)
1530 3166       4       Many::m926 (14 bytes)
1530 3165       3       Many::m926 (14 bytes)   made not entrant: not used
1532 3167       3       Many::m927 (14 bytes)
1532 3168       4       Many::m927 (14 bytes)
1532 3167       3       Many::m927 (14 bytes)   made not entrant: not used
1533 3169       3       Many::m928 (14 bytes)
1533 3170       4       Many::m928 (14 bytes)
1533 3169       3       Many::m928 (14 bytes)   made not entrant: not used
1534 3171       3       Many::m929 (14 bytes)
1535 3172       4       Many::m929 (14 bytes)
1535 3171       3       Many::m929 (14 bytes)   made not entrant: not used
1536 3173       3       Many::m930 (14 bytes)
1536 3174       4       Many::m930 (14 bytes)
1536 3173       3       Many::m930 (14 bytes)   made not entrant: not used
1537 3175       3       Many::m931 (14 bytes)
1537 3176       4       Many::m931 (14 bytes)
1537 3175       3       Many::m931 (14 bytes)   made not entrant: not used
1539 3177       3       Many::m932 (14 bytes)
1539 3178       4       Many::m932 (14 bytes)
1539 3177       3       Many::m932 (14 bytes)   made not entrant: not used
1540 3179       3       Many::m933 (14 bytes)
1540 3180       4       Many::m933 (14 bytes)
1540 3179       3       Many::m933 (14 bytes)   made not entrant: not used
1542 3181       3       Many::m934 (14 bytes)
1542 3182       4       Many::m934 (14 bytes)
1542 3181       3       Many::m934 (14 bytes)   made not entrant: not used
1543 3183       3       Many::m935 (14 bytes)
1543 3184       4       Many::m935 (14 bytes)
1543 3183       3       Many::m935 (14 bytes)   made not entrant: not used
1544 3185       3       Many::m936 (14 bytes)
1545 3186       4       Many::m936 (14 bytes)
1545 3185       3       Many::m936 (14 bytes)   made not entrant: not used
1546 3187       3       Many::m937 (14 bytes)
1546 3188       4       Many::m937 (14 bytes)
1546 3187       3       Many::m937 (14 bytes)   made not entrant: not used
1547 3189       3       Many::m938 (14 bytes)
1547 3190       4       Many::m938 (14 bytes)
1548 3189       3       Many::m938 (14 bytes)   made not entrant: not used
1549 3191       3       Many::m939 (14 bytes)
1549 3192       4       Many::m939 (14 bytes)
1549 3191       3       Many::m939 (14 bytes)   made not entrant: not used
1550 3193       3       Many::m940 (14 bytes)
1550 3194       4       Many::m940 (14 bytes)
1550 3193       3       Many::m940 (14 bytes)   made not entrant: not used
1552 3195       3       Many::m941 (14 bytes)
1552 3196       4       Many::m941 (14 bytes)
1552 3195       3       Many::m941 (14 bytes)   made not entrant: not used
1553 3197       3       Many::m942 (14 bytes)
1553 3198       4       Many::m942 (14 bytes)
1553 3197       3       Many::m942 (14 bytes)   made not entrant: not used
1554 3199       3       Many::m943 (14 bytes)
1555 3200       4       Many::m943 (14 bytes)
1555 3199       3       Many::m943 (14 bytes)   made not entrant: not used
1556 3201       3       Many::m944 (14 bytes)
1556 3202       4       Many::m944 (14 bytes)
1556 3201       3       Many::m944 (14 bytes)   made not entrant: not used
1557 3203       3       Many::m945 (14 bytes)
1557 3204       4       Many::m945 (14 bytes)
1557 3203       3       Many::m945 (14 bytes)   made not entrant: not used
1559 3205       3       Many::m946 (14 bytes)
1559 3206       4       Many::m946 (14 bytes)
1559 3205       3       Many::m946 (14 bytes)   made not entrant: not used
1560 3207       3       Many::m947 (14 bytes)
1560 3208       4       Many::m947 (14 bytes)
1560 3207       3       Many::m947 (14 bytes)   made not entrant: not used
1562 3209       3       Many::m948 (14 bytes)
1562 3210       4       Many::m948 (14 bytes)
1562 3209       3       Many::m948 (14 bytes)   made not entrant: not used
1563 3211       3       Many::m949 (14 bytes)
1563 3212       4       Many::m949 (14 bytes)
1563 3211       3       Many::m949 (14 bytes)   made not entrant: not used
1565 3213       3       Many::m950 (14 bytes)
1565 3214       4       Many::m950 (14 bytes)
1565 3213       3       Many::m950 (14 bytes)   made not entrant: not used
1566 3215       3       Many::m951 (14 bytes)
1566 3216       4       Many::m951 (14 bytes)
1566 3215       3       Many::m951 (14 bytes)   made not entrant: not used
1567 3217       3       Many::m952 (14 bytes)
1568 3218       4       Many::m952 (14 bytes)
1568 3217       3       Many::m952 (14 bytes)   made not entrant: not used
1569 3219       3       Many::m953 (14 bytes)
1569 3220       4       Many::m953 (14 bytes)
1569 3219       3       Many::m953 (14 bytes)   made not entrant: not used
1570 3221       3       Many::m954 (14 bytes)
1570 3222       4       Many::m954 (14 bytes)
1570 3221       3       Many::m954 (14 bytes)   made not entrant: not used
1572 3223       3       Many::m955 (14 bytes)
1572 3224       4       Many::m955 (14 bytes)
1572 3223       3       Many::m955 (14 bytes)   made not entrant: not used
1573 3225       3       Many::m956 (14 bytes)
1573 3226       4       Many::m956 (14 bytes)
1573 3225       3       Many::m956 (14 bytes)   made not entrant: not used
1575 3227       3       Many::m957 (14 bytes)
1575 3228       4       Many::m957 (14 bytes)
1575 3227       3       Many::m957 (14 bytes)   made not entrant: not used
1576 3229       3       Many::m958 (14 bytes)
1576 3230       4       Many::m958 (14 bytes)
1576 3229       3       Many::m958 (14 bytes)   made not entrant: not used
1577 3231       3       Many::m959 (14 bytes)
1577 3232       4       Many::m959 (14 bytes)
1578 3231       3       Many::m959 (14 bytes)   made not entrant: not used
1579 3233       3       Many::m960 (14 bytes)
1579 3234       4       Many::m960 (14 bytes)
1579 3233       3       Many::m960 (14 bytes)   made not entrant: not used
1580 3235       3       Many::m961 (14 bytes)
1580 3236       4       Many::m961 (14 bytes)
1580 3235       3       Many::m961 (14 bytes)   made not entrant: not used
1582 3237       3       Many::m962 (14 bytes)
1582 3238       4       Many::m962 (14 bytes)
1582 3237       3       Many::m962 (14 bytes)   made not entrant: not used
1583 3239       3       Many::m963 (14 bytes)
1583 3240       4       Many::m963 (14 bytes)
1583 3239       3       Many::m963 (14 bytes)   made not entrant: not used
1585 3241       3       Many::m964 (14 bytes)
1585 3242       4       Many::m964 (14 bytes)
1585 3241       3       Many::m964 (14 bytes)   made not entrant: not used
1586 3243       3       Many::m965 (14 bytes)
1586 3244       4       Many::m965 (14 bytes)
1586 3243       3       Many::m965 (14 bytes)   made not entrant: not used
1587 3245       3       Many::m966 (14 bytes)
1587 3246       4       Many::m966 (14 bytes)
1588 3245       3       Many::m966 (14 bytes)   made not entrant: not used
1589 3247       3       Many::m967 (14 bytes)
1589 3248       4       Many::m967 (14 bytes)
1589 3247       3       Many::m967 (14 bytes)   made not entrant: not used
1590 3249       3       Many::m968 (14 bytes)
1590 3250       4       Many::m968 (14 bytes)
1590 3249       3       Many::m968 (14 bytes)   made not entrant: not used
1592 3251       3       Many::m969 (14 bytes)
1592 3252       4       Many::m969 (14 bytes)
1592 3251       3       Many::m969 (14 bytes)   made not entrant: not used
1593 3253       3       Many::m970 (14 bytes)
1593 3254       4       Many::m970 (14 bytes)
1593 3253       3       Many::m970 (14 bytes)   made not entrant: not used
1594 3255       3       Many::m971 (14 bytes)
1595 3256       4       Many::m971 (14 bytes)
1595 3255       3       Many::m971 (14 bytes)   made not entrant: not used
1596 3257       3       Many::m972 (14 bytes)
1596 3258       4       Many::m972 (14 bytes)
1596 3257       3       Many::m972 (14 bytes)   made not entrant: not used
1597 3259       3       Many::m973 (14 bytes)
1597 3260       4       Many::m973 (14 bytes)
1598 3259       3       Many::m973 (14 bytes)   made not entrant: not used
1599 3261       3       Many::m974 (14 bytes)
1599 3262       4       Many::m974 (14 bytes)
1599 3261       3       Many::m974 (14 bytes)   made not entrant: not used
1600 3263       3       Many::m975 (14 bytes)
1600 3264       4       Many::m975 (14 bytes)
1600 3263       3       Many::m975 (14 bytes)   made not entrant: not used
1602 3265       3       Many::m976 (14 bytes)
1602 3266       4       Many::m976 (14 bytes)
1602 3265       3       Many::m976 (14 bytes)   made not entrant: not used
1603 3267       3       Many::m977 (14 bytes)
1603 3268       4       Many::m977 (14 bytes)
1603 3267       3       Many::m977 (14 bytes)   made not entrant: not used
1605 3269       3       Many::m978 (14 bytes)
1605 3270       4       Many::m978 (14 bytes)
1605 3269       3       Many::m978 (14 bytes)   made not entrant: not used
1606 3271       3       Many::m979 (14 bytes)
1606 3272       4       Many::m979 (14 bytes)
1606 3271       3       Many::m979 (14 bytes)   made not entrant: not used
1607 3273       3       Many::m980 (14 bytes)
1608 3274       4       Many::m980 (14 bytes)
1608 3273       3       Many::m980 (14 bytes)   made not entrant: not used
1609 3275       3       Many::m981 (14 bytes)
1609 3276       4       Many::m981 (14 bytes)
1609 3275       3       Many::m981 (14 bytes)   made not entrant: not used
1610 3277       3       Many::m982 (14 bytes)
1610 3278       4       Many::m982 (14 bytes)
1610 3277       3       Many::m982 (14 bytes)   made not entrant: not used
1612 3279       3       Many::m983 (14 bytes)
1612 3280       4       Many::m983 (14 bytes)
1612 3279       3       Many::m983 (14 bytes)   made not entrant: not used
1613 3281       3       Many::m984 (14 bytes)
1613 3282       4       Many::m984 (14 bytes)
1613 3281       3       Many::m984 (14 bytes)   made not entrant: not used
1615 3283       3       Many::m985 (14 bytes)
1615 3284       4       Many::m985 (14 bytes)
1615 3283       3       Many::m985 (14 bytes)   made not entrant: not used
1616 3285       3       Many::m986 (14 bytes)
1616 3286       4       Many::m986 (14 bytes)
1616 3285       3       Many::m986 (14 bytes)   made not entrant: not used
1618 3287       3       Many::m987 (14 bytes)
1618 3288       4       Many::m987 (14 bytes)
1618 3287       3       Many::m987 (14 bytes)   made not entrant: not used
1619 3289       3       Many::m988 (14 bytes)
1619 3290       4       Many::m988 (14 bytes)
1619 3289       3       Many::m988 (14 bytes)   made not entrant: not used
1620 3291       3       Many::m989 (14 bytes)
1620 3292       4       Many::m989 (14 bytes)
1621 3291       3       Many::m989 (14 bytes)   made not entrant: not used
1622 3293       3       Many::m990 (14 bytes)
1622 3294       4       Many::m990 (14 bytes)
1622 3293       3       Many::m990 (14 bytes)   made not entrant: not used
1623 3295       3       Many::m991 (14 bytes)
1623 3296       4       Many::m991 (14 bytes)
1623 3295       3       Many::m991 (14 bytes)   made not entrant: not used
1625 3297       3       Many::m992 (14 bytes)
1625 3298       4       Many::m992 (14 bytes)
1625 3297       3       Many::m992 (14 bytes)   made not entrant: not used
1626 3299       3       Many::m993 (14 bytes)
1626 3300       4       Many::m993 (14 bytes)
1626 3299       3       Many::m993 (14 bytes)   made not entrant: not used
1627 3301       3       Many::m994 (14 bytes)
1628 3302       4       Many::m994 (14 bytes)
1628 3301       3       Many::m994 (14 bytes)   made not entrant: not used
1629 3303       3       Many::m995 (14 bytes)
1629 3304       4       Many::m995 (14 bytes)
1629 3303       3       Many::m995 (14 bytes)   made not entrant: not used
1630 3305       3       Many::m996 (14 bytes)
1630 3306       4       Many::m996 (14 bytes)
1631 3305       3       Many::m996 (14 bytes)   made not entrant: not used
1632 3307       3       Many::m997 (14 bytes)
1632 3308       4       Many::m997 (14 bytes)
1632 3307       3       Many::m997 (14 bytes)   made not entrant: not used
1633 3309       3       Many::m998 (14 bytes)
1633 3310       4       Many::m998 (14 bytes)
1633 3309       3       Many::m998 (14 bytes)   made not entrant: not used
1635 3311       3       Many::m999 (14 bytes)
1635 3312       4       Many::m999 (14 bytes)
1635 3311       3       Many::m999 (14 bytes)   made not entrant: not used
1636 3313       3       Many::m1000 (14 bytes)
1636 3314       4       Many::m1000 (14 bytes)
1636 3313       3       Many::m1000 (14 bytes)   made not entrant: not used
1637 3315       3       Many::m1001 (14 bytes)
1638 3316       4       Many::m1001 (14 bytes)
1638 3315       3       Many::m1001 (14 bytes)   made not entrant: not used
1639 3317       3       Many::m1002 (14 bytes)
1639 3318       4       Many::m1002 (14 bytes)
1639 3317       3       Many::m1002 (14 bytes)   made not entrant: not used
1640 3319       3       Many::m1003 (14 bytes)
1640 3320       4       Many::m1003 (14 bytes)
1640 3319       3       Many::m1003 (14 bytes)   made not entrant: not used
1642 3321       3       Many::m1004 (14 bytes)
1642 3322       4       Many::m1004 (14 bytes)
1642 3321       3       Many::m1004 (14 bytes)   made not entrant: not used
1643 3323       3       Many::m1005 (14 bytes)
1643 3324       4       Many::m1005 (14 bytes)
1643 3323       3       Many::m1005 (14 bytes)   made not entrant: not used
1645 3325       3       Many::m1006 (14 bytes)
1645 3326       4       Many::m1006 (14 bytes)
1645 3325       3       Many::m1006 (14 bytes)   made not entrant: not used
1646 3327       3       Many::m1007 (14 bytes)
1646 3328       4       Many::m1007 (14 bytes)
1646 3327       3       Many::m1007 (14 bytes)   made not entrant: not used
1647 3329       3       Many::m1008 (14 bytes)
1648 3330       4       Many::m1008 (14 bytes)
1648 3329       3       Many::m1008 (14 bytes)   made not entrant: not used
1649 3331       3       Many::m1009 (14 bytes)
1649 3332       4       Many::m1009 (14 bytes)
1649 3331       3       Many::m1009 (14 bytes)   made not entrant: not used
1650 3333       3       Many::m1010 (14 bytes)
1650 3334       4       Many::m1010 (14 bytes)
1650 3333       3       Many::m1010 (14 bytes)   made not entrant: not used
1652 3335       3       Many::m1011 (14 bytes)
1652 3336       4       Many::m1011 (14 bytes)
1652 3335       3       Many::m1011 (14 bytes)   made not entrant: not used
1653 3337       3       Many::m1012 (14 bytes)
1653 3338       4       Many::m1012 (14 bytes)
1653 3337       3       Many::m1012 (14 bytes)   made not entrant: not used
1655 3339       3       Many::m1013 (14 bytes)
1655 3340       4       Many::m1013 (14 bytes)
1655 3339       3       Many::m1013 (14 bytes)   made not entrant: not used
1656 3341       3       Many::m1014 (14 bytes)
1656 3342       4       Many::m1014 (14 bytes)
1656 3341       3       Many::m1014 (14 bytes)   made not entrant: not used
1657 3343       3       Many::m1015 (14 bytes)
1658 3344       4       Many::m1015 (14 bytes)
1658 3343       3       Many::m1015 (14 bytes)   made not entrant: not used
1659 3345       3       Many::m1016 (14 bytes)
1659 3346       4       Many::m1016 (14 bytes)
1659 3345       3       Many::m1016 (14 bytes)   made not entrant: not used
1660 3347       3       Many::m1017 (14 bytes)
1660 3348       4       Many::m1017 (14 bytes)
1660 3347       3       Many::m1017 (14 bytes)   made not entrant: not used
1662 3349       3       Many::m1018 (14 bytes)
1662 3350       4       Many::m1018 (14 bytes)
1662 3349       3       Many::m1018 (14 bytes)   made not entrant: not used
1663 3351       3       Many::m1019 (14 bytes)
1663 3352       4       Many::m1019 (14 bytes)
1663 3351       3       Many::m1019 (14 bytes)   made not entrant: not used
1665 3353       3       Many::m1020 (14 bytes)
1665 3354       4       Many::m1020 (14 bytes)
1665 3353       3       Many::m1020 (14 bytes)   made not entrant: not used
1666 3355       3       Many::m1021 (14 bytes)
1666 3356       4       Many::m1021 (14 bytes)
1666 3355       3       Many::m1021 (14 bytes)   made not entrant: not used
1667 3357       3       Many::m1022 (14 bytes)
1667 3358       4       Many::m1022 (14 bytes)
1668 3357       3       Many::m1022 (14 bytes)   made not entrant: not used
1669 3359       3       Many::m1023 (14 bytes)
1669 3360       4       Many::m1023 (14 bytes)
1669 3359       3       Many::m1023 (14 bytes)   made not entrant: not used
1670 3361       3       Many::m1024 (14 bytes)
1670 3362       4       Many::m1024 (14 bytes)
1670 3361       3       Many::m1024 (14 bytes)   made not entrant: not used
1672 3363       3       Many::m1025 (14 bytes)
1672 3364       4       Many::m1025 (14 bytes)
1672 3363       3       Many::m1025 (14 bytes)   made not entrant: not used
1673 3365       3       Many::m1026 (14 bytes)
1673 3366       4       Many::m1026 (14 bytes)
1673 3365       3       Many::m1026 (14 bytes)   made not entrant: not used
1674 3367       3       Many::m1027 (14 bytes)
1675 3368       4       Many::m1027 (14 bytes)
1675 3367       3       Many::m1027 (14 bytes)   made not entrant: not used
1676 3369       3       Many::m1028 (14 bytes)
1676 3370       4       Many::m1028 (14 bytes)
1676 3369       3       Many::m1028 (14 bytes)   made not entrant: not used
1677 3371       3       Many::m1029 (14 bytes)
1677 3372       4       Many::m1029 (14 bytes)
1677 3371       3       Many::m1029 (14 bytes)   made not entrant: not used
1679 3373       3       Many::m1030 (14 bytes)
1679 3374       4       Many::m1030 (14 bytes)
1679 3373       3       Many::m1030 (14 bytes)   made not entrant: not used
1680 3375       3       Many::m1031 (14 bytes)
1680 3376       4       Many::m1031 (14 bytes)
1680 3375       3       Many::m1031 (14 bytes)   made not entrant: not used
1682 3377       3       Many::m1032 (14 bytes)
1682 3378       4       Many::m1032 (14 bytes)
1682 3377       3       Many::m1032 (14 bytes)   made not entrant: not used
1683 3379       3       Many::m1033 (14 bytes)
1683 3380       4       Many::m1033 (14 bytes)
1683 3379       3       Many::m1033 (14 bytes)   made not entrant: not used
1685 3381       3       Many::m1034 (14 bytes)
1685 3382       4       Many::m1034 (14 bytes)
1685 3381       3       Many::m1034 (14 bytes)   made not entrant: not used
1686 3383       3       Many::m1035 (14 bytes)
1686 3384       4       Many::m1035 (14 bytes)
1686 3383       3       Many::m1035 (14 bytes)   made not entrant: not used
1687 3385       3       Many::m1036 (14 bytes)
1687 3386       4       Many::m1036 (14 bytes)
1688 3385       3       Many::m1036 (14 bytes)   made not entrant: not used
1689 3387       3       Many::m1037 (14 bytes)
1689 3388       4       Many::m1037 (14 bytes)
1689 3387       3       Many::m1037 (14 bytes)   made not entrant: not used
1690 3389       3       Many::m1038 (14 bytes)
1690 3390       4       Many::m1038 (14 bytes)
1690 3389       3       Many::m1038 (14 bytes)   made not entrant: not used
1692 3391       3       Many::m1039 (14 bytes)
1692 3392       4       Many::m1039 (14 bytes)
1692 3391       3       Many::m1039 (14 bytes)   made not entrant: not used
1693 3393       3       Many::m1040 (14 bytes)
1693 3394       4       Many::m1040 (14 bytes)
1693 3393       3       Many::m1040 (14 bytes)   made not entrant: not used
1694 3395       3       Many::m1041 (14 bytes)
1695 3396       4       Many::m1041 (14 bytes)
1695 3395       3       Many::m1041 (14 bytes)   made not entrant: not used
1696 3397       3       Many::m1042 (14 bytes)
1696 3398       4       Many::m1042 (14 bytes)
1696 3397       3       Many::m1042 (14 bytes)   made not entrant: not used
1697 3399       3       Many::m1043 (14 bytes)
1698 3400       4       Many::m1043 (14 bytes)
1698 3399       3       Many::m1043 (14 bytes)   made not entrant: not used
1699 3401       3       Many::m1044 (14 bytes)
1699 3402       4       Many::m1044 (14 bytes)
1699 3401       3       Many::m1044 (14 bytes)   made not entrant: not used
1700 3403       3       Many::m1045 (14 bytes)
1700 3404       4       Many::m1045 (14 bytes)
1700 3403       3       Many::m1045 (14 bytes)   made not entrant: not used
1702 3405       3       Many::m1046 (14 bytes)
1702 3406       4       Many::m1046 (14 bytes)
1702 3405       3       Many::m1046 (14 bytes)   made not entrant: not used
1703 3407       3       Many::m1047 (14 bytes)
1703 3408       4       Many::m1047 (14 bytes)
1703 3407       3       Many::m1047 (14 bytes)   made not entrant: not used
1704 3409       3       Many::m1048 (14 bytes)
1705 3410       4       Many::m1048 (14 bytes)
1705 3409       3       Many::m1048 (14 bytes)   made not entrant: not used
1706 3411       3       Many::m1049 (14 bytes)
1706 3412       4       Many::m1049 (14 bytes)
1706 3411       3       Many::m1049 (14 bytes)   made not entrant: not used
1707 3413       3       Many::m1050 (14 bytes)
1707 3414       4       Many::m1050 (14 bytes)
1707 3413       3       Many::m1050 (14 bytes)   made not entrant: not used
1709 3415       3       Many::m1051 (14 bytes)
1709 3416       4       Many::m1051 (14 bytes)
1709 3415       3       Many::m1051 (14 bytes)   made not entrant: not used
1710 3417       3       Many::m1052 (14 bytes)
1710 3418       4       Many::m1052 (14 bytes)
1710 3417       3       Many::m1052 (14 bytes)   made not entrant: not used
1712 3419       3       Many::m1053 (14 bytes)
1712 3420       4       Many::m1053 (14 bytes)
1712 3419       3       Many::m1053 (14 bytes)   made not entrant: not used
1713 3421       3       Many::m1054 (14 bytes)
1713 3422       4       Many::m1054 (14 bytes)
1713 3421       3       Many::m1054 (14 bytes)   made not entrant: not used
1715 3423       3       Many::m1055 (14 bytes)
1715 3424       4       Many::m1055 (14 bytes)
1715 3423       3       Many::m1055 (14 bytes)   made not entrant: not used
1716 3425       3       Many::m1056 (14 bytes)
1716 3426       4       Many::m1056 (14 bytes)
1716 3425       3       Many::m1056 (14 bytes)   made not entrant: not used
1717 3427       3       Many::m1057 (14 bytes)
1718 3428       4       Many::m1057 (14 bytes)
1718 3427       3       Many::m1057 (14 bytes)   made not entrant: not used
1719 3429       3       Many::m1058 (14 bytes)
1719 3430       4       Many::m1058 (14 bytes)
1719 3429       3       Many::m1058 (14 bytes)   made not entrant: not used
1720 3431       3       Many::m1059 (14 bytes)
1720 3432       4       Many::m1059 (14 bytes)
1720 3431       3       Many::m1059 (14 bytes)   made not entrant: not used
1722 3433       3       Many::m1060 (14 bytes)
1722 3434       4       Many::m1060 (14 bytes)
1722 3433       3       Many::m1060 (14 bytes)   made not entrant: not used
1723 3435       3       Many::m1061 (14 bytes)
1723 3436       4       Many::m1061 (14 bytes)
1723 3435       3       Many::m1061 (14 bytes)   made not entrant: not used
1724 3437       3       Many::m1062 (14 bytes)
1725 3438       4       Many::m1062 (14 bytes)
1725 3437       3       Many::m1062 (14 bytes)   made not entrant: not used
1726 3439       3       Many::m1063 (14 bytes)
1726 3440       4       Many::m1063 (14 bytes)
1726 3439       3       Many::m1063 (14 bytes)   made not entrant: not used
1727 3441       3       Many::m1064 (14 bytes)
1727 3442       4       Many::m1064 (14 bytes)
1727 3441       3       Many::m1064 (14 bytes)   made not entrant: not used
1729 3443       3       Many::m1065 (14 bytes)
1729 3444       4       Many::m1065 (14 bytes)
1729 3443       3       Many::m1065 (14 bytes)   made not entrant: not used
1730 3445       3       Many::m1066 (14 bytes)
1730 3446       4       Many::m1066 (14 bytes)
1730 3445       3       Many::m1066 (14 bytes)   made not entrant: not used
1732 3447       3       Many::m1067 (14 bytes)
1732 3448       4       Many::m1067 (14 bytes)
1732 3447       3       Many::m1067 (14 bytes)   made not entrant: not used
1733 3449       3       Many::m1068 (14 bytes)
1733 3450       4       Many::m1068 (14 bytes)
1733 3449       3       Many::m1068 (14 bytes)   made not entrant: not used
1734 3451       3       Many::m1069 (14 bytes)
1735 3452       4       Many::m1069 (14 bytes)
1735 3451       3       Many::m1069 (14 bytes)   made not entrant: not used
1736 3453       3       Many::m1070 (14 bytes)
1736 3454       4       Many::m1070 (14 bytes)
1736 3453       3       Many::m1070 (14 bytes)   made not entrant: not used
1737 3455       3       Many::m1071 (14 bytes)
1737 3456       4       Many::m1071 (14 bytes)
1738 3455       3       Many::m1071 (14 bytes)   made not entrant: not used
1739 3457       3       Many::m1072 (14 bytes)
1739 3458       4       Many::m1072 (14 bytes)
1739 3457       3       Many::m1072 (14 bytes)   made not entrant: not used
1740 3459       3       Many::m1073 (14 bytes)
1740 3460       4       Many::m1073 (14 bytes)
1740 3459       3       Many::m1073 (14 bytes)   made not entrant: not used
1742 3461       3       Many::m1074 (14 bytes)
1742 3462       4       Many::m1074 (14 bytes)
1742 3461       3       Many::m1074 (14 bytes)   made not entrant: not used
1743 3463       3       Many::m1075 (14 bytes)
1743 3464       4       Many::m1075 (14 bytes)
1743 3463       3       Many::m1075 (14 bytes)   made not entrant: not used
1744 3465       3       Many::m1076 (14 bytes)
1745 3466       4       Many::m1076 (14 bytes)
1745 3465       3       Many::m1076 (14 bytes)   made not entrant: not used
1746 3467       3       Many::m1077 (14 bytes)
1746 3468       4       Many::m1077 (14 bytes)
1746 3467       3       Many::m1077 (14 bytes)   made not entrant: not used
1747 3469       3       Many::m1078 (14 bytes)
1747 3470       4       Many::m1078 (14 bytes)
1748 3469       3       Many::m1078 (14 bytes)   made not entrant: not used
1749 3471       3       Many::m1079 (14 bytes)
1749 3472       4       Many::m1079 (14 bytes)
1749 3471       3       Many::m1079 (14 bytes)   made not entrant: not used
1750 3473       3       Many::m1080 (14 bytes)
1750 3474       4       Many::m1080 (14 bytes)
1750 3473       3       Many::m1080 (14 bytes)   made not entrant: not used
1752 3475       3       Many::m1081 (14 bytes)
1752 3476       4       Many::m1081 (14 bytes)
1752 3475       3       Many::m1081 (14 bytes)   made not entrant: not used
1753 3477       3       Many::m1082 (14 bytes)
1753 3478       4       Many::m1082 (14 bytes)
1753 3477       3       Many::m1082 (14 bytes)   made not entrant: not used
1754 3479       3       Many::m1083 (14 bytes)
1755 3480       4       Many::m1083 (14 bytes)
1755 3479       3       Many::m1083 (14 bytes)   made not entrant: not used
1756 3481       3       Many::m1084 (14 bytes)
1756 3482       4       Many::m1084 (14 bytes)
1756 3481       3       Many::m1084 (14 bytes)   made not entrant: not used
1757 3483       3       Many::m1085 (14 bytes)
1757 3484       4       Many::m1085 (14 bytes)
1757 3483       3       Many::m1085 (14 bytes)   made not entrant: not used
1759 3485       3       Many::m1086 (14 bytes)
1759 3486       4       Many::m1086 (14 bytes)
1759 3485       3       Many::m1086 (14 bytes)   made not entrant: not used
1760 3487       3       Many::m1087 (14 bytes)
1760 3488       4       Many::m1087 (14 bytes)
1760 3487       3       Many::m1087 (14 bytes)   made not entrant: not used
1762 3489       3       Many::m1088 (14 bytes)
1762 3490       4       Many::m1088 (14 bytes)
1762 3489       3       Many::m1088 (14 bytes)   made not entrant: not used
1763 3491       3       Many::m1089 (14 bytes)
1763 3492       4       Many::m1089 (14 bytes)
1763 3491       3       Many::m1089 (14 bytes)   made not entrant: not used
1764 3493       3       Many::m1090 (14 bytes)
1765 3494       4       Many::m1090 (14 bytes)
1765 3493       3       Many::m1090 (14 bytes)   made not entrant: not used
1766 3495       3       Many::m1091 (14 bytes)
1766 3496       4       Many::m1091 (14 bytes)
1766 3495       3       Many::m1091 (14 bytes)   made not entrant: not used
1767 3497       3       Many::m1092 (14 bytes)
1767 3498       4       Many::m1092 (14 bytes)
1768 3497       3       Many::m1092 (14 bytes)   made not entrant: not used
1769 3499       3       Many::m1093 (14 bytes)
1769 3500       4       Many::m1093 (14 bytes)
1769 3499       3       Many::m1093 (14 bytes)   made not entrant: not used
1770 3501       3       Many::m1094 (14 bytes)
1770 3502       4       Many::m1094 (14 bytes)
1770 3501       3       Many::m1094 (14 bytes)   made not entrant: not used
1772 3503       3       Many::m1095 (14 bytes)
1772 3504       4       Many::m1095 (14 bytes)
1772 3503       3       Many::m1095 (14 bytes)   made not entrant: not used
1773 3505       3       Many::m1096 (14 bytes)
1773 3506       4       Many::m1096 (14 bytes)
1773 3505       3       Many::m1096 (14 bytes)   made not entrant: not used
1774 3507       3       Many::m1097 (14 bytes)
1775 3508       4       Many::m1097 (14 bytes)
1775 3507       3       Many::m1097 (14 bytes)   made not entrant: not used
1776 3509       3       Many::m1098 (14 bytes)
1776 3510       4       Many::m1098 (14 bytes)
1776 3509       3       Many::m1098 (14 bytes)   made not entrant: not used
1777 3511       3       Many::m1099 (14 bytes)
1777 3512       4       Many::m1099 (14 bytes)
1777 3511       3       Many::m1099 (14 bytes)   made not entrant: not used
1779 3513       3       Many::m1100 (14 bytes)
1779 3514       4       Many::m1100 (14 bytes)
1779 3513       3       Many::m1100 (14 bytes)   made not entrant: not used
1780 3515       3       Many::m1101 (14 bytes)
1780 3516       4       Many::m1101 (14 bytes)
1780 3515       3       Many::m1101 (14 bytes)   made not entrant: not used
1782 3517       3       Many::m1102 (14 bytes)
1782 3518       4       Many::m1102 (14 bytes)
1782 3517       3       Many::m1102 (14 bytes)   made not entrant: not used
1783 3519       3       Many::m1103 (14 bytes)
1783 3520       4       Many::m1103 (14 bytes)
1783 3519       3       Many::m1103 (14 bytes)   made not entrant: not used
1784 3521       3       Many::m1104 (14 bytes)
1785 3522       4       Many::m1104 (14 bytes)
1785 3521       3       Many::m1104 (14 bytes)   made not entrant: not used
1786 3523       3       Many::m1105 (14 bytes)
1786 3524       4       Many::m1105 (14 bytes)
1786 3523       3       Many::m1105 (14 bytes)   made not entrant: not used
1787 3525       3       Many::m1106 (14 bytes)
1787 3526       4       Many::m1106 (14 bytes)
1788 3525       3       Many::m1106 (14 bytes)   made not entrant: not used
1789 3527       3       Many::m1107 (14 bytes)
1789 3528       4       Many::m1107 (14 bytes)
1789 3527       3       Many::m1107 (14 bytes)   made not entrant: not used
1790 3529       3       Many::m1108 (14 bytes)
1790 3530       4       Many::m1108 (14 bytes)
1790 3529       3       Many::m1108 (14 bytes)   made not entrant: not used
1792 3531       3       Many::m1109 (14 bytes)
1792 3532       4       Many::m1109 (14 bytes)
1792 3531       3       Many::m1109 (14 bytes)   made not entrant: not used
1793 3533       3       Many::m1110 (14 bytes)
1793 3534       4       Many::m1110 (14 bytes)
1793 3533       3       Many::m1110 (14 bytes)   made not entrant: not used
1794 3535       3       Many::m1111 (14 bytes)
1794 3536       4       Many::m1111 (14 bytes)
1795 3535       3       Many::m1111 (14 bytes)   made not entrant: not used
1796 3537       3       Many::m1112 (14 bytes)
1796 3538       4       Many::m1112 (14 bytes)
1796 3537       3       Many::m1112 (14 bytes)   made not entrant: not used
1797 3539       3       Many::m1113 (14 bytes)
1797 3540       4       Many::m1113 (14 bytes)
1797 3539       3       Many::m1113 (14 bytes)   made not entrant: not used
1799 3541       3       Many::m1114 (14 bytes)
1799 3542       4       Many::m1114 (14 bytes)
1799 3541       3       Many::m1114 (14 bytes)   made not entrant: not used
1800 3543       3       Many::m1115 (14 bytes)
1800 3544       4       Many::m1115 (14 bytes)
1800 3543       3       Many::m1115 (14 bytes)   made not entrant: not used
1801 3545       3       Many::m1116 (14 bytes)
1802 3546       4       Many::m1116 (14 bytes)
1802 3545       3       Many::m1116 (14 bytes)   made not entrant: not used
1803 3547       3       Many::m1117 (14 bytes)
1803 3548       4       Many::m1117 (14 bytes)
1803 3547       3       Many::m1117 (14 bytes)   made not entrant: not used
1804 3549       3       Many::m1118 (14 bytes)
1804 3550       4       Many::m1118 (14 bytes)
1804 3549       3       Many::m1118 (14 bytes)   made not entrant: not used
1806 3551       3       Many::m1119 (14 bytes)
1806 3552       4       Many::m1119 (14 bytes)
1806 3551       3       Many::m1119 (14 bytes)   made not entrant: not used
1807 3553       3       Many::m1120 (14 bytes)
1807 3554       4       Many::m1120 (14 bytes)
1807 3553       3       Many::m1120 (14 bytes)   made not entrant: not used
1809 3555       3       Many::m1121 (14 bytes)
1809 3556       4       Many::m1121 (14 bytes)
1809 3555       3       Many::m1121 (14 bytes)   made not entrant: not used
1810 3557       3       Many::m1122 (14 bytes)
1810 3558       4       Many::m1122 (14 bytes)
1810 3557       3       Many::m1122 (14 bytes)   made not entrant: not used
1811 3559       3       Many::m1123 (14 bytes)
1812 3560       4       Many::m1123 (14 bytes)
1812 3559       3       Many::m1123 (14 bytes)   made not entrant: not used
1813 3561       3       Many::m1124 (14 bytes)
1813 3562       4       Many::m1124 (14 bytes)
1813 3561       3       Many::m1124 (14 bytes)   made not entrant: not used
1814 3563       3       Many::m1125 (14 bytes)
1815 3564       4       Many::m1125 (14 bytes)
1815 3563       3       Many::m1125 (14 bytes)   made not entrant: not used
1816 3565       3       Many::m1126 (14 bytes)
1816 3566       4       Many::m1126 (14 bytes)
1816 3565       3       Many::m1126 (14 bytes)   made not entrant: not used
1817 3567       3       Many::m1127 (14 bytes)
1817 3568       4       Many::m1127 (14 bytes)
1817 3567       3       Many::m1127 (14 bytes)   made not entrant: not used
1819 3569       3       Many::m1128 (14 bytes)
1819 3570       4       Many::m1128 (14 bytes)
1819 3569       3       Many::m1128 (14 bytes)   made not entrant: not used
1820 3571       3       Many::m1129 (14 bytes)
1820 3572       4       Many::m1129 (14 bytes)
1820 3571       3       Many::m1129 (14 bytes)   made not entrant: not used
1821 3573       3       Many::m1130 (14 bytes)
1822 3574       4       Many::m1130 (14 bytes)
1822 3573       3       Many::m1130 (14 bytes)   made not entrant: not used
1823 3575       3       Many::m1131 (14 bytes)
1823 3576       4       Many::m1131 (14 bytes)
1823 3575       3       Many::m1131 (14 bytes)   made not entrant: not used
1824 3577       3       Many::m1132 (14 bytes)
1824 3578       4       Many::m1132 (14 bytes)
1824 3577       3       Many::m1132 (14 bytes)   made not entrant: not used
1826 3579       3       Many::m1133 (14 bytes)
1826 3580       4       Many::m1133 (14 bytes)
1826 3579       3       Many::m1133 (14 bytes)   made not entrant: not used
1827 3581       3       Many::m1134 (14 bytes)
1827 3582       4       Many::m1134 (14 bytes)
1827 3581       3       Many::m1134 (14 bytes)   made not entrant: not used
1829 3583       3       Many::m1135 (14 bytes)
1829 3584       4       Many::m1135 (14 bytes)
1829 3583       3       Many::m1135 (14 bytes)   made not entrant: not used
1830 3585       3       Many::m1136 (14 bytes)
1830 3586       4       Many::m1136 (14 bytes)
1830 3585       3       Many::m1136 (14 bytes)   made not entrant: not used
1832 3587       3       Many::m1137 (14 bytes)
1832 3588       4       Many::m1137 (14 bytes)
1832 3587       3       Many::m1137 (14 bytes)   made not entrant: not used
1833 3589       3       Many::m1138 (14 bytes)
1833 3590       4       Many::m1138 (14 bytes)
1833 3589       3       Many::m1138 (14 bytes)   made not entrant: not used
1834 3591       3       Many::m1139 (14 bytes)
1835 3592       4       Many::m1139 (14 bytes)
1835 3591       3       Many::m1139 (14 bytes)   made not entrant: not used
1836 3593       3       Many::m1140 (14 bytes)
1836 3594       4       Many::m1140 (14 bytes)
1836 3593       3       Many::m1140 (14 bytes)   made not entrant: not used
1837 3595       3       Many::m1141 (14 bytes)
1837 3596       4       Many::m1141 (14 bytes)
1837 3595       3       Many::m1141 (14 bytes)   made not entrant: not used
1839 3597       3       Many::m1142 (14 bytes)
1839 3598       4       Many::m1142 (14 bytes)
1839 3597       3       Many::m1142 (14 bytes)   made not entrant: not used
1840 3599       3       Many::m1143 (14 bytes)
1840 3600       4       Many::m1143 (14 bytes)
1840 3599       3       Many::m1143 (14 bytes)   made not entrant: not used
1841 3601       3       Many::m1144 (14 bytes)
1842 3602       4       Many::m1144 (14 bytes)
1842 3601       3       Many::m1144 (14 bytes)   made not entrant: not used
1843 3603       3       Many::m1145 (14 bytes)
1843 3604       4       Many::m1145 (14 bytes)
1843 3603       3       Many::m1145 (14 bytes)   made not entrant: not used
1844 3605       3       Many::m1146 (14 bytes)
1844 3606       4       Many::m1146 (14 bytes)
1844 3605       3       Many::m1146 (14 bytes)   made not entrant: not used
1846 3607       3       Many::m1147 (14 bytes)
1846 3608       4       Many::m1147 (14 bytes)
1846 3607       3       Many::m1147 (14 bytes)   made not entrant: not used
1847 3609       3       Many::m1148 (14 bytes)
1847 3610       4       Many::m1148 (14 bytes)
1847 3609       3       Many::m1148 (14 bytes)   made not entrant: not used
1849 3611       3       Many::m1149 (14 bytes)
1849 3612       4       Many::m1149 (14 bytes)
1849 3611       3       Many::m1149 (14 bytes)   made not entrant: not used
1850 3613       3       Many::m1150 (14 bytes)
1850 3614       4       Many::m1150 (14 bytes)
1850 3613       3       Many::m1150 (14 bytes)   made not entrant: not used
1851 3615       3       Many::m1151 (14 bytes)
1852 3616       4       Many::m1151 (14 bytes)
1852 3615       3       Many::m1151 (14 bytes)   made not entrant: not used
1853 3617       3       Many::m1152 (14 bytes)
1853 3618       4       Many::m1152 (14 bytes)
1853 3617       3       Many::m1152 (14 bytes)   made not entrant: not used
1854 3619       3       Many::m1153 (14 bytes)
1854 3620       4       Many::m1153 (14 bytes)
1854 3619       3       Many::m1153 (14 bytes)   made not entrant: not used
1856 3621       3       Many::m1154 (14 bytes)
1856 3622       4       Many::m1154 (14 bytes)
1856 3621       3       Many::m1154 (14 bytes)   made not entrant: not used
1857 3623       3       Many::m1155 (14 bytes)
1857 3624       4       Many::m1155 (14 bytes)
1857 3623       3       Many::m1155 (14 bytes)   made not entrant: not used
1859 3625       3       Many::m1156 (14 bytes)
1859 3626       4       Many::m1156 (14 bytes)
1859 3625       3       Many::m1156 (14 bytes)   made not entrant: not used
1860 3627       3       Many::m1157 (14 bytes)
1860 3628       4       Many::m1157 (14 bytes)
1860 3627       3       Many::m1157 (14 bytes)   made not entrant: not used
1861 3629       3       Many::m1158 (14 bytes)
1862 3630       4       Many::m1158 (14 bytes)
1862 3629       3       Many::m1158 (14 bytes)   made not entrant: not used
1863 3631       3       Many::m1159 (14 bytes)
1863 3632       4       Many::m1159 (14 bytes)
1863 3631       3       Many::m1159 (14 bytes)   made not entrant: not used
1864 3633       3       Many::m1160 (14 bytes)
1864 3634       4       Many::m1160 (14 bytes)
1865 3633       3       Many::m1160 (14 bytes)   made not entrant: not used
1866 3635       3       Many::m1161 (14 bytes)
1866 3636       4       Many::m1161 (14 bytes)
1866 3635       3       Many::m1161 (14 bytes)   made not entrant: not used
1867 3637       3       Many::m1162 (14 bytes)
1867 3638       4       Many::m1162 (14 bytes)
1867 3637       3       Many::m1162 (14 bytes)   made not entrant: not used
1869 3639       3       Many::m1163 (14 bytes)
1869 3640       4       Many::m1163 (14 bytes)
1869 3639       3       Many::m1163 (14 bytes)   made not entrant: not used
1870 3641       3       Many::m1164 (14 bytes)
1870 3642       4       Many::m1164 (14 bytes)
1870 3641       3       Many::m1164 (14 bytes)   made not entrant: not used
1871 3643       3       Many::m1165 (14 bytes)
1872 3644       4       Many::m1165 (14 bytes)
1872 3643       3       Many::m1165 (14 bytes)   made not entrant: not used
1873 3645       3       Many::m1166 (14 bytes)
1873 3646       4       Many::m1166 (14 bytes)
1873 3645       3       Many::m1166 (14 bytes)   made not entrant: not used
1874 3647       3       Many::m1167 (14 bytes)
1874 3648       4       Many::m1167 (14 bytes)
1874 3647       3       Many::m1167 (14 bytes)   made not entrant: not used
1876 3649       3       Many::m1168 (14 bytes)
1876 3650       4       Many::m1168 (14 bytes)
1876 3649       3       Many::m1168 (14 bytes)   made not entrant: not used
1877 3651       3       Many::m1169 (14 bytes)
1877 3652       4       Many::m1169 (14 bytes)
1877 3651       3       Many::m1169 (14 bytes)   made not entrant: not used
1879 3653       3       Many::m1170 (14 bytes)
1879 3654       4       Many::m1170 (14 bytes)
1879 3653       3       Many::m1170 (14 bytes)   made not entrant: not used
1880 3655       3       Many::m1171 (14 bytes)
1880 3656       4       Many::m1171 (14 bytes)
1880 3655       3       Many::m1171 (14 bytes)   made not entrant: not used
1881 3657       3       Many::m1172 (14 bytes)
1881 3658       4       Many::m1172 (14 bytes)
1882 3657       3       Many::m1172 (14 bytes)   made not entrant: not used
1883 3659       3       Many::m1173 (14 bytes)
1883 3660       4       Many::m1173 (14 bytes)
1883 3659       3       Many::m1173 (14 bytes)   made not entrant: not used
1884 3661       3       Many::m1174 (14 bytes)
1884 3662       4       Many::m1174 (14 bytes)
1884 3661       3       Many::m1174 (14 bytes)   made not entrant: not used
1886 3663       3       Many::m1175 (14 bytes)
1886 3664       4       Many::m1175 (14 bytes)
1886 3663       3       Many::m1175 (14 bytes)   made not entrant: not used
1887 3665       3       Many::m1176 (14 bytes)
1887 3666       4       Many::m1176 (14 bytes)
1887 3665       3       Many::m1176 (14 bytes)   made not entrant: not used
1888 3667       3       Many::m1177 (14 bytes)
1889 3668       4       Many::m1177 (14 bytes)
1889 3667       3       Many::m1177 (14 bytes)   made not entrant: not used
1890 3669       3       Many::m1178 (14 bytes)
1890 3670       4       Many::m1178 (14 bytes)
1890 3669       3       Many::m1178 (14 bytes)   made not entrant: not used
1891 3671       3       Many::m1179 (14 bytes)
1891 3672       4       Many::m1179 (14 bytes)
1891 3671       3       Many::m1179 (14 bytes)   made not entrant: not used
1893 3673       3       Many::m1180 (14 bytes)
1893 3674       4       Many::m1180 (14 bytes)
1893 3673       3       Many::m1180 (14 bytes)   made not entrant: not used
1894 3675       3       Many::m1181 (14 bytes)
1894 3676       4       Many::m1181 (14 bytes)
1894 3675       3       Many::m1181 (14 bytes)   made not entrant: not used
1896 3677       3       Many::m1182 (14 bytes)
1896 3678       4       Many::m1182 (14 bytes)
1896 3677       3       Many::m1182 (14 bytes)   made not entrant: not used
1897 3679       3       Many::m1183 (14 bytes)
1897 3680       4       Many::m1183 (14 bytes)
1897 3679       3       Many::m1183 (14 bytes)   made not entrant: not used
1898 3681       3       Many::m1184 (14 bytes)
1899 3682       4       Many::m1184 (14 bytes)
1899 3681       3       Many::m1184 (14 bytes)   made not entrant: not used
1900 3683       3       Many::m1185 (14 bytes)
1900 3684       4       Many::m1185 (14 bytes)
1900 3683       3       Many::m1185 (14 bytes)   made not entrant: not used
1901 3685       3       Many::m1186 (14 bytes)
1901 3686       4       Many::m1186 (14 bytes)
1902 3685       3       Many::m1186 (14 bytes)   made not entrant: not used
1903 3687       3       Many::m1187 (14 bytes)
1903 3688       4       Many::m1187 (14 bytes)
1903 3687       3       Many::m1187 (14 bytes)   made not entrant: not used
1904 3689       3       Many::m1188 (14 bytes)
1904 3690       4       Many::m1188 (14 bytes)
1904 3689       3       Many::m1188 (14 bytes)   made not entrant: not used
1906 3691       3       Many::m1189 (14 bytes)
1906 3692       4       Many::m1189 (14 bytes)
1906 3691       3       Many::m1189 (14 bytes)   made not entrant: not used
1907 3693       3       Many::m1190 (14 bytes)
1907 3694       4       Many::m1190 (14 bytes)
1907 3693       3       Many::m1190 (14 bytes)   made not entrant: not used
1908 3695       3       Many::m1191 (14 bytes)
1908 3696       4       Many::m1191 (14 bytes)
1909 3695       3       Many::m1191 (14 bytes)   made not entrant: not used
1910 3697       3       Many::m1192 (14 bytes)
1910 3698       4       Many::m1192 (14 bytes)
1910 3697       3       Many::m1192 (14 bytes)   made not entrant: not used
1911 3699       3       Many::m1193 (14 bytes)
1911 3700       4       Many::m1193 (14 bytes)
1912 3699       3       Many::m1193 (14 bytes)   made not entrant: not used
1913 3701       3       Many::m1194 (14 bytes)
1913 3702       4       Many::m1194 (14 bytes)
1913 3701       3       Many::m1194 (14 bytes)   made not entrant: not used
1914 3703       3       Many::m1195 (14 bytes)
1914 3704       4       Many::m1195 (14 bytes)
1914 3703       3       Many::m1195 (14 bytes)   made not entrant: not used
1916 3705       3       Many::m1196 (14 bytes)
1916 3706       4       Many::m1196 (14 bytes)
1916 3705       3       Many::m1196 (14 bytes)   made not entrant: not used
1917 3707       3       Many::m1197 (14 bytes)
1917 3708       4       Many::m1197 (14 bytes)
1917 3707       3       Many::m1197 (14 bytes)   made not entrant: not used
1919 3709       3       Many::m1198 (14 bytes)
1919 3710       4       Many::m1198 (14 bytes)
1919 3709       3       Many::m1198 (14 bytes)   made not entrant: not used
1920 3711       3       Many::m1199 (14 bytes)
1920 3712       4       Many::m1199 (14 bytes)
1920 3711       3       Many::m1199 (14 bytes)   made not entrant: not used
1921 3713       3       Many::m1200 (14 bytes)
1921 3714       4       Many::m1200 (14 bytes)
1922 3713       3       Many::m1200 (14 bytes)   made not entrant: not used
1923 3715       3       Many::m1201 (14 bytes)
1923 3716       4       Many::m1201 (14 bytes)
1923 3715       3       Many::m1201 (14 bytes)   made not entrant: not used
1924 3717       3       Many::m1202 (14 bytes)
1924 3718       4       Many::m1202 (14 bytes)
1924 3717       3       Many::m1202 (14 bytes)   made not entrant: not used
1926 3719       3       Many::m1203 (14 bytes)
1926 3720       4       Many::m1203 (14 bytes)
1926 3719       3       Many::m1203 (14 bytes)   made not entrant: not used
1927 3721       3       Many::m1204 (14 bytes)
1927 3722       4       Many::m1204 (14 bytes)
1927 3721       3       Many::m1204 (14 bytes)   made not entrant: not used
1928 3723       3       Many::m1205 (14 bytes)
1929 3724       4       Many::m1205 (14 bytes)
1929 3723       3       Many::m1205 (14 bytes)   made not entrant: not used
1930 3725       3       Many::m1206 (14 bytes)
1930 3726       4       Many::m1206 (14 bytes)
1930 3725       3       Many::m1206 (14 bytes)   made not entrant: not used
1932 3727       3       Many::m1207 (14 bytes)
1932 3728       4       Many::m1207 (14 bytes)
1932 3727       3       Many::m1207 (14 bytes)   made not entrant: not used
1933 3729       3       Many::m1208 (14 bytes)
1933 3730       4       Many::m1208 (14 bytes)
1933 3729       3       Many::m1208 (14 bytes)   made not entrant: not used
1934 3731       3       Many::m1209 (14 bytes)
1934 3732       4       Many::m1209 (14 bytes)
1935 3731       3       Many::m1209 (14 bytes)   made not entrant: not used
1936 3733       3       Many::m1210 (14 bytes)
1936 3734       4       Many::m1210 (14 bytes)
1936 3733       3       Many::m1210 (14 bytes)   made not entrant: not used
1937 3735       3       Many::m1211 (14 bytes)
1937 3736       4       Many::m1211 (14 bytes)
1937 3735       3       Many::m1211 (14 bytes)   made not entrant: not used
1939 3737       3       Many::m1212 (14 bytes)
1939 3738       4       Many::m1212 (14 bytes)
1939 3737       3       Many::m1212 (14 bytes)   made not entrant: not used
1940 3739       3       Many::m1213 (14 bytes)
1940 3740       4       Many::m1213 (14 bytes)
1940 3739       3       Many::m1213 (14 bytes)   made not entrant: not used
1941 3741       3       Many::m1214 (14 bytes)
1942 3742       4       Many::m1214 (14 bytes)
1942 3741       3       Many::m1214 (14 bytes)   made not entrant: not used
1943 3743       3       Many::m1215 (14 bytes)
1943 3744       4       Many::m1215 (14 bytes)
1943 3743       3       Many::m1215 (14 bytes)   made not entrant: not used
1944 3745       3       Many::m1216 (14 bytes)
1944 3746       4       Many::m1216 (14 bytes)
1944 3745       3       Many::m1216 (14 bytes)   made not entrant: not used
1946 3747       3       Many::m1217 (14 bytes)
1946 3748       4       Many::m1217 (14 bytes)
1946 3747       3       Many::m1217 (14 bytes)   made not entrant: not used
1947 3749       3       Many::m1218 (14 bytes)
1947 3750       4       Many::m1218 (14 bytes)
1947 3749       3       Many::m1218 (14 bytes)   made not entrant: not used
1949 3751       3       Many::m1219 (14 bytes)
1949 3752       4       Many::m1219 (14 bytes)
1949 3751       3       Many::m1219 (14 bytes)   made not entrant: not used
1950 3753       3       Many::m1220 (14 bytes)
1950 3754       4       Many::m1220 (14 bytes)
1950 3753       3       Many::m1220 (14 bytes)   made not entrant: not used
1951 3755       3       Many::m1221 (14 bytes)
1952 3756       4       Many::m1221 (14 bytes)
1952 3755       3       Many::m1221 (14 bytes)   made not entrant: not used
1953 3757       3       Many::m1222 (14 bytes)
1953 3758       4       Many::m1222 (14 bytes)
1953 3757       3       Many::m1222 (14 bytes)   made not entrant: not used
1954 3759       3       Many::m1223 (14 bytes)
1954 3760       4       Many::m1223 (14 bytes)
1955 3759       3       Many::m1223 (14 bytes)   made not entrant: not used
1956 3761       3       Many::m1224 (14 bytes)
1956 3762       4       Many::m1224 (14 bytes)
1956 3761       3       Many::m1224 (14 bytes)   made not entrant: not used
1957 3763       3       Many::m1225 (14 bytes)
1957 3764       4       Many::m1225 (14 bytes)
1957 3763       3       Many::m1225 (14 bytes)   made not entrant: not used
1959 3765       3       Many::m1226 (14 bytes)
1959 3766       4       Many::m1226 (14 bytes)
1959 3765       3       Many::m1226 (14 bytes)   made not entrant: not used
1960 3767       3       Many::m1227 (14 bytes)
1960 3768       4       Many::m1227 (14 bytes)
1960 3767       3       Many::m1227 (14 bytes)   made not entrant: not used
1961 3769       3       Many::m1228 (14 bytes)
1961 3770       4       Many::m1228 (14 bytes)
1962 3769       3       Many::m1228 (14 bytes)   made not entrant: not used
1963 3771       3       Many::m1229 (14 bytes)
1963 3772       4       Many::m1229 (14 bytes)
1963 3771       3       Many::m1229 (14 bytes)   made not entrant: not used
1964 3773       3       Many::m1230 (14 bytes)
1964 3774       4       Many::m1230 (14 bytes)
1965 3773       3       Many::m1230 (14 bytes)   made not entrant: not used
1966 3775       3       Many::m1231 (14 bytes)
1966 3776       4       Many::m1231 (14 bytes)
1966 3775       3       Many::m1231 (14 bytes)   made not entrant: not used
1967 3777       3       Many::m1232 (14 bytes)
1967 3778       4       Many::m1232 (14 bytes)
1967 3777       3       Many::m1232 (14 bytes)   made not entrant: not used
1969 3779       3       Many::m1233 (14 bytes)
1969 3780       4       Many::m1233 (14 bytes)
1969 3779       3       Many::m1233 (14 bytes)   made not entrant: not used
1970 3781       3       Many::m1234 (14 bytes)
1970 3782       4       Many::m1234 (14 bytes)
1970 3781       3       Many::m1234 (14 bytes)   made not entrant: not used
1971 3783       3       Many::m1235 (14 bytes)
1972 3784       4       Many::m1235 (14 bytes)
1972 3783       3       Many::m1235 (14 bytes)   made not entrant: not used
1973 3785       3       Many::m1236 (14 bytes)
1973 3786       4       Many::m1236 (14 bytes)
1973 3785       3       Many::m1236 (14 bytes)   made not entrant: not used
1974 3787       3       Many::m1237 (14 bytes)
1974 3788       4       Many::m1237 (14 bytes)
1974 3787       3       Many::m1237 (14 bytes)   made not entrant: not used
1976 3789       3       Many::m1238 (14 bytes)
1976 3790       4       Many::m1238 (14 bytes)
1976 3789       3       Many::m1238 (14 bytes)   made not entrant: not used
1977 3791       3       Many::m1239 (14 bytes)
1977 3792       4       Many::m1239 (14 bytes)
1977 3791       3       Many::m1239 (14 bytes)   made not entrant: not used
1979 3793       3       Many::m1240 (14 bytes)
1979 3794       4       Many::m1240 (14 bytes)
1979 3793       3       Many::m1240 (14 bytes)   made not entrant: not used
1980 3795       3       Many::m1241 (14 bytes)
1980 3796       4       Many::m1241 (14 bytes)
1980 3795       3       Many::m1241 (14 bytes)   made not entrant: not used
1981 3797       3       Many::m1242 (14 bytes)
1982 3798       4       Many::m1242 (14 bytes)
1982 3797       3       Many::m1242 (14 bytes)   made not entrant: not used
1983 3799       3       Many::m1243 (14 bytes)
1983 3800       4       Many::m1243 (14 bytes)
1983 3799       3       Many::m1243 (14 bytes)   made not entrant: not used
1984 3801       3       Many::m1244 (14 bytes)
1984 3802       4       Many::m1244 (14 bytes)
1984 3801       3       Many::m1244 (14 bytes)   made not entrant: not used
1986 3803       3       Many::m1245 (14 bytes)
1986 3804       4       Many::m1245 (14 bytes)
1986 3803       3       Many::m1245 (14 bytes)   made not entrant: not used
1987 3805       3       Many::m1246 (14 bytes)
1987 3806       4       Many::m1246 (14 bytes)
1987 3805       3       Many::m1246 (14 bytes)   made not entrant: not used
1989 3807       3       Many::m1247 (14 bytes)
1989 3808       4       Many::m1247 (14 bytes)
1989 3807       3       Many::m1247 (14 bytes)   made not entrant: not used
1990 3809       3       Many::m1248 (14 bytes)
1990 3810       4       Many::m1248 (14 bytes)
1990 3809       3       Many::m1248 (14 bytes)   made not entrant: not used
1991 3811       3       Many::m1249 (14 bytes)
1992 3812       4       Many::m1249 (14 bytes)
1992 3811       3       Many::m1249 (14 bytes)   made not entrant: not used
1993 3813       3       Many::m1250 (14 bytes)
1993 3814       4       Many::m1250 (14 bytes)
1993 3813       3       Many::m1250 (14 bytes)   made not entrant: not used
1994 3815       3       Many::m1251 (14 bytes)
1994 3816       4       Many::m1251 (14 bytes)
1994 3815       3       Many::m1251 (14 bytes)   made not entrant: not used
1996 3817       3       Many::m1252 (14 bytes)
1996 3818       4       Many::m1252 (14 bytes)
1996 3817       3       Many::m1252 (14 bytes)   made not entrant: not used
1997 3819       3       Many::m1253 (14 bytes)
1997 3820       4       Many::m1253 (14 bytes)
1997 3819       3       Many::m1253 (14 bytes)   made not entrant: not used
1999 3821       3       Many::m1254 (14 bytes)
1999 3822       4       Many::m1254 (14 bytes)
1999 3821       3       Many::m1254 (14 bytes)   made not entrant: not used
2000 3823       3       Many::m1255 (14 bytes)
2000 3824       4       Many::m1255 (14 bytes)
2000 3823       3       Many::m1255 (14 bytes)   made not entrant: not used
2001 3825       3       Many::m1256 (14 bytes)
2002 3826       4       Many::m1256 (14 bytes)
2002 3825       3       Many::m1256 (14 bytes)   made not entrant: not used
2003 3827       3       Many::m1257 (14 bytes)
2003 3828       4       Many::m1257 (14 bytes)
2003 3827       3       Many::m1257 (14 bytes)   made not entrant: not used
2004 3829       3       Many::m1258 (14 bytes)
2005 3830       4       Many::m1258 (14 bytes)
2005 3829       3       Many::m1258 (14 bytes)   made not entrant: not used
2006 3831       3       Many::m1259 (14 bytes)
2006 3832       4       Many::m1259 (14 bytes)
2006 3831       3       Many::m1259 (14 bytes)   made not entrant: not used
2007 3833       3       Many::m1260 (14 bytes)
2008 3834       4       Many::m1260 (14 bytes)
2008 3833       3       Many::m1260 (14 bytes)   made not entrant: not used
2009 3835       3       Many::m1261 (14 bytes)
2009 3836       4       Many::m1261 (14 bytes)
2009 3835       3       Many::m1261 (14 bytes)   made not entrant: not used
2010 3837       3       Many::m1262 (14 bytes)
2010 3838       4       Many::m1262 (14 bytes)
2011 3837       3       Many::m1262 (14 bytes)   made not entrant: not used
2012 3839       3       Many::m1263 (14 bytes)
2012 3840       4       Many::m1263 (14 bytes)
2012 3839       3       Many::m1263 (14 bytes)   made not entrant: not used
2013 3841       3       Many::m1264 (14 bytes)
2014 3842       4       Many::m1264 (14 bytes)
2014 3841       3       Many::m1264 (14 bytes)   made not entrant: not used
2015 3843       3       Many::m1265 (14 bytes)
2015 3844       4       Many::m1265 (14 bytes)
2015 3843       3       Many::m1265 (14 bytes)   made not entrant: not used
2017 3845       3       Many::m1266 (14 bytes)
2017 3846       4       Many::m1266 (14 bytes)
2017 3845       3       Many::m1266 (14 bytes)   made not entrant: not used
2018 3847       3       Many::m1267 (14 bytes)
2018 3848       4       Many::m1267 (14 bytes)
2018 3847       3       Many::m1267 (14 bytes)   made not entrant: not used
2019 3849       3       Many::m1268 (14 bytes)
2019 3850       4       Many::m1268 (14 bytes)
2020 3849       3       Many::m1268 (14 bytes)   made not entrant: not used
2021 3851       3       Many::m1269 (14 bytes)
2021 3852       4       Many::m1269 (14 bytes)
2021 3851       3       Many::m1269 (14 bytes)   made not entrant: not used
2022 3853       3       Many::m1270 (14 bytes)
2022 3854       4       Many::m1270 (14 bytes)
2022 3853       3       Many::m1270 (14 bytes)   made not entrant: not used
2024 3855       3       Many::m1271 (14 bytes)
2024 3856       4       Many::m1271 (14 bytes)
2024 3855       3       Many::m1271 (14 bytes)   made not entrant: not used
2025 3857       3       Many::m1272 (14 bytes)
2025 3858       4       Many::m1272 (14 bytes)
2025 3857       3       Many::m1272 (14 bytes)   made not entrant: not used
2026 3859       3       Many::m1273 (14 bytes)
2027 3860       4       Many::m1273 (14 bytes)
2027 3859       3       Many::m1273 (14 bytes)   made not entrant: not used
2028 3861       3       Many::m1274 (14 bytes)
2028 3862       4       Many::m1274 (14 bytes)
2028 3861       3       Many::m1274 (14 bytes)   made not entrant: not used
2030 3863       3       Many::m1275 (14 bytes)
2030 3864       4       Many::m1275 (14 bytes)
2030 3863       3       Many::m1275 (14 bytes)   made not entrant: not used
2031 3865       3       Many::m1276 (14 bytes)
2031 3866       4       Many::m1276 (14 bytes)
2032 3865       3       Many::m1276 (14 bytes)   made not entrant: not used
2033 3867       3       Many::m1277 (14 bytes)
2033 3868       4       Many::m1277 (14 bytes)
2033 3867       3       Many::m1277 (14 bytes)   made not entrant: not used
2034 3869       3       Many::m1278 (14 bytes)
2034 3870       4       Many::m1278 (14 bytes)
2034 3869       3       Many::m1278 (14 bytes)   made not entrant: not used
2036 3871       3       Many::m1279 (14 bytes)
2036 3872       4       Many::m1279 (14 bytes)
2036 3871       3       Many::m1279 (14 bytes)   made not entrant: not used
2037 3873       3       Many::m1280 (14 bytes)
2037 3874       4       Many::m1280 (14 bytes)
2037 3873       3       Many::m1280 (14 bytes)   made not entrant: not used
2039 3875       3       Many::m1281 (14 bytes)
2039 3876       4       Many::m1281 (14 bytes)
2039 3875       3       Many::m1281 (14 bytes)   made not entrant: not used
2040 3877       3       Many::m1282 (14 bytes)
2040 3878       4       Many::m1282 (14 bytes)
2040 3877       3       Many::m1282 (14 bytes)   made not entrant: not used
2041 3879       3       Many::m1283 (14 bytes)
2042 3880       4       Many::m1283 (14 bytes)
2042 3879       3       Many::m1283 (14 bytes)   made not entrant: not used
2043 3881       3       Many::m1284 (14 bytes)
2043 3882       4       Many::m1284 (14 bytes)
2043 3881       3       Many::m1284 (14 bytes)   made not entrant: not used
2044 3883       3       Many::m1285 (14 bytes)
2044 3884       4       Many::m1285 (14 bytes)
2044 3883       3       Many::m1285 (14 bytes)   made not entrant: not used
2046 3885       3       Many::m1286 (14 bytes)
2046 3886       4       Many::m1286 (14 bytes)
2046 3885       3       Many::m1286 (14 bytes)   made not entrant: not used
2047 3887       3       Many::m1287 (14 bytes)
2047 3888       4       Many::m1287 (14 bytes)
2048 3887       3       Many::m1287 (14 bytes)   made not entrant: not used
2049 3889       3       Many::m1288 (14 bytes)
2049 3890       4       Many::m1288 (14 bytes)
2049 3889       3       Many::m1288 (14 bytes)   made not entrant: not used
2050 3891       3       Many::m1289 (14 bytes)
2050 3892       4       Many::m1289 (14 bytes)
2051 3891       3       Many::m1289 (14 bytes)   made not entrant: not used
2052 3893       3       Many::m1290 (14 bytes)
2052 3894       4       Many::m1290 (14 bytes)
2052 3893       3       Many::m1290 (14 bytes)   made not entrant: not used
2053 3895       3       Many::m1291 (14 bytes)
2053 3896       4       Many::m1291 (14 bytes)
2053 3895       3       Many::m1291 (14 bytes)   made not entrant: not used
2055 3897       3       Many::m1292 (14 bytes)
2055 3898       4       Many::m1292 (14 bytes)
2055 3897       3       Many::m1292 (14 bytes)   made not entrant: not used
2056 3899       3       Many::m1293 (14 bytes)
2056 3900       4       Many::m1293 (14 bytes)
2056 3899       3       Many::m1293 (14 bytes)   made not entrant: not used
2057 3901       3       Many::m1294 (14 bytes)
2058 3902       4       Many::m1294 (14 bytes)
2058 3901       3       Many::m1294 (14 bytes)   made not entrant: not used
2059 3903       3       Many::m1295 (14 bytes)
2059 3904       4       Many::m1295 (14 bytes)
2059 3903       3       Many::m1295 (14 bytes)   made not entrant: not used
2060 3905       3       Many::m1296 (14 bytes)
2060 3906       4       Many::m1296 (14 bytes)
2060 3905       3       Many::m1296 (14 bytes)   made not entrant: not used
2062 3907       3       Many::m1297 (14 bytes)
2062 3908       4       Many::m1297 (14 bytes)
2062 3907       3       Many::m1297 (14 bytes)   made not entrant: not used
2063 3909       3       Many::m1298 (14 bytes)
2063 3910       4       Many::m1298 (14 bytes)
2064 3909       3       Many::m1298 (14 bytes)   made not entrant: not used
2065 3911       3       Many::m1299 (14 bytes)
2065 3912       4       Many::m1299 (14 bytes)
2065 3911       3       Many::m1299 (14 bytes)   made not entrant: not used
2066 3913       3       Many::m1300 (14 bytes)
2066 3914       4       Many::m1300 (14 bytes)
2067 3913       3       Many::m1300 (14 bytes)   made not entrant: not used
2068 3915       3       Many::m1301 (14 bytes)
2068 3916       4       Many::m1301 (14 bytes)
2068 3915       3       Many::m1301 (14 bytes)   made not entrant: not used
2069 3917       3       Many::m1302 (14 bytes)
2069 3918       4       Many::m1302 (14 bytes)
2069 3917       3       Many::m1302 (14 bytes)   made not entrant: not used
2071 3919       3       Many::m1303 (14 bytes)
2071 3920       4       Many::m1303 (14 bytes)
2071 3919       3       Many::m1303 (14 bytes)   made not entrant: not used
2072 3921       3       Many::m1304 (14 bytes)
2072 3922       4       Many::m1304 (14 bytes)
2072 3921       3       Many::m1304 (14 bytes)   made not entrant: not used
2073 3923       3       Many::m1305 (14 bytes)
2074 3924       4       Many::m1305 (14 bytes)
2074 3923       3       Many::m1305 (14 bytes)   made not entrant: not used
2075 3925       3       Many::m1306 (14 bytes)
2075 3926       4       Many::m1306 (14 bytes)
2075 3925       3       Many::m1306 (14 bytes)   made not entrant: not used
2076 3927       3       Many::m1307 (14 bytes)
2076 3928       4       Many::m1307 (14 bytes)
2076 3927       3       Many::m1307 (14 bytes)   made not entrant: not used
2078 3929       3       Many::m1308 (14 bytes)
2078 3930       4       Many::m1308 (14 bytes)
2078 3929       3       Many::m1308 (14 bytes)   made not entrant: not used
2079 3931       3       Many::m1309 (14 bytes)
2079 3932       4       Many::m1309 (14 bytes)
2079 3931       3       Many::m1309 (14 bytes)   made not entrant: not used
2081 3933       3       Many::m1310 (14 bytes)
2081 3934       4       Many::m1310 (14 bytes)
2081 3933       3       Many::m1310 (14 bytes)   made not entrant: not used
2082 3935       3       Many::m1311 (14 bytes)
2083 3936       4       Many::m1311 (14 bytes)
2083 3935       3       Many::m1311 (14 bytes)   made not entrant: not used
2084 3937       3       Many::m1312 (14 bytes)
2084 3938       4       Many::m1312 (14 bytes)
2084 3937       3       Many::m1312 (14 bytes)   made not entrant: not used
2085 3939       3       Many::m1313 (14 bytes)
2085 3940       4       Many::m1313 (14 bytes)
2085 3939       3       Many::m1313 (14 bytes)   made not entrant: not used
2087 3941       3       Many::m1314 (14 bytes)
2087 3942       4       Many::m1314 (14 bytes)
2087 3941       3       Many::m1314 (14 bytes)   made not entrant: not used
2088 3943       3       Many::m1315 (14 bytes)
2088 3944       4       Many::m1315 (14 bytes)
2088 3943       3       Many::m1315 (14 bytes)   made not entrant: not used
2090 3945       3       Many::m1316 (14 bytes)
2090 3946       4       Many::m1316 (14 bytes)
2090 3945       3       Many::m1316 (14 bytes)   made not entrant: not used
2091 3947       3       Many::m1317 (14 bytes)
2091 3948       4       Many::m1317 (14 bytes)
2091 3947       3       Many::m1317 (14 bytes)   made not entrant: not used
2092 3949       3       Many::m1318 (14 bytes)
2092 3950       4       Many::m1318 (14 bytes)
2093 3949       3       Many::m1318 (14 bytes)   made not entrant: not used
2094 3951       3       Many::m1319 (14 bytes)
2094 3952       4       Many::m1319 (14 bytes)
2094 3951       3       Many::m1319 (14 bytes)   made not entrant: not used
2095 3953       3       Many::m1320 (14 bytes)
2095 3954       4       Many::m1320 (14 bytes)
2095 3953       3       Many::m1320 (14 bytes)   made not entrant: not used
2097 3955       3       Many::m1321 (14 bytes)
2097 3956       4       Many::m1321 (14 bytes)
2097 3955       3       Many::m1321 (14 bytes)   made not entrant: not used
2098 3957       3       Many::m1322 (14 bytes)
2098 3958       4       Many::m1322 (14 bytes)
2099 3957       3       Many::m1322 (14 bytes)   made not entrant: not used
2100 3959       3       Many::m1323 (14 bytes)
2100 3960       4       Many::m1323 (14 bytes)
2100 3959       3       Many::m1323 (14 bytes)   made not entrant: not used
2101 3961       3       Many::m1324 (14 bytes)
2101 3962       4       Many::m1324 (14 bytes)
2101 3961       3       Many::m1324 (14 bytes)   made not entrant: not used
2103 3963       3       Many::m1325 (14 bytes)
2103 3964       4       Many::m1325 (14 bytes)
2103 3963       3       Many::m1325 (14 bytes)   made not entrant: not used
2104 3965       3       Many::m1326 (14 bytes)
2104 3966       4       Many::m1326 (14 bytes)
2104 3965       3       Many::m1326 (14 bytes)   made not entrant: not used
2105 3967       3       Many::m1327 (14 bytes)
2106 3968       4       Many::m1327 (14 bytes)
2106 3967       3       Many::m1327 (14 bytes)   made not entrant: not used
2107 3969       3       Many::m1328 (14 bytes)
2107 3970       4       Many::m1328 (14 bytes)
2107 3969       3       Many::m1328 (14 bytes)   made not entrant: not used
2108 3971       3       Many::m1329 (14 bytes)
2108 3972       4       Many::m1329 (14 bytes)
2108 3971       3       Many::m1329 (14 bytes)   made not entrant: not used
2110 3973       3       Many::m1330 (14 bytes)
2110 3974       4       Many::m1330 (14 bytes)
2110 3973       3       Many::m1330 (14 bytes)   made not entrant: not used
2111 3975       3       Many::m1331 (14 bytes)
2111 3976       4       Many::m1331 (14 bytes)
2111 3975       3       Many::m1331 (14 bytes)   made not entrant: not used
2113 3977       3       Many::m1332 (14 bytes)
2113 3978       4       Many::m1332 (14 bytes)
2113 3977       3       Many::m1332 (14 bytes)   made not entrant: not used
2114 3979       3       Many::m1333 (14 bytes)
2114 3980       4       Many::m1333 (14 bytes)
2114 3979       3       Many::m1333 (14 bytes)   made not entrant: not used
2116 3981       3       Many::m1334 (14 bytes)
2116 3982       4       Many::m1334 (14 bytes)
2116 3981       3       Many::m1334 (14 bytes)   made not entrant: not used
2117 3983       3       Many::m1335 (14 bytes)
2117 3984       4       Many::m1335 (14 bytes)
2117 3983       3       Many::m1335 (14 bytes)   made not entrant: not used
2119 3985       3       Many::m1336 (14 bytes)
2119 3986       4       Many::m1336 (14 bytes)
2119 3985       3       Many::m1336 (14 bytes)   made not entrant: not used
2120 3987       3       Many::m1337 (14 bytes)
2120 3988       4       Many::m1337 (14 bytes)
2120 3987       3       Many::m1337 (14 bytes)   made not entrant: not used
2121 3989       3       Many::m1338 (14 bytes)
2122 3990       4       Many::m1338 (14 bytes)
2122 3989       3       Many::m1338 (14 bytes)   made not entrant: not used
2123 3991       3       Many::m1339 (14 bytes)
2123 3992       4       Many::m1339 (14 bytes)
2123 3991       3       Many::m1339 (14 bytes)   made not entrant: not used
2124 3993       3       Many::m1340 (14 bytes)
2124 3994       4       Many::m1340 (14 bytes)
2124 3993       3       Many::m1340 (14 bytes)   made not entrant: not used
2126 3995       3       Many::m1341 (14 bytes)
2126 3996       4       Many::m1341 (14 bytes)
2126 3995       3       Many::m1341 (14 bytes)   made not entrant: not used
2127 3997       3       Many::m1342 (14 bytes)
2127 3998       4       Many::m1342 (14 bytes)
2127 3997       3       Many::m1342 (14 bytes)   made not entrant: not used
2129 3999       3       Many::m1343 (14 bytes)
2129 4000       4       Many::m1343 (14 bytes)
2129 3999       3       Many::m1343 (14 bytes)   made not entrant: not used
2130 4001       3       Many::m1344 (14 bytes)
2130 4002       4       Many::m1344 (14 bytes)
2130 4001       3       Many::m1344 (14 bytes)   made not entrant: not used
2132 4003       3       Many::m1345 (14 bytes)
2132 4004       4       Many::m1345 (14 bytes)
2132 4003       3       Many::m1345 (14 bytes)   made not entrant: not used
2133 4005       3       Many::m1346 (14 bytes)
2133 4006       4       Many::m1346 (14 bytes)
2133 4005       3       Many::m1346 (14 bytes)   made not entrant: not used
2135 4007       3       Many::m1347 (14 bytes)
2135 4008       4       Many::m1347 (14 bytes)
2135 4007       3       Many::m1347 (14 bytes)   made not entrant: not used
2136 4009       3       Many::m1348 (14 bytes)
2136 4010       4       Many::m1348 (14 bytes)
2136 4009       3       Many::m1348 (14 bytes)   made not entrant: not used
2137 4011       3       Many::m1349 (14 bytes)
2137 4012       4       Many::m1349 (14 bytes)
2138 4011       3       Many::m1349 (14 bytes)   made not entrant: not used
2139 4013       3       Many::m1350 (14 bytes)
2139 4014       4       Many::m1350 (14 bytes)
2139 4013       3       Many::m1350 (14 bytes)   made not entrant: not used
2140 4015       3       Many::m1351 (14 bytes)
2140 4016       4       Many::m1351 (14 bytes)
2140 4015       3       Many::m1351 (14 bytes)   made not entrant: not used
2142 4017       3       Many::m1352 (14 bytes)
2142 4018       4       Many::m1352 (14 bytes)
2142 4017       3       Many::m1352 (14 bytes)   made not entrant: not used
2143 4019       3       Many::m1353 (14 bytes)
2143 4020       4       Many::m1353 (14 bytes)
2143 4019       3       Many::m1353 (14 bytes)   made not entrant: not used
2144 4021       3       Many::m1354 (14 bytes)
2145 4022       4       Many::m1354 (14 bytes)
2145 4021       3       Many::m1354 (14 bytes)   made not entrant: not used
2146 4023       3       Many::m1355 (14 bytes)
2146 4024       4       Many::m1355 (14 bytes)
2146 4023       3       Many::m1355 (14 bytes)   made not entrant: not used
2148 4025       3       Many::m1356 (14 bytes)
2148 4026       4       Many::m1356 (14 bytes)
2148 4025       3       Many::m1356 (14 bytes)   made not entrant: not used
2149 4027       3       Many::m1357 (14 bytes)
2149 4028       4       Many::m1357 (14 bytes)
2149 4027       3       Many::m1357 (14 bytes)   made not entrant: not used
2150 4029       3       Many::m1358 (14 bytes)
2151 4030       4       Many::m1358 (14 bytes)
2151 4029       3       Many::m1358 (14 bytes)   made not entrant: not used
2152 4031       3       Many::m1359 (14 bytes)
2152 4032       4       Many::m1359 (14 bytes)
2152 4031       3       Many::m1359 (14 bytes)   made not entrant: not used
2153 4033       3       Many::m1360 (14 bytes)
2153 4034       4       Many::m1360 (14 bytes)
2153 4033       3       Many::m1360 (14 bytes)   made not entrant: not used
2155 4035       3       Many::m1361 (14 bytes)
2155 4036       4       Many::m1361 (14 bytes)
2155 4035       3       Many::m1361 (14 bytes)   made not entrant: not used
2156 4037       3       Many::m1362 (14 bytes)
2156 4038       4       Many::m1362 (14 bytes)
2156 4037       3       Many::m1362 (14 bytes)   made not entrant: not used
2157 4039       3       Many::m1363 (14 bytes)
2158 4040       4       Many::m1363 (14 bytes)
2158 4039       3       Many::m1363 (14 bytes)   made not entrant: not used
2159 4041       3       Many::m1364 (14 bytes)
2159 4042       4       Many::m1364 (14 bytes)
2159 4041       3       Many::m1364 (14 bytes)   made not entrant: not used
2160 4043       3       Many::m1365 (14 bytes)
2160 4044       4       Many::m1365 (14 bytes)
2161 4043       3       Many::m1365 (14 bytes)   made not entrant: not used
2162 4045       3       Many::m1366 (14 bytes)
2162 4046       4       Many::m1366 (14 bytes)
2162 4045       3       Many::m1366 (14 bytes)   made not entrant: not used
2163 4047       3       Many::m1367 (14 bytes)
2163 4048       4       Many::m1367 (14 bytes)
2164 4047       3       Many::m1367 (14 bytes)   made not entrant: not used
2165 4049       3       Many::m1368 (14 bytes)
2165 4050       4       Many::m1368 (14 bytes)
2165 4049       3       Many::m1368 (14 bytes)   made not entrant: not used
2166 4051       3       Many::m1369 (14 bytes)
2166 4052       4       Many::m1369 (14 bytes)
2167 4051       3       Many::m1369 (14 bytes)   made not entrant: not used
2168 4053       3       Many::m1370 (14 bytes)
2168 4054       4       Many::m1370 (14 bytes)
2168 4053       3       Many::m1370 (14 bytes)   made not entrant: not used
2169 4055       3       Many::m1371 (14 bytes)
2169 4056       4       Many::m1371 (14 bytes)
2169 4055       3       Many::m1371 (14 bytes)   made not entrant: not used
2171 4057       3       Many::m1372 (14 bytes)
2171 4058       4       Many::m1372 (14 bytes)
2171 4057       3       Many::m1372 (14 bytes)   made not entrant: not used
2172 4059       3       Many::m1373 (14 bytes)
2172 4060       4       Many::m1373 (14 bytes)
2172 4059       3       Many::m1373 (14 bytes)   made not entrant: not used
2173 4061       3       Many::m1374 (14 bytes)
2174 4062       4       Many::m1374 (14 bytes)
2174 4061       3       Many::m1374 (14 bytes)   made not entrant: not used
2175 4063       3       Many::m1375 (14 bytes)
2175 4064       4       Many::m1375 (14 bytes)
2175 4063       3       Many::m1375 (14 bytes)   made not entrant: not used
2176 4065       3       Many::m1376 (14 bytes)
2176 4066       4       Many::m1376 (14 bytes)
2176 4065       3       Many::m1376 (14 bytes)   made not entrant: not used
2178 4067       3       Many::m1377 (14 bytes)
2178 4068       4       Many::m1377 (14 bytes)
2178 4067       3       Many::m1377 (14 bytes)   made not entrant: not used
2179 4069       3       Many::m1378 (14 bytes)
2179 4070       4       Many::m1378 (14 bytes)
2179 4069       3       Many::m1378 (14 bytes)   made not entrant: not used
2181 4071       3       Many::m1379 (14 bytes)
2181 4072       4       Many::m1379 (14 bytes)
2181 4071       3       Many::m1379 (14 bytes)   made not entrant: not used
2182 4073       3       Many::m1380 (14 bytes)
2182 4074       4       Many::m1380 (14 bytes)
2183 4073       3       Many::m1380 (14 bytes)   made not entrant: not used
2184 4075       3       Many::m1381 (14 bytes)
2184 4076       4       Many::m1381 (14 bytes)
2184 4075       3       Many::m1381 (14 bytes)   made not entrant: not used
2185 4077       3       Many::m1382 (14 bytes)
2185 4078       4       Many::m1382 (14 bytes)
2185 4077       3       Many::m1382 (14 bytes)   made not entrant: not used
2187 4079       3       Many::m1383 (14 bytes)
2187 4080       4       Many::m1383 (14 bytes)
2187 4079       3       Many::m1383 (14 bytes)   made not entrant: not used
2188 4081       3       Many::m1384 (14 bytes)
2188 4082       4       Many::m1384 (14 bytes)
2188 4081       3       Many::m1384 (14 bytes)   made not entrant: not used
2189 4083       3       Many::m1385 (14 bytes)
2190 4084       4       Many::m1385 (14 bytes)
2190 4083       3       Many::m1385 (14 bytes)   made not entrant: not used
2191 4085       3       Many::m1386 (14 bytes)
2191 4086       4       Many::m1386 (14 bytes)
2191 4085       3       Many::m1386 (14 bytes)   made not entrant: not used
2192 4087       3       Many::m1387 (14 bytes)
2192 4088       4       Many::m1387 (14 bytes)
2192 4087       3       Many::m1387 (14 bytes)   made not entrant: not used
2194 4089       3       Many::m1388 (14 bytes)
2194 4090       4       Many::m1388 (14 bytes)
2194 4089       3       Many::m1388 (14 bytes)   made not entrant: not used
2195 4091       3       Many::m1389 (14 bytes)
2195 4092       4       Many::m1389 (14 bytes)
2195 4091       3       Many::m1389 (14 bytes)   made not entrant: not used
2197 4093       3       Many::m1390 (14 bytes)
2197 4094       4       Many::m1390 (14 bytes)
2197 4093       3       Many::m1390 (14 bytes)   made not entrant: not used
2198 4095       3       Many::m1391 (14 bytes)
2198 4096       4       Many::m1391 (14 bytes)
2198 4095       3       Many::m1391 (14 bytes)   made not entrant: not used
2200 4097       3       Many::m1392 (14 bytes)
2200 4098       4       Many::m1392 (14 bytes)
2200 4097       3       Many::m1392 (14 bytes)   made not entrant: not used
2201 4099       3       Many::m1393 (14 bytes)
2201 4100       4       Many::m1393 (14 bytes)
2201 4099       3       Many::m1393 (14 bytes)   made not entrant: not used
2203 4101       3       Many::m1394 (14 bytes)
2203 4102       4       Many::m1394 (14 bytes)
2203 4101       3       Many::m1394 (14 bytes)   made not entrant: not used
2204 4103       3       Many::m1395 (14 bytes)
2204 4104       4       Many::m1395 (14 bytes)
2204 4103       3       Many::m1395 (14 bytes)   made not entrant: not used
2205 4105       3       Many::m1396 (14 bytes)
2205 4106       4       Many::m1396 (14 bytes)
2206 4105       3       Many::m1396 (14 bytes)   made not entrant: not used
2207 4107       3       Many::m1397 (14 bytes)
2207 4108       4       Many::m1397 (14 bytes)
2207 4107       3       Many::m1397 (14 bytes)   made not entrant: not used
2208 4109       3       Many::m1398 (14 bytes)
2208 4110       4       Many::m1398 (14 bytes)
2208 4109       3       Many::m1398 (14 bytes)   made not entrant: not used
2210 4111       3       Many::m1399 (14 bytes)
2210 4112       4       Many::m1399 (14 bytes)
2210 4111       3       Many::m1399 (14 bytes)   made not entrant: not used
2211 4113       3       Many::m1400 (14 bytes)
2211 4114       4       Many::m1400 (14 bytes)
2211 4113       3       Many::m1400 (14 bytes)   made not entrant: not used
2212 4115       3       Many::m1401 (14 bytes)
2213 4116       4       Many::m1401 (14 bytes)
2213 4115       3       Many::m1401 (14 bytes)   made not entrant: not used
2214 4117       3       Many::m1402 (14 bytes)
2214 4118       4       Many::m1402 (14 bytes)
2214 4117       3       Many::m1402 (14 bytes)   made not entrant: not used
2215 4119       3       Many::m1403 (14 bytes)
2216 4120       4       Many::m1403 (14 bytes)
2216 4119       3       Many::m1403 (14 bytes)   made not entrant: not used
2217 4121       3       Many::m1404 (14 bytes)
2217 4122       4       Many::m1404 (14 bytes)
2217 4121       3       Many::m1404 (14 bytes)   made not entrant: not used
2218 4123       3       Many::m1405 (14 bytes)
2218 4124       4       Many::m1405 (14 bytes)
2218 4123       3       Many::m1405 (14 bytes)   made not entrant: not used
2220 4125       3       Many::m1406 (14 bytes)
2220 4126       4       Many::m1406 (14 bytes)
2220 4125       3       Many::m1406 (14 bytes)   made not entrant: not used
2221 4127       3       Many::m1407 (14 bytes)
2221 4128       4       Many::m1407 (14 bytes)
2221 4127       3       Many::m1407 (14 bytes)   made not entrant: not used
2223 4129       3       Many::m1408 (14 bytes)
2223 4130       4       Many::m1408 (14 bytes)
2223 4129       3       Many::m1408 (14 bytes)   made not entrant: not used
2224 4131       3       Many::m1409 (14 bytes)
2224 4132       4       Many::m1409 (14 bytes)
2224 4131       3       Many::m1409 (14 bytes)   made not entrant: not used
2225 4133       3       Many::m1410 (14 bytes)
2225 4134       4       Many::m1410 (14 bytes)
2226 4133       3       Many::m1410 (14 bytes)   made not entrant: not used
2227 4135       3       Many::m1411 (14 bytes)
2227 4136       4       Many::m1411 (14 bytes)
2227 4135       3       Many::m1411 (14 bytes)   made not entrant: not used
2228 4137       3       Many::m1412 (14 bytes)
2228 4138       4       Many::m1412 (14 bytes)
2228 4137       3       Many::m1412 (14 bytes)   made not entrant: not used
2230 4139       3       Many::m1413 (14 bytes)
2230 4140       4       Many::m1413 (14 bytes)
2230 4139       3       Many::m1413 (14 bytes)   made not entrant: not used
2231 4141       3       Many::m1414 (14 bytes)
2231 4142       4       Many::m1414 (14 bytes)
2231 4141       3       Many::m1414 (14 bytes)   made not entrant: not used
2233 4143       3       Many::m1415 (14 bytes)
2233 4144       4       Many::m1415 (14 bytes)
2233 4143       3       Many::m1415 (14 bytes)   made not entrant: not used
2234 4145       3       Many::m1416 (14 bytes)
2234 4146       4       Many::m1416 (14 bytes)
2234 4145       3       Many::m1416 (14 bytes)   made not entrant: not used
2235 4147       3       Many::m1417 (14 bytes)
2236 4148       4       Many::m1417 (14 bytes)
2236 4147       3       Many::m1417 (14 bytes)   made not entrant: not used
2237 4149       3       Many::m1418 (14 bytes)
2237 4150       4       Many::m1418 (14 bytes)
2237 4149       3       Many::m1418 (14 bytes)   made not entrant: not used
2238 4151       3       Many::m1419 (14 bytes)
2238 4152       4       Many::m1419 (14 bytes)
2239 4151       3       Many::m1419 (14 bytes)   made not entrant: not used
2240 4153       3       Many::m1420 (14 bytes)
2240 4154       4       Many::m1420 (14 bytes)
2240 4153       3       Many::m1420 (14 bytes)   made not entrant: not used
2241 4155       3       Many::m1421 (14 bytes)
2241 4156       4       Many::m1421 (14 bytes)
2241 4155       3       Many::m1421 (14 bytes)   made not entrant: not used
2243 4157       3       Many::m1422 (14 bytes)
2243 4158       4       Many::m1422 (14 bytes)
2243 4157       3       Many::m1422 (14 bytes)   made not entrant: not used
2244 4159       3       Many::m1423 (14 bytes)
2244 4160       4       Many::m1423 (14 bytes)
2244 4159       3       Many::m1423 (14 bytes)   made not entrant: not used
2245 4161       3       Many::m1424 (14 bytes)
2246 4162       4       Many::m1424 (14 bytes)
2246 4161       3       Many::m1424 (14 bytes)   made not entrant: not used
2247 4163       3       Many::m1425 (14 bytes)
2247 4164       4       Many::m1425 (14 bytes)
2247 4163       3       Many::m1425 (14 bytes)   made not entrant: not used
2248 4165       3       Many::m1426 (14 bytes)
2249 4166       4       Many::m1426 (14 bytes)
2249 4165       3       Many::m1426 (14 bytes)   made not entrant: not used
2250 4167       3       Many::m1427 (14 bytes)
2250 4168       4       Many::m1427 (14 bytes)
2250 4167       3       Many::m1427 (14 bytes)   made not entrant: not used
2251 4169       3       Many::m1428 (14 bytes)
2251 4170       4       Many::m1428 (14 bytes)
2251 4169       3       Many::m1428 (14 bytes)   made not entrant: not used
2253 4171       3       Many::m1429 (14 bytes)
2253 4172       4       Many::m1429 (14 bytes)
2253 4171       3       Many::m1429 (14 bytes)   made not entrant: not used
2254 4173       3       Many::m1430 (14 bytes)
2254 4174       4       Many::m1430 (14 bytes)
2254 4173       3       Many::m1430 (14 bytes)   made not entrant: not used
2256 4175       3       Many::m1431 (14 bytes)
2256 4176       4       Many::m1431 (14 bytes)
2256 4175       3       Many::m1431 (14 bytes)   made not entrant: not used
2257 4177       3       Many::m1432 (14 bytes)
2257 4178       4       Many::m1432 (14 bytes)
2257 4177       3       Many::m1432 (14 bytes)   made not entrant: not used
2258 4179       3       Many::m1433 (14 bytes)
2258 4180       4       Many::m1433 (14 bytes)
2259 4179       3       Many::m1433 (14 bytes)   made not entrant: not used
2260 4181       3       Many::m1434 (14 bytes)
2260 4182       4       Many::m1434 (14 bytes)
2260 4181       3       Many::m1434 (14 bytes)   made not entrant: not used
2261 4183       3       Many::m1435 (14 bytes)
2261 4184       4       Many::m1435 (14 bytes)
2261 4183       3       Many::m1435 (14 bytes)   made not entrant: not used
2263 4185       3       Many::m1436 (14 bytes)
2263 4186       4       Many::m1436 (14 bytes)
2263 4185       3       Many::m1436 (14 bytes)   made not entrant: not used
2264 4187       3       Many::m1437 (14 bytes)
2264 4188       4       Many::m1437 (14 bytes)
2264 4187       3       Many::m1437 (14 bytes)   made not entrant: not used
2266 4189       3       Many::m1438 (14 bytes)
2266 4190       4       Many::m1438 (14 bytes)
2266 4189       3       Many::m1438 (14 bytes)   made not entrant: not used
2267 4191       3       Many::m1439 (14 bytes)
2267 4192       4       Many::m1439 (14 bytes)
2267 4191       3       Many::m1439 (14 bytes)   made not entrant: not used
2268 4193       3       Many::m1440 (14 bytes)
2268 4194       4       Many::m1440 (14 bytes)
2269 4193       3       Many::m1440 (14 bytes)   made not entrant: not used
2270 4195       3       Many::m1441 (14 bytes)
2270 4196       4       Many::m1441 (14 bytes)
2270 4195       3       Many::m1441 (14 bytes)   made not entrant: not used
2271 4197       3       Many::m1442 (14 bytes)
2271 4198       4       Many::m1442 (14 bytes)
2271 4197       3       Many::m1442 (14 bytes)   made not entrant: not used
2273 4199       3       Many::m1443 (14 bytes)
2273 4200       4       Many::m1443 (14 bytes)
2273 4199       3       Many::m1443 (14 bytes)   made not entrant: not used
2274 4201       3       Many::m1444 (14 bytes)
2274 4202       4       Many::m1444 (14 bytes)
2274 4201       3       Many::m1444 (14 bytes)   made not entrant: not used
2275 4203       3       Many::m1445 (14 bytes)
2276 4204       4       Many::m1445 (14 bytes)
2276 4203       3       Many::m1445 (14 bytes)   made not entrant: not used
2277 4205       3       Many::m1446 (14 bytes)
2277 4206       4       Many::m1446 (14 bytes)
2277 4205       3       Many::m1446 (14 bytes)   made not entrant: not used
2278 4207       3       Many::m1447 (14 bytes)
2278 4208       4       Many::m1447 (14 bytes)
2278 4207       3       Many::m1447 (14 bytes)   made not entrant: not used
2280 4209       3       Many::m1448 (14 bytes)
2280 4210       4       Many::m1448 (14 bytes)
2280 4209       3       Many::m1448 (14 bytes)   made not entrant: not used
2281 4211       3       Many::m1449 (14 bytes)
2281 4212       4       Many::m1449 (14 bytes)
2281 4211       3       Many::m1449 (14 bytes)   made not entrant: not used
2283 4213       3       Many::m1450 (14 bytes)
2283 4214       4       Many::m1450 (14 bytes)
2283 4213       3       Many::m1450 (14 bytes)   made not entrant: not used
2284 4215       3       Many::m1451 (14 bytes)
2284 4216       4       Many::m1451 (14 bytes)
2284 4215       3       Many::m1451 (14 bytes)   made not entrant: not used
2285 4217       3       Many::m1452 (14 bytes)
2286 4218       4       Many::m1452 (14 bytes)
2286 4217       3       Many::m1452 (14 bytes)   made not entrant: not used
2287 4219       3       Many::m1453 (14 bytes)
2287 4220       4       Many::m1453 (14 bytes)
2287 4219       3       Many::m1453 (14 bytes)   made not entrant: not used
2288 4221       3       Many::m1454 (14 bytes)
2288 4222       4       Many::m1454 (14 bytes)
2288 4221       3       Many::m1454 (14 bytes)   made not entrant: not used
2290 4223       3       Many::m1455 (14 bytes)
2290 4224       4       Many::m1455 (14 bytes)
2290 4223       3       Many::m1455 (14 bytes)   made not entrant: not used
2291 4225       3       Many::m1456 (14 bytes)
2291 4226       4       Many::m1456 (14 bytes)
2291 4225       3       Many::m1456 (14 bytes)   made not entrant: not used
2293 4227       3       Many::m1457 (14 bytes)
2293 4228       4       Many::m1457 (14 bytes)
2293 4227       3       Many::m1457 (14 bytes)   made not entrant: not used
2294 4229       3       Many::m1458 (14 bytes)
2294 4230       4       Many::m1458 (14 bytes)
2294 4229       3       Many::m1458 (14 bytes)   made not entrant: not used
2295 4231       3       Many::m1459 (14 bytes)
2296 4232       4       Many::m1459 (14 bytes)
2296 4231       3       Many::m1459 (14 bytes)   made not entrant: not used
2297 4233       3       Many::m1460 (14 bytes)
2297 4234       4       Many::m1460 (14 bytes)
2297 4233       3       Many::m1460 (14 bytes)   made not entrant: not used
2298 4235       3       Many::m1461 (14 bytes)
2299 4236       4       Many::m1461 (14 bytes)
2299 4235       3       Many::m1461 (14 bytes)   made not entrant: not used
2300 4237       3       Many::m1462 (14 bytes)
2300 4238       4       Many::m1462 (14 bytes)
2300 4237       3       Many::m1462 (14 bytes)   made not entrant: not used
2301 4239       3       Many::m1463 (14 bytes)
2301 4240       4       Many::m1463 (14 bytes)
2301 4239       3       Many::m1463 (14 bytes)   made not entrant: not used
2303 4241       3       Many::m1464 (14 bytes)
2303 4242       4       Many::m1464 (14 bytes)
2303 4241       3       Many::m1464 (14 bytes)   made not entrant: not used
2304 4243       3       Many::m1465 (14 bytes)
2304 4244       4       Many::m1465 (14 bytes)
2304 4243       3       Many::m1465 (14 bytes)   made not entrant: not used
2306 4245       3       Many::m1466 (14 bytes)
2306 4246       4       Many::m1466 (14 bytes)
2306 4245       3       Many::m1466 (14 bytes)   made not entrant: not used
2307 4247       3       Many::m1467 (14 bytes)
2307 4248       4       Many::m1467 (14 bytes)
2307 4247       3       Many::m1467 (14 bytes)   made not entrant: not used
2308 4249       3       Many::m1468 (14 bytes)
2308 4250       4       Many::m1468 (14 bytes)
2309 4249       3       Many::m1468 (14 bytes)   made not entrant: not used
2310 4251       3       Many::m1469 (14 bytes)
2310 4252       4       Many::m1469 (14 bytes)
2310 4251       3       Many::m1469 (14 bytes)   made not entrant: not used
2311 4253       3       Many::m1470 (14 bytes)
2311 4254       4       Many::m1470 (14 bytes)
2311 4253       3       Many::m1470 (14 bytes)   made not entrant: not used
2313 4255       3       Many::m1471 (14 bytes)
2313 4256       4       Many::m1471 (14 bytes)
2313 4255       3       Many::m1471 (14 bytes)   made not entrant: not used
2314 4257       3       Many::m1472 (14 bytes)
2314 4258       4       Many::m1472 (14 bytes)
2314 4257       3       Many::m1472 (14 bytes)   made not entrant: not used
2315 4259       3       Many::m1473 (14 bytes)
2316 4260       4       Many::m1473 (14 bytes)
2316 4259       3       Many::m1473 (14 bytes)   made not entrant: not used
2317 4261       3       Many::m1474 (14 bytes)
2317 4262       4       Many::m1474 (14 bytes)
2317 4261       3       Many::m1474 (14 bytes)   made not entrant: not used
2318 4263       3       Many::m1475 (14 bytes)
2318 4264       4       Many::m1475 (14 bytes)
2319 4263       3       Many::m1475 (14 bytes)   made not entrant: not used
2320 4265       3       Many::m1476 (14 bytes)
2320 4266       4       Many::m1476 (14 bytes)
2320 4265       3       Many::m1476 (14 bytes)   made not entrant: not used
2321 4267       3       Many::m1477 (14 bytes)
2321 4268       4       Many::m1477 (14 bytes)
2321 4267       3       Many::m1477 (14 bytes)   made not entrant: not used
2323 4269       3       Many::m1478 (14 bytes)
2323 4270       4       Many::m1478 (14 bytes)
2323 4269       3       Many::m1478 (14 bytes)   made not entrant: not used
2324 4271       3       Many::m1479 (14 bytes)
2324 4272       4       Many::m1479 (14 bytes)
2324 4271       3       Many::m1479 (14 bytes)   made not entrant: not used
2325 4273       3       Many::m1480 (14 bytes)
2326 4274       4       Many::m1480 (14 bytes)
2326 4273       3       Many::m1480 (14 bytes)   made not entrant: not used
2327 4275       3       Many::m1481 (14 bytes)
2327 4276       4       Many::m1481 (14 bytes)
2327 4275       3       Many::m1481 (14 bytes)   made not entrant: not used
2328 4277       3       Many::m1482 (14 bytes)
2328 4278       4       Many::m1482 (14 bytes)
2328 4277       3       Many::m1482 (14 bytes)   made not entrant: not used
2330 4279       3       Many::m1483 (14 bytes)
2330 4280       4       Many::m1483 (14 bytes)
2330 4279       3       Many::m1483 (14 bytes)   made not entrant: not used
2331 4281       3       Many::m1484 (14 bytes)
2331 4282       4       Many::m1484 (14 bytes)
2331 4281       3       Many::m1484 (14 bytes)   made not entrant: not used
2333 4283       3       Many::m1485 (14 bytes)
2333 4284       4       Many::m1485 (14 bytes)
2333 4283       3       Many::m1485 (14 bytes)   made not entrant: not used
2334 4285       3       Many::m1486 (14 bytes)
2334 4286       4       Many::m1486 (14 bytes)
2334 4285       3       Many::m1486 (14 bytes)   made not entrant: not used
2336 4287       3       Many::m1487 (14 bytes)
2336 4288       4       Many::m1487 (14 bytes)
2336 4287       3       Many::m1487 (14 bytes)   made not entrant: not used
2337 4289       3       Many::m1488 (14 bytes)
2337 4290       4       Many::m1488 (14 bytes)
2337 4289       3       Many::m1488 (14 bytes)   made not entrant: not used
2338 4291       3       Many::m1489 (14 bytes)
2338 4292       4       Many::m1489 (14 bytes)
2339 4291       3       Many::m1489 (14 bytes)   made not entrant: not used
2340 4293       3       Many::m1490 (14 bytes)
2340 4294       4       Many::m1490 (14 bytes)
2340 4293       3       Many::m1490 (14 bytes)   made not entrant: not used
2341 4295       3       Many::m1491 (14 bytes)
2341 4296       4       Many::m1491 (14 bytes)
2341 4295       3       Many::m1491 (14 bytes)   made not entrant: not used
2343 4297       3       Many::m1492 (14 bytes)
2343 4298       4       Many::m1492 (14 bytes)
2343 4297       3       Many::m1492 (14 bytes)   made not entrant: not used
2344 4299       3       Many::m1493 (14 bytes)
2344 4300       4       Many::m1493 (14 bytes)
2344 4299       3       Many::m1493 (14 bytes)   made not entrant: not used
2345 4301       3       Many::m1494 (14 bytes)
2346 4302       4       Many::m1494 (14 bytes)
2346 4301       3       Many::m1494 (14 bytes)   made not entrant: not used
2347 4303       3       Many::m1495 (14 bytes)
2347 4304       4       Many::m1495 (14 bytes)
2347 4303       3       Many::m1495 (14 bytes)   made not entrant: not used
2348 4305       3       Many::m1496 (14 bytes)
2349 4306       4       Many::m1496 (14 bytes)
2349 4305       3       Many::m1496 (14 bytes)   made not entrant: not used
2350 4307       3       Many::m1497 (14 bytes)
2350 4308       4       Many::m1497 (14 bytes)
2350 4307       3       Many::m1497 (14 bytes)   made not entrant: not used
2351 4309       3       Many::m1498 (14 bytes)
2351 4310       4       Many::m1498 (14 bytes)
2351 4309       3       Many::m1498 (14 bytes)   made not entrant: not used
2353 4311       3       Many::m1499 (14 bytes)
2353 4312       4       Many::m1499 (14 bytes)
2353 4311       3       Many::m1499 (14 bytes)   made not entrant: not used
2354 4313       3       Many::m1500 (14 bytes)
2354 4314       4       Many::m1500 (14 bytes)
2354 4313       3       Many::m1500 (14 bytes)   made not entrant: not used
2355 4315       3       Many::m1501 (14 bytes)
2356 4316       4       Many::m1501 (14 bytes)
2356 4315       3       Many::m1501 (14 bytes)   made not entrant: not used
2357 4317       3       Many::m1502 (14 bytes)
2357 4318       4       Many::m1502 (14 bytes)
2357 4317       3       Many::m1502 (14 bytes)   made not entrant: not used
2358 4319       3       Many::m1503 (14 bytes)
2358 4320       4       Many::m1503 (14 bytes)
2359 4319       3       Many::m1503 (14 bytes)   made not entrant: not used
2360 4321       3       Many::m1504 (14 bytes)
2360 4322       4       Many::m1504 (14 bytes)
2360 4321       3       Many::m1504 (14 bytes)   made not entrant: not used
2361 4323       3       Many::m1505 (14 bytes)
2361 4324       4       Many::m1505 (14 bytes)
2361 4323       3       Many::m1505 (14 bytes)   made not entrant: not used
2363 4325       3       Many::m1506 (14 bytes)
2363 4326       4       Many::m1506 (14 bytes)
2363 4325       3       Many::m1506 (14 bytes)   made not entrant: not used
2364 4327       3       Many::m1507 (14 bytes)
2364 4328       4       Many::m1507 (14 bytes)
2364 4327       3       Many::m1507 (14 bytes)   made not entrant: not used
2366 4329       3       Many::m1508 (14 bytes)
2366 4330       4       Many::m1508 (14 bytes)
2366 4329       3       Many::m1508 (14 bytes)   made not entrant: not used
2367 4331       3       Many::m1509 (14 bytes)
2367 4332       4       Many::m1509 (14 bytes)
2367 4331       3       Many::m1509 (14 bytes)   made not entrant: not used
2368 4333       3       Many::m1510 (14 bytes)
2368 4334       4       Many::m1510 (14 bytes)
2369 4333       3       Many::m1510 (14 bytes)   made not entrant: not used
2370 4335       3       Many::m1511 (14 bytes)
2370 4336       4       Many::m1511 (14 bytes)
2370 4335       3       Many::m1511 (14 bytes)   made not entrant: not used
2371 4337       3       Many::m1512 (14 bytes)
2371 4338       4       Many::m1512 (14 bytes)
2371 4337       3       Many::m1512 (14 bytes)   made not entrant: not used
2373 4339       3       Many::m1513 (14 bytes)
2373 4340       4       Many::m1513 (14 bytes)
2373 4339       3       Many::m1513 (14 bytes)   made not entrant: not used
2374 4341       3       Many::m1514 (14 bytes)
2374 4342       4       Many::m1514 (14 bytes)
2374 4341       3       Many::m1514 (14 bytes)   made not entrant: not used
2376 4343       3       Many::m1515 (14 bytes)
2376 4344       4       Many::m1515 (14 bytes)
2376 4343       3       Many::m1515 (14 bytes)   made not entrant: not used
2377 4345       3       Many::m1516 (14 bytes)
2377 4346       4       Many::m1516 (14 bytes)
2377 4345       3       Many::m1516 (14 bytes)   made not entrant: not used
2378 4347       3       Many::m1517 (14 bytes)
2379 4348       4       Many::m1517 (14 bytes)
2379 4347       3       Many::m1517 (14 bytes)   made not entrant: not used
2380 4349       3       Many::m1518 (14 bytes)
2380 4350       4       Many::m1518 (14 bytes)
2380 4349       3       Many::m1518 (14 bytes)   made not entrant: not used
2381 4351       3       Many::m1519 (14 bytes)
2382 4352       4       Many::m1519 (14 bytes)
2382 4351       3       Many::m1519 (14 bytes)   made not entrant: not used
2383 4353       3       Many::m1520 (14 bytes)
2383 4354       4       Many::m1520 (14 bytes)
2383 4353       3       Many::m1520 (14 bytes)   made not entrant: not used
2384 4355       3       Many::m1521 (14 bytes)
2384 4356       4       Many::m1521 (14 bytes)
2384 4355       3       Many::m1521 (14 bytes)   made not entrant: not used
2386 4357       3       Many::m1522 (14 bytes)
2386 4358       4       Many::m1522 (14 bytes)
2386 4357       3       Many::m1522 (14 bytes)   made not entrant: not used
2387 4359       3       Many::m1523 (14 bytes)
2387 4360       4       Many::m1523 (14 bytes)
2387 4359       3       Many::m1523 (14 bytes)   made not entrant: not used
2389 4361       3       Many::m1524 (14 bytes)
2389 4362       4       Many::m1524 (14 bytes)
2389 4361       3       Many::m1524 (14 bytes)   made not entrant: not used
2390 4363       3       Many::m1525 (14 bytes)
2390 4364       4       Many::m1525 (14 bytes)
2390 4363       3       Many::m1525 (14 bytes)   made not entrant: not used
2391 4365       3       Many::m1526 (14 bytes)
2391 4366       4       Many::m1526 (14 bytes)
2392 4365       3       Many::m1526 (14 bytes)   made not entrant: not used
2393 4367       3       Many::m1527 (14 bytes)
2393 4368       4       Many::m1527 (14 bytes)
2393 4367       3       Many::m1527 (14 bytes)   made not entrant: not used
2394 4369       3       Many::m1528 (14 bytes)
2394 4370       4       Many::m1528 (14 bytes)
2394 4369       3       Many::m1528 (14 bytes)   made not entrant: not used
2396 4371       3       Many::m1529 (14 bytes)
2396 4372       4       Many::m1529 (14 bytes)
2396 4371       3       Many::m1529 (14 bytes)   made not entrant: not used
2397 4373       3       Many::m1530 (14 bytes)
2397 4374       4       Many::m1530 (14 bytes)
2397 4373       3       Many::m1530 (14 bytes)   made not entrant: not used
2399 4375       3       Many::m1531 (14 bytes)
2399 4376       4       Many::m1531 (14 bytes)
2399 4375       3       Many::m1531 (14 bytes)   made not entrant: not used
2400 4377       3       Many::m1532 (14 bytes)
2400 4378       4       Many::m1532 (14 bytes)
2400 4377       3       Many::m1532 (14 bytes)   made not entrant: not used
2401 4379       3       Many::m1533 (14 bytes)
2402 4380       4       Many::m1533 (14 bytes)
2402 4379       3       Many::m1533 (14 bytes)   made not entrant: not used
2403 4381       3       Many::m1534 (14 bytes)
2403 4382       4       Many::m1534 (14 bytes)
2403 4381       3       Many::m1534 (14 bytes)   made not entrant: not used
2404 4383       3       Many::m1535 (14 bytes)
2404 4384       4       Many::m1535 (14 bytes)
2405 4383       3       Many::m1535 (14 bytes)   made not entrant: not used
2406 4385       3       Many::m1536 (14 bytes)
2406 4386       4       Many::m1536 (14 bytes)
2406 4385       3       Many::m1536 (14 bytes)   made not entrant: not used
2407 4387       3       Many::m1537 (14 bytes)
2407 4388       4       Many::m1537 (14 bytes)
2407 4387       3       Many::m1537 (14 bytes)   made not entrant: not used
2409 4389       3       Many::m1538 (14 bytes)
2409 4390       4       Many::m1538 (14 bytes)
2409 4389       3       Many::m1538 (14 bytes)   made not entrant: not used
2410 4391       3       Many::m1539 (14 bytes)
2410 4392       4       Many::m1539 (14 bytes)
2410 4391       3       Many::m1539 (14 bytes)   made not entrant: not used
2411 4393       3       Many::m1540 (14 bytes)
2412 4394       4       Many::m1540 (14 bytes)
2412 4393       3       Many::m1540 (14 bytes)   made not entrant: not used
2413 4395       3       Many::m1541 (14 bytes)
2413 4396       4       Many::m1541 (14 bytes)
2413 4395       3       Many::m1541 (14 bytes)   made not entrant: not used
2414 4397       3       Many::m1542 (14 bytes)
2415 4398       4       Many::m1542 (14 bytes)
2415 4397       3       Many::m1542 (14 bytes)   made not entrant: not used
2416 4399       3       Many::m1543 (14 bytes)
2416 4400       4       Many::m1543 (14 bytes)
2416 4399       3       Many::m1543 (14 bytes)   made not entrant: not used
2417 4401       3       Many::m1544 (14 bytes)
2417 4402       4       Many::m1544 (14 bytes)
2417 4401       3       Many::m1544 (14 bytes)   made not entrant: not used
2419 4403       3       Many::m1545 (14 bytes)
2419 4404       4       Many::m1545 (14 bytes)
2419 4403       3       Many::m1545 (14 bytes)   made not entrant: not used
2420 4405       3       Many::m1546 (14 bytes)
2420 4406       4       Many::m1546 (14 bytes)
2420 4405       3       Many::m1546 (14 bytes)   made not entrant: not used
2421 4407       3       Many::m1547 (14 bytes)
2422 4408       4       Many::m1547 (14 bytes)
2422 4407       3       Many::m1547 (14 bytes)   made not entrant: not used
2423 4409       3       Many::m1548 (14 bytes)
2423 4410       4       Many::m1548 (14 bytes)
2423 4409       3       Many::m1548 (14 bytes)   made not entrant: not used
2424 4411       3       Many::m1549 (14 bytes)
2424 4412       4       Many::m1549 (14 bytes)
2425 4411       3       Many::m1549 (14 bytes)   made not entrant: not used
2426 4413       3       Many::m1550 (14 bytes)
2426 4414       4       Many::m1550 (14 bytes)
2426 4413       3       Many::m1550 (14 bytes)   made not entrant: not used
2427 4415       3       Many::m1551 (14 bytes)
2427 4416       4       Many::m1551 (14 bytes)
2427 4415       3       Many::m1551 (14 bytes)   made not entrant: not used
2429 4417       3       Many::m1552 (14 bytes)
2429 4418       4       Many::m1552 (14 bytes)
2429 4417       3       Many::m1552 (14 bytes)   made not entrant: not used
2430 4419       3       Many::m1553 (14 bytes)
2430 4420       4       Many::m1553 (14 bytes)
2430 4419       3       Many::m1553 (14 bytes)   made not entrant: not used
2432 4421       3       Many::m1554 (14 bytes)
2432 4422       4       Many::m1554 (14 bytes)
2432 4421       3       Many::m1554 (14 bytes)   made not entrant: not used
2433 4423       3       Many::m1555 (14 bytes)
2433 4424       4       Many::m1555 (14 bytes)
2433 4423       3       Many::m1555 (14 bytes)   made not entrant: not used
2434 4425       3       Many::m1556 (14 bytes)
2434 4426       4       Many::m1556 (14 bytes)
2435 4425       3       Many::m1556 (14 bytes)   made not entrant: not used
2436 4427       3       Many::m1557 (14 bytes)
2436 4428       4       Many::m1557 (14 bytes)
2436 4427       3       Many::m1557 (14 bytes)   made not entrant: not used
2437 4429       3       Many::m1558 (14 bytes)
2437 4430       4       Many::m1558 (14 bytes)
2437 4429       3       Many::m1558 (14 bytes)   made not entrant: not used
2439 4431       3       Many::m1559 (14 bytes)
2439 4432       4       Many::m1559 (14 bytes)
2439 4431       3       Many::m1559 (14 bytes)   made not entrant: not used
2440 4433       3       Many::m1560 (14 bytes)
2440 4434       4       Many::m1560 (14 bytes)
2440 4433       3       Many::m1560 (14 bytes)   made not entrant: not used
2441 4435       3       Many::m1561 (14 bytes)
2442 4436       4       Many::m1561 (14 bytes)
2442 4435       3       Many::m1561 (14 bytes)   made not entrant: not used
2443 4437       3       Many::m1562 (14 bytes)
2443 4438       4       Many::m1562 (14 bytes)
2443 4437       3       Many::m1562 (14 bytes)   made not entrant: not used
2444 4439       3       Many::m1563 (14 bytes)
2444 4440       4       Many::m1563 (14 bytes)
2445 4439       3       Many::m1563 (14 bytes)   made not entrant: not used
2446 4441       3       Many::m1564 (14 bytes)
2446 4442       4       Many::m1564 (14 bytes)
2446 4441       3       Many::m1564 (14 bytes)   made not entrant: not used
2447 4443       3       Many::m1565 (14 bytes)
2447 4444       4       Many::m1565 (14 bytes)
2447 4443       3       Many::m1565 (14 bytes)   made not entrant: not used
2449 4445       3       Many::m1566 (14 bytes)
2449 4446       4       Many::m1566 (14 bytes)
2449 4445       3       Many::m1566 (14 bytes)   made not entrant: not used
2450 4447       3       Many::m1567 (14 bytes)
2450 4448       4       Many::m1567 (14 bytes)
2450 4447       3       Many::m1567 (14 bytes)   made not entrant: not used
2451 4449       3       Many::m1568 (14 bytes)
2452 4450       4       Many::m1568 (14 bytes)
2452 4449       3       Many::m1568 (14 bytes)   made not entrant: not used
2453 4451       3       Many::m1569 (14 bytes)
2453 4452       4       Many::m1569 (14 bytes)
2453 4451       3       Many::m1569 (14 bytes)   made not entrant: not used
2454 4453       3       Many::m1570 (14 bytes)
2454 4454       4       Many::m1570 (14 bytes)
2454 4453       3       Many::m1570 (14 bytes)   made not entrant: not used
2456 4455       3       Many::m1571 (14 bytes)
2456 4456       4       Many::m1571 (14 bytes)
2456 4455       3       Many::m1571 (14 bytes)   made not entrant: not used
2457 4457       3       Many::m1572 (14 bytes)
2457 4458       4       Many::m1572 (14 bytes)
2457 4457       3       Many::m1572 (14 bytes)   made not entrant: not used
2459 4459       3       Many::m1573 (14 bytes)
2459 4460       4       Many::m1573 (14 bytes)
2459 4459       3       Many::m1573 (14 bytes)   made not entrant: not used
2460 4461       3       Many::m1574 (14 bytes)
2460 4462       4       Many::m1574 (14 bytes)
2460 4461       3       Many::m1574 (14 bytes)   made not entrant: not used
2461 4463       3       Many::m1575 (14 bytes)
2462 4464       4       Many::m1575 (14 bytes)
2462 4463       3       Many::m1575 (14 bytes)   made not entrant: not used
2463 4465       3       Many::m1576 (14 bytes)
2463 4466       4       Many::m1576 (14 bytes)
2463 4465       3       Many::m1576 (14 bytes)   made not entrant: not used
2464 4467       3       Many::m1577 (14 bytes)
2464 4468       4       Many::m1577 (14 bytes)
2465 4467       3       Many::m1577 (14 bytes)   made not entrant: not used
2466 4469       3       Many::m1578 (14 bytes)
2466 4470       4       Many::m1578 (14 bytes)
2466 4469       3       Many::m1578 (14 bytes)   made not entrant: not used
2467 4471       3       Many::m1579 (14 bytes)
2467 4472       4       Many::m1579 (14 bytes)
2467 4471       3       Many::m1579 (14 bytes)   made not entrant: not used
2469 4473       3       Many::m1580 (14 bytes)
2469 4474       4       Many::m1580 (14 bytes)
2469 4473       3       Many::m1580 (14 bytes)   made not entrant: not used
2470 4475       3       Many::m1581 (14 bytes)
2470 4476       4       Many::m1581 (14 bytes)
2470 4475       3       Many::m1581 (14 bytes)   made not entrant: not used
2471 4477       3       Many::m1582 (14 bytes)
2472 4478       4       Many::m1582 (14 bytes)
2472 4477       3       Many::m1582 (14 bytes)   made not entrant: not used
2473 4479       3       Many::m1583 (14 bytes)
2473 4480       4       Many::m1583 (14 bytes)
2473 4479       3       Many::m1583 (14 bytes)   made not entrant: not used
2474 4481       3       Many::m1584 (14 bytes)
2474 4482       4       Many::m1584 (14 bytes)
2474 4481       3       Many::m1584 (14 bytes)   made not entrant: not used
2476 4483       3       Many::m1585 (14 bytes)
2476 4484       4       Many::m1585 (14 bytes)
2476 4483       3       Many::m1585 (14 bytes)   made not entrant: not used
2477 4485       3       Many::m1586 (14 bytes)
2477 4486       4       Many::m1586 (14 bytes)
2477 4485       3       Many::m1586 (14 bytes)   made not entrant: not used
2478 4487       3       Many::m1587 (14 bytes)
2479 4488       4       Many::m1587 (14 bytes)
2479 4487       3       Many::m1587 (14 bytes)   made not entrant: not used
2480 4489       3       Many::m1588 (14 bytes)
2480 4490       4       Many::m1588 (14 bytes)
2480 4489       3       Many::m1588 (14 bytes)   made not entrant: not used
2481 4491       3       Many::m1589 (14 bytes)
2482 4492       4       Many::m1589 (14 bytes)
2482 4491       3       Many::m1589 (14 bytes)   made not entrant: not used
2483 4493       3       Many::m1590 (14 bytes)
2483 4494       4       Many::m1590 (14 bytes)
2483 4493       3       Many::m1590 (14 bytes)   made not entrant: not used
2484 4495       3       Many::m1591 (14 bytes)
2484 4496       4       Many::m1591 (14 bytes)
2484 4495       3       Many::m1591 (14 bytes)   made not entrant: not used
2486 4497       3       Many::m1592 (14 bytes)
2486 4498       4       Many::m1592 (14 bytes)
2486 4497       3       Many::m1592 (14 bytes)   made not entrant: not used
2487 4499       3       Many::m1593 (14 bytes)
2487 4500       4       Many::m1593 (14 bytes)
2487 4499       3       Many::m1593 (14 bytes)   made not entrant: not used
2489 4501       3       Many::m1594 (14 bytes)
2489 4502       4       Many::m1594 (14 bytes)
2489 4501       3       Many::m1594 (14 bytes)   made not entrant: not used
2490 4503       3       Many::m1595 (14 bytes)
2490 4504       4       Many::m1595 (14 bytes)
2490 4503       3       Many::m1595 (14 bytes)   made not entrant: not used
2491 4505       3       Many::m1596 (14 bytes)
2491 4506       4       Many::m1596 (14 bytes)
2492 4505       3       Many::m1596 (14 bytes)   made not entrant: not used
2493 4507       3       Many::m1597 (14 bytes)
2493 4508       4       Many::m1597 (14 bytes)
2493 4507       3       Many::m1597 (14 bytes)   made not entrant: not used
2494 4509       3       Many::m1598 (14 bytes)
2494 4510       4       Many::m1598 (14 bytes)
2494 4509       3       Many::m1598 (14 bytes)   made not entrant: not used
2496 4511       3       Many::m1599 (14 bytes)
2496 4512       4       Many::m1599 (14 bytes)
2496 4511       3       Many::m1599 (14 bytes)   made not entrant: not used
2497 4513       3       Many::m1600 (14 bytes)
2497 4514       4       Many::m1600 (14 bytes)
2497 4513       3       Many::m1600 (14 bytes)   made not entrant: not used
2498 4515       3       Many::m1601 (14 bytes)
2499 4516       4       Many::m1601 (14 bytes)
2499 4515       3       Many::m1601 (14 bytes)   made not entrant: not used
2500 4517       3       Many::m1602 (14 bytes)
2500 4518       4       Many::m1602 (14 bytes)
2500 4517       3       Many::m1602 (14 bytes)   made not entrant: not used
2501 4519       3       Many::m1603 (14 bytes)
2501 4520       4       Many::m1603 (14 bytes)
2501 4519       3       Many::m1603 (14 bytes)   made not entrant: not used
2503 4521       3       Many::m1604 (14 bytes)
2503 4522       4       Many::m1604 (14 bytes)
2503 4521       3       Many::m1604 (14 bytes)   made not entrant: not used
2504 4523       3       Many::m1605 (14 bytes)
2504 4524       4       Many::m1605 (14 bytes)
2504 4523       3       Many::m1605 (14 bytes)   made not entrant: not used
2506 4525       3       Many::m1606 (14 bytes)
2506 4526       4       Many::m1606 (14 bytes)
2506 4525       3       Many::m1606 (14 bytes)   made not entrant: not used
2507 4527       3       Many::m1607 (14 bytes)
2507 4528       4       Many::m1607 (14 bytes)
2507 4527       3       Many::m1607 (14 bytes)   made not entrant: not used
2508 4529       3       Many::m1608 (14 bytes)
2509 4530       4       Many::m1608 (14 bytes)
2509 4529       3       Many::m1608 (14 bytes)   made not entrant: not used
2510 4531       3       Many::m1609 (14 bytes)
2510 4532       4       Many::m1609 (14 bytes)
2510 4531       3       Many::m1609 (14 bytes)   made not entrant: not used
2511 4533       3       Many::m1610 (14 bytes)
2511 4534       4       Many::m1610 (14 bytes)
2511 4533       3       Many::m1610 (14 bytes)   made not entrant: not used
2513 4535       3       Many::m1611 (14 bytes)
2513 4536       4       Many::m1611 (14 bytes)
2513 4535       3       Many::m1611 (14 bytes)   made not entrant: not used
2514 4537       3       Many::m1612 (14 bytes)
2514 4538       4       Many::m1612 (14 bytes)
2514 4537       3       Many::m1612 (14 bytes)   made not entrant: not used
2516 4539       3       Many::m1613 (14 bytes)
2516 4540       4       Many::m1613 (14 bytes)
2516 4539       3       Many::m1613 (14 bytes)   made not entrant: not used
2517 4541       3       Many::m1614 (14 bytes)
2517 4542       4       Many::m1614 (14 bytes)
2517 4541       3       Many::m1614 (14 bytes)   made not entrant: not used
2518 4543       3       Many::m1615 (14 bytes)
2519 4544       4       Many::m1615 (14 bytes)
2519 4543       3       Many::m1615 (14 bytes)   made not entrant: not used
2520 4545       3       Many::m1616 (14 bytes)
2520 4546       4       Many::m1616 (14 bytes)
2520 4545       3       Many::m1616 (14 bytes)   made not entrant: not used
2521 4547       3       Many::m1617 (14 bytes)
2521 4548       4       Many::m1617 (14 bytes)
2521 4547       3       Many::m1617 (14 bytes)   made not entrant: not used
2523 4549       3       Many::m1618 (14 bytes)
2523 4550       4       Many::m1618 (14 bytes)
2523 4549       3       Many::m1618 (14 bytes)   made not entrant: not used
2524 4551       3       Many::m1619 (14 bytes)
2524 4552       4       Many::m1619 (14 bytes)
2524 4551       3       Many::m1619 (14 bytes)   made not entrant: not used
2525 4553       3       Many::m1620 (14 bytes)
2526 4554       4       Many::m1620 (14 bytes)
2526 4553       3       Many::m1620 (14 bytes)   made not entrant: not used
2527 4555       3       Many::m1621 (14 bytes)
2527 4556       4       Many::m1621 (14 bytes)
2527 4555       3       Many::m1621 (14 bytes)   made not entrant: not used
2528 4557       3       Many::m1622 (14 bytes)
2528 4558       4       Many::m1622 (14 bytes)
2529 4557       3       Many::m1622 (14 bytes)   made not entrant: not used
2530 4559       3       Many::m1623 (14 bytes)
2530 4560       4       Many::m1623 (14 bytes)
2530 4559       3       Many::m1623 (14 bytes)   made not entrant: not used
2531 4561       3       Many::m1624 (14 bytes)
2531 4562       4       Many::m1624 (14 bytes)
2532 4561       3       Many::m1624 (14 bytes)   made not entrant: not used
2533 4563       3       Many::m1625 (14 bytes)
2533 4564       4       Many::m1625 (14 bytes)
2533 4563       3       Many::m1625 (14 bytes)   made not entrant: not used
2534 4565       3       Many::m1626 (14 bytes)
2534 4566       4       Many::m1626 (14 bytes)
2534 4565       3       Many::m1626 (14 bytes)   made not entrant: not used
2536 4567       3       Many::m1627 (14 bytes)
2536 4568       4       Many::m1627 (14 bytes)
2536 4567       3       Many::m1627 (14 bytes)   made not entrant: not used
2537 4569       3       Many::m1628 (14 bytes)
2537 4570       4       Many::m1628 (14 bytes)
2537 4569       3       Many::m1628 (14 bytes)   made not entrant: not used
2538 4571       3       Many::m1629 (14 bytes)
2538 4572       4       Many::m1629 (14 bytes)
2539 4571       3       Many::m1629 (14 bytes)   made not entrant: not used
2540 4573       3       Many::m1630 (14 bytes)
2540 4574       4       Many::m1630 (14 bytes)
2540 4573       3       Many::m1630 (14 bytes)   made not entrant: not used
2541 4575       3       Many::m1631 (14 bytes)
2541 4576       4       Many::m1631 (14 bytes)
2541 4575       3       Many::m1631 (14 bytes)   made not entrant: not used
2543 4577       3       Many::m1632 (14 bytes)
2543 4578       4       Many::m1632 (14 bytes)
2543 4577       3       Many::m1632 (14 bytes)   made not entrant: not used
2544 4579       3       Many::m1633 (14 bytes)
2544 4580       4       Many::m1633 (14 bytes)
2544 4579       3       Many::m1633 (14 bytes)   made not entrant: not used
2545 4581       3       Many::m1634 (14 bytes)
2546 4582       4       Many::m1634 (14 bytes)
2546 4581       3       Many::m1634 (14 bytes)   made not entrant: not used
2547 4583       3       Many::m1635 (14 bytes)
2547 4584       4       Many::m1635 (14 bytes)
2547 4583       3       Many::m1635 (14 bytes)   made not entrant: not used
2548 4585       3       Many::m1636 (14 bytes)
2548 4586       4       Many::m1636 (14 bytes)
2549 4585       3       Many::m1636 (14 bytes)   made not entrant: not used
2550 4587       3       Many::m1637 (14 bytes)
2550 4588       4       Many::m1637 (14 bytes)
2550 4587       3       Many::m1637 (14 bytes)   made not entrant: not used
2551 4589       3       Many::m1638 (14 bytes)
2551 4590       4       Many::m1638 (14 bytes)
2551 4589       3       Many::m1638 (14 bytes)   made not entrant: not used
2553 4591       3       Many::m1639 (14 bytes)
2553 4592       4       Many::m1639 (14 bytes)
2553 4591       3       Many::m1639 (14 bytes)   made not entrant: not used
2554 4593       3       Many::m1640 (14 bytes)
2554 4594       4       Many::m1640 (14 bytes)
2554 4593       3       Many::m1640 (14 bytes)   made not entrant: not used
2556 4595       3       Many::m1641 (14 bytes)
2556 4596       4       Many::m1641 (14 bytes)
2556 4595       3       Many::m1641 (14 bytes)   made not entrant: not used
2557 4597       3       Many::m1642 (14 bytes)
2557 4598       4       Many::m1642 (14 bytes)
2557 4597       3       Many::m1642 (14 bytes)   made not entrant: not used
2558 4599       3       Many::m1643 (14 bytes)
2558 4600       4       Many::m1643 (14 bytes)
2559 4599       3       Many::m1643 (14 bytes)   made not entrant: not used
2560 4601       3       Many::m1644 (14 bytes)
2560 4602       4       Many::m1644 (14 bytes)
2560 4601       3       Many::m1644 (14 bytes)   made not entrant: not used
2561 4603       3       Many::m1645 (14 bytes)
2561 4604       4       Many::m1645 (14 bytes)
2561 4603       3       Many::m1645 (14 bytes)   made not entrant: not used
2563 4605       3       Many::m1646 (14 bytes)
2563 4606       4       Many::m1646 (14 bytes)
2563 4605       3       Many::m1646 (14 bytes)   made not entrant: not used
2564 4607       3       Many::m1647 (14 bytes)
2564 4608       4       Many::m1647 (14 bytes)
2564 4607       3       Many::m1647 (14 bytes)   made not entrant: not used
2566 4609       3       Many::m1648 (14 bytes)
2566 4610       4       Many::m1648 (14 bytes)
2566 4609       3       Many::m1648 (14 bytes)   made not entrant: not used
2567 4611       3       Many::m1649 (14 bytes)
2567 4612       4       Many::m1649 (14 bytes)
2567 4611       3       Many::m1649 (14 bytes)   made not entrant: not used
2568 4613       3       Many::m1650 (14 bytes)
2568 4614       4       Many::m1650 (14 bytes)
2569 4613       3       Many::m1650 (14 bytes)   made not entrant: not used
2570 4615       3       Many::m1651 (14 bytes)
2570 4616       4       Many::m1651 (14 bytes)
2570 4615       3       Many::m1651 (14 bytes)   made not entrant: not used
2571 4617       3       Many::m1652 (14 bytes)
2571 4618       4       Many::m1652 (14 bytes)
2571 4617       3       Many::m1652 (14 bytes)   made not entrant: not used
2573 4619       3       Many::m1653 (14 bytes)
2573 4620       4       Many::m1653 (14 bytes)
2573 4619       3       Many::m1653 (14 bytes)   made not entrant: not used
2574 4621       3       Many::m1654 (14 bytes)
2574 4622       4       Many::m1654 (14 bytes)
2574 4621       3       Many::m1654 (14 bytes)   made not entrant: not used
2576 4623       3       Many::m1655 (14 bytes)
2576 4624       4       Many::m1655 (14 bytes)
2576 4623       3       Many::m1655 (14 bytes)   made not entrant: not used
2577 4625       3       Many::m1656 (14 bytes)
2577 4626       4       Many::m1656 (14 bytes)
2577 4625       3       Many::m1656 (14 bytes)   made not entrant: not used
2578 4627       3       Many::m1657 (14 bytes)
2578 4628       4       Many::m1657 (14 bytes)
2579 4627       3       Many::m1657 (14 bytes)   made not entrant: not used
2580 4629       3       Many::m1658 (14 bytes)
2580 4630       4       Many::m1658 (14 bytes)
2580 4629       3       Many::m1658 (14 bytes)   made not entrant: not used
2581 4631       3       Many::m1659 (14 bytes)
2581 4632       4       Many::m1659 (14 bytes)
2581 4631       3       Many::m1659 (14 bytes)   made not entrant: not used
2583 4633       3       Many::m1660 (14 bytes)
2583 4634       4       Many::m1660 (14 bytes)
2583 4633       3       Many::m1660 (14 bytes)   made not entrant: not used
2584 4635       3       Many::m1661 (14 bytes)
2584 4636       4       Many::m1661 (14 bytes)
2584 4635       3       Many::m1661 (14 bytes)   made not entrant: not used
2586 4637       3       Many::m1662 (14 bytes)
2586 4638       4       Many::m1662 (14 bytes)
2586 4637       3       Many::m1662 (14 bytes)   made not entrant: not used
2587 4639       3       Many::m1663 (14 bytes)
2587 4640       4       Many::m1663 (14 bytes)
2587 4639       3       Many::m1663 (14 bytes)   made not entrant: not used
2588 4641       3       Many::m1664 (14 bytes)
2588 4642       4       Many::m1664 (14 bytes)
2589 4641       3       Many::m1664 (14 bytes)   made not entrant: not used
2590 4643       3       Many::m1665 (14 bytes)
2590 4644       4       Many::m1665 (14 bytes)
2590 4643       3       Many::m1665 (14 bytes)   made not entrant: not used
2591 4645       3       Many::m1666 (14 bytes)
2591 4646       4       Many::m1666 (14 bytes)
2591 4645       3       Many::m1666 (14 bytes)   made not entrant: not used
2593 4647       3       Many::m1667 (14 bytes)
2593 4648       4       Many::m1667 (14 bytes)
2593 4647       3       Many::m1667 (14 bytes)   made not entrant: not used
2594 4649       3       Many::m1668 (14 bytes)
2594 4650       4       Many::m1668 (14 bytes)
2594 4649       3       Many::m1668 (14 bytes)   made not entrant: not used
2595 4651       3       Many::m1669 (14 bytes)
2596 4652       4       Many::m1669 (14 bytes)
2596 4651       3       Many::m1669 (14 bytes)   made not entrant: not used
2597 4653       3       Many::m1670 (14 bytes)
2597 4654       4       Many::m1670 (14 bytes)
2597 4653       3       Many::m1670 (14 bytes)   made not entrant: not used
2598 4655       3       Many::m1671 (14 bytes)
2598 4656       4       Many::m1671 (14 bytes)
2599 4655       3       Many::m1671 (14 bytes)   made not entrant: not used
2600 4657       3       Many::m1672 (14 bytes)
2600 4658       4       Many::m1672 (14 bytes)
2600 4657       3       Many::m1672 (14 bytes)   made not entrant: not used
2601 4659       3       Many::m1673 (14 bytes)
2601 4660       4       Many::m1673 (14 bytes)
2601 4659       3       Many::m1673 (14 bytes)   made not entrant: not used
2603 4661       3       Many::m1674 (14 bytes)
2603 4662       4       Many::m1674 (14 bytes)
2603 4661       3       Many::m1674 (14 bytes)   made not entrant: not used
2604 4663       3       Many::m1675 (14 bytes)
2604 4664       4       Many::m1675 (14 bytes)
2604 4663       3       Many::m1675 (14 bytes)   made not entrant: not used
2606 4665       3       Many::m1676 (14 bytes)
2606 4666       4       Many::m1676 (14 bytes)
2606 4665       3       Many::m1676 (14 bytes)   made not entrant: not used
2607 4667       3       Many::m1677 (14 bytes)
2607 4668       4       Many::m1677 (14 bytes)
2607 4667       3       Many::m1677 (14 bytes)   made not entrant: not used
2608 4669       3       Many::m1678 (14 bytes)
2609 4670       4       Many::m1678 (14 bytes)
2609 4669       3       Many::m1678 (14 bytes)   made not entrant: not used
2610 4671       3       Many::m1679 (14 bytes)
2610 4672       4       Many::m1679 (14 bytes)
2610 4671       3       Many::m1679 (14 bytes)   made not entrant: not used
2611 4673       3       Many::m1680 (14 bytes)
2611 4674       4       Many::m1680 (14 bytes)
2612 4673       3       Many::m1680 (14 bytes)   made not entrant: not used
2613 4675       3       Many::m1681 (14 bytes)
2613 4676       4       Many::m1681 (14 bytes)
2613 4675       3       Many::m1681 (14 bytes)   made not entrant: not used
2614 4677       3       Many::m1682 (14 bytes)
2615 4678       4       Many::m1682 (14 bytes)
2615 4677       3       Many::m1682 (14 bytes)   made not entrant: not used
2616 4679       3       Many::m1683 (14 bytes)
2616 4680       4       Many::m1683 (14 bytes)
2616 4679       3       Many::m1683 (14 bytes)   made not entrant: not used
2617 4681       3       Many::m1684 (14 bytes)
2617 4682       4       Many::m1684 (14 bytes)
2618 4681       3       Many::m1684 (14 bytes)   made not entrant: not used
2619 4683       3       Many::m1685 (14 bytes)
2619 4684       4       Many::m1685 (14 bytes)
2619 4683       3       Many::m1685 (14 bytes)   made not entrant: not used
2620 4685       3       Many::m1686 (14 bytes)
2620 4686       4       Many::m1686 (14 bytes)
2620 4685       3       Many::m1686 (14 bytes)   made not entrant: not used
2622 4687       3       Many::m1687 (14 bytes)
2622 4688       4       Many::m1687 (14 bytes)
2622 4687       3       Many::m1687 (14 bytes)   made not entrant: not used
2623 4689       3       Many::m1688 (14 bytes)
2623 4690       4       Many::m1688 (14 bytes)
2623 4689       3       Many::m1688 (14 bytes)   made not entrant: not used
2625 4691       3       Many::m1689 (14 bytes)
2625 4692       4       Many::m1689 (14 bytes)
2625 4691       3       Many::m1689 (14 bytes)   made not entrant: not used
2626 4693       3       Many::m1690 (14 bytes)
2626 4694       4       Many::m1690 (14 bytes)
2626 4693       3       Many::m1690 (14 bytes)   made not entrant: not used
2628 4695       3       Many::m1691 (14 bytes)
2628 4696       4       Many::m1691 (14 bytes)
2628 4695       3       Many::m1691 (14 bytes)   made not entrant: not used
2629 4697       3       Many::m1692 (14 bytes)
2629 4698       4       Many::m1692 (14 bytes)
2629 4697       3       Many::m1692 (14 bytes)   made not entrant: not used
2631 4699       3       Many::m1693 (14 bytes)
2631 4700       4       Many::m1693 (14 bytes)
2631 4699       3       Many::m1693 (14 bytes)   made not entrant: not used
2632 4701       3       Many::m1694 (14 bytes)
2632 4702       4       Many::m1694 (14 bytes)
2632 4701       3       Many::m1694 (14 bytes)   made not entrant: not used
2634 4703       3       Many::m1695 (14 bytes)
2634 4704       4       Many::m1695 (14 bytes)
2634 4703       3       Many::m1695 (14 bytes)   made not entrant: not used
2635 4705       3       Many::m1696 (14 bytes)
2635 4706       4       Many::m1696 (14 bytes)
2635 4705       3       Many::m1696 (14 bytes)   made not entrant: not used
2636 4707       3       Many::m1697 (14 bytes)
2637 4708       4       Many::m1697 (14 bytes)
2637 4707       3       Many::m1697 (14 bytes)   made not entrant: not used
2638 4709       3       Many::m1698 (14 bytes)
2638 4710       4       Many::m1698 (14 bytes)
2638 4709       3       Many::m1698 (14 bytes)   made not entrant: not used
2639 4711       3       Many::m1699 (14 bytes)
2640 4712       4       Many::m1699 (14 bytes)
2640 4711       3       Many::m1699 (14 bytes)   made not entrant: not used
2641 4713       3       Many::m1700 (14 bytes)
2641 4714       4       Many::m1700 (14 bytes)
2641 4713       3       Many::m1700 (14 bytes)   made not entrant: not used
2642 4715       3       Many::m1701 (14 bytes)
2642 4716       4       Many::m1701 (14 bytes)
2643 4715       3       Many::m1701 (14 bytes)   made not entrant: not used
2644 4717       3       Many::m1702 (14 bytes)
2644 4718       4       Many::m1702 (14 bytes)
2644 4717       3       Many::m1702 (14 bytes)   made not entrant: not used
2645 4719       3       Many::m1703 (14 bytes)
2645 4720       4       Many::m1703 (14 bytes)
2645 4719       3       Many::m1703 (14 bytes)   made not entrant: not used
2647 4721       3       Many::m1704 (14 bytes)
2647 4722       4       Many::m1704 (14 bytes)
2647 4721       3       Many::m1704 (14 bytes)   made not entrant: not used
2648 4723       3       Many::m1705 (14 bytes)
2648 4724       4       Many::m1705 (14 bytes)
2649 4723       3       Many::m1705 (14 bytes)   made not entrant: not used
2650 4725       3       Many::m1706 (14 bytes)
2650 4726       4       Many::m1706 (14 bytes)
2650 4725       3       Many::m1706 (14 bytes)   made not entrant: not used
2651 4727       3       Many::m1707 (14 bytes)
2651 4728       4       Many::m1707 (14 bytes)
2651 4727       3       Many::m1707 (14 bytes)   made not entrant: not used
2653 4729       3       Many::m1708 (14 bytes)
2653 4730       4       Many::m1708 (14 bytes)
2653 4729       3       Many::m1708 (14 bytes)   made not entrant: not used
2654 4731       3       Many::m1709 (14 bytes)
2654 4732       4       Many::m1709 (14 bytes)
2654 4731       3       Many::m1709 (14 bytes)   made not entrant: not used
2656 4733       3       Many::m1710 (14 bytes)
2656 4734       4       Many::m1710 (14 bytes)
2656 4733       3       Many::m1710 (14 bytes)   made not entrant: not used
2657 4735       3       Many::m1711 (14 bytes)
2657 4736       4       Many::m1711 (14 bytes)
2657 4735       3       Many::m1711 (14 bytes)   made not entrant: not used
2659 4737       3       Many::m1712 (14 bytes)
2659 4738       4       Many::m1712 (14 bytes)
2659 4737       3       Many::m1712 (14 bytes)   made not entrant: not used
2660 4739       3       Many::m1713 (14 bytes)
2660 4740       4       Many::m1713 (14 bytes)
2660 4739       3       Many::m1713 (14 bytes)   made not entrant: not used
2661 4741       3       Many::m1714 (14 bytes)
2662 4742       4       Many::m1714 (14 bytes)
2662 4741       3       Many::m1714 (14 bytes)   made not entrant: not used
2663 4743       3       Many::m1715 (14 bytes)
2663 4744       4       Many::m1715 (14 bytes)
2663 4743       3       Many::m1715 (14 bytes)   made not entrant: not used
2664 4745       3       Many::m1716 (14 bytes)
2664 4746       4       Many::m1716 (14 bytes)
2665 4745       3       Many::m1716 (14 bytes)   made not entrant: not used
2666 4747       3       Many::m1717 (14 bytes)
2666 4748       4       Many::m1717 (14 bytes)
2666 4747       3       Many::m1717 (14 bytes)   made not entrant: not used
2667 4749       3       Many::m1718 (14 bytes)
2667 4750       4       Many::m1718 (14 bytes)
2667 4749       3       Many::m1718 (14 bytes)   made not entrant: not used
2669 4751       3       Many::m1719 (14 bytes)
2669 4752       4       Many::m1719 (14 bytes)
2669 4751       3       Many::m1719 (14 bytes)   made not entrant: not used
2670 4753       3       Many::m1720 (14 bytes)
2670 4754       4       Many::m1720 (14 bytes)
2670 4753       3       Many::m1720 (14 bytes)   made not entrant: not used
2671 4755       3       Many::m1721 (14 bytes)
2672 4756       4       Many::m1721 (14 bytes)
2672 4755       3       Many::m1721 (14 bytes)   made not entrant: not used
2673 4757       3       Many::m1722 (14 bytes)
2673 4758       4       Many::m1722 (14 bytes)
2673 4757       3       Many::m1722 (14 bytes)   made not entrant: not used
2674 4759       3       Many::m1723 (14 bytes)
2674 4760       4       Many::m1723 (14 bytes)
2675 4759       3       Many::m1723 (14 bytes)   made not entrant: not used
2676 4761       3       Many::m1724 (14 bytes)
2676 4762       4       Many::m1724 (14 bytes)
2676 4761       3       Many::m1724 (14 bytes)   made not entrant: not used
2677 4763       3       Many::m1725 (14 bytes)
2677 4764       4       Many::m1725 (14 bytes)
2677 4763       3       Many::m1725 (14 bytes)   made not entrant: not used
2679 4765       3       Many::m1726 (14 bytes)
2679 4766       4       Many::m1726 (14 bytes)
2679 4765       3       Many::m1726 (14 bytes)   made not entrant: not used
2680 4767       3       Many::m1727 (14 bytes)
2680 4768       4       Many::m1727 (14 bytes)
2680 4767       3       Many::m1727 (14 bytes)   made not entrant: not used
2682 4769       3       Many::m1728 (14 bytes)
2682 4770       4       Many::m1728 (14 bytes)
2682 4769       3       Many::m1728 (14 bytes)   made not entrant: not used
2683 4771       3       Many::m1729 (14 bytes)
2683 4772       4       Many::m1729 (14 bytes)
2683 4771       3       Many::m1729 (14 bytes)   made not entrant: not used
2684 4773       3       Many::m1730 (14 bytes)
2684 4774       4       Many::m1730 (14 bytes)
2685 4773       3       Many::m1730 (14 bytes)   made not entrant: not used
2686 4775       3       Many::m1731 (14 bytes)
2686 4776       4       Many::m1731 (14 bytes)
2686 4775       3       Many::m1731 (14 bytes)   made not entrant: not used
2687 4777       3       Many::m1732 (14 bytes)
2687 4778       4       Many::m1732 (14 bytes)
2687 4777       3       Many::m1732 (14 bytes)   made not entrant: not used
2689 4779       3       Many::m1733 (14 bytes)
2689 4780       4       Many::m1733 (14 bytes)
2689 4779       3       Many::m1733 (14 bytes)   made not entrant: not used
2690 4781       3       Many::m1734 (14 bytes)
2690 4782       4       Many::m1734 (14 bytes)
2690 4781       3       Many::m1734 (14 bytes)   made not entrant: not used
2691 4783       3       Many::m1735 (14 bytes)
2692 4784       4       Many::m1735 (14 bytes)
2692 4783       3       Many::m1735 (14 bytes)   made not entrant: not used
2693 4785       3       Many::m1736 (14 bytes)
2693 4786       4       Many::m1736 (14 bytes)
2693 4785       3       Many::m1736 (14 bytes)   made not entrant: not used
2694 4787       3       Many::m1737 (14 bytes)
2694 4788       4       Many::m1737 (14 bytes)
2694 4787       3       Many::m1737 (14 bytes)   made not entrant: not used
2696 4789       3       Many::m1738 (14 bytes)
2696 4790       4       Many::m1738 (14 bytes)
2696 4789       3       Many::m1738 (14 bytes)   made not entrant: not used
2697 4791       3       Many::m1739 (14 bytes)
2697 4792       4       Many::m1739 (14 bytes)
2697 4791       3       Many::m1739 (14 bytes)   made not entrant: not used
2699 4793       3       Many::m1740 (14 bytes)
2699 4794       4       Many::m1740 (14 bytes)
2699 4793       3       Many::m1740 (14 bytes)   made not entrant: not used
2700 4795       3       Many::m1741 (14 bytes)
2700 4796       4       Many::m1741 (14 bytes)
2700 4795       3       Many::m1741 (14 bytes)   made not entrant: not used
2702 4797       3       Many::m1742 (14 bytes)
2702 4798       4       Many::m1742 (14 bytes)
2702 4797       3       Many::m1742 (14 bytes)   made not entrant: not used
2703 4799       3       Many::m1743 (14 bytes)
2703 4800       4       Many::m1743 (14 bytes)
2703 4799       3       Many::m1743 (14 bytes)   made not entrant: not used
2704 4801       3       Many::m1744 (14 bytes)
2704 4802       4       Many::m1744 (14 bytes)
2705 4801       3       Many::m1744 (14 bytes)   made not entrant: not used
2706 4803       3       Many::m1745 (14 bytes)
2706 4804       4       Many::m1745 (14 bytes)
2706 4803       3       Many::m1745 (14 bytes)   made not entrant: not used
2707 4805       3       Many::m1746 (14 bytes)
2707 4806       4       Many::m1746 (14 bytes)
2707 4805       3       Many::m1746 (14 bytes)   made not entrant: not used
2709 4807       3       Many::m1747 (14 bytes)
2709 4808       4       Many::m1747 (14 bytes)
2709 4807       3       Many::m1747 (14 bytes)   made not entrant: not used
2710 4809       3       Many::m1748 (14 bytes)
2710 4810       4       Many::m1748 (14 bytes)
2710 4809       3       Many::m1748 (14 bytes)   made not entrant: not used
2711 4811       3       Many::m1749 (14 bytes)
2712 4812       4       Many::m1749 (14 bytes)
2712 4811       3       Many::m1749 (14 bytes)   made not entrant: not used
2713 4813       3       Many::m1750 (14 bytes)
2713 4814       4       Many::m1750 (14 bytes)
2713 4813       3       Many::m1750 (14 bytes)   made not entrant: not used
2714 4815       3       Many::m1751 (14 bytes)
2715 4816       4       Many::m1751 (14 bytes)
2715 4815       3       Many::m1751 (14 bytes)   made not entrant: not used
2716 4817       3       Many::m1752 (14 bytes)
2716 4818       4       Many::m1752 (14 bytes)
2716 4817       3       Many::m1752 (14 bytes)   made not entrant: not used
2717 4819       3       Many::m1753 (14 bytes)
2717 4820       4       Many::m1753 (14 bytes)
2717 4819       3       Many::m1753 (14 bytes)   made not entrant: not used
2719 4821       3       Many::m1754 (14 bytes)
2719 4822       4       Many::m1754 (14 bytes)
2719 4821       3       Many::m1754 (14 bytes)   made not entrant: not used
2720 4823       3       Many::m1755 (14 bytes)
2720 4824       4       Many::m1755 (14 bytes)
2720 4823       3       Many::m1755 (14 bytes)   made not entrant: not used
2721 4825       3       Many::m1756 (14 bytes)
2722 4826       4       Many::m1756 (14 bytes)
2722 4825       3       Many::m1756 (14 bytes)   made not entrant: not used
2723 4827       3       Many::m1757 (14 bytes)
2723 4828       4       Many::m1757 (14 bytes)
2723 4827       3       Many::m1757 (14 bytes)   made not entrant: not used
2724 4829       3       Many::m1758 (14 bytes)
2724 4830       4       Many::m1758 (14 bytes)
2724 4829       3       Many::m1758 (14 bytes)   made not entrant: not used
2726 4831       3       Many::m1759 (14 bytes)
2726 4832       4       Many::m1759 (14 bytes)
2726 4831       3       Many::m1759 (14 bytes)   made not entrant: not used
2727 4833       3       Many::m1760 (14 bytes)
2727 4834       4       Many::m1760 (14 bytes)
2727 4833       3       Many::m1760 (14 bytes)   made not entrant: not used
2729 4835       3       Many::m1761 (14 bytes)
2729 4836       4       Many::m1761 (14 bytes)
2729 4835       3       Many::m1761 (14 bytes)   made not entrant: not used
2730 4837       3       Many::m1762 (14 bytes)
2730 4838       4       Many::m1762 (14 bytes)
2730 4837       3       Many::m1762 (14 bytes)   made not entrant: not used
2731 4839       3       Many::m1763 (14 bytes)
2732 4840       4       Many::m1763 (14 bytes)
2732 4839       3       Many::m1763 (14 bytes)   made not entrant: not used
2733 4841       3       Many::m1764 (14 bytes)
2733 4842       4       Many::m1764 (14 bytes)
2733 4841       3       Many::m1764 (14 bytes)   made not entrant: not used
2734 4843       3       Many::m1765 (14 bytes)
2734 4844       4       Many::m1765 (14 bytes)
2734 4843       3       Many::m1765 (14 bytes)   made not entrant: not used
2736 4845       3       Many::m1766 (14 bytes)
2736 4846       4       Many::m1766 (14 bytes)
2736 4845       3       Many::m1766 (14 bytes)   made not entrant: not used
2737 4847       3       Many::m1767 (14 bytes)
2737 4848       4       Many::m1767 (14 bytes)
2737 4847       3       Many::m1767 (14 bytes)   made not entrant: not used
2739 4849       3       Many::m1768 (14 bytes)
2739 4850       4       Many::m1768 (14 bytes)
2739 4849       3       Many::m1768 (14 bytes)   made not entrant: not used
2740 4851       3       Many::m1769 (14 bytes)
2740 4852       4       Many::m1769 (14 bytes)
2740 4851       3       Many::m1769 (14 bytes)   made not entrant: not used
2741 4853       3       Many::m1770 (14 bytes)
2741 4854       4       Many::m1770 (14 bytes)
2742 4853       3       Many::m1770 (14 bytes)   made not entrant: not used
2743 4855       3       Many::m1771 (14 bytes)
2743 4856       4       Many::m1771 (14 bytes)
2743 4855       3       Many::m1771 (14 bytes)   made not entrant: not used
2744 4857       3       Many::m1772 (14 bytes)
2744 4858       4       Many::m1772 (14 bytes)
2744 4857       3       Many::m1772 (14 bytes)   made not entrant: not used
2746 4859       3       Many::m1773 (14 bytes)
2746 4860       4       Many::m1773 (14 bytes)
2746 4859       3       Many::m1773 (14 bytes)   made not entrant: not used
2747 4861       3       Many::m1774 (14 bytes)
2747 4862       4       Many::m1774 (14 bytes)
2747 4861       3       Many::m1774 (14 bytes)   made not entrant: not used
2749 4863       3       Many::m1775 (14 bytes)
2749 4864       4       Many::m1775 (14 bytes)
2749 4863       3       Many::m1775 (14 bytes)   made not entrant: not used
2750 4865       3       Many::m1776 (14 bytes)
2750 4866       4       Many::m1776 (14 bytes)
2750 4865       3       Many::m1776 (14 bytes)   made not entrant: not used
2751 4867       3       Many::m1777 (14 bytes)
2752 4868       4       Many::m1777 (14 bytes)
2752 4867       3       Many::m1777 (14 bytes)   made not entrant: not used
2753 4869       3       Many::m1778 (14 bytes)
2753 4870       4       Many::m1778 (14 bytes)
2753 4869       3       Many::m1778 (14 bytes)   made not entrant: not used
2754 4871       3       Many::m1779 (14 bytes)
2754 4872       4       Many::m1779 (14 bytes)
2754 4871       3       Many::m1779 (14 bytes)   made not entrant: not used
2756 4873       3       Many::m1780 (14 bytes)
2756 4874       4       Many::m1780 (14 bytes)
2756 4873       3       Many::m1780 (14 bytes)   made not entrant: not used
2757 4875       3       Many::m1781 (14 bytes)
2757 4876       4       Many::m1781 (14 bytes)
2757 4875       3       Many::m1781 (14 bytes)   made not entrant: not used
2758 4877       3       Many::m1782 (14 bytes)
2759 4878       4       Many::m1782 (14 bytes)
2759 4877       3       Many::m1782 (14 bytes)   made not entrant: not used
2760 4879       3       Many::m1783 (14 bytes)
2760 4880       4       Many::m1783 (14 bytes)
2760 4879       3       Many::m1783 (14 bytes)   made not entrant: not used
2761 4881       3       Many::m1784 (14 bytes)
2761 4882       4       Many::m1784 (14 bytes)
2761 4881       3       Many::m1784 (14 bytes)   made not entrant: not used
2763 4883       3       Many::m1785 (14 bytes)
2763 4884       4       Many::m1785 (14 bytes)
2763 4883       3       Many::m1785 (14 bytes)   made not entrant: not used
2764 4885       3       Many::m1786 (14 bytes)
2764 4886       4       Many::m1786 (14 bytes)
2765 4885       3       Many::m1786 (14 bytes)   made not entrant: not used
2766 4887       3       Many::m1787 (14 bytes)
2766 4888       4       Many::m1787 (14 bytes)
2766 4887       3       Many::m1787 (14 bytes)   made not entrant: not used
2767 4889       3       Many::m1788 (14 bytes)
2767 4890       4       Many::m1788 (14 bytes)
2767 4889       3       Many::m1788 (14 bytes)   made not entrant: not used
2769 4891       3       Many::m1789 (14 bytes)
2769 4892       4       Many::m1789 (14 bytes)
2769 4891       3       Many::m1789 (14 bytes)   made not entrant: not used
2770 4893       3       Many::m1790 (14 bytes)
2770 4894       4       Many::m1790 (14 bytes)
2770 4893       3       Many::m1790 (14 bytes)   made not entrant: not used
2771 4895       3       Many::m1791 (14 bytes)
2771 4896       4       Many::m1791 (14 bytes)
2772 4895       3       Many::m1791 (14 bytes)   made not entrant: not used
2773 4897       3       Many::m1792 (14 bytes)
2773 4898       4       Many::m1792 (14 bytes)
2773 4897       3       Many::m1792 (14 bytes)   made not entrant: not used
2774 4899       3       Many::m1793 (14 bytes)
2774 4900       4       Many::m1793 (14 bytes)
2774 4899       3       Many::m1793 (14 bytes)   made not entrant: not used
2776 4901       3       Many::m1794 (14 bytes)
2776 4902       4       Many::m1794 (14 bytes)
2776 4901       3       Many::m1794 (14 bytes)   made not entrant: not used
2777 4903       3       Many::m1795 (14 bytes)
2777 4904       4       Many::m1795 (14 bytes)
2777 4903       3       Many::m1795 (14 bytes)   made not entrant: not used
2778 4905       3       Many::m1796 (14 bytes)
2779 4906       4       Many::m1796 (14 bytes)
2779 4905       3       Many::m1796 (14 bytes)   made not entrant: not used
2780 4907       3       Many::m1797 (14 bytes)
2780 4908       4       Many::m1797 (14 bytes)
2780 4907       3       Many::m1797 (14 bytes)   made not entrant: not used
2781 4909       3       Many::m1798 (14 bytes)
2781 4910       4       Many::m1798 (14 bytes)
2782 4909       3       Many::m1798 (14 bytes)   made not entrant: not used
2783 4911       3       Many::m1799 (14 bytes)
2783 4912       4       Many::m1799 (14 bytes)
2783 4911       3       Many::m1799 (14 bytes)   made not entrant: not used
2784 4913       3       Many::m1800 (14 bytes)
2784 4914       4       Many::m1800 (14 bytes)
2784 4913       3       Many::m1800 (14 bytes)   made not entrant: not used
2786 4915       3       Many::m1801 (14 bytes)
2786 4916       4       Many::m1801 (14 bytes)
2786 4915       3       Many::m1801 (14 bytes)   made not entrant: not used
2787 4917       3       Many::m1802 (14 bytes)
2787 4918       4       Many::m1802 (14 bytes)
2787 4917       3       Many::m1802 (14 bytes)   made not entrant: not used
2788 4919       3       Many::m1803 (14 bytes)
2789 4920       4       Many::m1803 (14 bytes)
2789 4919       3       Many::m1803 (14 bytes)   made not entrant: not used
2790 4921       3       Many::m1804 (14 bytes)
2790 4922       4       Many::m1804 (14 bytes)
2790 4921       3       Many::m1804 (14 bytes)   made not entrant: not used
2791 4923       3       Many::m1805 (14 bytes)
2791 4924       4       Many::m1805 (14 bytes)
2791 4923       3       Many::m1805 (14 bytes)   made not entrant: not used
2793 4925       3       Many::m1806 (14 bytes)
2793 4926       4       Many::m1806 (14 bytes)
2793 4925       3       Many::m1806 (14 bytes)   made not entrant: not used
2794 4927       3       Many::m1807 (14 bytes)
2794 4928       4       Many::m1807 (14 bytes)
2794 4927       3       Many::m1807 (14 bytes)   made not entrant: not used
2796 4929       3       Many::m1808 (14 bytes)
2796 4930       4       Many::m1808 (14 bytes)
2796 4929       3       Many::m1808 (14 bytes)   made not entrant: not used
2797 4931       3       Many::m1809 (14 bytes)
2797 4932       4       Many::m1809 (14 bytes)
2797 4931       3       Many::m1809 (14 bytes)   made not entrant: not used
2798 4933       3       Many::m1810 (14 bytes)
2799 4934       4       Many::m1810 (14 bytes)
2799 4933       3       Many::m1810 (14 bytes)   made not entrant: not used
2800 4935       3       Many::m1811 (14 bytes)
2800 4936       4       Many::m1811 (14 bytes)
2800 4935       3       Many::m1811 (14 bytes)   made not entrant: not used
2801 4937       3       Many::m1812 (14 bytes)
2801 4938       4       Many::m1812 (14 bytes)
2801 4937       3       Many::m1812 (14 bytes)   made not entrant: not used
2803 4939       3       Many::m1813 (14 bytes)
2803 4940       4       Many::m1813 (14 bytes)
2803 4939       3       Many::m1813 (14 bytes)   made not entrant: not used
2804 4941       3       Many::m1814 (14 bytes)
2804 4942       4       Many::m1814 (14 bytes)
2804 4941       3       Many::m1814 (14 bytes)   made not entrant: not used
2806 4943       3       Many::m1815 (14 bytes)
2806 4944       4       Many::m1815 (14 bytes)
2806 4943       3       Many::m1815 (14 bytes)   made not entrant: not used
2807 4945       3       Many::m1816 (14 bytes)
2807 4946       4       Many::m1816 (14 bytes)
2807 4945       3       Many::m1816 (14 bytes)   made not entrant: not used
2808 4947       3       Many::m1817 (14 bytes)
2808 4948       4       Many::m1817 (14 bytes)
2809 4947       3       Many::m1817 (14 bytes)   made not entrant: not used
2810 4949       3       Many::m1818 (14 bytes)
2810 4950       4       Many::m1818 (14 bytes)
2810 4949       3       Many::m1818 (14 bytes)   made not entrant: not used
2811 4951       3       Many::m1819 (14 bytes)
2811 4952       4       Many::m1819 (14 bytes)
2811 4951       3       Many::m1819 (14 bytes)   made not entrant: not used
2813 4953       3       Many::m1820 (14 bytes)
2813 4954       4       Many::m1820 (14 bytes)
2813 4953       3       Many::m1820 (14 bytes)   made not entrant: not used
2814 4955       3       Many::m1821 (14 bytes)
2814 4956       4       Many::m1821 (14 bytes)
2814 4955       3       Many::m1821 (14 bytes)   made not entrant: not used
2816 4957       3       Many::m1822 (14 bytes)
2816 4958       4       Many::m1822 (14 bytes)
2816 4957       3       Many::m1822 (14 bytes)   made not entrant: not used
2817 4959       3       Many::m1823 (14 bytes)
2817 4960       4       Many::m1823 (14 bytes)
2817 4959       3       Many::m1823 (14 bytes)   made not entrant: not used
2818 4961       3       Many::m1824 (14 bytes)
2818 4962       4       Many::m1824 (14 bytes)
2819 4961       3       Many::m1824 (14 bytes)   made not entrant: not used
2820 4963       3       Many::m1825 (14 bytes)
2820 4964       4       Many::m1825 (14 bytes)
2820 4963       3       Many::m1825 (14 bytes)   made not entrant: not used
2821 4965       3       Many::m1826 (14 bytes)
2821 4966       4       Many::m1826 (14 bytes)
2821 4965       3       Many::m1826 (14 bytes)   made not entrant: not used
2823 4967       3       Many::m1827 (14 bytes)
2823 4968       4       Many::m1827 (14 bytes)
2823 4967       3       Many::m1827 (14 bytes)   made not entrant: not used
2824 4969       3       Many::m1828 (14 bytes)
2824 4970       4       Many::m1828 (14 bytes)
2824 4969       3       Many::m1828 (14 bytes)   made not entrant: not used
2825 4971       3       Many::m1829 (14 bytes)
2826 4972       4       Many::m1829 (14 bytes)
2826 4971       3       Many::m1829 (14 bytes)   made not entrant: not used
2827 4973       3       Many::m1830 (14 bytes)
2827 4974       4       Many::m1830 (14 bytes)
2827 4973       3       Many::m1830 (14 bytes)   made not entrant: not used
2828 4975       3       Many::m1831 (14 bytes)
2828 4976       4       Many::m1831 (14 bytes)
2828 4975       3       Many::m1831 (14 bytes)   made not entrant: not used
2830 4977       3       Many::m1832 (14 bytes)
2830 4978       4       Many::m1832 (14 bytes)
2830 4977       3       Many::m1832 (14 bytes)   made not entrant: not used
2831 4979       3       Many::m1833 (14 bytes)
2831 4980       4       Many::m1833 (14 bytes)
2831 4979       3       Many::m1833 (14 bytes)   made not entrant: not used
2833 4981       3       Many::m1834 (14 bytes)
2833 4982       4       Many::m1834 (14 bytes)
2833 4981       3       Many::m1834 (14 bytes)   made not entrant: not used
2834 4983       3       Many::m1835 (14 bytes)
2834 4984       4       Many::m1835 (14 bytes)
2834 4983       3       Many::m1835 (14 bytes)   made not entrant: not used
2835 4985       3       Many::m1836 (14 bytes)
2836 4986       4       Many::m1836 (14 bytes)
2836 4985       3       Many::m1836 (14 bytes)   made not entrant: not used
2837 4987       3       Many::m1837 (14 bytes)
2837 4988       4       Many::m1837 (14 bytes)
2837 4987       3       Many::m1837 (14 bytes)   made not entrant: not used
2838 4989       3       Many::m1838 (14 bytes)
2838 4990       4       Many::m1838 (14 bytes)
2838 4989       3       Many::m1838 (14 bytes)   made not entrant: not used
2840 4991       3       Many::m1839 (14 bytes)
2840 4992       4       Many::m1839 (14 bytes)
2840 4991       3       Many::m1839 (14 bytes)   made not entrant: not used
2841 4993       3       Many::m1840 (14 bytes)
2841 4994       4       Many::m1840 (14 bytes)
2841 4993       3       Many::m1840 (14 bytes)   made not entrant: not used
2843 4995       3       Many::m1841 (14 bytes)
2843 4996       4       Many::m1841 (14 bytes)
2843 4995       3       Many::m1841 (14 bytes)   made not entrant: not used
2844 4997       3       Many::m1842 (14 bytes)
2844 4998       4       Many::m1842 (14 bytes)
2844 4997       3       Many::m1842 (14 bytes)   made not entrant: not used
2845 4999       3       Many::m1843 (14 bytes)
2845 5000       4       Many::m1843 (14 bytes)
2846 4999       3       Many::m1843 (14 bytes)   made not entrant: not used
2847 5001       3       Many::m1844 (14 bytes)
2847 5002       4       Many::m1844 (14 bytes)
2847 5001       3       Many::m1844 (14 bytes)   made not entrant: not used
2848 5003       3       Many::m1845 (14 bytes)
2848 5004       4       Many::m1845 (14 bytes)
2848 5003       3       Many::m1845 (14 bytes)   made not entrant: not used
2850 5005       3       Many::m1846 (14 bytes)
2850 5006       4       Many::m1846 (14 bytes)
2850 5005       3       Many::m1846 (14 bytes)   made not entrant: not used
2851 5007       3       Many::m1847 (14 bytes)
2851 5008       4       Many::m1847 (14 bytes)
2851 5007       3       Many::m1847 (14 bytes)   made not entrant: not used
2852 5009       3       Many::m1848 (14 bytes)
2853 5010       4       Many::m1848 (14 bytes)
2853 5009       3       Many::m1848 (14 bytes)   made not entrant: not used
2854 5011       3       Many::m1849 (14 bytes)
2854 5012       4       Many::m1849 (14 bytes)
2854 5011       3       Many::m1849 (14 bytes)   made not entrant: not used
2855 5013       3       Many::m1850 (14 bytes)
2855 5014       4       Many::m1850 (14 bytes)
2856 5013       3       Many::m1850 (14 bytes)   made not entrant: not used
2857 5015       3       Many::m1851 (14 bytes)
2857 5016       4       Many::m1851 (14 bytes)
2857 5015       3       Many::m1851 (14 bytes)   made not entrant: not used
2858 5017       3       Many::m1852 (14 bytes)
2858 5018       4       Many::m1852 (14 bytes)
2858 5017       3       Many::m1852 (14 bytes)   made not entrant: not used
2860 5019       3       Many::m1853 (14 bytes)
2860 5020       4       Many::m1853 (14 bytes)
2860 5019       3       Many::m1853 (14 bytes)   made not entrant: not used
2861 5021       3       Many::m1854 (14 bytes)
2861 5022       4       Many::m1854 (14 bytes)
2861 5021       3       Many::m1854 (14 bytes)   made not entrant: not used
2862 5023       3       Many::m1855 (14 bytes)
2863 5024       4       Many::m1855 (14 bytes)
2863 5023       3       Many::m1855 (14 bytes)   made not entrant: not used
2864 5025       3       Many::m1856 (14 bytes)
2864 5026       4       Many::m1856 (14 bytes)
2864 5025       3       Many::m1856 (14 bytes)   made not entrant: not used
2865 5027       3       Many::m1857 (14 bytes)
2865 5028       4       Many::m1857 (14 bytes)
2866 5027       3       Many::m1857 (14 bytes)   made not entrant: not used
2867 5029       3       Many::m1858 (14 bytes)
2867 5030       4       Many::m1858 (14 bytes)
2867 5029       3       Many::m1858 (14 bytes)   made not entrant: not used
2868 5031       3       Many::m1859 (14 bytes)
2868 5032       4       Many::m1859 (14 bytes)
2868 5031       3       Many::m1859 (14 bytes)   made not entrant: not used
2870 5033       3       Many::m1860 (14 bytes)
2870 5034       4       Many::m1860 (14 bytes)
2870 5033       3       Many::m1860 (14 bytes)   made not entrant: not used
2871 5035       3       Many::m1861 (14 bytes)
2871 5036       4       Many::m1861 (14 bytes)
2871 5035       3       Many::m1861 (14 bytes)   made not entrant: not used
2872 5037       3       Many::m1862 (14 bytes)
2872 5038       4       Many::m1862 (14 bytes)
2873 5037       3       Many::m1862 (14 bytes)   made not entrant: not used
2874 5039       3       Many::m1863 (14 bytes)
2874 5040       4       Many::m1863 (14 bytes)
2874 5039       3       Many::m1863 (14 bytes)   made not entrant: not used
2875 5041       3       Many::m1864 (14 bytes)
2875 5042       4       Many::m1864 (14 bytes)
2875 5041       3       Many::m1864 (14 bytes)   made not entrant: not used
2877 5043       3       Many::m1865 (14 bytes)
2877 5044       4       Many::m1865 (14 bytes)
2877 5043       3       Many::m1865 (14 bytes)   made not entrant: not used
2878 5045       3       Many::m1866 (14 bytes)
2878 5046       4       Many::m1866 (14 bytes)
2878 5045       3       Many::m1866 (14 bytes)   made not entrant: not used
2880 5047       3       Many::m1867 (14 bytes)
2880 5048       4       Many::m1867 (14 bytes)
2880 5047       3       Many::m1867 (14 bytes)   made not entrant: not used
2881 5049       3       Many::m1868 (14 bytes)
2881 5050       4       Many::m1868 (14 bytes)
2881 5049       3       Many::m1868 (14 bytes)   made not entrant: not used
2882 5051       3       Many::m1869 (14 bytes)
2883 5052       4       Many::m1869 (14 bytes)
2883 5051       3       Many::m1869 (14 bytes)   made not entrant: not used
2884 5053       3       Many::m1870 (14 bytes)
2884 5054       4       Many::m1870 (14 bytes)
2884 5053       3       Many::m1870 (14 bytes)   made not entrant: not used
2885 5055       3       Many::m1871 (14 bytes)
2885 5056       4       Many::m1871 (14 bytes)
2885 5055       3       Many::m1871 (14 bytes)   made not entrant: not used
2887 5057       3       Many::m1872 (14 bytes)
2887 5058       4       Many::m1872 (14 bytes)
2887 5057       3       Many::m1872 (14 bytes)   made not entrant: not used
2888 5059       3       Many::m1873 (14 bytes)
2888 5060       4       Many::m1873 (14 bytes)
2888 5059       3       Many::m1873 (14 bytes)   made not entrant: not used
2890 5061       3       Many::m1874 (14 bytes)
2890 5062       4       Many::m1874 (14 bytes)
2890 5061       3       Many::m1874 (14 bytes)   made not entrant: not used
2891 5063       3       Many::m1875 (14 bytes)
2891 5064       4       Many::m1875 (14 bytes)
2891 5063       3       Many::m1875 (14 bytes)   made not entrant: not used
2892 5065       3       Many::m1876 (14 bytes)
2892 5066       4       Many::m1876 (14 bytes)
2893 5065       3       Many::m1876 (14 bytes)   made not entrant: not used
2894 5067       3       Many::m1877 (14 bytes)
2894 5068       4       Many::m1877 (14 bytes)
2894 5067       3       Many::m1877 (14 bytes)   made not entrant: not used
2895 5069       3       Many::m1878 (14 bytes)
2895 5070       4       Many::m1878 (14 bytes)
2895 5069       3       Many::m1878 (14 bytes)   made not entrant: not used
2897 5071       3       Many::m1879 (14 bytes)
2897 5072       4       Many::m1879 (14 bytes)
2897 5071       3       Many::m1879 (14 bytes)   made not entrant: not used
2898 5073       3       Many::m1880 (14 bytes)
2898 5074       4       Many::m1880 (14 bytes)
2898 5073       3       Many::m1880 (14 bytes)   made not entrant: not used
2900 5075       3       Many::m1881 (14 bytes)
2900 5076       4       Many::m1881 (14 bytes)
2900 5075       3       Many::m1881 (14 bytes)   made not entrant: not used
2901 5077       3       Many::m1882 (14 bytes)
2901 5078       4       Many::m1882 (14 bytes)
2901 5077       3       Many::m1882 (14 bytes)   made not entrant: not used
2902 5079       3       Many::m1883 (14 bytes)
2902 5080       4       Many::m1883 (14 bytes)
2903 5079       3       Many::m1883 (14 bytes)   made not entrant: not used
2904 5081       3       Many::m1884 (14 bytes)
2904 5082       4       Many::m1884 (14 bytes)
2904 5081       3       Many::m1884 (14 bytes)   made not entrant: not used
2905 5083       3       Many::m1885 (14 bytes)
2905 5084       4       Many::m1885 (14 bytes)
2905 5083       3       Many::m1885 (14 bytes)   made not entrant: not used
2907 5085       3       Many::m1886 (14 bytes)
2907 5086       4       Many::m1886 (14 bytes)
2907 5085       3       Many::m1886 (14 bytes)   made not entrant: not used
2908 5087       3       Many::m1887 (14 bytes)
2908 5088       4       Many::m1887 (14 bytes)
2908 5087       3       Many::m1887 (14 bytes)   made not entrant: not used
2909 5089       3       Many::m1888 (14 bytes)
2910 5090       4       Many::m1888 (14 bytes)
2910 5089       3       Many::m1888 (14 bytes)   made not entrant: not used
2911 5091       3       Many::m1889 (14 bytes)
2911 5092       4       Many::m1889 (14 bytes)
2911 5091       3       Many::m1889 (14 bytes)   made not entrant: not used
2912 5093       3       Many::m1890 (14 bytes)
2912 5094       4       Many::m1890 (14 bytes)
2912 5093       3       Many::m1890 (14 bytes)   made not entrant: not used
2914 5095       3       Many::m1891 (14 bytes)
2914 5096       4       Many::m1891 (14 bytes)
2914 5095       3       Many::m1891 (14 bytes)   made not entrant: not used
2915 5097       3       Many::m1892 (14 bytes)
2915 5098       4       Many::m1892 (14 bytes)
2915 5097       3       Many::m1892 (14 bytes)   made not entrant: not used
2917 5099       3       Many::m1893 (14 bytes)
2917 5100       4       Many::m1893 (14 bytes)
2917 5099       3       Many::m1893 (14 bytes)   made not entrant: not used
2918 5101       3       Many::m1894 (14 bytes)
2918 5102       4       Many::m1894 (14 bytes)
2918 5101       3       Many::m1894 (14 bytes)   made not entrant: not used
2919 5103       3       Many::m1895 (14 bytes)
2920 5104       4       Many::m1895 (14 bytes)
2920 5103       3       Many::m1895 (14 bytes)   made not entrant: not used
2921 5105       3       Many::m1896 (14 bytes)
2921 5106       4       Many::m1896 (14 bytes)
2921 5105       3       Many::m1896 (14 bytes)   made not entrant: not used
2922 5107       3       Many::m1897 (14 bytes)
2922 5108       4       Many::m1897 (14 bytes)
2922 5107       3       Many::m1897 (14 bytes)   made not entrant: not used
2924 5109       3       Many::m1898 (14 bytes)
2924 5110       4       Many::m1898 (14 bytes)
2924 5109       3       Many::m1898 (14 bytes)   made not entrant: not used
2925 5111       3       Many::m1899 (14 bytes)
2925 5112       4       Many::m1899 (14 bytes)
2925 5111       3       Many::m1899 (14 bytes)   made not entrant: not used
2927 5113       3       Many::m1900 (14 bytes)
2927 5114       4       Many::m1900 (14 bytes)
2927 5113       3       Many::m1900 (14 bytes)   made not entrant: not used
2928 5115       3       Many::m1901 (14 bytes)
2928 5116       4       Many::m1901 (14 bytes)
2928 5115       3       Many::m1901 (14 bytes)   made not entrant: not used
2929 5117       3       Many::m1902 (14 bytes)
2929 5118       4       Many::m1902 (14 bytes)
2930 5117       3       Many::m1902 (14 bytes)   made not entrant: not used
2931 5119       3       Many::m1903 (14 bytes)
2931 5120       4       Many::m1903 (14 bytes)
2931 5119       3       Many::m1903 (14 bytes)   made not entrant: not used
2932 5121       3       Many::m1904 (14 bytes)
2933 5122       4       Many::m1904 (14 bytes)
2933 5121       3       Many::m1904 (14 bytes)   made not entrant: not used
2934 5123       3       Many::m1905 (14 bytes)
2934 5124       4       Many::m1905 (14 bytes)
2934 5123       3       Many::m1905 (14 bytes)   made not entrant: not used
2935 5125       3       Many::m1906 (14 bytes)
2935 5126       4       Many::m1906 (14 bytes)
2935 5125       3       Many::m1906 (14 bytes)   made not entrant: not used
2937 5127       3       Many::m1907 (14 bytes)
2937 5128       4       Many::m1907 (14 bytes)
2937 5127       3       Many::m1907 (14 bytes)   made not entrant: not used
2938 5129       3       Many::m1908 (14 bytes)
2938 5130       4       Many::m1908 (14 bytes)
2938 5129       3       Many::m1908 (14 bytes)   made not entrant: not used
2940 5131       3       Many::m1909 (14 bytes)
2940 5132       4       Many::m1909 (14 bytes)
2940 5131       3       Many::m1909 (14 bytes)   made not entrant: not used
2941 5133       3       Many::m1910 (14 bytes)
2941 5134       4       Many::m1910 (14 bytes)
2941 5133       3       Many::m1910 (14 bytes)   made not entrant: not used
2942 5135       3       Many::m1911 (14 bytes)
2942 5136       4       Many::m1911 (14 bytes)
2943 5135       3       Many::m1911 (14 bytes)   made not entrant: not used
2944 5137       3       Many::m1912 (14 bytes)
2944 5138       4       Many::m1912 (14 bytes)
2944 5137       3       Many::m1912 (14 bytes)   made not entrant: not used
2945 5139       3       Many::m1913 (14 bytes)
2945 5140       4       Many::m1913 (14 bytes)
2945 5139       3       Many::m1913 (14 bytes)   made not entrant: not used
2947 5141       3       Many::m1914 (14 bytes)
2947 5142       4       Many::m1914 (14 bytes)
2947 5141       3       Many::m1914 (14 bytes)   made not entrant: not used
2948 5143       3       Many::m1915 (14 bytes)
2948 5144       4       Many::m1915 (14 bytes)
2948 5143       3       Many::m1915 (14 bytes)   made not entrant: not used
2950 5145       3       Many::m1916 (14 bytes)
2950 5146       4       Many::m1916 (14 bytes)
2950 5145       3       Many::m1916 (14 bytes)   made not entrant: not used
2951 5147       3       Many::m1917 (14 bytes)
2951 5148       4       Many::m1917 (14 bytes)
2951 5147       3       Many::m1917 (14 bytes)   made not entrant: not used
2952 5149       3       Many::m1918 (14 bytes)
2952 5150       4       Many::m1918 (14 bytes)
2953 5149       3       Many::m1918 (14 bytes)   made not entrant: not used
2954 5151       3       Many::m1919 (14 bytes)
2954 5152       4       Many::m1919 (14 bytes)
2954 5151       3       Many::m1919 (14 bytes)   made not entrant: not used
2955 5153       3       Many::m1920 (14 bytes)
2955 5154       4       Many::m1920 (14 bytes)
2955 5153       3       Many::m1920 (14 bytes)   made not entrant: not used
2957 5155       3       Many::m1921 (14 bytes)
2957 5156       4       Many::m1921 (14 bytes)
2957 5155       3       Many::m1921 (14 bytes)   made not entrant: not used
2958 5157       3       Many::m1922 (14 bytes)
2958 5158       4       Many::m1922 (14 bytes)
2958 5157       3       Many::m1922 (14 bytes)   made not entrant: not used
2959 5159       3       Many::m1923 (14 bytes)
2960 5160       4       Many::m1923 (14 bytes)
2960 5159       3       Many::m1923 (14 bytes)   made not entrant: not used
2961 5161       3       Many::m1924 (14 bytes)
2961 5162       4       Many::m1924 (14 bytes)
2961 5161       3       Many::m1924 (14 bytes)   made not entrant: not used
2962 5163       3       Many::m1925 (14 bytes)
2962 5164       4       Many::m1925 (14 bytes)
2962 5163       3       Many::m1925 (14 bytes)   made not entrant: not used
2964 5165       3       Many::m1926 (14 bytes)
2964 5166       4       Many::m1926 (14 bytes)
2964 5165       3       Many::m1926 (14 bytes)   made not entrant: not used
2965 5167       3       Many::m1927 (14 bytes)
2965 5168       4       Many::m1927 (14 bytes)
2965 5167       3       Many::m1927 (14 bytes)   made not entrant: not used
2967 5169       3       Many::m1928 (14 bytes)
2967 5170       4       Many::m1928 (14 bytes)
2967 5169       3       Many::m1928 (14 bytes)   made not entrant: not used
2968 5171       3       Many::m1929 (14 bytes)
2968 5172       4       Many::m1929 (14 bytes)
2968 5171       3       Many::m1929 (14 bytes)   made not entrant: not used
2969 5173       3       Many::m1930 (14 bytes)
2970 5174       4       Many::m1930 (14 bytes)
2970 5173       3       Many::m1930 (14 bytes)   made not entrant: not used
2971 5175       3       Many::m1931 (14 bytes)
2971 5176       4       Many::m1931 (14 bytes)
2971 5175       3       Many::m1931 (14 bytes)   made not entrant: not used
2972 5177       3       Many::m1932 (14 bytes)
2972 5178       4       Many::m1932 (14 bytes)
2972 5177       3       Many::m1932 (14 bytes)   made not entrant: not used
2974 5179       3       Many::m1933 (14 bytes)
2974 5180       4       Many::m1933 (14 bytes)
2974 5179       3       Many::m1933 (14 bytes)   made not entrant: not used
2975 5181       3       Many::m1934 (14 bytes)
2975 5182       4       Many::m1934 (14 bytes)
2975 5181       3       Many::m1934 (14 bytes)   made not entrant: not used
2977 5183       3       Many::m1935 (14 bytes)
2977 5184       4       Many::m1935 (14 bytes)
2977 5183       3       Many::m1935 (14 bytes)   made not entrant: not used
2978 5185       3       Many::m1936 (14 bytes)
2978 5186       4       Many::m1936 (14 bytes)
2978 5185       3       Many::m1936 (14 bytes)   made not entrant: not used
2979 5187       3       Many::m1937 (14 bytes)
2979 5188       4       Many::m1937 (14 bytes)
2980 5187       3       Many::m1937 (14 bytes)   made not entrant: not used
2981 5189       3       Many::m1938 (14 bytes)
2981 5190       4       Many::m1938 (14 bytes)
2981 5189       3       Many::m1938 (14 bytes)   made not entrant: not used
2982 5191       3       Many::m1939 (14 bytes)
2982 5192       4       Many::m1939 (14 bytes)
2982 5191       3       Many::m1939 (14 bytes)   made not entrant: not used
2984 5193       3       Many::m1940 (14 bytes)
2984 5194       4       Many::m1940 (14 bytes)
2984 5193       3       Many::m1940 (14 bytes)   made not entrant: not used
2985 5195       3       Many::m1941 (14 bytes)
2985 5196       4       Many::m1941 (14 bytes)
2985 5195       3       Many::m1941 (14 bytes)   made not entrant: not used
2986 5197       3       Many::m1942 (14 bytes)
2987 5198       4       Many::m1942 (14 bytes)
2987 5197       3       Many::m1942 (14 bytes)   made not entrant: not used
2988 5199       3       Many::m1943 (14 bytes)
2988 5200       4       Many::m1943 (14 bytes)
2988 5199       3       Many::m1943 (14 bytes)   made not entrant: not used
2989 5201       3       Many::m1944 (14 bytes)
2989 5202       4       Many::m1944 (14 bytes)
2990 5201       3       Many::m1944 (14 bytes)   made not entrant: not used
2991 5203       3       Many::m1945 (14 bytes)
2991 5204       4       Many::m1945 (14 bytes)
2991 5203       3       Many::m1945 (14 bytes)   made not entrant: not used
2992 5205       3       Many::m1946 (14 bytes)
2992 5206       4       Many::m1946 (14 bytes)
2992 5205       3       Many::m1946 (14 bytes)   made not entrant: not used
2994 5207       3       Many::m1947 (14 bytes)
2994 5208       4       Many::m1947 (14 bytes)
2994 5207       3       Many::m1947 (14 bytes)   made not entrant: not used
2995 5209       3       Many::m1948 (14 bytes)
2995 5210       4       Many::m1948 (14 bytes)
2995 5209       3       Many::m1948 (14 bytes)   made not entrant: not used
2997 5211       3       Many::m1949 (14 bytes)
2997 5212       4       Many::m1949 (14 bytes)
2997 5211       3       Many::m1949 (14 bytes)   made not entrant: not used
2998 5213       3       Many::m1950 (14 bytes)
2998 5214       4       Many::m1950 (14 bytes)
2998 5213       3       Many::m1950 (14 bytes)   made not entrant: not used
2999 5215       3       Many::m1951 (14 bytes)
2999 5216       4       Many::m1951 (14 bytes)
3000 5215       3       Many::m1951 (14 bytes)   made not entrant: not used
3001 5217       3       Many::m1952 (14 bytes)
3001 5218       4       Many::m1952 (14 bytes)
3001 5217       3       Many::m1952 (14 bytes)   made not entrant: not used
3002 5219       3       Many::m1953 (14 bytes)
3002 5220       4       Many::m1953 (14 bytes)
3002 5219       3       Many::m1953 (14 bytes)   made not entrant: not used
3004 5221       3       Many::m1954 (14 bytes)
3004 5222       4       Many::m1954 (14 bytes)
3004 5221       3       Many::m1954 (14 bytes)   made not entrant: not used
3005 5223       3       Many::m1955 (14 bytes)
3005 5224       4       Many::m1955 (14 bytes)
3005 5223       3       Many::m1955 (14 bytes)   made not entrant: not used
3007 5225       3       Many::m1956 (14 bytes)
3007 5226       4       Many::m1956 (14 bytes)
3007 5225       3       Many::m1956 (14 bytes)   made not entrant: not used
3008 5227       3       Many::m1957 (14 bytes)
3008 5228       4       Many::m1957 (14 bytes)
3008 5227       3       Many::m1957 (14 bytes)   made not entrant: not used
3009 5229       3       Many::m1958 (14 bytes)
3009 5230       4       Many::m1958 (14 bytes)
3010 5229       3       Many::m1958 (14 bytes)   made not entrant: not used
3011 5231       3       Many::m1959 (14 bytes)
3011 5232       4       Many::m1959 (14 bytes)
3011 5231       3       Many::m1959 (14 bytes)   made not entrant: not used
3012 5233       3       Many::m1960 (14 bytes)
3012 5234       4       Many::m1960 (14 bytes)
3012 5233       3       Many::m1960 (14 bytes)   made not entrant: not used
3014 5235       3       Many::m1961 (14 bytes)
3014 5236       4       Many::m1961 (14 bytes)
3014 5235       3       Many::m1961 (14 bytes)   made not entrant: not used
3015 5237       3       Many::m1962 (14 bytes)
3015 5238       4       Many::m1962 (14 bytes)
3015 5237       3       Many::m1962 (14 bytes)   made not entrant: not used
3017 5239       3       Many::m1963 (14 bytes)
3017 5240       4       Many::m1963 (14 bytes)
3017 5239       3       Many::m1963 (14 bytes)   made not entrant: not used
3018 5241       3       Many::m1964 (14 bytes)
3018 5242       4       Many::m1964 (14 bytes)
3018 5241       3       Many::m1964 (14 bytes)   made not entrant: not used
3019 5243       3       Many::m1965 (14 bytes)
3020 5244       4       Many::m1965 (14 bytes)
3020 5243       3       Many::m1965 (14 bytes)   made not entrant: not used
3021 5245       3       Many::m1966 (14 bytes)
3021 5246       4       Many::m1966 (14 bytes)
3021 5245       3       Many::m1966 (14 bytes)   made not entrant: not used
3022 5247       3       Many::m1967 (14 bytes)
3022 5248       4       Many::m1967 (14 bytes)
3022 5247       3       Many::m1967 (14 bytes)   made not entrant: not used
3024 5249       3       Many::m1968 (14 bytes)
3024 5250       4       Many::m1968 (14 bytes)
3024 5249       3       Many::m1968 (14 bytes)   made not entrant: not used
3025 5251       3       Many::m1969 (14 bytes)
3025 5252       4       Many::m1969 (14 bytes)
3025 5251       3       Many::m1969 (14 bytes)   made not entrant: not used
3026 5253       3       Many::m1970 (14 bytes)
3027 5254       4       Many::m1970 (14 bytes)
3027 5253       3       Many::m1970 (14 bytes)   made not entrant: not used
3028 5255       3       Many::m1971 (14 bytes)
3028 5256       4       Many::m1971 (14 bytes)
3028 5255       3       Many::m1971 (14 bytes)   made not entrant: not used
3029 5257       3       Many::m1972 (14 bytes)
3029 5258       4       Many::m1972 (14 bytes)
3029 5257       3       Many::m1972 (14 bytes)   made not entrant: not used
3031 5259       3       Many::m1973 (14 bytes)
3031 5260       4       Many::m1973 (14 bytes)
3031 5259       3       Many::m1973 (14 bytes)   made not entrant: not used
3032 5261       3       Many::m1974 (14 bytes)
3032 5262       4       Many::m1974 (14 bytes)
3032 5261       3       Many::m1974 (14 bytes)   made not entrant: not used
3034 5263       3       Many::m1975 (14 bytes)
3034 5264       4       Many::m1975 (14 bytes)
3034 5263       3       Many::m1975 (14 bytes)   made not entrant: not used
3035 5265       3       Many::m1976 (14 bytes)
3035 5266       4       Many::m1976 (14 bytes)
3035 5265       3       Many::m1976 (14 bytes)   made not entrant: not used
3036 5267       3       Many::m1977 (14 bytes)
3037 5268       4       Many::m1977 (14 bytes)
3037 5267       3       Many::m1977 (14 bytes)   made not entrant: not used
3038 5269       3       Many::m1978 (14 bytes)
3038 5270       4       Many::m1978 (14 bytes)
3038 5269       3       Many::m1978 (14 bytes)   made not entrant: not used
3039 5271       3       Many::m1979 (14 bytes)
3039 5272       4       Many::m1979 (14 bytes)
3039 5271       3       Many::m1979 (14 bytes)   made not entrant: not used
3041 5273       3       Many::m1980 (14 bytes)
3041 5274       4       Many::m1980 (14 bytes)
3041 5273       3       Many::m1980 (14 bytes)   made not entrant: not used
3042 5275       3       Many::m1981 (14 bytes)
3042 5276       4       Many::m1981 (14 bytes)
3042 5275       3       Many::m1981 (14 bytes)   made not entrant: not used
3044 5277       3       Many::m1982 (14 bytes)
3044 5278       4       Many::m1982 (14 bytes)
3044 5277       3       Many::m1982 (14 bytes)   made not entrant: not used
3045 5279       3       Many::m1983 (14 bytes)
3045 5280       4       Many::m1983 (14 bytes)
3045 5279       3       Many::m1983 (14 bytes)   made not entrant: not used
3046 5281       3       Many::m1984 (14 bytes)
3047 5282       4       Many::m1984 (14 bytes)
3047 5281       3       Many::m1984 (14 bytes)   made not entrant: not used
3048 5283       3       Many::m1985 (14 bytes)
3048 5284       4       Many::m1985 (14 bytes)
3048 5283       3       Many::m1985 (14 bytes)   made not entrant: not used
3049 5285       3       Many::m1986 (14 bytes)
3049 5286       4       Many::m1986 (14 bytes)
3049 5285       3       Many::m1986 (14 bytes)   made not entrant: not used
3051 5287       3       Many::m1987 (14 bytes)
3051 5288       4       Many::m1987 (14 bytes)
3051 5287       3       Many::m1987 (14 bytes)   made not entrant: not used
3052 5289       3       Many::m1988 (14 bytes)
3052 5290       4       Many::m1988 (14 bytes)
3052 5289       3       Many::m1988 (14 bytes)   made not entrant: not used
3053 5291       3       Many::m1989 (14 bytes)
3054 5292       4       Many::m1989 (14 bytes)
3054 5291       3       Many::m1989 (14 bytes)   made not entrant: not used
3055 5293       3       Many::m1990 (14 bytes)
3055 5294       4       Many::m1990 (14 bytes)
3055 5293       3       Many::m1990 (14 bytes)   made not entrant: not used
3056 5295       3       Many::m1991 (14 bytes)
3056 5296       4       Many::m1991 (14 bytes)
3057 5295       3       Many::m1991 (14 bytes)   made not entrant: not used
3058 5297       3       Many::m1992 (14 bytes)
3058 5298       4       Many::m1992 (14 bytes)
3058 5297       3       Many::m1992 (14 bytes)   made not entrant: not used
3059 5299       3       Many::m1993 (14 bytes)
3059 5300       4       Many::m1993 (14 bytes)
3059 5299       3       Many::m1993 (14 bytes)   made not entrant: not used
3061 5301       3       Many::m1994 (14 bytes)
3061 5302       4       Many::m1994 (14 bytes)
3061 5301       3       Many::m1994 (14 bytes)   made not entrant: not used
3062 5303       3       Many::m1995 (14 bytes)
3062 5304       4       Many::m1995 (14 bytes)
3062 5303       3       Many::m1995 (14 bytes)   made not entrant: not used
3063 5305       3       Many::m1996 (14 bytes)
3064 5306       4       Many::m1996 (14 bytes)
3064 5305       3       Many::m1996 (14 bytes)   made not entrant: not used
3065 5307       3       Many::m1997 (14 bytes)
3065 5308       4       Many::m1997 (14 bytes)
3065 5307       3       Many::m1997 (14 bytes)   made not entrant: not used
3066 5309       3       Many::m1998 (14 bytes)
3066 5310       4       Many::m1998 (14 bytes)
3067 5309       3       Many::m1998 (14 bytes)   made not entrant: not used
3068 5311       3       Many::m1999 (14 bytes)
3068 5312       4       Many::m1999 (14 bytes)
3068 5311       3       Many::m1999 (14 bytes)   made not entrant: not used
3069 5313       3       Many::m2000 (14 bytes)
3069 5314       4       Many::m2000 (14 bytes)
3069 5313       3       Many::m2000 (14 bytes)   made not entrant: not used
3071 5315       3       Many::m2001 (14 bytes)
3071 5316       4       Many::m2001 (14 bytes)
3071 5315       3       Many::m2001 (14 bytes)   made not entrant: not used
3072 5317       3       Many::m2002 (14 bytes)
3072 5318       4       Many::m2002 (14 bytes)
3072 5317       3       Many::m2002 (14 bytes)   made not entrant: not used
3073 5319       3       Many::m2003 (14 bytes)
3074 5320       4       Many::m2003 (14 bytes)
3074 5319       3       Many::m2003 (14 bytes)   made not entrant: not used
3075 5321       3       Many::m2004 (14 bytes)
3075 5322       4       Many::m2004 (14 bytes)
3075 5321       3       Many::m2004 (14 bytes)   made not entrant: not used
3076 5323       3       Many::m2005 (14 bytes)
3076 5324       4       Many::m2005 (14 bytes)
3076 5323       3       Many::m2005 (14 bytes)   made not entrant: not used
3078 5325       3       Many::m2006 (14 bytes)
3078 5326       4       Many::m2006 (14 bytes)
3078 5325       3       Many::m2006 (14 bytes)   made not entrant: not used
3079 5327       3       Many::m2007 (14 bytes)
3079 5328       4       Many::m2007 (14 bytes)
3079 5327       3       Many::m2007 (14 bytes)   made not entrant: not used
3081 5329       3       Many::m2008 (14 bytes)
3081 5330       4       Many::m2008 (14 bytes)
3081 5329       3       Many::m2008 (14 bytes)   made not entrant: not used
3082 5331       3       Many::m2009 (14 bytes)
3082 5332       4       Many::m2009 (14 bytes)
3082 5331       3       Many::m2009 (14 bytes)   made not entrant: not used
3083 5333       3       Many::m2010 (14 bytes)
3084 5334       4       Many::m2010 (14 bytes)
3084 5333       3       Many::m2010 (14 bytes)   made not entrant: not used
3085 5335       3       Many::m2011 (14 bytes)
3085 5336       4       Many::m2011 (14 bytes)
3085 5335       3       Many::m2011 (14 bytes)   made not entrant: not used
3086 5337       3       Many::m2012 (14 bytes)
3086 5338       4       Many::m2012 (14 bytes)
3086 5337       3       Many::m2012 (14 bytes)   made not entrant: not used
3088 5339       3       Many::m2013 (14 bytes)
3088 5340       4       Many::m2013 (14 bytes)
3088 5339       3       Many::m2013 (14 bytes)   made not entrant: not used
3089 5341       3       Many::m2014 (14 bytes)
3089 5342       4       Many::m2014 (14 bytes)
3089 5341       3       Many::m2014 (14 bytes)   made not entrant: not used
3090 5343       3       Many::m2015 (14 bytes)
3091 5344       4       Many::m2015 (14 bytes)
3091 5343       3       Many::m2015 (14 bytes)   made not entrant: not used
3092 5345       3       Many::m2016 (14 bytes)
3092 5346       4       Many::m2016 (14 bytes)
3092 5345       3       Many::m2016 (14 bytes)   made not entrant: not used
3093 5347       3       Many::m2017 (14 bytes)
3093 5348       4       Many::m2017 (14 bytes)
3093 5347       3       Many::m2017 (14 bytes)   made not entrant: not used
3095 5349       3       Many::m2018 (14 bytes)
3095 5350       4       Many::m2018 (14 bytes)
3095 5349       3       Many::m2018 (14 bytes)   made not entrant: not used
3096 5351       3       Many::m2019 (14 bytes)
3096 5352       4       Many::m2019 (14 bytes)
3096 5351       3       Many::m2019 (14 bytes)   made not entrant: not used
3098 5353       3       Many::m2020 (14 bytes)
3098 5354       4       Many::m2020 (14 bytes)
3098 5353       3       Many::m2020 (14 bytes)   made not entrant: not used
3099 5355       3       Many::m2021 (14 bytes)
3099 5356       4       Many::m2021 (14 bytes)
3099 5355       3       Many::m2021 (14 bytes)   made not entrant: not used
3101 5357       3       Many::m2022 (14 bytes)
3101 5358       4       Many::m2022 (14 bytes)
3101 5357       3       Many::m2022 (14 bytes)   made not entrant: not used
3102 5359       3       Many::m2023 (14 bytes)
3102 5360       4       Many::m2023 (14 bytes)
3102 5359       3       Many::m2023 (14 bytes)   made not entrant: not used
3103 5361       3       Many::m2024 (14 bytes)
3103 5362       4       Many::m2024 (14 bytes)
3103 5361       3       Many::m2024 (14 bytes)   made not entrant: not used
3105 5363       3       Many::m2025 (14 bytes)
3105 5364       4       Many::m2025 (14 bytes)
3105 5363       3       Many::m2025 (14 bytes)   made not entrant: not used
3106 5365       3       Many::m2026 (14 bytes)
3106 5366       4       Many::m2026 (14 bytes)
3106 5365       3       Many::m2026 (14 bytes)   made not entrant: not used
3108 5367       3       Many::m2027 (14 bytes)
3108 5368       4       Many::m2027 (14 bytes)
3108 5367       3       Many::m2027 (14 bytes)   made not entrant: not used
3109 5369       3       Many::m2028 (14 bytes)
3109 5370       4       Many::m2028 (14 bytes)
3109 5369       3       Many::m2028 (14 bytes)   made not entrant: not used
3110 5371       3       Many::m2029 (14 bytes)
3111 5372       4       Many::m2029 (14 bytes)
3111 5371       3       Many::m2029 (14 bytes)   made not entrant: not used
3112 5373       3       Many::m2030 (14 bytes)
3112 5374       4       Many::m2030 (14 bytes)
3112 5373       3       Many::m2030 (14 bytes)   made not entrant: not used
3113 5375       3       Many::m2031 (14 bytes)
3113 5376       4       Many::m2031 (14 bytes)
3114 5375       3       Many::m2031 (14 bytes)   made not entrant: not used
3115 5377       3       Many::m2032 (14 bytes)
3115 5378       4       Many::m2032 (14 bytes)
3115 5377       3       Many::m2032 (14 bytes)   made not entrant: not used
3116 5379       3       Many::m2033 (14 bytes)
3116 5380       4       Many::m2033 (14 bytes)
3116 5379       3       Many::m2033 (14 bytes)   made not entrant: not used
3118 5381       3       Many::m2034 (14 bytes)
3118 5382       4       Many::m2034 (14 bytes)
3118 5381       3       Many::m2034 (14 bytes)   made not entrant: not used
3119 5383       3       Many::m2035 (14 bytes)
3119 5384       4       Many::m2035 (14 bytes)
3119 5383       3       Many::m2035 (14 bytes)   made not entrant: not used
3120 5385       3       Many::m2036 (14 bytes)
3121 5386       4       Many::m2036 (14 bytes)
3121 5385       3       Many::m2036 (14 bytes)   made not entrant: not used
3122 5387       3       Many::m2037 (14 bytes)
3122 5388       4       Many::m2037 (14 bytes)
3122 5387       3       Many::m2037 (14 bytes)   made not entrant: not used
3123 5389       3       Many::m2038 (14 bytes)
3123 5390       4       Many::m2038 (14 bytes)
3123 5389       3       Many::m2038 (14 bytes)   made not entrant: not used
3125 5391       3       Many::m2039 (14 bytes)
3125 5392       4       Many::m2039 (14 bytes)
3125 5391       3       Many::m2039 (14 bytes)   made not entrant: not used
3126 5393       3       Many::m2040 (14 bytes)
3126 5394       4       Many::m2040 (14 bytes)
3126 5393       3       Many::m2040 (14 bytes)   made not entrant: not used
3127 5395       3       Many::m2041 (14 bytes)
3128 5396       4       Many::m2041 (14 bytes)
3128 5395       3       Many::m2041 (14 bytes)   made not entrant: not used
3129 5397       3       Many::m2042 (14 bytes)
3129 5398       4       Many::m2042 (14 bytes)
3129 5397       3       Many::m2042 (14 bytes)   made not entrant: not used
3130 5399       3       Many::m2043 (14 bytes)
3130 5400       4       Many::m2043 (14 bytes)
3131 5399       3       Many::m2043 (14 bytes)   made not entrant: not used
3132 5401       3       Many::m2044 (14 bytes)
3132 5402       4       Many::m2044 (14 bytes)
3132 5401       3       Many::m2044 (14 bytes)   made not entrant: not used
3133 5403       3       Many::m2045 (14 bytes)
3133 5404       4       Many::m2045 (14 bytes)
3133 5403       3       Many::m2045 (14 bytes)   made not entrant: not used
3135 5405       3       Many::m2046 (14 bytes)
3135 5406       4       Many::m2046 (14 bytes)
3135 5405       3       Many::m2046 (14 bytes)   made not entrant: not used
3136 5407       3       Many::m2047 (14 bytes)
3136 5408       4       Many::m2047 (14 bytes)
3136 5407       3       Many::m2047 (14 bytes)   made not entrant: not used
3138 5409       3       Many::m2048 (14 bytes)
3138 5410       4       Many::m2048 (14 bytes)
3138 5409       3       Many::m2048 (14 bytes)   made not entrant: not used
3139 5411       3       Many::m2049 (14 bytes)
3139 5412       4       Many::m2049 (14 bytes)
3139 5411       3       Many::m2049 (14 bytes)   made not entrant: not used
3140 5413       3       Many::m2050 (14 bytes)
3140 5414       4       Many::m2050 (14 bytes)
3141 5413       3       Many::m2050 (14 bytes)   made not entrant: not used
3142 5415       3       Many::m2051 (14 bytes)
3142 5416       4       Many::m2051 (14 bytes)
3142 5415       3       Many::m2051 (14 bytes)   made not entrant: not used
3143 5417       3       Many::m2052 (14 bytes)
3143 5418       4       Many::m2052 (14 bytes)
3143 5417       3       Many::m2052 (14 bytes)   made not entrant: not used
3145 5419       3       Many::m2053 (14 bytes)
3145 5420       4       Many::m2053 (14 bytes)
3145 5419       3       Many::m2053 (14 bytes)   made not entrant: not used
3146 5421       3       Many::m2054 (14 bytes)
3146 5422       4       Many::m2054 (14 bytes)
3146 5421       3       Many::m2054 (14 bytes)   made not entrant: not used
3147 5423       3       Many::m2055 (14 bytes)
3148 5424       4       Many::m2055 (14 bytes)
3148 5423       3       Many::m2055 (14 bytes)   made not entrant: not used
3149 5425       3       Many::m2056 (14 bytes)
3149 5426       4       Many::m2056 (14 bytes)
3149 5425       3       Many::m2056 (14 bytes)   made not entrant: not used
3150 5427       3       Many::m2057 (14 bytes)
3150 5428       4       Many::m2057 (14 bytes)
3150 5427       3       Many::m2057 (14 bytes)   made not entrant: not used
3152 5429       3       Many::m2058 (14 bytes)
3152 5430       4       Many::m2058 (14 bytes)
3152 5429       3       Many::m2058 (14 bytes)   made not entrant: not used
3153 5431       3       Many::m2059 (14 bytes)
3153 5432       4       Many::m2059 (14 bytes)
3153 5431       3       Many::m2059 (14 bytes)   made not entrant: not used
3155 5433       3       Many::m2060 (14 bytes)
3155 5434       4       Many::m2060 (14 bytes)
3155 5433       3       Many::m2060 (14 bytes)   made not entrant: not used
3156 5435       3       Many::m2061 (14 bytes)
3156 5436       4       Many::m2061 (14 bytes)
3156 5435       3       Many::m2061 (14 bytes)   made not entrant: not used
3157 5437       3       Many::m2062 (14 bytes)
3157 5438       4       Many::m2062 (14 bytes)
3158 5437       3       Many::m2062 (14 bytes)   made not entrant: not used
3159 5439       3       Many::m2063 (14 bytes)
3159 5440       4       Many::m2063 (14 bytes)
3159 5439       3       Many::m2063 (14 bytes)   made not entrant: not used
3160 5441       3       Many::m2064 (14 bytes)
3160 5442       4       Many::m2064 (14 bytes)
3160 5441       3       Many::m2064 (14 bytes)   made not entrant: not used
3162 5443       3       Many::m2065 (14 bytes)
3162 5444       4       Many::m2065 (14 bytes)
3162 5443       3       Many::m2065 (14 bytes)   made not entrant: not used
3163 5445       3       Many::m2066 (14 bytes)
3163 5446       4       Many::m2066 (14 bytes)
3163 5445       3       Many::m2066 (14 bytes)   made not entrant: not used
3164 5447       3       Many::m2067 (14 bytes)
3165 5448       4       Many::m2067 (14 bytes)
3165 5447       3       Many::m2067 (14 bytes)   made not entrant: not used
3166 5449       3       Many::m2068 (14 bytes)
3166 5450       4       Many::m2068 (14 bytes)
3166 5449       3       Many::m2068 (14 bytes)   made not entrant: not used
3167 5451       3       Many::m2069 (14 bytes)
3167 5452       4       Many::m2069 (14 bytes)
3168 5451       3       Many::m2069 (14 bytes)   made not entrant: not used
3169 5453       3       Many::m2070 (14 bytes)
3169 5454       4       Many::m2070 (14 bytes)
3169 5453       3       Many::m2070 (14 bytes)   made not entrant: not used
3170 5455       3       Many::m2071 (14 bytes)
3170 5456       4       Many::m2071 (14 bytes)
3170 5455       3       Many::m2071 (14 bytes)   made not entrant: not used
3172 5457       3       Many::m2072 (14 bytes)
3172 5458       4       Many::m2072 (14 bytes)
3172 5457       3       Many::m2072 (14 bytes)   made not entrant: not used
3173 5459       3       Many::m2073 (14 bytes)
3173 5460       4       Many::m2073 (14 bytes)
3173 5459       3       Many::m2073 (14 bytes)   made not entrant: not used
3174 5461       3       Many::m2074 (14 bytes)
3175 5462       4       Many::m2074 (14 bytes)
3175 5461       3       Many::m2074 (14 bytes)   made not entrant: not used
3176 5463       3       Many::m2075 (14 bytes)
3176 5464       4       Many::m2075 (14 bytes)
3176 5463       3       Many::m2075 (14 bytes)   made not entrant: not used
3177 5465       3       Many::m2076 (14 bytes)
3177 5466       4       Many::m2076 (14 bytes)
3177 5465       3       Many::m2076 (14 bytes)   made not entrant: not used
3179 5467       3       Many::m2077 (14 bytes)
3179 5468       4       Many::m2077 (14 bytes)
3179 5467       3       Many::m2077 (14 bytes)   made not entrant: not used
3180 5469       3       Many::m2078 (14 bytes)
3180 5470       4       Many::m2078 (14 bytes)
3180 5469       3       Many::m2078 (14 bytes)   made not entrant: not used
3182 5471       3       Many::m2079 (14 bytes)
3182 5472       4       Many::m2079 (14 bytes)
3182 5471       3       Many::m2079 (14 bytes)   made not entrant: not used
3183 5473       3       Many::m2080 (14 bytes)
3183 5474       4       Many::m2080 (14 bytes)
3183 5473       3       Many::m2080 (14 bytes)   made not entrant: not used
3184 5475       3       Many::m2081 (14 bytes)
3185 5476       4       Many::m2081 (14 bytes)
3185 5475       3       Many::m2081 (14 bytes)   made not entrant: not used
3186 5477       3       Many::m2082 (14 bytes)
3186 5478       4       Many::m2082 (14 bytes)
3186 5477       3       Many::m2082 (14 bytes)   made not entrant: not used
3187 5479       3       Many::m2083 (14 bytes)
3187 5480       4       Many::m2083 (14 bytes)
3187 5479       3       Many::m2083 (14 bytes)   made not entrant: not used
3189 5481       3       Many::m2084 (14 bytes)
3189 5482       4       Many::m2084 (14 bytes)
3189 5481       3       Many::m2084 (14 bytes)   made not entrant: not used
3190 5483       3       Many::m2085 (14 bytes)
3190 5484       4       Many::m2085 (14 bytes)
3190 5483       3       Many::m2085 (14 bytes)   made not entrant: not used
3192 5485       3       Many::m2086 (14 bytes)
3192 5486       4       Many::m2086 (14 bytes)
3192 5485       3       Many::m2086 (14 bytes)   made not entrant: not used
3193 5487       3       Many::m2087 (14 bytes)
3193 5488       4       Many::m2087 (14 bytes)
3193 5487       3       Many::m2087 (14 bytes)   made not entrant: not used
3194 5489       3       Many::m2088 (14 bytes)
3194 5490       4       Many::m2088 (14 bytes)
3195 5489       3       Many::m2088 (14 bytes)   made not entrant: not used
3196 5491       3       Many::m2089 (14 bytes)
3196 5492       4       Many::m2089 (14 bytes)
3196 5491       3       Many::m2089 (14 bytes)   made not entrant: not used
3198 5493       3       Many::m2090 (14 bytes)
3198 5494       4       Many::m2090 (14 bytes)
3198 5493       3       Many::m2090 (14 bytes)   made not entrant: not used
3199 5495       3       Many::m2091 (14 bytes)
3199 5496       4       Many::m2091 (14 bytes)
3199 5495       3       Many::m2091 (14 bytes)   made not entrant: not used
3200 5497       3       Many::m2092 (14 bytes)
3201 5498       4       Many::m2092 (14 bytes)
3201 5497       3       Many::m2092 (14 bytes)   made not entrant: not used
3202 5499       3       Many::m2093 (14 bytes)
3202 5500       4       Many::m2093 (14 bytes)
3202 5499       3       Many::m2093 (14 bytes)   made not entrant: not used
3203 5501       3       Many::m2094 (14 bytes)
3203 5502       4       Many::m2094 (14 bytes)
3204 5501       3       Many::m2094 (14 bytes)   made not entrant: not used
3205 5503       3       Many::m2095 (14 bytes)
3205 5504       4       Many::m2095 (14 bytes)
3205 5503       3       Many::m2095 (14 bytes)   made not entrant: not used
3206 5505       3       Many::m2096 (14 bytes)
3206 5506       4       Many::m2096 (14 bytes)
3206 5505       3       Many::m2096 (14 bytes)   made not entrant: not used
3208 5507       3       Many::m2097 (14 bytes)
3208 5508       4       Many::m2097 (14 bytes)
3208 5507       3       Many::m2097 (14 bytes)   made not entrant: not used
3209 5509       3       Many::m2098 (14 bytes)
3209 5510       4       Many::m2098 (14 bytes)
3209 5509       3       Many::m2098 (14 bytes)   made not entrant: not used
3210 5511       3       Many::m2099 (14 bytes)
3210 5512       4       Many::m2099 (14 bytes)
3211 5511       3       Many::m2099 (14 bytes)   made not entrant: not used
3212 5513       3       Many::m2100 (14 bytes)
3212 5514       4       Many::m2100 (14 bytes)
3212 5513       3       Many::m2100 (14 bytes)   made not entrant: not used
3213 5515       3       Many::m2101 (14 bytes)
3213 5516       4       Many::m2101 (14 bytes)
3213 5515       3       Many::m2101 (14 bytes)   made not entrant: not used
3215 5517       3       Many::m2102 (14 bytes)
3215 5518       4       Many::m2102 (14 bytes)
3215 5517       3       Many::m2102 (14 bytes)   made not entrant: not used
3216 5519       3       Many::m2103 (14 bytes)
3216 5520       4       Many::m2103 (14 bytes)
3216 5519       3       Many::m2103 (14 bytes)   made not entrant: not used
3218 5521       3       Many::m2104 (14 bytes)
3218 5522       4       Many::m2104 (14 bytes)
3218 5521       3       Many::m2104 (14 bytes)   made not entrant: not used
3219 5523       3       Many::m2105 (14 bytes)
3219 5524       4       Many::m2105 (14 bytes)
3219 5523       3       Many::m2105 (14 bytes)   made not entrant: not used
3220 5525       3       Many::m2106 (14 bytes)
3220 5526       4       Many::m2106 (14 bytes)
3221 5525       3       Many::m2106 (14 bytes)   made not entrant: not used
3222 5527       3       Many::m2107 (14 bytes)
3222 5528       4       Many::m2107 (14 bytes)
3222 5527       3       Many::m2107 (14 bytes)   made not entrant: not used
3223 5529       3       Many::m2108 (14 bytes)
3223 5530       4       Many::m2108 (14 bytes)
3223 5529       3       Many::m2108 (14 bytes)   made not entrant: not used
3225 5531       3       Many::m2109 (14 bytes)
3225 5532       4       Many::m2109 (14 bytes)
3225 5531       3       Many::m2109 (14 bytes)   made not entrant: not used
3226 5533       3       Many::m2110 (14 bytes)
3226 5534       4       Many::m2110 (14 bytes)
3226 5533       3       Many::m2110 (14 bytes)   made not entrant: not used
3227 5535       3       Many::m2111 (14 bytes)
3228 5536       4       Many::m2111 (14 bytes)
3228 5535       3       Many::m2111 (14 bytes)   made not entrant: not used
3229 5537       3       Many::m2112 (14 bytes)
3229 5538       4       Many::m2112 (14 bytes)
3229 5537       3       Many::m2112 (14 bytes)   made not entrant: not used
3230 5539       3       Many::m2113 (14 bytes)
3230 5540       4       Many::m2113 (14 bytes)
3231 5539       3       Many::m2113 (14 bytes)   made not entrant: not used
3232 5541       3       Many::m2114 (14 bytes)
3232 5542       4       Many::m2114 (14 bytes)
3232 5541       3       Many::m2114 (14 bytes)   made not entrant: not used
3233 5543       3       Many::m2115 (14 bytes)
3233 5544       4       Many::m2115 (14 bytes)
3233 5543       3       Many::m2115 (14 bytes)   made not entrant: not used
3235 5545       3       Many::m2116 (14 bytes)
3235 5546       4       Many::m2116 (14 bytes)
3235 5545       3       Many::m2116 (14 bytes)   made not entrant: not used
3236 5547       3       Many::m2117 (14 bytes)
3236 5548       4       Many::m2117 (14 bytes)
3236 5547       3       Many::m2117 (14 bytes)   made not entrant: not used
3237 5549       3       Many::m2118 (14 bytes)
3238 5550       4       Many::m2118 (14 bytes)
3238 5549       3       Many::m2118 (14 bytes)   made not entrant: not used
3239 5551       3       Many::m2119 (14 bytes)
3239 5552       4       Many::m2119 (14 bytes)
3239 5551       3       Many::m2119 (14 bytes)   made not entrant: not used
3240 5553       3       Many::m2120 (14 bytes)
3240 5554       4       Many::m2120 (14 bytes)
3240 5553       3       Many::m2120 (14 bytes)   made not entrant: not used
3242 5555       3       Many::m2121 (14 bytes)
3242 5556       4       Many::m2121 (14 bytes)
3242 5555       3       Many::m2121 (14 bytes)   made not entrant: not used
3243 5557       3       Many::m2122 (14 bytes)
3243 5558       4       Many::m2122 (14 bytes)
3243 5557       3       Many::m2122 (14 bytes)   made not entrant: not used
3245 5559       3       Many::m2123 (14 bytes)
3245 5560       4       Many::m2123 (14 bytes)
3245 5559       3       Many::m2123 (14 bytes)   made not entrant: not used
3246 5561       3       Many::m2124 (14 bytes)
3246 5562       4       Many::m2124 (14 bytes)
3246 5561       3       Many::m2124 (14 bytes)   made not entrant: not used
3247 5563       3       Many::m2125 (14 bytes)
3248 5564       4       Many::m2125 (14 bytes)
3248 5563       3       Many::m2125 (14 bytes)   made not entrant: not used
3249 5565       3       Many::m2126 (14 bytes)
3249 5566       4       Many::m2126 (14 bytes)
3249 5565       3       Many::m2126 (14 bytes)   made not entrant: not used
3250 5567       3       Many::m2127 (14 bytes)
3250 5568       4       Many::m2127 (14 bytes)
3250 5567       3       Many::m2127 (14 bytes)   made not entrant: not used
3252 5569       3       Many::m2128 (14 bytes)
3252 5570       4       Many::m2128 (14 bytes)
3252 5569       3       Many::m2128 (14 bytes)   made not entrant: not used
3253 5571       3       Many::m2129 (14 bytes)
3253 5572       4       Many::m2129 (14 bytes)
3253 5571       3       Many::m2129 (14 bytes)   made not entrant: not used
3255 5573       3       Many::m2130 (14 bytes)
3255 5574       4       Many::m2130 (14 bytes)
3255 5573       3       Many::m2130 (14 bytes)   made not entrant: not used
3256 5575       3       Many::m2131 (14 bytes)
3256 5576       4       Many::m2131 (14 bytes)
3256 5575       3       Many::m2131 (14 bytes)   made not entrant: not used
3257 5577       3       Many::m2132 (14 bytes)
3257 5578       4       Many::m2132 (14 bytes)
3258 5577       3       Many::m2132 (14 bytes)   made not entrant: not used
3259 5579       3       Many::m2133 (14 bytes)
3259 5580       4       Many::m2133 (14 bytes)
3259 5579       3       Many::m2133 (14 bytes)   made not entrant: not used
3260 5581       3       Many::m2134 (14 bytes)
3260 5582       4       Many::m2134 (14 bytes)
3260 5581       3       Many::m2134 (14 bytes)   made not entrant: not used
3262 5583       3       Many::m2135 (14 bytes)
3262 5584       4       Many::m2135 (14 bytes)
3262 5583       3       Many::m2135 (14 bytes)   made not entrant: not used
3263 5585       3       Many::m2136 (14 bytes)
3263 5586       4       Many::m2136 (14 bytes)
3263 5585       3       Many::m2136 (14 bytes)   made not entrant: not used
3265 5587       3       Many::m2137 (14 bytes)
3265 5588       4       Many::m2137 (14 bytes)
3265 5587       3       Many::m2137 (14 bytes)   made not entrant: not used
3266 5589       3       Many::m2138 (14 bytes)
3266 5590       4       Many::m2138 (14 bytes)
3266 5589       3       Many::m2138 (14 bytes)   made not entrant: not used
3267 5591       3       Many::m2139 (14 bytes)
3267 5592       4       Many::m2139 (14 bytes)
3268 5591       3       Many::m2139 (14 bytes)   made not entrant: not used
3269 5593       3       Many::m2140 (14 bytes)
3269 5594       4       Many::m2140 (14 bytes)
3269 5593       3       Many::m2140 (14 bytes)   made not entrant: not used
3270 5595       3       Many::m2141 (14 bytes)
3270 5596       4       Many::m2141 (14 bytes)
3270 5595       3       Many::m2141 (14 bytes)   made not entrant: not used
3272 5597       3       Many::m2142 (14 bytes)
3272 5598       4       Many::m2142 (14 bytes)
3272 5597       3       Many::m2142 (14 bytes)   made not entrant: not used
3273 5599       3       Many::m2143 (14 bytes)
3273 5600       4       Many::m2143 (14 bytes)
3273 5599       3       Many::m2143 (14 bytes)   made not entrant: not used
3274 5601       3       Many::m2144 (14 bytes)
3275 5602       4       Many::m2144 (14 bytes)
3275 5601       3       Many::m2144 (14 bytes)   made not entrant: not used
3276 5603       3       Many::m2145 (14 bytes)
3276 5604       4       Many::m2145 (14 bytes)
3276 5603       3       Many::m2145 (14 bytes)   made not entrant: not used
3277 5605       3       Many::m2146 (14 bytes)
3277 5606       4       Many::m2146 (14 bytes)
3277 5605       3       Many::m2146 (14 bytes)   made not entrant: not used
3279 5607       3       Many::m2147 (14 bytes)
3279 5608       4       Many::m2147 (14 bytes)
3279 5607       3       Many::m2147 (14 bytes)   made not entrant: not used
3280 5609       3       Many::m2148 (14 bytes)
3280 5610       4       Many::m2148 (14 bytes)
3280 5609       3       Many::m2148 (14 bytes)   made not entrant: not used
3282 5611       3       Many::m2149 (14 bytes)
3282 5612       4       Many::m2149 (14 bytes)
3282 5611       3       Many::m2149 (14 bytes)   made not entrant: not used
3283 5613       3       Many::m2150 (14 bytes)
3283 5614       4       Many::m2150 (14 bytes)
3283 5613       3       Many::m2150 (14 bytes)   made not entrant: not used
3284 5615       3       Many::m2151 (14 bytes)
3285 5616       4       Many::m2151 (14 bytes)
3285 5615       3       Many::m2151 (14 bytes)   made not entrant: not used
3286 5617       3       Many::m2152 (14 bytes)
3286 5618       4       Many::m2152 (14 bytes)
3286 5617       3       Many::m2152 (14 bytes)   made not entrant: not used
3287 5619       3       Many::m2153 (14 bytes)
3287 5620       4       Many::m2153 (14 bytes)
3287 5619       3       Many::m2153 (14 bytes)   made not entrant: not used
3289 5621       3       Many::m2154 (14 bytes)
3289 5622       4       Many::m2154 (14 bytes)
3289 5621       3       Many::m2154 (14 bytes)   made not entrant: not used
3290 5623       3       Many::m2155 (14 bytes)
3290 5624       4       Many::m2155 (14 bytes)
3290 5623       3       Many::m2155 (14 bytes)   made not entrant: not used
3292 5625       3       Many::m2156 (14 bytes)
3292 5626       4       Many::m2156 (14 bytes)
3292 5625       3       Many::m2156 (14 bytes)   made not entrant: not used
3293 5627       3       Many::m2157 (14 bytes)
3293 5628       4       Many::m2157 (14 bytes)
3293 5627       3       Many::m2157 (14 bytes)   made not entrant: not used
3294 5629       3       Many::m2158 (14 bytes)
3295 5630       4       Many::m2158 (14 bytes)
3295 5629       3       Many::m2158 (14 bytes)   made not entrant: not used
3296 5631       3       Many::m2159 (14 bytes)
3296 5632       4       Many::m2159 (14 bytes)
3296 5631       3       Many::m2159 (14 bytes)   made not entrant: not used
3297 5633       3       Many::m2160 (14 bytes)
3298 5634       4       Many::m2160 (14 bytes)
3298 5633       3       Many::m2160 (14 bytes)   made not entrant: not used
3299 5635       3       Many::m2161 (14 bytes)
3299 5636       4       Many::m2161 (14 bytes)
3299 5635       3       Many::m2161 (14 bytes)   made not entrant: not used
3300 5637       3       Many::m2162 (14 bytes)
3300 5638       4       Many::m2162 (14 bytes)
3300 5637       3       Many::m2162 (14 bytes)   made not entrant: not used
3302 5639       3       Many::m2163 (14 bytes)
3302 5640       4       Many::m2163 (14 bytes)
3302 5639       3       Many::m2163 (14 bytes)   made not entrant: not used
3303 5641       3       Many::m2164 (14 bytes)
3303 5642       4       Many::m2164 (14 bytes)
3303 5641       3       Many::m2164 (14 bytes)   made not entrant: not used
3305 5643       3       Many::m2165 (14 bytes)
3305 5644       4       Many::m2165 (14 bytes)
3305 5643       3       Many::m2165 (14 bytes)   made not entrant: not used
3306 5645       3       Many::m2166 (14 bytes)
3306 5646       4       Many::m2166 (14 bytes)
3306 5645       3       Many::m2166 (14 bytes)   made not entrant: not used
3307 5647       3       Many::m2167 (14 bytes)
3307 5648       4       Many::m2167 (14 bytes)
3308 5647       3       Many::m2167 (14 bytes)   made not entrant: not used
3309 5649       3       Many::m2168 (14 bytes)
3309 5650       4       Many::m2168 (14 bytes)
3309 5649       3       Many::m2168 (14 bytes)   made not entrant: not used
3310 5651       3       Many::m2169 (14 bytes)
3310 5652       4       Many::m2169 (14 bytes)
3310 5651       3       Many::m2169 (14 bytes)   made not entrant: not used
3312 5653       3       Many::m2170 (14 bytes)
3312 5654       4       Many::m2170 (14 bytes)
3312 5653       3       Many::m2170 (14 bytes)   made not entrant: not used
3313 5655       3       Many::m2171 (14 bytes)
3313 5656       4       Many::m2171 (14 bytes)
3313 5655       3       Many::m2171 (14 bytes)   made not entrant: not used
3315 5657       3       Many::m2172 (14 bytes)
3315 5658       4       Many::m2172 (14 bytes)
3315 5657       3       Many::m2172 (14 bytes)   made not entrant: not used
3316 5659       3       Many::m2173 (14 bytes)
3316 5660       4       Many::m2173 (14 bytes)
3316 5659       3       Many::m2173 (14 bytes)   made not entrant: not used
3317 5661       3       Many::m2174 (14 bytes)
3318 5662       4       Many::m2174 (14 bytes)
3318 5661       3       Many::m2174 (14 bytes)   made not entrant: not used
3319 5663       3       Many::m2175 (14 bytes)
3319 5664       4       Many::m2175 (14 bytes)
3319 5663       3       Many::m2175 (14 bytes)   made not entrant: not used
3320 5665       3       Many::m2176 (14 bytes)
3320 5666       4       Many::m2176 (14 bytes)
3320 5665       3       Many::m2176 (14 bytes)   made not entrant: not used
3322 5667       3       Many::m2177 (14 bytes)
3322 5668       4       Many::m2177 (14 bytes)
3322 5667       3       Many::m2177 (14 bytes)   made not entrant: not used
3323 5669       3       Many::m2178 (14 bytes)
3323 5670       4       Many::m2178 (14 bytes)
3323 5669       3       Many::m2178 (14 bytes)   made not entrant: not used
3324 5671       3       Many::m2179 (14 bytes)
3325 5672       4       Many::m2179 (14 bytes)
3325 5671       3       Many::m2179 (14 bytes)   made not entrant: not used
3326 5673       3       Many::m2180 (14 bytes)
3326 5674       4       Many::m2180 (14 bytes)
3326 5673       3       Many::m2180 (14 bytes)   made not entrant: not used
3327 5675       3       Many::m2181 (14 bytes)
3327 5676       4       Many::m2181 (14 bytes)
3327 5675       3       Many::m2181 (14 bytes)   made not entrant: not used
3329 5677       3       Many::m2182 (14 bytes)
3329 5678       4       Many::m2182 (14 bytes)
3329 5677       3       Many::m2182 (14 bytes)   made not entrant: not used
3330 5679       3       Many::m2183 (14 bytes)
3330 5680       4       Many::m2183 (14 bytes)
3330 5679       3       Many::m2183 (14 bytes)   made not entrant: not used
3332 5681       3       Many::m2184 (14 bytes)
3332 5682       4       Many::m2184 (14 bytes)
3332 5681       3       Many::m2184 (14 bytes)   made not entrant: not used
3333 5683       3       Many::m2185 (14 bytes)
3333 5684       4       Many::m2185 (14 bytes)
3333 5683       3       Many::m2185 (14 bytes)   made not entrant: not used
3334 5685       3       Many::m2186 (14 bytes)
3335 5686       4       Many::m2186 (14 bytes)
3335 5685       3       Many::m2186 (14 bytes)   made not entrant: not used
3336 5687       3       Many::m2187 (14 bytes)
3336 5688       4       Many::m2187 (14 bytes)
3336 5687       3       Many::m2187 (14 bytes)   made not entrant: not used
3337 5689       3       Many::m2188 (14 bytes)
3338 5690       4       Many::m2188 (14 bytes)
3338 5689       3       Many::m2188 (14 bytes)   made not entrant: not used
3339 5691       3       Many::m2189 (14 bytes)
3339 5692       4       Many::m2189 (14 bytes)
3339 5691       3       Many::m2189 (14 bytes)   made not entrant: not used
3340 5693       3       Many::m2190 (14 bytes)
3340 5694       4       Many::m2190 (14 bytes)
3340 5693       3       Many::m2190 (14 bytes)   made not entrant: not used
3342 5695       3       Many::m2191 (14 bytes)
3342 5696       4       Many::m2191 (14 bytes)
3342 5695       3       Many::m2191 (14 bytes)   made not entrant: not used
3343 5697       3       Many::m2192 (14 bytes)
3343 5698       4       Many::m2192 (14 bytes)
3343 5697       3       Many::m2192 (14 bytes)   made not entrant: not used
3344 5699       3       Many::m2193 (14 bytes)
3345 5700       4       Many::m2193 (14 bytes)
3345 5699       3       Many::m2193 (14 bytes)   made not entrant: not used
3346 5701       3       Many::m2194 (14 bytes)
3346 5702       4       Many::m2194 (14 bytes)
3346 5701       3       Many::m2194 (14 bytes)   made not entrant: not used
3347 5703       3       Many::m2195 (14 bytes)
3347 5704       4       Many::m2195 (14 bytes)
3348 5703       3       Many::m2195 (14 bytes)   made not entrant: not used
3349 5705       3       Many::m2196 (14 bytes)
3349 5706       4       Many::m2196 (14 bytes)
3349 5705       3       Many::m2196 (14 bytes)   made not entrant: not used
3350 5707       3       Many::m2197 (14 bytes)
3350 5708       4       Many::m2197 (14 bytes)
3350 5707       3       Many::m2197 (14 bytes)   made not entrant: not used
3352 5709       3       Many::m2198 (14 bytes)
3352 5710       4       Many::m2198 (14 bytes)
3352 5709       3       Many::m2198 (14 bytes)   made not entrant: not used
3353 5711       3       Many::m2199 (14 bytes)
3353 5712       4       Many::m2199 (14 bytes)
3353 5711       3       Many::m2199 (14 bytes)   made not entrant: not used
3354 5713       3       Many::m2200 (14 bytes)
3355 5714       4       Many::m2200 (14 bytes)
3355 5713       3       Many::m2200 (14 bytes)   made not entrant: not used
3356 5715       3       Many::m2201 (14 bytes)
3356 5716       4       Many::m2201 (14 bytes)
3356 5715       3       Many::m2201 (14 bytes)   made not entrant: not used
3357 5717       3       Many::m2202 (14 bytes)
3357 5718       4       Many::m2202 (14 bytes)
3357 5717       3       Many::m2202 (14 bytes)   made not entrant: not used
3359 5719       3       Many::m2203 (14 bytes)
3359 5720       4       Many::m2203 (14 bytes)
3359 5719       3       Many::m2203 (14 bytes)   made not entrant: not used
3360 5721       3       Many::m2204 (14 bytes)
3360 5722       4       Many::m2204 (14 bytes)
3360 5721       3       Many::m2204 (14 bytes)   made not entrant: not used
3362 5723       3       Many::m2205 (14 bytes)
3362 5724       4       Many::m2205 (14 bytes)
3362 5723       3       Many::m2205 (14 bytes)   made not entrant: not used
3363 5725       3       Many::m2206 (14 bytes)
3363 5726       4       Many::m2206 (14 bytes)
3363 5725       3       Many::m2206 (14 bytes)   made not entrant: not used
3364 5727       3       Many::m2207 (14 bytes)
3365 5728       4       Many::m2207 (14 bytes)
3365 5727       3       Many::m2207 (14 bytes)   made not entrant: not used
3366 5729       3       Many::m2208 (14 bytes)
3366 5730       4       Many::m2208 (14 bytes)
3366 5729       3       Many::m2208 (14 bytes)   made not entrant: not used
3367 5731       3       Many::m2209 (14 bytes)
3367 5732       4       Many::m2209 (14 bytes)
3367 5731       3       Many::m2209 (14 bytes)   made not entrant: not used
3369 5733       3       Many::m2210 (14 bytes)
3369 5734       4       Many::m2210 (14 bytes)
3369 5733       3       Many::m2210 (14 bytes)   made not entrant: not used
3370 5735       3       Many::m2211 (14 bytes)
3370 5736       4       Many::m2211 (14 bytes)
3370 5735       3       Many::m2211 (14 bytes)   made not entrant: not used
3371 5737       3       Many::m2212 (14 bytes)
3372 5738       4       Many::m2212 (14 bytes)
3372 5737       3       Many::m2212 (14 bytes)   made not entrant: not used
3373 5739       3       Many::m2213 (14 bytes)
3373 5740       4       Many::m2213 (14 bytes)
3373 5739       3       Many::m2213 (14 bytes)   made not entrant: not used
3374 5741       3       Many::m2214 (14 bytes)
3374 5742       4       Many::m2214 (14 bytes)
3374 5741       3       Many::m2214 (14 bytes)   made not entrant: not used
3376 5743       3       Many::m2215 (14 bytes)
3376 5744       4       Many::m2215 (14 bytes)
3376 5743       3       Many::m2215 (14 bytes)   made not entrant: not used
3377 5745       3       Many::m2216 (14 bytes)
3377 5746       4       Many::m2216 (14 bytes)
3377 5745       3       Many::m2216 (14 bytes)   made not entrant: not used
3379 5747       3       Many::m2217 (14 bytes)
3379 5748       4       Many::m2217 (14 bytes)
3379 5747       3       Many::m2217 (14 bytes)   made not entrant: not used
3380 5749       3       Many::m2218 (14 bytes)
3380 5750       4       Many::m2218 (14 bytes)
3380 5749       3       Many::m2218 (14 bytes)   made not entrant: not used
3381 5751       3       Many::m2219 (14 bytes)
3382 5752       4       Many::m2219 (14 bytes)
3382 5751       3       Many::m2219 (14 bytes)   made not entrant: not used
3383 5753       3       Many::m2220 (14 bytes)
3383 5754       4       Many::m2220 (14 bytes)
3383 5753       3       Many::m2220 (14 bytes)   made not entrant: not used
3384 5755       3       Many::m2221 (14 bytes)
3384 5756       4       Many::m2221 (14 bytes)
3384 5755       3       Many::m2221 (14 bytes)   made not entrant: not used
3386 5757       3       Many::m2222 (14 bytes)
3386 5758       4       Many::m2222 (14 bytes)
3386 5757       3       Many::m2222 (14 bytes)   made not entrant: not used
3387 5759       3       Many::m2223 (14 bytes)
3387 5760       4       Many::m2223 (14 bytes)
3387 5759       3       Many::m2223 (14 bytes)   made not entrant: not used
3389 5761       3       Many::m2224 (14 bytes)
3389 5762       4       Many::m2224 (14 bytes)
3389 5761       3       Many::m2224 (14 bytes)   made not entrant: not used
3390 5763       3       Many::m2225 (14 bytes)
3390 5764       4       Many::m2225 (14 bytes)
3390 5763       3       Many::m2225 (14 bytes)   made not entrant: not used
3391 5765       3       Many::m2226 (14 bytes)
3391 5766       4       Many::m2226 (14 bytes)
3392 5765       3       Many::m2226 (14 bytes)   made not entrant: not used
3393 5767       3       Many::m2227 (14 bytes)
3393 5768       4       Many::m2227 (14 bytes)
3393 5767       3       Many::m2227 (14 bytes)   made not entrant: not used
3394 5769       3       Many::m2228 (14 bytes)
3394 5770       4       Many::m2228 (14 bytes)
3394 5769       3       Many::m2228 (14 bytes)   made not entrant: not used
3396 5771       3       Many::m2229 (14 bytes)
3396 5772       4       Many::m2229 (14 bytes)
3396 5771       3       Many::m2229 (14 bytes)   made not entrant: not used
3397 5773       3       Many::m2230 (14 bytes)
3397 5774       4       Many::m2230 (14 bytes)
3397 5773       3       Many::m2230 (14 bytes)   made not entrant: not used
3399 5775       3       Many::m2231 (14 bytes)
3399 5776       4       Many::m2231 (14 bytes)
3399 5775       3       Many::m2231 (14 bytes)   made not entrant: not used
3400 5777       3       Many::m2232 (14 bytes)
3400 5778       4       Many::m2232 (14 bytes)
3400 5777       3       Many::m2232 (14 bytes)   made not entrant: not used
3401 5779       3       Many::m2233 (14 bytes)
3402 5780       4       Many::m2233 (14 bytes)
3402 5779       3       Many::m2233 (14 bytes)   made not entrant: not used
3403 5781       3       Many::m2234 (14 bytes)
3403 5782       4       Many::m2234 (14 bytes)
3403 5781       3       Many::m2234 (14 bytes)   made not entrant: not used
3404 5783       3       Many::m2235 (14 bytes)
3404 5784       4       Many::m2235 (14 bytes)
3404 5783       3       Many::m2235 (14 bytes)   made not entrant: not used
3406 5785       3       Many::m2236 (14 bytes)
3406 5786       4       Many::m2236 (14 bytes)
3406 5785       3       Many::m2236 (14 bytes)   made not entrant: not used
3407 5787       3       Many::m2237 (14 bytes)
3407 5788       4       Many::m2237 (14 bytes)
3407 5787       3       Many::m2237 (14 bytes)   made not entrant: not used
3409 5789       3       Many::m2238 (14 bytes)
3409 5790       4       Many::m2238 (14 bytes)
3409 5789       3       Many::m2238 (14 bytes)   made not entrant: not used
3410 5791       3       Many::m2239 (14 bytes)
3410 5792       4       Many::m2239 (14 bytes)
3410 5791       3       Many::m2239 (14 bytes)   made not entrant: not used
3411 5793       3       Many::m2240 (14 bytes)
3412 5794       4       Many::m2240 (14 bytes)
3412 5793       3       Many::m2240 (14 bytes)   made not entrant: not used
3413 5795       3       Many::m2241 (14 bytes)
3413 5796       4       Many::m2241 (14 bytes)
3413 5795       3       Many::m2241 (14 bytes)   made not entrant: not used
3415 5797       3       Many::m2242 (14 bytes)
3415 5798       4       Many::m2242 (14 bytes)
3415 5797       3       Many::m2242 (14 bytes)   made not entrant: not used
3416 5799       3       Many::m2243 (14 bytes)
3416 5800       4       Many::m2243 (14 bytes)
3416 5799       3       Many::m2243 (14 bytes)   made not entrant: not used
3417 5801       3       Many::m2244 (14 bytes)
3417 5802       4       Many::m2244 (14 bytes)
3418 5801       3       Many::m2244 (14 bytes)   made not entrant: not used
3419 5803       3       Many::m2245 (14 bytes)
3419 5804       4       Many::m2245 (14 bytes)
3419 5803       3       Many::m2245 (14 bytes)   made not entrant: not used
3420 5805       3       Many::m2246 (14 bytes)
3420 5806       4       Many::m2246 (14 bytes)
3420 5805       3       Many::m2246 (14 bytes)   made not entrant: not used
3422 5807       3       Many::m2247 (14 bytes)
3422 5808       4       Many::m2247 (14 bytes)
3422 5807       3       Many::m2247 (14 bytes)   made not entrant: not used
3423 5809       3       Many::m2248 (14 bytes)
3423 5810       4       Many::m2248 (14 bytes)
3423 5809       3       Many::m2248 (14 bytes)   made not entrant: not used
3424 5811       3       Many::m2249 (14 bytes)
3425 5812       4       Many::m2249 (14 bytes)
3425 5811       3       Many::m2249 (14 bytes)   made not entrant: not used
3426 5813       3       Many::m2250 (14 bytes)
3426 5814       4       Many::m2250 (14 bytes)
3426 5813       3       Many::m2250 (14 bytes)   made not entrant: not used
3427 5815       3       Many::m2251 (14 bytes)
3427 5816       4       Many::m2251 (14 bytes)
3427 5815       3       Many::m2251 (14 bytes)   made not entrant: not used
3429 5817       3       Many::m2252 (14 bytes)
3429 5818       4       Many::m2252 (14 bytes)
3429 5817       3       Many::m2252 (14 bytes)   made not entrant: not used
3430 5819       3       Many::m2253 (14 bytes)
3430 5820       4       Many::m2253 (14 bytes)
3430 5819       3       Many::m2253 (14 bytes)   made not entrant: not used
3432 5821       3       Many::m2254 (14 bytes)
3432 5822       4       Many::m2254 (14 bytes)
3432 5821       3       Many::m2254 (14 bytes)   made not entrant: not used
3433 5823       3       Many::m2255 (14 bytes)
3433 5824       4       Many::m2255 (14 bytes)
3433 5823       3       Many::m2255 (14 bytes)   made not entrant: not used
3434 5825       3       Many::m2256 (14 bytes)
3435 5826       4       Many::m2256 (14 bytes)
3435 5825       3       Many::m2256 (14 bytes)   made not entrant: not used
3436 5827       3       Many::m2257 (14 bytes)
3436 5828       4       Many::m2257 (14 bytes)
3436 5827       3       Many::m2257 (14 bytes)   made not entrant: not used
3437 5829       3       Many::m2258 (14 bytes)
3437 5830       4       Many::m2258 (14 bytes)
3438 5829       3       Many::m2258 (14 bytes)   made not entrant: not used
3439 5831       3       Many::m2259 (14 bytes)
3439 5832       4       Many::m2259 (14 bytes)
3439 5831       3       Many::m2259 (14 bytes)   made not entrant: not used
3440 5833       3       Many::m2260 (14 bytes)
3440 5834       4       Many::m2260 (14 bytes)
3440 5833       3       Many::m2260 (14 bytes)   made not entrant: not used
3442 5835       3       Many::m2261 (14 bytes)
3442 5836       4       Many::m2261 (14 bytes)
3442 5835       3       Many::m2261 (14 bytes)   made not entrant: not used
3443 5837       3       Many::m2262 (14 bytes)
3443 5838       4       Many::m2262 (14 bytes)
3443 5837       3       Many::m2262 (14 bytes)   made not entrant: not used
3444 5839       3       Many::m2263 (14 bytes)
3445 5840       4       Many::m2263 (14 bytes)
3445 5839       3       Many::m2263 (14 bytes)   made not entrant: not used
3446 5841       3       Many::m2264 (14 bytes)
3446 5842       4       Many::m2264 (14 bytes)
3446 5841       3       Many::m2264 (14 bytes)   made not entrant: not used
3447 5843       3       Many::m2265 (14 bytes)
3447 5844       4       Many::m2265 (14 bytes)
3448 5843       3       Many::m2265 (14 bytes)   made not entrant: not used
3449 5845       3       Many::m2266 (14 bytes)
3449 5846       4       Many::m2266 (14 bytes)
3449 5845       3       Many::m2266 (14 bytes)   made not entrant: not used
3450 5847       3       Many::m2267 (14 bytes)
3450 5848       4       Many::m2267 (14 bytes)
3450 5847       3       Many::m2267 (14 bytes)   made not entrant: not used
3452 5849       3       Many::m2268 (14 bytes)
3452 5850       4       Many::m2268 (14 bytes)
3452 5849       3       Many::m2268 (14 bytes)   made not entrant: not used
3453 5851       3       Many::m2269 (14 bytes)
3453 5852       4       Many::m2269 (14 bytes)
3453 5851       3       Many::m2269 (14 bytes)   made not entrant: not used
3454 5853       3       Many::m2270 (14 bytes)
3455 5854       4       Many::m2270 (14 bytes)
3455 5853       3       Many::m2270 (14 bytes)   made not entrant: not used
3456 5855       3       Many::m2271 (14 bytes)
3456 5856       4       Many::m2271 (14 bytes)
3456 5855       3       Many::m2271 (14 bytes)   made not entrant: not used
3457 5857       3       Many::m2272 (14 bytes)
3457 5858       4       Many::m2272 (14 bytes)
3457 5857       3       Many::m2272 (14 bytes)   made not entrant: not used
3459 5859       3       Many::m2273 (14 bytes)
3459 5860       4       Many::m2273 (14 bytes)
3459 5859       3       Many::m2273 (14 bytes)   made not entrant: not used
3460 5861       3       Many::m2274 (14 bytes)
3460 5862       4       Many::m2274 (14 bytes)
3460 5861       3       Many::m2274 (14 bytes)   made not entrant: not used
3462 5863       3       Many::m2275 (14 bytes)
3462 5864       4       Many::m2275 (14 bytes)
3462 5863       3       Many::m2275 (14 bytes)   made not entrant: not used
3463 5865       3       Many::m2276 (14 bytes)
3463 5866       4       Many::m2276 (14 bytes)
3463 5865       3       Many::m2276 (14 bytes)   made not entrant: not used
3464 5867       3       Many::m2277 (14 bytes)
3465 5868       4       Many::m2277 (14 bytes)
3465 5867       3       Many::m2277 (14 bytes)   made not entrant: not used
3466 5869       3       Many::m2278 (14 bytes)
3466 5870       4       Many::m2278 (14 bytes)
3466 5869       3       Many::m2278 (14 bytes)   made not entrant: not used
3467 5871       3       Many::m2279 (14 bytes)
3467 5872       4       Many::m2279 (14 bytes)
3467 5871       3       Many::m2279 (14 bytes)   made not entrant: not used
3469 5873       3       Many::m2280 (14 bytes)
3469 5874       4       Many::m2280 (14 bytes)
3469 5873       3       Many::m2280 (14 bytes)   made not entrant: not used
3470 5875       3       Many::m2281 (14 bytes)
3470 5876       4       Many::m2281 (14 bytes)
3470 5875       3       Many::m2281 (14 bytes)   made not entrant: not used
3471 5877       3       Many::m2282 (14 bytes)
3472 5878       4       Many::m2282 (14 bytes)
3472 5877       3       Many::m2282 (14 bytes)   made not entrant: not used
3473 5879       3       Many::m2283 (14 bytes)
3473 5880       4       Many::m2283 (14 bytes)
3473 5879       3       Many::m2283 (14 bytes)   made not entrant: not used
3474 5881       3       Many::m2284 (14 bytes)
3474 5882       4       Many::m2284 (14 bytes)
3474 5881       3       Many::m2284 (14 bytes)   made not entrant: not used
3476 5883       3       Many::m2285 (14 bytes)
3476 5884       4       Many::m2285 (14 bytes)
3476 5883       3       Many::m2285 (14 bytes)   made not entrant: not used
3477 5885       3       Many::m2286 (14 bytes)
3477 5886       4       Many::m2286 (14 bytes)
3477 5885       3       Many::m2286 (14 bytes)   made not entrant: not used
3479 5887       3       Many::m2287 (14 bytes)
3479 5888       4       Many::m2287 (14 bytes)
3479 5887       3       Many::m2287 (14 bytes)   made not entrant: not used
3480 5889       3       Many::m2288 (14 bytes)
3480 5890       4       Many::m2288 (14 bytes)
3480 5889       3       Many::m2288 (14 bytes)   made not entrant: not used
3481 5891       3       Many::m2289 (14 bytes)
3482 5892       4       Many::m2289 (14 bytes)
3482 5891       3       Many::m2289 (14 bytes)   made not entrant: not used
3483 5893       3       Many::m2290 (14 bytes)
3483 5894       4       Many::m2290 (14 bytes)
3483 5893       3       Many::m2290 (14 bytes)   made not entrant: not used
3484 5895       3       Many::m2291 (14 bytes)
3484 5896       4       Many::m2291 (14 bytes)
3484 5895       3       Many::m2291 (14 bytes)   made not entrant: not used
3486 5897       3       Many::m2292 (14 bytes)
3486 5898       4       Many::m2292 (14 bytes)
3486 5897       3       Many::m2292 (14 bytes)   made not entrant: not used
3487 5899       3       Many::m2293 (14 bytes)
3487 5900       4       Many::m2293 (14 bytes)
3487 5899       3       Many::m2293 (14 bytes)   made not entrant: not used
3489 5901       3       Many::m2294 (14 bytes)
3489 5902       4       Many::m2294 (14 bytes)
3489 5901       3       Many::m2294 (14 bytes)   made not entrant: not used
3490 5903       3       Many::m2295 (14 bytes)
3490 5904       4       Many::m2295 (14 bytes)
3490 5903       3       Many::m2295 (14 bytes)   made not entrant: not used
3491 5905       3       Many::m2296 (14 bytes)
3491 5906       4       Many::m2296 (14 bytes)
3492 5905       3       Many::m2296 (14 bytes)   made not entrant: not used
3493 5907       3       Many::m2297 (14 bytes)
3493 5908       4       Many::m2297 (14 bytes)
3493 5907       3       Many::m2297 (14 bytes)   made not entrant: not used
3494 5909       3       Many::m2298 (14 bytes)
3494 5910       4       Many::m2298 (14 bytes)
3494 5909       3       Many::m2298 (14 bytes)   made not entrant: not used
3496 5911       3       Many::m2299 (14 bytes)
3496 5912       4       Many::m2299 (14 bytes)
3496 5911       3       Many::m2299 (14 bytes)   made not entrant: not used
3497 5913       3       Many::m2300 (14 bytes)
3497 5914       4       Many::m2300 (14 bytes)
3497 5913       3       Many::m2300 (14 bytes)   made not entrant: not used
3499 5915       3       Many::m2301 (14 bytes)
3499 5916       4       Many::m2301 (14 bytes)
3499 5915       3       Many::m2301 (14 bytes)   made not entrant: not used
3500 5917       3       Many::m2302 (14 bytes)
3500 5918       4       Many::m2302 (14 bytes)
3500 5917       3       Many::m2302 (14 bytes)   made not entrant: not used
3501 5919       3       Many::m2303 (14 bytes)
3501 5920       4       Many::m2303 (14 bytes)
3502 5919       3       Many::m2303 (14 bytes)   made not entrant: not used
3503 5921       3       Many::m2304 (14 bytes)
3503 5922       4       Many::m2304 (14 bytes)
3503 5921       3       Many::m2304 (14 bytes)   made not entrant: not used
3504 5923       3       Many::m2305 (14 bytes)
3504 5924       4       Many::m2305 (14 bytes)
3504 5923       3       Many::m2305 (14 bytes)   made not entrant: not used
3506 5925       3       Many::m2306 (14 bytes)
3506 5926       4       Many::m2306 (14 bytes)
3506 5925       3       Many::m2306 (14 bytes)   made not entrant: not used
3507 5927       3       Many::m2307 (14 bytes)
3507 5928       4       Many::m2307 (14 bytes)
3507 5927       3       Many::m2307 (14 bytes)   made not entrant: not used
3508 5929       3       Many::m2308 (14 bytes)
3509 5930       4       Many::m2308 (14 bytes)
3509 5929       3       Many::m2308 (14 bytes)   made not entrant: not used
3510 5931       3       Many::m2309 (14 bytes)
3510 5932       4       Many::m2309 (14 bytes)
3510 5931       3       Many::m2309 (14 bytes)   made not entrant: not used
3511 5933       3       Many::m2310 (14 bytes)
3511 5934       4       Many::m2310 (14 bytes)
3511 5933       3       Many::m2310 (14 bytes)   made not entrant: not used
3513 5935       3       Many::m2311 (14 bytes)
3513 5936       4       Many::m2311 (14 bytes)
3513 5935       3       Many::m2311 (14 bytes)   made not entrant: not used
3514 5937       3       Many::m2312 (14 bytes)
3514 5938       4       Many::m2312 (14 bytes)
3514 5937       3       Many::m2312 (14 bytes)   made not entrant: not used
3516 5939       3       Many::m2313 (14 bytes)
3516 5940       4       Many::m2313 (14 bytes)
3516 5939       3       Many::m2313 (14 bytes)   made not entrant: not used
3517 5941       3       Many::m2314 (14 bytes)
3517 5942       4       Many::m2314 (14 bytes)
3517 5941       3       Many::m2314 (14 bytes)   made not entrant: not used
3518 5943       3       Many::m2315 (14 bytes)
3519 5944       4       Many::m2315 (14 bytes)
3519 5943       3       Many::m2315 (14 bytes)   made not entrant: not used
3520 5945       3       Many::m2316 (14 bytes)
3520 5946       4       Many::m2316 (14 bytes)
3520 5945       3       Many::m2316 (14 bytes)   made not entrant: not used
3521 5947       3       Many::m2317 (14 bytes)
3521 5948       4       Many::m2317 (14 bytes)
3521 5947       3       Many::m2317 (14 bytes)   made not entrant: not used
3523 5949       3       Many::m2318 (14 bytes)
3523 5950       4       Many::m2318 (14 bytes)
3523 5949       3       Many::m2318 (14 bytes)   made not entrant: not used
3524 5951       3       Many::m2319 (14 bytes)
3524 5952       4       Many::m2319 (14 bytes)
3524 5951       3       Many::m2319 (14 bytes)   made not entrant: not used
3526 5953       3       Many::m2320 (14 bytes)
3526 5954       4       Many::m2320 (14 bytes)
3526 5953       3       Many::m2320 (14 bytes)   made not entrant: not used
3527 5955       3       Many::m2321 (14 bytes)
3527 5956       4       Many::m2321 (14 bytes)
3527 5955       3       Many::m2321 (14 bytes)   made not entrant: not used
3528 5957       3       Many::m2322 (14 bytes)
3528 5958       4       Many::m2322 (14 bytes)
3529 5957       3       Many::m2322 (14 bytes)   made not entrant: not used
3530 5959       3       Many::m2323 (14 bytes)
3530 5960       4       Many::m2323 (14 bytes)
3530 5959       3       Many::m2323 (14 bytes)   made not entrant: not used
3531 5961       3       Many::m2324 (14 bytes)
3531 5962       4       Many::m2324 (14 bytes)
3531 5961       3       Many::m2324 (14 bytes)   made not entrant: not used
3533 5963       3       Many::m2325 (14 bytes)
3533 5964       4       Many::m2325 (14 bytes)
3533 5963       3       Many::m2325 (14 bytes)   made not entrant: not used
3534 5965       3       Many::m2326 (14 bytes)
3534 5966       4       Many::m2326 (14 bytes)
3534 5965       3       Many::m2326 (14 bytes)   made not entrant: not used
3536 5967       3       Many::m2327 (14 bytes)
3536 5968       4       Many::m2327 (14 bytes)
3536 5967       3       Many::m2327 (14 bytes)   made not entrant: not used
3537 5969       3       Many::m2328 (14 bytes)
3537 5970       4       Many::m2328 (14 bytes)
3537 5969       3       Many::m2328 (14 bytes)   made not entrant: not used
3538 5971       3       Many::m2329 (14 bytes)
3538 5972       4       Many::m2329 (14 bytes)
3539 5971       3       Many::m2329 (14 bytes)   made not entrant: not used
3540 5973       3       Many::m2330 (14 bytes)
3540 5974       4       Many::m2330 (14 bytes)
3540 5973       3       Many::m2330 (14 bytes)   made not entrant: not used
3541 5975       3       Many::m2331 (14 bytes)
3541 5976       4       Many::m2331 (14 bytes)
3541 5975       3       Many::m2331 (14 bytes)   made not entrant: not used
3543 5977       3       Many::m2332 (14 bytes)
3543 5978       4       Many::m2332 (14 bytes)
3543 5977       3       Many::m2332 (14 bytes)   made not entrant: not used
3544 5979       3       Many::m2333 (14 bytes)
3544 5980       4       Many::m2333 (14 bytes)
3544 5979       3       Many::m2333 (14 bytes)   made not entrant: not used
3545 5981       3       Many::m2334 (14 bytes)
3546 5982       4       Many::m2334 (14 bytes)
3546 5981       3       Many::m2334 (14 bytes)   made not entrant: not used
3547 5983       3       Many::m2335 (14 bytes)
3547 5984       4       Many::m2335 (14 bytes)
3547 5983       3       Many::m2335 (14 bytes)   made not entrant: not used
3548 5985       3       Many::m2336 (14 bytes)
3548 5986       4       Many::m2336 (14 bytes)
3549 5985       3       Many::m2336 (14 bytes)   made not entrant: not used
3550 5987       3       Many::m2337 (14 bytes)
3550 5988       4       Many::m2337 (14 bytes)
3550 5987       3       Many::m2337 (14 bytes)   made not entrant: not used
3551 5989       3       Many::m2338 (14 bytes)
3551 5990       4       Many::m2338 (14 bytes)
3551 5989       3       Many::m2338 (14 bytes)   made not entrant: not used
3553 5991       3       Many::m2339 (14 bytes)
3553 5992       4       Many::m2339 (14 bytes)
3553 5991       3       Many::m2339 (14 bytes)   made not entrant: not used
3554 5993       3       Many::m2340 (14 bytes)
3554 5994       4       Many::m2340 (14 bytes)
3554 5993       3       Many::m2340 (14 bytes)   made not entrant: not used
3555 5995       3       Many::m2341 (14 bytes)
3556 5996       4       Many::m2341 (14 bytes)
3556 5995       3       Many::m2341 (14 bytes)   made not entrant: not used
3557 5997       3       Many::m2342 (14 bytes)
3557 5998       4       Many::m2342 (14 bytes)
3557 5997       3       Many::m2342 (14 bytes)   made not entrant: not used
3558 5999       3       Many::m2343 (14 bytes)
3558 6000       4       Many::m2343 (14 bytes)
3558 5999       3       Many::m2343 (14 bytes)   made not entrant: not used
3560 6001       3       Many::m2344 (14 bytes)
3560 6002       4       Many::m2344 (14 bytes)
3560 6001       3       Many::m2344 (14 bytes)   made not entrant: not used
3561 6003       3       Many::m2345 (14 bytes)
3561 6004       4       Many::m2345 (14 bytes)
3561 6003       3       Many::m2345 (14 bytes)   made not entrant: not used
3562 6005       3       Many::m2346 (14 bytes)
3563 6006       4       Many::m2346 (14 bytes)
3563 6005       3       Many::m2346 (14 bytes)   made not entrant: not used
3564 6007       3       Many::m2347 (14 bytes)
3564 6008       4       Many::m2347 (14 bytes)
3564 6007       3       Many::m2347 (14 bytes)   made not entrant: not used
3565 6009       3       Many::m2348 (14 bytes)
3566 6010       4       Many::m2348 (14 bytes)
3566 6009       3       Many::m2348 (14 bytes)   made not entrant: not used
3567 6011       3       Many::m2349 (14 bytes)
3567 6012       4       Many::m2349 (14 bytes)
3567 6011       3       Many::m2349 (14 bytes)   made not entrant: not used
3568 6013       3       Many::m2350 (14 bytes)
3568 6014       4       Many::m2350 (14 bytes)
3569 6013       3       Many::m2350 (14 bytes)   made not entrant: not used
3570 6015       3       Many::m2351 (14 bytes)
3570 6016       4       Many::m2351 (14 bytes)
3570 6015       3       Many::m2351 (14 bytes)   made not entrant: not used
3571 6017       3       Many::m2352 (14 bytes)
3571 6018       4       Many::m2352 (14 bytes)
3572 6017       3       Many::m2352 (14 bytes)   made not entrant: not used
3573 6019       3       Many::m2353 (14 bytes)
3573 6020       4       Many::m2353 (14 bytes)
3573 6019       3       Many::m2353 (14 bytes)   made not entrant: not used
3574 6021       3       Many::m2354 (14 bytes)
3574 6022       4       Many::m2354 (14 bytes)
3574 6021       3       Many::m2354 (14 bytes)   made not entrant: not used
3576 6023       3       Many::m2355 (14 bytes)
3576 6024       4       Many::m2355 (14 bytes)
3576 6023       3       Many::m2355 (14 bytes)   made not entrant: not used
3577 6025       3       Many::m2356 (14 bytes)
3577 6026       4       Many::m2356 (14 bytes)
3577 6025       3       Many::m2356 (14 bytes)   made not entrant: not used
3578 6027       3       Many::m2357 (14 bytes)
3579 6028       4       Many::m2357 (14 bytes)
3579 6027       3       Many::m2357 (14 bytes)   made not entrant: not used
3580 6029       3       Many::m2358 (14 bytes)
3580 6030       4       Many::m2358 (14 bytes)
3580 6029       3       Many::m2358 (14 bytes)   made not entrant: not used
3581 6031       3       Many::m2359 (14 bytes)
3581 6032       4       Many::m2359 (14 bytes)
3582 6031       3       Many::m2359 (14 bytes)   made not entrant: not used
3583 6033       3       Many::m2360 (14 bytes)
3583 6034       4       Many::m2360 (14 bytes)
3583 6033       3       Many::m2360 (14 bytes)   made not entrant: not used
3584 6035       3       Many::m2361 (14 bytes)
3584 6036       4       Many::m2361 (14 bytes)
3584 6035       3       Many::m2361 (14 bytes)   made not entrant: not used
3586 6037       3       Many::m2362 (14 bytes)
3586 6038       4       Many::m2362 (14 bytes)
3586 6037       3       Many::m2362 (14 bytes)   made not entrant: not used
3587 6039       3       Many::m2363 (14 bytes)
3587 6040       4       Many::m2363 (14 bytes)
3587 6039       3       Many::m2363 (14 bytes)   made not entrant: not used
3588 6041       3       Many::m2364 (14 bytes)
3589 6042       4       Many::m2364 (14 bytes)
3589 6041       3       Many::m2364 (14 bytes)   made not entrant: not used
3590 6043       3       Many::m2365 (14 bytes)
3590 6044       4       Many::m2365 (14 bytes)
3590 6043       3       Many::m2365 (14 bytes)   made not entrant: not used
3591 6045       3       Many::m2366 (14 bytes)
3591 6046       4       Many::m2366 (14 bytes)
3591 6045       3       Many::m2366 (14 bytes)   made not entrant: not used
3593 6047       3       Many::m2367 (14 bytes)
3593 6048       4       Many::m2367 (14 bytes)
3593 6047       3       Many::m2367 (14 bytes)   made not entrant: not used
3594 6049       3       Many::m2368 (14 bytes)
3594 6050       4       Many::m2368 (14 bytes)
3594 6049       3       Many::m2368 (14 bytes)   made not entrant: not used
3596 6051       3       Many::m2369 (14 bytes)
3596 6052       4       Many::m2369 (14 bytes)
3596 6051       3       Many::m2369 (14 bytes)   made not entrant: not used
3597 6053       3       Many::m2370 (14 bytes)
3597 6054       4       Many::m2370 (14 bytes)
3597 6053       3       Many::m2370 (14 bytes)   made not entrant: not used
3598 6055       3       Many::m2371 (14 bytes)
3599 6056       4       Many::m2371 (14 bytes)
3599 6055       3       Many::m2371 (14 bytes)   made not entrant: not used
3600 6057       3       Many::m2372 (14 bytes)
3600 6058       4       Many::m2372 (14 bytes)
3600 6057       3       Many::m2372 (14 bytes)   made not entrant: not used
3601 6059       3       Many::m2373 (14 bytes)
3601 6060       4       Many::m2373 (14 bytes)
3601 6059       3       Many::m2373 (14 bytes)   made not entrant: not used
3603 6061       3       Many::m2374 (14 bytes)
3603 6062       4       Many::m2374 (14 bytes)
3603 6061       3       Many::m2374 (14 bytes)   made not entrant: not used
3604 6063       3       Many::m2375 (14 bytes)
3604 6064       4       Many::m2375 (14 bytes)
3604 6063       3       Many::m2375 (14 bytes)   made not entrant: not used
3606 6065       3       Many::m2376 (14 bytes)
3606 6066       4       Many::m2376 (14 bytes)
3606 6065       3       Many::m2376 (14 bytes)   made not entrant: not used
3607 6067       3       Many::m2377 (14 bytes)
3607 6068       4       Many::m2377 (14 bytes)
3607 6067       3       Many::m2377 (14 bytes)   made not entrant: not used
3608 6069       3       Many::m2378 (14 bytes)
3609 6070       4       Many::m2378 (14 bytes)
3609 6069       3       Many::m2378 (14 bytes)   made not entrant: not used
3610 6071       3       Many::m2379 (14 bytes)
3610 6072       4       Many::m2379 (14 bytes)
3610 6071       3       Many::m2379 (14 bytes)   made not entrant: not used
3611 6073       3       Many::m2380 (14 bytes)
3611 6074       4       Many::m2380 (14 bytes)
3611 6073       3       Many::m2380 (14 bytes)   made not entrant: not used
3613 6075       3       Many::m2381 (14 bytes)
3613 6076       4       Many::m2381 (14 bytes)
3613 6075       3       Many::m2381 (14 bytes)   made not entrant: not used
3614 6077       3       Many::m2382 (14 bytes)
3614 6078       4       Many::m2382 (14 bytes)
3614 6077       3       Many::m2382 (14 bytes)   made not entrant: not used
3616 6079       3       Many::m2383 (14 bytes)
3616 6080       4       Many::m2383 (14 bytes)
3616 6079       3       Many::m2383 (14 bytes)   made not entrant: not used
3617 6081       3       Many::m2384 (14 bytes)
3617 6082       4       Many::m2384 (14 bytes)
3617 6081       3       Many::m2384 (14 bytes)   made not entrant: not used
3619 6083       3       Many::m2385 (14 bytes)
3619 6084       4       Many::m2385 (14 bytes)
3619 6083       3       Many::m2385 (14 bytes)   made not entrant: not used
3620 6085       3       Many::m2386 (14 bytes)
3620 6086       4       Many::m2386 (14 bytes)
3620 6085       3       Many::m2386 (14 bytes)   made not entrant: not used
3621 6087       3       Many::m2387 (14 bytes)
3621 6088       4       Many::m2387 (14 bytes)
3622 6087       3       Many::m2387 (14 bytes)   made not entrant: not used
3623 6089       3       Many::m2388 (14 bytes)
3623 6090       4       Many::m2388 (14 bytes)
3623 6089       3       Many::m2388 (14 bytes)   made not entrant: not used
3624 6091       3       Many::m2389 (14 bytes)
3624 6092       4       Many::m2389 (14 bytes)
3624 6091       3       Many::m2389 (14 bytes)   made not entrant: not used
3626 6093       3       Many::m2390 (14 bytes)
3626 6094       4       Many::m2390 (14 bytes)
3626 6093       3       Many::m2390 (14 bytes)   made not entrant: not used
3627 6095       3       Many::m2391 (14 bytes)
3627 6096       4       Many::m2391 (14 bytes)
3627 6095       3       Many::m2391 (14 bytes)   made not entrant: not used
3628 6097       3       Many::m2392 (14 bytes)
3629 6098       4       Many::m2392 (14 bytes)
3629 6097       3       Many::m2392 (14 bytes)   made not entrant: not used
3630 6099       3       Many::m2393 (14 bytes)
3630 6100       4       Many::m2393 (14 bytes)
3630 6099       3       Many::m2393 (14 bytes)   made not entrant: not used
3631 6101       3       Many::m2394 (14 bytes)
3631 6102       4       Many::m2394 (14 bytes)
3632 6101       3       Many::m2394 (14 bytes)   made not entrant: not used
3633 6103       3       Many::m2395 (14 bytes)
3633 6104       4       Many::m2395 (14 bytes)
3633 6103       3       Many::m2395 (14 bytes)   made not entrant: not used
3634 6105       3       Many::m2396 (14 bytes)
3634 6106       4       Many::m2396 (14 bytes)
3634 6105       3       Many::m2396 (14 bytes)   made not entrant: not used
3636 6107       3       Many::m2397 (14 bytes)
3636 6108       4       Many::m2397 (14 bytes)
3636 6107       3       Many::m2397 (14 bytes)   made not entrant: not used
3637 6109       3       Many::m2398 (14 bytes)
3637 6110       4       Many::m2398 (14 bytes)
3637 6109       3       Many::m2398 (14 bytes)   made not entrant: not used
3638 6111       3       Many::m2399 (14 bytes)
3639 6112       4       Many::m2399 (14 bytes)
3639 6111       3       Many::m2399 (14 bytes)   made not entrant: not used
3640 6113       3       Many::m2400 (14 bytes)
3640 6114       4       Many::m2400 (14 bytes)
3640 6113       3       Many::m2400 (14 bytes)   made not entrant: not used
3641 6115       3       Many::m2401 (14 bytes)
3641 6116       4       Many::m2401 (14 bytes)
3641 6115       3       Many::m2401 (14 bytes)   made not entrant: not used
3643 6117       3       Many::m2402 (14 bytes)
3643 6118       4       Many::m2402 (14 bytes)
3643 6117       3       Many::m2402 (14 bytes)   made not entrant: not used
3644 6119       3       Many::m2403 (14 bytes)
3644 6120       4       Many::m2403 (14 bytes)
3644 6119       3       Many::m2403 (14 bytes)   made not entrant: not used
3646 6121       3       Many::m2404 (14 bytes)
3646 6122       4       Many::m2404 (14 bytes)
3646 6121       3       Many::m2404 (14 bytes)   made not entrant: not used
3647 6123       3       Many::m2405 (14 bytes)
3647 6124       4       Many::m2405 (14 bytes)
3647 6123       3       Many::m2405 (14 bytes)   made not entrant: not used
3648 6125       3       Many::m2406 (14 bytes)
3649 6126       4       Many::m2406 (14 bytes)
3649 6125       3       Many::m2406 (14 bytes)   made not entrant: not used
3650 6127       3       Many::m2407 (14 bytes)
3650 6128       4       Many::m2407 (14 bytes)
3650 6127       3       Many::m2407 (14 bytes)   made not entrant: not used
3651 6129       3       Many::m2408 (14 bytes)
3651 6130       4       Many::m2408 (14 bytes)
3651 6129       3       Many::m2408 (14 bytes)   made not entrant: not used
3653 6131       3       Many::m2409 (14 bytes)
3653 6132       4       Many::m2409 (14 bytes)
3653 6131       3       Many::m2409 (14 bytes)   made not entrant: not used
3654 6133       3       Many::m2410 (14 bytes)
3654 6134       4       Many::m2410 (14 bytes)
3654 6133       3       Many::m2410 (14 bytes)   made not entrant: not used
3656 6135       3       Many::m2411 (14 bytes)
3656 6136       4       Many::m2411 (14 bytes)
3656 6135       3       Many::m2411 (14 bytes)   made not entrant: not used
3657 6137       3       Many::m2412 (14 bytes)
3657 6138       4       Many::m2412 (14 bytes)
3657 6137       3       Many::m2412 (14 bytes)   made not entrant: not used
3658 6139       3       Many::m2413 (14 bytes)
3658 6140       4       Many::m2413 (14 bytes)
3659 6139       3       Many::m2413 (14 bytes)   made not entrant: not used
3660 6141       3       Many::m2414 (14 bytes)
3660 6142       4       Many::m2414 (14 bytes)
3660 6141       3       Many::m2414 (14 bytes)   made not entrant: not used
3661 6143       3       Many::m2415 (14 bytes)
3661 6144       4       Many::m2415 (14 bytes)
3661 6143       3       Many::m2415 (14 bytes)   made not entrant: not used
3663 6145       3       Many::m2416 (14 bytes)
3663 6146       4       Many::m2416 (14 bytes)
3663 6145       3       Many::m2416 (14 bytes)   made not entrant: not used
3664 6147       3       Many::m2417 (14 bytes)
3664 6148       4       Many::m2417 (14 bytes)
3664 6147       3       Many::m2417 (14 bytes)   made not entrant: not used
3666 6149       3       Many::m2418 (14 bytes)
3666 6150       4       Many::m2418 (14 bytes)
3666 6149       3       Many::m2418 (14 bytes)   made not entrant: not used
3667 6151       3       Many::m2419 (14 bytes)
3667 6152       4       Many::m2419 (14 bytes)
3667 6151       3       Many::m2419 (14 bytes)   made not entrant: not used
3669 6153       3       Many::m2420 (14 bytes)
3669 6154       4       Many::m2420 (14 bytes)
3669 6153       3       Many::m2420 (14 bytes)   made not entrant: not used
3670 6155       3       Many::m2421 (14 bytes)
3670 6156       4       Many::m2421 (14 bytes)
3670 6155       3       Many::m2421 (14 bytes)   made not entrant: not used
3671 6157       3       Many::m2422 (14 bytes)
3671 6158       4       Many::m2422 (14 bytes)
3672 6157       3       Many::m2422 (14 bytes)   made not entrant: not used
3673 6159       3       Many::m2423 (14 bytes)
3673 6160       4       Many::m2423 (14 bytes)
3673 6159       3       Many::m2423 (14 bytes)   made not entrant: not used
3674 6161       3       Many::m2424 (14 bytes)
3674 6162       4       Many::m2424 (14 bytes)
3674 6161       3       Many::m2424 (14 bytes)   made not entrant: not used
3676 6163       3       Many::m2425 (14 bytes)
3676 6164       4       Many::m2425 (14 bytes)
3676 6163       3       Many::m2425 (14 bytes)   made not entrant: not used
3677 6165       3       Many::m2426 (14 bytes)
3677 6166       4       Many::m2426 (14 bytes)
3677 6165       3       Many::m2426 (14 bytes)   made not entrant: not used
3678 6167       3       Many::m2427 (14 bytes)
3679 6168       4       Many::m2427 (14 bytes)
3679 6167       3       Many::m2427 (14 bytes)   made not entrant: not used
3680 6169       3       Many::m2428 (14 bytes)
3680 6170       4       Many::m2428 (14 bytes)
3680 6169       3       Many::m2428 (14 bytes)   made not entrant: not used
3681 6171       3       Many::m2429 (14 bytes)
3682 6172       4       Many::m2429 (14 bytes)
3682 6171       3       Many::m2429 (14 bytes)   made not entrant: not used
3683 6173       3       Many::m2430 (14 bytes)
3683 6174       4       Many::m2430 (14 bytes)
3683 6173       3       Many::m2430 (14 bytes)   made not entrant: not used
3684 6175       3       Many::m2431 (14 bytes)
3684 6176       4       Many::m2431 (14 bytes)
3684 6175       3       Many::m2431 (14 bytes)   made not entrant: not used
3686 6177       3       Many::m2432 (14 bytes)
3686 6178       4       Many::m2432 (14 bytes)
3686 6177       3       Many::m2432 (14 bytes)   made not entrant: not used
3687 6179       3       Many::m2433 (14 bytes)
3687 6180       4       Many::m2433 (14 bytes)
3687 6179       3       Many::m2433 (14 bytes)   made not entrant: not used
3689 6181       3       Many::m2434 (14 bytes)
3689 6182       4       Many::m2434 (14 bytes)
3689 6181       3       Many::m2434 (14 bytes)   made not entrant: not used
3690 6183       3       Many::m2435 (14 bytes)
3690 6184       4       Many::m2435 (14 bytes)
3690 6183       3       Many::m2435 (14 bytes)   made not entrant: not used
3691 6185       3       Many::m2436 (14 bytes)
3692 6186       4       Many::m2436 (14 bytes)
3692 6185       3       Many::m2436 (14 bytes)   made not entrant: not used
3693 6187       3       Many::m2437 (14 bytes)
3693 6188       4       Many::m2437 (14 bytes)
3693 6187       3       Many::m2437 (14 bytes)   made not entrant: not used
3694 6189       3       Many::m2438 (14 bytes)
3694 6190       4       Many::m2438 (14 bytes)
3694 6189       3       Many::m2438 (14 bytes)   made not entrant: not used
3696 6191       3       Many::m2439 (14 bytes)
3696 6192       4       Many::m2439 (14 bytes)
3696 6191       3       Many::m2439 (14 bytes)   made not entrant: not used
3697 6193       3       Many::m2440 (14 bytes)
3697 6194       4       Many::m2440 (14 bytes)
3697 6193       3       Many::m2440 (14 bytes)   made not entrant: not used
3699 6195       3       Many::m2441 (14 bytes)
3699 6196       4       Many::m2441 (14 bytes)
3699 6195       3       Many::m2441 (14 bytes)   made not entrant: not used
3700 6197       3       Many::m2442 (14 bytes)
3700 6198       4       Many::m2442 (14 bytes)
3700 6197       3       Many::m2442 (14 bytes)   made not entrant: not used
3702 6199       3       Many::m2443 (14 bytes)
3702 6200       4       Many::m2443 (14 bytes)
3702 6199       3       Many::m2443 (14 bytes)   made not entrant: not used
3703 6201       3       Many::m2444 (14 bytes)
3703 6202       4       Many::m2444 (14 bytes)
3703 6201       3       Many::m2444 (14 bytes)   made not entrant: not used
3704 6203       3       Many::m2445 (14 bytes)
3704 6204       4       Many::m2445 (14 bytes)
3705 6203       3       Many::m2445 (14 bytes)   made not entrant: not used
3706 6205       3       Many::m2446 (14 bytes)
3706 6206       4       Many::m2446 (14 bytes)
3706 6205       3       Many::m2446 (14 bytes)   made not entrant: not used
3707 6207       3       Many::m2447 (14 bytes)
3707 6208       4       Many::m2447 (14 bytes)
3707 6207       3       Many::m2447 (14 bytes)   made not entrant: not used
3709 6209       3       Many::m2448 (14 bytes)
3709 6210       4       Many::m2448 (14 bytes)
3709 6209       3       Many::m2448 (14 bytes)   made not entrant: not used
3710 6211       3       Many::m2449 (14 bytes)
3710 6212       4       Many::m2449 (14 bytes)
3710 6211       3       Many::m2449 (14 bytes)   made not entrant: not used
3711 6213       3       Many::m2450 (14 bytes)
3712 6214       4       Many::m2450 (14 bytes)
3712 6213       3       Many::m2450 (14 bytes)   made not entrant: not used
3713 6215       3       Many::m2451 (14 bytes)
3713 6216       4       Many::m2451 (14 bytes)
3713 6215       3       Many::m2451 (14 bytes)   made not entrant: not used
3715 6217       3       Many::m2452 (14 bytes)
3715 6218       4       Many::m2452 (14 bytes)
3715 6217       3       Many::m2452 (14 bytes)   made not entrant: not used
3716 6219       3       Many::m2453 (14 bytes)
3716 6220       4       Many::m2453 (14 bytes)
3716 6219       3       Many::m2453 (14 bytes)   made not entrant: not used
3717 6221       3       Many::m2454 (14 bytes)
3717 6222       4       Many::m2454 (14 bytes)
3718 6221       3       Many::m2454 (14 bytes)   made not entrant: not used
3719 6223       3       Many::m2455 (14 bytes)
3719 6224       4       Many::m2455 (14 bytes)
3719 6223       3       Many::m2455 (14 bytes)   made not entrant: not used
3720 6225       3       Many::m2456 (14 bytes)
3720 6226       4       Many::m2456 (14 bytes)
3720 6225       3       Many::m2456 (14 bytes)   made not entrant: not used
3722 6227       3       Many::m2457 (14 bytes)
3722 6228       4       Many::m2457 (14 bytes)
3722 6227       3       Many::m2457 (14 bytes)   made not entrant: not used
3723 6229       3       Many::m2458 (14 bytes)
3723 6230       4       Many::m2458 (14 bytes)
3723 6229       3       Many::m2458 (14 bytes)   made not entrant: not used
3724 6231       3       Many::m2459 (14 bytes)
3725 6232       4       Many::m2459 (14 bytes)
3725 6231       3       Many::m2459 (14 bytes)   made not entrant: not used
3726 6233       3       Many::m2460 (14 bytes)
3726 6234       4       Many::m2460 (14 bytes)
3726 6233       3       Many::m2460 (14 bytes)   made not entrant: not used
3727 6235       3       Many::m2461 (14 bytes)
3727 6236       4       Many::m2461 (14 bytes)
3727 6235       3       Many::m2461 (14 bytes)   made not entrant: not used
3729 6237       3       Many::m2462 (14 bytes)
3729 6238       4       Many::m2462 (14 bytes)
3729 6237       3       Many::m2462 (14 bytes)   made not entrant: not used
3730 6239       3       Many::m2463 (14 bytes)
3730 6240       4       Many::m2463 (14 bytes)
3730 6239       3       Many::m2463 (14 bytes)   made not entrant: not used
3732 6241       3       Many::m2464 (14 bytes)
3732 6242       4       Many::m2464 (14 bytes)
3732 6241       3       Many::m2464 (14 bytes)   made not entrant: not used
3733 6243       3       Many::m2465 (14 bytes)
3733 6244       4       Many::m2465 (14 bytes)
3733 6243       3       Many::m2465 (14 bytes)   made not entrant: not used
3735 6245       3       Many::m2466 (14 bytes)
3735 6246       4       Many::m2466 (14 bytes)
3735 6245       3       Many::m2466 (14 bytes)   made not entrant: not used
3736 6247       3       Many::m2467 (14 bytes)
3736 6248       4       Many::m2467 (14 bytes)
3736 6247       3       Many::m2467 (14 bytes)   made not entrant: not used
3737 6249       3       Many::m2468 (14 bytes)
3737 6250       4       Many::m2468 (14 bytes)
3738 6249       3       Many::m2468 (14 bytes)   made not entrant: not used
3739 6251       3       Many::m2469 (14 bytes)
3739 6252       4       Many::m2469 (14 bytes)
3739 6251       3       Many::m2469 (14 bytes)   made not entrant: not used
3740 6253       3       Many::m2470 (14 bytes)
3740 6254       4       Many::m2470 (14 bytes)
3740 6253       3       Many::m2470 (14 bytes)   made not entrant: not used
3742 6255       3       Many::m2471 (14 bytes)
3742 6256       4       Many::m2471 (14 bytes)
3742 6255       3       Many::m2471 (14 bytes)   made not entrant: not used
3743 6257       3       Many::m2472 (14 bytes)
3743 6258       4       Many::m2472 (14 bytes)
3743 6257       3       Many::m2472 (14 bytes)   made not entrant: not used
3744 6259       3       Many::m2473 (14 bytes)
3745 6260       4       Many::m2473 (14 bytes)
3745 6259       3       Many::m2473 (14 bytes)   made not entrant: not used
3746 6261       3       Many::m2474 (14 bytes)
3746 6262       4       Many::m2474 (14 bytes)
3746 6261       3       Many::m2474 (14 bytes)   made not entrant: not used
3747 6263       3       Many::m2475 (14 bytes)
3747 6264       4       Many::m2475 (14 bytes)
3748 6263       3       Many::m2475 (14 bytes)   made not entrant: not used
3749 6265       3       Many::m2476 (14 bytes)
3749 6266       4       Many::m2476 (14 bytes)
3749 6265       3       Many::m2476 (14 bytes)   made not entrant: not used
3750 6267       3       Many::m2477 (14 bytes)
3750 6268       4       Many::m2477 (14 bytes)
3750 6267       3       Many::m2477 (14 bytes)   made not entrant: not used
3752 6269       3       Many::m2478 (14 bytes)
3752 6270       4       Many::m2478 (14 bytes)
3752 6269       3       Many::m2478 (14 bytes)   made not entrant: not used
3753 6271       3       Many::m2479 (14 bytes)
3753 6272       4       Many::m2479 (14 bytes)
3753 6271       3       Many::m2479 (14 bytes)   made not entrant: not used
3754 6273       3       Many::m2480 (14 bytes)
3755 6274       4       Many::m2480 (14 bytes)
3755 6273       3       Many::m2480 (14 bytes)   made not entrant: not used
3756 6275       3       Many::m2481 (14 bytes)
3756 6276       4       Many::m2481 (14 bytes)
3756 6275       3       Many::m2481 (14 bytes)   made not entrant: not used
3757 6277       3       Many::m2482 (14 bytes)
3757 6278       4       Many::m2482 (14 bytes)
3757 6277       3       Many::m2482 (14 bytes)   made not entrant: not used
3759 6279       3       Many::m2483 (14 bytes)
3759 6280       4       Many::m2483 (14 bytes)
3759 6279       3       Many::m2483 (14 bytes)   made not entrant: not used
3760 6281       3       Many::m2484 (14 bytes)
3760 6282       4       Many::m2484 (14 bytes)
3760 6281       3       Many::m2484 (14 bytes)   made not entrant: not used
3761 6283       3       Many::m2485 (14 bytes)
3762 6284       4       Many::m2485 (14 bytes)
3762 6283       3       Many::m2485 (14 bytes)   made not entrant: not used
3763 6285       3       Many::m2486 (14 bytes)
3763 6286       4       Many::m2486 (14 bytes)
3763 6285       3       Many::m2486 (14 bytes)   made not entrant: not used
3764 6287       3       Many::m2487 (14 bytes)
3765 6288       4       Many::m2487 (14 bytes)
3765 6287       3       Many::m2487 (14 bytes)   made not entrant: not used
3766 6289       3       Many::m2488 (14 bytes)
3766 6290       4       Many::m2488 (14 bytes)
3766 6289       3       Many::m2488 (14 bytes)   made not entrant: not used
3767 6291       3       Many::m2489 (14 bytes)
3767 6292       4       Many::m2489 (14 bytes)
3768 6291       3       Many::m2489 (14 bytes)   made not entrant: not used
3769 6293       3       Many::m2490 (14 bytes)
3769 6294       4       Many::m2490 (14 bytes)
3769 6293       3       Many::m2490 (14 bytes)   made not entrant: not used
3770 6295       3       Many::m2491 (14 bytes)
3770 6296       4       Many::m2491 (14 bytes)
3770 6295       3       Many::m2491 (14 bytes)   made not entrant: not used
3772 6297       3       Many::m2492 (14 bytes)
3772 6298       4       Many::m2492 (14 bytes)
3772 6297       3       Many::m2492 (14 bytes)   made not entrant: not used
3773 6299       3       Many::m2493 (14 bytes)
3773 6300       4       Many::m2493 (14 bytes)
3773 6299       3       Many::m2493 (14 bytes)   made not entrant: not used
3774 6301       3       Many::m2494 (14 bytes)
3774 6302       4       Many::m2494 (14 bytes)
3775 6301       3       Many::m2494 (14 bytes)   made not entrant: not used
3776 6303       3       Many::m2495 (14 bytes)
3776 6304       4       Many::m2495 (14 bytes)
3776 6303       3       Many::m2495 (14 bytes)   made not entrant: not used
3777 6305       3       Many::m2496 (14 bytes)
3777 6306       4       Many::m2496 (14 bytes)
3777 6305       3       Many::m2496 (14 bytes)   made not entrant: not used
3779 6307       3       Many::m2497 (14 bytes)
3779 6308       4       Many::m2497 (14 bytes)
3779 6307       3       Many::m2497 (14 bytes)   made not entrant: not used
3780 6309       3       Many::m2498 (14 bytes)
3780 6310       4       Many::m2498 (14 bytes)
3780 6309       3       Many::m2498 (14 bytes)   made not entrant: not used
3782 6311       3       Many::m2499 (14 bytes)
3782 6312       4       Many::m2499 (14 bytes)
3782 6311       3       Many::m2499 (14 bytes)   made not entrant: not used
3783 6313       3       Many::m2500 (14 bytes)
3783 6314       4       Many::m2500 (14 bytes)
3783 6313       3       Many::m2500 (14 bytes)   made not entrant: not used
3784 6315       3       Many::m2501 (14 bytes)
3785 6316       4       Many::m2501 (14 bytes)
3785 6315       3       Many::m2501 (14 bytes)   made not entrant: not used
3786 6317       3       Many::m2502 (14 bytes)
3786 6318       4       Many::m2502 (14 bytes)
3786 6317       3       Many::m2502 (14 bytes)   made not entrant: not used
3787 6319       3       Many::m2503 (14 bytes)
3787 6320       4       Many::m2503 (14 bytes)
3787 6319       3       Many::m2503 (14 bytes)   made not entrant: not used
3789 6321       3       Many::m2504 (14 bytes)
3789 6322       4       Many::m2504 (14 bytes)
3789 6321       3       Many::m2504 (14 bytes)   made not entrant: not used
3790 6323       3       Many::m2505 (14 bytes)
3790 6324       4       Many::m2505 (14 bytes)
3790 6323       3       Many::m2505 (14 bytes)   made not entrant: not used
3792 6325       3       Many::m2506 (14 bytes)
3792 6326       4       Many::m2506 (14 bytes)
3792 6325       3       Many::m2506 (14 bytes)   made not entrant: not used
3793 6327       3       Many::m2507 (14 bytes)
3793 6328       4       Many::m2507 (14 bytes)
3793 6327       3       Many::m2507 (14 bytes)   made not entrant: not used
3794 6329       3       Many::m2508 (14 bytes)
3795 6330       4       Many::m2508 (14 bytes)
3795 6329       3       Many::m2508 (14 bytes)   made not entrant: not used
3796 6331       3       Many::m2509 (14 bytes)
3796 6332       4       Many::m2509 (14 bytes)
3796 6331       3       Many::m2509 (14 bytes)   made not entrant: not used
3797 6333       3       Many::m2510 (14 bytes)
3797 6334       4       Many::m2510 (14 bytes)
3798 6333       3       Many::m2510 (14 bytes)   made not entrant: not used
3799 6335       3       Many::m2511 (14 bytes)
3799 6336       4       Many::m2511 (14 bytes)
3799 6335       3       Many::m2511 (14 bytes)   made not entrant: not used
3800 6337       3       Many::m2512 (14 bytes)
3800 6338       4       Many::m2512 (14 bytes)
3800 6337       3       Many::m2512 (14 bytes)   made not entrant: not used
3802 6339       3       Many::m2513 (14 bytes)
3802 6340       4       Many::m2513 (14 bytes)
3802 6339       3       Many::m2513 (14 bytes)   made not entrant: not used
3803 6341       3       Many::m2514 (14 bytes)
3803 6342       4       Many::m2514 (14 bytes)
3803 6341       3       Many::m2514 (14 bytes)   made not entrant: not used
3804 6343       3       Many::m2515 (14 bytes)
3805 6344       4       Many::m2515 (14 bytes)
3805 6343       3       Many::m2515 (14 bytes)   made not entrant: not used
3806 6345       3       Many::m2516 (14 bytes)
3806 6346       4       Many::m2516 (14 bytes)
3806 6345       3       Many::m2516 (14 bytes)   made not entrant: not used
3807 6347       3       Many::m2517 (14 bytes)
3807 6348       4       Many::m2517 (14 bytes)
3807 6347       3       Many::m2517 (14 bytes)   made not entrant: not used
3809 6349       3       Many::m2518 (14 bytes)
3809 6350       4       Many::m2518 (14 bytes)
3809 6349       3       Many::m2518 (14 bytes)   made not entrant: not used
3810 6351       3       Many::m2519 (14 bytes)
3810 6352       4       Many::m2519 (14 bytes)
3810 6351       3       Many::m2519 (14 bytes)   made not entrant: not used
3812 6353       3       Many::m2520 (14 bytes)
3812 6354       4       Many::m2520 (14 bytes)
3812 6353       3       Many::m2520 (14 bytes)   made not entrant: not used
3813 6355       3       Many::m2521 (14 bytes)
3813 6356       4       Many::m2521 (14 bytes)
3813 6355       3       Many::m2521 (14 bytes)   made not entrant: not used
3814 6357       3       Many::m2522 (14 bytes)
3815 6358       4       Many::m2522 (14 bytes)
3815 6357       3       Many::m2522 (14 bytes)   made not entrant: not used
3816 6359       3       Many::m2523 (14 bytes)
3816 6360       4       Many::m2523 (14 bytes)
3816 6359       3       Many::m2523 (14 bytes)   made not entrant: not used
3817 6361       3       Many::m2524 (14 bytes)
3817 6362       4       Many::m2524 (14 bytes)
3818 6361       3       Many::m2524 (14 bytes)   made not entrant: not used
3819 6363       3       Many::m2525 (14 bytes)
3819 6364       4       Many::m2525 (14 bytes)
3819 6363       3       Many::m2525 (14 bytes)   made not entrant: not used
3820 6365       3       Many::m2526 (14 bytes)
3820 6366       4       Many::m2526 (14 bytes)
3820 6365       3       Many::m2526 (14 bytes)   made not entrant: not used
3822 6367       3       Many::m2527 (14 bytes)
3822 6368       4       Many::m2527 (14 bytes)
3822 6367       3       Many::m2527 (14 bytes)   made not entrant: not used
3823 6369       3       Many::m2528 (14 bytes)
3823 6370       4       Many::m2528 (14 bytes)
3823 6369       3       Many::m2528 (14 bytes)   made not entrant: not used
3824 6371       3       Many::m2529 (14 bytes)
3825 6372       4       Many::m2529 (14 bytes)
3825 6371       3       Many::m2529 (14 bytes)   made not entrant: not used
3826 6373       3       Many::m2530 (14 bytes)
3826 6374       4       Many::m2530 (14 bytes)
3826 6373       3       Many::m2530 (14 bytes)   made not entrant: not used
3827 6375       3       Many::m2531 (14 bytes)
3827 6376       4       Many::m2531 (14 bytes)
3827 6375       3       Many::m2531 (14 bytes)   made not entrant: not used
3829 6377       3       Many::m2532 (14 bytes)
3829 6378       4       Many::m2532 (14 bytes)
3829 6377       3       Many::m2532 (14 bytes)   made not entrant: not used
3830 6379       3       Many::m2533 (14 bytes)
3830 6380       4       Many::m2533 (14 bytes)
3830 6379       3       Many::m2533 (14 bytes)   made not entrant: not used
3832 6381       3       Many::m2534 (14 bytes)
3832 6382       4       Many::m2534 (14 bytes)
3832 6381       3       Many::m2534 (14 bytes)   made not entrant: not used
3833 6383       3       Many::m2535 (14 bytes)
3833 6384       4       Many::m2535 (14 bytes)
3833 6383       3       Many::m2535 (14 bytes)   made not entrant: not used
3834 6385       3       Many::m2536 (14 bytes)
3835 6386       4       Many::m2536 (14 bytes)
3835 6385       3       Many::m2536 (14 bytes)   made not entrant: not used
3836 6387       3       Many::m2537 (14 bytes)
3836 6388       4       Many::m2537 (14 bytes)
3836 6387       3       Many::m2537 (14 bytes)   made not entrant: not used
3837 6389       3       Many::m2538 (14 bytes)
3837 6390       4       Many::m2538 (14 bytes)
3837 6389       3       Many::m2538 (14 bytes)   made not entrant: not used
3839 6391       3       Many::m2539 (14 bytes)
3839 6392       4       Many::m2539 (14 bytes)
3839 6391       3       Many::m2539 (14 bytes)   made not entrant: not used
3840 6393       3       Many::m2540 (14 bytes)
3840 6394       4       Many::m2540 (14 bytes)
3840 6393       3       Many::m2540 (14 bytes)   made not entrant: not used
3841 6395       3       Many::m2541 (14 bytes)
3842 6396       4       Many::m2541 (14 bytes)
3842 6395       3       Many::m2541 (14 bytes)   made not entrant: not used
3843 6397       3       Many::m2542 (14 bytes)
3843 6398       4       Many::m2542 (14 bytes)
3843 6397       3       Many::m2542 (14 bytes)   made not entrant: not used
3844 6399       3       Many::m2543 (14 bytes)
3844 6400       4       Many::m2543 (14 bytes)
3844 6399       3       Many::m2543 (14 bytes)   made not entrant: not used
3846 6401       3       Many::m2544 (14 bytes)
3846 6402       4       Many::m2544 (14 bytes)
3846 6401       3       Many::m2544 (14 bytes)   made not entrant: not used
3847 6403       3       Many::m2545 (14 bytes)
3847 6404       4       Many::m2545 (14 bytes)
3847 6403       3       Many::m2545 (14 bytes)   made not entrant: not used
3849 6405       3       Many::m2546 (14 bytes)
3849 6406       4       Many::m2546 (14 bytes)
3849 6405       3       Many::m2546 (14 bytes)   made not entrant: not used
3850 6407       3       Many::m2547 (14 bytes)
3850 6408       4       Many::m2547 (14 bytes)
3850 6407       3       Many::m2547 (14 bytes)   made not entrant: not used
3851 6409       3       Many::m2548 (14 bytes)
3852 6410       4       Many::m2548 (14 bytes)
3852 6409       3       Many::m2548 (14 bytes)   made not entrant: not used
3853 6411       3       Many::m2549 (14 bytes)
3853 6412       4       Many::m2549 (14 bytes)
3853 6411       3       Many::m2549 (14 bytes)   made not entrant: not used
3854 6413       3       Many::m2550 (14 bytes)
3854 6414       4       Many::m2550 (14 bytes)
3855 6413       3       Many::m2550 (14 bytes)   made not entrant: not used
3856 6415       3       Many::m2551 (14 bytes)
3856 6416       4       Many::m2551 (14 bytes)
3856 6415       3       Many::m2551 (14 bytes)   made not entrant: not used
3857 6417       3       Many::m2552 (14 bytes)
3857 6418       4       Many::m2552 (14 bytes)
3857 6417       3       Many::m2552 (14 bytes)   made not entrant: not used
3859 6419       3       Many::m2553 (14 bytes)
3859 6420       4       Many::m2553 (14 bytes)
3859 6419       3       Many::m2553 (14 bytes)   made not entrant: not used
3860 6421       3       Many::m2554 (14 bytes)
3860 6422       4       Many::m2554 (14 bytes)
3860 6421       3       Many::m2554 (14 bytes)   made not entrant: not used
3861 6423       3       Many::m2555 (14 bytes)
3862 6424       4       Many::m2555 (14 bytes)
3862 6423       3       Many::m2555 (14 bytes)   made not entrant: not used
3863 6425       3       Many::m2556 (14 bytes)
3863 6426       4       Many::m2556 (14 bytes)
3863 6425       3       Many::m2556 (14 bytes)   made not entrant: not used
3864 6427       3       Many::m2557 (14 bytes)
3864 6428       4       Many::m2557 (14 bytes)
3865 6427       3       Many::m2557 (14 bytes)   made not entrant: not used
3866 6429       3       Many::m2558 (14 bytes)
3866 6430       4       Many::m2558 (14 bytes)
3866 6429       3       Many::m2558 (14 bytes)   made not entrant: not used
3867 6431       3       Many::m2559 (14 bytes)
3867 6432       4       Many::m2559 (14 bytes)
3867 6431       3       Many::m2559 (14 bytes)   made not entrant: not used
3869 6433       3       Many::m2560 (14 bytes)
3869 6434       4       Many::m2560 (14 bytes)
3869 6433       3       Many::m2560 (14 bytes)   made not entrant: not used
3870 6435       3       Many::m2561 (14 bytes)
3870 6436       4       Many::m2561 (14 bytes)
3870 6435       3       Many::m2561 (14 bytes)   made not entrant: not used
3871 6437       3       Many::m2562 (14 bytes)
3872 6438       4       Many::m2562 (14 bytes)
3872 6437       3       Many::m2562 (14 bytes)   made not entrant: not used
3873 6439       3       Many::m2563 (14 bytes)
3873 6440       4       Many::m2563 (14 bytes)
3873 6439       3       Many::m2563 (14 bytes)   made not entrant: not used
3874 6441       3       Many::m2564 (14 bytes)
3874 6442       4       Many::m2564 (14 bytes)
3874 6441       3       Many::m2564 (14 bytes)   made not entrant: not used
3876 6443       3       Many::m2565 (14 bytes)
3876 6444       4       Many::m2565 (14 bytes)
3876 6443       3       Many::m2565 (14 bytes)   made not entrant: not used
3877 6445       3       Many::m2566 (14 bytes)
3877 6446       4       Many::m2566 (14 bytes)
3877 6445       3       Many::m2566 (14 bytes)   made not entrant: not used
3879 6447       3       Many::m2567 (14 bytes)
3879 6448       4       Many::m2567 (14 bytes)
3879 6447       3       Many::m2567 (14 bytes)   made not entrant: not used
3880 6449       3       Many::m2568 (14 bytes)
3880 6450       4       Many::m2568 (14 bytes)
3880 6449       3       Many::m2568 (14 bytes)   made not entrant: not used
3881 6451       3       Many::m2569 (14 bytes)
3882 6452       4       Many::m2569 (14 bytes)
3882 6451       3       Many::m2569 (14 bytes)   made not entrant: not used
3883 6453       3       Many::m2570 (14 bytes)
3883 6454       4       Many::m2570 (14 bytes)
3883 6453       3       Many::m2570 (14 bytes)   made not entrant: not used
3884 6455       3       Many::m2571 (14 bytes)
3884 6456       4       Many::m2571 (14 bytes)
3884 6455       3       Many::m2571 (14 bytes)   made not entrant: not used
3886 6457       3       Many::m2572 (14 bytes)
3886 6458       4       Many::m2572 (14 bytes)
3886 6457       3       Many::m2572 (14 bytes)   made not entrant: not used
3887 6459       3       Many::m2573 (14 bytes)
3887 6460       4       Many::m2573 (14 bytes)
3887 6459       3       Many::m2573 (14 bytes)   made not entrant: not used
3889 6461       3       Many::m2574 (14 bytes)
3889 6462       4       Many::m2574 (14 bytes)
3889 6461       3       Many::m2574 (14 bytes)   made not entrant: not used
3890 6463       3       Many::m2575 (14 bytes)
3890 6464       4       Many::m2575 (14 bytes)
3890 6463       3       Many::m2575 (14 bytes)   made not entrant: not used
3891 6465       3       Many::m2576 (14 bytes)
3891 6466       4       Many::m2576 (14 bytes)
3892 6465       3       Many::m2576 (14 bytes)   made not entrant: not used
3893 6467       3       Many::m2577 (14 bytes)
3893 6468       4       Many::m2577 (14 bytes)
3893 6467       3       Many::m2577 (14 bytes)   made not entrant: not used
3894 6469       3       Many::m2578 (14 bytes)
3894 6470       4       Many::m2578 (14 bytes)
3894 6469       3       Many::m2578 (14 bytes)   made not entrant: not used
3896 6471       3       Many::m2579 (14 bytes)
3896 6472       4       Many::m2579 (14 bytes)
3896 6471       3       Many::m2579 (14 bytes)   made not entrant: not used
3897 6473       3       Many::m2580 (14 bytes)
3897 6474       4       Many::m2580 (14 bytes)
3897 6473       3       Many::m2580 (14 bytes)   made not entrant: not used
3899 6475       3       Many::m2581 (14 bytes)
3899 6476       4       Many::m2581 (14 bytes)
3899 6475       3       Many::m2581 (14 bytes)   made not entrant: not used
3900 6477       3       Many::m2582 (14 bytes)
3900 6478       4       Many::m2582 (14 bytes)
3900 6477       3       Many::m2582 (14 bytes)   made not entrant: not used
3901 6479       3       Many::m2583 (14 bytes)
3901 6480       4       Many::m2583 (14 bytes)
3902 6479       3       Many::m2583 (14 bytes)   made not entrant: not used
3903 6481       3       Many::m2584 (14 bytes)
3903 6482       4       Many::m2584 (14 bytes)
3903 6481       3       Many::m2584 (14 bytes)   made not entrant: not used
3904 6483       3       Many::m2585 (14 bytes)
3904 6484       4       Many::m2585 (14 bytes)
3904 6483       3       Many::m2585 (14 bytes)   made not entrant: not used
3906 6485       3       Many::m2586 (14 bytes)
3906 6486       4       Many::m2586 (14 bytes)
3906 6485       3       Many::m2586 (14 bytes)   made not entrant: not used
3907 6487       3       Many::m2587 (14 bytes)
3907 6488       4       Many::m2587 (14 bytes)
3907 6487       3       Many::m2587 (14 bytes)   made not entrant: not used
3908 6489       3       Many::m2588 (14 bytes)
3909 6490       4       Many::m2588 (14 bytes)
3909 6489       3       Many::m2588 (14 bytes)   made not entrant: not used
3910 6491       3       Many::m2589 (14 bytes)
3910 6492       4       Many::m2589 (14 bytes)
3910 6491       3       Many::m2589 (14 bytes)   made not entrant: not used
3911 6493       3       Many::m2590 (14 bytes)
3911 6494       4       Many::m2590 (14 bytes)
3911 6493       3       Many::m2590 (14 bytes)   made not entrant: not used
3913 6495       3       Many::m2591 (14 bytes)
3913 6496       4       Many::m2591 (14 bytes)
3913 6495       3       Many::m2591 (14 bytes)   made not entrant: not used
3914 6497       3       Many::m2592 (14 bytes)
3914 6498       4       Many::m2592 (14 bytes)
3914 6497       3       Many::m2592 (14 bytes)   made not entrant: not used
3916 6499       3       Many::m2593 (14 bytes)
3916 6500       4       Many::m2593 (14 bytes)
3916 6499       3       Many::m2593 (14 bytes)   made not entrant: not used
3917 6501       3       Many::m2594 (14 bytes)
3917 6502       4       Many::m2594 (14 bytes)
3917 6501       3       Many::m2594 (14 bytes)   made not entrant: not used
3919 6503       3       Many::m2595 (14 bytes)
3919 6504       4       Many::m2595 (14 bytes)
3919 6503       3       Many::m2595 (14 bytes)   made not entrant: not used
3920 6505       3       Many::m2596 (14 bytes)
3920 6506       4       Many::m2596 (14 bytes)
3920 6505       3       Many::m2596 (14 bytes)   made not entrant: not used
3921 6507       3       Many::m2597 (14 bytes)
3921 6508       4       Many::m2597 (14 bytes)
3922 6507       3       Many::m2597 (14 bytes)   made not entrant: not used
3923 6509       3       Many::m2598 (14 bytes)
3923 6510       4       Many::m2598 (14 bytes)
3923 6509       3       Many::m2598 (14 bytes)   made not entrant: not used
3924 6511       3       Many::m2599 (14 bytes)
3924 6512       4       Many::m2599 (14 bytes)
3924 6511       3       Many::m2599 (14 bytes)   made not entrant: not used
3926 6513       3       Many::m2600 (14 bytes)
3926 6514       4       Many::m2600 (14 bytes)
3926 6513       3       Many::m2600 (14 bytes)   made not entrant: not used
3927 6515       3       Many::m2601 (14 bytes)
3927 6516       4       Many::m2601 (14 bytes)
3927 6515       3       Many::m2601 (14 bytes)   made not entrant: not used
3928 6517       3       Many::m2602 (14 bytes)
3929 6518       4       Many::m2602 (14 bytes)
3929 6517       3       Many::m2602 (14 bytes)   made not entrant: not used
3930 6519       3       Many::m2603 (14 bytes)
3930 6520       4       Many::m2603 (14 bytes)
3930 6519       3       Many::m2603 (14 bytes)   made not entrant: not used
3932 6521       3       Many::m2604 (14 bytes)
3932 6522       4       Many::m2604 (14 bytes)
3932 6521       3       Many::m2604 (14 bytes)   made not entrant: not used
3933 6523       3       Many::m2605 (14 bytes)
3933 6524       4       Many::m2605 (14 bytes)
3933 6523       3       Many::m2605 (14 bytes)   made not entrant: not used
3934 6525       3       Many::m2606 (14 bytes)
3935 6526       4       Many::m2606 (14 bytes)
3935 6525       3       Many::m2606 (14 bytes)   made not entrant: not used
3936 6527       3       Many::m2607 (14 bytes)
3936 6528       4       Many::m2607 (14 bytes)
3936 6527       3       Many::m2607 (14 bytes)   made not entrant: not used
3937 6529       3       Many::m2608 (14 bytes)
3937 6530       4       Many::m2608 (14 bytes)
3938 6529       3       Many::m2608 (14 bytes)   made not entrant: not used
3939 6531       3       Many::m2609 (14 bytes)
3939 6532       4       Many::m2609 (14 bytes)
3939 6531       3       Many::m2609 (14 bytes)   made not entrant: not used
3940 6533       3       Many::m2610 (14 bytes)
3940 6534       4       Many::m2610 (14 bytes)
3940 6533       3       Many::m2610 (14 bytes)   made not entrant: not used
3942 6535       3       Many::m2611 (14 bytes)
3942 6536       4       Many::m2611 (14 bytes)
3942 6535       3       Many::m2611 (14 bytes)   made not entrant: not used
3943 6537       3       Many::m2612 (14 bytes)
3943 6538       4       Many::m2612 (14 bytes)
3943 6537       3       Many::m2612 (14 bytes)   made not entrant: not used
3944 6539       3       Many::m2613 (14 bytes)
3945 6540       4       Many::m2613 (14 bytes)
3945 6539       3       Many::m2613 (14 bytes)   made not entrant: not used
3946 6541       3       Many::m2614 (14 bytes)
3946 6542       4       Many::m2614 (14 bytes)
3946 6541       3       Many::m2614 (14 bytes)   made not entrant: not used
3947 6543       3       Many::m2615 (14 bytes)
3948 6544       4       Many::m2615 (14 bytes)
3948 6543       3       Many::m2615 (14 bytes)   made not entrant: not used
3949 6545       3       Many::m2616 (14 bytes)
3949 6546       4       Many::m2616 (14 bytes)
3949 6545       3       Many::m2616 (14 bytes)   made not entrant: not used
3950 6547       3       Many::m2617 (14 bytes)
3950 6548       4       Many::m2617 (14 bytes)
3950 6547       3       Many::m2617 (14 bytes)   made not entrant: not used
3952 6549       3       Many::m2618 (14 bytes)
3952 6550       4       Many::m2618 (14 bytes)
3952 6549       3       Many::m2618 (14 bytes)   made not entrant: not used
3953 6551       3       Many::m2619 (14 bytes)
3953 6552       4       Many::m2619 (14 bytes)
3953 6551       3       Many::m2619 (14 bytes)   made not entrant: not used
3955 6553       3       Many::m2620 (14 bytes)
3955 6554       4       Many::m2620 (14 bytes)
3955 6553       3       Many::m2620 (14 bytes)   made not entrant: not used
3956 6555       3       Many::m2621 (14 bytes)
3956 6556       4       Many::m2621 (14 bytes)
3956 6555       3       Many::m2621 (14 bytes)   made not entrant: not used
3957 6557       3       Many::m2622 (14 bytes)
3957 6558       4       Many::m2622 (14 bytes)
3958 6557       3       Many::m2622 (14 bytes)   made not entrant: not used
3959 6559       3       Many::m2623 (14 bytes)
3959 6560       4       Many::m2623 (14 bytes)
3959 6559       3       Many::m2623 (14 bytes)   made not entrant: not used
3960 6561       3       Many::m2624 (14 bytes)
3960 6562       4       Many::m2624 (14 bytes)
3960 6561       3       Many::m2624 (14 bytes)   made not entrant: not used
3962 6563       3       Many::m2625 (14 bytes)
3962 6564       4       Many::m2625 (14 bytes)
3962 6563       3       Many::m2625 (14 bytes)   made not entrant: not used
3963 6565       3       Many::m2626 (14 bytes)
3963 6566       4       Many::m2626 (14 bytes)
3963 6565       3       Many::m2626 (14 bytes)   made not entrant: not used
3965 6567       3       Many::m2627 (14 bytes)
3965 6568       4       Many::m2627 (14 bytes)
3965 6567       3       Many::m2627 (14 bytes)   made not entrant: not used
3966 6569       3       Many::m2628 (14 bytes)
3966 6570       4       Many::m2628 (14 bytes)
3966 6569       3       Many::m2628 (14 bytes)   made not entrant: not used
3967 6571       3       Many::m2629 (14 bytes)
3968 6572       4       Many::m2629 (14 bytes)
3968 6571       3       Many::m2629 (14 bytes)   made not entrant: not used
3969 6573       3       Many::m2630 (14 bytes)
3969 6574       4       Many::m2630 (14 bytes)
3969 6573       3       Many::m2630 (14 bytes)   made not entrant: not used
3970 6575       3       Many::m2631 (14 bytes)
3970 6576       4       Many::m2631 (14 bytes)
3970 6575       3       Many::m2631 (14 bytes)   made not entrant: not used
3972 6577       3       Many::m2632 (14 bytes)
3972 6578       4       Many::m2632 (14 bytes)
3972 6577       3       Many::m2632 (14 bytes)   made not entrant: not used
3973 6579       3       Many::m2633 (14 bytes)
3973 6580       4       Many::m2633 (14 bytes)
3973 6579       3       Many::m2633 (14 bytes)   made not entrant: not used
3975 6581       3       Many::m2634 (14 bytes)
3975 6582       4       Many::m2634 (14 bytes)
3975 6581       3       Many::m2634 (14 bytes)   made not entrant: not used
3976 6583       3       Many::m2635 (14 bytes)
3976 6584       4       Many::m2635 (14 bytes)
3976 6583       3       Many::m2635 (14 bytes)   made not entrant: not used
3977 6585       3       Many::m2636 (14 bytes)
3977 6586       4       Many::m2636 (14 bytes)
3978 6585       3       Many::m2636 (14 bytes)   made not entrant: not used
3979 6587       3       Many::m2637 (14 bytes)
3979 6588       4       Many::m2637 (14 bytes)
3979 6587       3       Many::m2637 (14 bytes)   made not entrant: not used
3980 6589       3       Many::m2638 (14 bytes)
3980 6590       4       Many::m2638 (14 bytes)
3980 6589       3       Many::m2638 (14 bytes)   made not entrant: not used
3982 6591       3       Many::m2639 (14 bytes)
3982 6592       4       Many::m2639 (14 bytes)
3982 6591       3       Many::m2639 (14 bytes)   made not entrant: not used
3983 6593       3       Many::m2640 (14 bytes)
3983 6594       4       Many::m2640 (14 bytes)
3983 6593       3       Many::m2640 (14 bytes)   made not entrant: not used
3985 6595       3       Many::m2641 (14 bytes)
3985 6596       4       Many::m2641 (14 bytes)
3985 6595       3       Many::m2641 (14 bytes)   made not entrant: not used
3986 6597       3       Many::m2642 (14 bytes)
3986 6598       4       Many::m2642 (14 bytes)
3986 6597       3       Many::m2642 (14 bytes)   made not entrant: not used
3987 6599       3       Many::m2643 (14 bytes)
3987 6600       4       Many::m2643 (14 bytes)
3988 6599       3       Many::m2643 (14 bytes)   made not entrant: not used
3989 6601       3       Many::m2644 (14 bytes)
3989 6602       4       Many::m2644 (14 bytes)
3989 6601       3       Many::m2644 (14 bytes)   made not entrant: not used
3990 6603       3       Many::m2645 (14 bytes)
3990 6604       4       Many::m2645 (14 bytes)
3990 6603       3       Many::m2645 (14 bytes)   made not entrant: not used
3992 6605       3       Many::m2646 (14 bytes)
3992 6606       4       Many::m2646 (14 bytes)
3992 6605       3       Many::m2646 (14 bytes)   made not entrant: not used
3993 6607       3       Many::m2647 (14 bytes)
3993 6608       4       Many::m2647 (14 bytes)
3993 6607       3       Many::m2647 (14 bytes)   made not entrant: not used
3994 6609       3       Many::m2648 (14 bytes)
3995 6610       4       Many::m2648 (14 bytes)
3995 6609       3       Many::m2648 (14 bytes)   made not entrant: not used
3996 6611       3       Many::m2649 (14 bytes)
3996 6612       4       Many::m2649 (14 bytes)
3996 6611       3       Many::m2649 (14 bytes)   made not entrant: not used
3997 6613       3       Many::m2650 (14 bytes)
3998 6614       4       Many::m2650 (14 bytes)
3998 6613       3       Many::m2650 (14 bytes)   made not entrant: not used
3999 6615       3       Many::m2651 (14 bytes)
3999 6616       4       Many::m2651 (14 bytes)
3999 6615       3       Many::m2651 (14 bytes)   made not entrant: not used
4000 6617       3       Many::m2652 (14 bytes)
4000 6618       4       Many::m2652 (14 bytes)
4000 6617       3       Many::m2652 (14 bytes)   made not entrant: not used
4002 6619       3       Many::m2653 (14 bytes)
4002 6620       4       Many::m2653 (14 bytes)
4002 6619       3       Many::m2653 (14 bytes)   made not entrant: not used
4003 6621       3       Many::m2654 (14 bytes)
4003 6622       4       Many::m2654 (14 bytes)
4003 6621       3       Many::m2654 (14 bytes)   made not entrant: not used
4005 6623       3       Many::m2655 (14 bytes)
4005 6624       4       Many::m2655 (14 bytes)
4005 6623       3       Many::m2655 (14 bytes)   made not entrant: not used
4006 6625       3       Many::m2656 (14 bytes)
4006 6626       4       Many::m2656 (14 bytes)
4006 6625       3       Many::m2656 (14 bytes)   made not entrant: not used
4007 6627       3       Many::m2657 (14 bytes)
4008 6628       4       Many::m2657 (14 bytes)
4008 6627       3       Many::m2657 (14 bytes)   made not entrant: not used
4009 6629       3       Many::m2658 (14 bytes)
4009 6630       4       Many::m2658 (14 bytes)
4009 6629       3       Many::m2658 (14 bytes)   made not entrant: not used
4010 6631       3       Many::m2659 (14 bytes)
4010 6632       4       Many::m2659 (14 bytes)
4010 6631       3       Many::m2659 (14 bytes)   made not entrant: not used
4012 6633       3       Many::m2660 (14 bytes)
4012 6634       4       Many::m2660 (14 bytes)
4012 6633       3       Many::m2660 (14 bytes)   made not entrant: not used
4013 6635       3       Many::m2661 (14 bytes)
4013 6636       4       Many::m2661 (14 bytes)
4013 6635       3       Many::m2661 (14 bytes)   made not entrant: not used
4015 6637       3       Many::m2662 (14 bytes)
4015 6638       4       Many::m2662 (14 bytes)
4015 6637       3       Many::m2662 (14 bytes)   made not entrant: not used
4016 6639       3       Many::m2663 (14 bytes)
4016 6640       4       Many::m2663 (14 bytes)
4016 6639       3       Many::m2663 (14 bytes)   made not entrant: not used
4018 6641       3       Many::m2664 (14 bytes)
4018 6642       4       Many::m2664 (14 bytes)
4018 6641       3       Many::m2664 (14 bytes)   made not entrant: not used
4019 6643       3       Many::m2665 (14 bytes)
4019 6644       4       Many::m2665 (14 bytes)
4019 6643       3       Many::m2665 (14 bytes)   made not entrant: not used
4020 6645       3       Many::m2666 (14 bytes)
4020 6646       4       Many::m2666 (14 bytes)
4021 6645       3       Many::m2666 (14 bytes)   made not entrant: not used
4022 6647       3       Many::m2667 (14 bytes)
4022 6648       4       Many::m2667 (14 bytes)
4022 6647       3       Many::m2667 (14 bytes)   made not entrant: not used
4023 6649       3       Many::m2668 (14 bytes)
4023 6650       4       Many::m2668 (14 bytes)
4023 6649       3       Many::m2668 (14 bytes)   made not entrant: not used
4025 6651       3       Many::m2669 (14 bytes)
4025 6652       4       Many::m2669 (14 bytes)
4025 6651       3       Many::m2669 (14 bytes)   made not entrant: not used
4026 6653       3       Many::m2670 (14 bytes)
4026 6654       4       Many::m2670 (14 bytes)
4026 6653       3       Many::m2670 (14 bytes)   made not entrant: not used
4027 6655       3       Many::m2671 (14 bytes)
4028 6656       4       Many::m2671 (14 bytes)
4028 6655       3       Many::m2671 (14 bytes)   made not entrant: not used
4029 6657       3       Many::m2672 (14 bytes)
4029 6658       4       Many::m2672 (14 bytes)
4029 6657       3       Many::m2672 (14 bytes)   made not entrant: not used
4030 6659       3       Many::m2673 (14 bytes)
4031 6660       4       Many::m2673 (14 bytes)
4031 6659       3       Many::m2673 (14 bytes)   made not entrant: not used
4032 6661       3       Many::m2674 (14 bytes)
4032 6662       4       Many::m2674 (14 bytes)
4032 6661       3       Many::m2674 (14 bytes)   made not entrant: not used
4033 6663       3       Many::m2675 (14 bytes)
4033 6664       4       Many::m2675 (14 bytes)
4034 6663       3       Many::m2675 (14 bytes)   made not entrant: not used
4035 6665       3       Many::m2676 (14 bytes)
4035 6666       4       Many::m2676 (14 bytes)
4035 6665       3       Many::m2676 (14 bytes)   made not entrant: not used
4036 6667       3       Many::m2677 (14 bytes)
4036 6668       4       Many::m2677 (14 bytes)
4036 6667       3       Many::m2677 (14 bytes)   made not entrant: not used
4038 6669       3       Many::m2678 (14 bytes)
4038 6670       4       Many::m2678 (14 bytes)
4038 6669       3       Many::m2678 (14 bytes)   made not entrant: not used
4039 6671       3       Many::m2679 (14 bytes)
4039 6672       4       Many::m2679 (14 bytes)
4039 6671       3       Many::m2679 (14 bytes)   made not entrant: not used
4040 6673       3       Many::m2680 (14 bytes)
4041 6674       4       Many::m2680 (14 bytes)
4041 6673       3       Many::m2680 (14 bytes)   made not entrant: not used
4042 6675       3       Many::m2681 (14 bytes)
4042 6676       4       Many::m2681 (14 bytes)
4042 6675       3       Many::m2681 (14 bytes)   made not entrant: not used
4043 6677       3       Many::m2682 (14 bytes)
4043 6678       4       Many::m2682 (14 bytes)
4044 6677       3       Many::m2682 (14 bytes)   made not entrant: not used
4045 6679       3       Many::m2683 (14 bytes)
4045 6680       4       Many::m2683 (14 bytes)
4045 6679       3       Many::m2683 (14 bytes)   made not entrant: not used
4046 6681       3       Many::m2684 (14 bytes)
4046 6682       4       Many::m2684 (14 bytes)
4047 6681       3       Many::m2684 (14 bytes)   made not entrant: not used
4048 6683       3       Many::m2685 (14 bytes)
4048 6684       4       Many::m2685 (14 bytes)
4048 6683       3       Many::m2685 (14 bytes)   made not entrant: not used
4049 6685       3       Many::m2686 (14 bytes)
4049 6686       4       Many::m2686 (14 bytes)
4049 6685       3       Many::m2686 (14 bytes)   made not entrant: not used
4051 6687       3       Many::m2687 (14 bytes)
4051 6688       4       Many::m2687 (14 bytes)
4051 6687       3       Many::m2687 (14 bytes)   made not entrant: not used
4052 6689       3       Many::m2688 (14 bytes)
4052 6690       4       Many::m2688 (14 bytes)
4052 6689       3       Many::m2688 (14 bytes)   made not entrant: not used
4053 6691       3       Many::m2689 (14 bytes)
4054 6692       4       Many::m2689 (14 bytes)
4054 6691       3       Many::m2689 (14 bytes)   made not entrant: not used
4055 6693       3       Many::m2690 (14 bytes)
4055 6694       4       Many::m2690 (14 bytes)
4055 6693       3       Many::m2690 (14 bytes)   made not entrant: not used
4056 6695       3       Many::m2691 (14 bytes)
4056 6696       4       Many::m2691 (14 bytes)
4056 6695       3       Many::m2691 (14 bytes)   made not entrant: not used
4058 6697       3       Many::m2692 (14 bytes)
4058 6698       4       Many::m2692 (14 bytes)
4058 6697       3       Many::m2692 (14 bytes)   made not entrant: not used
4059 6699       3       Many::m2693 (14 bytes)
4059 6700       4       Many::m2693 (14 bytes)
4059 6699       3       Many::m2693 (14 bytes)   made not entrant: not used
4061 6701       3       Many::m2694 (14 bytes)
4061 6702       4       Many::m2694 (14 bytes)
4061 6701       3       Many::m2694 (14 bytes)   made not entrant: not used
4062 6703       3       Many::m2695 (14 bytes)
4062 6704       4       Many::m2695 (14 bytes)
4062 6703       3       Many::m2695 (14 bytes)   made not entrant: not used
4063 6705       3       Many::m2696 (14 bytes)
4064 6706       4       Many::m2696 (14 bytes)
4064 6705       3       Many::m2696 (14 bytes)   made not entrant: not used
4065 6707       3       Many::m2697 (14 bytes)
4065 6708       4       Many::m2697 (14 bytes)
4065 6707       3       Many::m2697 (14 bytes)   made not entrant: not used
4066 6709       3       Many::m2698 (14 bytes)
4066 6710       4       Many::m2698 (14 bytes)
4067 6709       3       Many::m2698 (14 bytes)   made not entrant: not used
4068 6711       3       Many::m2699 (14 bytes)
4068 6712       4       Many::m2699 (14 bytes)
4068 6711       3       Many::m2699 (14 bytes)   made not entrant: not used
4069 6713       3       Many::m2700 (14 bytes)
4069 6714       4       Many::m2700 (14 bytes)
4069 6713       3       Many::m2700 (14 bytes)   made not entrant: not used
4071 6715       3       Many::m2701 (14 bytes)
4071 6716       4       Many::m2701 (14 bytes)
4071 6715       3       Many::m2701 (14 bytes)   made not entrant: not used
4072 6717       3       Many::m2702 (14 bytes)
4072 6718       4       Many::m2702 (14 bytes)
4072 6717       3       Many::m2702 (14 bytes)   made not entrant: not used
4073 6719       3       Many::m2703 (14 bytes)
4074 6720       4       Many::m2703 (14 bytes)
4074 6719       3       Many::m2703 (14 bytes)   made not entrant: not used
4075 6721       3       Many::m2704 (14 bytes)
4075 6722       4       Many::m2704 (14 bytes)
4075 6721       3       Many::m2704 (14 bytes)   made not entrant: not used
4076 6723       3       Many::m2705 (14 bytes)
4076 6724       4       Many::m2705 (14 bytes)
4076 6723       3       Many::m2705 (14 bytes)   made not entrant: not used
4078 6725       3       Many::m2706 (14 bytes)
4078 6726       4       Many::m2706 (14 bytes)
4078 6725       3       Many::m2706 (14 bytes)   made not entrant: not used
4079 6727       3       Many::m2707 (14 bytes)
4079 6728       4       Many::m2707 (14 bytes)
4079 6727       3       Many::m2707 (14 bytes)   made not entrant: not used
4081 6729       3       Many::m2708 (14 bytes)
4081 6730       4       Many::m2708 (14 bytes)
4081 6729       3       Many::m2708 (14 bytes)   made not entrant: not used
4082 6731       3       Many::m2709 (14 bytes)
4082 6732       4       Many::m2709 (14 bytes)
4082 6731       3       Many::m2709 (14 bytes)   made not entrant: not used
4084 6733       3       Many::m2710 (14 bytes)
4084 6734       4       Many::m2710 (14 bytes)
4084 6733       3       Many::m2710 (14 bytes)   made not entrant: not used
4085 6735       3       Many::m2711 (14 bytes)
4085 6736       4       Many::m2711 (14 bytes)
4085 6735       3       Many::m2711 (14 bytes)   made not entrant: not used
4086 6737       3       Many::m2712 (14 bytes)
4086 6738       4       Many::m2712 (14 bytes)
4087 6737       3       Many::m2712 (14 bytes)   made not entrant: not used
4088 6739       3       Many::m2713 (14 bytes)
4088 6740       4       Many::m2713 (14 bytes)
4088 6739       3       Many::m2713 (14 bytes)   made not entrant: not used
4089 6741       3       Many::m2714 (14 bytes)
4089 6742       4       Many::m2714 (14 bytes)
4089 6741       3       Many::m2714 (14 bytes)   made not entrant: not used
4091 6743       3       Many::m2715 (14 bytes)
4091 6744       4       Many::m2715 (14 bytes)
4091 6743       3       Many::m2715 (14 bytes)   made not entrant: not used
4092 6745       3       Many::m2716 (14 bytes)
4092 6746       4       Many::m2716 (14 bytes)
4092 6745       3       Many::m2716 (14 bytes)   made not entrant: not used
4093 6747       3       Many::m2717 (14 bytes)
4094 6748       4       Many::m2717 (14 bytes)
4094 6747       3       Many::m2717 (14 bytes)   made not entrant: not used
4095 6749       3       Many::m2718 (14 bytes)
4095 6750       4       Many::m2718 (14 bytes)
4095 6749       3       Many::m2718 (14 bytes)   made not entrant: not used
4096 6751       3       Many::m2719 (14 bytes)
4096 6752       4       Many::m2719 (14 bytes)
4097 6751       3       Many::m2719 (14 bytes)   made not entrant: not used
4098 6753       3       Many::m2720 (14 bytes)
4098 6754       4       Many::m2720 (14 bytes)
4098 6753       3       Many::m2720 (14 bytes)   made not entrant: not used
4099 6755       3       Many::m2721 (14 bytes)
4099 6756       4       Many::m2721 (14 bytes)
4099 6755       3       Many::m2721 (14 bytes)   made not entrant: not used
4101 6757       3       Many::m2722 (14 bytes)
4101 6758       4       Many::m2722 (14 bytes)
4101 6757       3       Many::m2722 (14 bytes)   made not entrant: not used
4102 6759       3       Many::m2723 (14 bytes)
4102 6760       4       Many::m2723 (14 bytes)
4102 6759       3       Many::m2723 (14 bytes)   made not entrant: not used
4103 6761       3       Many::m2724 (14 bytes)
4104 6762       4       Many::m2724 (14 bytes)
4104 6761       3       Many::m2724 (14 bytes)   made not entrant: not used
4105 6763       3       Many::m2725 (14 bytes)
4105 6764       4       Many::m2725 (14 bytes)
4105 6763       3       Many::m2725 (14 bytes)   made not entrant: not used
4106 6765       3       Many::m2726 (14 bytes)
4106 6766       4       Many::m2726 (14 bytes)
4106 6765       3       Many::m2726 (14 bytes)   made not entrant: not used
4108 6767       3       Many::m2727 (14 bytes)
4108 6768       4       Many::m2727 (14 bytes)
4108 6767       3       Many::m2727 (14 bytes)   made not entrant: not used
4109 6769       3       Many::m2728 (14 bytes)
4109 6770       4       Many::m2728 (14 bytes)
4109 6769       3       Many::m2728 (14 bytes)   made not entrant: not used
4111 6771       3       Many::m2729 (14 bytes)
4111 6772       4       Many::m2729 (14 bytes)
4111 6771       3       Many::m2729 (14 bytes)   made not entrant: not used
4112 6773       3       Many::m2730 (14 bytes)
4112 6774       4       Many::m2730 (14 bytes)
4112 6773       3       Many::m2730 (14 bytes)   made not entrant: not used
4113 6775       3       Many::m2731 (14 bytes)
4114 6776       4       Many::m2731 (14 bytes)
4114 6775       3       Many::m2731 (14 bytes)   made not entrant: not used
4115 6777       3       Many::m2732 (14 bytes)
4115 6778       4       Many::m2732 (14 bytes)
4115 6777       3       Many::m2732 (14 bytes)   made not entrant: not used
4116 6779       3       Many::m2733 (14 bytes)
4116 6780       4       Many::m2733 (14 bytes)
4117 6779       3       Many::m2733 (14 bytes)   made not entrant: not used
4118 6781       3       Many::m2734 (14 bytes)
4118 6782       4       Many::m2734 (14 bytes)
4118 6781       3       Many::m2734 (14 bytes)   made not entrant: not used
4119 6783       3       Many::m2735 (14 bytes)
4119 6784       4       Many::m2735 (14 bytes)
4119 6783       3       Many::m2735 (14 bytes)   made not entrant: not used
4121 6785       3       Many::m2736 (14 bytes)
4121 6786       4       Many::m2736 (14 bytes)
4121 6785       3       Many::m2736 (14 bytes)   made not entrant: not used
4122 6787       3       Many::m2737 (14 bytes)
4122 6788       4       Many::m2737 (14 bytes)
4122 6787       3       Many::m2737 (14 bytes)   made not entrant: not used
4123 6789       3       Many::m2738 (14 bytes)
4124 6790       4       Many::m2738 (14 bytes)
4124 6789       3       Many::m2738 (14 bytes)   made not entrant: not used
4125 6791       3       Many::m2739 (14 bytes)
4125 6792       4       Many::m2739 (14 bytes)
4125 6791       3       Many::m2739 (14 bytes)   made not entrant: not used
4126 6793       3       Many::m2740 (14 bytes)
4126 6794       4       Many::m2740 (14 bytes)
4126 6793       3       Many::m2740 (14 bytes)   made not entrant: not used
4128 6795       3       Many::m2741 (14 bytes)
4128 6796       4       Many::m2741 (14 bytes)
4128 6795       3       Many::m2741 (14 bytes)   made not entrant: not used
4129 6797       3       Many::m2742 (14 bytes)
4129 6798       4       Many::m2742 (14 bytes)
4129 6797       3       Many::m2742 (14 bytes)   made not entrant: not used
4131 6799       3       Many::m2743 (14 bytes)
4131 6800       4       Many::m2743 (14 bytes)
4131 6799       3       Many::m2743 (14 bytes)   made not entrant: not used
4132 6801       3       Many::m2744 (14 bytes)
4132 6802       4       Many::m2744 (14 bytes)
4132 6801       3       Many::m2744 (14 bytes)   made not entrant: not used
4134 6803       3       Many::m2745 (14 bytes)
4134 6804       4       Many::m2745 (14 bytes)
4134 6803       3       Many::m2745 (14 bytes)   made not entrant: not used
4135 6805       3       Many::m2746 (14 bytes)
4135 6806       4       Many::m2746 (14 bytes)
4135 6805       3       Many::m2746 (14 bytes)   made not entrant: not used
4136 6807       3       Many::m2747 (14 bytes)
4137 6808       4       Many::m2747 (14 bytes)
4137 6807       3       Many::m2747 (14 bytes)   made not entrant: not used
4138 6809       3       Many::m2748 (14 bytes)
4138 6810       4       Many::m2748 (14 bytes)
4138 6809       3       Many::m2748 (14 bytes)   made not entrant: not used
4139 6811       3       Many::m2749 (14 bytes)
4139 6812       4       Many::m2749 (14 bytes)
4139 6811       3       Many::m2749 (14 bytes)   made not entrant: not used
4141 6813       3       Many::m2750 (14 bytes)
4141 6814       4       Many::m2750 (14 bytes)
4141 6813       3       Many::m2750 (14 bytes)   made not entrant: not used
4142 6815       3       Many::m2751 (14 bytes)
4142 6816       4       Many::m2751 (14 bytes)
4142 6815       3       Many::m2751 (14 bytes)   made not entrant: not used
4143 6817       3       Many::m2752 (14 bytes)
4144 6818       4       Many::m2752 (14 bytes)
4144 6817       3       Many::m2752 (14 bytes)   made not entrant: not used
4145 6819       3       Many::m2753 (14 bytes)
4145 6820       4       Many::m2753 (14 bytes)
4145 6819       3       Many::m2753 (14 bytes)   made not entrant: not used
4146 6821       3       Many::m2754 (14 bytes)
4147 6822       4       Many::m2754 (14 bytes)
4147 6821       3       Many::m2754 (14 bytes)   made not entrant: not used
4148 6823       3       Many::m2755 (14 bytes)
4148 6824       4       Many::m2755 (14 bytes)
4148 6823       3       Many::m2755 (14 bytes)   made not entrant: not used
4149 6825       3       Many::m2756 (14 bytes)
4149 6826       4       Many::m2756 (14 bytes)
4149 6825       3       Many::m2756 (14 bytes)   made not entrant: not used
4151 6827       3       Many::m2757 (14 bytes)
4151 6828       4       Many::m2757 (14 bytes)
4151 6827       3       Many::m2757 (14 bytes)   made not entrant: not used
4152 6829       3       Many::m2758 (14 bytes)
4152 6830       4       Many::m2758 (14 bytes)
4152 6829       3       Many::m2758 (14 bytes)   made not entrant: not used
4154 6831       3       Many::m2759 (14 bytes)
4154 6832       4       Many::m2759 (14 bytes)
4154 6831       3       Many::m2759 (14 bytes)   made not entrant: not used
4155 6833       3       Many::m2760 (14 bytes)
4155 6834       4       Many::m2760 (14 bytes)
4155 6833       3       Many::m2760 (14 bytes)   made not entrant: not used
4156 6835       3       Many::m2761 (14 bytes)
4156 6836       4       Many::m2761 (14 bytes)
4157 6835       3       Many::m2761 (14 bytes)   made not entrant: not used
4158 6837       3       Many::m2762 (14 bytes)
4158 6838       4       Many::m2762 (14 bytes)
4158 6837       3       Many::m2762 (14 bytes)   made not entrant: not used
4159 6839       3       Many::m2763 (14 bytes)
4159 6840       4       Many::m2763 (14 bytes)
4159 6839       3       Many::m2763 (14 bytes)   made not entrant: not used
4161 6841       3       Many::m2764 (14 bytes)
4161 6842       4       Many::m2764 (14 bytes)
4161 6841       3       Many::m2764 (14 bytes)   made not entrant: not used
4162 6843       3       Many::m2765 (14 bytes)
4162 6844       4       Many::m2765 (14 bytes)
4162 6843       3       Many::m2765 (14 bytes)   made not entrant: not used
4164 6845       3       Many::m2766 (14 bytes)
4164 6846       4       Many::m2766 (14 bytes)
4164 6845       3       Many::m2766 (14 bytes)   made not entrant: not used
4165 6847       3       Many::m2767 (14 bytes)
4165 6848       4       Many::m2767 (14 bytes)
4165 6847       3       Many::m2767 (14 bytes)   made not entrant: not used
4166 6849       3       Many::m2768 (14 bytes)
4166 6850       4       Many::m2768 (14 bytes)
4167 6849       3       Many::m2768 (14 bytes)   made not entrant: not used
4168 6851       3       Many::m2769 (14 bytes)
4168 6852       4       Many::m2769 (14 bytes)
4168 6851       3       Many::m2769 (14 bytes)   made not entrant: not used
4169 6853       3       Many::m2770 (14 bytes)
4169 6854       4       Many::m2770 (14 bytes)
4169 6853       3       Many::m2770 (14 bytes)   made not entrant: not used
4171 6855       3       Many::m2771 (14 bytes)
4171 6856       4       Many::m2771 (14 bytes)
4171 6855       3       Many::m2771 (14 bytes)   made not entrant: not used
4172 6857       3       Many::m2772 (14 bytes)
4172 6858       4       Many::m2772 (14 bytes)
4172 6857       3       Many::m2772 (14 bytes)   made not entrant: not used
4173 6859       3       Many::m2773 (14 bytes)
4174 6860       4       Many::m2773 (14 bytes)
4174 6859       3       Many::m2773 (14 bytes)   made not entrant: not used
4175 6861       3       Many::m2774 (14 bytes)
4175 6862       4       Many::m2774 (14 bytes)
4175 6861       3       Many::m2774 (14 bytes)   made not entrant: not used
4176 6863       3       Many::m2775 (14 bytes)
4176 6864       4       Many::m2775 (14 bytes)
4176 6863       3       Many::m2775 (14 bytes)   made not entrant: not used
4178 6865       3       Many::m2776 (14 bytes)
4178 6866       4       Many::m2776 (14 bytes)
4178 6865       3       Many::m2776 (14 bytes)   made not entrant: not used
4179 6867       3       Many::m2777 (14 bytes)
4179 6868       4       Many::m2777 (14 bytes)
4179 6867       3       Many::m2777 (14 bytes)   made not entrant: not used
4181 6869       3       Many::m2778 (14 bytes)
4181 6870       4       Many::m2778 (14 bytes)
4181 6869       3       Many::m2778 (14 bytes)   made not entrant: not used
4182 6871       3       Many::m2779 (14 bytes)
4182 6872       4       Many::m2779 (14 bytes)
4182 6871       3       Many::m2779 (14 bytes)   made not entrant: not used
4183 6873       3       Many::m2780 (14 bytes)
4184 6874       4       Many::m2780 (14 bytes)
4184 6873       3       Many::m2780 (14 bytes)   made not entrant: not used
4185 6875       3       Many::m2781 (14 bytes)
4185 6876       4       Many::m2781 (14 bytes)
4185 6875       3       Many::m2781 (14 bytes)   made not entrant: not used
4186 6877       3       Many::m2782 (14 bytes)
4186 6878       4       Many::m2782 (14 bytes)
4186 6877       3       Many::m2782 (14 bytes)   made not entrant: not used
4188 6879       3       Many::m2783 (14 bytes)
4188 6880       4       Many::m2783 (14 bytes)
4188 6879       3       Many::m2783 (14 bytes)   made not entrant: not used
4189 6881       3       Many::m2784 (14 bytes)
4189 6882       4       Many::m2784 (14 bytes)
4189 6881       3       Many::m2784 (14 bytes)   made not entrant: not used
4191 6883       3       Many::m2785 (14 bytes)
4191 6884       4       Many::m2785 (14 bytes)
4191 6883       3       Many::m2785 (14 bytes)   made not entrant: not used
4192 6885       3       Many::m2786 (14 bytes)
4192 6886       4       Many::m2786 (14 bytes)
4192 6885       3       Many::m2786 (14 bytes)   made not entrant: not used
4193 6887       3       Many::m2787 (14 bytes)
4193 6888       4       Many::m2787 (14 bytes)
4194 6887       3       Many::m2787 (14 bytes)   made not entrant: not used
4195 6889       3       Many::m2788 (14 bytes)
4195 6890       4       Many::m2788 (14 bytes)
4195 6889       3       Many::m2788 (14 bytes)   made not entrant: not used
4196 6891       3       Many::m2789 (14 bytes)
4196 6892       4       Many::m2789 (14 bytes)
4197 6891       3       Many::m2789 (14 bytes)   made not entrant: not used
4198 6893       3       Many::m2790 (14 bytes)
4198 6894       4       Many::m2790 (14 bytes)
4198 6893       3       Many::m2790 (14 bytes)   made not entrant: not used
4199 6895       3       Many::m2791 (14 bytes)
4199 6896       4       Many::m2791 (14 bytes)
4200 6895       3       Many::m2791 (14 bytes)   made not entrant: not used
4201 6897       3       Many::m2792 (14 bytes)
4201 6898       4       Many::m2792 (14 bytes)
4201 6897       3       Many::m2792 (14 bytes)   made not entrant: not used
4202 6899       3       Many::m2793 (14 bytes)
4202 6900       4       Many::m2793 (14 bytes)
4202 6899       3       Many::m2793 (14 bytes)   made not entrant: not used
4204 6901       3       Many::m2794 (14 bytes)
4204 6902       4       Many::m2794 (14 bytes)
4204 6901       3       Many::m2794 (14 bytes)   made not entrant: not used
4205 6903       3       Many::m2795 (14 bytes)
4205 6904       4       Many::m2795 (14 bytes)
4205 6903       3       Many::m2795 (14 bytes)   made not entrant: not used
4206 6905       3       Many::m2796 (14 bytes)
4207 6906       4       Many::m2796 (14 bytes)
4207 6905       3       Many::m2796 (14 bytes)   made not entrant: not used
4207 6907       1       java.util.concurrent.locks.AbstractOwnableSynchronizer::setExclusiveOwnerThread (6 bytes)
4207 6908       1       jdk.jfr.internal.periodic.Batch::getPeriod (5 bytes)
4208 6909       3       Many::m2797 (14 bytes)
4208 6910       4       Many::m2797 (14 bytes)
4208 6909       3       Many::m2797 (14 bytes)   made not entrant: not used
4209 6911       3       Many::m2798 (14 bytes)
4209 6912       4       Many::m2798 (14 bytes)
4209 6911       3       Many::m2798 (14 bytes)   made not entrant: not used
4211 6913       3       Many::m2799 (14 bytes)
4211 6914       4       Many::m2799 (14 bytes)
4211 6913       3       Many::m2799 (14 bytes)   made not entrant: not used
4212 6915       3       Many::m2800 (14 bytes)
4212 6916       4       Many::m2800 (14 bytes)
4212 6915       3       Many::m2800 (14 bytes)   made not entrant: not used
4214 6917       3       Many::m2801 (14 bytes)
4214 6918       4       Many::m2801 (14 bytes)
4214 6917       3       Many::m2801 (14 bytes)   made not entrant: not used
4215 6919       3       Many::m2802 (14 bytes)
4215 6920       4       Many::m2802 (14 bytes)
4215 6919       3       Many::m2802 (14 bytes)   made not entrant: not used
4216 6921       3       Many::m2803 (14 bytes)
4217 6922       4       Many::m2803 (14 bytes)
4217 6921       3       Many::m2803 (14 bytes)   made not entrant: not used
4218 6923       3       Many::m2804 (14 bytes)
4218 6924       4       Many::m2804 (14 bytes)
4218 6923       3       Many::m2804 (14 bytes)   made not entrant: not used
4219 6925       3       Many::m2805 (14 bytes)
4219 6926       4       Many::m2805 (14 bytes)
4220 6925       3       Many::m2805 (14 bytes)   made not entrant: not used
4221 6927       3       Many::m2806 (14 bytes)
4221 6928       4       Many::m2806 (14 bytes)
4221 6927       3       Many::m2806 (14 bytes)   made not entrant: not used
4222 6929       3       Many::m2807 (14 bytes)
4222 6930       4       Many::m2807 (14 bytes)
4222 6929       3       Many::m2807 (14 bytes)   made not entrant: not used
4224 6931       3       Many::m2808 (14 bytes)
4224 6932       4       Many::m2808 (14 bytes)
4224 6931       3       Many::m2808 (14 bytes)   made not entrant: not used
4225 6933       3       Many::m2809 (14 bytes)
4225 6934       4       Many::m2809 (14 bytes)
4225 6933       3       Many::m2809 (14 bytes)   made not entrant: not used
4226 6935       3       Many::m2810 (14 bytes)
4227 6936       4       Many::m2810 (14 bytes)
4227 6935       3       Many::m2810 (14 bytes)   made not entrant: not used
4228 6937       3       Many::m2811 (14 bytes)
4228 6938       4       Many::m2811 (14 bytes)
4228 6937       3       Many::m2811 (14 bytes)   made not entrant: not used
4229 6939       3       Many::m2812 (14 bytes)
4229 6940       4       Many::m2812 (14 bytes)
4229 6939       3       Many::m2812 (14 bytes)   made not entrant: not used
4231 6941       3       Many::m2813 (14 bytes)
4231 6942       4       Many::m2813 (14 bytes)
4231 6941       3       Many::m2813 (14 bytes)   made not entrant: not used
4232 6943       3       Many::m2814 (14 bytes)
4232 6944       4       Many::m2814 (14 bytes)
4232 6943       3       Many::m2814 (14 bytes)   made not entrant: not used
4234 6945       3       Many::m2815 (14 bytes)
4234 6946       4       Many::m2815 (14 bytes)
4234 6945       3       Many::m2815 (14 bytes)   made not entrant: not used
4235 6947       3       Many::m2816 (14 bytes)
4235 6948       4       Many::m2816 (14 bytes)
4235 6947       3       Many::m2816 (14 bytes)   made not entrant: not used
4237 6949       3       Many::m2817 (14 bytes)
4237 6950       4       Many::m2817 (14 bytes)
4237 6949       3       Many::m2817 (14 bytes)   made not entrant: not used
4238 6951       3       Many::m2818 (14 bytes)
4238 6952       4       Many::m2818 (14 bytes)
4238 6951       3       Many::m2818 (14 bytes)   made not entrant: not used
4239 6953       3       Many::m2819 (14 bytes)
4239 6954       4       Many::m2819 (14 bytes)
4240 6953       3       Many::m2819 (14 bytes)   made not entrant: not used
4241 6955       3       Many::m2820 (14 bytes)
4241 6956       4       Many::m2820 (14 bytes)
4241 6955       3       Many::m2820 (14 bytes)   made not entrant: not used
4242 6957       3       Many::m2821 (14 bytes)
4242 6958       4       Many::m2821 (14 bytes)
4242 6957       3       Many::m2821 (14 bytes)   made not entrant: not used
4244 6959       3       Many::m2822 (14 bytes)
4244 6960       4       Many::m2822 (14 bytes)
4244 6959       3       Many::m2822 (14 bytes)   made not entrant: not used
4245 6961       3       Many::m2823 (14 bytes)
4245 6962       4       Many::m2823 (14 bytes)
4245 6961       3       Many::m2823 (14 bytes)   made not entrant: not used
4247 6963       3       Many::m2824 (14 bytes)
4247 6964       4       Many::m2824 (14 bytes)
4247 6963       3       Many::m2824 (14 bytes)   made not entrant: not used
4248 6965       3       Many::m2825 (14 bytes)
4248 6966       4       Many::m2825 (14 bytes)
4248 6965       3       Many::m2825 (14 bytes)   made not entrant: not used
4249 6967       3       Many::m2826 (14 bytes)
4249 6968       4       Many::m2826 (14 bytes)
4250 6967       3       Many::m2826 (14 bytes)   made not entrant: not used
4251 6969       3       Many::m2827 (14 bytes)
4251 6970       4       Many::m2827 (14 bytes)
4251 6969       3       Many::m2827 (14 bytes)   made not entrant: not used
4252 6971       3       Many::m2828 (14 bytes)
4252 6972       4       Many::m2828 (14 bytes)
4252 6971       3       Many::m2828 (14 bytes)   made not entrant: not used
4254 6973       3       Many::m2829 (14 bytes)
4254 6974       4       Many::m2829 (14 bytes)
4254 6973       3       Many::m2829 (14 bytes)   made not entrant: not used
4255 6975       3       Many::m2830 (14 bytes)
4255 6976       4       Many::m2830 (14 bytes)
4255 6975       3       Many::m2830 (14 bytes)   made not entrant: not used
4256 6977       3       Many::m2831 (14 bytes)
4257 6978       4       Many::m2831 (14 bytes)
4257 6977       3       Many::m2831 (14 bytes)   made not entrant: not used
4258 6979       3       Many::m2832 (14 bytes)
4258 6980       4       Many::m2832 (14 bytes)
4258 6979       3       Many::m2832 (14 bytes)   made not entrant: not used
4259 6981       3       Many::m2833 (14 bytes)
4259 6982       4       Many::m2833 (14 bytes)
4259 6981       3       Many::m2833 (14 bytes)   made not entrant: not used
4261 6983       3       Many::m2834 (14 bytes)
4261 6984       4       Many::m2834 (14 bytes)
4261 6983       3       Many::m2834 (14 bytes)   made not entrant: not used
4262 6985       3       Many::m2835 (14 bytes)
4262 6986       4       Many::m2835 (14 bytes)
4262 6985       3       Many::m2835 (14 bytes)   made not entrant: not used
4264 6987       3       Many::m2836 (14 bytes)
4264 6988       4       Many::m2836 (14 bytes)
4264 6987       3       Many::m2836 (14 bytes)   made not entrant: not used
4265 6989       3       Many::m2837 (14 bytes)
4265 6990       4       Many::m2837 (14 bytes)
4265 6989       3       Many::m2837 (14 bytes)   made not entrant: not used
4267 6991       3       Many::m2838 (14 bytes)
4267 6992       4       Many::m2838 (14 bytes)
4267 6991       3       Many::m2838 (14 bytes)   made not entrant: not used
4268 6993       3       Many::m2839 (14 bytes)
4268 6994       4       Many::m2839 (14 bytes)
4268 6993       3       Many::m2839 (14 bytes)   made not entrant: not used
4269 6995       3       Many::m2840 (14 bytes)
4269 6996       4       Many::m2840 (14 bytes)
4270 6995       3       Many::m2840 (14 bytes)   made not entrant: not used
4271 6997       3       Many::m2841 (14 bytes)
4271 6998       4       Many::m2841 (14 bytes)
4271 6997       3       Many::m2841 (14 bytes)   made not entrant: not used
4272 6999       3       Many::m2842 (14 bytes)
4272 7000       4       Many::m2842 (14 bytes)
4272 6999       3       Many::m2842 (14 bytes)   made not entrant: not used
4274 7001       3       Many::m2843 (14 bytes)
4274 7002       4       Many::m2843 (14 bytes)
4274 7001       3       Many::m2843 (14 bytes)   made not entrant: not used
4275 7003       3       Many::m2844 (14 bytes)
4275 7004       4       Many::m2844 (14 bytes)
4275 7003       3       Many::m2844 (14 bytes)   made not entrant: not used
4276 7005       3       Many::m2845 (14 bytes)
4277 7006       4       Many::m2845 (14 bytes)
4277 7005       3       Many::m2845 (14 bytes)   made not entrant: not used
4278 7007       3       Many::m2846 (14 bytes)
4278 7008       4       Many::m2846 (14 bytes)
4278 7007       3       Many::m2846 (14 bytes)   made not entrant: not used
4279 7009       3       Many::m2847 (14 bytes)
4279 7010       4       Many::m2847 (14 bytes)
4279 7009       3       Many::m2847 (14 bytes)   made not entrant: not used
4281 7011       3       Many::m2848 (14 bytes)
4281 7012       4       Many::m2848 (14 bytes)
4281 7011       3       Many::m2848 (14 bytes)   made not entrant: not used
4282 7013       3       Many::m2849 (14 bytes)
4282 7014       4       Many::m2849 (14 bytes)
4282 7013       3       Many::m2849 (14 bytes)   made not entrant: not used
4284 7015       3       Many::m2850 (14 bytes)
4284 7016       4       Many::m2850 (14 bytes)
4284 7015       3       Many::m2850 (14 bytes)   made not entrant: not used
4285 7017       3       Many::m2851 (14 bytes)
4285 7018       4       Many::m2851 (14 bytes)
4285 7017       3       Many::m2851 (14 bytes)   made not entrant: not used
4287 7019       3       Many::m2852 (14 bytes)
4287 7020       4       Many::m2852 (14 bytes)
4287 7019       3       Many::m2852 (14 bytes)   made not entrant: not used
4288 7021       3       Many::m2853 (14 bytes)
4288 7022       4       Many::m2853 (14 bytes)
4288 7021       3       Many::m2853 (14 bytes)   made not entrant: not used
4289 7023       3       Many::m2854 (14 bytes)
4289 7024       4       Many::m2854 (14 bytes)
4289 7023       3       Many::m2854 (14 bytes)   made not entrant: not used
4291 7025       3       Many::m2855 (14 bytes)
4291 7026       4       Many::m2855 (14 bytes)
4291 7025       3       Many::m2855 (14 bytes)   made not entrant: not used
4292 7027       3       Many::m2856 (14 bytes)
4292 7028       4       Many::m2856 (14 bytes)
4292 7027       3       Many::m2856 (14 bytes)   made not entrant: not used
4294 7029       3       Many::m2857 (14 bytes)
4294 7030       4       Many::m2857 (14 bytes)
4294 7029       3       Many::m2857 (14 bytes)   made not entrant: not used
4295 7031       3       Many::m2858 (14 bytes)
4295 7032       4       Many::m2858 (14 bytes)
4295 7031       3       Many::m2858 (14 bytes)   made not entrant: not used
4297 7033       3       Many::m2859 (14 bytes)
4297 7034       4       Many::m2859 (14 bytes)
4297 7033       3       Many::m2859 (14 bytes)   made not entrant: not used
4298 7035       3       Many::m2860 (14 bytes)
4298 7036       4       Many::m2860 (14 bytes)
4298 7035       3       Many::m2860 (14 bytes)   made not entrant: not used
4299 7037       3       Many::m2861 (14 bytes)
4299 7038       4       Many::m2861 (14 bytes)
4300 7037       3       Many::m2861 (14 bytes)   made not entrant: not used
4301 7039       3       Many::m2862 (14 bytes)
4301 7040       4       Many::m2862 (14 bytes)
4301 7039       3       Many::m2862 (14 bytes)   made not entrant: not used
4302 7041       3       Many::m2863 (14 bytes)
4302 7042       4       Many::m2863 (14 bytes)
4302 7041       3       Many::m2863 (14 bytes)   made not entrant: not used
4304 7043       3       Many::m2864 (14 bytes)
4304 7044       4       Many::m2864 (14 bytes)
4304 7043       3       Many::m2864 (14 bytes)   made not entrant: not used
4305 7045       3       Many::m2865 (14 bytes)
4305 7046       4       Many::m2865 (14 bytes)
4305 7045       3       Many::m2865 (14 bytes)   made not entrant: not used
4306 7047       3       Many::m2866 (14 bytes)
4307 7048       4       Many::m2866 (14 bytes)
4307 7047       3       Many::m2866 (14 bytes)   made not entrant: not used
4308 7049       3       Many::m2867 (14 bytes)
4308 7050       4       Many::m2867 (14 bytes)
4308 7049       3       Many::m2867 (14 bytes)   made not entrant: not used
4309 7051       3       Many::m2868 (14 bytes)
4309 7052       4       Many::m2868 (14 bytes)
4309 7051       3       Many::m2868 (14 bytes)   made not entrant: not used
4311 7053       3       Many::m2869 (14 bytes)
4311 7054       4       Many::m2869 (14 bytes)
4311 7053       3       Many::m2869 (14 bytes)   made not entrant: not used
4312 7055       3       Many::m2870 (14 bytes)
4312 7056       4       Many::m2870 (14 bytes)
4312 7055       3       Many::m2870 (14 bytes)   made not entrant: not used
4314 7057       3       Many::m2871 (14 bytes)
4314 7058       4       Many::m2871 (14 bytes)
4314 7057       3       Many::m2871 (14 bytes)   made not entrant: not used
4315 7059       3       Many::m2872 (14 bytes)
4315 7060       4       Many::m2872 (14 bytes)
4315 7059       3       Many::m2872 (14 bytes)   made not entrant: not used
4316 7061       3       Many::m2873 (14 bytes)
4317 7062       4       Many::m2873 (14 bytes)
4317 7061       3       Many::m2873 (14 bytes)   made not entrant: not used
4318 7063       3       Many::m2874 (14 bytes)
4318 7064       4       Many::m2874 (14 bytes)
4318 7063       3       Many::m2874 (14 bytes)   made not entrant: not used
4319 7065       3       Many::m2875 (14 bytes)
4319 7066       4       Many::m2875 (14 bytes)
4319 7065       3       Many::m2875 (14 bytes)   made not entrant: not used
4321 7067       3       Many::m2876 (14 bytes)
4321 7068       4       Many::m2876 (14 bytes)
4321 7067       3       Many::m2876 (14 bytes)   made not entrant: not used
4322 7069       3       Many::m2877 (14 bytes)
4322 7070       4       Many::m2877 (14 bytes)
4322 7069       3       Many::m2877 (14 bytes)   made not entrant: not used
4324 7071       3       Many::m2878 (14 bytes)
4324 7072       4       Many::m2878 (14 bytes)
4324 7071       3       Many::m2878 (14 bytes)   made not entrant: not used
4325 7073       3       Many::m2879 (14 bytes)
4325 7074       4       Many::m2879 (14 bytes)
4325 7073       3       Many::m2879 (14 bytes)   made not entrant: not used
4326 7075       3       Many::m2880 (14 bytes)
4327 7076       4       Many::m2880 (14 bytes)
4327 7075       3       Many::m2880 (14 bytes)   made not entrant: not used
4328 7077       3       Many::m2881 (14 bytes)
4328 7078       4       Many::m2881 (14 bytes)
4328 7077       3       Many::m2881 (14 bytes)   made not entrant: not used
4329 7079       3       Many::m2882 (14 bytes)
4329 7080       4       Many::m2882 (14 bytes)
4330 7079       3       Many::m2882 (14 bytes)   made not entrant: not used
4331 7081       3       Many::m2883 (14 bytes)
4331 7082       4       Many::m2883 (14 bytes)
4331 7081       3       Many::m2883 (14 bytes)   made not entrant: not used
4332 7083       3       Many::m2884 (14 bytes)
4332 7084       4       Many::m2884 (14 bytes)
4332 7083       3       Many::m2884 (14 bytes)   made not entrant: not used
4334 7085       3       Many::m2885 (14 bytes)
4334 7086       4       Many::m2885 (14 bytes)
4334 7085       3       Many::m2885 (14 bytes)   made not entrant: not used
4335 7087       3       Many::m2886 (14 bytes)
4335 7088       4       Many::m2886 (14 bytes)
4335 7087       3       Many::m2886 (14 bytes)   made not entrant: not used
4337 7089       3       Many::m2887 (14 bytes)
4337 7090       4       Many::m2887 (14 bytes)
4337 7089       3       Many::m2887 (14 bytes)   made not entrant: not used
4338 7091       3       Many::m2888 (14 bytes)
4338 7092       4       Many::m2888 (14 bytes)
4338 7091       3       Many::m2888 (14 bytes)   made not entrant: not used
4340 7093       3       Many::m2889 (14 bytes)
4340 7094       4       Many::m2889 (14 bytes)
4340 7093       3       Many::m2889 (14 bytes)   made not entrant: not used
4341 7095       3       Many::m2890 (14 bytes)
4341 7096       4       Many::m2890 (14 bytes)
4341 7095       3       Many::m2890 (14 bytes)   made not entrant: not used
4342 7097       3       Many::m2891 (14 bytes)
4343 7098       4       Many::m2891 (14 bytes)
4343 7097       3       Many::m2891 (14 bytes)   made not entrant: not used
4344 7099       3       Many::m2892 (14 bytes)
4344 7100       4       Many::m2892 (14 bytes)
4344 7099       3       Many::m2892 (14 bytes)   made not entrant: not used
4345 7101       3       Many::m2893 (14 bytes)
4345 7102       4       Many::m2893 (14 bytes)
4345 7101       3       Many::m2893 (14 bytes)   made not entrant: not used
4347 7103       3       Many::m2894 (14 bytes)
4347 7104       4       Many::m2894 (14 bytes)
4347 7103       3       Many::m2894 (14 bytes)   made not entrant: not used
4348 7105       3       Many::m2895 (14 bytes)
4348 7106       4       Many::m2895 (14 bytes)
4348 7105       3       Many::m2895 (14 bytes)   made not entrant: not used
4350 7107       3       Many::m2896 (14 bytes)
4350 7108       4       Many::m2896 (14 bytes)
4350 7107       3       Many::m2896 (14 bytes)   made not entrant: not used
4351 7109       3       Many::m2897 (14 bytes)
4351 7110       4       Many::m2897 (14 bytes)
4351 7109       3       Many::m2897 (14 bytes)   made not entrant: not used
4352 7111       3       Many::m2898 (14 bytes)
4352 7112       4       Many::m2898 (14 bytes)
4353 7111       3       Many::m2898 (14 bytes)   made not entrant: not used
4354 7113       3       Many::m2899 (14 bytes)
4354 7114       4       Many::m2899 (14 bytes)
4354 7113       3       Many::m2899 (14 bytes)   made not entrant: not used
4355 7115       3       Many::m2900 (14 bytes)
4355 7116       4       Many::m2900 (14 bytes)
4355 7115       3       Many::m2900 (14 bytes)   made not entrant: not used
4357 7117       3       Many::m2901 (14 bytes)
4357 7118       4       Many::m2901 (14 bytes)
4357 7117       3       Many::m2901 (14 bytes)   made not entrant: not used
4358 7119       3       Many::m2902 (14 bytes)
4358 7120       4       Many::m2902 (14 bytes)
4358 7119       3       Many::m2902 (14 bytes)   made not entrant: not used
4359 7121       3       Many::m2903 (14 bytes)
4360 7122       4       Many::m2903 (14 bytes)
4360 7121       3       Many::m2903 (14 bytes)   made not entrant: not used
4361 7123       3       Many::m2904 (14 bytes)
4361 7124       4       Many::m2904 (14 bytes)
4361 7123       3       Many::m2904 (14 bytes)   made not entrant: not used
4362 7125       3       Many::m2905 (14 bytes)
4362 7126       4       Many::m2905 (14 bytes)
4362 7125       3       Many::m2905 (14 bytes)   made not entrant: not used
4364 7127       3       Many::m2906 (14 bytes)
4364 7128       4       Many::m2906 (14 bytes)
4364 7127       3       Many::m2906 (14 bytes)   made not entrant: not used
4365 7129       3       Many::m2907 (14 bytes)
4365 7130       4       Many::m2907 (14 bytes)
4366 7129       3       Many::m2907 (14 bytes)   made not entrant: not used
4367 7131       3       Many::m2908 (14 bytes)
4367 7132       4       Many::m2908 (14 bytes)
4367 7131       3       Many::m2908 (14 bytes)   made not entrant: not used
4368 7133       3       Many::m2909 (14 bytes)
4368 7134       4       Many::m2909 (14 bytes)
4368 7133       3       Many::m2909 (14 bytes)   made not entrant: not used
4370 7135       3       Many::m2910 (14 bytes)
4370 7136       4       Many::m2910 (14 bytes)
4370 7135       3       Many::m2910 (14 bytes)   made not entrant: not used
4371 7137       3       Many::m2911 (14 bytes)
4371 7138       4       Many::m2911 (14 bytes)
4371 7137       3       Many::m2911 (14 bytes)   made not entrant: not used
4372 7139       3       Many::m2912 (14 bytes)
4373 7140       4       Many::m2912 (14 bytes)
4373 7139       3       Many::m2912 (14 bytes)   made not entrant: not used
4374 7141       3       Many::m2913 (14 bytes)
4374 7142       4       Many::m2913 (14 bytes)
4374 7141       3       Many::m2913 (14 bytes)   made not entrant: not used
4375 7143       3       Many::m2914 (14 bytes)
4375 7144       4       Many::m2914 (14 bytes)
4375 7143       3       Many::m2914 (14 bytes)   made not entrant: not used
4377 7145       3       Many::m2915 (14 bytes)
4377 7146       4       Many::m2915 (14 bytes)
4377 7145       3       Many::m2915 (14 bytes)   made not entrant: not used
4378 7147       3       Many::m2916 (14 bytes)
4378 7148       4       Many::m2916 (14 bytes)
4378 7147       3       Many::m2916 (14 bytes)   made not entrant: not used
4379 7149       3       Many::m2917 (14 bytes)
4380 7150       4       Many::m2917 (14 bytes)
4380 7149       3       Many::m2917 (14 bytes)   made not entrant: not used
4381 7151       3       Many::m2918 (14 bytes)
4381 7152       4       Many::m2918 (14 bytes)
4381 7151       3       Many::m2918 (14 bytes)   made not entrant: not used
4382 7153       3       Many::m2919 (14 bytes)
4383 7154       4       Many::m2919 (14 bytes)
4383 7153       3       Many::m2919 (14 bytes)   made not entrant: not used
4384 7155       3       Many::m2920 (14 bytes)
4384 7156       4       Many::m2920 (14 bytes)
4384 7155       3       Many::m2920 (14 bytes)   made not entrant: not used
4385 7157       3       Many::m2921 (14 bytes)
4385 7158       4       Many::m2921 (14 bytes)
4385 7157       3       Many::m2921 (14 bytes)   made not entrant: not used
4387 7159       3       Many::m2922 (14 bytes)
4387 7160       4       Many::m2922 (14 bytes)
4387 7159       3       Many::m2922 (14 bytes)   made not entrant: not used
4388 7161       3       Many::m2923 (14 bytes)
4388 7162       4       Many::m2923 (14 bytes)
4388 7161       3       Many::m2923 (14 bytes)   made not entrant: not used
4390 7163       3       Many::m2924 (14 bytes)
4390 7164       4       Many::m2924 (14 bytes)
4390 7163       3       Many::m2924 (14 bytes)   made not entrant: not used
4391 7165       3       Many::m2925 (14 bytes)
4391 7166       4       Many::m2925 (14 bytes)
4391 7165       3       Many::m2925 (14 bytes)   made not entrant: not used
4392 7167       3       Many::m2926 (14 bytes)
4392 7168       4       Many::m2926 (14 bytes)
4393 7167       3       Many::m2926 (14 bytes)   made not entrant: not used
4394 7169       3       Many::m2927 (14 bytes)
4394 7170       4       Many::m2927 (14 bytes)
4394 7169       3       Many::m2927 (14 bytes)   made not entrant: not used
4395 7171       3       Many::m2928 (14 bytes)
4395 7172       4       Many::m2928 (14 bytes)
4395 7171       3       Many::m2928 (14 bytes)   made not entrant: not used
4397 7173       3       Many::m2929 (14 bytes)
4397 7174       4       Many::m2929 (14 bytes)
4397 7173       3       Many::m2929 (14 bytes)   made not entrant: not used
4398 7175       3       Many::m2930 (14 bytes)
4398 7176       4       Many::m2930 (14 bytes)
4398 7175       3       Many::m2930 (14 bytes)   made not entrant: not used
4400 7177       3       Many::m2931 (14 bytes)
4400 7178       4       Many::m2931 (14 bytes)
4400 7177       3       Many::m2931 (14 bytes)   made not entrant: not used
4401 7179       3       Many::m2932 (14 bytes)
4401 7180       4       Many::m2932 (14 bytes)
4401 7179       3       Many::m2932 (14 bytes)   made not entrant: not used
4402 7181       3       Many::m2933 (14 bytes)
4403 7182       4       Many::m2933 (14 bytes)
4403 7181       3       Many::m2933 (14 bytes)   made not entrant: not used
4404 7183       3       Many::m2934 (14 bytes)
4404 7184       4       Many::m2934 (14 bytes)
4404 7183       3       Many::m2934 (14 bytes)   made not entrant: not used
4405 7185       3       Many::m2935 (14 bytes)
4405 7186       4       Many::m2935 (14 bytes)
4406 7185       3       Many::m2935 (14 bytes)   made not entrant: not used
4407 7187       3       Many::m2936 (14 bytes)
4407 7188       4       Many::m2936 (14 bytes)
4407 7187       3       Many::m2936 (14 bytes)   made not entrant: not used
4408 7189       3       Many::m2937 (14 bytes)
4408 7190       4       Many::m2937 (14 bytes)
4408 7189       3       Many::m2937 (14 bytes)   made not entrant: not used
4410 7191       3       Many::m2938 (14 bytes)
4410 7192       4       Many::m2938 (14 bytes)
4410 7191       3       Many::m2938 (14 bytes)   made not entrant: not used
4411 7193       3       Many::m2939 (14 bytes)
4411 7194       4       Many::m2939 (14 bytes)
4411 7193       3       Many::m2939 (14 bytes)   made not entrant: not used
4412 7195       3       Many::m2940 (14 bytes)
4413 7196       4       Many::m2940 (14 bytes)
4413 7195       3       Many::m2940 (14 bytes)   made not entrant: not used
4414 7197       3       Many::m2941 (14 bytes)
4414 7198       4       Many::m2941 (14 bytes)
4414 7197       3       Many::m2941 (14 bytes)   made not entrant: not used
4415 7199       3       Many::m2942 (14 bytes)
4416 7200       4       Many::m2942 (14 bytes)
4416 7199       3       Many::m2942 (14 bytes)   made not entrant: not used
4417 7201       3       Many::m2943 (14 bytes)
4417 7202       4       Many::m2943 (14 bytes)
4417 7201       3       Many::m2943 (14 bytes)   made not entrant: not used
4418 7203       3       Many::m2944 (14 bytes)
4418 7204       4       Many::m2944 (14 bytes)
4418 7203       3       Many::m2944 (14 bytes)   made not entrant: not used
4420 7205       3       Many::m2945 (14 bytes)
4420 7206       4       Many::m2945 (14 bytes)
4420 7205       3       Many::m2945 (14 bytes)   made not entrant: not used
4421 7207       3       Many::m2946 (14 bytes)
4421 7208       4       Many::m2946 (14 bytes)
4421 7207       3       Many::m2946 (14 bytes)   made not entrant: not used
4423 7209       3       Many::m2947 (14 bytes)
4423 7210       4       Many::m2947 (14 bytes)
4423 7209       3       Many::m2947 (14 bytes)   made not entrant: not used
4424 7211       3       Many::m2948 (14 bytes)
4424 7212       4       Many::m2948 (14 bytes)
4424 7211       3       Many::m2948 (14 bytes)   made not entrant: not used
4425 7213       3       Many::m2949 (14 bytes)
4425 7214       4       Many::m2949 (14 bytes)
4426 7213       3       Many::m2949 (14 bytes)   made not entrant: not used
4427 7215       3       Many::m2950 (14 bytes)
4427 7216       4       Many::m2950 (14 bytes)
4427 7215       3       Many::m2950 (14 bytes)   made not entrant: not used
4428 7217       3       Many::m2951 (14 bytes)
4428 7218       4       Many::m2951 (14 bytes)
4428 7217       3       Many::m2951 (14 bytes)   made not entrant: not used
4430 7219       3       Many::m2952 (14 bytes)
4430 7220       4       Many::m2952 (14 bytes)
4430 7219       3       Many::m2952 (14 bytes)   made not entrant: not used
4431 7221       3       Many::m2953 (14 bytes)
4431 7222       4       Many::m2953 (14 bytes)
4431 7221       3       Many::m2953 (14 bytes)   made not entrant: not used
4433 7223       3       Many::m2954 (14 bytes)
4433 7224       4       Many::m2954 (14 bytes)
4433 7223       3       Many::m2954 (14 bytes)   made not entrant: not used
4434 7225       3       Many::m2955 (14 bytes)
4434 7226       4       Many::m2955 (14 bytes)
4434 7225       3       Many::m2955 (14 bytes)   made not entrant: not used
4435 7227       3       Many::m2956 (14 bytes)
4436 7228       4       Many::m2956 (14 bytes)
4436 7227       3       Many::m2956 (14 bytes)   made not entrant: not used
4437 7229       3       Many::m2957 (14 bytes)
4437 7230       4       Many::m2957 (14 bytes)
4437 7229       3       Many::m2957 (14 bytes)   made not entrant: not used
4438 7231       3       Many::m2958 (14 bytes)
4438 7232       4       Many::m2958 (14 bytes)
4438 7231       3       Many::m2958 (14 bytes)   made not entrant: not used
4440 7233       3       Many::m2959 (14 bytes)
4440 7234       4       Many::m2959 (14 bytes)
4440 7233       3       Many::m2959 (14 bytes)   made not entrant: not used
4441 7235       3       Many::m2960 (14 bytes)
4441 7236       4       Many::m2960 (14 bytes)
4441 7235       3       Many::m2960 (14 bytes)   made not entrant: not used
4443 7237       3       Many::m2961 (14 bytes)
4443 7238       4       Many::m2961 (14 bytes)
4443 7237       3       Many::m2961 (14 bytes)   made not entrant: not used
4444 7239       3       Many::m2962 (14 bytes)
4444 7240       4       Many::m2962 (14 bytes)
4444 7239       3       Many::m2962 (14 bytes)   made not entrant: not used
4445 7241       3       Many::m2963 (14 bytes)
4445 7242       4       Many::m2963 (14 bytes)
4446 7241       3       Many::m2963 (14 bytes)   made not entrant: not used
4447 7243       3       Many::m2964 (14 bytes)
4447 7244       4       Many::m2964 (14 bytes)
4447 7243       3       Many::m2964 (14 bytes)   made not entrant: not used
4448 7245       3       Many::m2965 (14 bytes)
4448 7246       4       Many::m2965 (14 bytes)
4449 7245       3       Many::m2965 (14 bytes)   made not entrant: not used
4450 7247       3       Many::m2966 (14 bytes)
4450 7248       4       Many::m2966 (14 bytes)
4450 7247       3       Many::m2966 (14 bytes)   made not entrant: not used
4451 7249       3       Many::m2967 (14 bytes)
4451 7250       4       Many::m2967 (14 bytes)
4451 7249       3       Many::m2967 (14 bytes)   made not entrant: not used
4453 7251       3       Many::m2968 (14 bytes)
4453 7252       4       Many::m2968 (14 bytes)
4453 7251       3       Many::m2968 (14 bytes)   made not entrant: not used
4454 7253       3       Many::m2969 (14 bytes)
4454 7254       4       Many::m2969 (14 bytes)
4454 7253       3       Many::m2969 (14 bytes)   made not entrant: not used
4455 7255       3       Many::m2970 (14 bytes)
4456 7256       4       Many::m2970 (14 bytes)
4456 7255       3       Many::m2970 (14 bytes)   made not entrant: not used
4457 7257       3       Many::m2971 (14 bytes)
4457 7258       4       Many::m2971 (14 bytes)
4457 7257       3       Many::m2971 (14 bytes)   made not entrant: not used
4458 7259       3       Many::m2972 (14 bytes)
4458 7260       4       Many::m2972 (14 bytes)
4458 7259       3       Many::m2972 (14 bytes)   made not entrant: not used
4460 7261       3       Many::m2973 (14 bytes)
4460 7262       4       Many::m2973 (14 bytes)
4460 7261       3       Many::m2973 (14 bytes)   made not entrant: not used
4461 7263       3       Many::m2974 (14 bytes)
4461 7264       4       Many::m2974 (14 bytes)
4461 7263       3       Many::m2974 (14 bytes)   made not entrant: not used
4463 7265       3       Many::m2975 (14 bytes)
4463 7266       4       Many::m2975 (14 bytes)
4463 7265       3       Many::m2975 (14 bytes)   made not entrant: not used
4464 7267       3       Many::m2976 (14 bytes)
4464 7268       4       Many::m2976 (14 bytes)
4464 7267       3       Many::m2976 (14 bytes)   made not entrant: not used
4465 7269       3       Many::m2977 (14 bytes)
4466 7270       4       Many::m2977 (14 bytes)
4466 7269       3       Many::m2977 (14 bytes)   made not entrant: not used
4467 7271       3       Many::m2978 (14 bytes)
4467 7272       4       Many::m2978 (14 bytes)
4467 7271       3       Many::m2978 (14 bytes)   made not entrant: not used
4468 7273       3       Many::m2979 (14 bytes)
4468 7274       4       Many::m2979 (14 bytes)
4468 7273       3       Many::m2979 (14 bytes)   made not entrant: not used
4470 7275       3       Many::m2980 (14 bytes)
4470 7276       4       Many::m2980 (14 bytes)
4470 7275       3       Many::m2980 (14 bytes)   made not entrant: not used
4471 7277       3       Many::m2981 (14 bytes)
4471 7278       4       Many::m2981 (14 bytes)
4471 7277       3       Many::m2981 (14 bytes)   made not entrant: not used
4473 7279       3       Many::m2982 (14 bytes)
4473 7280       4       Many::m2982 (14 bytes)
4473 7279       3       Many::m2982 (14 bytes)   made not entrant: not used
4474 7281       3       Many::m2983 (14 bytes)
4474 7282       4       Many::m2983 (14 bytes)
4474 7281       3       Many::m2983 (14 bytes)   made not entrant: not used
4475 7283       3       Many::m2984 (14 bytes)
4475 7284       4       Many::m2984 (14 bytes)
4476 7283       3       Many::m2984 (14 bytes)   made not entrant: not used
4477 7285       3       Many::m2985 (14 bytes)
4477 7286       4       Many::m2985 (14 bytes)
4477 7285       3       Many::m2985 (14 bytes)   made not entrant: not used
4478 7287       3       Many::m2986 (14 bytes)
4478 7288       4       Many::m2986 (14 bytes)
4478 7287       3       Many::m2986 (14 bytes)   made not entrant: not used
4480 7289       3       Many::m2987 (14 bytes)
4480 7290       4       Many::m2987 (14 bytes)
4480 7289       3       Many::m2987 (14 bytes)   made not entrant: not used
4481 7291       3       Many::m2988 (14 bytes)
4481 7292       4       Many::m2988 (14 bytes)
4481 7291       3       Many::m2988 (14 bytes)   made not entrant: not used
4483 7293       3       Many::m2989 (14 bytes)
4483 7294       4       Many::m2989 (14 bytes)
4483 7293       3       Many::m2989 (14 bytes)   made not entrant: not used
4484 7295       3       Many::m2990 (14 bytes)
4484 7296       4       Many::m2990 (14 bytes)
4484 7295       3       Many::m2990 (14 bytes)   made not entrant: not used
4485 7297       3       Many::m2991 (14 bytes)
4485 7298       4       Many::m2991 (14 bytes)
4486 7297       3       Many::m2991 (14 bytes)   made not entrant: not used
4487 7299       3       Many::m2992 (14 bytes)
4487 7300       4       Many::m2992 (14 bytes)
4487 7299       3       Many::m2992 (14 bytes)   made not entrant: not used
4488 7301       3       Many::m2993 (14 bytes)
4488 7302       4       Many::m2993 (14 bytes)
4488 7301       3       Many::m2993 (14 bytes)   made not entrant: not used
4490 7303       3       Many::m2994 (14 bytes)
4490 7304       4       Many::m2994 (14 bytes)
4490 7303       3       Many::m2994 (14 bytes)   made not entrant: not used
4491 7305       3       Many::m2995 (14 bytes)
4491 7306       4       Many::m2995 (14 bytes)
4491 7305       3       Many::m2995 (14 bytes)   made not entrant: not used
4492 7307       3       Many::m2996 (14 bytes)
4493 7308       4       Many::m2996 (14 bytes)
4493 7307       3       Many::m2996 (14 bytes)   made not entrant: not used
4494 7309       3       Many::m2997 (14 bytes)
4494 7310       4       Many::m2997 (14 bytes)
4494 7309       3       Many::m2997 (14 bytes)   made not entrant: not used
4495 7311       3       Many::m2998 (14 bytes)
4495 7312       4       Many::m2998 (14 bytes)
4495 7311       3       Many::m2998 (14 bytes)   made not entrant: not used
4497 7313       3       Many::m2999 (14 bytes)
4497 7314       4       Many::m2999 (14 bytes)
4497 7313       3       Many::m2999 (14 bytes)   made not entrant: not used
8135639056108672
4498 7315     n 0       java.lang.Thread::currentCarrierThread (native)   (static)
4499 7316       4       java.util.Collections$UnmodifiableCollection$1::hasNext (10 bytes)
4507 7317       3       java.lang.reflect.Modifier::isAbstract (14 bytes)
4507 7319       3       jdk.jfr.internal.settings.BooleanSetting::parse (28 bytes)
4507 7320       3       jdk.internal.misc.Unsafe::getAndAddLong (27 bytes)
4507 7321       3       jdk.internal.misc.Unsafe::weakCompareAndSetLong (11 bytes)
4507 7318       3       jdk.jfr.internal.settings.BooleanSetting::setValue (27 bytes)
4507 7322       3       java.util.concurrent.atomic.AtomicLong::incrementAndGet (14 bytes)
4507 7323       3       jdk.jfr.internal.periodic.PeriodicEvents::setChanged (8 bytes)
4507 7324       1       jdk.jfr.internal.Control::getDefaultValue (5 bytes)
4508 7325     n 0       java.lang.invoke.MethodHandle::linkToSpecial(LIJLLILL)V (native)   (static)
4508 7327       3       jdk.internal.classfile.impl.DirectCodeBuilder::buildContent (145 bytes)
4508 7328     n 0       java.lang.invoke.MethodHandle::linkToStatic(LIL)I (native)   (static)
4508 7329     n 0       java.lang.invoke.MethodHandle::invokeBasic(LI)I (native)   
4509 7330     n 0       java.lang.invoke.MethodHandle::linkToSpecial(LLIL)I (native)   (static)
4509 7326       1       java.lang.invoke.LambdaForm$BasicType::basicTypeClass (5 bytes)
4509 7331       3       java.lang.invoke.LambdaForm::argument (27 bytes)
4509 7332       4       java.lang.Math::max (11 bytes)
4509 7334       3       jdk.internal.classfile.impl.TerminalCodeBuilder::setupTopLocal (93 bytes)
4509  413       3       java.lang.Math::max (11 bytes)   made not entrant: not used
4509 7333       3       jdk.internal.classfile.impl.BufWriterImpl::<init> (11 bytes)
4509 7335       4       jdk.internal.classfile.impl.SplitConstantPool::findEntry (130 bytes)
4509 7336       3       jdk.internal.constant.MethodTypeDescImpl::buildDescriptorString (205 bytes)
4510 7341     n 0       java.lang.invoke.MethodHandle::linkToStatic(LLLIL)L (native)   (static)
4510 7344     n 0       java.lang.invoke.MethodHandle::invokeBasic(LLLI)L (native)   
4510 7345     n 0       java.lang.invoke.MethodHandle::linkToStatic(LIL)J (native)   (static)
4510 7340       3       java.lang.StringLatin1::replace (197 bytes)
4510 7347     n 0       java.lang.invoke.MethodHandle::invokeBasic(LI)J (native)   
4511 7349     n 0       java.lang.invoke.MethodHandle::linkToSpecial(LLIL)J (native)   (static)
4511 7338       3       jdk.internal.classfile.impl.StackMapGenerator::processMethod (258 bytes)
4511 7353     n 0       java.lang.invoke.MethodHandle::invokeBasic(IJLLIL)L (native)   
4511 7354     n 0       java.lang.invoke.MethodHandle::linkToSpecial(LIJLLILL)L (native)   (static)
4511 7346       3       java.lang.invoke.MemberName::ensureTypeVisible (180 bytes)
4512 7342       1       java.lang.invoke.LambdaForm$Name::type (5 bytes)
4512 7348       3       jdk.internal.util.ReferencedKeyMap::internKey (57 bytes)
4512 7351       1       jdk.internal.classfile.impl.AnnotationImpl::elements (5 bytes)
4512 7356       3       java.lang.invoke.InvokerBytecodeGenerator::classDesc (88 bytes)
4512 7357     n 0       java.lang.invoke.MethodHandle::linkToStatic(LLLLLLLL)L (native)   (static)
4512 7359     n 0       java.lang.invoke.MethodHandle::invokeBasic(LLLLLLL)L (native)   
4512 7355       3       java.lang.classfile.ClassBuilder::withMethod (34 bytes)
4513 7339       3       jdk.internal.classfile.impl.AbstractPoolEntry$Utf8EntryImpl::length (19 bytes)
4513 7358       3       java.lang.invoke.MethodType::parameterSlotCount (8 bytes)
4513 7360       3       jdk.internal.classfile.impl.DirectCodeBuilder::loadLocal (126 bytes)
4513 7362     n 0       java.lang.invoke.MethodHandle::linkToStatic(LLLLLLLLL)L (native)   (static)
4513 7363       3       java.lang.invoke.InvokerBytecodeGenerator::emitImplicitConversion (166 bytes)
4513 7365     n 0       java.lang.invoke.MethodHandle::invokeBasic(L)J (native)   
4513 7366     n 0       java.lang.invoke.MethodHandle::linkToSpecial(LLL)J (native)   (static)
4514 7370     n 0       java.lang.invoke.MethodHandle::invokeBasic(LLLLLLLL)L (native)   
4514 7364       3       java.lang.invoke.LambdaForm::prepare (92 bytes)
4514 7368       3       jdk.internal.classfile.impl.StackMapGenerator::of (80 bytes)
4514 7369       3       jdk.internal.classfile.impl.StackMapGenerator::<init> (137 bytes)
4514 7375     n 0       java.lang.invoke.MethodHandle::linkToStatic(LLLLLLLLLL)L (native)   (static)
4515 7367       3       java.lang.classfile.constantpool.LoadableConstantEntry::typeKind (4 bytes)
4515 7376       3       jdk.internal.classfile.impl.AbstractPoolEntry$Utf8EntryImpl::clone (65 bytes)
4515 7361       1       java.lang.constant.ClassDesc::isArray (2 bytes)
4515 7380     n 0       java.lang.invoke.MethodHandle::invokeBasic(LLLLLLLLL)L (native)   
4515 7373       3       java.lang.String::endsWith (15 bytes)
4515 7381       3       java.lang.invoke.LambdaForm$BasicType::basicTypeSlots (8 bytes)
4515 7382       3       sun.invoke.util.Wrapper::stackSlots (9 bytes)
4515 7379       3       java.lang.invoke.LambdaForm::internArgument (85 bytes)
4515 7374       1       java.lang.invoke.LambdaForm$BasicType::basicTypeWrapper (5 bytes)
4515 7371       3       jdk.internal.classfile.impl.DirectClassBuilder::withField (54 bytes)
4515  497       3       jdk.internal.classfile.impl.SplitConstantPool::findEntry (130 bytes)   made not entrant: not used
4516 7372       4       jdk.internal.classfile.impl.SplitConstantPool::utf8Entry (45 bytes)
4516 7384     n 0       java.lang.invoke.MethodHandle::linkToStatic(LIL)L (native)   (static)
4516 7383   !   3       java.lang.invoke.MemberName$Factory::resolve (159 bytes)
4516 7388     n 0       java.lang.invoke.MethodHandle::invokeBasic(LI)L (native)   
4516 7389     n 0       java.lang.invoke.MethodHandle::linkToSpecial(LLIL)L (native)   (static)
4516 7385       3       java.lang.String::concat (15 bytes)
4516 7391     n 0       java.lang.invoke.MethodHandle::linkToStatic(LILL)V (native)   (static)
4516 7392     n 0       java.lang.invoke.MethodHandle::invokeBasic(LIL)V (native)   
4516 7393     n 0       java.lang.invoke.MethodHandle::linkToSpecial(LLILL)V (native)   (static)
4516 7390       3       java.lang.invoke.LambdaForm$NamedFunction::returnType (11 bytes)
4516 7386       3       java.lang.StringConcatHelper::doConcat (62 bytes)
4517 7394       3       java.util.Arrays::fill (28 bytes)
4517 7395       3       java.lang.invoke.LambdaForm$Name::replaceNames (175 bytes)
4517 7387       3       java.lang.StringConcatHelper::checkOverflow (16 bytes)
